 -1.00000000000000000000e+00	 6.58955027963035914774e-08	 6.29670281443612872809e-08	 6.59463417972020848752e-08	 1.03365226152606878894e-04	 1.03430947236557465425e-04	 9.85082074001092931111e-05	 0.00000000000000000000e+00	 7.20106938978620856467e-05	 8.05325118106199616544e-05	 1.03334983229752197455e-04	 1.52651903657203309708e-07	 1.58953714245896553059e-07	 1.58953714245896553059e-07	 1.58953714245896553059e-07	 
 -9.79999999999999982236e-01	 6.76814106228090860602e-08	 6.46764844998714364532e-08	 6.77306620803242180265e-08	 1.06098296834539383379e-04	 1.06165863781889613349e-04	 1.01132806104024344806e-04	 0.00000000000000000000e+00	 7.40466094346526882948e-05	 8.28099559767049418378e-05	 1.06065287755423623677e-04	 1.56655874745154752123e-07	 1.63248808637835793856e-07	 1.63248808637835793856e-07	 1.63248808637835793856e-07	 
 -9.59999999999999964473e-01	 6.95028342346706141071e-08	 6.64200005958418279507e-08	 6.95504199507963447550e-08	 1.08884387241419184245e-04	 1.08953845222255316268e-04	 1.03808726198234446583e-04	 0.00000000000000000000e+00	 7.61248776747733312594e-05	 8.51347514272787731730e-05	 1.08848524514804228538e-04	 1.60736849291487860079e-07	 1.67629054825419851816e-07	 1.67629054825419851816e-07	 1.67629054825419851816e-07	 
 -9.39999999999999946709e-01	 7.13596108341703944414e-08	 6.81974243251650309653e-08	 7.14054685285957548143e-08	 1.11723199038996683845e-04	 1.11794597118039333843e-04	 1.06535698692301493331e-04	 0.00000000000000000000e+00	 7.82456159474525820164e-05	 8.75069827601147545324e-05	 1.11684401324245330552e-04	 1.64894341593051613792e-07	 1.72094023971353517825e-07	 1.72094023971353517825e-07	 1.72094023971353517825e-07	 
 -9.19999999999999928946e-01	 7.32515028465899422233e-08	 7.00085286107694882787e-08	 7.32955924916847313005e-08	 1.14614318249763806178e-04	 1.14687707713893803619e-04	 1.09313341490226031928e-04	 0.00000000000000000000e+00	 8.04088925817778780829e-05	 8.99266688610136731953e-05	 1.14572512444477964794e-04	 1.69127693314798102958e-07	 1.76643094938495828701e-07	 1.76643094938495828701e-07	 1.76643094938495828701e-07	 
 -9.00000000000000022204e-01	 7.51781852076608300727e-08	 7.18530018537222760485e-08	 7.52204953375936931906e-08	 1.17557202835022269502e-04	 1.17632637407124262217e-04	 1.12141148091267258682e-04	 0.00000000000000000000e+00	 8.26147218279090010239e-05	 9.23937558331322283988e-05	 1.17512326671520098164e-04	 1.73436053544084307083e-07	 1.81275429472962744614e-07	 1.81275429472962744614e-07	 1.81275429472962744614e-07	 
 -8.80000000000000115463e-01	 7.71392680679035140451e-08	 7.37304466502566742059e-08	 7.71797831989634473581e-08	 1.20551182466561870952e-04	 1.20628717503653887146e-04	 1.15018488899262886485e-04	 0.00000000000000000000e+00	 8.48630610203020827650e-05	 9.49081228439411622158e-05	 1.20503185254641930120e-04	 1.77818373170883193827e-07	 1.85989969626843483326e-07	 1.85989969626843483326e-07	 1.85989969626843483326e-07	 
 -8.59999999999999986677e-01	 7.91342805109131170592e-08	 7.56403700736740520943e-08	 7.91729602314217931298e-08	 1.23595444741042223297e-04	 1.23675136728462574517e-04	 1.17944597111726729734e-04	 0.00000000000000000000e+00	 8.71538071572630217458e-05	 9.74695736459930777134e-05	 1.23544289162029290435e-04	 1.82273385205351227328e-07	 1.90785412557308460739e-07	 1.90785412557308460739e-07	 1.90785412557308460739e-07	 
 -8.40000000000000079936e-01	 8.11626513891487882597e-08	 7.75821722193385213133e-08	 8.11994234149277023588e-08	 1.26689019356177880963e-04	 1.26770925724871928991e-04	 1.20918552511694419476e-04	 0.00000000000000000000e+00	 8.94867920324791293104e-05	 1.00077825623367982805e-04	 1.26634684606189752438e-04	 1.86799581539602174187e-07	 1.95660181066769107020e-07	 1.95660181066769107020e-07	 1.95660181066769107020e-07	 
 -8.20000000000000062172e-01	 8.32236491813001383070e-08	 7.95551485445382192689e-08	 8.32584498365452807735e-08	 1.29830789523857962047e-04	 1.29914960852599081298e-04	 1.23939283640877787171e-04	 0.00000000000000000000e+00	 9.18617742801885691674e-05	 1.02732499474792477053e-04	 1.29773262194210915049e-04	 1.91395214197666847460e-07	 2.00612432740539520257e-07	 2.00612432740539520257e-07	 2.00612432740539520257e-07	 
 -8.00000000000000044409e-01	 8.53163873797635115574e-08	 8.15584768349165522228e-08	 8.53491879807955652815e-08	 1.33019472459902426617e-04	 1.33105946627648833672e-04	 1.27005550882466319894e-04	 0.00000000000000000000e+00	 9.42784364943748457149e-05	 1.05433113995160687541e-04	 1.32958741292699611156e-04	 1.96058268981444172417e-07	 2.05640025698731049037e-07	 2.05640025698731049037e-07	 2.05640025698731049037e-07	 
 -7.80000000000000026645e-01	 8.74398305421548062060e-08	 8.35912019428321867425e-08	 8.74706475368867178553e-08	 1.36253597057248691414e-04	 1.36342395606307414122e-04	 1.30115927146778605043e-04	 0.00000000000000000000e+00	 9.67363802759548668808e-05	 1.08179078319017607816e-04	 1.36189652282372016196e-04	 2.00786434470085122311e-07	 2.10740478842737570329e-07	 2.10740478842737570329e-07	 2.10740478842737570329e-07	 
 -7.60000000000000008882e-01	 8.95928418758098386997e-08	 8.56522440040715185983e-08	 8.96216943974282378502e-08	 1.39531518377413534015e-04	 1.39622644286893122937e-04	 1.33268824966569664940e-04	 0.00000000000000000000e+00	 9.92351263934472164292e-05	 1.10969685698208514425e-04	 1.39464344487903702755e-04	 2.05577118896599508455e-07	 2.15910994076827461570e-07	 2.15910994076827461570e-07	 2.15910994076827461570e-07	 
 -7.39999999999999991118e-01	 9.17741526202562543795e-08	 8.77403811461830330449e-08	 9.18010360525083011515e-08	 1.42851395011355756116e-04	 1.42944829294136798717e-04	 1.36462469746511310753e-04	 0.00000000000000000000e+00	 1.01774108175770890529e-04	 1.13804104538374372866e-04	 1.42780965060940000363e-04	 2.10427413972282357396e-07	 2.21148412033510107393e-07	 2.21148412033510107393e-07	 2.21148412033510107393e-07	 
 -7.19999999999999973355e-01	 9.39823260531739015667e-08	 8.98542294284734579918e-08	 9.40072043774763036615e-08	 1.46211163396069203585e-04	 1.46306860197778070562e-04	 1.39694869186717820185e-04	 0.00000000000000000000e+00	 1.04352661486780044320e-04	 1.16681365359933445565e-04	 1.46137435002714825534e-04	 2.15334052704372473081e-07	 2.26449161141677159411e-07	 2.26449161141677159411e-07	 2.26449161141677159411e-07	 
 -6.99999999999999955591e-01	 9.62158036693736954567e-08	 9.19922521532419930719e-08	 9.62386487351920132604e-08	 1.49608563444934285994e-04	 1.49706447951204388563e-04	 1.42963819276613151015e-04	 0.00000000000000000000e+00	 1.06970027238747824867e-04	 1.19600370521525590953e-04	 1.49531475207823587184e-04	 2.20293440382838173584e-07	 2.31809277006352012889e-07	 2.31809277006352012889e-07	 2.31809277006352012889e-07	 
 -6.79999999999999937828e-01	 9.84728739069783956526e-08	 9.41527393265894104718e-08	 9.84936901412510907046e-08	 1.53041110242093557825e-04	 1.53141074809896399157e-04	 1.46266881412923888074e-04	 0.00000000000000000000e+00	 1.09625342351333908550e-04	 1.22559877558655439629e-04	 1.52960577101323000251e-04	 2.25301608526434069228e-07	 2.37224351719165710434e-07	 2.37224351719165710434e-07	 2.37224351719165710434e-07	 
 -6.60000000000000031086e-01	 1.00751635842566860764e-07	 9.63337840717003909069e-08	 1.00770467465373991443e-07	 1.56506061996010127592e-04	 1.56607960143848040516e-04	 1.49601356775429830378e-04	 0.00000000000000000000e+00	 1.12317626119730270022e-04	 1.25558476599618907719e-04	 1.56421969279331912533e-04	 2.30354161721296545236e-07	 2.42689476122672039301e-07	 2.42689476122672039301e-07	 2.42689476122672039301e-07	 
 -6.40000000000000013323e-01	 1.03049947578709392893e-07	 9.85333090008948329093e-08	 1.03066908002894155572e-07	 1.60000443120188857136e-04	 1.60104112440063252364e-04	 1.52964328044019528142e-04	 0.00000000000000000000e+00	 1.15045773692390760441e-04	 1.28594584102737608628e-04	 1.59912656550924856327e-04	 2.35446332464921445267e-07	 2.48199312044615982906e-07	 2.48199312044615982906e-07	 2.48199312044615982906e-07	 
 -6.19999999999999884537e-01	 1.05365421320265046015e-07	 1.00749037212090710097e-07	 1.05380718104527523704e-07	 1.63521014122218661963e-04	 1.63626289934569945587e-04	 1.56352622445077424265e-04	 0.00000000000000000000e+00	 1.17808546718172911429e-04	 1.31666426652545551050e-04	 1.63429384058890901296e-04	 2.40572921684420300803e-07	 2.53748017464946614265e-07	 2.53748017464946614265e-07	 2.53748017464946614265e-07	 
 -5.99999999999999977796e-01	 1.07695418508550713485e-07	 1.02978459125900007480e-07	 1.07709373263476935306e-07	 1.67064237708352701563e-04	 1.67170955744550355816e-04	 1.59762769784073811307e-04	 0.00000000000000000000e+00	 1.20604558027234568061e-04	 1.34772017845437628138e-04	 1.66968596563027362085e-04	 2.45728230630195056166e-07	 2.59329161301253574776e-07	 2.59329161301253574776e-07	 2.59329161301253574776e-07	 
 -5.79999999999999849010e-01	 1.10037125538874947581e-07	 1.05218877121930777782e-07	 1.10050145396431317312e-07	 1.70626319918651116149e-04	 1.70734321415146202659e-04	 1.63191050467600371225e-04	 0.00000000000000000000e+00	 1.23432254673850130573e-04	 1.37909160287788708481e-04	 1.70526505777917974059e-04	 2.50906150792972629538e-07	 2.64935842882645329241e-07	 2.64935842882645329241e-07	 2.64935842882645329241e-07	 
 -5.60000000000000053291e-01	 1.12387504118164551415e-07	 1.07467367734535867714e-07	 1.12400070854762165695e-07	 1.74203171214348822736e-04	 1.74312308073074979020e-04	 1.66633453921517007404e-04	 0.00000000000000000000e+00	 1.26289906360726702150e-04	 1.41075420265168721820e-04	 1.74099043466550062673e-04	 2.56100087152788883228e-07	 2.70560595250090285840e-07	 2.70560595250090285840e-07	 2.70560595250090285840e-07	 
 -5.40000000000000035527e-01	 1.14743234272921757010e-07	 1.09720738528886071404e-07	 1.14755914161466255512e-07	 1.77790362315046498835e-04	 1.77900502244360129208e-04	 1.70085631289487531313e-04	 0.00000000000000000000e+00	 1.29175585339462835549e-04	 1.44268092819408973518e-04	 1.77681807758606051008e-04	 2.61302870658693714489e-07	 2.76195275036679290284e-07	 2.76195275036679290284e-07	 2.76195275036679290284e-07	 
 -5.20000000000000017764e-01	 1.17100846439470188365e-07	 1.11975592898665334692e-07	 1.17114168903174277413e-07	 1.81383212760336497149e-04	 1.81494236157432863596e-04	 1.73543000085401509210e-04	 0.00000000000000000000e+00	 1.32087190431481535120e-04	 1.47484230517211709456e-04	 1.81270119257635048664e-04	 2.66506887440146912537e-07	 2.81831236197133273311e-07	 2.81831236197133273311e-07	 2.81831236197133273311e-07	 
 -5.00000000000000000000e-01	 1.19456652814049951288e-07	 1.14228282857635363960e-07	 1.19471028871296914640e-07	 1.84976734242416919734e-04	 1.85088534704194929885e-04	 1.77000682486323551636e-04	 0.00000000000000000000e+00	 1.35022415857549509498e-04	 1.50720601419598713468e-04	 1.84858975175686577946e-04	 2.71703983086097114046e-07	 2.87459209593428897763e-07	 2.87459209593428897763e-07	 2.87459209593428897763e-07	 
 -4.79999999999999926725e-01	 1.21806667652524652042e-07	 1.16474854988018737984e-07	 1.21822355836423920376e-07	 1.88565565109990643635e-04	 1.88678054030386025720e-04	 1.80453433694276687248e-04	 0.00000000000000000000e+00	 1.37978707185079240045e-04	 1.53973634236199215415e-04	 1.88442996570695875521e-04	 2.76885353357981445988e-07	 2.93069164887497618291e-07	 2.93069164887497618291e-07	 2.93069164887497618291e-07	 
 -4.59999999999999964473e-01	 1.24146797602297611486e-07	 1.18711157197602209059e-07	 1.24163895718544073254e-07	 1.92144066480263265651e-04	 1.92257210313360028895e-04	 1.83895757146569155871e-04	 0.00000000000000000000e+00	 1.40953291010280086330e-04	 1.57239511800047210982e-04	 1.92016585522933807629e-04	 2.82041776243613544525e-07	 2.98650583862606218451e-07	 2.98650583862606218451e-07	 2.98650583862606218451e-07	 
 -4.40000000000000002220e-01	 1.26472755568498982171e-07	 1.20932775486810341675e-07	 1.26491177859819992598e-07	 1.95706260661428232440e-04	 1.95820109439855268539e-04	 1.87321838100373204384e-04	 0.00000000000000000000e+00	 1.43943133003277689988e-04	 1.60514099451183265806e-04	 1.95573844705222889143e-04	 2.87163477587501521270e-07	 3.04192302913868146866e-07	 3.04192302913868146866e-07	 3.04192302913868146866e-07	 
 -4.19999999999999984457e-01	 1.28779957283371373787e-07	 1.23134960448296618671e-07	 1.28799397629982367456e-07	 1.99245758665389971660e-04	 1.99360463533686900137e-04	 1.90725464725431003614e-04	 0.00000000000000000000e+00	 1.46944880391667399627e-04	 1.63792857106631823197e-04	 1.99108482186609276688e-04	 2.92239975577800391899e-07	 3.09682328878835783869e-07	 3.09682328878835783869e-07	 3.09682328878835783869e-07	 
 -3.99999999999999911182e-01	 1.31063421400892229162e-07	 1.25312763098234850286e-07	 1.31083382747300024903e-07	 2.02755980717969717247e-04	 2.02871692127960768452e-04	 1.94100108625137342646e-04	 0.00000000000000000000e+00	 1.49954925111540291740e-04	 1.67070844960441822679e-04	 2.02613937683320129678e-04	 2.97260375120415408190e-07	 3.15108174442824021446e-07	 3.15108174442824021446e-07	 3.15108174442824021446e-07	 
 -3.80000000000000004441e-01	 1.33317776493605417042e-07	 1.27460960339264375608e-07	 1.33337571312688172960e-07	 2.06230052644012368246e-04	 2.06346858682272306113e-04	 1.97438866766777088631e-04	 0.00000000000000000000e+00	 1.52969339508535439849e-04	 1.70342666074002678338e-04	 2.06083311219781091690e-04	 3.02213209108333447464e-07	 3.20456677066793962687e-07	 3.20456677066793962687e-07	 3.20456677066793962687e-07	 
 -3.59999999999999931166e-01	 1.35537267739626860420e-07	 1.29573966168923411925e-07	 1.35555986078506377032e-07	 2.09660680253922928999e-04	 2.09778592408903599188e-04	 2.00734389945865114363e-04	 0.00000000000000000000e+00	 1.55983793042543283274e-04	 1.73602394514042035869e-04	 2.09509275429642583466e-04	 3.07086250633891116531e-07	 3.25713780802865178707e-07	 3.25713780802865178707e-07	 3.25713780802865178707e-07	 
 -3.39999999999999968914e-01	 1.37715987992707572371e-07	 1.31646017246986782293e-07	 1.37732474824706168897e-07	 2.13040325680895100942e-04	 2.13159307881637431151e-04	 2.03979098761654690456e-04	 0.00000000000000000000e+00	 1.58993601577210504896e-04	 1.76843788889360101430e-04	 2.12884259831081092780e-04	 3.11866926248957401497e-07	 3.30864996659974194962e-07	 3.30864996659974194962e-07	 3.30864996659974194962e-07	 
 -3.20000000000000006661e-01	 1.39847767367558801520e-07	 1.33671080744456574436e-07	 1.39860591327386369749e-07	 2.16361118568279852704e-04	 2.16481099532837432996e-04	 2.07165077028213627389e-04	 0.00000000000000000000e+00	 1.61993651688308818587e-04	 1.80060152102996302468e-04	 2.16200357811667851328e-04	 3.16542115250932607424e-07	 3.35895178455270589004e-07	 3.35895178455270589004e-07	 3.35895178455270589004e-07	 
 -2.99999999999999933387e-01	 1.41926039526880942110e-07	 1.35642740487051676046e-07	 1.41933453842602442095e-07	 2.19614741682015067936e-04	 2.19735608699692276788e-04	 2.10283938177935233712e-04	 0.00000000000000000000e+00	 1.64978304094794624938e-04	 1.83244167725606511409e-04	 2.19449208165099584169e-04	 3.21097903985818395590e-07	 3.40788241343163587834e-07	 3.40788241343163587834e-07	 3.40788241343163587834e-07	 
 -2.80000000000000026645e-01	 1.43944125264204622869e-07	 1.37554501355164865045e-07	 1.43944326388746670872e-07	 2.22792677531218118268e-04	 2.22914310390051498105e-04	 2.13327098429437478355e-04	 0.00000000000000000000e+00	 1.67941539656815013760e-04	 1.86388134501609778904e-04	 2.22622367379808903986e-04	 3.25520255931924909734e-07	 3.45527919816077988657e-07	 3.45527919816077988657e-07	 3.45527919816077988657e-07	 
 -2.59999999999999953371e-01	 1.45895105869974683273e-07	 1.39399658352989619649e-07	 1.45886389163920193376e-07	 2.25886094662939120644e-04	 2.26008385336059239258e-04	 2.16285650501102697614e-04	 0.00000000000000000000e+00	 1.70876833109351289851e-04	 1.89483804093027515415e-04	 2.25711153762456944241e-04	 3.29794727160910304806e-07	 3.50097447682228018214e-07	 3.50097447682228018214e-07	 3.50097447682228018214e-07	 
 -2.39999999999999907851e-01	 1.47771661747321521549e-07	 1.41171127876514535902e-07	 1.47752454056303250400e-07	 2.28885694752046489533e-04	 2.29008550550550678358e-04	 2.19150197230610845230e-04	 0.00000000000000000000e+00	 1.73777001126922136815e-04	 1.92522196027438541712e-04	 2.28706443903299740496e-04	 3.33906103080007451999e-07	 3.54479138058387812399e-07	 3.54479138058387812399e-07	 3.54479138058387812399e-07	 
 -2.19999999999999945599e-01	 1.49566589152833009968e-07	 1.42861844783256781650e-07	 1.49535298207646438787e-07	 2.31782060487596659271e-04	 2.31905445079692200741e-04	 2.21911270280921352248e-04	 0.00000000000000000000e+00	 1.76634383842011157472e-04	 1.95493952611974742498e-04	 2.31598893298156380347e-04	 3.37839254830031996877e-07	 3.58655371502587211275e-07	 3.58655371502587211275e-07	 3.58655371502587211275e-07	 
 -1.99999999999999983347e-01	 1.51272599250169045457e-07	 1.44464605513556750945e-07	 1.51227532202712380560e-07	 2.34565508551359607967e-04	 2.34689471095958577650e-04	 2.24559156505519606209e-04	 0.00000000000000000000e+00	 1.79440685521954634840e-04	 1.98389120463013873081e-04	 2.34378836476219356384e-04	 3.41578803106330498637e-07	 3.62608213170058082114e-07	 3.62608213170058082114e-07	 3.62608213170058082114e-07	 
 -1.79999999999999993339e-01	 1.52882050901426916441e-07	 1.45971851451957372259e-07	 1.52821409647094992775e-07	 2.37225882228834291255e-04	 2.37350571343442415121e-04	 2.27083659195873580798e-04	 0.00000000000000000000e+00	 1.82186788673269331245e-04	 2.01196905544307022735e-04	 2.37036133417517524448e-04	 3.45108658083233957549e-07	 3.66318872089393367459e-07	 3.66318872089393367459e-07	 3.66318872089393367459e-07	 
 -1.59999999999999920064e-01	 1.54386967574689438851e-07	 1.47376152956367964491e-07	 1.54309560759411917251e-07	 2.39753139911572988631e-04	 2.39878772066091109022e-04	 2.29474628060044420763e-04	 0.00000000000000000000e+00	 1.84863231172724580553e-04	 2.03906310152123394080e-04	 2.39560734650354022592e-04	 3.48413020518449998247e-07	 3.69768896246334519280e-07	 3.69768896246334519280e-07	 3.69768896246334519280e-07	 
 -1.39999999999999902300e-01	 1.55779020734509544832e-07	 1.48670032712637542313e-07	 1.55684730808191702943e-07	 2.42137131426087422962e-04	 2.42263977598342603904e-04	 2.31721755537411361033e-04	 0.00000000000000000000e+00	 1.87459927365120007517e-04	 2.06505806577054063910e-04	 2.41942464948994136404e-04	 3.51476016816888495832e-07	 3.72939745551034826544e-07	 3.72939745551034826544e-07	 3.72939745551034826544e-07	 
 -1.20000000000000009437e-01	 1.57049458537971839702e-07	 1.49845697889550973659e-07	 1.56939401869690124428e-07	 2.44367273690240880812e-04	 2.44495665740112298747e-04	 2.33814274993721310861e-04	 0.00000000000000000000e+00	 1.89965855401110460254e-04	 2.08982972253466374327e-04	 2.44170709022426316546e-04	 3.54281147832929052939e-07	 3.75812125426388928422e-07	 3.75812125426388928422e-07	 3.75812125426388928422e-07	 
 -1.00000000000000005551e-01	 1.58190441764695019167e-07	 1.50895640391451559427e-07	 1.58065896787503207679e-07	 2.46433227672656338970e-04	 2.46563504143988319276e-04	 2.35741559338126032645e-04	 0.00000000000000000000e+00	 1.92369900850275412502e-04	 2.11325511044238855156e-04	 2.46235154336976768460e-04	 3.56812560921006556943e-07	 3.78367478256645506471e-07	 3.78367478256645506471e-07	 3.78367478256645506471e-07	 
 -8.00000000000000155431e-02	 1.59194561525040055441e-07	 1.51812434907058329956e-07	 1.59056366825487945449e-07	 2.48324660859459457607e-04	 2.48457135076105895856e-04	 2.37492908239139640129e-04	 0.00000000000000000000e+00	 1.94660439754029180887e-04	 2.13520791168961266131e-04	 2.48125528642553804578e-04	 3.59054620976917673585e-07	 3.80587492412097360984e-07	 3.80587492412097360984e-07	 3.80587492412097360984e-07	 
 -5.99999999999999630851e-02	 1.60054179120357716489e-07	 1.52588399233416744580e-07	 1.59902669245479005167e-07	 2.50030863207698994619e-04	 2.50165817794892461276e-04	 2.39057194965254022527e-04	 0.00000000000000000000e+00	 1.96824879159526332142e-04	 2.15555320075116156478e-04	 2.49831187832774183084e-04	 3.60991197859876249349e-07	 3.82453251129757904438e-07	 3.82453251129757904438e-07	 3.82453251129757904438e-07	 
 -3.99999999999999383826e-02	 1.60761917931411468231e-07	 1.53216412620560132780e-07	 1.60597279068465221443e-07	 2.51541335271813820598e-04	 2.51679093639816319709e-04	 2.40423741114919296575e-04	 0.00000000000000000000e+00	 1.98850798758112504031e-04	 2.17416007972406406150e-04	 2.51341734673036359959e-04	 3.62607490015459664585e-07	 3.83947241487135468180e-07	 3.83947241487135468180e-07	 3.83947241487135468180e-07	 
 -2.00000000000000281719e-02	 1.61310532225324929310e-07	 1.53689657177695913572e-07	 1.61132989629028031840e-07	 2.52845607640160921232e-04	 2.52986576173552519912e-04	 2.41582025615445913566e-04	 0.00000000000000000000e+00	 2.00725427212612250825e-04	 2.19089629972594221018e-04	 2.52646828035403732404e-04	 3.63889442357657278523e-07	 3.85052733424043736332e-07	 3.85052733424043736332e-07	 3.85052733424043736332e-07	 
 -4.82163733276643543166e-17	 1.61692583744016390056e-07	 1.54001148546551620274e-07	 1.61502403794116408761e-07	 2.53932867080665033727e-04	 2.54077543856178476086e-04	 2.42521180416994187922e-04	 0.00000000000000000000e+00	 2.02435062375080600727e-04	 2.20562189803833125570e-04	 2.53735795752794166067e-04	 3.64822720620064355091e-07	 3.85752613491713821631e-07	 3.85752613491713821631e-07	 3.85752613491713821631e-07	 
 2.00000000000001253164e-02	 1.61901894342648493221e-07	 1.54144672712751103073e-07	 1.61699149552066225794e-07	 2.54793145007540979951e-04	 2.54942087376659482639e-04	 2.43231117739429807904e-04	 0.00000000000000000000e+00	 2.03966266951571882724e-04	 2.21820603570752771959e-04	 2.54598669188496747832e-04	 3.65394714412855470860e-07	 3.86031668238197191105e-07	 3.86031668238197191105e-07	 3.86031668238197191105e-07	 
 4.00000000000001187939e-02	 1.61933076207273180103e-07	 1.54114515591669495539e-07	 1.61717500780756171409e-07	 2.55416940450903305442e-04	 2.55570749502896752293e-04	 2.43702179372974581887e-04	 0.00000000000000000000e+00	 2.05305332869966562651e-04	 2.22852028835453502137e-04	 2.55225865829745881923e-04	 3.65593959959870965509e-07	 3.85875942820321824664e-07	 3.85875942820321824664e-07	 3.85875942820321824664e-07	 
 6.00000000000000255351e-02	 1.61780718639494596169e-07	 1.53904890404004274333e-07	 1.61551676112798536101e-07	 2.55794538169464122541e-04	 2.55953861738724168171e-04	 2.43924473497755291140e-04	 0.00000000000000000000e+00	 2.06437671640944889065e-04	 2.23643023468984473252e-04	 2.55607577214268712890e-04	 3.65408929312416582069e-07	 3.85271324138647216705e-07	 3.85271324138647216705e-07	 3.85271324138647216705e-07	 
 7.99999999999999322764e-02	 1.61440148001866148471e-07	 1.53510954544091106636e-07	 1.61196169578128428843e-07	 2.55917257581491004205e-04	 2.56082683304716986206e-04	 2.43888781599460276791e-04	 0.00000000000000000000e+00	 2.07349891591969209478e-04	 2.24181473351207433608e-04	 2.55735220211484128895e-04	 3.64830127693852758808e-07	 3.84206072345610263484e-07	 3.84206072345610263484e-07	 3.84206072345610263484e-07	 
 9.99999999999999500400e-02	 1.60907282039335088463e-07	 1.52928546919680686725e-07	 1.60645762312571997182e-07	 2.55777099930518992971e-04	 2.55949090862747500371e-04	 2.43586338087473336204e-04	 0.00000000000000000000e+00	 2.08028943765395282327e-04	 2.24455863130158578180e-04	 2.55601002745127741517e-04	 3.63849564595338932368e-07	 3.82670180528533354748e-07	 3.82670180528533354748e-07	 3.82670180528533354748e-07	 
 1.20000000000000023315e-01	 1.60178065727488425537e-07	 1.52153509907860440672e-07	 1.59895170309352153420e-07	 2.55365974180716637319e-04	 2.55544856536692936537e-04	 2.43008204729401307374e-04	 0.00000000000000000000e+00	 2.08461115030361329985e-04	 2.24454274335419442067e-04	 2.55197057880168786965e-04	 3.62459360139241984882e-07	 3.80653670007722805492e-07	 3.80653670007722805492e-07	 3.80653670007722805492e-07	 
 1.40000000000000041078e-01	 1.59248576169656777804e-07	 1.51183002223138063456e-07	 1.58941234690671428282e-07	 2.54677177846015666187e-04	 2.54863199480434533210e-04	 2.42147252758924397395e-04	 0.00000000000000000000e+00	 2.08634610303825863411e-04	 2.24166962795865177356e-04	 2.54516671232634999686e-04	 3.60654566995901988535e-07	 3.78149842179100872182e-07	 3.78149842179100872182e-07	 3.78149842179100872182e-07	 
 1.59999999999999975575e-01	 1.58115176745012897610e-07	 1.50015159405236024975e-07	 1.57782211258088054542e-07	 2.53705003790521456137e-04	 2.53898360630893326316e-04	 2.40997555737765847784e-04	 0.00000000000000000000e+00	 2.08538529068932139334e-04	 2.23585414606691394506e-04	 2.53553992529565808481e-04	 3.58432441859462495334e-07	 3.75154455350236935192e-07	 3.75154455350236935192e-07	 3.75154455350236935192e-07	 
 1.79999999999999937828e-01	 1.56774195039379531928e-07	 1.48648180956632697425e-07	 1.56416445356830432025e-07	 2.52443769024679747111e-04	 2.52644601720064835779e-04	 2.39553170236788223095e-04	 0.00000000000000000000e+00	 2.08161572221056320178e-04	 2.22700952670152528502e-04	 2.52303184108027759702e-04	 3.55790516108941940561e-07	 3.71663439403947063001e-07	 3.71663439403947063001e-07	 3.71663439403947063001e-07	 
 2.00000000000000094369e-01	 1.55224529813907898137e-07	 1.47081842438752586992e-07	 1.54843929204924732925e-07	 2.50889874621503330705e-04	 2.51098115615252289855e-04	 2.37809969830644462457e-04	 0.00000000000000000000e+00	 2.07495217003503251967e-04	 2.21507752412512603319e-04	 2.50760270421464996973e-04	 3.52729894469328087093e-07	 3.67676664919966073519e-07	 3.67676664919966073519e-07	 3.67676664919966073519e-07	 
 2.20000000000000001110e-01	 1.53466789210221119451e-07	 1.45317122781539085281e-07	 1.53065923367563370607e-07	 2.49041231229689505756e-04	 2.49256511795385531354e-04	 2.35765163461567608602e-04	 0.00000000000000000000e+00	 2.06532487979685868513e-04	 2.20001771729574717960e-04	 2.48922645685610067524e-04	 3.49254440329982271292e-07	 3.63197030274205630996e-07	 3.63197030274205630996e-07	 3.63197030274205630996e-07	 
 2.39999999999999963363e-01	 1.51501654836901762722e-07	 1.43355067276655420087e-07	 1.51083784196998147169e-07	 2.46895883093715246513e-04	 2.47117517093864457519e-04	 2.33416001402602551248e-04	 0.00000000000000000000e+00	 2.05266269008043470952e-04	 2.18178990651808087488e-04	 2.46787808713267082551e-04	 3.45368351749029675571e-07	 3.58227604463055590603e-07	 3.58227604463055590603e-07	 3.58227604463055590603e-07	 
 2.59999999999999953371e-01	 1.49330752288600009595e-07	 1.41198529700857802773e-07	 1.48898937882017868207e-07	 2.44453740971953986140e-04	 2.44681060767242431614e-04	 2.30762622928057088787e-04	 0.00000000000000000000e+00	 2.03693248562504579738e-04	 2.16038756335320538890e-04	 2.44355392201173584124e-04	 3.41079579393295121285e-07	 3.52775899748613025429e-07	 3.52775899748613025429e-07	 3.52775899748613025429e-07	 
 2.80000000000000082157e-01	 1.46956609823591887557e-07	 1.38851755666479790857e-07	 1.46513242837345763124e-07	 2.41716216521500572778e-04	 2.41948750775629052275e-04	 2.27807201149596907095e-04	 0.00000000000000000000e+00	 2.01812408230712605909e-04	 2.13582636036638100728e-04	 2.41626657255684929287e-04	 3.36399090099469357830e-07	 3.46852881763081692887e-07	 3.46852881763081692887e-07	 3.46852881763081692887e-07	 
 2.99999999999999988898e-01	 1.44381706491375665537e-07	 1.36318971787712204427e-07	 1.43928480991123506240e-07	 2.38684837147517994304e-04	 2.38922319763514603942e-04	 2.24551960301094149283e-04	 0.00000000000000000000e+00	 1.99622762233604759919e-04	 2.10812268988214352502e-04	 2.38602974888238201102e-04	 3.31338065512374170119e-07	 3.40469463567741079566e-07	 3.40469463567741079566e-07	 3.40469463567741079566e-07	 
 3.20000000000000006661e-01	 1.41611044045131673103e-07	 1.33606315849461274806e-07	 1.41149932987981937689e-07	 2.35363277403644478164e-04	 2.35605858413442031734e-04	 2.21001795614910590123e-04	 0.00000000000000000000e+00	 1.97126968905055711219e-04	 2.07732692592241339341e-04	 2.35288538334347288551e-04	 3.25911240274683450501e-07	 3.33641285131941281065e-07	 3.33641285131941281065e-07	 3.33641285131941281065e-07	 
 3.39999999999999968914e-01	 1.38651388920802072187e-07	 1.30721399726776173658e-07	 1.38185157711897102397e-07	 2.31756924544806661159e-04	 2.32005295489649701699e-04	 2.17163600317884467484e-04	 0.00000000000000000000e+00	 1.94330028105703492324e-04	 2.04351279995683779173e-04	 2.31689622151486508250e-04	 3.20136345258785277312e-07	 3.26387656452658979964e-07	 3.26387656452658979964e-07	 3.26387656452658979964e-07	 
 3.59999999999999931166e-01	 1.35509290706909920407e-07	 1.27671615091149069572e-07	 1.35041501806595239235e-07	 2.27871155178195340359e-04	 2.28126564466428260807e-04	 2.13044142735684100378e-04	 0.00000000000000000000e+00	 1.91236903912323121099e-04	 2.00675319838928385100e-04	 2.27812511038492454757e-04	 3.14031003511403552445e-07	 3.18727327423379400742e-07	 3.18727327423379400742e-07	 3.18727327423379400742e-07	 
 3.80000000000000059952e-01	 1.32196277129826884182e-07	 1.24466364336825372417e-07	 1.31729529892377652791e-07	 2.23715100010127521070e-04	 2.23978666927763153715e-04	 2.08652856028291688699e-04	 0.00000000000000000000e+00	 1.87856338344108804916e-04	 1.96715863073655027526e-04	 2.23666484134103354118e-04	 3.07616404075776179148e-07	 3.10683912698688284979e-07	 3.10683912698688284979e-07	 3.10683912698688284979e-07	 
 4.00000000000000077716e-01	 1.28726949142978008881e-07	 1.21116559081562840911e-07	 1.28261967709355312098e-07	 2.19300484066343206709e-04	 2.19572847320153376497e-04	 2.04001170904060150860e-04	 0.00000000000000000000e+00	 1.84199530019217767342e-04	 1.92486510129675060608e-04	 2.19263033426301851437e-04	 3.00916748652585978992e-07	 3.02284724687918193216e-07	 3.02284724687918193216e-07	 3.02284724687918193216e-07	 
 4.19999999999999984457e-01	 1.25115278054599553479e-07	 1.17632559053244842073e-07	 1.24650960472578537127e-07	 2.14638764666895870458e-04	 2.14920087975908685133e-04	 1.99100033407220879242e-04	 0.00000000000000000000e+00	 1.80277343342756063383e-04	 1.88000402330944156896e-04	 2.14613388464467597398e-04	 2.93955618257989248015e-07	 2.93555688810521504178e-07	 2.93555688810521504178e-07	 2.93555688810521504178e-07	 
 4.39999999999999946709e-01	 1.21375410949502326196e-07	 1.14026660030660319656e-07	 1.20910384791205011052e-07	 2.09743698241415452415e-04	 2.10033820047367481227e-04	 1.93964201522643057019e-04	 0.00000000000000000000e+00	 1.76104130495980754295e-04	 1.83274193166361033629e-04	 2.09731136600440297825e-04	 2.86760483373762247993e-07	 2.84527352667588590933e-07	 2.84527352667588590933e-07	 2.84527352667588590933e-07	 
 4.60000000000000131006e-01	 1.17522078099045180644e-07	 1.10312564617311771922e-07	 1.17055464969199993710e-07	 2.04630867507776711663e-04	 2.04929369502239043434e-04	 1.88610956834844861610e-04	 0.00000000000000000000e+00	 1.71696508033811868306e-04	 1.78326899397976179661e-04	 2.04631718385035174307e-04	 2.79361942480602191398e-07	 2.75233675936029693571e-07	 2.75233675936029693571e-07	 2.75233675936029693571e-07	 
 4.80000000000000037748e-01	 1.13568986345994249669e-07	 1.06502961295105618714e-07	 1.13100369409290888253e-07	 1.99315135807199021647e-04	 1.99621352755550903477e-04	 1.83056506534331748896e-04	 0.00000000000000000000e+00	 1.67070225763567330396e-04	 1.73176473558906671201e-04	 1.99329864456175142196e-04	 2.71789271474796513035e-07	 2.65706091632642684245e-07	 2.65706091632642684245e-07	 2.65706091632642684245e-07	 
 5.00000000000000000000e-01	 1.09529488236054977530e-07	 1.02612142374867723474e-07	 1.09060658856159148053e-07	 1.93813853591446965102e-04	 1.94127404722226618505e-04	 1.77320903086816743449e-04	 0.00000000000000000000e+00	 1.62244565249324940127e-04	 1.67843740732765447877e-04	 1.93843269244922114178e-04	 2.64071915913617062271e-07	 2.55979819924592549825e-07	 2.55979819924592549825e-07	 2.55979819924592549825e-07	 
 5.20000000000000128786e-01	 1.05417126180042111199e-07	 9.86555334660766566733e-08	 1.04952960486147321264e-07	 1.88146186498308560847e-04	 1.88467241042675101277e-04	 1.71426607325227917675e-04	 0.00000000000000000000e+00	 1.57240968646332420801e-04	 1.62351429900493843131e-04	 1.88191683845279137928e-04	 2.56240492809035798563e-07	 2.46092809013107809136e-07	 2.46092809013107809136e-07	 2.46092809013107809136e-07	 
 5.40000000000000035527e-01	 1.01243997833478281572e-07	 9.46469885849088442023e-08	 1.00792293704284454284e-07	 1.82329962660845578282e-04	 1.82659228622136522290e-04	 1.65394163924019753148e-04	 0.00000000000000000000e+00	 1.52079256746993408435e-04	 1.56720426293605508312e-04	 1.82393513803923493482e-04	 2.48323715251192880541e-07	 2.36079114900974198189e-07	 2.36079114900974198189e-07	 2.36079114900974198189e-07	 
 5.60000000000000053291e-01	 9.70253640261070448551e-08	 9.06018457736404009296e-08	 9.65936273252344150284e-08	 1.76386167625719350420e-04	 1.76724170414603256761e-04	 1.59247605729882432679e-04	 0.00000000000000000000e+00	 1.46782213752056560178e-04	 1.50974390255849210503e-04	 1.76469225017994912810e-04	 2.40359612472414294391e-07	 2.25976353037385514412e-07	 2.25976353037385514412e-07	 2.25976353037385514412e-07	 
 5.79999999999999849010e-01	 9.27782407380973459584e-08	 8.65363809830896163318e-08	 9.23721652386295277838e-08	 1.70337774291260860655e-04	 1.70684513100069696397e-04	 1.53012995456304305708e-04	 0.00000000000000000000e+00	 1.41374319505030145118e-04	 1.45138642841533834589e-04	 1.70440746959826079036e-04	 2.32391714359699107720e-07	 2.15824417164587095808e-07	 2.15824417164587095808e-07	 2.15824417164587095808e-07	 
 5.99999999999999977796e-01	 8.85174028114827893860e-08	 8.24646637393997950369e-08	 8.81410314783785476954e-08	 1.64205595903169478209e-04	 1.64560589012436193088e-04	 1.46713448025682122004e-04	 0.00000000000000000000e+00	 1.35877529782030975498e-04	 1.39235728881741751021e-04	 1.64327929287214020765e-04	 2.24460202935820162771e-07	 2.05657749807542991158e-07	 2.05657749807542991158e-07	 2.05657749807542991158e-07	 
 6.20000000000000106581e-01	 8.42592225065703155517e-08	 7.84018954158195968889e-08	 8.39156092950343401625e-08	 1.58012007793630261014e-04	 1.58374651510673290083e-04	 1.40374665469113972093e-04	 0.00000000000000000000e+00	 1.30315707588380292215e-04	 1.33290024424820502998e-04	 1.58152493314604036942e-04	 2.16600958551095757187e-07	 1.95513684347409509289e-07	 1.95513684347409509289e-07	 1.95513684347409509289e-07	 
 6.39999999999999902300e-01	 8.00209200941834595091e-08	 7.43639050437732626629e-08	 7.97124657059580865725e-08	 1.51780428891069781331e-04	 1.52150169618092722442e-04	 1.34023715901663404391e-04	 0.00000000000000000000e+00	 1.24713697667541207519e-04	 1.27326905014710911731e-04	 1.51937351954345407174e-04	 2.08848917078160424712e-07	 1.85431157208422119803e-07	 1.85431157208422119803e-07	 1.85431157208422119803e-07	 
 6.60000000000000031086e-01	 7.58167514432132122670e-08	 7.03636768322689213566e-08	 7.55453020195077009657e-08	 1.45531328365285577775e-04	 1.45907674822820477775e-04	 1.27683651593713058106e-04	 0.00000000000000000000e+00	 1.19092916246426349975e-04	 1.21368043914547773447e-04	 1.45702521711072531573e-04	 2.01235921842468174995e-07	 1.75442053484807298551e-07	 1.75442053484807298551e-07	 1.75442053484807298551e-07	 
 6.80000000000000159872e-01	 7.16631844548068007486e-08	 6.64153476302169882751e-08	 7.14311979559446812940e-08	 1.39285562026497124720e-04	 1.39669195966527626271e-04	 1.21379988502001910059e-04	 0.00000000000000000000e+00	 1.13476467473710019695e-04	 1.15436612854716733555e-04	 1.39469687894476843245e-04	 1.93788592458623651374e-07	 1.65581347598941649354e-07	 1.65581347598941649354e-07	 1.65581347598941649354e-07	 
 6.99999999999999955591e-01	 6.75776621337061387504e-08	 6.25335628191665645062e-08	 6.73887491108484339100e-08	 1.33064321876767113935e-04	 1.33457605996543520214e-04	 1.15139333300910535703e-04	 0.00000000000000000000e+00	 1.07888141879600130916e-04	 1.09556441378119674094e-04	 1.33261451835297309787e-04	 1.86532470426039708600e-07	 1.55885377506787105086e-07	 1.55885377506787105086e-07	 1.55885377506787105086e-07	 
 7.20000000000000084377e-01	 6.35738134768539867621e-08	 5.87294803260338705499e-08	 6.34326378436413774307e-08	 1.26885182006602852383e-04	 1.27292032219255299517e-04	 1.08983190680788416169e-04	 0.00000000000000000000e+00	 1.02347398357197137773e-04	 1.03746766223831893045e-04	 1.27096680761676079485e-04	 1.79490792940558555535e-07	 1.46381780568112954677e-07	 1.46381780568112954677e-07	 1.46381780568112954677e-07	 
 7.39999999999999991118e-01	 5.96637742662248622741e-08	 5.50151835940164721648e-08	 5.95734370158134934932e-08	 1.20767693190552990556e-04	 1.21191557172777491852e-04	 1.02934979496180196664e-04	 0.00000000000000000000e+00	 9.68749885997581485116e-05	 9.80281964738086348567e-05	 1.20995108144105123970e-04	 1.72679888035458624718e-07	 1.37100707722350518482e-07	 1.37100707722350518482e-07	 1.37100707722350518482e-07	 
 7.60000000000000008882e-01	 5.58589651613282405568e-08	 5.14030757395625396771e-08	 5.58199061978017967383e-08	 1.14732313615910054777e-04	 1.15175301759844631662e-04	 9.70188192564766624555e-05	 0.00000000000000000000e+00	 9.14920334705764055948e-05	 9.24218119242544610325e-05	 1.14976886485719431079e-04	 1.66114757028315987998e-07	 1.28073181244361944022e-07	 1.28073181244361944022e-07	 1.28073181244361944022e-07	 
 7.80000000000000137668e-01	 5.21669782638483604119e-08	 4.79015347220001091288e-08	 5.21774452977685406340e-08	 1.08794997860614601668e-04	 1.09258116556647583346e-04	 9.12528253471127972487e-05	 0.00000000000000000000e+00	 8.62145383050593529543e-05	 8.69433015098685019802e-05	 1.09057750852360941553e-04	 1.59809542643366633809e-07	 1.19320121611697576068e-07	 1.19320121611697576068e-07	 1.19320121611697576068e-07	 
 7.99999999999999933387e-01	 4.85953090511445792054e-08	 4.45195193545040339326e-08	 4.86522317524438469705e-08	 1.02972894898100111242e-04	 1.03455714259967419713e-04	 8.56556337721883949421e-05	 0.00000000000000000000e+00	 8.10589710873681738466e-05	 8.16085100399469042833e-05	 1.03254396634828806193e-04	 1.53766475100626909774e-07	 1.10864110260521746211e-07	 1.10864110260521746211e-07	 1.10864110260521746211e-07	 
 8.20000000000000062172e-01	 4.51514072114397317283e-08	 4.12661486432911572352e-08	 4.52508411532057988475e-08	 9.72836220715257574739e-05	 9.77841966502916156790e-05	 8.02460023367317234295e-05	 0.00000000000000000000e+00	 7.60417755518317389773e-05	 7.64332154015082127331e-05	 9.75839198538199490730e-05	 1.47985008681441196224e-07	 1.02728185604044289225e-07	 1.02728185604044289225e-07	 1.02728185604044289225e-07	 
 8.39999999999999857891e-01	 4.18386979140822830175e-08	 3.81461932057577510897e-08	 4.19760742817779724388e-08	 9.17396456965326970601e-05	 9.22548071404169907307e-05	 7.50363299529093597364e-05	 0.00000000000000000000e+00	 7.11738127124201798521e-05	 7.14274374911316387027e-05	 9.20584073350017121099e-05	 1.42466209081411688742e-07	 9.49244056177334226623e-08	 9.49244056177334226623e-08	 9.49244056177334226623e-08	 
 8.60000000000000097700e-01	 3.86631445910845447403e-08	 3.51650147388186735489e-08	 3.88330070298157979352e-08	 8.63529837623496475136e-05	 8.68792646291614313863e-05	 7.00388680791576111314e-05	 0.00000000000000000000e+00	 6.64666074682928416026e-05	 6.66015410037546748455e-05	 8.66897447727383777373e-05	 1.37206780390506952854e-07	 8.74666323297997558581e-08	 8.74666323297997558581e-08	 8.74666323297997558581e-08	 
 8.80000000000000115463e-01	 3.56317491651943281205e-08	 3.23282144812581525432e-08	 3.58276800413538943406e-08	 8.11354918939746235082e-05	 8.16695323333376145417e-05	 6.52659542881857645787e-05	 0.00000000000000000000e+00	 6.19318249741562494928e-05	 6.19660231774715617109e-05	 8.14897872111302988421e-05	 1.32204562610666217222e-07	 8.03694081694739096189e-08	 8.03694081694739096189e-08	 8.03694081694739096189e-08	 
 8.99999999999999911182e-01	 3.27467396748775984404e-08	 2.96369068666875518122e-08	 3.29616755910193035050e-08	 7.60937692910074203224e-05	 7.66323663023605082057e-05	 6.07237480722187006094e-05	 0.00000000000000000000e+00	 5.75752418714608991414e-05	 5.75254452004963438404e-05	 7.64652200092062815477e-05	 1.27460168680805886334e-07	 7.36358403054230345992e-08	 7.36358403054230345992e-08	 7.36358403054230345992e-08	 
 9.20000000000000039968e-01	 3.00110787237956173157e-08	 2.70928000681837291901e-08	 3.02408574913536847191e-08	 7.12356264108420525688e-05	 7.17757490122222232502e-05	 5.64168641857442355295e-05	 0.00000000000000000000e+00	 5.34037441380165296364e-05	 5.32846160721875275815e-05	 7.16229178910340132016e-05	 1.22971666359723064359e-07	 6.72708885116891206972e-08	 6.72708885116891206972e-08	 6.72708885116891206972e-08	 
 9.39999999999999835687e-01	 2.74280984277165963147e-08	 2.46979948372023807495e-08	 2.76727395455330240832e-08	 6.65695288722977277472e-05	 6.71083077555087621768e-05	 5.23499201033149732035e-05	 0.00000000000000000000e+00	 4.94246966493763084270e-05	 4.92486537746424348698e-05	 6.69700495946402884258e-05	 1.18739522111187834197e-07	 6.12805696631191744300e-08	 6.12805696631191744300e-08	 6.12805696631191744300e-08	 
 9.60000000000000075495e-01	 2.49963761606735689626e-08	 2.24501890344006548526e-08	 2.52592213307365500478e-08	 6.20983654920475707526e-05	 6.26331291563452001924e-05	 4.85223588753204798066e-05	 0.00000000000000000000e+00	 4.56394020807699118394e-05	 4.54168551439539938067e-05	 6.25085519663661599247e-05	 1.14768045628033707197e-07	 5.56595637667182689706e-08	 5.56595637667182689706e-08	 5.56595637667182689706e-08	 
 9.80000000000000093259e-01	 2.27171249121219109835e-08	 2.03477725207888453315e-08	 2.30001190073893953590e-08	 5.78247676835633121349e-05	 5.83530109117033732487e-05	 4.49307671849756817264e-05	 0.00000000000000000000e+00	 4.20494172127129419987e-05	 4.17886859693304652886e-05	 5.82415030596235397441e-05	 1.11043448058546673461e-07	 5.04043183804736487245e-08	 5.04043183804736487245e-08	 5.04043183804736487245e-08	 
 9.99999999999999888978e-01	 2.05927861019055139175e-08	 1.83897759405233177427e-08	 2.08947549141553887447e-08	 5.37516795475014345050e-05	 5.42710298830596999439e-05	 4.15719106003772053120e-05	 0.00000000000000000000e+00	 3.86567285979376763240e-05	 3.83641850911886397846e-05	 5.41728299885099704738e-05	 1.07549084682633307909e-07	 4.55128407638083873555e-08	 4.55128407638083873555e-08	 4.55128407638083873555e-08	 
 1.02000000000000001776e+00	 1.86206321135957939629e-08	 1.65711043851988736356e-08	 1.89383450368622002436e-08	 4.98768083208886184809e-05	 5.03850551566600073842e-05	 3.84391107255739893122e-05	 0.00000000000000000000e+00	 3.54576456310090734267e-05	 3.51379538303482340006e-05	 5.03011055582764261005e-05	 1.04276047585568658395e-07	 4.09725348433960816281e-08	 4.09725348433960816281e-08	 4.09725348433960816281e-08	 
 1.04000000000000003553e+00	 1.67983197068471102131e-08	 1.48875427329098741804e-08	 1.71242910923685178557e-08	 4.61983816011651572111e-05	 4.66947059575672628745e-05	 3.55212093012318509732e-05	 0.00000000000000000000e+00	 3.24497360723161905457e-05	 3.21066004547468106874e-05	 4.66251590709972071956e-05	 1.01179657485312844181e-07	 3.67728131670866102922e-08	 3.67728131670866102922e-08	 3.67728131670866102922e-08	 
 1.06000000000000005329e+00	 1.51242135549934624273e-08	 1.33358134622476815326e-08	 1.54461877477864060510e-08	 4.27155270894614735909e-05	 4.32008868849130230408e-05	 3.28073718438437066016e-05	 0.00000000000000000000e+00	 2.96316902349524507771e-05	 2.92682108752473397085e-05	 4.31445929422152033754e-05	 9.82065685254300833462e-08	 3.29053552412971805879e-08	 3.29053552412971805879e-08	 3.29053552412971805879e-08	 
 1.08000000000000007105e+00	 1.35924058334669075508e-08	 1.19089127812932108166e-08	 1.38949340699388207375e-08	 3.94223755736062078398e-05	 3.98991573556013734165e-05	 3.02855672795776779298e-05	 0.00000000000000000000e+00	 2.69967755433814074245e-05	 2.66153523505687134888e-05	 3.98540309345245358599e-05	 9.53149351787450939154e-08	 2.93523917858433426849e-08	 2.93523917858433426849e-08	 2.93523917858433426849e-08	 
 1.09999999999999986677e+00	 1.21924902482264743335e-08	 1.06010574023478911552e-08	 1.24628492289506832544e-08	 3.63153275854079512293e-05	 3.67862962882558688937e-05	 2.79405556662962841809e-05	 0.00000000000000000000e+00	 2.45401731718141302566e-05	 2.41425114726312705629e-05	 3.67499703980141107862e-05	 9.24747903011988992486e-08	 2.60990969237549500936e-08	 2.60990969237549500936e-08	 2.60990969237549500936e-08	 
 1.11999999999999988454e+00	 1.09138022487807026735e-08	 9.40770990512669745962e-09	 1.11437587458142613785e-08	 3.33924673186655911520e-05	 3.38604095492517145351e-05	 2.57583140876278575621e-05	 0.00000000000000000000e+00	 2.22586708249332872200e-05	 2.18457922347386352942e-05	 3.38304870914798075225e-05	 8.96638552200390209923e-08	 2.31337565173320153268e-08	 2.31337565173320153268e-08	 2.31337565173320153268e-08	 
 1.14000000000000012434e+00	 9.74442587401043303143e-09	 8.32099239732158893539e-09	 9.92873091052710018644e-09	 3.06466506773906343600e-05	 3.11145512200765691135e-05	 2.37248859951125374028e-05	 0.00000000000000000000e+00	 2.01438540501575230645e-05	 1.97159725333733289133e-05	 3.10886273003442760053e-05	 8.68640255767234926166e-08	 2.04362852439700627044e-08	 2.04362852439700627044e-08	 2.04362852439700627044e-08	 
 1.15999999999999992006e+00	 8.67665153938298907746e-09	 7.33459971100288084163e-09	 8.81169337630724567423e-09	 2.80738339460169861249e-05	 2.85428459362176361149e-05	 2.18240028684795930164e-05	 0.00000000000000000000e+00	 1.81890937680967026784e-05	 1.77467272138651071384e-05	 2.85189490062233032123e-05	 8.40425922632414246395e-08	 1.79905746146190066374e-08	 1.79905746146190066374e-08	 1.79905746146190066374e-08	 
 1.18000000000000015987e+00	 7.70540054537825701116e-09	 6.44367743216140365830e-09	 7.78833558822091442575e-09	 2.56719381347972547876e-05	 2.61409081291919529518e-05	 2.00407395474178572602e-05	 0.00000000000000000000e+00	 1.63895212986037290038e-05	 1.59337601735710307222e-05	 2.61175799316446214814e-05	 8.11619537213814567118e-08	 1.57842011841020606516e-08	 1.57842011841020606516e-08	 1.57842011841020606516e-08	 
 1.19999999999999973355e+00	 6.82286343721971668507e-09	 5.64031203384613185232e-09	 6.85091723932618680486e-09	 2.34333054498176954650e-05	 2.38997057373646587086e-05	 1.83603658440499433737e-05	 0.00000000000000000000e+00	 1.47355036233584218893e-05	 1.42673695645994419342e-05	 2.38758253880847375386e-05	 7.81860034763233468585e-08	 1.37970957784277435540e-08	 1.37970957784277435540e-08	 1.37970957784277435540e-08	 
 1.21999999999999997335e+00	 6.02423604267397218427e-09	 4.91833924201106685997e-09	 5.99793280488754910957e-09	 2.13511390652485128546e-05	 2.18122679412868070549e-05	 1.67713760075590721864e-05	 0.00000000000000000000e+00	 1.32189016701239422003e-05	 1.27402277366201791383e-05	 2.17875047860858353315e-05	 7.51234534836803562256e-08	 1.20135732993761889022e-08	 1.20135732993761889022e-08	 1.20135732993761889022e-08	 
 1.24000000000000021316e+00	 5.30659204623594254638e-09	 4.27314668209800173139e-09	 5.23022466660620086371e-09	 1.94202231451666482273e-05	 1.98736495309027851530e-05	 1.52644894682698346736e-05	 0.00000000000000000000e+00	 1.18335224609985468363e-05	 1.13470541871673822872e-05	 1.98485163779239310493e-05	 7.19936115278805621758e-08	 1.04218698792021090231e-08	 1.04218698792021090231e-08	 1.04218698792021090231e-08	 
 1.25999999999999978684e+00	 4.66380969366157072455e-09	 3.69733185332000174146e-09	 4.54309093883016966623e-09	 1.76307111341552335811e-05	 1.80743824083289238982e-05	 1.38280751020448447849e-05	 0.00000000000000000000e+00	 1.05691309939492505949e-05	 1.00776287645916826113e-05	 1.80499389802521499767e-05	 6.88021551664385622258e-08	 9.00328048610163660106e-09	 9.00328048610163660106e-09	 9.00328048610163660106e-09	 
 1.28000000000000002665e+00	 4.08716320923626849086e-09	 3.18520050790857775580e-09	 3.93193998934659362201e-09	 1.59757038329959190207e-05	 1.64078455972918409362e-05	 1.24604363243447553315e-05	 0.00000000000000000000e+00	 9.41774948656263718484e-06	 8.92452714122966360812e-06	 1.63850300921121244321e-05	 6.55592206885596760456e-08	 7.74336598298965881911e-09	 7.74336598298965881911e-09	 7.74336598298965881911e-09	 
 1.30000000000000026645e+00	 3.56847381750411385877e-09	 2.73257850859768015794e-09	 3.39306535375851464208e-09	 1.44506670658668287896e-05	 1.48697067256367111232e-05	 1.11624449320173285932e-05	 0.00000000000000000000e+00	 8.37365861588789242630e-06	 7.88261501588545994174e-06	 1.48491523188155361294e-05	 6.22693135325490134262e-08	 6.63151701027905929183e-09	 6.63151701027905929183e-09	 6.63151701027905929183e-09	 
 1.32000000000000006217e+00	 3.09885660748066488339e-09	 2.33280729558821720985e-09	 2.91946669016922129086e-09	 1.30463269327149667472e-05	 1.34509984657181080604e-05	 9.92764569215687873852e-06	 0.00000000000000000000e+00	 7.42737311726669089090e-06	 6.94214498041816248115e-06	 1.34331666770620838263e-05	 5.89229986508513190817e-08	 5.65097570492808580358e-09	 5.65097570492808580358e-09	 5.65097570492808580358e-09	 
 1.34000000000000007994e+00	 2.67570702921171699856e-09	 1.98115993117803641394e-09	 2.50521327228359644620e-09	 1.17553959243504388822e-05	 1.21450359951731352257e-05	 8.76427336139235278007e-06	 0.00000000000000000000e+00	 6.57155070343847116612e-06	 6.09603191299700890608e-06	 1.21301788390340095657e-05	 5.55605024026614806396e-08	 4.78983127924907438333e-09	 4.78983127924907438333e-09	 4.78983127924907438333e-09	 
 1.35999999999999987566e+00	 2.29880851447781612805e-09	 1.67438705909988705744e-09	 2.14596095878423354854e-09	 1.05727541724767033738e-05	 1.09473197314890623080e-05	 7.68281268926582363394e-06	 0.00000000000000000000e+00	 5.80103879769281031737e-06	 5.33949427181823419586e-06	 1.09355192706017486948e-05	 5.22264586333897322714e-08	 4.03988703602027426395e-09	 4.03988703602027426395e-09	 4.03988703602027426395e-09	 
 1.37999999999999989342e+00	 1.96410867695643119096e-09	 1.40688020419608734586e-09	 1.83525986522371249287e-09	 9.48904836071310877786e-06	 9.84905250556040742056e-06	 6.68064560723595287522e-06	 0.00000000000000000000e+00	 5.10726089563694879008e-06	 4.66361992954123742440e-06	 9.84033034543154878633e-06	 4.89373808279576515600e-08	 3.38710647257423413845e-09	 3.38710647257423413845e-09	 3.38710647257423413845e-09	 
 1.40000000000000013323e+00	 1.66872839460431140318e-09	 1.17476510271583056863e-09	 1.56509210337966277000e-09	 8.49853340749763755814e-06	 8.84408713330164068258e-06	 5.76415515171003072127e-06	 0.00000000000000000000e+00	 4.48402424803969497906e-06	 4.06145676696902694177e-06	 8.83810166139284807672e-06	 4.57191065374006370532e-08	 2.82177641861643405651e-09	 2.82177641861643405651e-09	 2.82177641861643405651e-09	 
 1.41999999999999992895e+00	 1.41071778663320548294e-09	 9.75473248929948969898e-10	 1.32860598078733274413e-09	 7.59795103972162621419e-06	 7.92857016390901719633e-06	 4.94068839952202633412e-06	 0.00000000000000000000e+00	 3.92725863099016683403e-06	 3.52822755682039880114e-06	 7.92458259197096865180e-06	 4.25916914118032182239e-08	 2.33744903854198569856e-09	 2.33744903854198569856e-09	 2.33744903854198569856e-09	 
 1.44000000000000016875e+00	 1.18540877421423318399e-09	 8.04335365373857581739e-10	 1.11897541018135730388e-09	 6.77945186250232794539e-06	 7.09450999407113302905e-06	 4.20425117221790942970e-06	 0.00000000000000000000e+00	 3.42962499584050262993e-06	 3.05587089661104419576e-06	 7.09158001792829372785e-06	 3.95536346486702987516e-08	 1.92249557090362186555e-09	 1.92249557090362186555e-09	 1.92249557090362186555e-09	 
 1.45999999999999996447e+00	 9.89306306043819576646e-10	 6.58214144459870915050e-10	 9.33634711163043758271e-10	 6.03711334609778836602e-06	 6.33588770524254825986e-06	 3.55262554790128764009e-06	 0.00000000000000000000e+00	 2.98577270323956340910e-06	 2.63832517477029753736e-06	 6.33351711046629505512e-06	 3.66161064722072650994e-08	 1.56904737304629024391e-09	 1.56904737304629024391e-09	 1.56904737304629024391e-09	 
 1.47999999999999998224e+00	 8.20000556217264464656e-10	 5.35109548194567974576e-10	 7.71664300127360612738e-10	 5.36715709488036416257e-06	 5.64883009092756938394e-06	 2.98511455897309187522e-06	 0.00000000000000000000e+00	 2.59223967876643191256e-06	 2.27160603747875167180e-06	 5.64705183685115110441e-06	 3.37875412083047449843e-08	 1.27206563879612293751e-09	 1.27206563879612293751e-09	 1.27206563879612293751e-09	 
 1.50000000000000000000e+00	 6.73104759296165551001e-10	 4.31251299520325702619e-10	 6.29517069470639863245e-10	 4.76207051127261837375e-06	 5.02586909333175827804e-06	 2.49173654697865087001e-06	 0.00000000000000000000e+00	 2.24267004230260431783e-06	 1.94895511051217911732e-06	 5.02500900959365757374e-06	 3.10557216289611492244e-08	 1.02220150827580958512e-09	 1.02220150827580958512e-09	 1.02220150827580958512e-09	 
 1.52000000000000001776e+00	 5.47251583859117112343e-10	 3.44249639227913156885e-10	 5.07225608884682086206e-10	 4.21658719661123012484e-06	 4.46218838081692517654e-06	 2.06602743294847465241e-06	 0.00000000000000000000e+00	 1.93292281736723645571e-06	 1.66575911275041964446e-06	 4.46231415664603852143e-06	 2.84416999219006451295e-08	 8.13482709105726915461e-10	 8.13482709105726915461e-10	 8.13482709105726915461e-10	 
 1.54000000000000003553e+00	 4.42208942412357070916e-10	 2.72671860292524838154e-10	 4.05722216258622266269e-10	 3.72761507735447699408e-06	 3.95511347692352660044e-06	 1.70416643626892865435e-06	 0.00000000000000000000e+00	 1.66056506526087518062e-06	 1.41923706278477356880e-06	 3.95594724862779877100e-06	 2.59675460359680849953e-08	 6.42309783479055564678e-10	 6.42309783479055564678e-10	 6.42309783479055564678e-10	 
 1.56000000000000027534e+00	 3.54910424917135578141e-10	 2.13618786547923395805e-10	 3.22251243960931037801e-10	 3.28868940100523460455e-06	 3.49837892664797028998e-06	 1.39613077485015860189e-06	 0.00000000000000000000e+00	 1.42036039579762318414e-06	 1.20402300532316800317e-06	 3.49949265472229204308e-06	 2.36263408119405692380e-08	 5.01549566029972434691e-10	 5.01549566029972434691e-10	 5.01549566029972434691e-10	 
 1.58000000000000007105e+00	 2.83263023019664312370e-10	 1.65341158005630648219e-10	 2.54347164591497672893e-10	 2.89491344762121627650e-06	 3.08732693884729061240e-06	 1.13543177799122605004e-06	 0.00000000000000000000e+00	 1.20928624050972056873e-06	 1.01663869488694736694e-06	 3.08837856017836702218e-06	 2.14240730577487580796e-08	 3.86856882892594771639e-10	 3.86856882892594771639e-10	 3.86856882892594771639e-10	 
 1.60000000000000008882e+00	 2.26081551418795786042e-10	 1.26850727571984891987e-10	 2.00369027708492617704e-10	 2.54331145891602221541e-06	 2.71914906085250183976e-06	 9.18343410307885555735e-07	 0.00000000000000000000e+00	 1.02577801678144535361e-06	 8.55109819754730407657e-07	 2.71989874729262002937e-06	 1.93662950338183703447e-08	 2.95760005254869485966e-10	 2.95760005254869485966e-10	 2.95760005254869485966e-10	 
 1.61999999999999988454e+00	 1.80745751382728358286e-10	 9.60240606306069814261e-11	 1.57498315603044977041e-10	 2.22810809624888923614e-06	 2.38807646835817024363e-06	 7.36706269604538904725e-07	 0.00000000000000000000e+00	 8.65571081733422262516e-07	 7.15153033742834486590e-07	 2.38830823559260752310e-06	 1.74357428259144689311e-08	 2.23086087273555890769e-10	 2.23086087273555890769e-10	 2.23086087273555890769e-10	 
 1.64000000000000012434e+00	 1.44558900923534385429e-10	 7.16035252168482824957e-11	 1.23369448503319964815e-10	 1.94585046560103347270e-06	 2.09097004860742824179e-06	 5.85626225034916075873e-07	 0.00000000000000000000e+00	 7.26245356646244022199e-07	 5.94454152174624741841e-07	 2.09057438097290137333e-06	 1.56459056801701923981e-08	 1.65733647789240498129e-10	 1.65733647789240498129e-10	 1.65733647789240498129e-10	 
 1.66000000000000014211e+00	 1.15678770981822359925e-10	 5.29064037749577400548e-11	 9.64721530524876855056e-11	 1.69474959021819605793e-06	 1.82636083305541618552e-06	 4.62505227989497987075e-07	 0.00000000000000000000e+00	 6.06596383488760404609e-07	 4.91918054170992084951e-07	 1.82530937344121028341e-06	 1.40137512957106209397e-08	 1.22003550146491449995e-10	 1.22003550146491449995e-10	 1.22003550146491449995e-10	 
 1.67999999999999993783e+00	 9.22684075618508114879e-11	 3.84849252016999261678e-11	 7.49995547710338290804e-11	 1.46997764652223320932e-06	 1.58950280473704655896e-06	 3.61317089179340946535e-07	 0.00000000000000000000e+00	 5.03075126418489627968e-07	 4.04237808964104456017e-07	 1.58775671944604678998e-06	 1.25285924109515884086e-08	 8.84128212949976689091e-11	 8.84128212949976689091e-11	 8.84128212949976689091e-11	 
 1.70000000000000017764e+00	 7.32805019279777945813e-11	 2.74861530115155553973e-11	 5.80845989730932882264e-11	 1.26940839321484390178e-06	 1.37793760506402606577e-06	 2.78858748923385617004e-07	 0.00000000000000000000e+00	 4.14041604868072255231e-07	 3.29663959660306932814e-07	 1.37558901203654710331e-06	 1.11683258860409772403e-08	 6.28975211599268226923e-11	 6.28975211599268226923e-11	 6.28975211599268226923e-11	 
 1.71999999999999997335e+00	 5.82025121692152644538e-11	 1.94595789334306037536e-11	 4.53913901285305795066e-11	 1.09222763164918327232e-06	 1.19055296253470598695e-06	 2.13628064765161051506e-07	 0.00000000000000000000e+00	 3.38848816333834941171e-07	 2.67411032748212070103e-07	 1.18781914334482983213e-06	 9.91356186679670843510e-09	 4.43620983637442977752e-11	 4.43620983637442977752e-11	 4.43620983637442977752e-11	 
 1.73999999999999999112e+00	 4.61289458388647632680e-11	 1.35252070825486489372e-11	 3.60337710545477239474e-11	 9.34296543693819776397e-07	 1.02307753910439018631e-06	 1.61403572963294720695e-07	 0.00000000000000000000e+00	 2.74652886427831339984e-07	 2.14875624336480116444e-07	 1.02019045280500092616e-06	 8.73563160080942895195e-09	 3.07223714984958113761e-11	 3.07223714984958113761e-11	 3.07223714984958113761e-11	 
 1.76000000000000023093e+00	 3.64290632028634465460e-11	 9.19088374446237219607e-12	 2.90876726485831419040e-11	 7.94262629452594612474e-07	 8.74108238336097324155e-07	 1.20060369930284764573e-07	 0.00000000000000000000e+00	 2.20375589466909632873e-07	 1.70894608183164684326e-07	 8.71215879223878876527e-07	 7.64610438782688052623e-09	 2.08031575977353917430e-11	 2.08031575977353917430e-11	 2.08031575977353917430e-11	 
 1.78000000000000002665e+00	 2.87694363714811508246e-11	 6.21017289447615980389e-12	 2.40087985880656037646e-11	 6.71798864698000864040e-07	 7.43296987596501162949e-07	 8.86769624061295755822e-08	 0.00000000000000000000e+00	 1.75723481271354617110e-07	 1.35046840637656309160e-07	 7.40478290040357270014e-07	 6.65858410237680261542e-09	 1.40120364803008808550e-11	 1.40120364803008808550e-11	 1.40120364803008808550e-11	 
 1.80000000000000004441e+00	 2.26251409971803642766e-11	 4.12172063810924628413e-12	 2.04083761130985020306e-11	 5.63157450388022070226e-07	 6.26835937110744791941e-07	 6.44507027730299188402e-08	 0.00000000000000000000e+00	 1.38453892877747879488e-07	 1.05362812579233854099e-07	 6.24135499975204073911e-07	 5.75415666536988770990e-09	 9.27504809733437519447e-12	 9.27504809733437519447e-12	 9.27504809733437519447e-12	 
 1.81999999999999984013e+00	 1.75678240586193573635e-11	 2.67144493179217407232e-12	 1.77008971940859512767e-11	 4.67828582611880579221e-07	 5.24255788719656057941e-07	 4.59619404133500853751e-08	 0.00000000000000000000e+00	 1.07682588784614996568e-07	 8.10676469868111395155e-08	 5.21722785379143256595e-07	 4.94391124650586018358e-09	 5.99787110329418620229e-12	 5.99787110329418620229e-12	 5.99787110329418620229e-12	 
 1.84000000000000007994e+00	 1.33277498227923598905e-11	 1.73525272203614407141e-12	 1.55049923695980149288e-11	 3.86092454606330317166e-07	 4.35889667612094413655e-07	 3.26013861805729842863e-08	 0.00000000000000000000e+00	 8.31558653761129036586e-08	 6.19366716516075620507e-08	 4.33589236151675160494e-07	 4.24199994443012807807e-09	 3.88893521337147622523e-12	 3.88893521337147622523e-12	 3.88893521337147622523e-12	 
 1.86000000000000009770e+00	 9.53696401799502389860e-12	 1.11454551085008140344e-12	 1.36765605625687977178e-11	 3.14593448965645327238e-07	 3.58346210542162753127e-07	 2.27000852593415289870e-08	 0.00000000000000000000e+00	 6.31557797927580593661e-08	 4.65269009318268793452e-08	 3.56347900700040481048e-07	 3.63352884337043608606e-09	 2.49473915596521888882e-12	 2.49473915596521888882e-12	 2.49473915596521888882e-12	 
 1.87999999999999989342e+00	 6.51535109193082276121e-12	 7.02367552819518591155e-13	 1.20250856421922998758e-11	 2.53185553780840466963e-07	 2.91374382368354096534e-07	 1.54498968446396285073e-08	 0.00000000000000000000e+00	 4.71190626893648512492e-08	 3.43081846413230659839e-08	 2.89709085291991031587e-07	 3.10340363582250664508e-09	 1.57095687342148131749e-12	 1.57095687342148131749e-12	 1.57095687342148131749e-12	 
 1.89999999999999991118e+00	 4.58291415702900671591e-12	 4.47609791381575444534e-13	 1.03984746602616400574e-11	 2.02400135696210048134e-07	 2.35430044254777437422e-07	 1.05188568168828973581e-08	 0.00000000000000000000e+00	 3.49440762051214850273e-08	 2.51475767492164625998e-08	 2.34107286829141068666e-07	 2.64376443169216055037e-09	 1.00066506243568771056e-12	 1.00066506243568771056e-12	 1.00066506243568771056e-12	 
 1.92000000000000015099e+00	 3.43732130361115519381e-12	 2.83765868619339945597e-13	 8.66255464492657368044e-12	 1.59318639356434335676e-07	 1.87521968037450390118e-07	 7.05318785150618407942e-09	 0.00000000000000000000e+00	 2.54223348867235660300e-08	 1.80616942798726211595e-08	 1.86572151382081848459e-07	 2.23734456371966008716e-09	 6.34222796420850476273e-13	 6.34222796420850476273e-13	 6.34222796420850476273e-13	 
 1.93999999999999994671e+00	 2.74287719494284444264e-12	 1.76521255461486251428e-13	 7.00430569373617078367e-12	 1.23075287672313969755e-07	 1.46823144356781907688e-07	 4.62004925720835559220e-09	 0.00000000000000000000e+00	 1.80395065230650922128e-08	 1.26249628249491737575e-08	 1.46202529710075992532e-07	 1.87254463812020415991e-09	 3.94526123560664810118e-13	 3.94526123560664810118e-13	 3.94526123560664810118e-13	 
 1.95999999999999996447e+00	 2.25611219814414862842e-12	 1.09829433968989194671e-13	 5.56253809620803722059e-12	 9.37467444831967707416e-08	 1.13447628933245745706e-07	 3.03685424053457599654e-09	 0.00000000000000000000e+00	 1.26569357381338813419e-08	 8.71555166566472319889e-09	 1.13056248929973106170e-07	 1.54563469450260833028e-09	 2.45523787932014424816e-13	 2.45523787932014424816e-13	 2.45523787932014424816e-13	 
 1.97999999999999998224e+00	 1.60804865021730396924e-12	 6.52436039327990877951e-14	 4.24015904901836384094e-12	 7.01617506871963705485e-08	 8.61459386951271927426e-08	 1.97622150631234728104e-09	 0.00000000000000000000e+00	 8.70744416776705368501e-09	 5.89583889200355924205e-09	 8.59230591861568613286e-08	 1.26015360785433401187e-09	 1.45940876608962981659e-13	 1.45940876608962981659e-13	 1.45940876608962981659e-13	 
 2.00000000000000000000e+00	 1.00778234076505667376e-12	 3.46903456737646691992e-14	 3.01972151971152582018e-12	 5.13163161020384750218e-08	 6.39849890187989963062e-08	 1.26043015537090585029e-09	 0.00000000000000000000e+00	 5.82391231224330446860e-09	 3.87713244102906390780e-09	 6.38372703245262786673e-08	 1.00757742391094347162e-09	 7.76940431240084728694e-14	 7.76940431240084728694e-14	 7.76940431240084728694e-14	 
 2.02000000000000001776e+00	 6.31909726065519623010e-13	 1.52580692927772400197e-14	 1.94175224078533880569e-12	 3.69545188478454049618e-08	 4.67835380322990691535e-08	 8.11908852367271165157e-10	 0.00000000000000000000e+00	 3.86639403122582530227e-09	 2.54341937307623525062e-09	 4.66105160840493100318e-08	 7.84306089028644710237e-10	 3.42453362268269122492e-14	 3.42453362268269122492e-14	 3.42453362268269122492e-14	 
 2.04000000000000003553e+00	 3.93265924718672228272e-13	 4.80003278463821686386e-15	 1.22140155666366009509e-12	 2.60487077433049117942e-08	 3.34155214031483842911e-08	 5.18952248566318408451e-10	 0.00000000000000000000e+00	 2.52314185809633361970e-09	 1.64136246568058862206e-09	 3.33056074262482386395e-08	 5.92032917481841618712e-10	 1.07951467597070329284e-14	 1.07951467597070329284e-14	 1.07951467597070329284e-14	 
 2.06000000000000005329e+00	 2.41616599452366085825e-13	 2.94353514297610624018e-16	 7.56288374073261124971e-13	 1.78324887959093180128e-08	 2.31436540784262189656e-08	 3.26345964793687797390e-10	 0.00000000000000000000e+00	 1.60477631489034659950e-09	 1.03300441048904308471e-09	 2.31062949907760295583e-08	 4.30429374235477273270e-10	 6.61992825415118052767e-16	 6.61992825415118052767e-16	 6.61992825415118052767e-16	 
 2.08000000000000007105e+00	 1.54333183310016906821e-13	 1.48295914648491380161e-17	 4.83464521041648275730e-13	 1.20822209403022192504e-08	 1.58126266654295968202e-08	 2.10738814707327713412e-10	 0.00000000000000000000e+00	 1.03480961527611899749e-09	 6.62470734225611558682e-10	 1.57959672066093459057e-08	 3.02360568883101791115e-10	 3.33513090799017359374e-17	 3.33513090799017359374e-17	 3.33513090799017359374e-17	 
 2.10000000000000053291e+00	 9.81643599214948526722e-14	 5.90385383716364659616e-19	 3.07529504895393267794e-13	 7.99522058842821700720e-09	 1.05424556036707172129e-08	 1.34972619094091917370e-10	 0.00000000000000000000e+00	 6.61085916199574883855e-10	 4.21813851731355249458e-10	 1.05310075698818336748e-08	 2.03422827582314333355e-10	 1.32775777668698261031e-18	 1.32775777668698261031e-18	 1.32775777668698261031e-18	 
 2.12000000000000010658e+00	 6.05289199897120048833e-14	 1.74900701908985315111e-20	 1.89625890334031794361e-13	 5.04780606452049736932e-09	 6.69940437038653123580e-09	 8.35261733537278421342e-11	 0.00000000000000000000e+00	 4.08251793390581973877e-10	 2.60111206700630281761e-10	 6.68923152570301019267e-09	 1.28525603523505751909e-10	 3.93345582190057266287e-20	 3.93345582190057266287e-20	 3.93345582190057266287e-20	 
 2.14000000000000012434e+00	 3.55466430768283586387e-14	 3.46742124197015654123e-22	 1.11361067963635293596e-13	 2.98453849624836333086e-09	 3.97082202830279608235e-09	 4.90607570129630775089e-11	 0.00000000000000000000e+00	 2.39770556874181765250e-10	 1.52755251649356351654e-10	 3.96382620870312537238e-09	 7.55670811474766667667e-11	 7.79809830882428120162e-22	 7.79809830882428120162e-22	 7.79809830882428120162e-22	 
 2.15999999999999969802e+00	 1.33317478372086008323e-14	 3.61061452085356874181e-24	 4.17659041312029992312e-14	 1.12301018719299779920e-09	 1.49597557654863521118e-09	 1.84003172102970460723e-11	 0.00000000000000000000e+00	 8.99260325859924174405e-11	 5.72907747301778054521e-11	 1.49314936274781375933e-09	 2.83425080781471866210e-11	 8.12012134394491933905e-24	 8.12012134394491933905e-24	 8.12012134394491933905e-24	 
 2.18000000000000015987e+00	 1.82664487752383973035e-17	 5.01012662850551936381e-27	 5.72254109272130767647e-17	 1.53868834661519252037e-12	 2.04970541284511479140e-12	 2.52111317708977020047e-14	 0.00000000000000000000e+00	 1.23211846427590197198e-13	 7.84967593636223322034e-14	 2.04583309799109348308e-12	 3.88333904211780805737e-14	 1.12675457877847640281e-26	 1.12675457877847640281e-26	 1.12675457877847640281e-26	 
 2.20000000000000017764e+00	 0.00000000000000000000e+00	 0.00000000000000000000e+00	 0.00000000000000000000e+00	 0.00000000000000000000e+00	 0.00000000000000000000e+00	 0.00000000000000000000e+00	 0.00000000000000000000e+00	 0.00000000000000000000e+00	 0.00000000000000000000e+00	 0.00000000000000000000e+00	 0.00000000000000000000e+00	 0.00000000000000000000e+00	 0.00000000000000000000e+00	 0.00000000000000000000e+00	 
 2.21999999999999975131e+00	 1.98971679104517596932e-21	 5.63173041726586517015e-31	 6.23341528485648573819e-21	 1.67605251757373806279e-16	 2.23268953750406626489e-16	 2.74618305375925434613e-18	 0.00000000000000000000e+00	 1.34211461920509168642e-17	 8.55044798575543851944e-18	 2.22847156416262919266e-16	 4.23002021959685886614e-18	 1.26654584967337378788e-30	 1.26654584967337378788e-30	 1.26654584967337378788e-30	 
 2.24000000000000021316e+00	 0.00000000000000000000e+00	 0.00000000000000000000e+00	 0.00000000000000000000e+00	 0.00000000000000000000e+00	 0.00000000000000000000e+00	 0.00000000000000000000e+00	 0.00000000000000000000e+00	 0.00000000000000000000e+00	 0.00000000000000000000e+00	 0.00000000000000000000e+00	 0.00000000000000000000e+00	 0.00000000000000000000e+00	 0.00000000000000000000e+00	 0.00000000000000000000e+00	 
 2.25999999999999978684e+00	 1.38029698508188925057e-24	 4.05101140006730950794e-34	 4.32421556832053430246e-24	 1.16270257553848427109e-19	 1.54884960879115267003e-19	 1.90506920076094428431e-21	 0.00000000000000000000e+00	 9.31045447351602198221e-21	 5.93157660823001126218e-21	 1.54592357451760005105e-19	 2.93442968891670503769e-21	 9.11047860387975812014e-34	 9.11047860387975812014e-34	 9.11047860387975812014e-34	 
 2.27999999999999980460e+00	 0.00000000000000000000e+00	 0.00000000000000000000e+00	 0.00000000000000000000e+00	 0.00000000000000000000e+00	 0.00000000000000000000e+00	 0.00000000000000000000e+00	 0.00000000000000000000e+00	 0.00000000000000000000e+00	 0.00000000000000000000e+00	 0.00000000000000000000e+00	 0.00000000000000000000e+00	 0.00000000000000000000e+00	 0.00000000000000000000e+00	 0.00000000000000000000e+00	 
 2.30000000000000026645e+00	 2.24000287116563980928e-27	 6.79897240611461482313e-37	 7.01751535589508312340e-27	 1.88688035620324029374e-22	 2.51353457618821202608e-22	 3.09162485332450567825e-24	 0.00000000000000000000e+00	 1.51093894613671461470e-23	 9.62600713857228580724e-24	 2.50878615998672234653e-22	 4.76211340019181923282e-24	 1.52904483320176494543e-36	 1.52904483320176494543e-36	 1.52904483320176494543e-36	 
 2.32000000000000028422e+00	 0.00000000000000000000e+00	 0.00000000000000000000e+00	 0.00000000000000000000e+00	 0.00000000000000000000e+00	 0.00000000000000000000e+00	 0.00000000000000000000e+00	 0.00000000000000000000e+00	 0.00000000000000000000e+00	 0.00000000000000000000e+00	 0.00000000000000000000e+00	 0.00000000000000000000e+00	 0.00000000000000000000e+00	 0.00000000000000000000e+00	 0.00000000000000000000e+00	 
 2.33999999999999985789e+00	 6.19900722433286485022e-30	 1.92500972734098594823e-39	 1.94203449235791565797e-29	 5.22176898927758029329e-25	 6.95597562605375389935e-25	 8.55579472282963704601e-27	 0.00000000000000000000e+00	 4.18138813630238443170e-26	 2.66391121892939010388e-26	 6.94283499135540246738e-25	 1.31787218525458019633e-26	 4.32922107931522313080e-39	 4.32922107931522313080e-39	 4.32922107931522313080e-39	 
 2.36000000000000031974e+00	 0.00000000000000000000e+00	 0.00000000000000000000e+00	 0.00000000000000000000e+00	 0.00000000000000000000e+00	 0.00000000000000000000e+00	 0.00000000000000000000e+00	 0.00000000000000000000e+00	 0.00000000000000000000e+00	 0.00000000000000000000e+00	 0.00000000000000000000e+00	 0.00000000000000000000e+00	 0.00000000000000000000e+00	 0.00000000000000000000e+00	 0.00000000000000000000e+00	 
 2.38000000000000033751e+00	 2.47855094982305206805e-32	 7.75206060556298236956e-42	 7.76484243593294133174e-32	 2.08782067355316876955e-27	 2.78120836286618633744e-27	 3.42086600929546701202e-29	 0.00000000000000000000e+00	 1.67184569322134115826e-28	 1.06511243539299716156e-28	 2.77595438362051987085e-27	 5.26925232653650705942e-29	 1.74338985384799698163e-41	 1.74338985384799698163e-41	 1.74338985384799698163e-41	 
 2.39999999999999991118e+00	 0.00000000000000000000e+00	 0.00000000000000000000e+00	 0.00000000000000000000e+00	 0.00000000000000000000e+00	 0.00000000000000000000e+00	 0.00000000000000000000e+00	 0.00000000000000000000e+00	 0.00000000000000000000e+00	 0.00000000000000000000e+00	 0.00000000000000000000e+00	 0.00000000000000000000e+00	 0.00000000000000000000e+00	 0.00000000000000000000e+00	 0.00000000000000000000e+00	 
 2.41999999999999948486e+00	 1.28466839216884981163e-34	 3.98430613395226496767e-44	 4.02462884547356296964e-34	 1.08214723257829816718e-29	 1.44153992508859929965e-29	 1.77308375975184835847e-31	 0.00000000000000000000e+00	 8.66541524606706246722e-31	 5.52063002768954586776e-31	 1.43881671654339191037e-29	 2.73112881700535147910e-31	 8.96047479759589845343e-44	 8.96047479759589845343e-44	 8.96047479759589845343e-44	 
 2.44000000000000039080e+00	 0.00000000000000000000e+00	 0.00000000000000000000e+00	 0.00000000000000000000e+00	 0.00000000000000000000e+00	 0.00000000000000000000e+00	 0.00000000000000000000e+00	 0.00000000000000000000e+00	 0.00000000000000000000e+00	 0.00000000000000000000e+00	 0.00000000000000000000e+00	 0.00000000000000000000e+00	 0.00000000000000000000e+00	 0.00000000000000000000e+00	 0.00000000000000000000e+00	 
 2.45999999999999996447e+00	 7.97470678925499902108e-37	 2.42363610853793786118e-46	 2.49832837594680643752e-36	 6.71753807304121839207e-32	 8.94850521190662416741e-32	 1.10065937681119244635e-33	 0.00000000000000000000e+00	 5.37914268492277712592e-33	 3.42698598590113336741e-33	 8.93160054156506820017e-32	 1.69537538915079869752e-33	 5.45063317852338836731e-46	 5.45063317852338836731e-46	 5.45063317852338836731e-46	 
 2.47999999999999953815e+00	 0.00000000000000000000e+00	 0.00000000000000000000e+00	 0.00000000000000000000e+00	 0.00000000000000000000e+00	 0.00000000000000000000e+00	 0.00000000000000000000e+00	 0.00000000000000000000e+00	 0.00000000000000000000e+00	 0.00000000000000000000e+00	 0.00000000000000000000e+00	 0.00000000000000000000e+00	 0.00000000000000000000e+00	 0.00000000000000000000e+00	 0.00000000000000000000e+00	 
 2.50000000000000044409e+00	 5.58214809400346062978e-39	 0.00000000000000000000e+00	 1.74878391778102081127e-38	 4.70215511125402054670e-34	 6.26379274280402684378e-34	 7.70441324038784222430e-36	 0.00000000000000000000e+00	 3.76530095860705212804e-35	 2.39882716646896674181e-35	 6.25195967547547693845e-34	 1.18673161332075336295e-35	 0.00000000000000000000e+00	 0.00000000000000000000e+00	 0.00000000000000000000e+00	 
 2.52000000000000001776e+00	 0.00000000000000000000e+00	 0.00000000000000000000e+00	 0.00000000000000000000e+00	 0.00000000000000000000e+00	 0.00000000000000000000e+00	 0.00000000000000000000e+00	 0.00000000000000000000e+00	 0.00000000000000000000e+00	 0.00000000000000000000e+00	 0.00000000000000000000e+00	 0.00000000000000000000e+00	 0.00000000000000000000e+00	 0.00000000000000000000e+00	 0.00000000000000000000e+00	 
 2.54000000000000003553e+00	 4.20656883496205854465e-41	 0.00000000000000000000e+00	 1.31784033740867394938e-40	 3.54342973327124602110e-36	 4.72024280323061583849e-36	 5.80585541169387761205e-38	 0.00000000000000000000e+00	 2.83743774250715955263e-37	 1.80769686324444161634e-37	 4.71132559459050493520e-36	 8.94291629486623916638e-38	 0.00000000000000000000e+00	 0.00000000000000000000e+00	 0.00000000000000000000e+00	 
 2.56000000000000049738e+00	 0.00000000000000000000e+00	 0.00000000000000000000e+00	 0.00000000000000000000e+00	 0.00000000000000000000e+00	 0.00000000000000000000e+00	 0.00000000000000000000e+00	 0.00000000000000000000e+00	 0.00000000000000000000e+00	 0.00000000000000000000e+00	 0.00000000000000000000e+00	 0.00000000000000000000e+00	 0.00000000000000000000e+00	 0.00000000000000000000e+00	 0.00000000000000000000e+00	 
 2.58000000000000007105e+00	 3.29250117527374648017e-43	 0.00000000000000000000e+00	 1.03147981882639975976e-42	 2.77346061136398279993e-38	 3.69455899488019138365e-38	 4.54427029984095955542e-40	 0.00000000000000000000e+00	 2.22087584443095857265e-39	 1.41489282137706698983e-39	 3.68757937052985544659e-38	 6.99966270136605507160e-40	 0.00000000000000000000e+00	 0.00000000000000000000e+00	 0.00000000000000000000e+00	 
 2.60000000000000008882e+00	 0.00000000000000000000e+00	 0.00000000000000000000e+00	 0.00000000000000000000e+00	 0.00000000000000000000e+00	 0.00000000000000000000e+00	 0.00000000000000000000e+00	 0.00000000000000000000e+00	 0.00000000000000000000e+00	 0.00000000000000000000e+00	 0.00000000000000000000e+00	 0.00000000000000000000e+00	 0.00000000000000000000e+00	 0.00000000000000000000e+00	 0.00000000000000000000e+00	 
 2.62000000000000055067e+00	 2.60261439398606066045e-45	 0.00000000000000000000e+00	 8.15351029715356351443e-45	 2.19233097595198142246e-40	 2.92043005730818082953e-40	 3.59209691795567580043e-42	 0.00000000000000000000e+00	 1.75552965327594634767e-41	 1.11842645669253350144e-41	 2.91491282954197053181e-40	 5.53300431980641423574e-42	 0.00000000000000000000e+00	 0.00000000000000000000e+00	 0.00000000000000000000e+00	 
 2.64000000000000012434e+00	 0.00000000000000000000e+00	 0.00000000000000000000e+00	 0.00000000000000000000e+00	 0.00000000000000000000e+00	 0.00000000000000000000e+00	 0.00000000000000000000e+00	 0.00000000000000000000e+00	 0.00000000000000000000e+00	 0.00000000000000000000e+00	 0.00000000000000000000e+00	 0.00000000000000000000e+00	 0.00000000000000000000e+00	 0.00000000000000000000e+00	 0.00000000000000000000e+00	 
 2.66000000000000014211e+00	 0.00000000000000000000e+00	 0.00000000000000000000e+00	 0.00000000000000000000e+00	 1.71148252413359246443e-42	 2.27988655209610135888e-42	 2.80423358731577057027e-44	 0.00000000000000000000e+00	 1.37048507404066528719e-43	 8.73119266860443787274e-44	 2.27557938626398592610e-42	 4.31943711947149381837e-44	 0.00000000000000000000e+00	 0.00000000000000000000e+00	 0.00000000000000000000e+00	 
 2.67999999999999971578e+00	 0.00000000000000000000e+00	 0.00000000000000000000e+00	 0.00000000000000000000e+00	 0.00000000000000000000e+00	 0.00000000000000000000e+00	 0.00000000000000000000e+00	 0.00000000000000000000e+00	 0.00000000000000000000e+00	 0.00000000000000000000e+00	 0.00000000000000000000e+00	 0.00000000000000000000e+00	 0.00000000000000000000e+00	 0.00000000000000000000e+00	 0.00000000000000000000e+00	 
 2.70000000000000017764e+00	 0.00000000000000000000e+00	 0.00000000000000000000e+00	 0.00000000000000000000e+00	 1.29579996876868341107e-44	 1.72615107307794951798e-44	 2.12314423603150053326e-46	 0.00000000000000000000e+00	 1.03762307649022043660e-45	 6.61056961666196198632e-46	 1.72288999707025832598e-44	 3.27033674151530260317e-46	 0.00000000000000000000e+00	 0.00000000000000000000e+00	 0.00000000000000000000e+00	 
 2.72000000000000019540e+00	 0.00000000000000000000e+00	 0.00000000000000000000e+00	 0.00000000000000000000e+00	 0.00000000000000000000e+00	 0.00000000000000000000e+00	 0.00000000000000000000e+00	 0.00000000000000000000e+00	 0.00000000000000000000e+00	 0.00000000000000000000e+00	 0.00000000000000000000e+00	 0.00000000000000000000e+00	 0.00000000000000000000e+00	 0.00000000000000000000e+00	 0.00000000000000000000e+00	 
 2.73999999999999976907e+00	 0.00000000000000000000e+00	 0.00000000000000000000e+00	 0.00000000000000000000e+00	 0.00000000000000000000e+00	 1.24857097853389576340e-46	 0.00000000000000000000e+00	 0.00000000000000000000e+00	 0.00000000000000000000e+00	 0.00000000000000000000e+00	 1.24621213778758618870e-46	 0.00000000000000000000e+00	 0.00000000000000000000e+00	 0.00000000000000000000e+00	 0.00000000000000000000e+00	 
 2.76000000000000023093e+00	 0.00000000000000000000e+00	 0.00000000000000000000e+00	 0.00000000000000000000e+00	 0.00000000000000000000e+00	 0.00000000000000000000e+00	 0.00000000000000000000e+00	 0.00000000000000000000e+00	 0.00000000000000000000e+00	 0.00000000000000000000e+00	 0.00000000000000000000e+00	 0.00000000000000000000e+00	 0.00000000000000000000e+00	 0.00000000000000000000e+00	 0.00000000000000000000e+00	 
 2.77999999999999980460e+00	 0.00000000000000000000e+00	 0.00000000000000000000e+00	 0.00000000000000000000e+00	 0.00000000000000000000e+00	 0.00000000000000000000e+00	 0.00000000000000000000e+00	 0.00000000000000000000e+00	 0.00000000000000000000e+00	 0.00000000000000000000e+00	 0.00000000000000000000e+00	 0.00000000000000000000e+00	 0.00000000000000000000e+00	 0.00000000000000000000e+00	 0.00000000000000000000e+00	 
 2.79999999999999982236e+00	 0.00000000000000000000e+00	 0.00000000000000000000e+00	 0.00000000000000000000e+00	 0.00000000000000000000e+00	 0.00000000000000000000e+00	 0.00000000000000000000e+00	 0.00000000000000000000e+00	 0.00000000000000000000e+00	 0.00000000000000000000e+00	 0.00000000000000000000e+00	 0.00000000000000000000e+00	 0.00000000000000000000e+00	 0.00000000000000000000e+00	 0.00000000000000000000e+00	 
 2.82000000000000028422e+00	 0.00000000000000000000e+00	 0.00000000000000000000e+00	 0.00000000000000000000e+00	 0.00000000000000000000e+00	 0.00000000000000000000e+00	 0.00000000000000000000e+00	 0.00000000000000000000e+00	 0.00000000000000000000e+00	 0.00000000000000000000e+00	 0.00000000000000000000e+00	 0.00000000000000000000e+00	 0.00000000000000000000e+00	 0.00000000000000000000e+00	 0.00000000000000000000e+00	 
 2.83999999999999985789e+00	 0.00000000000000000000e+00	 0.00000000000000000000e+00	 0.00000000000000000000e+00	 0.00000000000000000000e+00	 0.00000000000000000000e+00	 0.00000000000000000000e+00	 0.00000000000000000000e+00	 0.00000000000000000000e+00	 0.00000000000000000000e+00	 0.00000000000000000000e+00	 0.00000000000000000000e+00	 0.00000000000000000000e+00	 0.00000000000000000000e+00	 0.00000000000000000000e+00	 
 2.85999999999999987566e+00	 0.00000000000000000000e+00	 0.00000000000000000000e+00	 0.00000000000000000000e+00	 0.00000000000000000000e+00	 0.00000000000000000000e+00	 0.00000000000000000000e+00	 0.00000000000000000000e+00	 0.00000000000000000000e+00	 0.00000000000000000000e+00	 0.00000000000000000000e+00	 0.00000000000000000000e+00	 0.00000000000000000000e+00	 0.00000000000000000000e+00	 0.00000000000000000000e+00	 
 2.87999999999999989342e+00	 0.00000000000000000000e+00	 0.00000000000000000000e+00	 0.00000000000000000000e+00	 0.00000000000000000000e+00	 0.00000000000000000000e+00	 0.00000000000000000000e+00	 0.00000000000000000000e+00	 0.00000000000000000000e+00	 0.00000000000000000000e+00	 0.00000000000000000000e+00	 0.00000000000000000000e+00	 0.00000000000000000000e+00	 0.00000000000000000000e+00	 0.00000000000000000000e+00	 
 2.90000000000000035527e+00	 0.00000000000000000000e+00	 0.00000000000000000000e+00	 0.00000000000000000000e+00	 0.00000000000000000000e+00	 0.00000000000000000000e+00	 0.00000000000000000000e+00	 0.00000000000000000000e+00	 0.00000000000000000000e+00	 0.00000000000000000000e+00	 0.00000000000000000000e+00	 0.00000000000000000000e+00	 0.00000000000000000000e+00	 0.00000000000000000000e+00	 0.00000000000000000000e+00	 
 2.91999999999999992895e+00	 0.00000000000000000000e+00	 0.00000000000000000000e+00	 0.00000000000000000000e+00	 0.00000000000000000000e+00	 0.00000000000000000000e+00	 0.00000000000000000000e+00	 0.00000000000000000000e+00	 0.00000000000000000000e+00	 0.00000000000000000000e+00	 0.00000000000000000000e+00	 0.00000000000000000000e+00	 0.00000000000000000000e+00	 0.00000000000000000000e+00	 0.00000000000000000000e+00	 
 2.93999999999999994671e+00	 0.00000000000000000000e+00	 0.00000000000000000000e+00	 0.00000000000000000000e+00	 0.00000000000000000000e+00	 0.00000000000000000000e+00	 0.00000000000000000000e+00	 0.00000000000000000000e+00	 0.00000000000000000000e+00	 0.00000000000000000000e+00	 0.00000000000000000000e+00	 0.00000000000000000000e+00	 0.00000000000000000000e+00	 0.00000000000000000000e+00	 0.00000000000000000000e+00	 
 2.96000000000000040856e+00	 0.00000000000000000000e+00	 0.00000000000000000000e+00	 0.00000000000000000000e+00	 0.00000000000000000000e+00	 0.00000000000000000000e+00	 0.00000000000000000000e+00	 0.00000000000000000000e+00	 0.00000000000000000000e+00	 0.00000000000000000000e+00	 0.00000000000000000000e+00	 0.00000000000000000000e+00	 0.00000000000000000000e+00	 0.00000000000000000000e+00	 0.00000000000000000000e+00	 
 2.97999999999999998224e+00	 0.00000000000000000000e+00	 0.00000000000000000000e+00	 0.00000000000000000000e+00	 0.00000000000000000000e+00	 0.00000000000000000000e+00	 0.00000000000000000000e+00	 0.00000000000000000000e+00	 0.00000000000000000000e+00	 0.00000000000000000000e+00	 0.00000000000000000000e+00	 0.00000000000000000000e+00	 0.00000000000000000000e+00	 0.00000000000000000000e+00	 0.00000000000000000000e+00	 
 3.00000000000000000000e+00	 0.00000000000000000000e+00	 0.00000000000000000000e+00	 0.00000000000000000000e+00	 0.00000000000000000000e+00	 0.00000000000000000000e+00	 0.00000000000000000000e+00	 0.00000000000000000000e+00	 0.00000000000000000000e+00	 0.00000000000000000000e+00	 0.00000000000000000000e+00	 0.00000000000000000000e+00	 0.00000000000000000000e+00	 0.00000000000000000000e+00	 0.00000000000000000000e+00	 
 3.02000000000000046185e+00	 0.00000000000000000000e+00	 0.00000000000000000000e+00	 0.00000000000000000000e+00	 0.00000000000000000000e+00	 0.00000000000000000000e+00	 0.00000000000000000000e+00	 0.00000000000000000000e+00	 0.00000000000000000000e+00	 0.00000000000000000000e+00	 0.00000000000000000000e+00	 0.00000000000000000000e+00	 0.00000000000000000000e+00	 0.00000000000000000000e+00	 0.00000000000000000000e+00	 
 3.04000000000000003553e+00	 0.00000000000000000000e+00	 0.00000000000000000000e+00	 0.00000000000000000000e+00	 0.00000000000000000000e+00	 0.00000000000000000000e+00	 0.00000000000000000000e+00	 0.00000000000000000000e+00	 0.00000000000000000000e+00	 0.00000000000000000000e+00	 0.00000000000000000000e+00	 0.00000000000000000000e+00	 0.00000000000000000000e+00	 0.00000000000000000000e+00	 0.00000000000000000000e+00	 
 3.06000000000000005329e+00	 0.00000000000000000000e+00	 0.00000000000000000000e+00	 0.00000000000000000000e+00	 0.00000000000000000000e+00	 0.00000000000000000000e+00	 0.00000000000000000000e+00	 0.00000000000000000000e+00	 0.00000000000000000000e+00	 0.00000000000000000000e+00	 0.00000000000000000000e+00	 0.00000000000000000000e+00	 0.00000000000000000000e+00	 0.00000000000000000000e+00	 0.00000000000000000000e+00	 
 3.08000000000000007105e+00	 0.00000000000000000000e+00	 0.00000000000000000000e+00	 0.00000000000000000000e+00	 0.00000000000000000000e+00	 0.00000000000000000000e+00	 0.00000000000000000000e+00	 0.00000000000000000000e+00	 0.00000000000000000000e+00	 0.00000000000000000000e+00	 0.00000000000000000000e+00	 0.00000000000000000000e+00	 0.00000000000000000000e+00	 0.00000000000000000000e+00	 0.00000000000000000000e+00	 
 3.10000000000000008882e+00	 0.00000000000000000000e+00	 0.00000000000000000000e+00	 0.00000000000000000000e+00	 0.00000000000000000000e+00	 0.00000000000000000000e+00	 0.00000000000000000000e+00	 0.00000000000000000000e+00	 0.00000000000000000000e+00	 0.00000000000000000000e+00	 0.00000000000000000000e+00	 0.00000000000000000000e+00	 0.00000000000000000000e+00	 0.00000000000000000000e+00	 0.00000000000000000000e+00	 
 3.12000000000000010658e+00	 0.00000000000000000000e+00	 0.00000000000000000000e+00	 0.00000000000000000000e+00	 0.00000000000000000000e+00	 0.00000000000000000000e+00	 0.00000000000000000000e+00	 0.00000000000000000000e+00	 0.00000000000000000000e+00	 0.00000000000000000000e+00	 0.00000000000000000000e+00	 0.00000000000000000000e+00	 0.00000000000000000000e+00	 0.00000000000000000000e+00	 0.00000000000000000000e+00	 
 3.13999999999999968026e+00	 0.00000000000000000000e+00	 0.00000000000000000000e+00	 0.00000000000000000000e+00	 0.00000000000000000000e+00	 0.00000000000000000000e+00	 0.00000000000000000000e+00	 0.00000000000000000000e+00	 0.00000000000000000000e+00	 0.00000000000000000000e+00	 0.00000000000000000000e+00	 0.00000000000000000000e+00	 0.00000000000000000000e+00	 0.00000000000000000000e+00	 0.00000000000000000000e+00	 
 3.16000000000000014211e+00	 0.00000000000000000000e+00	 0.00000000000000000000e+00	 0.00000000000000000000e+00	 0.00000000000000000000e+00	 0.00000000000000000000e+00	 0.00000000000000000000e+00	 0.00000000000000000000e+00	 0.00000000000000000000e+00	 0.00000000000000000000e+00	 0.00000000000000000000e+00	 0.00000000000000000000e+00	 0.00000000000000000000e+00	 0.00000000000000000000e+00	 0.00000000000000000000e+00	 
 3.18000000000000015987e+00	 0.00000000000000000000e+00	 0.00000000000000000000e+00	 0.00000000000000000000e+00	 0.00000000000000000000e+00	 0.00000000000000000000e+00	 0.00000000000000000000e+00	 0.00000000000000000000e+00	 0.00000000000000000000e+00	 0.00000000000000000000e+00	 0.00000000000000000000e+00	 0.00000000000000000000e+00	 0.00000000000000000000e+00	 0.00000000000000000000e+00	 0.00000000000000000000e+00	 
 3.19999999999999973355e+00	 0.00000000000000000000e+00	 0.00000000000000000000e+00	 0.00000000000000000000e+00	 0.00000000000000000000e+00	 0.00000000000000000000e+00	 0.00000000000000000000e+00	 0.00000000000000000000e+00	 0.00000000000000000000e+00	 0.00000000000000000000e+00	 0.00000000000000000000e+00	 0.00000000000000000000e+00	 0.00000000000000000000e+00	 0.00000000000000000000e+00	 0.00000000000000000000e+00	 
 3.22000000000000019540e+00	 0.00000000000000000000e+00	 0.00000000000000000000e+00	 0.00000000000000000000e+00	 0.00000000000000000000e+00	 0.00000000000000000000e+00	 0.00000000000000000000e+00	 0.00000000000000000000e+00	 0.00000000000000000000e+00	 0.00000000000000000000e+00	 0.00000000000000000000e+00	 0.00000000000000000000e+00	 0.00000000000000000000e+00	 0.00000000000000000000e+00	 0.00000000000000000000e+00	 
 3.24000000000000021316e+00	 0.00000000000000000000e+00	 0.00000000000000000000e+00	 0.00000000000000000000e+00	 0.00000000000000000000e+00	 0.00000000000000000000e+00	 0.00000000000000000000e+00	 0.00000000000000000000e+00	 0.00000000000000000000e+00	 0.00000000000000000000e+00	 0.00000000000000000000e+00	 0.00000000000000000000e+00	 0.00000000000000000000e+00	 0.00000000000000000000e+00	 0.00000000000000000000e+00	 
 3.25999999999999978684e+00	 0.00000000000000000000e+00	 0.00000000000000000000e+00	 0.00000000000000000000e+00	 0.00000000000000000000e+00	 0.00000000000000000000e+00	 0.00000000000000000000e+00	 0.00000000000000000000e+00	 0.00000000000000000000e+00	 0.00000000000000000000e+00	 0.00000000000000000000e+00	 0.00000000000000000000e+00	 0.00000000000000000000e+00	 0.00000000000000000000e+00	 0.00000000000000000000e+00	 
 3.28000000000000024869e+00	 0.00000000000000000000e+00	 0.00000000000000000000e+00	 0.00000000000000000000e+00	 0.00000000000000000000e+00	 0.00000000000000000000e+00	 0.00000000000000000000e+00	 0.00000000000000000000e+00	 0.00000000000000000000e+00	 0.00000000000000000000e+00	 0.00000000000000000000e+00	 0.00000000000000000000e+00	 0.00000000000000000000e+00	 0.00000000000000000000e+00	 0.00000000000000000000e+00	 
 3.29999999999999982236e+00	 0.00000000000000000000e+00	 0.00000000000000000000e+00	 0.00000000000000000000e+00	 0.00000000000000000000e+00	 0.00000000000000000000e+00	 0.00000000000000000000e+00	 0.00000000000000000000e+00	 0.00000000000000000000e+00	 0.00000000000000000000e+00	 0.00000000000000000000e+00	 0.00000000000000000000e+00	 0.00000000000000000000e+00	 0.00000000000000000000e+00	 0.00000000000000000000e+00	 
 3.31999999999999984013e+00	 0.00000000000000000000e+00	 0.00000000000000000000e+00	 0.00000000000000000000e+00	 0.00000000000000000000e+00	 0.00000000000000000000e+00	 0.00000000000000000000e+00	 0.00000000000000000000e+00	 0.00000000000000000000e+00	 0.00000000000000000000e+00	 0.00000000000000000000e+00	 0.00000000000000000000e+00	 0.00000000000000000000e+00	 0.00000000000000000000e+00	 0.00000000000000000000e+00	 
 3.34000000000000030198e+00	 0.00000000000000000000e+00	 0.00000000000000000000e+00	 0.00000000000000000000e+00	 0.00000000000000000000e+00	 0.00000000000000000000e+00	 0.00000000000000000000e+00	 0.00000000000000000000e+00	 0.00000000000000000000e+00	 0.00000000000000000000e+00	 0.00000000000000000000e+00	 0.00000000000000000000e+00	 0.00000000000000000000e+00	 0.00000000000000000000e+00	 0.00000000000000000000e+00	 
 3.36000000000000031974e+00	 0.00000000000000000000e+00	 0.00000000000000000000e+00	 0.00000000000000000000e+00	 0.00000000000000000000e+00	 0.00000000000000000000e+00	 0.00000000000000000000e+00	 0.00000000000000000000e+00	 0.00000000000000000000e+00	 0.00000000000000000000e+00	 0.00000000000000000000e+00	 0.00000000000000000000e+00	 0.00000000000000000000e+00	 0.00000000000000000000e+00	 0.00000000000000000000e+00	 
 3.37999999999999989342e+00	 0.00000000000000000000e+00	 0.00000000000000000000e+00	 0.00000000000000000000e+00	 0.00000000000000000000e+00	 0.00000000000000000000e+00	 0.00000000000000000000e+00	 0.00000000000000000000e+00	 0.00000000000000000000e+00	 0.00000000000000000000e+00	 0.00000000000000000000e+00	 0.00000000000000000000e+00	 0.00000000000000000000e+00	 0.00000000000000000000e+00	 0.00000000000000000000e+00	 
 3.39999999999999991118e+00	 0.00000000000000000000e+00	 0.00000000000000000000e+00	 0.00000000000000000000e+00	 0.00000000000000000000e+00	 0.00000000000000000000e+00	 0.00000000000000000000e+00	 0.00000000000000000000e+00	 0.00000000000000000000e+00	 0.00000000000000000000e+00	 0.00000000000000000000e+00	 0.00000000000000000000e+00	 0.00000000000000000000e+00	 0.00000000000000000000e+00	 0.00000000000000000000e+00	 
 3.42000000000000037303e+00	 0.00000000000000000000e+00	 0.00000000000000000000e+00	 0.00000000000000000000e+00	 0.00000000000000000000e+00	 0.00000000000000000000e+00	 0.00000000000000000000e+00	 0.00000000000000000000e+00	 0.00000000000000000000e+00	 0.00000000000000000000e+00	 0.00000000000000000000e+00	 0.00000000000000000000e+00	 0.00000000000000000000e+00	 0.00000000000000000000e+00	 0.00000000000000000000e+00	 
 3.43999999999999994671e+00	 0.00000000000000000000e+00	 0.00000000000000000000e+00	 0.00000000000000000000e+00	 0.00000000000000000000e+00	 0.00000000000000000000e+00	 0.00000000000000000000e+00	 0.00000000000000000000e+00	 0.00000000000000000000e+00	 0.00000000000000000000e+00	 0.00000000000000000000e+00	 0.00000000000000000000e+00	 0.00000000000000000000e+00	 0.00000000000000000000e+00	 0.00000000000000000000e+00	 
 3.45999999999999996447e+00	 0.00000000000000000000e+00	 0.00000000000000000000e+00	 0.00000000000000000000e+00	 0.00000000000000000000e+00	 0.00000000000000000000e+00	 0.00000000000000000000e+00	 0.00000000000000000000e+00	 0.00000000000000000000e+00	 0.00000000000000000000e+00	 0.00000000000000000000e+00	 0.00000000000000000000e+00	 0.00000000000000000000e+00	 0.00000000000000000000e+00	 0.00000000000000000000e+00	 
 3.48000000000000042633e+00	 0.00000000000000000000e+00	 0.00000000000000000000e+00	 0.00000000000000000000e+00	 0.00000000000000000000e+00	 0.00000000000000000000e+00	 0.00000000000000000000e+00	 0.00000000000000000000e+00	 0.00000000000000000000e+00	 0.00000000000000000000e+00	 0.00000000000000000000e+00	 0.00000000000000000000e+00	 0.00000000000000000000e+00	 0.00000000000000000000e+00	 0.00000000000000000000e+00	 
 3.50000000000000000000e+00	 0.00000000000000000000e+00	 0.00000000000000000000e+00	 0.00000000000000000000e+00	 0.00000000000000000000e+00	 0.00000000000000000000e+00	 0.00000000000000000000e+00	 0.00000000000000000000e+00	 0.00000000000000000000e+00	 0.00000000000000000000e+00	 0.00000000000000000000e+00	 0.00000000000000000000e+00	 0.00000000000000000000e+00	 0.00000000000000000000e+00	 0.00000000000000000000e+00	 
 3.52000000000000001776e+00	 0.00000000000000000000e+00	 0.00000000000000000000e+00	 0.00000000000000000000e+00	 0.00000000000000000000e+00	 0.00000000000000000000e+00	 0.00000000000000000000e+00	 0.00000000000000000000e+00	 0.00000000000000000000e+00	 0.00000000000000000000e+00	 0.00000000000000000000e+00	 0.00000000000000000000e+00	 0.00000000000000000000e+00	 0.00000000000000000000e+00	 0.00000000000000000000e+00	 
 3.54000000000000047962e+00	 0.00000000000000000000e+00	 0.00000000000000000000e+00	 0.00000000000000000000e+00	 0.00000000000000000000e+00	 0.00000000000000000000e+00	 0.00000000000000000000e+00	 0.00000000000000000000e+00	 0.00000000000000000000e+00	 0.00000000000000000000e+00	 0.00000000000000000000e+00	 0.00000000000000000000e+00	 0.00000000000000000000e+00	 0.00000000000000000000e+00	 0.00000000000000000000e+00	 
 3.56000000000000005329e+00	 0.00000000000000000000e+00	 0.00000000000000000000e+00	 0.00000000000000000000e+00	 0.00000000000000000000e+00	 0.00000000000000000000e+00	 0.00000000000000000000e+00	 0.00000000000000000000e+00	 0.00000000000000000000e+00	 0.00000000000000000000e+00	 0.00000000000000000000e+00	 0.00000000000000000000e+00	 0.00000000000000000000e+00	 0.00000000000000000000e+00	 0.00000000000000000000e+00	 
 3.58000000000000007105e+00	 0.00000000000000000000e+00	 0.00000000000000000000e+00	 0.00000000000000000000e+00	 0.00000000000000000000e+00	 0.00000000000000000000e+00	 0.00000000000000000000e+00	 0.00000000000000000000e+00	 0.00000000000000000000e+00	 0.00000000000000000000e+00	 0.00000000000000000000e+00	 0.00000000000000000000e+00	 0.00000000000000000000e+00	 0.00000000000000000000e+00	 0.00000000000000000000e+00	 
 3.60000000000000053291e+00	 0.00000000000000000000e+00	 0.00000000000000000000e+00	 0.00000000000000000000e+00	 0.00000000000000000000e+00	 0.00000000000000000000e+00	 0.00000000000000000000e+00	 0.00000000000000000000e+00	 0.00000000000000000000e+00	 0.00000000000000000000e+00	 0.00000000000000000000e+00	 0.00000000000000000000e+00	 0.00000000000000000000e+00	 0.00000000000000000000e+00	 0.00000000000000000000e+00	 
 3.62000000000000010658e+00	 0.00000000000000000000e+00	 0.00000000000000000000e+00	 0.00000000000000000000e+00	 0.00000000000000000000e+00	 0.00000000000000000000e+00	 0.00000000000000000000e+00	 0.00000000000000000000e+00	 0.00000000000000000000e+00	 0.00000000000000000000e+00	 0.00000000000000000000e+00	 0.00000000000000000000e+00	 0.00000000000000000000e+00	 0.00000000000000000000e+00	 0.00000000000000000000e+00	 
 3.63999999999999968026e+00	 0.00000000000000000000e+00	 0.00000000000000000000e+00	 0.00000000000000000000e+00	 0.00000000000000000000e+00	 0.00000000000000000000e+00	 0.00000000000000000000e+00	 0.00000000000000000000e+00	 0.00000000000000000000e+00	 0.00000000000000000000e+00	 0.00000000000000000000e+00	 0.00000000000000000000e+00	 0.00000000000000000000e+00	 0.00000000000000000000e+00	 0.00000000000000000000e+00	 
 3.65999999999999969802e+00	 0.00000000000000000000e+00	 0.00000000000000000000e+00	 0.00000000000000000000e+00	 0.00000000000000000000e+00	 0.00000000000000000000e+00	 0.00000000000000000000e+00	 0.00000000000000000000e+00	 0.00000000000000000000e+00	 0.00000000000000000000e+00	 0.00000000000000000000e+00	 0.00000000000000000000e+00	 0.00000000000000000000e+00	 0.00000000000000000000e+00	 0.00000000000000000000e+00	 
 3.68000000000000015987e+00	 0.00000000000000000000e+00	 0.00000000000000000000e+00	 0.00000000000000000000e+00	 0.00000000000000000000e+00	 0.00000000000000000000e+00	 0.00000000000000000000e+00	 0.00000000000000000000e+00	 0.00000000000000000000e+00	 0.00000000000000000000e+00	 0.00000000000000000000e+00	 0.00000000000000000000e+00	 0.00000000000000000000e+00	 0.00000000000000000000e+00	 0.00000000000000000000e+00	 
 3.70000000000000017764e+00	 0.00000000000000000000e+00	 0.00000000000000000000e+00	 0.00000000000000000000e+00	 0.00000000000000000000e+00	 0.00000000000000000000e+00	 0.00000000000000000000e+00	 0.00000000000000000000e+00	 0.00000000000000000000e+00	 0.00000000000000000000e+00	 0.00000000000000000000e+00	 0.00000000000000000000e+00	 0.00000000000000000000e+00	 0.00000000000000000000e+00	 0.00000000000000000000e+00	 
 3.71999999999999975131e+00	 0.00000000000000000000e+00	 0.00000000000000000000e+00	 0.00000000000000000000e+00	 0.00000000000000000000e+00	 0.00000000000000000000e+00	 0.00000000000000000000e+00	 0.00000000000000000000e+00	 0.00000000000000000000e+00	 0.00000000000000000000e+00	 0.00000000000000000000e+00	 0.00000000000000000000e+00	 0.00000000000000000000e+00	 0.00000000000000000000e+00	 0.00000000000000000000e+00	 
 3.74000000000000021316e+00	 0.00000000000000000000e+00	 0.00000000000000000000e+00	 0.00000000000000000000e+00	 0.00000000000000000000e+00	 0.00000000000000000000e+00	 0.00000000000000000000e+00	 0.00000000000000000000e+00	 0.00000000000000000000e+00	 0.00000000000000000000e+00	 0.00000000000000000000e+00	 0.00000000000000000000e+00	 0.00000000000000000000e+00	 0.00000000000000000000e+00	 0.00000000000000000000e+00	 
 3.76000000000000023093e+00	 0.00000000000000000000e+00	 0.00000000000000000000e+00	 0.00000000000000000000e+00	 0.00000000000000000000e+00	 0.00000000000000000000e+00	 0.00000000000000000000e+00	 0.00000000000000000000e+00	 0.00000000000000000000e+00	 0.00000000000000000000e+00	 0.00000000000000000000e+00	 0.00000000000000000000e+00	 0.00000000000000000000e+00	 0.00000000000000000000e+00	 0.00000000000000000000e+00	 
 3.77999999999999980460e+00	 0.00000000000000000000e+00	 0.00000000000000000000e+00	 0.00000000000000000000e+00	 0.00000000000000000000e+00	 0.00000000000000000000e+00	 0.00000000000000000000e+00	 0.00000000000000000000e+00	 0.00000000000000000000e+00	 0.00000000000000000000e+00	 0.00000000000000000000e+00	 0.00000000000000000000e+00	 0.00000000000000000000e+00	 0.00000000000000000000e+00	 0.00000000000000000000e+00	 
 3.80000000000000026645e+00	 0.00000000000000000000e+00	 0.00000000000000000000e+00	 0.00000000000000000000e+00	 0.00000000000000000000e+00	 0.00000000000000000000e+00	 0.00000000000000000000e+00	 0.00000000000000000000e+00	 0.00000000000000000000e+00	 0.00000000000000000000e+00	 0.00000000000000000000e+00	 0.00000000000000000000e+00	 0.00000000000000000000e+00	 0.00000000000000000000e+00	 0.00000000000000000000e+00	 
 3.82000000000000028422e+00	 0.00000000000000000000e+00	 0.00000000000000000000e+00	 0.00000000000000000000e+00	 0.00000000000000000000e+00	 0.00000000000000000000e+00	 0.00000000000000000000e+00	 0.00000000000000000000e+00	 0.00000000000000000000e+00	 0.00000000000000000000e+00	 0.00000000000000000000e+00	 0.00000000000000000000e+00	 0.00000000000000000000e+00	 0.00000000000000000000e+00	 0.00000000000000000000e+00	 
 3.83999999999999985789e+00	 0.00000000000000000000e+00	 0.00000000000000000000e+00	 0.00000000000000000000e+00	 0.00000000000000000000e+00	 0.00000000000000000000e+00	 0.00000000000000000000e+00	 0.00000000000000000000e+00	 0.00000000000000000000e+00	 0.00000000000000000000e+00	 0.00000000000000000000e+00	 0.00000000000000000000e+00	 0.00000000000000000000e+00	 0.00000000000000000000e+00	 0.00000000000000000000e+00	 
 3.86000000000000031974e+00	 0.00000000000000000000e+00	 0.00000000000000000000e+00	 0.00000000000000000000e+00	 0.00000000000000000000e+00	 0.00000000000000000000e+00	 0.00000000000000000000e+00	 0.00000000000000000000e+00	 0.00000000000000000000e+00	 0.00000000000000000000e+00	 0.00000000000000000000e+00	 0.00000000000000000000e+00	 0.00000000000000000000e+00	 0.00000000000000000000e+00	 0.00000000000000000000e+00	 
 3.87999999999999989342e+00	 0.00000000000000000000e+00	 0.00000000000000000000e+00	 0.00000000000000000000e+00	 0.00000000000000000000e+00	 0.00000000000000000000e+00	 0.00000000000000000000e+00	 0.00000000000000000000e+00	 0.00000000000000000000e+00	 0.00000000000000000000e+00	 0.00000000000000000000e+00	 0.00000000000000000000e+00	 0.00000000000000000000e+00	 0.00000000000000000000e+00	 0.00000000000000000000e+00	 
 3.89999999999999991118e+00	 0.00000000000000000000e+00	 0.00000000000000000000e+00	 0.00000000000000000000e+00	 0.00000000000000000000e+00	 0.00000000000000000000e+00	 0.00000000000000000000e+00	 0.00000000000000000000e+00	 0.00000000000000000000e+00	 0.00000000000000000000e+00	 0.00000000000000000000e+00	 0.00000000000000000000e+00	 0.00000000000000000000e+00	 0.00000000000000000000e+00	 0.00000000000000000000e+00	 
 3.91999999999999948486e+00	 0.00000000000000000000e+00	 0.00000000000000000000e+00	 0.00000000000000000000e+00	 0.00000000000000000000e+00	 0.00000000000000000000e+00	 0.00000000000000000000e+00	 0.00000000000000000000e+00	 0.00000000000000000000e+00	 0.00000000000000000000e+00	 0.00000000000000000000e+00	 0.00000000000000000000e+00	 0.00000000000000000000e+00	 0.00000000000000000000e+00	 0.00000000000000000000e+00	 
 3.93999999999999994671e+00	 0.00000000000000000000e+00	 0.00000000000000000000e+00	 0.00000000000000000000e+00	 0.00000000000000000000e+00	 0.00000000000000000000e+00	 0.00000000000000000000e+00	 0.00000000000000000000e+00	 0.00000000000000000000e+00	 0.00000000000000000000e+00	 0.00000000000000000000e+00	 0.00000000000000000000e+00	 0.00000000000000000000e+00	 0.00000000000000000000e+00	 0.00000000000000000000e+00	 
 3.95999999999999996447e+00	 0.00000000000000000000e+00	 0.00000000000000000000e+00	 0.00000000000000000000e+00	 0.00000000000000000000e+00	 0.00000000000000000000e+00	 0.00000000000000000000e+00	 0.00000000000000000000e+00	 0.00000000000000000000e+00	 0.00000000000000000000e+00	 0.00000000000000000000e+00	 0.00000000000000000000e+00	 0.00000000000000000000e+00	 0.00000000000000000000e+00	 0.00000000000000000000e+00	 
 3.97999999999999953815e+00	 0.00000000000000000000e+00	 0.00000000000000000000e+00	 0.00000000000000000000e+00	 0.00000000000000000000e+00	 0.00000000000000000000e+00	 0.00000000000000000000e+00	 0.00000000000000000000e+00	 0.00000000000000000000e+00	 0.00000000000000000000e+00	 0.00000000000000000000e+00	 0.00000000000000000000e+00	 0.00000000000000000000e+00	 0.00000000000000000000e+00	 0.00000000000000000000e+00	 
 4.00000000000000000000e+00	 0.00000000000000000000e+00	 0.00000000000000000000e+00	 0.00000000000000000000e+00	 0.00000000000000000000e+00	 0.00000000000000000000e+00	 0.00000000000000000000e+00	 0.00000000000000000000e+00	 0.00000000000000000000e+00	 0.00000000000000000000e+00	 0.00000000000000000000e+00	 0.00000000000000000000e+00	 0.00000000000000000000e+00	 0.00000000000000000000e+00	 0.00000000000000000000e+00	 
 4.01999999999999957367e+00	 0.00000000000000000000e+00	 0.00000000000000000000e+00	 0.00000000000000000000e+00	 0.00000000000000000000e+00	 0.00000000000000000000e+00	 0.00000000000000000000e+00	 0.00000000000000000000e+00	 0.00000000000000000000e+00	 0.00000000000000000000e+00	 0.00000000000000000000e+00	 0.00000000000000000000e+00	 0.00000000000000000000e+00	 0.00000000000000000000e+00	 0.00000000000000000000e+00	 
 4.04000000000000003553e+00	 0.00000000000000000000e+00	 0.00000000000000000000e+00	 0.00000000000000000000e+00	 0.00000000000000000000e+00	 0.00000000000000000000e+00	 0.00000000000000000000e+00	 0.00000000000000000000e+00	 0.00000000000000000000e+00	 0.00000000000000000000e+00	 0.00000000000000000000e+00	 0.00000000000000000000e+00	 0.00000000000000000000e+00	 0.00000000000000000000e+00	 0.00000000000000000000e+00	 
 4.06000000000000049738e+00	 0.00000000000000000000e+00	 0.00000000000000000000e+00	 0.00000000000000000000e+00	 0.00000000000000000000e+00	 0.00000000000000000000e+00	 0.00000000000000000000e+00	 0.00000000000000000000e+00	 0.00000000000000000000e+00	 0.00000000000000000000e+00	 0.00000000000000000000e+00	 0.00000000000000000000e+00	 0.00000000000000000000e+00	 0.00000000000000000000e+00	 0.00000000000000000000e+00	 
 4.08000000000000007105e+00	 0.00000000000000000000e+00	 0.00000000000000000000e+00	 0.00000000000000000000e+00	 0.00000000000000000000e+00	 0.00000000000000000000e+00	 0.00000000000000000000e+00	 0.00000000000000000000e+00	 0.00000000000000000000e+00	 0.00000000000000000000e+00	 0.00000000000000000000e+00	 0.00000000000000000000e+00	 0.00000000000000000000e+00	 0.00000000000000000000e+00	 0.00000000000000000000e+00	 
 4.09999999999999964473e+00	 0.00000000000000000000e+00	 0.00000000000000000000e+00	 0.00000000000000000000e+00	 0.00000000000000000000e+00	 0.00000000000000000000e+00	 0.00000000000000000000e+00	 0.00000000000000000000e+00	 0.00000000000000000000e+00	 0.00000000000000000000e+00	 0.00000000000000000000e+00	 0.00000000000000000000e+00	 0.00000000000000000000e+00	 0.00000000000000000000e+00	 0.00000000000000000000e+00	 
 4.12000000000000010658e+00	 0.00000000000000000000e+00	 0.00000000000000000000e+00	 0.00000000000000000000e+00	 0.00000000000000000000e+00	 0.00000000000000000000e+00	 0.00000000000000000000e+00	 0.00000000000000000000e+00	 0.00000000000000000000e+00	 0.00000000000000000000e+00	 0.00000000000000000000e+00	 0.00000000000000000000e+00	 0.00000000000000000000e+00	 0.00000000000000000000e+00	 0.00000000000000000000e+00	 
 4.14000000000000056843e+00	 0.00000000000000000000e+00	 0.00000000000000000000e+00	 0.00000000000000000000e+00	 0.00000000000000000000e+00	 0.00000000000000000000e+00	 0.00000000000000000000e+00	 0.00000000000000000000e+00	 0.00000000000000000000e+00	 0.00000000000000000000e+00	 0.00000000000000000000e+00	 0.00000000000000000000e+00	 0.00000000000000000000e+00	 0.00000000000000000000e+00	 0.00000000000000000000e+00	 
 4.16000000000000014211e+00	 0.00000000000000000000e+00	 0.00000000000000000000e+00	 0.00000000000000000000e+00	 0.00000000000000000000e+00	 0.00000000000000000000e+00	 0.00000000000000000000e+00	 0.00000000000000000000e+00	 0.00000000000000000000e+00	 0.00000000000000000000e+00	 0.00000000000000000000e+00	 0.00000000000000000000e+00	 0.00000000000000000000e+00	 0.00000000000000000000e+00	 0.00000000000000000000e+00	 
 4.17999999999999971578e+00	 0.00000000000000000000e+00	 0.00000000000000000000e+00	 0.00000000000000000000e+00	 0.00000000000000000000e+00	 0.00000000000000000000e+00	 0.00000000000000000000e+00	 0.00000000000000000000e+00	 0.00000000000000000000e+00	 0.00000000000000000000e+00	 0.00000000000000000000e+00	 0.00000000000000000000e+00	 0.00000000000000000000e+00	 0.00000000000000000000e+00	 0.00000000000000000000e+00	 
 4.20000000000000017764e+00	 0.00000000000000000000e+00	 0.00000000000000000000e+00	 0.00000000000000000000e+00	 0.00000000000000000000e+00	 0.00000000000000000000e+00	 0.00000000000000000000e+00	 0.00000000000000000000e+00	 0.00000000000000000000e+00	 0.00000000000000000000e+00	 0.00000000000000000000e+00	 0.00000000000000000000e+00	 0.00000000000000000000e+00	 0.00000000000000000000e+00	 0.00000000000000000000e+00	 
 4.21999999999999975131e+00	 0.00000000000000000000e+00	 0.00000000000000000000e+00	 0.00000000000000000000e+00	 0.00000000000000000000e+00	 0.00000000000000000000e+00	 0.00000000000000000000e+00	 0.00000000000000000000e+00	 0.00000000000000000000e+00	 0.00000000000000000000e+00	 0.00000000000000000000e+00	 0.00000000000000000000e+00	 0.00000000000000000000e+00	 0.00000000000000000000e+00	 0.00000000000000000000e+00	 
 4.24000000000000021316e+00	 0.00000000000000000000e+00	 0.00000000000000000000e+00	 0.00000000000000000000e+00	 0.00000000000000000000e+00	 0.00000000000000000000e+00	 0.00000000000000000000e+00	 0.00000000000000000000e+00	 0.00000000000000000000e+00	 0.00000000000000000000e+00	 0.00000000000000000000e+00	 0.00000000000000000000e+00	 0.00000000000000000000e+00	 0.00000000000000000000e+00	 0.00000000000000000000e+00	 
 4.25999999999999978684e+00	 0.00000000000000000000e+00	 0.00000000000000000000e+00	 0.00000000000000000000e+00	 0.00000000000000000000e+00	 0.00000000000000000000e+00	 0.00000000000000000000e+00	 0.00000000000000000000e+00	 0.00000000000000000000e+00	 0.00000000000000000000e+00	 0.00000000000000000000e+00	 0.00000000000000000000e+00	 0.00000000000000000000e+00	 0.00000000000000000000e+00	 0.00000000000000000000e+00	 
 4.28000000000000024869e+00	 0.00000000000000000000e+00	 0.00000000000000000000e+00	 0.00000000000000000000e+00	 0.00000000000000000000e+00	 0.00000000000000000000e+00	 0.00000000000000000000e+00	 0.00000000000000000000e+00	 0.00000000000000000000e+00	 0.00000000000000000000e+00	 0.00000000000000000000e+00	 0.00000000000000000000e+00	 0.00000000000000000000e+00	 0.00000000000000000000e+00	 0.00000000000000000000e+00	 
 4.29999999999999982236e+00	 0.00000000000000000000e+00	 0.00000000000000000000e+00	 0.00000000000000000000e+00	 0.00000000000000000000e+00	 0.00000000000000000000e+00	 0.00000000000000000000e+00	 0.00000000000000000000e+00	 0.00000000000000000000e+00	 0.00000000000000000000e+00	 0.00000000000000000000e+00	 0.00000000000000000000e+00	 0.00000000000000000000e+00	 0.00000000000000000000e+00	 0.00000000000000000000e+00	 
 4.32000000000000028422e+00	 0.00000000000000000000e+00	 0.00000000000000000000e+00	 0.00000000000000000000e+00	 0.00000000000000000000e+00	 0.00000000000000000000e+00	 0.00000000000000000000e+00	 0.00000000000000000000e+00	 0.00000000000000000000e+00	 0.00000000000000000000e+00	 0.00000000000000000000e+00	 0.00000000000000000000e+00	 0.00000000000000000000e+00	 0.00000000000000000000e+00	 0.00000000000000000000e+00	 
 4.33999999999999985789e+00	 0.00000000000000000000e+00	 0.00000000000000000000e+00	 0.00000000000000000000e+00	 0.00000000000000000000e+00	 0.00000000000000000000e+00	 0.00000000000000000000e+00	 0.00000000000000000000e+00	 0.00000000000000000000e+00	 0.00000000000000000000e+00	 0.00000000000000000000e+00	 0.00000000000000000000e+00	 0.00000000000000000000e+00	 0.00000000000000000000e+00	 0.00000000000000000000e+00	 
 4.36000000000000031974e+00	 0.00000000000000000000e+00	 0.00000000000000000000e+00	 0.00000000000000000000e+00	 0.00000000000000000000e+00	 0.00000000000000000000e+00	 0.00000000000000000000e+00	 0.00000000000000000000e+00	 0.00000000000000000000e+00	 0.00000000000000000000e+00	 0.00000000000000000000e+00	 0.00000000000000000000e+00	 0.00000000000000000000e+00	 0.00000000000000000000e+00	 0.00000000000000000000e+00	 
 4.37999999999999989342e+00	 0.00000000000000000000e+00	 0.00000000000000000000e+00	 0.00000000000000000000e+00	 0.00000000000000000000e+00	 0.00000000000000000000e+00	 0.00000000000000000000e+00	 0.00000000000000000000e+00	 0.00000000000000000000e+00	 0.00000000000000000000e+00	 0.00000000000000000000e+00	 0.00000000000000000000e+00	 0.00000000000000000000e+00	 0.00000000000000000000e+00	 0.00000000000000000000e+00	 
 4.40000000000000035527e+00	 0.00000000000000000000e+00	 0.00000000000000000000e+00	 0.00000000000000000000e+00	 0.00000000000000000000e+00	 0.00000000000000000000e+00	 0.00000000000000000000e+00	 0.00000000000000000000e+00	 0.00000000000000000000e+00	 0.00000000000000000000e+00	 0.00000000000000000000e+00	 0.00000000000000000000e+00	 0.00000000000000000000e+00	 0.00000000000000000000e+00	 0.00000000000000000000e+00	 
 4.41999999999999992895e+00	 0.00000000000000000000e+00	 0.00000000000000000000e+00	 0.00000000000000000000e+00	 0.00000000000000000000e+00	 0.00000000000000000000e+00	 0.00000000000000000000e+00	 0.00000000000000000000e+00	 0.00000000000000000000e+00	 0.00000000000000000000e+00	 0.00000000000000000000e+00	 0.00000000000000000000e+00	 0.00000000000000000000e+00	 0.00000000000000000000e+00	 0.00000000000000000000e+00	 
 4.43999999999999950262e+00	 0.00000000000000000000e+00	 0.00000000000000000000e+00	 0.00000000000000000000e+00	 0.00000000000000000000e+00	 0.00000000000000000000e+00	 0.00000000000000000000e+00	 0.00000000000000000000e+00	 0.00000000000000000000e+00	 0.00000000000000000000e+00	 0.00000000000000000000e+00	 0.00000000000000000000e+00	 0.00000000000000000000e+00	 0.00000000000000000000e+00	 0.00000000000000000000e+00	 
 4.45999999999999996447e+00	 0.00000000000000000000e+00	 0.00000000000000000000e+00	 0.00000000000000000000e+00	 0.00000000000000000000e+00	 0.00000000000000000000e+00	 0.00000000000000000000e+00	 0.00000000000000000000e+00	 0.00000000000000000000e+00	 0.00000000000000000000e+00	 0.00000000000000000000e+00	 0.00000000000000000000e+00	 0.00000000000000000000e+00	 0.00000000000000000000e+00	 0.00000000000000000000e+00	 
 4.47999999999999953815e+00	 0.00000000000000000000e+00	 0.00000000000000000000e+00	 0.00000000000000000000e+00	 0.00000000000000000000e+00	 0.00000000000000000000e+00	 0.00000000000000000000e+00	 0.00000000000000000000e+00	 0.00000000000000000000e+00	 0.00000000000000000000e+00	 0.00000000000000000000e+00	 0.00000000000000000000e+00	 0.00000000000000000000e+00	 0.00000000000000000000e+00	 0.00000000000000000000e+00	 
 4.50000000000000000000e+00	 0.00000000000000000000e+00	 0.00000000000000000000e+00	 0.00000000000000000000e+00	 0.00000000000000000000e+00	 0.00000000000000000000e+00	 0.00000000000000000000e+00	 0.00000000000000000000e+00	 0.00000000000000000000e+00	 0.00000000000000000000e+00	 0.00000000000000000000e+00	 0.00000000000000000000e+00	 0.00000000000000000000e+00	 0.00000000000000000000e+00	 0.00000000000000000000e+00	 
 4.52000000000000046185e+00	 0.00000000000000000000e+00	 0.00000000000000000000e+00	 0.00000000000000000000e+00	 0.00000000000000000000e+00	 0.00000000000000000000e+00	 0.00000000000000000000e+00	 0.00000000000000000000e+00	 0.00000000000000000000e+00	 0.00000000000000000000e+00	 0.00000000000000000000e+00	 0.00000000000000000000e+00	 0.00000000000000000000e+00	 0.00000000000000000000e+00	 0.00000000000000000000e+00	 
 4.54000000000000003553e+00	 0.00000000000000000000e+00	 0.00000000000000000000e+00	 0.00000000000000000000e+00	 0.00000000000000000000e+00	 0.00000000000000000000e+00	 0.00000000000000000000e+00	 0.00000000000000000000e+00	 0.00000000000000000000e+00	 0.00000000000000000000e+00	 0.00000000000000000000e+00	 0.00000000000000000000e+00	 0.00000000000000000000e+00	 0.00000000000000000000e+00	 0.00000000000000000000e+00	 
 4.55999999999999960920e+00	 0.00000000000000000000e+00	 0.00000000000000000000e+00	 0.00000000000000000000e+00	 0.00000000000000000000e+00	 0.00000000000000000000e+00	 0.00000000000000000000e+00	 0.00000000000000000000e+00	 0.00000000000000000000e+00	 0.00000000000000000000e+00	 0.00000000000000000000e+00	 0.00000000000000000000e+00	 0.00000000000000000000e+00	 0.00000000000000000000e+00	 0.00000000000000000000e+00	 
 4.58000000000000007105e+00	 0.00000000000000000000e+00	 0.00000000000000000000e+00	 0.00000000000000000000e+00	 0.00000000000000000000e+00	 0.00000000000000000000e+00	 0.00000000000000000000e+00	 0.00000000000000000000e+00	 0.00000000000000000000e+00	 0.00000000000000000000e+00	 0.00000000000000000000e+00	 0.00000000000000000000e+00	 0.00000000000000000000e+00	 0.00000000000000000000e+00	 0.00000000000000000000e+00	 
 4.60000000000000053291e+00	 0.00000000000000000000e+00	 0.00000000000000000000e+00	 0.00000000000000000000e+00	 0.00000000000000000000e+00	 0.00000000000000000000e+00	 0.00000000000000000000e+00	 0.00000000000000000000e+00	 0.00000000000000000000e+00	 0.00000000000000000000e+00	 0.00000000000000000000e+00	 0.00000000000000000000e+00	 0.00000000000000000000e+00	 0.00000000000000000000e+00	 0.00000000000000000000e+00	 
 4.62000000000000010658e+00	 0.00000000000000000000e+00	 0.00000000000000000000e+00	 0.00000000000000000000e+00	 0.00000000000000000000e+00	 0.00000000000000000000e+00	 0.00000000000000000000e+00	 0.00000000000000000000e+00	 0.00000000000000000000e+00	 0.00000000000000000000e+00	 0.00000000000000000000e+00	 0.00000000000000000000e+00	 0.00000000000000000000e+00	 0.00000000000000000000e+00	 0.00000000000000000000e+00	 
 4.63999999999999968026e+00	 0.00000000000000000000e+00	 0.00000000000000000000e+00	 0.00000000000000000000e+00	 0.00000000000000000000e+00	 0.00000000000000000000e+00	 0.00000000000000000000e+00	 0.00000000000000000000e+00	 0.00000000000000000000e+00	 0.00000000000000000000e+00	 0.00000000000000000000e+00	 0.00000000000000000000e+00	 0.00000000000000000000e+00	 0.00000000000000000000e+00	 0.00000000000000000000e+00	 
 4.66000000000000014211e+00	 0.00000000000000000000e+00	 0.00000000000000000000e+00	 0.00000000000000000000e+00	 0.00000000000000000000e+00	 0.00000000000000000000e+00	 0.00000000000000000000e+00	 0.00000000000000000000e+00	 0.00000000000000000000e+00	 0.00000000000000000000e+00	 0.00000000000000000000e+00	 0.00000000000000000000e+00	 0.00000000000000000000e+00	 0.00000000000000000000e+00	 0.00000000000000000000e+00	 
 4.67999999999999971578e+00	 0.00000000000000000000e+00	 0.00000000000000000000e+00	 0.00000000000000000000e+00	 0.00000000000000000000e+00	 0.00000000000000000000e+00	 0.00000000000000000000e+00	 0.00000000000000000000e+00	 0.00000000000000000000e+00	 0.00000000000000000000e+00	 0.00000000000000000000e+00	 0.00000000000000000000e+00	 0.00000000000000000000e+00	 0.00000000000000000000e+00	 0.00000000000000000000e+00	 
 4.69999999999999928946e+00	 0.00000000000000000000e+00	 0.00000000000000000000e+00	 0.00000000000000000000e+00	 0.00000000000000000000e+00	 0.00000000000000000000e+00	 0.00000000000000000000e+00	 0.00000000000000000000e+00	 0.00000000000000000000e+00	 0.00000000000000000000e+00	 0.00000000000000000000e+00	 0.00000000000000000000e+00	 0.00000000000000000000e+00	 0.00000000000000000000e+00	 0.00000000000000000000e+00	 
 4.72000000000000063949e+00	 0.00000000000000000000e+00	 0.00000000000000000000e+00	 0.00000000000000000000e+00	 0.00000000000000000000e+00	 0.00000000000000000000e+00	 0.00000000000000000000e+00	 0.00000000000000000000e+00	 0.00000000000000000000e+00	 0.00000000000000000000e+00	 0.00000000000000000000e+00	 0.00000000000000000000e+00	 0.00000000000000000000e+00	 0.00000000000000000000e+00	 0.00000000000000000000e+00	 
 4.74000000000000021316e+00	 0.00000000000000000000e+00	 0.00000000000000000000e+00	 0.00000000000000000000e+00	 0.00000000000000000000e+00	 0.00000000000000000000e+00	 0.00000000000000000000e+00	 0.00000000000000000000e+00	 0.00000000000000000000e+00	 0.00000000000000000000e+00	 0.00000000000000000000e+00	 0.00000000000000000000e+00	 0.00000000000000000000e+00	 0.00000000000000000000e+00	 0.00000000000000000000e+00	 
 4.75999999999999978684e+00	 0.00000000000000000000e+00	 0.00000000000000000000e+00	 0.00000000000000000000e+00	 0.00000000000000000000e+00	 0.00000000000000000000e+00	 0.00000000000000000000e+00	 0.00000000000000000000e+00	 0.00000000000000000000e+00	 0.00000000000000000000e+00	 0.00000000000000000000e+00	 0.00000000000000000000e+00	 0.00000000000000000000e+00	 0.00000000000000000000e+00	 0.00000000000000000000e+00	 
 4.78000000000000024869e+00	 0.00000000000000000000e+00	 0.00000000000000000000e+00	 0.00000000000000000000e+00	 0.00000000000000000000e+00	 0.00000000000000000000e+00	 0.00000000000000000000e+00	 0.00000000000000000000e+00	 0.00000000000000000000e+00	 0.00000000000000000000e+00	 0.00000000000000000000e+00	 0.00000000000000000000e+00	 0.00000000000000000000e+00	 0.00000000000000000000e+00	 0.00000000000000000000e+00	 
 4.79999999999999982236e+00	 0.00000000000000000000e+00	 0.00000000000000000000e+00	 0.00000000000000000000e+00	 0.00000000000000000000e+00	 0.00000000000000000000e+00	 0.00000000000000000000e+00	 0.00000000000000000000e+00	 0.00000000000000000000e+00	 0.00000000000000000000e+00	 0.00000000000000000000e+00	 0.00000000000000000000e+00	 0.00000000000000000000e+00	 0.00000000000000000000e+00	 0.00000000000000000000e+00	 
 4.81999999999999939604e+00	 0.00000000000000000000e+00	 0.00000000000000000000e+00	 0.00000000000000000000e+00	 0.00000000000000000000e+00	 0.00000000000000000000e+00	 0.00000000000000000000e+00	 0.00000000000000000000e+00	 0.00000000000000000000e+00	 0.00000000000000000000e+00	 0.00000000000000000000e+00	 0.00000000000000000000e+00	 0.00000000000000000000e+00	 0.00000000000000000000e+00	 0.00000000000000000000e+00	 
 4.84000000000000074607e+00	 0.00000000000000000000e+00	 0.00000000000000000000e+00	 0.00000000000000000000e+00	 0.00000000000000000000e+00	 0.00000000000000000000e+00	 0.00000000000000000000e+00	 0.00000000000000000000e+00	 0.00000000000000000000e+00	 0.00000000000000000000e+00	 0.00000000000000000000e+00	 0.00000000000000000000e+00	 0.00000000000000000000e+00	 0.00000000000000000000e+00	 0.00000000000000000000e+00	 
 4.86000000000000031974e+00	 0.00000000000000000000e+00	 0.00000000000000000000e+00	 0.00000000000000000000e+00	 0.00000000000000000000e+00	 0.00000000000000000000e+00	 0.00000000000000000000e+00	 0.00000000000000000000e+00	 0.00000000000000000000e+00	 0.00000000000000000000e+00	 0.00000000000000000000e+00	 0.00000000000000000000e+00	 0.00000000000000000000e+00	 0.00000000000000000000e+00	 0.00000000000000000000e+00	 
 4.87999999999999989342e+00	 0.00000000000000000000e+00	 0.00000000000000000000e+00	 0.00000000000000000000e+00	 0.00000000000000000000e+00	 0.00000000000000000000e+00	 0.00000000000000000000e+00	 0.00000000000000000000e+00	 0.00000000000000000000e+00	 0.00000000000000000000e+00	 0.00000000000000000000e+00	 0.00000000000000000000e+00	 0.00000000000000000000e+00	 0.00000000000000000000e+00	 0.00000000000000000000e+00	 
 4.89999999999999946709e+00	 0.00000000000000000000e+00	 0.00000000000000000000e+00	 0.00000000000000000000e+00	 0.00000000000000000000e+00	 0.00000000000000000000e+00	 0.00000000000000000000e+00	 0.00000000000000000000e+00	 0.00000000000000000000e+00	 0.00000000000000000000e+00	 0.00000000000000000000e+00	 0.00000000000000000000e+00	 0.00000000000000000000e+00	 0.00000000000000000000e+00	 0.00000000000000000000e+00	 
 4.91999999999999992895e+00	 0.00000000000000000000e+00	 0.00000000000000000000e+00	 0.00000000000000000000e+00	 0.00000000000000000000e+00	 0.00000000000000000000e+00	 0.00000000000000000000e+00	 0.00000000000000000000e+00	 0.00000000000000000000e+00	 0.00000000000000000000e+00	 0.00000000000000000000e+00	 0.00000000000000000000e+00	 0.00000000000000000000e+00	 0.00000000000000000000e+00	 0.00000000000000000000e+00	 
 4.93999999999999950262e+00	 0.00000000000000000000e+00	 0.00000000000000000000e+00	 0.00000000000000000000e+00	 0.00000000000000000000e+00	 0.00000000000000000000e+00	 0.00000000000000000000e+00	 0.00000000000000000000e+00	 0.00000000000000000000e+00	 0.00000000000000000000e+00	 0.00000000000000000000e+00	 0.00000000000000000000e+00	 0.00000000000000000000e+00	 0.00000000000000000000e+00	 0.00000000000000000000e+00	 
 4.95999999999999996447e+00	 0.00000000000000000000e+00	 0.00000000000000000000e+00	 0.00000000000000000000e+00	 0.00000000000000000000e+00	 0.00000000000000000000e+00	 0.00000000000000000000e+00	 0.00000000000000000000e+00	 0.00000000000000000000e+00	 0.00000000000000000000e+00	 0.00000000000000000000e+00	 0.00000000000000000000e+00	 0.00000000000000000000e+00	 0.00000000000000000000e+00	 0.00000000000000000000e+00	 
 4.98000000000000042633e+00	 0.00000000000000000000e+00	 0.00000000000000000000e+00	 0.00000000000000000000e+00	 0.00000000000000000000e+00	 0.00000000000000000000e+00	 0.00000000000000000000e+00	 0.00000000000000000000e+00	 0.00000000000000000000e+00	 0.00000000000000000000e+00	 0.00000000000000000000e+00	 0.00000000000000000000e+00	 0.00000000000000000000e+00	 0.00000000000000000000e+00	 0.00000000000000000000e+00	 
 5.00000000000000000000e+00	 0.00000000000000000000e+00	 0.00000000000000000000e+00	 0.00000000000000000000e+00	 0.00000000000000000000e+00	 0.00000000000000000000e+00	 0.00000000000000000000e+00	 0.00000000000000000000e+00	 0.00000000000000000000e+00	 0.00000000000000000000e+00	 0.00000000000000000000e+00	 0.00000000000000000000e+00	 0.00000000000000000000e+00	 0.00000000000000000000e+00	 0.00000000000000000000e+00	 
