 -1.00000000000000000000e+00	 3.33454990130003563614e-08	 0.00000000000000000000e+00	 3.06388301146776063128e-08	 1.77365238551163554616e-03	 1.78913384154660566432e-03	 1.43799920109926237730e-03	 0.00000000000000000000e+00	 0.00000000000000000000e+00	 0.00000000000000000000e+00	 1.78956588867875939289e-03	 2.08020124998869008562e-06	 0.00000000000000000000e+00	 0.00000000000000000000e+00	 0.00000000000000000000e+00	 
 -9.79999999999999982236e-01	 3.41950124114138683496e-08	 0.00000000000000000000e+00	 3.14332002548795908122e-08	 1.81930420558142286538e-03	 1.83520064048271649808e-03	 1.47404107413825840277e-03	 0.00000000000000000000e+00	 0.00000000000000000000e+00	 0.00000000000000000000e+00	 1.83565050978187305035e-03	 2.13457264031048260351e-06	 0.00000000000000000000e+00	 0.00000000000000000000e+00	 0.00000000000000000000e+00	 
 -9.59999999999999964473e-01	 3.50598875573192024327e-08	 0.00000000000000000000e+00	 3.22429757292421715062e-08	 1.86581321102329889851e-03	 1.88213309786846010735e-03	 1.51073791961315933782e-03	 0.00000000000000000000e+00	 0.00000000000000000000e+00	 0.00000000000000000000e+00	 1.88260113086262089246e-03	 2.18999234019848475693e-06	 0.00000000000000000000e+00	 0.00000000000000000000e+00	 0.00000000000000000000e+00	 
 -9.39999999999999946709e-01	 3.59393385095225681770e-08	 0.00000000000000000000e+00	 3.30683950837820857400e-08	 1.91316935803414502060e-03	 1.92992151552959798413e-03	 1.54807902910975058244e-03	 0.00000000000000000000e+00	 0.00000000000000000000e+00	 0.00000000000000000000e+00	 1.93040788777271198409e-03	 2.24646142565289526664e-06	 0.00000000000000000000e+00	 0.00000000000000000000e+00	 0.00000000000000000000e+00	 
 -9.19999999999999928946e-01	 3.68326031424091601176e-08	 0.00000000000000000000e+00	 3.39093232740756714877e-08	 1.96136027745850418866e-03	 1.97855366955694209063e-03	 1.58605162218968778927e-03	 0.00000000000000000000e+00	 0.00000000000000000000e+00	 0.00000000000000000000e+00	 1.97905862959035783177e-03	 2.30397990092127519609e-06	 0.00000000000000000000e+00	 0.00000000000000000000e+00	 0.00000000000000000000e+00	 
 -9.00000000000000022204e-01	 3.77388825455792815412e-08	 0.00000000000000000000e+00	 3.47653129855475047732e-08	 2.01037097574928522864e-03	 2.02801456053736030988e-03	 1.62464056178056662216e-03	 0.00000000000000000000e+00	 0.00000000000000000000e+00	 0.00000000000000000000e+00	 2.02853862394085588186e-03	 2.36254675153887061775e-06	 0.00000000000000000000e+00	 0.00000000000000000000e+00	 0.00000000000000000000e+00	 
 -8.80000000000000115463e-01	 3.86571988230871771884e-08	 0.00000000000000000000e+00	 3.56357492301897184153e-08	 2.06018340955429384367e-03	 2.07828611389827703007e-03	 1.66382794231885867801e-03	 0.00000000000000000000e+00	 0.00000000000000000000e+00	 0.00000000000000000000e+00	 2.07883013488074832459e-03	 2.42216002140677613987e-06	 0.00000000000000000000e+00	 0.00000000000000000000e+00	 0.00000000000000000000e+00	 
 -8.59999999999999986677e-01	 3.95871372848874712317e-08	 0.00000000000000000000e+00	 3.65201451116575196165e-08	 2.11077671440096674080e-03	 2.12934719315869798797e-03	 1.70359300642279349464e-03	 0.00000000000000000000e+00	 0.00000000000000000000e+00	 0.00000000000000000000e+00	 2.12991231455910432283e-03	 2.48281630274877778658e-06	 0.00000000000000000000e+00	 0.00000000000000000000e+00	 0.00000000000000000000e+00	 
 -8.40000000000000079936e-01	 4.05287041199509728023e-08	 0.00000000000000000000e+00	 3.74180828203534187543e-08	 2.16212684758118741865e-03	 2.18117326815825234021e-03	 1.74391185341858548190e-03	 0.00000000000000000000e+00	 0.00000000000000000000e+00	 0.00000000000000000000e+00	 2.18176090340013381641e-03	 2.54451077667401341298e-06	 0.00000000000000000000e+00	 0.00000000000000000000e+00	 0.00000000000000000000e+00	 
 -8.20000000000000062172e-01	 4.14819006599098514515e-08	 0.00000000000000000000e+00	 3.83290745144564875605e-08	 2.21420606871621699144e-03	 2.23373597785724714582e-03	 1.78475707887078803571e-03	 0.00000000000000000000e+00	 0.00000000000000000000e+00	 0.00000000000000000000e+00	 2.23434786447047938410e-03	 2.60723701200500957044e-06	 0.00000000000000000000e+00	 0.00000000000000000000e+00	 0.00000000000000000000e+00	 
 -8.00000000000000044409e-01	 4.24477845458256237445e-08	 0.00000000000000000000e+00	 3.92524689387245582609e-08	 2.26698309270398357107e-03	 2.28700332300982647760e-03	 1.82609793917579078977e-03	 0.00000000000000000000e+00	 0.00000000000000000000e+00	 0.00000000000000000000e+00	 2.28764143945618236148e-03	 2.67098931256931933486e-06	 0.00000000000000000000e+00	 0.00000000000000000000e+00	 0.00000000000000000000e+00	 
 -7.80000000000000026645e-01	 4.34282042306565897529e-08	 0.00000000000000000000e+00	 4.01874557398040989685e-08	 2.32042269871230453018e-03	 2.34093924347546309545e-03	 1.86789995581164761616e-03	 0.00000000000000000000e+00	 0.00000000000000000000e+00	 0.00000000000000000000e+00	 2.34160575560554565580e-03	 2.73576245487078511653e-06	 0.00000000000000000000e+00	 0.00000000000000000000e+00	 0.00000000000000000000e+00	 
 -7.60000000000000008882e-01	 4.44245412396278955485e-08	 0.00000000000000000000e+00	 4.11330874611644805980e-08	 2.37448518590130212835e-03	 2.39550302244728860121e-03	 1.91012436092648295143e-03	 0.00000000000000000000e+00	 0.00000000000000000000e+00	 0.00000000000000000000e+00	 2.39620030105097648818e-03	 2.80155090051654628622e-06	 0.00000000000000000000e+00	 0.00000000000000000000e+00	 0.00000000000000000000e+00	 
 -7.39999999999999991118e-01	 4.54372489909628285900e-08	 0.00000000000000000000e+00	 4.20890396509855070728e-08	 2.42912635062674095096e-03	 2.45065026454237668355e-03	 1.95272893598141404799e-03	 0.00000000000000000000e+00	 0.00000000000000000000e+00	 0.00000000000000000000e+00	 2.45138064403785990025e-03	 2.86834760459920129393e-06	 0.00000000000000000000e+00	 0.00000000000000000000e+00	 0.00000000000000000000e+00	 
 -7.19999999999999973355e-01	 4.64661083440303545843e-08	 0.00000000000000000000e+00	 4.30554625758349864231e-08	 2.48429706403729272379e-03	 2.50633229280075456660e-03	 1.99566745265420276284e-03	 0.00000000000000000000e+00	 0.00000000000000000000e+00	 0.00000000000000000000e+00	 2.50709787026875095817e-03	 2.93614433933119173121e-06	 0.00000000000000000000e+00	 0.00000000000000000000e+00	 0.00000000000000000000e+00	 
 -6.99999999999999955591e-01	 4.75108545358860225377e-08	 0.00000000000000000000e+00	 4.40325230652682740728e-08	 2.53994272865111113055e-03	 2.56249513017419361036e-03	 2.03888873995637480430e-03	 0.00000000000000000000e+00	 0.00000000000000000000e+00	 0.00000000000000000000e+00	 2.56329767988538754359e-03	 3.00493218496274408968e-06	 0.00000000000000000000e+00	 0.00000000000000000000e+00	 0.00000000000000000000e+00	 
 -6.79999999999999937828e-01	 4.85709904749468273286e-08	 0.00000000000000000000e+00	 4.50210264179419032561e-08	 2.59600431433318562871e-03	 2.61908029621889942851e-03	 2.08233776453633492518e-03	 0.00000000000000000000e+00	 0.00000000000000000000e+00	 0.00000000000000000000e+00	 2.61992097144441360088e-03	 3.07470345413705501935e-06	 0.00000000000000000000e+00	 0.00000000000000000000e+00	 0.00000000000000000000e+00	 
 -6.60000000000000031086e-01	 4.96458039078608912699e-08	 0.00000000000000000000e+00	 4.60222954713148983680e-08	 2.65241769138442043049e-03	 2.67602421558269139290e-03	 2.12595501066348280261e-03	 0.00000000000000000000e+00	 0.00000000000000000000e+00	 0.00000000000000000000e+00	 2.67690326414557998314e-03	 3.14545159138474570400e-06	 0.00000000000000000000e+00	 0.00000000000000000000e+00	 0.00000000000000000000e+00	 
 -6.40000000000000013323e-01	 5.07344052963709416347e-08	 0.00000000000000000000e+00	 4.70375468634224540382e-08	 2.70911250883573186121e-03	 2.73325724659452453519e-03	 2.16967538991283447405e-03	 0.00000000000000000000e+00	 0.00000000000000000000e+00	 0.00000000000000000000e+00	 2.73417380086539213088e-03	 3.21717062095665513150e-06	 0.00000000000000000000e+00	 0.00000000000000000000e+00	 0.00000000000000000000e+00	 
 -6.19999999999999884537e-01	 5.18367592116210262412e-08	 0.00000000000000000000e+00	 4.80668511291669840329e-08	 2.76601357894955442174e-03	 2.79070457923755437663e-03	 2.21342944597559612707e-03	 0.00000000000000000000e+00	 0.00000000000000000000e+00	 0.00000000000000000000e+00	 2.79165731967625369014e-03	 3.28985542627190258267e-06	 0.00000000000000000000e+00	 0.00000000000000000000e+00	 0.00000000000000000000e+00	 
 -5.99999999999999977796e-01	 5.29534840461412593943e-08	 0.00000000000000000000e+00	 4.91094151339231251094e-08	 2.82304012952324734700e-03	 2.84828559831697483706e-03	 2.25714270757056655048e-03	 0.00000000000000000000e+00	 0.00000000000000000000e+00	 0.00000000000000000000e+00	 2.84927323576648992148e-03	 3.36350204003610335417e-06	 0.00000000000000000000e+00	 0.00000000000000000000e+00	 0.00000000000000000000e+00	 
 -5.79999999999999849010e-01	 5.40852604949824907149e-08	 0.00000000000000000000e+00	 5.01642559518825470337e-08	 2.88010446721172382045e-03	 2.90591280590913724619e-03	 2.30073449312478972573e-03	 0.00000000000000000000e+00	 0.00000000000000000000e+00	 0.00000000000000000000e+00	 2.90693411834090078769e-03	 3.43810792060595815119e-06	 0.00000000000000000000e+00	 0.00000000000000000000e+00	 0.00000000000000000000e+00	 
 -5.60000000000000053291e-01	 5.52321050606512431920e-08	 0.00000000000000000000e+00	 5.12290958116037119068e-08	 2.93711455377661072308e-03	 2.96349371467961733920e-03	 2.34411978833763126259e-03	 0.00000000000000000000e+00	 0.00000000000000000000e+00	 0.00000000000000000000e+00	 2.96454727855905656592e-03	 3.51367332095418358383e-06	 0.00000000000000000000e+00	 0.00000000000000000000e+00	 0.00000000000000000000e+00	 
 -5.40000000000000035527e-01	 5.63935426855394800700e-08	 0.00000000000000000000e+00	 5.23004057870777832683e-08	 2.99397305315426487740e-03	 3.02093001578460865902e-03	 2.38720848729836272392e-03	 0.00000000000000000000e+00	 0.00000000000000000000e+00	 0.00000000000000000000e+00	 3.02201399768040751548e-03	 3.59020151348123100574e-06	 0.00000000000000000000e+00	 0.00000000000000000000e+00	 0.00000000000000000000e+00	 
 -5.20000000000000017764e-01	 5.75690200571416671130e-08	 0.00000000000000000000e+00	 5.33732244772799009003e-08	 3.05057536978046951390e-03	 3.07811595264050573417e-03	 2.42990381019584072292e-03	 0.00000000000000000000e+00	 0.00000000000000000000e+00	 0.00000000000000000000e+00	 3.07922805365086005649e-03	 3.66769876766942954120e-06	 0.00000000000000000000e+00	 0.00000000000000000000e+00	 0.00000000000000000000e+00	 
 -5.00000000000000000000e-01	 5.87581337087006434192e-08	 0.00000000000000000000e+00	 5.44445953368903103069e-08	 3.10681114669463962971e-03	 3.13494050253155858918e-03	 2.47210507650245936428e-03	 0.00000000000000000000e+00	 0.00000000000000000000e+00	 0.00000000000000000000e+00	 3.13607823503834950291e-03	 3.74618009988206171723e-06	 0.00000000000000000000e+00	 0.00000000000000000000e+00	 0.00000000000000000000e+00	 
 -4.79999999999999926725e-01	 5.99605828548543923893e-08	 0.00000000000000000000e+00	 5.55129424540054413330e-08	 3.16256355915572277132e-03	 3.19128651386015949401e-03	 2.51370682866796117325e-03	 0.00000000000000000000e+00	 0.00000000000000000000e+00	 0.00000000000000000000e+00	 3.19244741226240059950e-03	 3.82566886968435275674e-06	 0.00000000000000000000e+00	 0.00000000000000000000e+00	 0.00000000000000000000e+00	 
 -4.59999999999999964473e-01	 6.11760572657885358729e-08	 0.00000000000000000000e+00	 5.65766017914604915335e-08	 3.21770784250850804334e-03	 3.24702887408146985762e-03	 2.55459673425671674948e-03	 0.00000000000000000000e+00	 0.00000000000000000000e+00	 0.00000000000000000000e+00	 3.24821053516036921741e-03	 3.90619457614388102950e-06	 0.00000000000000000000e+00	 0.00000000000000000000e+00	 0.00000000000000000000e+00	 
 -4.40000000000000002220e-01	 6.24018603277622579145e-08	 0.00000000000000000000e+00	 5.76346621868906707051e-08	 3.27211428345701785259e-03	 3.30203891044164718135e-03	 2.59465955602886533954e-03	 0.00000000000000000000e+00	 0.00000000000000000000e+00	 0.00000000000000000000e+00	 3.30323881651456733796e-03	 3.98777862071804350258e-06	 0.00000000000000000000e+00	 0.00000000000000000000e+00	 0.00000000000000000000e+00	 
 -4.19999999999999984457e-01	 6.36331507370923054779e-08	 0.00000000000000000000e+00	 5.86868024799973297829e-08	 3.32564724294164351659e-03	 3.35618315650895379654e-03	 2.63377614619895701956e-03	 0.00000000000000000000e+00	 0.00000000000000000000e+00	 0.00000000000000000000e+00	 3.35739854845144456916e-03	 4.07043753504367166563e-06	 0.00000000000000000000e+00	 0.00000000000000000000e+00	 0.00000000000000000000e+00	 
 -3.99999999999999911182e-01	 6.48630708842094142366e-08	 0.00000000000000000000e+00	 5.97327945297145165822e-08	 3.37816281446315152745e-03	 3.40932030143173284489e-03	 2.67182063730911183164e-03	 0.00000000000000000000e+00	 0.00000000000000000000e+00	 0.00000000000000000000e+00	 3.41054816572578835265e-03	 4.15418881830016122357e-06	 0.00000000000000000000e+00	 0.00000000000000000000e+00	 0.00000000000000000000e+00	 
 -3.80000000000000004441e-01	 6.60846185206852641947e-08	 0.00000000000000000000e+00	 6.07737967374704663062e-08	 3.42951354750559373255e-03	 3.46130422797913265068e-03	 2.70866524992917009906e-03	 0.00000000000000000000e+00	 0.00000000000000000000e+00	 0.00000000000000000000e+00	 3.46254207126768217065e-03	 4.23905554937363152979e-06	 0.00000000000000000000e+00	 0.00000000000000000000e+00	 0.00000000000000000000e+00	 
 -3.59999999999999931166e-01	 6.72901518885458674110e-08	 0.00000000000000000000e+00	 6.18121087997452212422e-08	 3.47954720576701707555e-03	 3.51198316800192551074e-03	 2.74417928006146644160e-03	 0.00000000000000000000e+00	 0.00000000000000000000e+00	 0.00000000000000000000e+00	 3.51322964483819812076e-03	 4.32506578673561643318e-06	 0.00000000000000000000e+00	 0.00000000000000000000e+00	 0.00000000000000000000e+00	 
 -3.39999999999999968914e-01	 6.84700412030980199317e-08	 0.00000000000000000000e+00	 6.28501781518578476753e-08	 3.52810338379586085900e-03	 3.56119723508383162827e-03	 2.77822569722265553041e-03	 0.00000000000000000000e+00	 0.00000000000000000000e+00	 0.00000000000000000000e+00	 3.56245236588650839721e-03	 4.41224962086080642218e-06	 0.00000000000000000000e+00	 0.00000000000000000000e+00	 0.00000000000000000000e+00	 
 -3.20000000000000006661e-01	 6.96207907835124289114e-08	 0.00000000000000000000e+00	 6.38879796269892055372e-08	 3.57502039603967017647e-03	 3.60878455250227556453e-03	 2.81067009997739997856e-03	 0.00000000000000000000e+00	 0.00000000000000000000e+00	 0.00000000000000000000e+00	 3.61004846993931037200e-03	 4.50063935793011257524e-06	 0.00000000000000000000e+00	 0.00000000000000000000e+00	 0.00000000000000000000e+00	 
 -2.99999999999999933387e-01	 7.07433515812068665908e-08	 0.00000000000000000000e+00	 6.49237015785709039273e-08	 3.62013374808210297920e-03	 3.65457987350429605242e-03	 2.84137907948208692441e-03	 0.00000000000000000000e+00	 0.00000000000000000000e+00	 0.00000000000000000000e+00	 3.65585190103765280203e-03	 4.59026944678488045944e-06	 0.00000000000000000000e+00	 0.00000000000000000000e+00	 0.00000000000000000000e+00	 
 -2.80000000000000026645e-01	 7.18389000308956393975e-08	 0.00000000000000000000e+00	 6.59553131468664549326e-08	 3.66327138961086836919e-03	 3.69841025347806846152e-03	 2.87021428985600795744e-03	 0.00000000000000000000e+00	 0.00000000000000000000e+00	 0.00000000000000000000e+00	 3.69968877751477957794e-03	 4.68117424382115865280e-06	 0.00000000000000000000e+00	 0.00000000000000000000e+00	 0.00000000000000000000e+00	 
 -2.59999999999999953371e-01	 7.29076902550740398314e-08	 0.00000000000000000000e+00	 6.69755527457288587286e-08	 3.70425974881620533388e-03	 3.74010118879023519683e-03	 2.89704023380007698665e-03	 0.00000000000000000000e+00	 0.00000000000000000000e+00	 0.00000000000000000000e+00	 3.74138684964702480235e-03	 4.77339380034179501625e-06	 0.00000000000000000000e+00	 0.00000000000000000000e+00	 0.00000000000000000000e+00	 
 -2.39999999999999907851e-01	 7.39494576732953453948e-08	 0.00000000000000000000e+00	 6.79725405187201395343e-08	 3.74292261276995856176e-03	 3.77947543456207037810e-03	 2.92172326269540989785e-03	 0.00000000000000000000e+00	 0.00000000000000000000e+00	 0.00000000000000000000e+00	 3.78077361926740544359e-03	 4.86697252058458444782e-06	 0.00000000000000000000e+00	 0.00000000000000000000e+00	 0.00000000000000000000e+00	 
 -2.19999999999999945599e-01	 7.49641207896000972964e-08	 0.00000000000000000000e+00	 6.89303493214408950301e-08	 3.77907652659528964581e-03	 3.81634835805545703444e-03	 2.94412589213834726548e-03	 0.00000000000000000000e+00	 0.00000000000000000000e+00	 0.00000000000000000000e+00	 3.81766987740746448904e-03	 4.96195410127164805784e-06	 0.00000000000000000000e+00	 0.00000000000000000000e+00	 0.00000000000000000000e+00	 
 -1.99999999999999983347e-01	 7.59545627277210048531e-08	 0.00000000000000000000e+00	 6.98451617045824694264e-08	 3.81254125566792131594e-03	 3.85053911688521943030e-03	 2.96411628152790616875e-03	 0.00000000000000000000e+00	 0.00000000000000000000e+00	 0.00000000000000000000e+00	 3.85189530109882050102e-03	 5.05837909689545624497e-06	 0.00000000000000000000e+00	 0.00000000000000000000e+00	 0.00000000000000000000e+00	 
 -1.79999999999999993339e-01	 7.69260361970457989357e-08	 0.00000000000000000000e+00	 7.07218289693572907527e-08	 3.84313794858447349903e-03	 3.88186862834255172472e-03	 2.98156724369891571944e-03	 0.00000000000000000000e+00	 0.00000000000000000000e+00	 0.00000000000000000000e+00	 3.88326774313818004133e-03	 5.15628454296991129346e-06	 0.00000000000000000000e+00	 0.00000000000000000000e+00	 0.00000000000000000000e+00	 
 -1.59999999999999920064e-01	 7.78840724146002417780e-08	 0.00000000000000000000e+00	 7.15654418616407360650e-08	 3.87068162616034357540e-03	 3.91015168085758878930e-03	 2.99634903123231896224e-03	 0.00000000000000000000e+00	 0.00000000000000000000e+00	 0.00000000000000000000e+00	 3.91159845875029259926e-03	 5.25570010966443869381e-06	 0.00000000000000000000e+00	 0.00000000000000000000e+00	 0.00000000000000000000e+00	 
 -1.39999999999999902300e-01	 7.88216488260104328478e-08	 0.00000000000000000000e+00	 7.23660567262557689469e-08	 3.89499339556563734313e-03	 3.93521005910994498694e-03	 3.00834598888851832352e-03	 0.00000000000000000000e+00	 0.00000000000000000000e+00	 0.00000000000000000000e+00	 3.93670414920656384222e-03	 5.35664330855227105715e-06	 0.00000000000000000000e+00	 0.00000000000000000000e+00	 0.00000000000000000000e+00	 
 -1.20000000000000009437e-01	 7.97218126550175102859e-08	 0.00000000000000000000e+00	 7.31017757103159196616e-08	 3.91589864606877932629e-03	 3.95687052488723559063e-03	 3.01745441302420439045e-03	 0.00000000000000000000e+00	 0.00000000000000000000e+00	 0.00000000000000000000e+00	 3.95840507241448751052e-03	 5.45911852196057233204e-06	 0.00000000000000000000e+00	 0.00000000000000000000e+00	 0.00000000000000000000e+00	 
 -1.00000000000000005551e-01	 8.05622988226639543399e-08	 0.00000000000000000000e+00	 7.37440878761389181061e-08	 3.93321788778692657540e-03	 3.97495515796371639422e-03	 3.02357026451920748306e-03	 0.00000000000000000000e+00	 0.00000000000000000000e+00	 0.00000000000000000000e+00	 3.97651604684878812179e-03	 5.56311012950187204522e-06	 0.00000000000000000000e+00	 0.00000000000000000000e+00	 0.00000000000000000000e+00	 
 -8.00000000000000155431e-02	 8.13300472356082885419e-08	 0.00000000000000000000e+00	 7.42755571993225000166e-08	 3.94678040576486050678e-03	 3.98929268504897693165e-03	 3.02660786048850917462e-03	 0.00000000000000000000e+00	 0.00000000000000000000e+00	 0.00000000000000000000e+00	 3.99086265590912602635e-03	 5.66860166403985833104e-06	 0.00000000000000000000e+00	 0.00000000000000000000e+00	 0.00000000000000000000e+00	 
 -5.99999999999999630851e-02	 8.20180609377635757937e-08	 0.00000000000000000000e+00	 7.46859988772120335929e-08	 3.95642265604089458930e-03	 3.99971743976205214993e-03	 3.02649801134637465652e-03	 0.00000000000000000000e+00	 0.00000000000000000000e+00	 0.00000000000000000000e+00	 4.00127891060083045599e-03	 5.77556931890929844725e-06	 0.00000000000000000000e+00	 0.00000000000000000000e+00	 0.00000000000000000000e+00	 
 -3.99999999999999383826e-02	 8.26188194830509109723e-08	 0.00000000000000000000e+00	 7.49644712245453737960e-08	 3.96197739776368677844e-03	 4.00605988301275858093e-03	 3.02317320121168542704e-03	 0.00000000000000000000e+00	 0.00000000000000000000e+00	 0.00000000000000000000e+00	 4.00759498211859625794e-03	 5.88396359882637232786e-06	 0.00000000000000000000e+00	 0.00000000000000000000e+00	 0.00000000000000000000e+00	 
 -2.00000000000000281719e-02	 8.31179424381423419959e-08	 0.00000000000000000000e+00	 7.51194178501400127698e-08	 3.96329009983335291134e-03	 4.00816665313303947815e-03	 3.01658566731369736855e-03	 0.00000000000000000000e+00	 0.00000000000000000000e+00	 0.00000000000000000000e+00	 4.00965625793560549728e-03	 5.99370179346438574925e-06	 0.00000000000000000000e+00	 0.00000000000000000000e+00	 0.00000000000000000000e+00	 
 -4.82163733276643543166e-17	 8.34954564858087793792e-08	 0.00000000000000000000e+00	 7.51731914505014202023e-08	 3.96021730331625777810e-03	 4.00589798036751851967e-03	 3.00670656208773491233e-03	 0.00000000000000000000e+00	 0.00000000000000000000e+00	 0.00000000000000000000e+00	 4.00732101432847102190e-03	 6.10466568668099628960e-06	 0.00000000000000000000e+00	 0.00000000000000000000e+00	 0.00000000000000000000e+00	 
 2.00000000000001253164e-02	 8.37283591759264525231e-08	 0.00000000000000000000e+00	 7.51467735601948100877e-08	 3.95261299220153392020e-03	 3.99911194728873667370e-03	 2.99350994043675678116e-03	 0.00000000000000000000e+00	 0.00000000000000000000e+00	 0.00000000000000000000e+00	 4.00044525167000085408e-03	 6.21668923107437936562e-06	 0.00000000000000000000e+00	 0.00000000000000000000e+00	 0.00000000000000000000e+00	 
 4.00000000000001187939e-02	 8.37992324632602415369e-08	 0.00000000000000000000e+00	 7.50484949460186105004e-08	 3.94035746425871243742e-03	 3.98768212019148457492e-03	 2.97699169552728551760e-03	 0.00000000000000000000e+00	 0.00000000000000000000e+00	 0.00000000000000000000e+00	 3.98890406784872461610e-03	 6.32949057251088815823e-06	 0.00000000000000000000e+00	 0.00000000000000000000e+00	 0.00000000000000000000e+00	 
 6.00000000000000255351e-02	 8.36940057851782469842e-08	 0.00000000000000000000e+00	 7.48783781018242247202e-08	 3.92335328176953053447e-03	 3.97149643027190375061e-03	 2.95716938583372212015e-03	 0.00000000000000000000e+00	 0.00000000000000000000e+00	 0.00000000000000000000e+00	 3.97258956844078955917e-03	 6.44267909223594115880e-06	 0.00000000000000000000e+00	 0.00000000000000000000e+00	 0.00000000000000000000e+00	 
 7.99999999999999322764e-02	 8.33975110117986690416e-08	 0.00000000000000000000e+00	 7.46365585580085568597e-08	 3.90150246642272753236e-03	 3.95044133035038578378e-03	 2.93406393123898543915e-03	 0.00000000000000000000e+00	 0.00000000000000000000e+00	 0.00000000000000000000e+00	 3.95139270952570530182e-03	 6.55574903656739028755e-06	 0.00000000000000000000e+00	 0.00000000000000000000e+00	 0.00000000000000000000e+00	 
 9.99999999999999500400e-02	 8.29074793692895762186e-08	 0.00000000000000000000e+00	 7.43160701438000598613e-08	 3.87472902290505712489e-03	 3.92443591263301732458e-03	 2.90771141498808198197e-03	 0.00000000000000000000e+00	 0.00000000000000000000e+00	 0.00000000000000000000e+00	 3.92524216219886958046e-03	 6.66836918636273868376e-06	 0.00000000000000000000e+00	 0.00000000000000000000e+00	 0.00000000000000000000e+00	 
 1.20000000000000023315e-01	 8.22307215146761287757e-08	 0.00000000000000000000e+00	 7.39047815051755438905e-08	 3.84297767299060944596e-03	 3.89342720873148920996e-03	 2.87816579232906934530e-03	 0.00000000000000000000e+00	 0.00000000000000000000e+00	 0.00000000000000000000e+00	 3.89409846150480390761e-03	 6.78031116977330579906e-06	 0.00000000000000000000e+00	 0.00000000000000000000e+00	 0.00000000000000000000e+00	 
 1.40000000000000041078e-01	 8.13742342948981070053e-08	 0.00000000000000000000e+00	 7.33892728300840333100e-08	 3.80619268080570598983e-03	 3.85736213156253259990e-03	 2.84548346881361878188e-03	 0.00000000000000000000e+00	 0.00000000000000000000e+00	 0.00000000000000000000e+00	 3.85792273899193682851e-03	 6.89130596953419354451e-06	 0.00000000000000000000e+00	 0.00000000000000000000e+00	 0.00000000000000000000e+00	 
 1.59999999999999975575e-01	 8.03586326911209031830e-08	 0.00000000000000000000e+00	 7.27480700248908835317e-08	 3.76435140400402249231e-03	 3.81622353668942303553e-03	 2.80973205943100927395e-03	 0.00000000000000000000e+00	 0.00000000000000000000e+00	 0.00000000000000000000e+00	 3.81669968205702436065e-03	 7.00101553508109122415e-06	 0.00000000000000000000e+00	 0.00000000000000000000e+00	 0.00000000000000000000e+00	 
 1.79999999999999937828e-01	 7.92143740070429240119e-08	 0.00000000000000000000e+00	 7.19531238527101644016e-08	 3.71746086639200340115e-03	 3.77002615799624163015e-03	 2.77099471071320241355e-03	 0.00000000000000000000e+00	 0.00000000000000000000e+00	 0.00000000000000000000e+00	 3.77043745432025997899e-03	 7.10903563354429068373e-06	 0.00000000000000000000e+00	 0.00000000000000000000e+00	 0.00000000000000000000e+00	 
 2.00000000000000094369e-01	 7.79700736305852873779e-08	 0.00000000000000000000e+00	 7.09724485161248148855e-08	 3.66552701568626957893e-03	 3.71878421398965167133e-03	 2.72935524640609966651e-03	 0.00000000000000000000e+00	 0.00000000000000000000e+00	 0.00000000000000000000e+00	 3.71914343533037965867e-03	 7.21489598630260315281e-06	 0.00000000000000000000e+00	 0.00000000000000000000e+00	 0.00000000000000000000e+00	 
 2.20000000000000001110e-01	 7.66227077974301749467e-08	 0.00000000000000000000e+00	 6.98121752064460725761e-08	 3.60860529638645311304e-03	 3.66255747994138599125e-03	 2.68488346856510587402e-03	 0.00000000000000000000e+00	 0.00000000000000000000e+00	 0.00000000000000000000e+00	 3.66286694768904472555e-03	 7.31789646488382863399e-06	 0.00000000000000000000e+00	 0.00000000000000000000e+00	 0.00000000000000000000e+00	 
 2.39999999999999963363e-01	 7.51477141305784672656e-08	 0.00000000000000000000e+00	 6.85040394564731343246e-08	 3.54679333651675273917e-03	 3.60144547964518250624e-03	 2.63764709761093313345e-03	 0.00000000000000000000e+00	 0.00000000000000000000e+00	 0.00000000000000000000e+00	 3.60169428790470605439e-03	 7.41714152683345984580e-06	 0.00000000000000000000e+00	 0.00000000000000000000e+00	 0.00000000000000000000e+00	 
 2.59999999999999953371e-01	 7.35178158009898782284e-08	 0.00000000000000000000e+00	 6.70776652862754732380e-08	 3.48018541391517059053e-03	 3.53554483933525825340e-03	 2.58771148399622322525e-03	 0.00000000000000000000e+00	 0.00000000000000000000e+00	 0.00000000000000000000e+00	 3.53570859050169813975e-03	 7.51158427866069939736e-06	 0.00000000000000000000e+00	 0.00000000000000000000e+00	 0.00000000000000000000e+00	 
 2.80000000000000082157e-01	 7.17299713014909568552e-08	 0.00000000000000000000e+00	 6.55552868092245320561e-08	 3.40892279446858900011e-03	 3.46499122544478323216e-03	 2.53511940384738235915e-03	 0.00000000000000000000e+00	 0.00000000000000000000e+00	 0.00000000000000000000e+00	 3.46504006513707408024e-03	 7.60014574764369370415e-06	 0.00000000000000000000e+00	 0.00000000000000000000e+00	 0.00000000000000000000e+00	 
 2.99999999999999988898e-01	 6.97971783489830635130e-08	 0.00000000000000000000e+00	 6.39548776771667991937e-08	 3.33318799441369379224e-03	 3.38995625438165545593e-03	 2.47990465701502333859e-03	 0.00000000000000000000e+00	 0.00000000000000000000e+00	 0.00000000000000000000e+00	 3.38986003309014929247e-03	 7.68167417322887834737e-06	 0.00000000000000000000e+00	 0.00000000000000000000e+00	 0.00000000000000000000e+00	 
 3.20000000000000006661e-01	 6.77318103453682870728e-08	 0.00000000000000000000e+00	 6.22935068683209199323e-08	 3.25315457677493626021e-03	 3.31060323207030835282e-03	 2.42209520601731516376e-03	 0.00000000000000000000e+00	 0.00000000000000000000e+00	 0.00000000000000000000e+00	 3.31033142041997109628e-03	 7.75485255433065933598e-06	 0.00000000000000000000e+00	 0.00000000000000000000e+00	 0.00000000000000000000e+00	 
 3.39999999999999968914e-01	 6.55626904518513833445e-08	 0.00000000000000000000e+00	 6.05789940290584387754e-08	 3.16904695426138693914e-03	 3.22714521184338468812e-03	 2.36167383560863296602e-03	 0.00000000000000000000e+00	 0.00000000000000000000e+00	 0.00000000000000000000e+00	 3.22667695485888460574e-03	 7.81838127570125806783e-06	 0.00000000000000000000e+00	 0.00000000000000000000e+00	 0.00000000000000000000e+00	 
 3.59999999999999931166e-01	 6.33296051779203774579e-08	 0.00000000000000000000e+00	 5.88134310653374021476e-08	 3.08113315058784449987e-03	 3.13983804641013511394e-03	 2.29859756008224608639e-03	 0.00000000000000000000e+00	 0.00000000000000000000e+00	 0.00000000000000000000e+00	 3.13916889892809202606e-03	 7.87091648366799143154e-06	 0.00000000000000000000e+00	 0.00000000000000000000e+00	 0.00000000000000000000e+00	 
 3.80000000000000059952e-01	 6.10679598941265478997e-08	 0.00000000000000000000e+00	 5.69986195622825998218e-08	 2.98966314111754867880e-03	 3.04892066598123206989e-03	 2.23281306838630589154e-03	 0.00000000000000000000e+00	 0.00000000000000000000e+00	 0.00000000000000000000e+00	 3.04806210674665343727e-03	 7.91094809570621923891e-06	 0.00000000000000000000e+00	 0.00000000000000000000e+00	 0.00000000000000000000e+00	 
 4.00000000000000077716e-01	 5.87938635923926314477e-08	 0.00000000000000000000e+00	 5.51474860194461560927e-08	 2.89493925434181932632e-03	 2.95469179481118318989e-03	 2.16423339439956270366e-03	 0.00000000000000000000e+00	 0.00000000000000000000e+00	 0.00000000000000000000e+00	 2.95366384908881795396e-03	 7.93730077176476884332e-06	 0.00000000000000000000e+00	 0.00000000000000000000e+00	 0.00000000000000000000e+00	 
 4.19999999999999984457e-01	 5.65114869146262475814e-08	 0.00000000000000000000e+00	 5.32803160892057242877e-08	 2.79730729316828713449e-03	 2.85749852176493245731e-03	 2.09275097200102393191e-03	 0.00000000000000000000e+00	 0.00000000000000000000e+00	 0.00000000000000000000e+00	 2.85632518541472984683e-03	 7.94897146345930697147e-06	 0.00000000000000000000e+00	 0.00000000000000000000e+00	 0.00000000000000000000e+00	 
 4.39999999999999946709e-01	 5.42243829948975159003e-08	 0.00000000000000000000e+00	 5.14156544573396150901e-08	 2.69708210374286104158e-03	 2.75765809125394631071e-03	 2.01824225581105588453e-03	 0.00000000000000000000e+00	 0.00000000000000000000e+00	 0.00000000000000000000e+00	 2.75636707164113271482e-03	 7.94485391785731970152e-06	 0.00000000000000000000e+00	 0.00000000000000000000e+00	 0.00000000000000000000e+00	 
 4.60000000000000131006e-01	 5.19278330805820458777e-08	 0.00000000000000000000e+00	 4.95434580103766989619e-08	 2.59463143967384552921e-03	 2.65553279169668038015e-03	 1.94064823623825823476e-03	 0.00000000000000000000e+00	 0.00000000000000000000e+00	 0.00000000000000000000e+00	 2.65415736300965996244e-03	 7.92394400164362254708e-06	 0.00000000000000000000e+00	 0.00000000000000000000e+00	 0.00000000000000000000e+00	 
 4.80000000000000037748e-01	 4.96119458827339104473e-08	 0.00000000000000000000e+00	 4.76352982019947048374e-08	 2.49036484253238642531e-03	 2.55152196708121215690e-03	 1.85995028527083231841e-03	 0.00000000000000000000e+00	 0.00000000000000000000e+00	 0.00000000000000000000e+00	 2.55010222740817242559e-03	 7.88525949575261571594e-06	 0.00000000000000000000e+00	 0.00000000000000000000e+00	 0.00000000000000000000e+00	 
 5.00000000000000000000e-01	 4.72664132727635188498e-08	 0.00000000000000000000e+00	 4.56611168345568186130e-08	 2.38464416909529288921e-03	 2.44597959244767428760e-03	 1.77610390925538931019e-03	 0.00000000000000000000e+00	 0.00000000000000000000e+00	 0.00000000000000000000e+00	 2.44456197759672583594e-03	 7.82771202538584926856e-06	 0.00000000000000000000e+00	 0.00000000000000000000e+00	 0.00000000000000000000e+00	 
 5.20000000000000128786e-01	 4.49110388666624227720e-08	 0.00000000000000000000e+00	 4.35918371872571025681e-08	 2.27789664014869507741e-03	 2.33931397156091546927e-03	 1.68928055689680257923e-03	 0.00000000000000000000e+00	 0.00000000000000000000e+00	 0.00000000000000000000e+00	 2.33794711448041987734e-03	 7.75028032166639577920e-06	 0.00000000000000000000e+00	 0.00000000000000000000e+00	 0.00000000000000000000e+00	 
 5.40000000000000035527e-01	 4.25839830765896957206e-08	 0.00000000000000000000e+00	 4.13982917883992302127e-08	 2.17059617580129008904e-03	 2.23197355386029003960e-03	 1.59978383940501860463e-03	 0.00000000000000000000e+00	 0.00000000000000000000e+00	 0.00000000000000000000e+00	 2.23070583355855500685e-03	 7.65193175544443019646e-06	 0.00000000000000000000e+00	 0.00000000000000000000e+00	 0.00000000000000000000e+00	 
 5.60000000000000053291e-01	 4.03168829012691865883e-08	 0.00000000000000000000e+00	 3.90495242321523312164e-08	 2.06314694494230156663e-03	 2.12434161035376456797e-03	 1.50785832632733033352e-03	 0.00000000000000000000e+00	 0.00000000000000000000e+00	 0.00000000000000000000e+00	 2.12322125396592793767e-03	 7.53150308822493382829e-06	 0.00000000000000000000e+00	 0.00000000000000000000e+00	 0.00000000000000000000e+00	 
 5.79999999999999849010e-01	 3.81211807421242627474e-08	 0.00000000000000000000e+00	 3.65746050371148378053e-08	 1.95599048460588006287e-03	 2.01684050031227793051e-03	 1.41408606223110216125e-03	 0.00000000000000000000e+00	 0.00000000000000000000e+00	 0.00000000000000000000e+00	 2.01591127837248999463e-03	 7.38915088017505124749e-06	 0.00000000000000000000e+00	 0.00000000000000000000e+00	 0.00000000000000000000e+00	 
 5.99999999999999977796e-01	 3.59963294526278801694e-08	 0.00000000000000000000e+00	 3.40378048478680957823e-08	 1.84959481632401986050e-03	 1.90992038812255629336e-03	 1.31924566006804484981e-03	 0.00000000000000000000e+00	 0.00000000000000000000e+00	 0.00000000000000000000e+00	 1.90921916686986577541e-03	 7.22579652649694133493e-06	 0.00000000000000000000e+00	 0.00000000000000000000e+00	 0.00000000000000000000e+00	 
 6.20000000000000106581e-01	 3.39410660280981877173e-08	 0.00000000000000000000e+00	 3.14904057242745263252e-08	 1.74433822317182998275e-03	 1.80394646978692015094e-03	 1.22396868539195345302e-03	 0.00000000000000000000e+00	 0.00000000000000000000e+00	 0.00000000000000000000e+00	 1.80350425340742139338e-03	 7.04222646020082214050e-06	 0.00000000000000000000e+00	 0.00000000000000000000e+00	 0.00000000000000000000e+00	 
 6.39999999999999902300e-01	 3.19393283758950216942e-08	 0.00000000000000000000e+00	 2.89754682847308829306e-08	 1.64062130408848170192e-03	 1.69932553944877125403e-03	 1.12909330320388307488e-03	 0.00000000000000000000e+00	 0.00000000000000000000e+00	 0.00000000000000000000e+00	 1.69916502145498566831e-03	 6.83990366727288373838e-06	 0.00000000000000000000e+00	 0.00000000000000000000e+00	 0.00000000000000000000e+00	 
 6.60000000000000031086e-01	 2.99663599545505884445e-08	 0.00000000000000000000e+00	 2.65302167934047363972e-08	 1.53885966998508873574e-03	 1.59649082953820971309e-03	 1.03556220556096567273e-03	 0.00000000000000000000e+00	 0.00000000000000000000e+00	 0.00000000000000000000e+00	 1.59662517622787252652e-03	 6.62064764026368537741e-06	 0.00000000000000000000e+00	 0.00000000000000000000e+00	 0.00000000000000000000e+00	 
 6.80000000000000159872e-01	 2.79978055853862906533e-08	 0.00000000000000000000e+00	 2.41818590368838602307e-08	 1.43936244762669224295e-03	 1.49576956833985964118e-03	 9.44079796409889003550e-04	 0.00000000000000000000e+00	 0.00000000000000000000e+00	 0.00000000000000000000e+00	 1.49620424058905117891e-03	 6.38604325631060754418e-06	 0.00000000000000000000e+00	 0.00000000000000000000e+00	 0.00000000000000000000e+00	 
 6.99999999999999955591e-01	 2.60652324545251652765e-08	 0.00000000000000000000e+00	 2.19391352403953442353e-08	 1.34246450148170319572e-03	 1.39751013428772094538e-03	 8.55405726800794082021e-04	 0.00000000000000000000e+00	 0.00000000000000000000e+00	 0.00000000000000000000e+00	 1.39823439469142422713e-03	 6.13827918816991274835e-06	 0.00000000000000000000e+00	 0.00000000000000000000e+00	 0.00000000000000000000e+00	 
 7.20000000000000084377e-01	 2.42309664402198172380e-08	 0.00000000000000000000e+00	 1.98000529878305508942e-08	 1.24851614227730850319e-03	 1.30207362255179998761e-03	 7.70309120466161189461e-04	 0.00000000000000000000e+00	 0.00000000000000000000e+00	 0.00000000000000000000e+00	 1.30305600251969921216e-03	 5.87983318840737850434e-06	 0.00000000000000000000e+00	 0.00000000000000000000e+00	 0.00000000000000000000e+00	 
 7.39999999999999991118e-01	 2.25384709868827627199e-08	 0.00000000000000000000e+00	 1.77604154608759518129e-08	 1.15774562090986557830e-03	 1.20970053194646362527e-03	 6.89278925060272072700e-04	 0.00000000000000000000e+00	 0.00000000000000000000e+00	 0.00000000000000000000e+00	 1.21089303146236894684e-03	 5.61280593524746480763e-06	 0.00000000000000000000e+00	 0.00000000000000000000e+00	 0.00000000000000000000e+00	 
 7.60000000000000008882e-01	 2.09698613144923588124e-08	 0.00000000000000000000e+00	 1.58147810814839468291e-08	 1.07039283669796013616e-03	 1.12063792302574964828e-03	 6.12778572505176966773e-04	 0.00000000000000000000e+00	 0.00000000000000000000e+00	 0.00000000000000000000e+00	 1.12198624969984928589e-03	 5.33947471377678378404e-06	 0.00000000000000000000e+00	 0.00000000000000000000e+00	 0.00000000000000000000e+00	 
 7.80000000000000137668e-01	 1.94722688940857498883e-08	 0.00000000000000000000e+00	 1.39571828046058682543e-08	 9.86705182101528565156e-04	 1.03513748651861705284e-03	 5.41239159015074653390e-04	 0.00000000000000000000e+00	 0.00000000000000000000e+00	 0.00000000000000000000e+00	 1.03658690268996632640e-03	 5.06214306696909753112e-06	 0.00000000000000000000e+00	 0.00000000000000000000e+00	 0.00000000000000000000e+00	 
 7.99999999999999933387e-01	 1.79942203901139968722e-08	 0.00000000000000000000e+00	 1.21797684222107816415e-08	 9.06800756886586532823e-04	 9.53324135336414244142e-04	 4.74823766678559536659e-04	 0.00000000000000000000e+00	 0.00000000000000000000e+00	 0.00000000000000000000e+00	 9.54820291131926721963e-04	 4.78264980201578253767e-06	 0.00000000000000000000e+00	 0.00000000000000000000e+00	 0.00000000000000000000e+00	 
 8.20000000000000062172e-01	 1.65330865426297348878e-08	 0.00000000000000000000e+00	 1.04906706936970544836e-08	 8.30794151505508918394e-04	 8.75323263120883162704e-04	 4.13661180040215330049e-04	 0.00000000000000000000e+00	 0.00000000000000000000e+00	 0.00000000000000000000e+00	 8.76813512647772264411e-04	 4.50267692234077832964e-06	 0.00000000000000000000e+00	 0.00000000000000000000e+00	 0.00000000000000000000e+00	 
 8.39999999999999857891e-01	 1.51131757490407881364e-08	 0.00000000000000000000e+00	 8.90606747620527996782e-09	 7.58801501505637176863e-04	 8.01263733750589234560e-04	 3.57854265483783563501e-04	 0.00000000000000000000e+00	 0.00000000000000000000e+00	 0.00000000000000000000e+00	 8.02697589496790902229e-04	 4.22374781915444527018e-06	 0.00000000000000000000e+00	 0.00000000000000000000e+00	 0.00000000000000000000e+00	 
 8.60000000000000097700e-01	 1.37513717728431207541e-08	 0.00000000000000000000e+00	 7.43211659085175458019e-09	 6.90813911959665201586e-04	 7.31149408535266870542e-04	 3.07280087869157424348e-04	 0.00000000000000000000e+00	 0.00000000000000000000e+00	 0.00000000000000000000e+00	 7.32478533933706549806e-04	 3.94691714744000726072e-06	 0.00000000000000000000e+00	 0.00000000000000000000e+00	 0.00000000000000000000e+00	 
 8.80000000000000115463e-01	 1.24671863045843754709e-08	 0.00000000000000000000e+00	 6.09597039142217439008e-09	 6.26824030330350536779e-04	 6.64986684845579123851e-04	 2.61812554084166508248e-04	 0.00000000000000000000e+00	 0.00000000000000000000e+00	 0.00000000000000000000e+00	 6.66179516310758611762e-04	 3.67349121987418594063e-06	 0.00000000000000000000e+00	 0.00000000000000000000e+00	 0.00000000000000000000e+00	 
 8.99999999999999911182e-01	 1.12806109343624626576e-08	 0.00000000000000000000e+00	 4.93236413448795496580e-09	 5.66832623553488543916e-04	 6.02790013201396322751e-04	 2.21328749020157088427e-04	 0.00000000000000000000e+00	 0.00000000000000000000e+00	 0.00000000000000000000e+00	 6.03838680655528455346e-04	 3.40483894202802791083e-06	 0.00000000000000000000e+00	 0.00000000000000000000e+00	 0.00000000000000000000e+00	 
 9.20000000000000039968e-01	 1.02030275510875292149e-08	 0.00000000000000000000e+00	 3.94536967457074609224e-09	 5.10724378805465129179e-04	 5.44456127365198052151e-04	 1.85526773005783825535e-04	 0.00000000000000000000e+00	 0.00000000000000000000e+00	 0.00000000000000000000e+00	 5.45370412341954734214e-04	 3.14175100402874180757e-06	 0.00000000000000000000e+00	 0.00000000000000000000e+00	 0.00000000000000000000e+00	 
 9.39999999999999835687e-01	 9.22365680134127686491e-09	 0.00000000000000000000e+00	 3.12856640306931050305e-09	 4.58403310081389894857e-04	 4.89916954768951037370e-04	 1.54133358051193169319e-04	 0.00000000000000000000e+00	 0.00000000000000000000e+00	 0.00000000000000000000e+00	 4.90711534429595858456e-04	 2.88567783522181370640e-06	 0.00000000000000000000e+00	 0.00000000000000000000e+00	 0.00000000000000000000e+00	 
 9.60000000000000075495e-01	 8.32084054113464065684e-09	 0.00000000000000000000e+00	 2.46993012002573491959e-09	 4.09794161286721012483e-04	 4.39131997537502301830e-04	 1.26904728957188858403e-04	 0.00000000000000000000e+00	 0.00000000000000000000e+00	 0.00000000000000000000e+00	 4.39819518117114843011e-04	 2.63832480085821756533e-06	 0.00000000000000000000e+00	 0.00000000000000000000e+00	 0.00000000000000000000e+00	 
 9.80000000000000093259e-01	 7.47573886444829150549e-09	 0.00000000000000000000e+00	 1.94991598075491408626e-09	 3.64712327738643950041e-04	 3.91941845689419514614e-04	 1.03461362730715585555e-04	 0.00000000000000000000e+00	 0.00000000000000000000e+00	 0.00000000000000000000e+00	 3.92533057871291665882e-04	 2.40057257145288317611e-06	 0.00000000000000000000e+00	 0.00000000000000000000e+00	 0.00000000000000000000e+00	 
 9.99999999999999888978e-01	 6.66883551743298331332e-09	 0.00000000000000000000e+00	 1.54282201579518861092e-09	 3.23033136535503140763e-04	 3.48236314712082922936e-04	 8.34703784876225082573e-05	 0.00000000000000000000e+00	 0.00000000000000000000e+00	 0.00000000000000000000e+00	 3.48742245017488641367e-04	 2.17378868374133803104e-06	 0.00000000000000000000e+00	 0.00000000000000000000e+00	 0.00000000000000000000e+00	 
 1.02000000000000001776e+00	 5.88106603905700043124e-09	 0.00000000000000000000e+00	 1.22192383059370615067e-09	 2.84673538652636156764e-04	 3.07940882504852435006e-04	 6.66437474799849504737e-05	 0.00000000000000000000e+00	 0.00000000000000000000e+00	 0.00000000000000000000e+00	 3.08373945948250797761e-04	 1.95949812388105753020e-06	 0.00000000000000000000e+00	 0.00000000000000000000e+00	 0.00000000000000000000e+00	 
 1.04000000000000003553e+00	 5.09509473726174767601e-09	 0.00000000000000000000e+00	 9.65849939430941584380e-10	 2.49432308099704663946e-04	 2.70859371624312028539e-04	 5.25990115105648425604e-05	 0.00000000000000000000e+00	 0.00000000000000000000e+00	 0.00000000000000000000e+00	 2.71232495104369497520e-04	 1.75824847036222900103e-06	 0.00000000000000000000e+00	 0.00000000000000000000e+00	 0.00000000000000000000e+00	 
 1.06000000000000005329e+00	 4.33979551035843173358e-09	 0.00000000000000000000e+00	 7.58729137256668547123e-10	 2.17194840696453757853e-04	 2.36871604392531616944e-04	 4.10058760662180415979e-05	 0.00000000000000000000e+00	 0.00000000000000000000e+00	 0.00000000000000000000e+00	 2.37190597090662500706e-04	 1.57029214119564131603e-06	 0.00000000000000000000e+00	 0.00000000000000000000e+00	 0.00000000000000000000e+00	 
 1.08000000000000007105e+00	 3.66311207776810741337e-09	 0.00000000000000000000e+00	 5.88766378170295746567e-10	 1.87898710409944665924e-04	 2.05905339405338294774e-04	 3.15845039897966816203e-05	 0.00000000000000000000e+00	 0.00000000000000000000e+00	 0.00000000000000000000e+00	 2.06165670308462587379e-04	 1.39572243647832723701e-06	 0.00000000000000000000e+00	 0.00000000000000000000e+00	 0.00000000000000000000e+00	 
 1.09999999999999986677e+00	 3.08420095245685055053e-09	 0.00000000000000000000e+00	 4.46474254795456062013e-10	 1.61344557577981783953e-04	 1.77754604111292802311e-04	 2.40013469161863358177e-05	 0.00000000000000000000e+00	 0.00000000000000000000e+00	 0.00000000000000000000e+00	 1.77944936001403041913e-04	 1.23395453938122063372e-06	 0.00000000000000000000e+00	 0.00000000000000000000e+00	 0.00000000000000000000e+00	 
 1.11999999999999988454e+00	 2.59329015293542813608e-09	 0.00000000000000000000e+00	 3.29134477436669522206e-10	 1.37418430939851584196e-04	 1.52300865007768255989e-04	 1.79771143060176617160e-05	 0.00000000000000000000e+00	 0.00000000000000000000e+00	 0.00000000000000000000e+00	 1.52417532161518994678e-04	 1.08464425185587244260e-06	 0.00000000000000000000e+00	 0.00000000000000000000e+00	 0.00000000000000000000e+00	 
 1.14000000000000012434e+00	 2.16791551323210748407e-09	 0.00000000000000000000e+00	 2.37204709549207152497e-10	 1.16056167187372590217e-04	 1.29477185105840967997e-04	 1.32826449377457823920e-05	 0.00000000000000000000e+00	 0.00000000000000000000e+00	 0.00000000000000000000e+00	 1.29530206275375728894e-04	 9.47590135334724594181e-07	 0.00000000000000000000e+00	 0.00000000000000000000e+00	 0.00000000000000000000e+00	 
 1.15999999999999992006e+00	 1.79005722904532623158e-09	 0.00000000000000000000e+00	 1.67273157015830984418e-10	 9.70461516560215545560e-05	 1.09070487620851978698e-04	 9.66628687279999373138e-06	 0.00000000000000000000e+00	 0.00000000000000000000e+00	 0.00000000000000000000e+00	 1.09076990510458956217e-04	 8.21929901054673607933e-07	 0.00000000000000000000e+00	 0.00000000000000000000e+00	 0.00000000000000000000e+00	 
 1.18000000000000015987e+00	 1.45606541410127205349e-09	 0.00000000000000000000e+00	 1.15546155576863081297e-10	 8.02778805223450096134e-05	 9.09663092280267528318e-05	 6.92211354835160738887e-06	 0.00000000000000000000e+00	 0.00000000000000000000e+00	 0.00000000000000000000e+00	 9.09442018118439580651e-05	 7.07391743147104324286e-07	 0.00000000000000000000e+00	 0.00000000000000000000e+00	 0.00000000000000000000e+00	 
 1.19999999999999973355e+00	 1.16904569854698951310e-09	 0.00000000000000000000e+00	 7.84261363949764287706e-11	 6.56959665267651171574e-05	 7.51049726161949851057e-05	 4.88601192367994092427e-06	 0.00000000000000000000e+00	 0.00000000000000000000e+00	 0.00000000000000000000e+00	 7.50700485628436043044e-05	 6.03991465946072821658e-07	 0.00000000000000000000e+00	 0.00000000000000000000e+00	 0.00000000000000000000e+00	 
 1.21999999999999997335e+00	 9.26116677917614579931e-10	 0.00000000000000000000e+00	 5.22919437612701811274e-11	 5.30839765120506642420e-05	 6.12684840364359294780e-05	 3.39470714445494981809e-06	 0.00000000000000000000e+00	 0.00000000000000000000e+00	 0.00000000000000000000e+00	 6.12341814793150861522e-05	 5.10908595236520291209e-07	 0.00000000000000000000e+00	 0.00000000000000000000e+00	 0.00000000000000000000e+00	 
 1.24000000000000021316e+00	 7.16340045307886471025e-10	 0.00000000000000000000e+00	 3.42596681249323663669e-11	 4.22798295221888330818e-05	 4.92985168066256804371e-05	 2.31925005155442937800e-06	 0.00000000000000000000e+00	 0.00000000000000000000e+00	 0.00000000000000000000e+00	 4.92751984769072574259e-05	 4.27749323631713024267e-07	 0.00000000000000000000e+00	 0.00000000000000000000e+00	 0.00000000000000000000e+00	 
 1.25999999999999978684e+00	 5.29424102623300930373e-10	 0.00000000000000000000e+00	 2.21137898613752427231e-11	 3.31725389745358937720e-05	 3.90915651292436289762e-05	 1.56113183185383327360e-06	 0.00000000000000000000e+00	 0.00000000000000000000e+00	 0.00000000000000000000e+00	 3.90854579195989233677e-05	 3.54330828899614062309e-07	 0.00000000000000000000e+00	 0.00000000000000000000e+00	 0.00000000000000000000e+00	 
 1.28000000000000002665e+00	 3.76869001897097845332e-10	 0.00000000000000000000e+00	 1.40569170442397050134e-11	 2.55977454048665973966e-05	 3.04966954725389647869e-05	 1.03464098604526907588e-06	 0.00000000000000000000e+00	 0.00000000000000000000e+00	 0.00000000000000000000e+00	 3.05035774477604853269e-05	 2.89588345683060781820e-07	 0.00000000000000000000e+00	 0.00000000000000000000e+00	 0.00000000000000000000e+00	 
 1.30000000000000026645e+00	 2.59960007479268302108e-10	 0.00000000000000000000e+00	 8.80121439126287199567e-12	 1.93907166737121992080e-05	 2.33607796192819500483e-05	 6.75017561013110017433e-07	 0.00000000000000000000e+00	 0.00000000000000000000e+00	 0.00000000000000000000e+00	 2.33734137370485797497e-05	 2.32672089909410265810e-07	 0.00000000000000000000e+00	 0.00000000000000000000e+00	 0.00000000000000000000e+00	 
 1.32000000000000006217e+00	 1.75352334559990893516e-10	 0.00000000000000000000e+00	 5.44505464628987075536e-12	 1.44130559030120430452e-05	 1.75565944478437147415e-05	 4.34898863551723342269e-07	 0.00000000000000000000e+00	 0.00000000000000000000e+00	 0.00000000000000000000e+00	 1.75683818334024768784e-05	 1.83060575701087444006e-07	 0.00000000000000000000e+00	 0.00000000000000000000e+00	 0.00000000000000000000e+00	 
 1.34000000000000007994e+00	 1.15756200777632752212e-10	 0.00000000000000000000e+00	 3.32766636729884835507e-12	 1.04840617175148944544e-05	 1.29118978441690400428e-05	 2.76486695713540751499e-07	 0.00000000000000000000e+00	 0.00000000000000000000e+00	 0.00000000000000000000e+00	 1.29187086210126245091e-05	 1.40608915664246593619e-07	 0.00000000000000000000e+00	 0.00000000000000000000e+00	 0.00000000000000000000e+00	 
 1.35999999999999987566e+00	 7.48838824263827022462e-11	 0.00000000000000000000e+00	 2.00931579566642961281e-12	 7.44166553610769914502e-06	 9.26523264900445368971e-06	 1.73368595925257269211e-07	 0.00000000000000000000e+00	 0.00000000000000000000e+00	 0.00000000000000000000e+00	 9.26529727173693728884e-06	 1.04844248017213795951e-07	 0.00000000000000000000e+00	 0.00000000000000000000e+00	 0.00000000000000000000e+00	 
 1.37999999999999989342e+00	 4.77464058526519292687e-11	 0.00000000000000000000e+00	 1.20305736084838508858e-12	 5.15627391790828297404e-06	 6.48530722329111932188e-06	 1.07548647545329256897e-07	 0.00000000000000000000e+00	 0.00000000000000000000e+00	 0.00000000000000000000e+00	 6.47905289916035505543e-06	 7.53556735102234594437e-08	 0.00000000000000000000e+00	 0.00000000000000000000e+00	 0.00000000000000000000e+00	 
 1.40000000000000013323e+00	 2.98989124292768885487e-11	 0.00000000000000000000e+00	 7.12467452514632833153e-13	 3.46969738655459656356e-06	 4.40428633847619822785e-06	 6.57804150805477186746e-08	 0.00000000000000000000e+00	 0.00000000000000000000e+00	 0.00000000000000000000e+00	 4.39462479559108127274e-06	 5.19473257274993032967e-08	 0.00000000000000000000e+00	 0.00000000000000000000e+00	 0.00000000000000000000e+00	 
 1.41999999999999992895e+00	 1.82563823461560472134e-11	 0.00000000000000000000e+00	 4.14831029717113660787e-13	 2.24613370104370069463e-06	 2.87355434192760925586e-06	 3.93915397098406502457e-08	 0.00000000000000000000e+00	 0.00000000000000000000e+00	 0.00000000000000000000e+00	 2.86364390731383049450e-06	 3.40702767802455196803e-08	 0.00000000000000000000e+00	 0.00000000000000000000e+00	 0.00000000000000000000e+00	 
 1.44000000000000016875e+00	 1.07299011899643887750e-11	 0.00000000000000000000e+00	 2.34691247579794127048e-13	 1.37857686816964732660e-06	 1.77390787496453637310e-06	 2.28023050118003262607e-08	 0.00000000000000000000e+00	 0.00000000000000000000e+00	 0.00000000000000000000e+00	 1.76617703278396926351e-06	 2.10852890628990976863e-08	 0.00000000000000000000e+00	 0.00000000000000000000e+00	 0.00000000000000000000e+00	 
 1.45999999999999996447e+00	 5.71992345792084415421e-12	 0.00000000000000000000e+00	 1.22450673078451267384e-13	 7.52177335878975536063e-07	 9.70910676829679221192e-07	 1.20536422841798581776e-08	 0.00000000000000000000e+00	 0.00000000000000000000e+00	 0.00000000000000000000e+00	 9.66209830695523144557e-07	 1.15500526873430888723e-08	 0.00000000000000000000e+00	 0.00000000000000000000e+00	 0.00000000000000000000e+00	 
 1.47999999999999998224e+00	 2.60554162904739670807e-12	 0.00000000000000000000e+00	 5.57895020749473990164e-14	 3.42606062361851976164e-07	 4.42232689490418335610e-07	 5.49114025274272928591e-09	 0.00000000000000000000e+00	 0.00000000000000000000e+00	 0.00000000000000000000e+00	 4.40091849579824865745e-07	 5.26077740562785823409e-09	 0.00000000000000000000e+00	 0.00000000000000000000e+00	 0.00000000000000000000e+00	 
 1.50000000000000000000e+00	 1.15229006385826082390e-12	 0.00000000000000000000e+00	 2.46779466787184788926e-14	 1.51503349591356130409e-07	 1.95557486084647865164e-07	 2.42866048926241140015e-09	 0.00000000000000000000e+00	 0.00000000000000000000e+00	 0.00000000000000000000e+00	 1.94610949199498965209e-07	 2.32630849713355235099e-09	 0.00000000000000000000e+00	 0.00000000000000000000e+00	 0.00000000000000000000e+00	 
 1.52000000000000001776e+00	 4.94117428839473163147e-13	 0.00000000000000000000e+00	 1.05847476802837038628e-14	 6.49605763393298746117e-08	 8.38490391786777301426e-08	 1.04155012456889933999e-09	 0.00000000000000000000e+00	 0.00000000000000000000e+00	 0.00000000000000000000e+00	 8.34432662191762604327e-08	 9.97433671870411856457e-10	 0.00000000000000000000e+00	 0.00000000000000000000e+00	 0.00000000000000000000e+00	 
 1.54000000000000003553e+00	 2.05174548258675783097e-13	 0.00000000000000000000e+00	 4.39631331248946834711e-15	 2.69710455489664387202e-08	 3.48130084364042433903e-08	 4.32537333943389993815e-10	 0.00000000000000000000e+00	 0.00000000000000000000e+00	 0.00000000000000000000e+00	 3.46445706558799172522e-08	 4.14113859246127659184e-10	 0.00000000000000000000e+00	 0.00000000000000000000e+00	 0.00000000000000000000e+00	 
 1.56000000000000027534e+00	 8.23819420554393794872e-14	 0.00000000000000000000e+00	 1.76573307979087498243e-15	 1.08281837000102885460e-08	 1.39763709515991457675e-08	 1.73695252758878245652e-10	 0.00000000000000000000e+00	 0.00000000000000000000e+00	 0.00000000000000000000e+00	 1.39087634242082542663e-08	 1.66250898650636936738e-10	 0.00000000000000000000e+00	 0.00000000000000000000e+00	 0.00000000000000000000e+00	 
 1.58000000000000007105e+00	 3.19384398780967034464e-14	 0.00000000000000000000e+00	 6.84776948139123779035e-16	 4.19740220753228461347e-09	 5.41768602298402571455e-09	 6.73490950344503210182e-11	 0.00000000000000000000e+00	 0.00000000000000000000e+00	 0.00000000000000000000e+00	 5.39148577231541908968e-09	 6.44427065436607973638e-11	 0.00000000000000000000e+00	 0.00000000000000000000e+00	 0.00000000000000000000e+00	 
 1.60000000000000008882e+00	 1.19368989330478877230e-14	 0.00000000000000000000e+00	 2.56026783234702624678e-16	 1.56853775786068800338e-09	 2.02451967627723537121e-09	 2.51755352995034768526e-11	 0.00000000000000000000e+00	 0.00000000000000000000e+00	 0.00000000000000000000e+00	 2.01473173557392614187e-09	 2.40808140608791462342e-11	 0.00000000000000000000e+00	 0.00000000000000000000e+00	 0.00000000000000000000e+00	 
 1.61999999999999988454e+00	 4.29388806983631017548e-15	 0.00000000000000000000e+00	 9.21341453329458678545e-17	 5.64135276943382702549e-10	 7.28120604859008481933e-10	 9.05763233290941516667e-12	 0.00000000000000000000e+00	 0.00000000000000000000e+00	 0.00000000000000000000e+00	 7.24601473985843497030e-10	 8.66044977937664916355e-12	 0.00000000000000000000e+00	 0.00000000000000000000e+00	 0.00000000000000000000e+00	 
 1.64000000000000012434e+00	 1.48400526132489789962e-15	 0.00000000000000000000e+00	 3.18566691732058832090e-17	 1.94934535398697339250e-10	 2.51594457375355887161e-10	 3.13100997239609196723e-12	 0.00000000000000000000e+00	 0.00000000000000000000e+00	 0.00000000000000000000e+00	 2.50378889418523964317e-10	 2.99243536291526432607e-12	 0.00000000000000000000e+00	 0.00000000000000000000e+00	 0.00000000000000000000e+00	 
 1.66000000000000014211e+00	 4.91863778501728492232e-16	 0.00000000000000000000e+00	 1.05639211560506849395e-17	 6.45966464036416801701e-11	 8.33707245934044530060e-11	 1.03797700442085372855e-12	 0.00000000000000000000e+00	 0.00000000000000000000e+00	 0.00000000000000000000e+00	 8.29680823152466642700e-11	 9.91567693033707498640e-13	 0.00000000000000000000e+00	 0.00000000000000000000e+00	 0.00000000000000000000e+00	 
 1.67999999999999993783e+00	 1.56037345932925151005e-16	 0.00000000000000000000e+00	 3.35309376668244395138e-18	 2.04878202311592348701e-11	 2.64417206507878775313e-11	 3.29362863781949264824e-13	 0.00000000000000000000e+00	 0.00000000000000000000e+00	 0.00000000000000000000e+00	 2.63140758899445482665e-11	 3.14472000932282245155e-13	 0.00000000000000000000e+00	 0.00000000000000000000e+00	 0.00000000000000000000e+00	 
 1.70000000000000017764e+00	 4.72804143426636181982e-17	 0.00000000000000000000e+00	 1.01661719499336011124e-18	 6.20640711297141656791e-12	 8.00983448911482313854e-12	 9.98251916539837556615e-14	 0.00000000000000000000e+00	 0.00000000000000000000e+00	 0.00000000000000000000e+00	 7.97118687823572890950e-12	 9.52571547303222359439e-14	 0.00000000000000000000e+00	 0.00000000000000000000e+00	 0.00000000000000000000e+00	 
 1.71999999999999997335e+00	 1.36532573208334346675e-17	 0.00000000000000000000e+00	 2.93760877209639853124e-19	 1.79174571863374726364e-12	 2.31231985837133184700e-12	 2.88348488923968605348e-14	 0.00000000000000000000e+00	 0.00000000000000000000e+00	 0.00000000000000000000e+00	 2.30116895656099121501e-12	 2.74980581288437418410e-14	 0.00000000000000000000e+00	 0.00000000000000000000e+00	 0.00000000000000000000e+00	 
 1.73999999999999999112e+00	 3.74850071786985609414e-18	 0.00000000000000000000e+00	 8.07084304304163499641e-20	 4.91776766419834237392e-13	 6.34638917273792387070e-13	 7.91901349400462579343e-15	 0.00000000000000000000e+00	 0.00000000000000000000e+00	 0.00000000000000000000e+00	 6.31580278652160608772e-13	 7.54673544005012192418e-15	 0.00000000000000000000e+00	 0.00000000000000000000e+00	 0.00000000000000000000e+00	 
 1.76000000000000023093e+00	 9.75956704890254445073e-19	 0.00000000000000000000e+00	 2.10288961045708262094e-20	 1.27997257658362705379e-13	 1.65175427859171818289e-13	 2.06245826472750447531e-15	 0.00000000000000000000e+00	 0.00000000000000000000e+00	 0.00000000000000000000e+00	 1.64379886765143414775e-13	 1.96405876773276606577e-15	 0.00000000000000000000e+00	 0.00000000000000000000e+00	 0.00000000000000000000e+00	 
 1.78000000000000002665e+00	 2.40297990030403081751e-19	 0.00000000000000000000e+00	 5.18178814729309642110e-21	 3.15043094840100689432e-14	 4.06536739611479159346e-14	 5.07988690375208117464e-16	 0.00000000000000000000e+00	 0.00000000000000000000e+00	 0.00000000000000000000e+00	 4.04580104884480916748e-14	 4.83374653057867694169e-16	 0.00000000000000000000e+00	 0.00000000000000000000e+00	 0.00000000000000000000e+00	 
 1.80000000000000004441e+00	 5.57836434092975455574e-20	 0.00000000000000000000e+00	 1.20391522901199509954e-21	 7.31084417041178729419e-15	 9.43368784267114697832e-15	 1.17968725178229074681e-16	 0.00000000000000000000e+00	 0.00000000000000000000e+00	 0.00000000000000000000e+00	 9.38831843954069339097e-15	 1.12160317979376226782e-16	 0.00000000000000000000e+00	 0.00000000000000000000e+00	 0.00000000000000000000e+00	 
 1.81999999999999984013e+00	 1.21694063057470195900e-20	 0.00000000000000000000e+00	 2.62863160543784971883e-22	 1.59427641358410274748e-15	 2.05712638074521108365e-15	 2.57448585197170377910e-17	 0.00000000000000000000e+00	 0.00000000000000000000e+00	 0.00000000000000000000e+00	 2.04724094310912007207e-15	 2.44563290644701700767e-17	 0.00000000000000000000e+00	 0.00000000000000000000e+00	 0.00000000000000000000e+00	 
 1.84000000000000007994e+00	 2.48578152273379791872e-21	 0.00000000000000000000e+00	 5.37404287885248102619e-23	 3.25526043370587643354e-16	 4.20016087946203427134e-16	 5.26075274559960995296e-18	 0.00000000000000000000e+00	 0.00000000000000000000e+00	 0.00000000000000000000e+00	 4.17999393132315254045e-16	 4.99307483044432619175e-18	 0.00000000000000000000e+00	 0.00000000000000000000e+00	 0.00000000000000000000e+00	 
 1.86000000000000009770e+00	 4.73525003328455765537e-22	 0.00000000000000000000e+00	 1.02461135286073109369e-23	 6.19857736103297057861e-17	 7.99750970478604180964e-17	 1.00251672988191141570e-18	 0.00000000000000000000e+00	 0.00000000000000000000e+00	 0.00000000000000000000e+00	 7.95914252653116889208e-17	 9.50667261383239248351e-19	 0.00000000000000000000e+00	 0.00000000000000000000e+00	 0.00000000000000000000e+00	 
 1.87999999999999989342e+00	 8.37455216723893119666e-23	 0.00000000000000000000e+00	 1.81363110428157620878e-24	 1.09581722723229478939e-17	 1.41378542007319930792e-17	 1.77366218834106748948e-19	 0.00000000000000000000e+00	 0.00000000000000000000e+00	 0.00000000000000000000e+00	 1.40700872861273835479e-17	 1.68046390001220419003e-19	 0.00000000000000000000e+00	 0.00000000000000000000e+00	 0.00000000000000000000e+00	 
 1.89999999999999991118e+00	 1.36812776893993653098e-23	 0.00000000000000000000e+00	 2.96531145007839011330e-25	 1.78951549734208276085e-18	 2.30868085077624074774e-18	 2.89861128628528741754e-20	 0.00000000000000000000e+00	 0.00000000000000000000e+00	 0.00000000000000000000e+00	 2.29762394886062872952e-18	 2.74398952090310245833e-20	 0.00000000000000000000e+00	 0.00000000000000000000e+00	 0.00000000000000000000e+00	 
 1.92000000000000015099e+00	 2.05280710321591967413e-24	 0.00000000000000000000e+00	 4.45271676025005236887e-26	 2.68409647902876868705e-19	 3.46266491188986370101e-19	 4.35066162923820802433e-21	 0.00000000000000000000e+00	 0.00000000000000000000e+00	 0.00000000000000000000e+00	 3.44609461404925673259e-19	 4.11531863417552613461e-21	 0.00000000000000000000e+00	 0.00000000000000000000e+00	 0.00000000000000000000e+00	 
 1.93999999999999994671e+00	 2.81041067910029328772e-25	 0.00000000000000000000e+00	 6.10026664276887637976e-27	 3.67344881578334356116e-20	 4.73883414717942308973e-20	 5.95809056795176822996e-22	 0.00000000000000000000e+00	 0.00000000000000000000e+00	 0.00000000000000000000e+00	 4.71617384064259607556e-20	 5.63172224981847494442e-22	 0.00000000000000000000e+00	 0.00000000000000000000e+00	 0.00000000000000000000e+00	 
 1.95999999999999996447e+00	 3.48400036372084157570e-26	 0.00000000000000000000e+00	 7.56694347776536685579e-28	 4.55253938600014030995e-21	 5.87270354759235774946e-21	 7.38802973444692355388e-23	 0.00000000000000000000e+00	 0.00000000000000000000e+00	 0.00000000000000000000e+00	 5.84464016251807513656e-21	 6.97890724924252784004e-23	 0.00000000000000000000e+00	 0.00000000000000000000e+00	 0.00000000000000000000e+00	 
 1.97999999999999998224e+00	 3.87596007003967051430e-27	 0.00000000000000000000e+00	 8.42246592956358478676e-29	 5.06345455788045161191e-22	 6.53160919382166169933e-22	 8.22096743435012257681e-24	 0.00000000000000000000e+00	 0.00000000000000000000e+00	 0.00000000000000000000e+00	 6.50041514343849903150e-22	 7.76162517995959958968e-24	 0.00000000000000000000e+00	 0.00000000000000000000e+00	 0.00000000000000000000e+00	 
 2.00000000000000000000e+00	 3.82846826984374058850e-28	 0.00000000000000000000e+00	 8.32245821015319770568e-30	 5.00044564512358325070e-23	 6.45020144752697467105e-23	 8.12156237510016225864e-25	 0.00000000000000000000e+00	 0.00000000000000000000e+00	 0.00000000000000000000e+00	 6.41941043908378494667e-23	 7.66465947793966229186e-25	 0.00000000000000000000e+00	 0.00000000000000000000e+00	 0.00000000000000000000e+00	 
 2.02000000000000001776e+00	 3.31406473240835344485e-29	 0.00000000000000000000e+00	 7.20608220495430572656e-31	 4.32799776344925302376e-24	 5.58271587060144404949e-24	 7.03108698471758899363e-26	 0.00000000000000000000e+00	 0.00000000000000000000e+00	 0.00000000000000000000e+00	 5.55607485745874415333e-24	 6.63371141321610743467e-26	 0.00000000000000000000e+00	 0.00000000000000000000e+00	 0.00000000000000000000e+00	 
 2.04000000000000003553e+00	 2.47367098905587266684e-30	 0.00000000000000000000e+00	 5.37941146807276292294e-32	 3.23026574198943301177e-25	 4.16671199611917105366e-25	 5.24838334355491784326e-27	 0.00000000000000000000e+00	 0.00000000000000000000e+00	 0.00000000000000000000e+00	 4.14683215012251203145e-25	 4.95108710124553742764e-27	 0.00000000000000000000e+00	 0.00000000000000000000e+00	 0.00000000000000000000e+00	 
 2.06000000000000005329e+00	 1.55924831486711588432e-31	 0.00000000000000000000e+00	 3.39082521588426797017e-33	 2.03615290670484324270e-26	 2.62642636911547399444e-26	 3.30823331776779331480e-28	 0.00000000000000000000e+00	 0.00000000000000000000e+00	 0.00000000000000000000e+00	 2.61389608235237706827e-26	 3.12085067225522068009e-28	 0.00000000000000000000e+00	 0.00000000000000000000e+00	 0.00000000000000000000e+00	 
 2.08000000000000007105e+00	 8.07165861601907505028e-33	 0.00000000000000000000e+00	 1.75506982458230332341e-34	 1.05410746988832575526e-27	 1.35969717955515834377e-27	 1.71244517502776498301e-29	 0.00000000000000000000e+00	 0.00000000000000000000e+00	 0.00000000000000000000e+00	 1.35320969636297925203e-27	 1.61567940986033723149e-29	 0.00000000000000000000e+00	 0.00000000000000000000e+00	 0.00000000000000000000e+00	 
 2.10000000000000053291e+00	 3.29851397080743329768e-34	 0.00000000000000000000e+00	 7.17032340875686934628e-36	 4.30818638225210908522e-29	 5.55721242553532871788e-29	 6.99717062678846024476e-31	 0.00000000000000000000e+00	 0.00000000000000000000e+00	 0.00000000000000000000e+00	 5.53069145272281394578e-29	 6.60358189264680458317e-31	 0.00000000000000000000e+00	 0.00000000000000000000e+00	 0.00000000000000000000e+00	 
 2.12000000000000010658e+00	 1.00130481493200510334e-35	 0.00000000000000000000e+00	 2.17584159088396055554e-37	 1.30804191335142172115e-30	 1.68729858210348704748e-30	 2.12373273235739457566e-32	 0.00000000000000000000e+00	 0.00000000000000000000e+00	 0.00000000000000000000e+00	 1.67924332707888840681e-30	 2.00506332784922518265e-32	 0.00000000000000000000e+00	 0.00000000000000000000e+00	 0.00000000000000000000e+00	 
 2.14000000000000012434e+00	 2.02892630597216853057e-37	 0.00000000000000000000e+00	 4.40681684413702201955e-39	 2.65108401046569978254e-32	 3.41982473659765898361e-32	 4.30240044123773320735e-34	 0.00000000000000000000e+00	 0.00000000000000000000e+00	 0.00000000000000000000e+00	 3.40349054906425277253e-32	 4.06403242616436156651e-34	 0.00000000000000000000e+00	 0.00000000000000000000e+00	 0.00000000000000000000e+00	 
 2.15999999999999969802e+00	 2.15206174743828860369e-39	 0.00000000000000000000e+00	 4.67169577203063144403e-41	 2.81276573560364842743e-34	 3.62849074200695794349e-34	 4.56241261429291916246e-36	 0.00000000000000000000e+00	 0.00000000000000000000e+00	 0.00000000000000000000e+00	 3.61114985282671204126e-34	 4.31220688693475636847e-36	 0.00000000000000000000e+00	 0.00000000000000000000e+00	 0.00000000000000000000e+00	 
 2.18000000000000015987e+00	 3.02908992808931129947e-42	 0.00000000000000000000e+00	 6.57147580436679018019e-44	 3.96031035810647818608e-37	 5.10899499782261494476e-37	 6.41999051052842851743e-39	 0.00000000000000000000e+00	 0.00000000000000000000e+00	 0.00000000000000000000e+00	 5.08456232285527448583e-37	 6.07200149523173526322e-39	 0.00000000000000000000e+00	 0.00000000000000000000e+00	 0.00000000000000000000e+00	 
 2.20000000000000017764e+00	 0.00000000000000000000e+00	 0.00000000000000000000e+00	 0.00000000000000000000e+00	 0.00000000000000000000e+00	 0.00000000000000000000e+00	 0.00000000000000000000e+00	 0.00000000000000000000e+00	 0.00000000000000000000e+00	 0.00000000000000000000e+00	 0.00000000000000000000e+00	 0.00000000000000000000e+00	 0.00000000000000000000e+00	 0.00000000000000000000e+00	 0.00000000000000000000e+00	 
 2.21999999999999975131e+00	 3.45010786329027644754e-46	 0.00000000000000000000e+00	 0.00000000000000000000e+00	 4.51401545941371687107e-41	 5.82372280223614276318e-41	 7.30789559310442454539e-43	 0.00000000000000000000e+00	 0.00000000000000000000e+00	 0.00000000000000000000e+00	 5.79582924180374456233e-41	 6.92226658217298794035e-43	 0.00000000000000000000e+00	 0.00000000000000000000e+00	 0.00000000000000000000e+00	 
 2.24000000000000021316e+00	 0.00000000000000000000e+00	 0.00000000000000000000e+00	 0.00000000000000000000e+00	 0.00000000000000000000e+00	 0.00000000000000000000e+00	 0.00000000000000000000e+00	 0.00000000000000000000e+00	 0.00000000000000000000e+00	 0.00000000000000000000e+00	 0.00000000000000000000e+00	 0.00000000000000000000e+00	 0.00000000000000000000e+00	 0.00000000000000000000e+00	 0.00000000000000000000e+00	 
 2.25999999999999978684e+00	 0.00000000000000000000e+00	 0.00000000000000000000e+00	 0.00000000000000000000e+00	 3.21787819717965781078e-44	 4.15184983809982114433e-44	 5.20206042460644141502e-46	 0.00000000000000000000e+00	 0.00000000000000000000e+00	 0.00000000000000000000e+00	 4.13193010300126037971e-44	 4.93565316034658292527e-46	 0.00000000000000000000e+00	 0.00000000000000000000e+00	 0.00000000000000000000e+00	 
 2.27999999999999980460e+00	 0.00000000000000000000e+00	 0.00000000000000000000e+00	 0.00000000000000000000e+00	 0.00000000000000000000e+00	 0.00000000000000000000e+00	 0.00000000000000000000e+00	 0.00000000000000000000e+00	 0.00000000000000000000e+00	 0.00000000000000000000e+00	 0.00000000000000000000e+00	 0.00000000000000000000e+00	 0.00000000000000000000e+00	 0.00000000000000000000e+00	 0.00000000000000000000e+00	 
 2.30000000000000026645e+00	 0.00000000000000000000e+00	 0.00000000000000000000e+00	 0.00000000000000000000e+00	 0.00000000000000000000e+00	 0.00000000000000000000e+00	 0.00000000000000000000e+00	 0.00000000000000000000e+00	 0.00000000000000000000e+00	 0.00000000000000000000e+00	 0.00000000000000000000e+00	 0.00000000000000000000e+00	 0.00000000000000000000e+00	 0.00000000000000000000e+00	 0.00000000000000000000e+00	 
 2.32000000000000028422e+00	 0.00000000000000000000e+00	 0.00000000000000000000e+00	 0.00000000000000000000e+00	 0.00000000000000000000e+00	 0.00000000000000000000e+00	 0.00000000000000000000e+00	 0.00000000000000000000e+00	 0.00000000000000000000e+00	 0.00000000000000000000e+00	 0.00000000000000000000e+00	 0.00000000000000000000e+00	 0.00000000000000000000e+00	 0.00000000000000000000e+00	 0.00000000000000000000e+00	 
 2.33999999999999985789e+00	 0.00000000000000000000e+00	 0.00000000000000000000e+00	 0.00000000000000000000e+00	 0.00000000000000000000e+00	 0.00000000000000000000e+00	 0.00000000000000000000e+00	 0.00000000000000000000e+00	 0.00000000000000000000e+00	 0.00000000000000000000e+00	 0.00000000000000000000e+00	 0.00000000000000000000e+00	 0.00000000000000000000e+00	 0.00000000000000000000e+00	 0.00000000000000000000e+00	 
 2.36000000000000031974e+00	 0.00000000000000000000e+00	 0.00000000000000000000e+00	 0.00000000000000000000e+00	 0.00000000000000000000e+00	 0.00000000000000000000e+00	 0.00000000000000000000e+00	 0.00000000000000000000e+00	 0.00000000000000000000e+00	 0.00000000000000000000e+00	 0.00000000000000000000e+00	 0.00000000000000000000e+00	 0.00000000000000000000e+00	 0.00000000000000000000e+00	 0.00000000000000000000e+00	 
 2.38000000000000033751e+00	 0.00000000000000000000e+00	 0.00000000000000000000e+00	 0.00000000000000000000e+00	 0.00000000000000000000e+00	 0.00000000000000000000e+00	 0.00000000000000000000e+00	 0.00000000000000000000e+00	 0.00000000000000000000e+00	 0.00000000000000000000e+00	 0.00000000000000000000e+00	 0.00000000000000000000e+00	 0.00000000000000000000e+00	 0.00000000000000000000e+00	 0.00000000000000000000e+00	 
 2.39999999999999991118e+00	 0.00000000000000000000e+00	 0.00000000000000000000e+00	 0.00000000000000000000e+00	 0.00000000000000000000e+00	 0.00000000000000000000e+00	 0.00000000000000000000e+00	 0.00000000000000000000e+00	 0.00000000000000000000e+00	 0.00000000000000000000e+00	 0.00000000000000000000e+00	 0.00000000000000000000e+00	 0.00000000000000000000e+00	 0.00000000000000000000e+00	 0.00000000000000000000e+00	 
 2.41999999999999948486e+00	 0.00000000000000000000e+00	 0.00000000000000000000e+00	 0.00000000000000000000e+00	 0.00000000000000000000e+00	 0.00000000000000000000e+00	 0.00000000000000000000e+00	 0.00000000000000000000e+00	 0.00000000000000000000e+00	 0.00000000000000000000e+00	 0.00000000000000000000e+00	 0.00000000000000000000e+00	 0.00000000000000000000e+00	 0.00000000000000000000e+00	 0.00000000000000000000e+00	 
 2.44000000000000039080e+00	 0.00000000000000000000e+00	 0.00000000000000000000e+00	 0.00000000000000000000e+00	 0.00000000000000000000e+00	 0.00000000000000000000e+00	 0.00000000000000000000e+00	 0.00000000000000000000e+00	 0.00000000000000000000e+00	 0.00000000000000000000e+00	 0.00000000000000000000e+00	 0.00000000000000000000e+00	 0.00000000000000000000e+00	 0.00000000000000000000e+00	 0.00000000000000000000e+00	 
 2.45999999999999996447e+00	 0.00000000000000000000e+00	 0.00000000000000000000e+00	 0.00000000000000000000e+00	 0.00000000000000000000e+00	 0.00000000000000000000e+00	 0.00000000000000000000e+00	 0.00000000000000000000e+00	 0.00000000000000000000e+00	 0.00000000000000000000e+00	 0.00000000000000000000e+00	 0.00000000000000000000e+00	 0.00000000000000000000e+00	 0.00000000000000000000e+00	 0.00000000000000000000e+00	 
 2.47999999999999953815e+00	 0.00000000000000000000e+00	 0.00000000000000000000e+00	 0.00000000000000000000e+00	 0.00000000000000000000e+00	 0.00000000000000000000e+00	 0.00000000000000000000e+00	 0.00000000000000000000e+00	 0.00000000000000000000e+00	 0.00000000000000000000e+00	 0.00000000000000000000e+00	 0.00000000000000000000e+00	 0.00000000000000000000e+00	 0.00000000000000000000e+00	 0.00000000000000000000e+00	 
 2.50000000000000044409e+00	 0.00000000000000000000e+00	 0.00000000000000000000e+00	 0.00000000000000000000e+00	 0.00000000000000000000e+00	 0.00000000000000000000e+00	 0.00000000000000000000e+00	 0.00000000000000000000e+00	 0.00000000000000000000e+00	 0.00000000000000000000e+00	 0.00000000000000000000e+00	 0.00000000000000000000e+00	 0.00000000000000000000e+00	 0.00000000000000000000e+00	 0.00000000000000000000e+00	 
 2.52000000000000001776e+00	 0.00000000000000000000e+00	 0.00000000000000000000e+00	 0.00000000000000000000e+00	 0.00000000000000000000e+00	 0.00000000000000000000e+00	 0.00000000000000000000e+00	 0.00000000000000000000e+00	 0.00000000000000000000e+00	 0.00000000000000000000e+00	 0.00000000000000000000e+00	 0.00000000000000000000e+00	 0.00000000000000000000e+00	 0.00000000000000000000e+00	 0.00000000000000000000e+00	 
 2.54000000000000003553e+00	 0.00000000000000000000e+00	 0.00000000000000000000e+00	 0.00000000000000000000e+00	 0.00000000000000000000e+00	 0.00000000000000000000e+00	 0.00000000000000000000e+00	 0.00000000000000000000e+00	 0.00000000000000000000e+00	 0.00000000000000000000e+00	 0.00000000000000000000e+00	 0.00000000000000000000e+00	 0.00000000000000000000e+00	 0.00000000000000000000e+00	 0.00000000000000000000e+00	 
 2.56000000000000049738e+00	 0.00000000000000000000e+00	 0.00000000000000000000e+00	 0.00000000000000000000e+00	 0.00000000000000000000e+00	 0.00000000000000000000e+00	 0.00000000000000000000e+00	 0.00000000000000000000e+00	 0.00000000000000000000e+00	 0.00000000000000000000e+00	 0.00000000000000000000e+00	 0.00000000000000000000e+00	 0.00000000000000000000e+00	 0.00000000000000000000e+00	 0.00000000000000000000e+00	 
 2.58000000000000007105e+00	 0.00000000000000000000e+00	 0.00000000000000000000e+00	 0.00000000000000000000e+00	 0.00000000000000000000e+00	 0.00000000000000000000e+00	 0.00000000000000000000e+00	 0.00000000000000000000e+00	 0.00000000000000000000e+00	 0.00000000000000000000e+00	 0.00000000000000000000e+00	 0.00000000000000000000e+00	 0.00000000000000000000e+00	 0.00000000000000000000e+00	 0.00000000000000000000e+00	 
 2.60000000000000008882e+00	 0.00000000000000000000e+00	 0.00000000000000000000e+00	 0.00000000000000000000e+00	 0.00000000000000000000e+00	 0.00000000000000000000e+00	 0.00000000000000000000e+00	 0.00000000000000000000e+00	 0.00000000000000000000e+00	 0.00000000000000000000e+00	 0.00000000000000000000e+00	 0.00000000000000000000e+00	 0.00000000000000000000e+00	 0.00000000000000000000e+00	 0.00000000000000000000e+00	 
 2.62000000000000055067e+00	 0.00000000000000000000e+00	 0.00000000000000000000e+00	 0.00000000000000000000e+00	 0.00000000000000000000e+00	 0.00000000000000000000e+00	 0.00000000000000000000e+00	 0.00000000000000000000e+00	 0.00000000000000000000e+00	 0.00000000000000000000e+00	 0.00000000000000000000e+00	 0.00000000000000000000e+00	 0.00000000000000000000e+00	 0.00000000000000000000e+00	 0.00000000000000000000e+00	 
 2.64000000000000012434e+00	 0.00000000000000000000e+00	 0.00000000000000000000e+00	 0.00000000000000000000e+00	 0.00000000000000000000e+00	 0.00000000000000000000e+00	 0.00000000000000000000e+00	 0.00000000000000000000e+00	 0.00000000000000000000e+00	 0.00000000000000000000e+00	 0.00000000000000000000e+00	 0.00000000000000000000e+00	 0.00000000000000000000e+00	 0.00000000000000000000e+00	 0.00000000000000000000e+00	 
 2.66000000000000014211e+00	 0.00000000000000000000e+00	 0.00000000000000000000e+00	 0.00000000000000000000e+00	 0.00000000000000000000e+00	 0.00000000000000000000e+00	 0.00000000000000000000e+00	 0.00000000000000000000e+00	 0.00000000000000000000e+00	 0.00000000000000000000e+00	 0.00000000000000000000e+00	 0.00000000000000000000e+00	 0.00000000000000000000e+00	 0.00000000000000000000e+00	 0.00000000000000000000e+00	 
 2.67999999999999971578e+00	 0.00000000000000000000e+00	 0.00000000000000000000e+00	 0.00000000000000000000e+00	 0.00000000000000000000e+00	 0.00000000000000000000e+00	 0.00000000000000000000e+00	 0.00000000000000000000e+00	 0.00000000000000000000e+00	 0.00000000000000000000e+00	 0.00000000000000000000e+00	 0.00000000000000000000e+00	 0.00000000000000000000e+00	 0.00000000000000000000e+00	 0.00000000000000000000e+00	 
 2.70000000000000017764e+00	 0.00000000000000000000e+00	 0.00000000000000000000e+00	 0.00000000000000000000e+00	 0.00000000000000000000e+00	 0.00000000000000000000e+00	 0.00000000000000000000e+00	 0.00000000000000000000e+00	 0.00000000000000000000e+00	 0.00000000000000000000e+00	 0.00000000000000000000e+00	 0.00000000000000000000e+00	 0.00000000000000000000e+00	 0.00000000000000000000e+00	 0.00000000000000000000e+00	 
 2.72000000000000019540e+00	 0.00000000000000000000e+00	 0.00000000000000000000e+00	 0.00000000000000000000e+00	 0.00000000000000000000e+00	 0.00000000000000000000e+00	 0.00000000000000000000e+00	 0.00000000000000000000e+00	 0.00000000000000000000e+00	 0.00000000000000000000e+00	 0.00000000000000000000e+00	 0.00000000000000000000e+00	 0.00000000000000000000e+00	 0.00000000000000000000e+00	 0.00000000000000000000e+00	 
 2.73999999999999976907e+00	 0.00000000000000000000e+00	 0.00000000000000000000e+00	 0.00000000000000000000e+00	 0.00000000000000000000e+00	 0.00000000000000000000e+00	 0.00000000000000000000e+00	 0.00000000000000000000e+00	 0.00000000000000000000e+00	 0.00000000000000000000e+00	 0.00000000000000000000e+00	 0.00000000000000000000e+00	 0.00000000000000000000e+00	 0.00000000000000000000e+00	 0.00000000000000000000e+00	 
 2.76000000000000023093e+00	 0.00000000000000000000e+00	 0.00000000000000000000e+00	 0.00000000000000000000e+00	 0.00000000000000000000e+00	 0.00000000000000000000e+00	 0.00000000000000000000e+00	 0.00000000000000000000e+00	 0.00000000000000000000e+00	 0.00000000000000000000e+00	 0.00000000000000000000e+00	 0.00000000000000000000e+00	 0.00000000000000000000e+00	 0.00000000000000000000e+00	 0.00000000000000000000e+00	 
 2.77999999999999980460e+00	 0.00000000000000000000e+00	 0.00000000000000000000e+00	 0.00000000000000000000e+00	 0.00000000000000000000e+00	 0.00000000000000000000e+00	 0.00000000000000000000e+00	 0.00000000000000000000e+00	 0.00000000000000000000e+00	 0.00000000000000000000e+00	 0.00000000000000000000e+00	 0.00000000000000000000e+00	 0.00000000000000000000e+00	 0.00000000000000000000e+00	 0.00000000000000000000e+00	 
 2.79999999999999982236e+00	 0.00000000000000000000e+00	 0.00000000000000000000e+00	 0.00000000000000000000e+00	 0.00000000000000000000e+00	 0.00000000000000000000e+00	 0.00000000000000000000e+00	 0.00000000000000000000e+00	 0.00000000000000000000e+00	 0.00000000000000000000e+00	 0.00000000000000000000e+00	 0.00000000000000000000e+00	 0.00000000000000000000e+00	 0.00000000000000000000e+00	 0.00000000000000000000e+00	 
 2.82000000000000028422e+00	 0.00000000000000000000e+00	 0.00000000000000000000e+00	 0.00000000000000000000e+00	 0.00000000000000000000e+00	 0.00000000000000000000e+00	 0.00000000000000000000e+00	 0.00000000000000000000e+00	 0.00000000000000000000e+00	 0.00000000000000000000e+00	 0.00000000000000000000e+00	 0.00000000000000000000e+00	 0.00000000000000000000e+00	 0.00000000000000000000e+00	 0.00000000000000000000e+00	 
 2.83999999999999985789e+00	 0.00000000000000000000e+00	 0.00000000000000000000e+00	 0.00000000000000000000e+00	 0.00000000000000000000e+00	 0.00000000000000000000e+00	 0.00000000000000000000e+00	 0.00000000000000000000e+00	 0.00000000000000000000e+00	 0.00000000000000000000e+00	 0.00000000000000000000e+00	 0.00000000000000000000e+00	 0.00000000000000000000e+00	 0.00000000000000000000e+00	 0.00000000000000000000e+00	 
 2.85999999999999987566e+00	 0.00000000000000000000e+00	 0.00000000000000000000e+00	 0.00000000000000000000e+00	 0.00000000000000000000e+00	 0.00000000000000000000e+00	 0.00000000000000000000e+00	 0.00000000000000000000e+00	 0.00000000000000000000e+00	 0.00000000000000000000e+00	 0.00000000000000000000e+00	 0.00000000000000000000e+00	 0.00000000000000000000e+00	 0.00000000000000000000e+00	 0.00000000000000000000e+00	 
 2.87999999999999989342e+00	 0.00000000000000000000e+00	 0.00000000000000000000e+00	 0.00000000000000000000e+00	 0.00000000000000000000e+00	 0.00000000000000000000e+00	 0.00000000000000000000e+00	 0.00000000000000000000e+00	 0.00000000000000000000e+00	 0.00000000000000000000e+00	 0.00000000000000000000e+00	 0.00000000000000000000e+00	 0.00000000000000000000e+00	 0.00000000000000000000e+00	 0.00000000000000000000e+00	 
 2.90000000000000035527e+00	 0.00000000000000000000e+00	 0.00000000000000000000e+00	 0.00000000000000000000e+00	 0.00000000000000000000e+00	 0.00000000000000000000e+00	 0.00000000000000000000e+00	 0.00000000000000000000e+00	 0.00000000000000000000e+00	 0.00000000000000000000e+00	 0.00000000000000000000e+00	 0.00000000000000000000e+00	 0.00000000000000000000e+00	 0.00000000000000000000e+00	 0.00000000000000000000e+00	 
 2.91999999999999992895e+00	 0.00000000000000000000e+00	 0.00000000000000000000e+00	 0.00000000000000000000e+00	 0.00000000000000000000e+00	 0.00000000000000000000e+00	 0.00000000000000000000e+00	 0.00000000000000000000e+00	 0.00000000000000000000e+00	 0.00000000000000000000e+00	 0.00000000000000000000e+00	 0.00000000000000000000e+00	 0.00000000000000000000e+00	 0.00000000000000000000e+00	 0.00000000000000000000e+00	 
 2.93999999999999994671e+00	 0.00000000000000000000e+00	 0.00000000000000000000e+00	 0.00000000000000000000e+00	 0.00000000000000000000e+00	 0.00000000000000000000e+00	 0.00000000000000000000e+00	 0.00000000000000000000e+00	 0.00000000000000000000e+00	 0.00000000000000000000e+00	 0.00000000000000000000e+00	 0.00000000000000000000e+00	 0.00000000000000000000e+00	 0.00000000000000000000e+00	 0.00000000000000000000e+00	 
 2.96000000000000040856e+00	 0.00000000000000000000e+00	 0.00000000000000000000e+00	 0.00000000000000000000e+00	 0.00000000000000000000e+00	 0.00000000000000000000e+00	 0.00000000000000000000e+00	 0.00000000000000000000e+00	 0.00000000000000000000e+00	 0.00000000000000000000e+00	 0.00000000000000000000e+00	 0.00000000000000000000e+00	 0.00000000000000000000e+00	 0.00000000000000000000e+00	 0.00000000000000000000e+00	 
 2.97999999999999998224e+00	 0.00000000000000000000e+00	 0.00000000000000000000e+00	 0.00000000000000000000e+00	 0.00000000000000000000e+00	 0.00000000000000000000e+00	 0.00000000000000000000e+00	 0.00000000000000000000e+00	 0.00000000000000000000e+00	 0.00000000000000000000e+00	 0.00000000000000000000e+00	 0.00000000000000000000e+00	 0.00000000000000000000e+00	 0.00000000000000000000e+00	 0.00000000000000000000e+00	 
 3.00000000000000000000e+00	 0.00000000000000000000e+00	 0.00000000000000000000e+00	 0.00000000000000000000e+00	 0.00000000000000000000e+00	 0.00000000000000000000e+00	 0.00000000000000000000e+00	 0.00000000000000000000e+00	 0.00000000000000000000e+00	 0.00000000000000000000e+00	 0.00000000000000000000e+00	 0.00000000000000000000e+00	 0.00000000000000000000e+00	 0.00000000000000000000e+00	 0.00000000000000000000e+00	 
 3.02000000000000046185e+00	 0.00000000000000000000e+00	 0.00000000000000000000e+00	 0.00000000000000000000e+00	 0.00000000000000000000e+00	 0.00000000000000000000e+00	 0.00000000000000000000e+00	 0.00000000000000000000e+00	 0.00000000000000000000e+00	 0.00000000000000000000e+00	 0.00000000000000000000e+00	 0.00000000000000000000e+00	 0.00000000000000000000e+00	 0.00000000000000000000e+00	 0.00000000000000000000e+00	 
 3.04000000000000003553e+00	 0.00000000000000000000e+00	 0.00000000000000000000e+00	 0.00000000000000000000e+00	 0.00000000000000000000e+00	 0.00000000000000000000e+00	 0.00000000000000000000e+00	 0.00000000000000000000e+00	 0.00000000000000000000e+00	 0.00000000000000000000e+00	 0.00000000000000000000e+00	 0.00000000000000000000e+00	 0.00000000000000000000e+00	 0.00000000000000000000e+00	 0.00000000000000000000e+00	 
 3.06000000000000005329e+00	 0.00000000000000000000e+00	 0.00000000000000000000e+00	 0.00000000000000000000e+00	 0.00000000000000000000e+00	 0.00000000000000000000e+00	 0.00000000000000000000e+00	 0.00000000000000000000e+00	 0.00000000000000000000e+00	 0.00000000000000000000e+00	 0.00000000000000000000e+00	 0.00000000000000000000e+00	 0.00000000000000000000e+00	 0.00000000000000000000e+00	 0.00000000000000000000e+00	 
 3.08000000000000007105e+00	 0.00000000000000000000e+00	 0.00000000000000000000e+00	 0.00000000000000000000e+00	 0.00000000000000000000e+00	 0.00000000000000000000e+00	 0.00000000000000000000e+00	 0.00000000000000000000e+00	 0.00000000000000000000e+00	 0.00000000000000000000e+00	 0.00000000000000000000e+00	 0.00000000000000000000e+00	 0.00000000000000000000e+00	 0.00000000000000000000e+00	 0.00000000000000000000e+00	 
 3.10000000000000008882e+00	 0.00000000000000000000e+00	 0.00000000000000000000e+00	 0.00000000000000000000e+00	 0.00000000000000000000e+00	 0.00000000000000000000e+00	 0.00000000000000000000e+00	 0.00000000000000000000e+00	 0.00000000000000000000e+00	 0.00000000000000000000e+00	 0.00000000000000000000e+00	 0.00000000000000000000e+00	 0.00000000000000000000e+00	 0.00000000000000000000e+00	 0.00000000000000000000e+00	 
 3.12000000000000010658e+00	 0.00000000000000000000e+00	 0.00000000000000000000e+00	 0.00000000000000000000e+00	 0.00000000000000000000e+00	 0.00000000000000000000e+00	 0.00000000000000000000e+00	 0.00000000000000000000e+00	 0.00000000000000000000e+00	 0.00000000000000000000e+00	 0.00000000000000000000e+00	 0.00000000000000000000e+00	 0.00000000000000000000e+00	 0.00000000000000000000e+00	 0.00000000000000000000e+00	 
 3.13999999999999968026e+00	 0.00000000000000000000e+00	 0.00000000000000000000e+00	 0.00000000000000000000e+00	 0.00000000000000000000e+00	 0.00000000000000000000e+00	 0.00000000000000000000e+00	 0.00000000000000000000e+00	 0.00000000000000000000e+00	 0.00000000000000000000e+00	 0.00000000000000000000e+00	 0.00000000000000000000e+00	 0.00000000000000000000e+00	 0.00000000000000000000e+00	 0.00000000000000000000e+00	 
 3.16000000000000014211e+00	 0.00000000000000000000e+00	 0.00000000000000000000e+00	 0.00000000000000000000e+00	 0.00000000000000000000e+00	 0.00000000000000000000e+00	 0.00000000000000000000e+00	 0.00000000000000000000e+00	 0.00000000000000000000e+00	 0.00000000000000000000e+00	 0.00000000000000000000e+00	 0.00000000000000000000e+00	 0.00000000000000000000e+00	 0.00000000000000000000e+00	 0.00000000000000000000e+00	 
 3.18000000000000015987e+00	 0.00000000000000000000e+00	 0.00000000000000000000e+00	 0.00000000000000000000e+00	 0.00000000000000000000e+00	 0.00000000000000000000e+00	 0.00000000000000000000e+00	 0.00000000000000000000e+00	 0.00000000000000000000e+00	 0.00000000000000000000e+00	 0.00000000000000000000e+00	 0.00000000000000000000e+00	 0.00000000000000000000e+00	 0.00000000000000000000e+00	 0.00000000000000000000e+00	 
 3.19999999999999973355e+00	 0.00000000000000000000e+00	 0.00000000000000000000e+00	 0.00000000000000000000e+00	 0.00000000000000000000e+00	 0.00000000000000000000e+00	 0.00000000000000000000e+00	 0.00000000000000000000e+00	 0.00000000000000000000e+00	 0.00000000000000000000e+00	 0.00000000000000000000e+00	 0.00000000000000000000e+00	 0.00000000000000000000e+00	 0.00000000000000000000e+00	 0.00000000000000000000e+00	 
 3.22000000000000019540e+00	 0.00000000000000000000e+00	 0.00000000000000000000e+00	 0.00000000000000000000e+00	 0.00000000000000000000e+00	 0.00000000000000000000e+00	 0.00000000000000000000e+00	 0.00000000000000000000e+00	 0.00000000000000000000e+00	 0.00000000000000000000e+00	 0.00000000000000000000e+00	 0.00000000000000000000e+00	 0.00000000000000000000e+00	 0.00000000000000000000e+00	 0.00000000000000000000e+00	 
 3.24000000000000021316e+00	 0.00000000000000000000e+00	 0.00000000000000000000e+00	 0.00000000000000000000e+00	 0.00000000000000000000e+00	 0.00000000000000000000e+00	 0.00000000000000000000e+00	 0.00000000000000000000e+00	 0.00000000000000000000e+00	 0.00000000000000000000e+00	 0.00000000000000000000e+00	 0.00000000000000000000e+00	 0.00000000000000000000e+00	 0.00000000000000000000e+00	 0.00000000000000000000e+00	 
 3.25999999999999978684e+00	 0.00000000000000000000e+00	 0.00000000000000000000e+00	 0.00000000000000000000e+00	 0.00000000000000000000e+00	 0.00000000000000000000e+00	 0.00000000000000000000e+00	 0.00000000000000000000e+00	 0.00000000000000000000e+00	 0.00000000000000000000e+00	 0.00000000000000000000e+00	 0.00000000000000000000e+00	 0.00000000000000000000e+00	 0.00000000000000000000e+00	 0.00000000000000000000e+00	 
 3.28000000000000024869e+00	 0.00000000000000000000e+00	 0.00000000000000000000e+00	 0.00000000000000000000e+00	 0.00000000000000000000e+00	 0.00000000000000000000e+00	 0.00000000000000000000e+00	 0.00000000000000000000e+00	 0.00000000000000000000e+00	 0.00000000000000000000e+00	 0.00000000000000000000e+00	 0.00000000000000000000e+00	 0.00000000000000000000e+00	 0.00000000000000000000e+00	 0.00000000000000000000e+00	 
 3.29999999999999982236e+00	 0.00000000000000000000e+00	 0.00000000000000000000e+00	 0.00000000000000000000e+00	 0.00000000000000000000e+00	 0.00000000000000000000e+00	 0.00000000000000000000e+00	 0.00000000000000000000e+00	 0.00000000000000000000e+00	 0.00000000000000000000e+00	 0.00000000000000000000e+00	 0.00000000000000000000e+00	 0.00000000000000000000e+00	 0.00000000000000000000e+00	 0.00000000000000000000e+00	 
 3.31999999999999984013e+00	 0.00000000000000000000e+00	 0.00000000000000000000e+00	 0.00000000000000000000e+00	 0.00000000000000000000e+00	 0.00000000000000000000e+00	 0.00000000000000000000e+00	 0.00000000000000000000e+00	 0.00000000000000000000e+00	 0.00000000000000000000e+00	 0.00000000000000000000e+00	 0.00000000000000000000e+00	 0.00000000000000000000e+00	 0.00000000000000000000e+00	 0.00000000000000000000e+00	 
 3.34000000000000030198e+00	 0.00000000000000000000e+00	 0.00000000000000000000e+00	 0.00000000000000000000e+00	 0.00000000000000000000e+00	 0.00000000000000000000e+00	 0.00000000000000000000e+00	 0.00000000000000000000e+00	 0.00000000000000000000e+00	 0.00000000000000000000e+00	 0.00000000000000000000e+00	 0.00000000000000000000e+00	 0.00000000000000000000e+00	 0.00000000000000000000e+00	 0.00000000000000000000e+00	 
 3.36000000000000031974e+00	 0.00000000000000000000e+00	 0.00000000000000000000e+00	 0.00000000000000000000e+00	 0.00000000000000000000e+00	 0.00000000000000000000e+00	 0.00000000000000000000e+00	 0.00000000000000000000e+00	 0.00000000000000000000e+00	 0.00000000000000000000e+00	 0.00000000000000000000e+00	 0.00000000000000000000e+00	 0.00000000000000000000e+00	 0.00000000000000000000e+00	 0.00000000000000000000e+00	 
 3.37999999999999989342e+00	 0.00000000000000000000e+00	 0.00000000000000000000e+00	 0.00000000000000000000e+00	 0.00000000000000000000e+00	 0.00000000000000000000e+00	 0.00000000000000000000e+00	 0.00000000000000000000e+00	 0.00000000000000000000e+00	 0.00000000000000000000e+00	 0.00000000000000000000e+00	 0.00000000000000000000e+00	 0.00000000000000000000e+00	 0.00000000000000000000e+00	 0.00000000000000000000e+00	 
 3.39999999999999991118e+00	 0.00000000000000000000e+00	 0.00000000000000000000e+00	 0.00000000000000000000e+00	 0.00000000000000000000e+00	 0.00000000000000000000e+00	 0.00000000000000000000e+00	 0.00000000000000000000e+00	 0.00000000000000000000e+00	 0.00000000000000000000e+00	 0.00000000000000000000e+00	 0.00000000000000000000e+00	 0.00000000000000000000e+00	 0.00000000000000000000e+00	 0.00000000000000000000e+00	 
 3.42000000000000037303e+00	 0.00000000000000000000e+00	 0.00000000000000000000e+00	 0.00000000000000000000e+00	 0.00000000000000000000e+00	 0.00000000000000000000e+00	 0.00000000000000000000e+00	 0.00000000000000000000e+00	 0.00000000000000000000e+00	 0.00000000000000000000e+00	 0.00000000000000000000e+00	 0.00000000000000000000e+00	 0.00000000000000000000e+00	 0.00000000000000000000e+00	 0.00000000000000000000e+00	 
 3.43999999999999994671e+00	 0.00000000000000000000e+00	 0.00000000000000000000e+00	 0.00000000000000000000e+00	 0.00000000000000000000e+00	 0.00000000000000000000e+00	 0.00000000000000000000e+00	 0.00000000000000000000e+00	 0.00000000000000000000e+00	 0.00000000000000000000e+00	 0.00000000000000000000e+00	 0.00000000000000000000e+00	 0.00000000000000000000e+00	 0.00000000000000000000e+00	 0.00000000000000000000e+00	 
 3.45999999999999996447e+00	 0.00000000000000000000e+00	 0.00000000000000000000e+00	 0.00000000000000000000e+00	 0.00000000000000000000e+00	 0.00000000000000000000e+00	 0.00000000000000000000e+00	 0.00000000000000000000e+00	 0.00000000000000000000e+00	 0.00000000000000000000e+00	 0.00000000000000000000e+00	 0.00000000000000000000e+00	 0.00000000000000000000e+00	 0.00000000000000000000e+00	 0.00000000000000000000e+00	 
 3.48000000000000042633e+00	 0.00000000000000000000e+00	 0.00000000000000000000e+00	 0.00000000000000000000e+00	 0.00000000000000000000e+00	 0.00000000000000000000e+00	 0.00000000000000000000e+00	 0.00000000000000000000e+00	 0.00000000000000000000e+00	 0.00000000000000000000e+00	 0.00000000000000000000e+00	 0.00000000000000000000e+00	 0.00000000000000000000e+00	 0.00000000000000000000e+00	 0.00000000000000000000e+00	 
 3.50000000000000000000e+00	 0.00000000000000000000e+00	 0.00000000000000000000e+00	 0.00000000000000000000e+00	 0.00000000000000000000e+00	 0.00000000000000000000e+00	 0.00000000000000000000e+00	 0.00000000000000000000e+00	 0.00000000000000000000e+00	 0.00000000000000000000e+00	 0.00000000000000000000e+00	 0.00000000000000000000e+00	 0.00000000000000000000e+00	 0.00000000000000000000e+00	 0.00000000000000000000e+00	 
 3.52000000000000001776e+00	 0.00000000000000000000e+00	 0.00000000000000000000e+00	 0.00000000000000000000e+00	 0.00000000000000000000e+00	 0.00000000000000000000e+00	 0.00000000000000000000e+00	 0.00000000000000000000e+00	 0.00000000000000000000e+00	 0.00000000000000000000e+00	 0.00000000000000000000e+00	 0.00000000000000000000e+00	 0.00000000000000000000e+00	 0.00000000000000000000e+00	 0.00000000000000000000e+00	 
 3.54000000000000047962e+00	 0.00000000000000000000e+00	 0.00000000000000000000e+00	 0.00000000000000000000e+00	 0.00000000000000000000e+00	 0.00000000000000000000e+00	 0.00000000000000000000e+00	 0.00000000000000000000e+00	 0.00000000000000000000e+00	 0.00000000000000000000e+00	 0.00000000000000000000e+00	 0.00000000000000000000e+00	 0.00000000000000000000e+00	 0.00000000000000000000e+00	 0.00000000000000000000e+00	 
 3.56000000000000005329e+00	 0.00000000000000000000e+00	 0.00000000000000000000e+00	 0.00000000000000000000e+00	 0.00000000000000000000e+00	 0.00000000000000000000e+00	 0.00000000000000000000e+00	 0.00000000000000000000e+00	 0.00000000000000000000e+00	 0.00000000000000000000e+00	 0.00000000000000000000e+00	 0.00000000000000000000e+00	 0.00000000000000000000e+00	 0.00000000000000000000e+00	 0.00000000000000000000e+00	 
 3.58000000000000007105e+00	 0.00000000000000000000e+00	 0.00000000000000000000e+00	 0.00000000000000000000e+00	 0.00000000000000000000e+00	 0.00000000000000000000e+00	 0.00000000000000000000e+00	 0.00000000000000000000e+00	 0.00000000000000000000e+00	 0.00000000000000000000e+00	 0.00000000000000000000e+00	 0.00000000000000000000e+00	 0.00000000000000000000e+00	 0.00000000000000000000e+00	 0.00000000000000000000e+00	 
 3.60000000000000053291e+00	 0.00000000000000000000e+00	 0.00000000000000000000e+00	 0.00000000000000000000e+00	 0.00000000000000000000e+00	 0.00000000000000000000e+00	 0.00000000000000000000e+00	 0.00000000000000000000e+00	 0.00000000000000000000e+00	 0.00000000000000000000e+00	 0.00000000000000000000e+00	 0.00000000000000000000e+00	 0.00000000000000000000e+00	 0.00000000000000000000e+00	 0.00000000000000000000e+00	 
 3.62000000000000010658e+00	 0.00000000000000000000e+00	 0.00000000000000000000e+00	 0.00000000000000000000e+00	 0.00000000000000000000e+00	 0.00000000000000000000e+00	 0.00000000000000000000e+00	 0.00000000000000000000e+00	 0.00000000000000000000e+00	 0.00000000000000000000e+00	 0.00000000000000000000e+00	 0.00000000000000000000e+00	 0.00000000000000000000e+00	 0.00000000000000000000e+00	 0.00000000000000000000e+00	 
 3.63999999999999968026e+00	 0.00000000000000000000e+00	 0.00000000000000000000e+00	 0.00000000000000000000e+00	 0.00000000000000000000e+00	 0.00000000000000000000e+00	 0.00000000000000000000e+00	 0.00000000000000000000e+00	 0.00000000000000000000e+00	 0.00000000000000000000e+00	 0.00000000000000000000e+00	 0.00000000000000000000e+00	 0.00000000000000000000e+00	 0.00000000000000000000e+00	 0.00000000000000000000e+00	 
 3.65999999999999969802e+00	 0.00000000000000000000e+00	 0.00000000000000000000e+00	 0.00000000000000000000e+00	 0.00000000000000000000e+00	 0.00000000000000000000e+00	 0.00000000000000000000e+00	 0.00000000000000000000e+00	 0.00000000000000000000e+00	 0.00000000000000000000e+00	 0.00000000000000000000e+00	 0.00000000000000000000e+00	 0.00000000000000000000e+00	 0.00000000000000000000e+00	 0.00000000000000000000e+00	 
 3.68000000000000015987e+00	 0.00000000000000000000e+00	 0.00000000000000000000e+00	 0.00000000000000000000e+00	 0.00000000000000000000e+00	 0.00000000000000000000e+00	 0.00000000000000000000e+00	 0.00000000000000000000e+00	 0.00000000000000000000e+00	 0.00000000000000000000e+00	 0.00000000000000000000e+00	 0.00000000000000000000e+00	 0.00000000000000000000e+00	 0.00000000000000000000e+00	 0.00000000000000000000e+00	 
 3.70000000000000017764e+00	 0.00000000000000000000e+00	 0.00000000000000000000e+00	 0.00000000000000000000e+00	 0.00000000000000000000e+00	 0.00000000000000000000e+00	 0.00000000000000000000e+00	 0.00000000000000000000e+00	 0.00000000000000000000e+00	 0.00000000000000000000e+00	 0.00000000000000000000e+00	 0.00000000000000000000e+00	 0.00000000000000000000e+00	 0.00000000000000000000e+00	 0.00000000000000000000e+00	 
 3.71999999999999975131e+00	 0.00000000000000000000e+00	 0.00000000000000000000e+00	 0.00000000000000000000e+00	 0.00000000000000000000e+00	 0.00000000000000000000e+00	 0.00000000000000000000e+00	 0.00000000000000000000e+00	 0.00000000000000000000e+00	 0.00000000000000000000e+00	 0.00000000000000000000e+00	 0.00000000000000000000e+00	 0.00000000000000000000e+00	 0.00000000000000000000e+00	 0.00000000000000000000e+00	 
 3.74000000000000021316e+00	 0.00000000000000000000e+00	 0.00000000000000000000e+00	 0.00000000000000000000e+00	 0.00000000000000000000e+00	 0.00000000000000000000e+00	 0.00000000000000000000e+00	 0.00000000000000000000e+00	 0.00000000000000000000e+00	 0.00000000000000000000e+00	 0.00000000000000000000e+00	 0.00000000000000000000e+00	 0.00000000000000000000e+00	 0.00000000000000000000e+00	 0.00000000000000000000e+00	 
 3.76000000000000023093e+00	 0.00000000000000000000e+00	 0.00000000000000000000e+00	 0.00000000000000000000e+00	 0.00000000000000000000e+00	 0.00000000000000000000e+00	 0.00000000000000000000e+00	 0.00000000000000000000e+00	 0.00000000000000000000e+00	 0.00000000000000000000e+00	 0.00000000000000000000e+00	 0.00000000000000000000e+00	 0.00000000000000000000e+00	 0.00000000000000000000e+00	 0.00000000000000000000e+00	 
 3.77999999999999980460e+00	 0.00000000000000000000e+00	 0.00000000000000000000e+00	 0.00000000000000000000e+00	 0.00000000000000000000e+00	 0.00000000000000000000e+00	 0.00000000000000000000e+00	 0.00000000000000000000e+00	 0.00000000000000000000e+00	 0.00000000000000000000e+00	 0.00000000000000000000e+00	 0.00000000000000000000e+00	 0.00000000000000000000e+00	 0.00000000000000000000e+00	 0.00000000000000000000e+00	 
 3.80000000000000026645e+00	 0.00000000000000000000e+00	 0.00000000000000000000e+00	 0.00000000000000000000e+00	 0.00000000000000000000e+00	 0.00000000000000000000e+00	 0.00000000000000000000e+00	 0.00000000000000000000e+00	 0.00000000000000000000e+00	 0.00000000000000000000e+00	 0.00000000000000000000e+00	 0.00000000000000000000e+00	 0.00000000000000000000e+00	 0.00000000000000000000e+00	 0.00000000000000000000e+00	 
 3.82000000000000028422e+00	 0.00000000000000000000e+00	 0.00000000000000000000e+00	 0.00000000000000000000e+00	 0.00000000000000000000e+00	 0.00000000000000000000e+00	 0.00000000000000000000e+00	 0.00000000000000000000e+00	 0.00000000000000000000e+00	 0.00000000000000000000e+00	 0.00000000000000000000e+00	 0.00000000000000000000e+00	 0.00000000000000000000e+00	 0.00000000000000000000e+00	 0.00000000000000000000e+00	 
 3.83999999999999985789e+00	 0.00000000000000000000e+00	 0.00000000000000000000e+00	 0.00000000000000000000e+00	 0.00000000000000000000e+00	 0.00000000000000000000e+00	 0.00000000000000000000e+00	 0.00000000000000000000e+00	 0.00000000000000000000e+00	 0.00000000000000000000e+00	 0.00000000000000000000e+00	 0.00000000000000000000e+00	 0.00000000000000000000e+00	 0.00000000000000000000e+00	 0.00000000000000000000e+00	 
 3.86000000000000031974e+00	 0.00000000000000000000e+00	 0.00000000000000000000e+00	 0.00000000000000000000e+00	 0.00000000000000000000e+00	 0.00000000000000000000e+00	 0.00000000000000000000e+00	 0.00000000000000000000e+00	 0.00000000000000000000e+00	 0.00000000000000000000e+00	 0.00000000000000000000e+00	 0.00000000000000000000e+00	 0.00000000000000000000e+00	 0.00000000000000000000e+00	 0.00000000000000000000e+00	 
 3.87999999999999989342e+00	 0.00000000000000000000e+00	 0.00000000000000000000e+00	 0.00000000000000000000e+00	 0.00000000000000000000e+00	 0.00000000000000000000e+00	 0.00000000000000000000e+00	 0.00000000000000000000e+00	 0.00000000000000000000e+00	 0.00000000000000000000e+00	 0.00000000000000000000e+00	 0.00000000000000000000e+00	 0.00000000000000000000e+00	 0.00000000000000000000e+00	 0.00000000000000000000e+00	 
 3.89999999999999991118e+00	 0.00000000000000000000e+00	 0.00000000000000000000e+00	 0.00000000000000000000e+00	 0.00000000000000000000e+00	 0.00000000000000000000e+00	 0.00000000000000000000e+00	 0.00000000000000000000e+00	 0.00000000000000000000e+00	 0.00000000000000000000e+00	 0.00000000000000000000e+00	 0.00000000000000000000e+00	 0.00000000000000000000e+00	 0.00000000000000000000e+00	 0.00000000000000000000e+00	 
 3.91999999999999948486e+00	 0.00000000000000000000e+00	 0.00000000000000000000e+00	 0.00000000000000000000e+00	 0.00000000000000000000e+00	 0.00000000000000000000e+00	 0.00000000000000000000e+00	 0.00000000000000000000e+00	 0.00000000000000000000e+00	 0.00000000000000000000e+00	 0.00000000000000000000e+00	 0.00000000000000000000e+00	 0.00000000000000000000e+00	 0.00000000000000000000e+00	 0.00000000000000000000e+00	 
 3.93999999999999994671e+00	 0.00000000000000000000e+00	 0.00000000000000000000e+00	 0.00000000000000000000e+00	 0.00000000000000000000e+00	 0.00000000000000000000e+00	 0.00000000000000000000e+00	 0.00000000000000000000e+00	 0.00000000000000000000e+00	 0.00000000000000000000e+00	 0.00000000000000000000e+00	 0.00000000000000000000e+00	 0.00000000000000000000e+00	 0.00000000000000000000e+00	 0.00000000000000000000e+00	 
 3.95999999999999996447e+00	 0.00000000000000000000e+00	 0.00000000000000000000e+00	 0.00000000000000000000e+00	 0.00000000000000000000e+00	 0.00000000000000000000e+00	 0.00000000000000000000e+00	 0.00000000000000000000e+00	 0.00000000000000000000e+00	 0.00000000000000000000e+00	 0.00000000000000000000e+00	 0.00000000000000000000e+00	 0.00000000000000000000e+00	 0.00000000000000000000e+00	 0.00000000000000000000e+00	 
 3.97999999999999953815e+00	 0.00000000000000000000e+00	 0.00000000000000000000e+00	 0.00000000000000000000e+00	 0.00000000000000000000e+00	 0.00000000000000000000e+00	 0.00000000000000000000e+00	 0.00000000000000000000e+00	 0.00000000000000000000e+00	 0.00000000000000000000e+00	 0.00000000000000000000e+00	 0.00000000000000000000e+00	 0.00000000000000000000e+00	 0.00000000000000000000e+00	 0.00000000000000000000e+00	 
 4.00000000000000000000e+00	 0.00000000000000000000e+00	 0.00000000000000000000e+00	 0.00000000000000000000e+00	 0.00000000000000000000e+00	 0.00000000000000000000e+00	 0.00000000000000000000e+00	 0.00000000000000000000e+00	 0.00000000000000000000e+00	 0.00000000000000000000e+00	 0.00000000000000000000e+00	 0.00000000000000000000e+00	 0.00000000000000000000e+00	 0.00000000000000000000e+00	 0.00000000000000000000e+00	 
 4.01999999999999957367e+00	 0.00000000000000000000e+00	 0.00000000000000000000e+00	 0.00000000000000000000e+00	 0.00000000000000000000e+00	 0.00000000000000000000e+00	 0.00000000000000000000e+00	 0.00000000000000000000e+00	 0.00000000000000000000e+00	 0.00000000000000000000e+00	 0.00000000000000000000e+00	 0.00000000000000000000e+00	 0.00000000000000000000e+00	 0.00000000000000000000e+00	 0.00000000000000000000e+00	 
 4.04000000000000003553e+00	 0.00000000000000000000e+00	 0.00000000000000000000e+00	 0.00000000000000000000e+00	 0.00000000000000000000e+00	 0.00000000000000000000e+00	 0.00000000000000000000e+00	 0.00000000000000000000e+00	 0.00000000000000000000e+00	 0.00000000000000000000e+00	 0.00000000000000000000e+00	 0.00000000000000000000e+00	 0.00000000000000000000e+00	 0.00000000000000000000e+00	 0.00000000000000000000e+00	 
 4.06000000000000049738e+00	 0.00000000000000000000e+00	 0.00000000000000000000e+00	 0.00000000000000000000e+00	 0.00000000000000000000e+00	 0.00000000000000000000e+00	 0.00000000000000000000e+00	 0.00000000000000000000e+00	 0.00000000000000000000e+00	 0.00000000000000000000e+00	 0.00000000000000000000e+00	 0.00000000000000000000e+00	 0.00000000000000000000e+00	 0.00000000000000000000e+00	 0.00000000000000000000e+00	 
 4.08000000000000007105e+00	 0.00000000000000000000e+00	 0.00000000000000000000e+00	 0.00000000000000000000e+00	 0.00000000000000000000e+00	 0.00000000000000000000e+00	 0.00000000000000000000e+00	 0.00000000000000000000e+00	 0.00000000000000000000e+00	 0.00000000000000000000e+00	 0.00000000000000000000e+00	 0.00000000000000000000e+00	 0.00000000000000000000e+00	 0.00000000000000000000e+00	 0.00000000000000000000e+00	 
 4.09999999999999964473e+00	 0.00000000000000000000e+00	 0.00000000000000000000e+00	 0.00000000000000000000e+00	 0.00000000000000000000e+00	 0.00000000000000000000e+00	 0.00000000000000000000e+00	 0.00000000000000000000e+00	 0.00000000000000000000e+00	 0.00000000000000000000e+00	 0.00000000000000000000e+00	 0.00000000000000000000e+00	 0.00000000000000000000e+00	 0.00000000000000000000e+00	 0.00000000000000000000e+00	 
 4.12000000000000010658e+00	 0.00000000000000000000e+00	 0.00000000000000000000e+00	 0.00000000000000000000e+00	 0.00000000000000000000e+00	 0.00000000000000000000e+00	 0.00000000000000000000e+00	 0.00000000000000000000e+00	 0.00000000000000000000e+00	 0.00000000000000000000e+00	 0.00000000000000000000e+00	 0.00000000000000000000e+00	 0.00000000000000000000e+00	 0.00000000000000000000e+00	 0.00000000000000000000e+00	 
 4.14000000000000056843e+00	 0.00000000000000000000e+00	 0.00000000000000000000e+00	 0.00000000000000000000e+00	 0.00000000000000000000e+00	 0.00000000000000000000e+00	 0.00000000000000000000e+00	 0.00000000000000000000e+00	 0.00000000000000000000e+00	 0.00000000000000000000e+00	 0.00000000000000000000e+00	 0.00000000000000000000e+00	 0.00000000000000000000e+00	 0.00000000000000000000e+00	 0.00000000000000000000e+00	 
 4.16000000000000014211e+00	 0.00000000000000000000e+00	 0.00000000000000000000e+00	 0.00000000000000000000e+00	 0.00000000000000000000e+00	 0.00000000000000000000e+00	 0.00000000000000000000e+00	 0.00000000000000000000e+00	 0.00000000000000000000e+00	 0.00000000000000000000e+00	 0.00000000000000000000e+00	 0.00000000000000000000e+00	 0.00000000000000000000e+00	 0.00000000000000000000e+00	 0.00000000000000000000e+00	 
 4.17999999999999971578e+00	 0.00000000000000000000e+00	 0.00000000000000000000e+00	 0.00000000000000000000e+00	 0.00000000000000000000e+00	 0.00000000000000000000e+00	 0.00000000000000000000e+00	 0.00000000000000000000e+00	 0.00000000000000000000e+00	 0.00000000000000000000e+00	 0.00000000000000000000e+00	 0.00000000000000000000e+00	 0.00000000000000000000e+00	 0.00000000000000000000e+00	 0.00000000000000000000e+00	 
 4.20000000000000017764e+00	 0.00000000000000000000e+00	 0.00000000000000000000e+00	 0.00000000000000000000e+00	 0.00000000000000000000e+00	 0.00000000000000000000e+00	 0.00000000000000000000e+00	 0.00000000000000000000e+00	 0.00000000000000000000e+00	 0.00000000000000000000e+00	 0.00000000000000000000e+00	 0.00000000000000000000e+00	 0.00000000000000000000e+00	 0.00000000000000000000e+00	 0.00000000000000000000e+00	 
 4.21999999999999975131e+00	 0.00000000000000000000e+00	 0.00000000000000000000e+00	 0.00000000000000000000e+00	 0.00000000000000000000e+00	 0.00000000000000000000e+00	 0.00000000000000000000e+00	 0.00000000000000000000e+00	 0.00000000000000000000e+00	 0.00000000000000000000e+00	 0.00000000000000000000e+00	 0.00000000000000000000e+00	 0.00000000000000000000e+00	 0.00000000000000000000e+00	 0.00000000000000000000e+00	 
 4.24000000000000021316e+00	 0.00000000000000000000e+00	 0.00000000000000000000e+00	 0.00000000000000000000e+00	 0.00000000000000000000e+00	 0.00000000000000000000e+00	 0.00000000000000000000e+00	 0.00000000000000000000e+00	 0.00000000000000000000e+00	 0.00000000000000000000e+00	 0.00000000000000000000e+00	 0.00000000000000000000e+00	 0.00000000000000000000e+00	 0.00000000000000000000e+00	 0.00000000000000000000e+00	 
 4.25999999999999978684e+00	 0.00000000000000000000e+00	 0.00000000000000000000e+00	 0.00000000000000000000e+00	 0.00000000000000000000e+00	 0.00000000000000000000e+00	 0.00000000000000000000e+00	 0.00000000000000000000e+00	 0.00000000000000000000e+00	 0.00000000000000000000e+00	 0.00000000000000000000e+00	 0.00000000000000000000e+00	 0.00000000000000000000e+00	 0.00000000000000000000e+00	 0.00000000000000000000e+00	 
 4.28000000000000024869e+00	 0.00000000000000000000e+00	 0.00000000000000000000e+00	 0.00000000000000000000e+00	 0.00000000000000000000e+00	 0.00000000000000000000e+00	 0.00000000000000000000e+00	 0.00000000000000000000e+00	 0.00000000000000000000e+00	 0.00000000000000000000e+00	 0.00000000000000000000e+00	 0.00000000000000000000e+00	 0.00000000000000000000e+00	 0.00000000000000000000e+00	 0.00000000000000000000e+00	 
 4.29999999999999982236e+00	 0.00000000000000000000e+00	 0.00000000000000000000e+00	 0.00000000000000000000e+00	 0.00000000000000000000e+00	 0.00000000000000000000e+00	 0.00000000000000000000e+00	 0.00000000000000000000e+00	 0.00000000000000000000e+00	 0.00000000000000000000e+00	 0.00000000000000000000e+00	 0.00000000000000000000e+00	 0.00000000000000000000e+00	 0.00000000000000000000e+00	 0.00000000000000000000e+00	 
 4.32000000000000028422e+00	 0.00000000000000000000e+00	 0.00000000000000000000e+00	 0.00000000000000000000e+00	 0.00000000000000000000e+00	 0.00000000000000000000e+00	 0.00000000000000000000e+00	 0.00000000000000000000e+00	 0.00000000000000000000e+00	 0.00000000000000000000e+00	 0.00000000000000000000e+00	 0.00000000000000000000e+00	 0.00000000000000000000e+00	 0.00000000000000000000e+00	 0.00000000000000000000e+00	 
 4.33999999999999985789e+00	 0.00000000000000000000e+00	 0.00000000000000000000e+00	 0.00000000000000000000e+00	 0.00000000000000000000e+00	 0.00000000000000000000e+00	 0.00000000000000000000e+00	 0.00000000000000000000e+00	 0.00000000000000000000e+00	 0.00000000000000000000e+00	 0.00000000000000000000e+00	 0.00000000000000000000e+00	 0.00000000000000000000e+00	 0.00000000000000000000e+00	 0.00000000000000000000e+00	 
 4.36000000000000031974e+00	 0.00000000000000000000e+00	 0.00000000000000000000e+00	 0.00000000000000000000e+00	 0.00000000000000000000e+00	 0.00000000000000000000e+00	 0.00000000000000000000e+00	 0.00000000000000000000e+00	 0.00000000000000000000e+00	 0.00000000000000000000e+00	 0.00000000000000000000e+00	 0.00000000000000000000e+00	 0.00000000000000000000e+00	 0.00000000000000000000e+00	 0.00000000000000000000e+00	 
 4.37999999999999989342e+00	 0.00000000000000000000e+00	 0.00000000000000000000e+00	 0.00000000000000000000e+00	 0.00000000000000000000e+00	 0.00000000000000000000e+00	 0.00000000000000000000e+00	 0.00000000000000000000e+00	 0.00000000000000000000e+00	 0.00000000000000000000e+00	 0.00000000000000000000e+00	 0.00000000000000000000e+00	 0.00000000000000000000e+00	 0.00000000000000000000e+00	 0.00000000000000000000e+00	 
 4.40000000000000035527e+00	 0.00000000000000000000e+00	 0.00000000000000000000e+00	 0.00000000000000000000e+00	 0.00000000000000000000e+00	 0.00000000000000000000e+00	 0.00000000000000000000e+00	 0.00000000000000000000e+00	 0.00000000000000000000e+00	 0.00000000000000000000e+00	 0.00000000000000000000e+00	 0.00000000000000000000e+00	 0.00000000000000000000e+00	 0.00000000000000000000e+00	 0.00000000000000000000e+00	 
 4.41999999999999992895e+00	 0.00000000000000000000e+00	 0.00000000000000000000e+00	 0.00000000000000000000e+00	 0.00000000000000000000e+00	 0.00000000000000000000e+00	 0.00000000000000000000e+00	 0.00000000000000000000e+00	 0.00000000000000000000e+00	 0.00000000000000000000e+00	 0.00000000000000000000e+00	 0.00000000000000000000e+00	 0.00000000000000000000e+00	 0.00000000000000000000e+00	 0.00000000000000000000e+00	 
 4.43999999999999950262e+00	 0.00000000000000000000e+00	 0.00000000000000000000e+00	 0.00000000000000000000e+00	 0.00000000000000000000e+00	 0.00000000000000000000e+00	 0.00000000000000000000e+00	 0.00000000000000000000e+00	 0.00000000000000000000e+00	 0.00000000000000000000e+00	 0.00000000000000000000e+00	 0.00000000000000000000e+00	 0.00000000000000000000e+00	 0.00000000000000000000e+00	 0.00000000000000000000e+00	 
 4.45999999999999996447e+00	 0.00000000000000000000e+00	 0.00000000000000000000e+00	 0.00000000000000000000e+00	 0.00000000000000000000e+00	 0.00000000000000000000e+00	 0.00000000000000000000e+00	 0.00000000000000000000e+00	 0.00000000000000000000e+00	 0.00000000000000000000e+00	 0.00000000000000000000e+00	 0.00000000000000000000e+00	 0.00000000000000000000e+00	 0.00000000000000000000e+00	 0.00000000000000000000e+00	 
 4.47999999999999953815e+00	 0.00000000000000000000e+00	 0.00000000000000000000e+00	 0.00000000000000000000e+00	 0.00000000000000000000e+00	 0.00000000000000000000e+00	 0.00000000000000000000e+00	 0.00000000000000000000e+00	 0.00000000000000000000e+00	 0.00000000000000000000e+00	 0.00000000000000000000e+00	 0.00000000000000000000e+00	 0.00000000000000000000e+00	 0.00000000000000000000e+00	 0.00000000000000000000e+00	 
 4.50000000000000000000e+00	 0.00000000000000000000e+00	 0.00000000000000000000e+00	 0.00000000000000000000e+00	 0.00000000000000000000e+00	 0.00000000000000000000e+00	 0.00000000000000000000e+00	 0.00000000000000000000e+00	 0.00000000000000000000e+00	 0.00000000000000000000e+00	 0.00000000000000000000e+00	 0.00000000000000000000e+00	 0.00000000000000000000e+00	 0.00000000000000000000e+00	 0.00000000000000000000e+00	 
 4.52000000000000046185e+00	 0.00000000000000000000e+00	 0.00000000000000000000e+00	 0.00000000000000000000e+00	 0.00000000000000000000e+00	 0.00000000000000000000e+00	 0.00000000000000000000e+00	 0.00000000000000000000e+00	 0.00000000000000000000e+00	 0.00000000000000000000e+00	 0.00000000000000000000e+00	 0.00000000000000000000e+00	 0.00000000000000000000e+00	 0.00000000000000000000e+00	 0.00000000000000000000e+00	 
 4.54000000000000003553e+00	 0.00000000000000000000e+00	 0.00000000000000000000e+00	 0.00000000000000000000e+00	 0.00000000000000000000e+00	 0.00000000000000000000e+00	 0.00000000000000000000e+00	 0.00000000000000000000e+00	 0.00000000000000000000e+00	 0.00000000000000000000e+00	 0.00000000000000000000e+00	 0.00000000000000000000e+00	 0.00000000000000000000e+00	 0.00000000000000000000e+00	 0.00000000000000000000e+00	 
 4.55999999999999960920e+00	 0.00000000000000000000e+00	 0.00000000000000000000e+00	 0.00000000000000000000e+00	 0.00000000000000000000e+00	 0.00000000000000000000e+00	 0.00000000000000000000e+00	 0.00000000000000000000e+00	 0.00000000000000000000e+00	 0.00000000000000000000e+00	 0.00000000000000000000e+00	 0.00000000000000000000e+00	 0.00000000000000000000e+00	 0.00000000000000000000e+00	 0.00000000000000000000e+00	 
 4.58000000000000007105e+00	 0.00000000000000000000e+00	 0.00000000000000000000e+00	 0.00000000000000000000e+00	 0.00000000000000000000e+00	 0.00000000000000000000e+00	 0.00000000000000000000e+00	 0.00000000000000000000e+00	 0.00000000000000000000e+00	 0.00000000000000000000e+00	 0.00000000000000000000e+00	 0.00000000000000000000e+00	 0.00000000000000000000e+00	 0.00000000000000000000e+00	 0.00000000000000000000e+00	 
 4.60000000000000053291e+00	 0.00000000000000000000e+00	 0.00000000000000000000e+00	 0.00000000000000000000e+00	 0.00000000000000000000e+00	 0.00000000000000000000e+00	 0.00000000000000000000e+00	 0.00000000000000000000e+00	 0.00000000000000000000e+00	 0.00000000000000000000e+00	 0.00000000000000000000e+00	 0.00000000000000000000e+00	 0.00000000000000000000e+00	 0.00000000000000000000e+00	 0.00000000000000000000e+00	 
 4.62000000000000010658e+00	 0.00000000000000000000e+00	 0.00000000000000000000e+00	 0.00000000000000000000e+00	 0.00000000000000000000e+00	 0.00000000000000000000e+00	 0.00000000000000000000e+00	 0.00000000000000000000e+00	 0.00000000000000000000e+00	 0.00000000000000000000e+00	 0.00000000000000000000e+00	 0.00000000000000000000e+00	 0.00000000000000000000e+00	 0.00000000000000000000e+00	 0.00000000000000000000e+00	 
 4.63999999999999968026e+00	 0.00000000000000000000e+00	 0.00000000000000000000e+00	 0.00000000000000000000e+00	 0.00000000000000000000e+00	 0.00000000000000000000e+00	 0.00000000000000000000e+00	 0.00000000000000000000e+00	 0.00000000000000000000e+00	 0.00000000000000000000e+00	 0.00000000000000000000e+00	 0.00000000000000000000e+00	 0.00000000000000000000e+00	 0.00000000000000000000e+00	 0.00000000000000000000e+00	 
 4.66000000000000014211e+00	 0.00000000000000000000e+00	 0.00000000000000000000e+00	 0.00000000000000000000e+00	 0.00000000000000000000e+00	 0.00000000000000000000e+00	 0.00000000000000000000e+00	 0.00000000000000000000e+00	 0.00000000000000000000e+00	 0.00000000000000000000e+00	 0.00000000000000000000e+00	 0.00000000000000000000e+00	 0.00000000000000000000e+00	 0.00000000000000000000e+00	 0.00000000000000000000e+00	 
 4.67999999999999971578e+00	 0.00000000000000000000e+00	 0.00000000000000000000e+00	 0.00000000000000000000e+00	 0.00000000000000000000e+00	 0.00000000000000000000e+00	 0.00000000000000000000e+00	 0.00000000000000000000e+00	 0.00000000000000000000e+00	 0.00000000000000000000e+00	 0.00000000000000000000e+00	 0.00000000000000000000e+00	 0.00000000000000000000e+00	 0.00000000000000000000e+00	 0.00000000000000000000e+00	 
 4.69999999999999928946e+00	 0.00000000000000000000e+00	 0.00000000000000000000e+00	 0.00000000000000000000e+00	 0.00000000000000000000e+00	 0.00000000000000000000e+00	 0.00000000000000000000e+00	 0.00000000000000000000e+00	 0.00000000000000000000e+00	 0.00000000000000000000e+00	 0.00000000000000000000e+00	 0.00000000000000000000e+00	 0.00000000000000000000e+00	 0.00000000000000000000e+00	 0.00000000000000000000e+00	 
 4.72000000000000063949e+00	 0.00000000000000000000e+00	 0.00000000000000000000e+00	 0.00000000000000000000e+00	 0.00000000000000000000e+00	 0.00000000000000000000e+00	 0.00000000000000000000e+00	 0.00000000000000000000e+00	 0.00000000000000000000e+00	 0.00000000000000000000e+00	 0.00000000000000000000e+00	 0.00000000000000000000e+00	 0.00000000000000000000e+00	 0.00000000000000000000e+00	 0.00000000000000000000e+00	 
 4.74000000000000021316e+00	 0.00000000000000000000e+00	 0.00000000000000000000e+00	 0.00000000000000000000e+00	 0.00000000000000000000e+00	 0.00000000000000000000e+00	 0.00000000000000000000e+00	 0.00000000000000000000e+00	 0.00000000000000000000e+00	 0.00000000000000000000e+00	 0.00000000000000000000e+00	 0.00000000000000000000e+00	 0.00000000000000000000e+00	 0.00000000000000000000e+00	 0.00000000000000000000e+00	 
 4.75999999999999978684e+00	 0.00000000000000000000e+00	 0.00000000000000000000e+00	 0.00000000000000000000e+00	 0.00000000000000000000e+00	 0.00000000000000000000e+00	 0.00000000000000000000e+00	 0.00000000000000000000e+00	 0.00000000000000000000e+00	 0.00000000000000000000e+00	 0.00000000000000000000e+00	 0.00000000000000000000e+00	 0.00000000000000000000e+00	 0.00000000000000000000e+00	 0.00000000000000000000e+00	 
 4.78000000000000024869e+00	 0.00000000000000000000e+00	 0.00000000000000000000e+00	 0.00000000000000000000e+00	 0.00000000000000000000e+00	 0.00000000000000000000e+00	 0.00000000000000000000e+00	 0.00000000000000000000e+00	 0.00000000000000000000e+00	 0.00000000000000000000e+00	 0.00000000000000000000e+00	 0.00000000000000000000e+00	 0.00000000000000000000e+00	 0.00000000000000000000e+00	 0.00000000000000000000e+00	 
 4.79999999999999982236e+00	 0.00000000000000000000e+00	 0.00000000000000000000e+00	 0.00000000000000000000e+00	 0.00000000000000000000e+00	 0.00000000000000000000e+00	 0.00000000000000000000e+00	 0.00000000000000000000e+00	 0.00000000000000000000e+00	 0.00000000000000000000e+00	 0.00000000000000000000e+00	 0.00000000000000000000e+00	 0.00000000000000000000e+00	 0.00000000000000000000e+00	 0.00000000000000000000e+00	 
 4.81999999999999939604e+00	 0.00000000000000000000e+00	 0.00000000000000000000e+00	 0.00000000000000000000e+00	 0.00000000000000000000e+00	 0.00000000000000000000e+00	 0.00000000000000000000e+00	 0.00000000000000000000e+00	 0.00000000000000000000e+00	 0.00000000000000000000e+00	 0.00000000000000000000e+00	 0.00000000000000000000e+00	 0.00000000000000000000e+00	 0.00000000000000000000e+00	 0.00000000000000000000e+00	 
 4.84000000000000074607e+00	 0.00000000000000000000e+00	 0.00000000000000000000e+00	 0.00000000000000000000e+00	 0.00000000000000000000e+00	 0.00000000000000000000e+00	 0.00000000000000000000e+00	 0.00000000000000000000e+00	 0.00000000000000000000e+00	 0.00000000000000000000e+00	 0.00000000000000000000e+00	 0.00000000000000000000e+00	 0.00000000000000000000e+00	 0.00000000000000000000e+00	 0.00000000000000000000e+00	 
 4.86000000000000031974e+00	 0.00000000000000000000e+00	 0.00000000000000000000e+00	 0.00000000000000000000e+00	 0.00000000000000000000e+00	 0.00000000000000000000e+00	 0.00000000000000000000e+00	 0.00000000000000000000e+00	 0.00000000000000000000e+00	 0.00000000000000000000e+00	 0.00000000000000000000e+00	 0.00000000000000000000e+00	 0.00000000000000000000e+00	 0.00000000000000000000e+00	 0.00000000000000000000e+00	 
 4.87999999999999989342e+00	 0.00000000000000000000e+00	 0.00000000000000000000e+00	 0.00000000000000000000e+00	 0.00000000000000000000e+00	 0.00000000000000000000e+00	 0.00000000000000000000e+00	 0.00000000000000000000e+00	 0.00000000000000000000e+00	 0.00000000000000000000e+00	 0.00000000000000000000e+00	 0.00000000000000000000e+00	 0.00000000000000000000e+00	 0.00000000000000000000e+00	 0.00000000000000000000e+00	 
 4.89999999999999946709e+00	 0.00000000000000000000e+00	 0.00000000000000000000e+00	 0.00000000000000000000e+00	 0.00000000000000000000e+00	 0.00000000000000000000e+00	 0.00000000000000000000e+00	 0.00000000000000000000e+00	 0.00000000000000000000e+00	 0.00000000000000000000e+00	 0.00000000000000000000e+00	 0.00000000000000000000e+00	 0.00000000000000000000e+00	 0.00000000000000000000e+00	 0.00000000000000000000e+00	 
 4.91999999999999992895e+00	 0.00000000000000000000e+00	 0.00000000000000000000e+00	 0.00000000000000000000e+00	 0.00000000000000000000e+00	 0.00000000000000000000e+00	 0.00000000000000000000e+00	 0.00000000000000000000e+00	 0.00000000000000000000e+00	 0.00000000000000000000e+00	 0.00000000000000000000e+00	 0.00000000000000000000e+00	 0.00000000000000000000e+00	 0.00000000000000000000e+00	 0.00000000000000000000e+00	 
 4.93999999999999950262e+00	 0.00000000000000000000e+00	 0.00000000000000000000e+00	 0.00000000000000000000e+00	 0.00000000000000000000e+00	 0.00000000000000000000e+00	 0.00000000000000000000e+00	 0.00000000000000000000e+00	 0.00000000000000000000e+00	 0.00000000000000000000e+00	 0.00000000000000000000e+00	 0.00000000000000000000e+00	 0.00000000000000000000e+00	 0.00000000000000000000e+00	 0.00000000000000000000e+00	 
 4.95999999999999996447e+00	 0.00000000000000000000e+00	 0.00000000000000000000e+00	 0.00000000000000000000e+00	 0.00000000000000000000e+00	 0.00000000000000000000e+00	 0.00000000000000000000e+00	 0.00000000000000000000e+00	 0.00000000000000000000e+00	 0.00000000000000000000e+00	 0.00000000000000000000e+00	 0.00000000000000000000e+00	 0.00000000000000000000e+00	 0.00000000000000000000e+00	 0.00000000000000000000e+00	 
 4.98000000000000042633e+00	 0.00000000000000000000e+00	 0.00000000000000000000e+00	 0.00000000000000000000e+00	 0.00000000000000000000e+00	 0.00000000000000000000e+00	 0.00000000000000000000e+00	 0.00000000000000000000e+00	 0.00000000000000000000e+00	 0.00000000000000000000e+00	 0.00000000000000000000e+00	 0.00000000000000000000e+00	 0.00000000000000000000e+00	 0.00000000000000000000e+00	 0.00000000000000000000e+00	 
 5.00000000000000000000e+00	 0.00000000000000000000e+00	 0.00000000000000000000e+00	 0.00000000000000000000e+00	 0.00000000000000000000e+00	 0.00000000000000000000e+00	 0.00000000000000000000e+00	 0.00000000000000000000e+00	 0.00000000000000000000e+00	 0.00000000000000000000e+00	 0.00000000000000000000e+00	 0.00000000000000000000e+00	 0.00000000000000000000e+00	 0.00000000000000000000e+00	 0.00000000000000000000e+00	 
