 -1.00000000000000000000e+00	 1.07380135088983920684e-07	 1.05420310864935742874e-07	 1.07101723121608165694e-07	 7.40339675125323851352e-05	 7.41857508538698926090e-05	 7.13457257937062926676e-05	 8.00305429490827792503e-05	 4.55395341470248615269e-05	 5.11745841465932130581e-05	 7.40188203916062605840e-05	 2.40782396755912079828e-07	 2.66198588896792798995e-07	 2.66197983093900461516e-07	 2.66198542806401140587e-07	 
 -9.79999999999999982236e-01	 1.10356335235404918381e-07	 1.08342776825667362552e-07	 1.10068258001669607342e-07	 7.59938906467147207591e-05	 7.61487134631356880378e-05	 7.32468148654042479784e-05	 8.22235023492170764414e-05	 4.68101925956312299730e-05	 5.26156241968317786844e-05	 7.59780691451347913032e-05	 2.47326698349712446261e-07	 2.73555018303682648756e-07	 2.73554394656166899332e-07	 2.73554970979888569945e-07	 
 -9.59999999999999964473e-01	 1.13393153531524173385e-07	 1.11324769758648640987e-07	 1.13095158204494239733e-07	 7.79918946881815112115e-05	 7.81498021485071227071e-05	 7.51850808952597894240e-05	 8.44606190787080168998e-05	 4.81069765046923908218e-05	 5.40865380017144914805e-05	 7.79753753919874446551e-05	 2.54001703126842768533e-07	 2.81060808848039033415e-07	 2.81060166969449242553e-07	 2.81060760253964201986e-07	 
 -9.39999999999999946709e-01	 1.16490508045567417217e-07	 1.14366199632881141324e-07	 1.16182317177298064041e-07	 8.00277770529412500440e-05	 8.01888207169469571615e-05	 7.71603251786136365604e-05	 8.67417867931872442694e-05	 4.94299573253850454122e-05	 5.55874085692118369978e-05	 8.00105302557394107215e-05	 2.60807013773554779515e-07	 2.88715674717309042040e-07	 2.88715014217587384562e-07	 2.88715624799940153983e-07	 
 -9.19999999999999928946e-01	 1.19648209239331122185e-07	 1.17466873654040544890e-07	 1.19329533559435268600e-07	 8.21012514868580366156e-05	 8.22654869735787704164e-05	 7.91722789727150393860e-05	 8.90668133518904135042e-05	 5.07791744510532763821e-05	 5.71182820846720043636e-05	 8.20832436842638550655e-05	 2.67741994629000917059e-07	 2.96519061474422881824e-07	 2.96518381956727116284e-07	 2.96519010179479101264e-07	 
 -9.00000000000000022204e-01	 1.22865948623872885784e-07	 1.20626482993027426036e-07	 1.22536492876319631744e-07	 8.42119413065892043375e-05	 8.43794277162205274504e-05	 8.12205911504327074911e-05	 9.14354133901695023895e-05	 5.21546351088977941813e-05	 5.86791666240986113288e-05	 8.41931360698625156367e-05	 2.74805740605118500201e-07	 3.04470113068563676430e-07	 3.04469414127137757219e-07	 3.04470060348258686735e-07	 
 -8.80000000000000115463e-01	 1.26143285840556845886e-07	 1.23844588458318300508e-07	 1.25802749389285960785e-07	 8.63593716223730290763e-05	 8.65301723982343193612e-05	 8.33048162937180861586e-05	 9.38471996021357615691e-05	 5.35563132312415427091e-05	 6.02700298335585063188e-05	 8.63397291884952040788e-05	 2.81997044483244718657e-07	 3.12567635848936438290e-07	 3.12566917067738904600e-07	 3.12567581664664012972e-07	 
 -8.59999999999999986677e-01	 1.29479631755901628893e-07	 1.27120614969865820471e-07	 1.29127715377300200473e-07	 8.85429704155061512169e-05	 8.87171556370318652087e-05	 8.54244194531878414450e-05	 9.63016748469722611839e-05	 5.49841563584174388086e-05	 6.18907982254918544781e-05	 8.85224462950890507093e-05	 2.89314381175244762200e-07	 3.20810089616329419615e-07	 3.20809350574970884643e-07	 3.20810033927561837944e-07	 
 -8.40000000000000079936e-01	 1.32874238757006016341e-07	 1.30453838093498520239e-07	 1.32510649526261873014e-07	 9.07620569041811244221e-05	 9.09397052821882333033e-05	 8.75787637244590072257e-05	 9.87982228711456093124e-05	 5.64380810872574571421e-05	 6.35413542112839139532e-05	 9.07406007490643609203e-05	 2.96755878354429390674e-07	 3.29195550459332058077e-07	 3.29194790736181278838e-07	 3.29195493217970183567e-07	 
 -8.20000000000000062172e-01	 1.36326187451573000043e-07	 1.33843368480594610322e-07	 1.35950642698561381852e-07	 9.30158296046381630629e-05	 9.31970303804792828866e-05	 8.97670980599951922208e-05	 1.01336097259342540803e-04	 5.79179686801845354429e-05	 6.52215321227408133123e-05	 9.29933842108484346378e-05	 3.04319282753019388028e-07	 3.37721669025676799849e-07	 3.37720888198766261278e-07	 3.37721610174298151422e-07	 
 -8.00000000000000044409e-01	 1.39834406821840993322e-07	 1.37288156130064862070e-07	 1.39446604971154545481e-07	 9.53033938799015056332e-05	 9.54882296055262468635e-05	 9.19885657549764101677e-05	 1.03914406434452399582e-04	 5.94236667898381370470e-05	 6.69311175812408728570e-05	 9.52799062904551924890e-05	 3.12001968733550735300e-07	 3.46385688802808928975e-07	 3.46384886461040454546e-07	 3.46385628284231582912e-07	 
 -7.80000000000000026645e-01	 1.43397646632744475114e-07	 1.40786969580145963511e-07	 1.42997250450136310614e-07	 9.76237387359593373603e-05	 9.78122752606405660531e-05	 9.42421890284589927307e-05	 1.06532103532912904081e-04	 6.09549871557841577889e-05	 6.86698439778141926215e-05	 9.75991668409204856998e-05	 3.19800891617787974396e-07	 3.55184389614819044362e-07	 3.55183565365725264860e-07	 3.55184327377402154727e-07	 
 -7.60000000000000008882e-01	 1.47014449874100900482e-07	 1.44338373699415785655e-07	 1.46601078514962569512e-07	 9.99757161942161059337e-05	 1.00167997857381662675e-04	 9.65268543250286255829e-05	 1.09187973316168639029e-04	 6.25117028503030080621e-05	 7.04373875550072547393e-05	 9.99500320917898410966e-05	 3.27712538637205425453e-07	 3.64114028884016837205e-07	 3.64113182359539649493e-07	 3.64113964883825334418e-07	 
 -7.39999999999999991118e-01	 1.50683205835513248771e-07	 1.47940732292238087940e-07	 1.50256479862956699569e-07	 1.02358040698314711574e-04	 1.02554094998735787262e-04	 9.88413130541393447886e-05	 1.11880641126596466458e-04	 6.40935328759803182733e-05	 7.22333727670131775902e-05	 1.02331238133013450553e-04	 3.35732953125981295713e-07	 3.73170343046803572344e-07	 3.73169473891014490970e-07	 3.73170277235459487261e-07	 
 -7.19999999999999973355e-01	 1.54402107384896085312e-07	 1.51592183509186551138e-07	 1.53961673191889905256e-07	 1.04769275535347372260e-04	 1.04969113255413962400e-04	 1.01184167212156744526e-04	 1.14608549225992225251e-04	 6.57001458257639104265e-05	 7.40573658599477782421e-05	 1.04741376666264333168e-04	 3.43857672809009673690e-07	 3.82348486386599647403e-07	 3.82347594251019576987e-07	 3.82348418704693147894e-07	 
 -6.99999999999999955591e-01	 1.58169112307916753193e-07	 1.55290613383411379070e-07	 1.57714651256396063503e-07	 1.07207819184917469346e-04	 1.07411430783140637098e-04	 1.03553855018652886844e-04	 1.17369932370460156100e-04	 6.73311605110497331641e-05	 7.59088673313098466228e-05	 1.07178881202808133719e-04	 3.52081667136151254206e-07	 3.91642965280030350208e-07	 3.91642049824842271928e-07	 3.91642895654543437511e-07	 
 -6.79999999999999937828e-01	 1.61981866161306219306e-07	 1.59033672830592402889e-07	 1.61512991801537052907e-07	 1.09671902417733137507e-04	 1.09879278519351078892e-04	 1.05948652454394178358e-04	 1.20162853894871524130e-04	 6.89861558387055398729e-05	 7.77873013388754891862e-05	 1.09642026319576907541e-04	 3.60399398507042403675e-07	 4.01047681678391771027e-07	 4.01046742557322051539e-07	 4.01047610059500431938e-07	 
 -6.60000000000000031086e-01	 1.65837704397911928962e-07	 1.62818741936678080838e-07	 1.65353902098785854137e-07	 1.12159572752164131675e-04	 1.12370715102594391456e-04	 1.08366655764494367866e-04	 1.22985167545892567532e-04	 7.06646640296186036561e-05	 7.96920139470142608685e-05	 1.12128912825359240224e-04	 3.68804735973958019587e-07	 4.10555841429034833122e-07	 4.10554878280176257854e-07	 4.10555767812342013732e-07	 
 -6.40000000000000013323e-01	 1.69733644309298906849e-07	 1.66642893680199936061e-07	 1.69234240690422288278e-07	 1.14668678620426760109e-04	 1.14883603955510377030e-04	 1.10805764140300643775e-04	 1.25834481594827021170e-04	 7.23661629468173937373e-05	 8.16222676567006621409e-05	 1.14637452974977534941e-04	 3.77290872136031849143e-07	 4.20159862015422988302e-07	 4.20158874456213020749e-07	 4.20159786454064124183e-07	 
 -6.19999999999999884537e-01	 1.73666357550058232303e-07	 1.70502917528590399403e-07	 1.73150813464092709911e-07	 1.17196930110845270621e-04	 1.17415661417873839643e-04	 1.13263745652822015288e-04	 1.28708209367709856992e-04	 7.40900779697799825082e-05	 8.35772400374767688832e-05	 1.17165339023399354143e-04	 3.85850399908824419891e-07	 4.29851442550562830372e-07	 4.29850430206788773063e-07	 4.29851365114909842300e-07	 
 -5.99999999999999977796e-01	 1.77632141206989170647e-07	 1.74395274351834281118e-07	 1.77100220930805030122e-07	 1.19741855927088351741e-04	 1.19964419306957636698e-04	 1.15738192134317986032e-04	 1.31603521626234658531e-04	 7.58357774773602645374e-05	 8.55560158094454466671e-05	 1.19710036557710272956e-04	 3.94475208237952734401e-07	 4.39621444910207270651e-07	 4.39620407431448522812e-07	 4.39621365669204087729e-07	 
 -5.79999999999999849010e-01	 1.81626882359375550065e-07	 1.78316051391330114769e-07	 1.81078734608289687616e-07	 1.22300766623391766585e-04	 1.22527192496753225409e-04	 1.18226480868339196124e-04	 1.34517303274158701995e-04	 7.76025659930416666704e-05	 8.75575750208308661209e-05	 1.22268774807044643344e-04	 4.03156383182684863253e-07	 4.49459777194842288399e-07	 4.49458714260038105274e-07	 4.49459696213714788610e-07	 
 -5.60000000000000053291e-01	 1.85646212519645073121e-07	 1.82261014315514628934e-07	 1.85082132795899836321e-07	 1.24870827786183392254e-04	 1.25101115058019664739e-04	 1.20725800829157701348e-04	 1.37446153284821764211e-04	 7.93896746485380253944e-05	 8.95808010953713331663e-05	 1.24838690809009740480e-04	 4.11884307837678433932e-07	 4.59355542379046536098e-07	 4.59354453627375705233e-07	 4.59355459543568250157e-07	 
 -5.40000000000000035527e-01	 1.89685397754255977657e-07	 1.86225542596435069144e-07	 1.89105726023662247288e-07	 1.27449011566844588048e-04	 1.27683106062885650886e-04	 1.23233122151022333373e-04	 1.40386351398397868232e-04	 8.11962588487813034842e-05	 9.16244657979408159499e-05	 1.27416749904557194276e-04	 4.20648533735516689191e-07	 4.69296868497412601809e-07	 4.69295753487862178201e-07	 4.69296783401457701290e-07	 
 -5.20000000000000017764e-01	 1.93739242098259755606e-07	 1.90204568127820735431e-07	 1.93144363459314036942e-07	 1.30032055635689636252e-04	 1.30269839157242007946e-04	 1.25745168325115208672e-04	 1.43333824273849308115e-04	 8.30213911100157966492e-05	 9.36872102274446911596e-05	 1.29999681014347046948e-04	 4.29437660586573328108e-07	 4.79270750301990642059e-07	 4.79269608493254479885e-07	 4.79270662178482754734e-07	 
 -5.00000000000000000000e-01	 1.97802120272081724861e-07	 1.94192689577661521903e-07	 1.97192656855076299813e-07	 1.32616488852509096987e-04	 1.32857802995055355707e-04	 1.28258454900334595544e-04	 1.46284305097597519801e-04	 8.48640747958867482786e-05	 9.57675632813472313149e-05	 1.32583999883033630063e-04	 4.38239631913582972880e-07	 4.89263349709932777235e-07	 4.89262180614060077175e-07	 4.89263257795678753426e-07	 
 -4.79999999999999926725e-01	 2.01867907527476372474e-07	 1.98184073995128925409e-07	 2.01244838070341660279e-07	 1.35198600601706581418e-04	 1.35443254850732813094e-04	 1.30769250711886887185e-04	 1.49233229913331536280e-04	 8.67232292624457143425e-05	 9.78639178463284223038e-05	 1.35165978843895394530e-04	 4.47041512513136996791e-07	 4.99259744474288061582e-07	 4.99258547740847317313e-07	 4.99259648197479463762e-07	 
 -4.59999999999999964473e-01	 2.05929910579092877338e-07	 2.02172368981011884324e-07	 2.05294638771565855357e-07	 1.37774412299213527616e-04	 1.38022180129828141463e-04	 1.33273542947723533597e-04	 1.52175650567424339482e-04	 8.85976716069227231446e-05	 9.99745032056562499961e-05	 1.37741618613960385264e-04	 4.55829296076140598951e-07	 5.09243706249521582187e-07	 5.09242481698793154610e-07	 5.09243605285955385124e-07	 
 -4.40000000000000002220e-01	 2.09981137863920825510e-07	 2.06150854885728963157e-07	 2.09335353318834290322e-07	 1.40339735912001922508e-04	 1.40590408222300940937e-04	 1.35767181826639210876e-04	 1.55106283889994102029e-04	 9.04860875157607928926e-05	 1.02097400102899848735e-04	 1.40306690883887000667e-04	 4.64588255440838591255e-07	 5.19198076055990200508e-07	 5.19196823697984854388e-07	 5.19197970298872596091e-07	 
 -4.19999999999999984457e-01	 2.14014122261201474645e-07	 2.10112321770966287117e-07	 2.13359754240479145839e-07	 1.42890126243335998171e-04	 1.43143541692926471202e-04	 1.38245796070914973332e-04	 1.58019448027714746801e-04	 9.23870275190207348483e-05	 1.04230511510330643276e-04	 1.42856695978661518481e-04	 4.73302683828365586468e-07	 5.29104460573634348084e-07	 5.29103180639546126485e-07	 5.29104350148883242550e-07	 
 -3.99999999999999911182e-01	 2.18020771781747307500e-07	 2.14048961791461210630e-07	 2.17360013584131658153e-07	 1.45420838129171344595e-04	 1.45676895916584537693e-04	 1.40704721977569647672e-04	 1.60909004279867977978e-04	 9.42988927939533743338e-05	 1.06371528121785265055e-04	 1.45386824053795124393e-04	 4.81955672450727757016e-07	 5.38942967358918296672e-07	 5.38941660343748065892e-07	 5.38942852677053290104e-07	 
 -3.80000000000000004441e-01	 2.21992762609138481413e-07	 2.17952568053753201355e-07	 2.21327840929560568670e-07	 1.47927002780612283292e-04	 1.48185592308876430169e-04	 1.43139108397989666972e-04	 1.63768584672899675681e-04	 9.62199424880996712853e-05	 1.08517917638563230918e-04	 1.47892120352045359404e-04	 4.90529535329047729215e-07	 5.48692726683246964578e-07	 5.48691393094826234242e-07	 5.48692608140188514819e-07	 
 -3.59999999999999931166e-01	 2.25921305583010656505e-07	 2.21814381618005358928e-07	 2.25254353645495853638e-07	 1.50403528819114654016e-04	 1.50664495420633614154e-04	 1.45543848062578616521e-04	 1.66591447082172909892e-04	 9.81482664342711938347e-05	 1.10666895320586197607e-04	 1.50367388535196141574e-04	 4.99005502801313134697e-07	 5.58331502473566426016e-07	 5.58330142704642880306e-07	 5.58331380299171534622e-07	 
 -3.39999999999999968914e-01	 2.29796953601193060513e-07	 2.25624959177328194318e-07	 2.29129961551215112919e-07	 1.52845018161489244095e-04	 1.53108155989956491684e-04	 1.47913516044382198529e-04	 1.69370354520453642727e-04	 1.00081749202573345265e-04	 1.12815384403896595529e-04	 1.52807108455339085967e-04	 5.07363457369417119646e-07	 5.67835357629801845411e-07	 5.67833971921781780117e-07	 5.67835231846469769276e-07	 
 -3.20000000000000006661e-01	 2.33610015439725600738e-07	 2.29374563350991107775e-07	 2.32944799645968486046e-07	 1.55245972477912821822e-04	 1.55511027815303197594e-04	 1.50242631679795170642e-04	 1.72097837127169981395e-04	 1.02018089656281040964e-04	 1.14960075305277405352e-04	 1.55205750753524156010e-04	 5.15582834778659043403e-07	 5.77179641838887883889e-07	 5.77178230269692612687e-07	 5.77179512373633076202e-07	 
 -2.99999999999999933387e-01	 2.37350310956124971520e-07	 2.33052920230906068502e-07	 2.36688463867011165878e-07	 1.57600682179439085953e-04	 1.57867351120508737699e-04	 1.52525523130047832836e-04	 1.74766028844101613607e-04	 1.03954757440206937914e-04	 1.17097354227538056281e-04	 1.57557618549721733170e-04	 5.23642105145283523036e-07	 5.86338386616156981370e-07	 5.86336949070812157824e-07	 5.86338253342855389251e-07	 
 -2.80000000000000026645e-01	 2.41006966860948233963e-07	 2.36649017096464452239e-07	 2.40349792460232008180e-07	 1.59903128319892502956e-04	 1.60171050409047590864e-04	 1.54756210354479854276e-04	 1.77366529538590774395e-04	 1.05888940288283880356e-04	 1.19223228781022752001e-04	 1.59856713458141763565e-04	 5.31518339839219221311e-07	 5.95283799903469095608e-07	 5.95282336031210329447e-07	 5.95283662632590214967e-07	 
 -2.59999999999999953371e-01	 2.44568888665655679739e-07	 2.40151608068424379750e-07	 2.43917524989971022299e-07	 1.62147031837480207206e-04	 1.62416012447479324657e-04	 1.56928560143027257066e-04	 1.79890648464698266629e-04	 1.07817576048349227005e-04	 1.21333421480913726921e-04	 1.62096938040183128184e-04	 5.39188343621147177558e-07	 6.03987559349174757649e-07	 6.03986068753408517473e-07	 6.03987418017722312977e-07	 
 -2.39999999999999907851e-01	 2.48024487967291288080e-07	 2.43548917461101994928e-07	 2.47379939123099694654e-07	 1.64325809082412554411e-04	 1.64595945634442568806e-04	 1.59036198710432995782e-04	 1.82329244367952422994e-04	 1.09737289532382725266e-04	 1.23423268825182953475e-04	 1.64271989749373726469e-04	 5.46628037007517038349e-07	 6.12420067882291652094e-07	 6.12418550206649154138e-07	 6.12419922659863344652e-07	 
 -2.19999999999999945599e-01	 2.51361449193300817351e-07	 2.46828390407178985157e-07	 2.50724551398317457802e-07	 1.66432518474814806824e-04	 1.66704251744045472278e-04	 1.61072423612223998872e-04	 1.84672584671957343153e-04	 1.11644320024798548757e-04	 1.25487621953657520939e-04	 1.66375258403914956648e-04	 5.53811929046155212529e-07	 6.20549824919603796836e-07	 6.20548279856493602513e-07	 6.20549676251365097714e-07	 
 -1.99999999999999983347e-01	 2.54566874095589757825e-07	 2.49977356841616075592e-07	 2.53938169313624098029e-07	 1.68460397373962724506e-04	 1.68734170010787323021e-04	 1.63030380966651633435e-04	 1.86911096200323396206e-04	 1.13534625119615469242e-04	 1.27521027407538248928e-04	 1.68400116351269250100e-04	 5.60714647843464257049e-07	 6.28345104869443651748e-07	 6.28343532253224233057e-07	 6.28344953296899547750e-07	 
 -1.79999999999999993339e-01	 2.57627145360550457617e-07	 2.52982665745126319399e-07	 2.57006785638386637393e-07	 1.70402604870745720805e-04	 1.70678697685323584651e-04	 1.64902968271900295712e-04	 1.89034985408296064922e-04	 1.15403770983315621230e-04	 1.29517572864258444622e-04	 1.70339776920419799875e-04	 5.67310161867012301281e-07	 6.35773048590246942062e-07	 6.35771448456913281735e-07	 6.35772894673800572081e-07	 
 -1.59999999999999920064e-01	 2.60527785639758879303e-07	 2.55830371240802418547e-07	 2.59915462635983270125e-07	 1.72251995448037802799e-04	 1.72530498217659405708e-04	 1.66682730054066951088e-04	 1.91033918904224804883e-04	 1.17246821978263254674e-04	 1.31470747247790296745e-04	 1.72187153624278632170e-04	 5.73571094364860465963e-07	 6.42798875374429810012e-07	 6.42797247994837951229e-07	 6.42798719691403054908e-07	 
 -1.39999999999999902300e-01	 2.63254160426405630964e-07	 2.58506784444756126447e-07	 2.62649978558080639721e-07	 1.74001382509759126849e-04	 1.74282324222001049454e-04	 1.68362182190748082243e-04	 1.92897879033698241204e-04	 1.19058452448410847136e-04	 1.33373765620134942991e-04	 1.73934926180523678372e-04	 5.79462509787645532812e-07	 6.49388504889254038817e-07	 6.49386850523114871118e-07	 6.49388347577632483226e-07	 
 -1.20000000000000009437e-01	 2.65791087617617169258e-07	 2.60997945971429295669e-07	 2.65196018154138688493e-07	 1.75643414139118654192e-04	 1.75926817315848269940e-04	 1.69933651678193681786e-04	 1.94616753483681448810e-04	 1.20832815021554705495e-04	 1.35219337846045580594e-04	 1.75575502519816040951e-04	 5.84944487682472994058e-07	 6.55507259595779239471e-07	 6.55505578372445811210e-07	 6.55507100092912989607e-07	 
 -1.00000000000000005551e-01	 2.68122490177409384241e-07	 2.63289165796620099581e-07	 2.67538506533930347406e-07	 1.77170429999551305375e-04	 1.77456309488735654170e-04	 1.71389110582302167099e-04	 1.96179965527710348499e-04	 1.22563410409837013739e-04	 1.36999473771655161294e-04	 1.77100944018644825646e-04	 5.89973974430194055602e-07	 6.61118715670072654313e-07	 6.61117007564520647612e-07	 6.61118552603958176883e-07	 
 -8.00000000000000155431e-02	 2.70235023352709404430e-07	 2.65366304631357540052e-07	 2.69663213357949455561e-07	 1.78574810594514418434e-04	 1.78863121951579475506e-04	 1.72721071826101681742e-04	 1.97577291249618358258e-04	 1.24243634878742252939e-04	 1.38706188482325419630e-04	 1.78503630827323451222e-04	 5.94517474320117839596e-07	 6.66187832543220740234e-07	 6.66186097336411564218e-07	 6.66187664164844160529e-07	 
 -5.99999999999999630851e-02	 2.72116394533883410264e-07	 2.67215167404086144503e-07	 2.71555998937695931934e-07	 1.79848822765139523556e-04	 1.80139432613984895853e-04	 1.73922183500617579888e-04	 1.98798489501141229961e-04	 1.25866446617047249984e-04	 1.40331096164176416389e-04	 1.79775958284278988396e-04	 5.98545051896385762217e-07	 6.70679491063152262708e-07	 6.70677728304473600922e-07	 6.70679315417524374895e-07	 
 -3.99999999999999383826e-02	 2.73753963279110381443e-07	 2.68820938612083063102e-07	 2.73202135297073195402e-07	 1.80984433298378568711e-04	 1.81277107380612274813e-04	 1.74984846990031866262e-04	 1.99832923141385701300e-04	 1.27424095924869723584e-04	 1.41865093968929098468e-04	 1.80910038900282735524e-04	 6.02025651807311441396e-07	 6.74557100249786722589e-07	 6.74555309224493539415e-07	 6.74556915157332193552e-07	 
 -2.00000000000000281719e-02	 2.75135503995188386532e-07	 2.70169848750604990456e-07	 2.74588231885160032017e-07	 1.81974362021246479585e-04	 1.82268747347936706845e-04	 1.75901562361549182326e-04	 2.00670943711851084215e-04	 1.28908625453625204447e-04	 1.43299051878890206261e-04	 1.81898526665518270318e-04	 6.04930584033952156316e-07	 6.77786740357911511481e-07	 6.77784920870148296053e-07	 6.77786544148770636640e-07	 
 -4.82163733276643543166e-17	 2.76248940294649484869e-07	 2.71248428676450741054e-07	 2.75701380486951026104e-07	 1.82811620434383619548e-04	 1.83107227672060952905e-04	 1.76664803645286996826e-04	 2.01303288629792247145e-04	 1.30311547876085841256e-04	 1.44623410474555388243e-04	 1.82734263887294546072e-04	 6.07232017148233706840e-07	 6.80335332541542385602e-07	 6.80333485319776001403e-07	 6.80335124444489443019e-07	 
 2.00000000000001253164e-02	 2.77081916050126250643e-07	 2.72042765483648206843e-07	 2.76528313294627516775e-07	 1.83489051768546702209e-04	 1.83785240625775438735e-04	 1.77266810952065949868e-04	 2.01720459991451165705e-04	 1.31623589335328296853e-04	 1.45827869253760048071e-04	 1.83409903951748569709e-04	 6.08901384289262542995e-07	 6.82168772037286091441e-07	 6.82166898843699869687e-07	 6.82168552293615145044e-07	 
 4.00000000000001187939e-02	 2.77622223261641791469e-07	 2.72540206962391036104e-07	 2.77056301683798947757e-07	 1.83999967471261670912e-04	 1.84295973177512354075e-04	 1.77700272998946050057e-04	 2.01914022437764948716e-04	 1.32835543460287823850e-04	 1.46902472161086240787e-04	 1.83918570958632949033e-04	 6.09912757542971500709e-07	 6.83256176604360804094e-07	 6.83254280433116686958e-07	 6.83255946092118806622e-07	 
 6.00000000000000255351e-02	 2.77857725784218605820e-07	 2.72728650768117012529e-07	 2.77272842824504021488e-07	 1.84337918468021358344e-04	 1.84632855683022027845e-04	 1.77958063965777369634e-04	 2.01876088533104434703e-04	 1.33937783545408475904e-04	 1.47837026406662285297e-04	 1.84253615187347785653e-04	 6.10241513650458119708e-07	 6.83568142793574748311e-07	 6.83566228051910309474e-07	 6.83567902907230346762e-07	 
 7.99999999999999322764e-02	 2.77775997654802341357e-07	 2.72595717767326902429e-07	 2.77165126394885424402e-07	 1.84496352880963765440e-04	 1.84789205369091641797e-04	 1.78032886104277632538e-04	 2.01598668557368120588e-04	 1.34919893096377722583e-04	 1.48620656242222723290e-04	 1.84408264448030775147e-04	 6.09862623844820413106e-07	 6.83074661654035810153e-07	 6.83072734295051386487e-07	 6.83074414353310371679e-07	 
 9.99999999999999500400e-02	 2.77366267209595986049e-07	 2.72131392881783700726e-07	 2.76721944003347967154e-07	 1.84469339547000337571e-04	 1.84759231306306029047e-04	 1.77918392733226663057e-04	 2.01075916271420358566e-04	 1.35771904498331266340e-04	 1.49243436250832083555e-04	 1.84376740666144476070e-04	 6.08755797922138147606e-07	 6.81751508429758727007e-07	 6.81749574503269724333e-07	 6.81751255982996849354e-07	 
 1.20000000000000023315e-01	 2.76618646652051160717e-07	 2.71326922414125405987e-07	 2.75932933567791233324e-07	 1.84251328724102159985e-04	 1.84537657646840656464e-04	 1.77608743504752229075e-04	 2.00303203578983135286e-04	 1.36483632832993894259e-04	 1.49695563152679554783e-04	 1.84153826853179129839e-04	 6.06903425221411975345e-07	 6.79577618700642403162e-07	 6.79575683699080019713e-07	 6.79577363587616578043e-07	 
 1.40000000000000041078e-01	 2.75523130663377033548e-07	 2.70173527812977007461e-07	 2.74787589028885759065e-07	 1.83836736710757197395e-04	 1.84119200251487840107e-04	 1.77098037326608808394e-04	 1.99276010631081295895e-04	 1.37044178966544720130e-04	 1.49966708242813402631e-04	 1.83734302418811333438e-04	 6.04287962045248009219e-07	 6.76531920868222389925e-07	 6.76529989667060942130e-07	 6.76531665792347641631e-07	 
 1.59999999999999975575e-01	 2.74073640929244523205e-07	 2.68665004705433991468e-07	 2.73279275487044407679e-07	 1.83221012719983879311e-04	 1.83499371346837285551e-04	 1.76381872742758518628e-04	 1.97991620924059275608e-04	 1.37443774286241871463e-04	 1.50048333140695731641e-04	 1.83113479222347019706e-04	 6.00897537327522229509e-07	 6.72599815804890932108e-07	 6.72597892103008951178e-07	 6.72599563448386450095e-07	 
 1.79999999999999937828e-01	 2.72266278034424411802e-07	 2.66796721687224773495e-07	 2.71403488962451623814e-07	 1.82400264981741019096e-04	 1.82674242785085160423e-04	 1.75456727100342766042e-04	 1.96448544492640157517e-04	 1.37672828847507398376e-04	 1.49932548476737850275e-04	 1.82287098286243183076e-04	 5.96723837158250008754e-07	 6.67770712002229541587e-07	 6.67768797992372240662e-07	 6.67770464912797742355e-07	 
 2.00000000000000094369e-01	 2.70097340067128951594e-07	 2.64564181977821988409e-07	 2.69155880034317162340e-07	 1.81370655613527856104e-04	 1.81639937480630004555e-04	 1.74319144279906797484e-04	 1.94645481706373619070e-04	 1.37721212665766959546e-04	 1.49611180150861176061e-04	 1.81250926158644609740e-04	 5.91758953216524451580e-07	 6.62034399289596993492e-07	 6.62032495558493507223e-07	 6.62034159869651167316e-07	 
 2.20000000000000001110e-01	 2.67565676785383551228e-07	 2.61966286528957235804e-07	 2.66536308528679588619e-07	 1.80129714293655022626e-04	 1.80394006797144723468e-04	 1.72967164741410399723e-04	 1.92583900601015145992e-04	 1.37580710987548208079e-04	 1.49078369022238058040e-04	 1.80002608840238521913e-04	 5.86002271014986830875e-07	 6.55388883174221355283e-07	 6.55386989557892457829e-07	 6.55388652613048064393e-07	 
 2.39999999999999963363e-01	 2.64671916047972626409e-07	 2.59004075606414274757e-07	 2.63547189245806812054e-07	 1.78675880244479539727e-04	 1.78934939714989150669e-04	 1.71399820691625447274e-04	 1.90267071353143242150e-04	 1.37243776844130500577e-04	 1.48329310247353953096e-04	 1.78540930485092765902e-04	 5.79457883729193113665e-07	 6.47837437669461201524e-07	 6.47835553578248718302e-07	 6.47837215413174696161e-07	 
 2.59999999999999953371e-01	 2.61416909441246122229e-07	 2.55678803348724492837e-07	 2.60191217016808174414e-07	 1.77007713411150570089e-04	 1.77261348244729801749e-04	 1.69616266198869571329e-04	 1.87698499597410239752e-04	 1.36702547007316117973e-04	 1.47359121722388417778e-04	 1.76864812556501975081e-04	 5.72130439480660154680e-07	 6.39383879324830505527e-07	 6.39382003722346850407e-07	 6.39383662999956270178e-07	 
 2.80000000000000082157e-01	 2.57800313827836232086e-07	 2.51995391081170892546e-07	 2.56472287575463335813e-07	 1.75125438935620260112e-04	 1.75373360545218941013e-04	 1.67616526529374044877e-04	 1.84884216038126800857e-04	 1.35952403806390372974e-04	 1.46166067599483041331e-04	 1.74975408911312888894e-04	 5.64031749704533306167e-07	 6.30041210225809551453e-07	 6.30039341688899718491e-07	 6.30040996575868857544e-07	 
 2.99999999999999988898e-01	 2.53821902092723105118e-07	 2.47961166378131600604e-07	 2.52395617420401979160e-07	 1.73030412541704317880e-04	 1.73272167209663843519e-04	 1.65401397735753943148e-04	 1.81832050992146231983e-04	 1.34990167975098057738e-04	 1.44750002046580293668e-04	 1.72875291336010126781e-04	 5.55178572901209578619e-07	 6.19828488626644589494e-07	 6.19826625348498575495e-07	 6.19828273868989676671e-07	 
 3.20000000000000006661e-01	 2.49481418460135656733e-07	 2.43583566285942632913e-07	 2.47966483762029396057e-07	 1.70724119883029556511e-04	 1.70959081525905669642e-04	 1.62971734424057222755e-04	 1.78549958113954535628e-04	 1.33812592614476099295e-04	 1.43110845745093238609e-04	 1.70567206056563300341e-04	 5.45587963534873644917e-07	 6.08765042664056816076e-07	 6.08763182436304191124e-07	 6.08764822473120921552e-07	 
 3.39999999999999968914e-01	 2.44789016640252340185e-07	 2.38873891794405678937e-07	 2.43196857071072140322e-07	 1.68210078591848758225e-04	 1.68438260997398473514e-04	 1.60331337087625438575e-04	 1.75048766039665208358e-04	 1.32419317875020272094e-04	 1.41251172862670771766e-04	 1.68054964385401181277e-04	 5.35285914271153800446e-07	 5.96879512870880377488e-07	 5.96877654227195725052e-07	 5.96879283993934269907e-07	 
 3.59999999999999931166e-01	 2.39760098525164300851e-07	 2.33845994802471013489e-07	 2.38102470556164037908e-07	 1.65493159092935639360e-04	 1.65715582888409504111e-04	 1.57485730751507387992e-04	 1.71341293461749135003e-04	 1.30811400345155618482e-04	 1.39175036069055519782e-04	 1.65343339130621160568e-04	 5.24304265347758498071e-07	 5.84206790583686397756e-07	 5.84204933296543009798e-07	 5.84206551549610771745e-07	 
 3.80000000000000059952e-01	 2.34409872079832198356e-07	 2.28513511706465768592e-07	 2.32698845498012735086e-07	 1.62578282845672882377e-04	 1.62796995471784882977e-04	 1.54440420669052752133e-04	 1.67440229125740769681e-04	 1.28989863487372053265e-04	 1.36886495126999286264e-04	 1.62437159085256148080e-04	 5.12674473363080273120e-07	 5.70781208537816179157e-07	 5.70779353609896506769e-07	 5.70780959652568440869e-07	 
 4.00000000000000077716e-01	 2.28759425971630829078e-07	 2.22894022653656368646e-07	 2.27007249799088969084e-07	 1.59472785560779722501e-04	 1.59689914001812842490e-04	 1.51203311462708335370e-04	 1.63361131953521538122e-04	 1.26959236409894565172e-04	 1.34392686410361923179e-04	 1.59343362265312686859e-04	 5.00436709131443604708e-07	 5.56646803389815515744e-07	 5.56644953800934351160e-07	 5.56646546646732381875e-07	 
 4.19999999999999984457e-01	 2.22833277865908487416e-07	 2.17007647597922036482e-07	 2.21052338963799530975e-07	 1.56185541100591480891e-04	 1.56402908217700736988e-04	 1.47783821103318710900e-04	 1.59121526905615110143e-04	 1.24725788755137819222e-04	 1.31702430675384630923e-04	 1.56070291599189661094e-04	 4.87636829617308164924e-07	 5.41853908099388344401e-07	 5.41852069158328072668e-07	 5.41853647186128124226e-07	 
 4.39999999999999946709e-01	 2.16655106396384463983e-07	 2.10873719275525470397e-07	 2.14857918731840699260e-07	 1.52725274300786849476e-04	 1.52944405743435504416e-04	 1.44191095755423530833e-04	 1.54738399317666275876e-04	 1.22295633259177403225e-04	 1.28824343584901075069e-04	 1.52626151967552906551e-04	 4.74319093903421856496e-07	 5.26450866160918072516e-07	 5.26449045455328896129e-07	 5.26450606428241574554e-07	 
 4.60000000000000131006e-01	 2.10247922319763724908e-07	 2.04514821109569734722e-07	 2.08446729239898851757e-07	 1.49102702968356535954e-04	 1.49324983892876672013e-04	 1.40436089311387002831e-04	 1.50230296626502064349e-04	 1.19677899113035678168e-04	 1.25769509338943683485e-04	 1.49021667618928370163e-04	 4.60535629453651040061e-07	 5.10493909512129942941e-07	 5.10492115357807161238e-07	 5.10493656386192590104e-07	 
 4.80000000000000037748e-01	 2.03635286200690945870e-07	 1.97955633200167379780e-07	 2.01841917724334380096e-07	 1.45329868792187962001e-04	 1.45556608664488195889e-04	 1.36530956074338048279e-04	 1.45617103151123695277e-04	 1.16883228037183739306e-04	 1.22550391919566025378e-04	 1.45269104868967928240e-04	 4.46343601143399235147e-07	 4.94044423350264692964e-07	 4.94042664186253357735e-07	 4.94044181705528914947e-07	 
 5.00000000000000000000e-01	 1.96839278628123511544e-07	 1.91219263295627218309e-07	 1.95065187856027322198e-07	 1.41418331465528832481e-04	 1.41650772972232174857e-04	 1.32487188359240159194e-04	 1.40917683803851927042e-04	 1.13921776200796870003e-04	 1.19178870225843835289e-04	 1.41380258371635560621e-04	 4.31796895494247379029e-07	 4.77159852019958119490e-07	 4.77158136410120363567e-07	 4.77159626212410596831e-07	 
 5.20000000000000128786e-01	 1.89883435208708464954e-07	 1.84332164444936294222e-07	 1.88140334741074058680e-07	 1.37381609236360502585e-04	 1.37620828562562690393e-04	 1.28318989322851004665e-04	 1.36151128355675553197e-04	 1.10807277612181477740e-04	 1.15668830417567383381e-04	 1.37367715734339798216e-04	 4.16954691478987080916e-07	 4.59906027800441457600e-07	 4.59904362013214855106e-07	 4.59905820163593056085e-07	 
 5.40000000000000035527e-01	 1.82792434709998871082e-07	 1.77322674459823602245e-07	 1.81092568739339524297e-07	 1.33234429710906647059e-04	 1.33481301274773620424e-04	 1.24041998007669019817e-04	 1.31337201242152126464e-04	 1.07555101831107629076e-04	 1.12035225765781714302e-04	 1.33244808035788616382e-04	 4.01879695233090551264e-07	 4.42353514230764043778e-07	 4.42351901285255551303e-07	 4.42353324482857141497e-07	 
 5.60000000000000053291e-01	 1.75588660541088784939e-07	 1.70216563361022460006e-07	 1.73944777274811367975e-07	 1.28990583737063511591e-04	 1.29245801178497812236e-04	 1.19670624191166823222e-04	 1.26494211466680509621e-04	 1.04179605162432433385e-04	 1.08291921727736423610e-04	 1.29023999713297280725e-04	 3.86629450028855955976e-07	 4.24566446713133682563e-07	 4.24564886585559620800e-07	 4.24566272129235865508e-07	 
 5.79999999999999849010e-01	 1.68303111900849397966e-07	 1.63041929627444147878e-07	 1.66721265348751373034e-07	 1.24665044896188532703e-04	 1.24929026176983374230e-04	 1.15221274068856246488e-04	 1.21639433282648074040e-04	 1.00697216995527844170e-04	 1.04455083456162447120e-04	 1.24720003538047633862e-04	 3.71267639903842256256e-07	 4.06614252038368347434e-07	 4.06612742681591802070e-07	 4.06614087634651044617e-07	 
 5.99999999999999977796e-01	 1.60970380048802855586e-07	 1.55828055258022248428e-07	 1.59447197462132690719e-07	 1.20273546945529684446e-04	 1.20546403213251491441e-04	 1.10711326860547028695e-04	 1.16790215091314996429e-04	 9.71252424718735011882e-05	 1.00541883607446758120e-04	 1.20348704159429340421e-04	 3.55861249304973407992e-07	 3.88569125673263231854e-07	 3.88567663410130425646e-07	 3.88568964277242981250e-07	 
 6.20000000000000106581e-01	 1.53621053481449268875e-07	 1.48600598599732380041e-07	 1.52144468951463552630e-07	 1.15830383415124459089e-04	 1.16111952416543404631e-04	 1.06156275580010910097e-04	 1.11962149725766137685e-04	 9.34793800573336172840e-05	 9.65677685223335257247e-05	 1.15924547299510246755e-04	 3.40469910060166518925e-07	 3.70494256443110209502e-07	 3.70492836091041690225e-07	 3.70494088861931552418e-07	 
 6.39999999999999902300e-01	 1.46282752956804301883e-07	 1.41387564330082944504e-07	 1.44842359215140571246e-07	 1.11351666981568999662e-04	 1.11641531605381199720e-04	 1.01574019194190264112e-04	 1.07168397609056750873e-04	 8.97767569165128139766e-05	 9.25507138870670822799e-05	 1.11463747845022074080e-04	 3.25157567956321528739e-07	 3.52459084323988070838e-07	 3.52457702673487909920e-07	 3.52458904225452286893e-07	 
 6.60000000000000031086e-01	 1.38981999597071343787e-07	 1.34217833427027604752e-07	 1.37572879213512913473e-07	 1.06854346231075023380e-04	 1.07151847944096100819e-04	 9.69833703696624052377e-05	 1.02421610423937621179e-04	 8.60349455296117429561e-05	 8.85095836328264368338e-05	 1.06983335930808739372e-04	 3.09990263594490166249e-07	 3.34535396071840680576e-07	 3.34534053137913643160e-07	 3.34535201741049999896e-07	 
 6.80000000000000159872e-01	 1.31740863879181150617e-07	 1.27115531993087107257e-07	 1.30362980765875088585e-07	 1.02353305558756425570e-04	 1.02657579496090331462e-04	 9.24004644226783435762e-05	 9.77326078397632692181e-05	 8.22693075287595323216e-05	 8.44607563348667397026e-05	 1.02498288094791858288e-04	 2.95024677387864039009e-07	 3.16783093720386227061e-07	 3.16781792378048112800e-07	 3.16782887534016102665e-07	 
 6.99999999999999955591e-01	 1.24588156784062731659e-07	 1.20106256799030166554e-07	 1.23241807674524603283e-07	 9.78642783050036731097e-05	 9.81743611777128721146e-05	 8.78432919409934532921e-05	 9.31100163019396375548e-05	 7.84965295588610110708e-05	 8.04214542008609172734e-05	 9.80246152081049000127e-05	 2.80313652127024726349e-07	 2.99265868352383227839e-07	 2.99264612912000158007e-07	 2.99265653966125263212e-07	 
 7.20000000000000084377e-01	 1.17554858991938775058e-07	 1.13215897465274241427e-07	 1.16238959055436304258e-07	 9.34033160768723170076e-05	 9.37181899740305925399e-05	 8.33303435779144405574e-05	 8.85620359055384133483e-05	 7.47335372575848061894e-05	 7.64089888193088137775e-05	 9.35787132670280052829e-05	 2.65908997642992019043e-07	 2.82048187209259332949e-07	 2.82046982856283842589e-07	 2.82047968486134021348e-07	 
 7.39999999999999991118e-01	 1.10665654732451222438e-07	 1.06464614077585911923e-07	 1.09377864457091216643e-07	 8.89838750978059713674e-05	 8.93024899382766822404e-05	 7.88766752635345231312e-05	 8.40949893268088825632e-05	 7.09944389932618452653e-05	 7.24376249295006151936e-05	 8.91743753899367158980e-05	 2.51852751668727001598e-07	 2.65180174813333839474e-07	 2.65179027498689337844e-07	 2.65179955777595189761e-07	 
 7.60000000000000008882e-01	 1.03939802233633656172e-07	 9.98731307813808450496e-08	 1.02679756641726949432e-07	 8.46198229575532295550e-05	 8.49413285159359430273e-05	 7.44983202218041688173e-05	 7.97147033758751114539e-05	 6.72945288597475766747e-05	 6.85223154644566732983e-05	 8.48255859274931308051e-05	 2.38182405122451074817e-07	 2.48713399645944258253e-07	 2.48712313430630208136e-07	 2.48713184679026097103e-07	 
 7.80000000000000137668e-01	 9.73943764938901737151e-08	 9.34620143165612573241e-08	 9.61647397717494735368e-08	 8.03250899288145722536e-05	 8.06489159686887596874e-05	 7.02113682244947959286e-05	 7.54271437733853222438e-05	 6.36491657853437999264e-05	 6.46779521148823689520e-05	 8.05463203800229238542e-05	 2.24934499618822661721e-07	 2.32699046665518094120e-07	 2.32698022868384937892e-07	 2.32698840583071950800e-07	 
 7.99999999999999933387e-01	 9.10407213475782839356e-08	 8.72454393537994440113e-08	 8.98466612015925426898e-08	 7.61105880188783415598e-05	 7.64364317212516686251e-05	 6.60279228529620952279e-05	 7.12360994862357849167e-05	 6.00703459698731715550e-05	 6.09159088039894425692e-05	 7.63475720409895073021e-05	 2.12136078748618127572e-07	 2.17172291944193850850e-07	 2.17171329592366967987e-07	 2.17172099927562165377e-07	 
 8.20000000000000062172e-01	 8.48937567710616165921e-08	 8.12385756608918824714e-08	 8.37395041973601538614e-08	 7.19876155857630286011e-05	 7.23153781724184305897e-05	 6.19607827718143095667e-05	 6.71470586216357025753e-05	 5.65695670923444104560e-05	 5.72475639325717851032e-05	 7.22401636608592648053e-05	 1.99814784309976025109e-07	 2.02170771162054747853e-07	 2.02169868764101447660e-07	 2.02170597740974772217e-07	 
 8.39999999999999857891e-01	 7.89693633992676446815e-08	 7.54565889122799213131e-08	 7.78570506801435309534e-08	 6.79674954245936918619e-05	 6.82972609079207973980e-05	 5.80226964368692619731e-05	 6.31662528983229680860e-05	 5.31578133685548537301e-05	 5.36840042111370573390e-05	 6.82347824815526945389e-05	 1.87999567070741895741e-07	 1.87732095271618958795e-07	 1.87731251469189005585e-07	 1.87731944041028276002e-07	 
 8.60000000000000097700e-01	 7.32765228537731075070e-08	 6.99077256952608175294e-08	 7.22064750364442616308e-08	 6.40582051859362778829e-05	 6.43902502565124785789e-05	 5.42220781866966565574e-05	 5.92970288916677904368e-05	 4.98425854127323094442e-05	 5.02325815073849653671e-05	 6.43389161664139258351e-05	 1.76709744476079814447e-07	 1.73876549939386293817e-07	 1.73875763516407270121e-07	 1.73876423760918562335e-07	 
 8.80000000000000115463e-01	 6.78215747985397551132e-08	 6.46012962909726908362e-08	 6.67974428137559752547e-08	 6.02678862692482478886e-05	 6.06015965351042298946e-05	 5.05686863938832538738e-05	 5.55425359330043871570e-05	 4.66324434923058033669e-05	 4.69017174808981362490e-05	 6.05600907060272665590e-05	 1.65949674566610417044e-07	 1.60627388020057982620e-07	 1.60626657908746232025e-07	 1.60627289003610334775e-07	 
 8.99999999999999911182e-01	 6.26099527027580775342e-08	 5.95467696004950607677e-08	 6.16402622969147724487e-08	 5.66046873545314352351e-05	 5.69382417721997025149e-05	 4.70725332282789069613e-05	 5.19059086453896144234e-05	 4.35360178110179172001e-05	 4.36999626839020598938e-05	 5.69058345301885838198e-05	 1.55721229241019551248e-07	 1.48008334597340344715e-07	 1.48007659874566485838e-07	 1.48008264187036484108e-07	 
 9.20000000000000039968e-01	 5.76408364257328019547e-08	 5.47464554662037003436e-08	 5.67379756875549638904e-08	 5.30732670499842225788e-05	 5.34038714851847677438e-05	 4.37390136318873423986e-05	 4.83871128660599050244e-05	 4.05581272704120778449e-05	 4.06318336020318959193e-05	 5.33803367216913559451e-05	 1.46020849010020044979e-07	 1.36025099563306414350e-07	 1.36024479471012699451e-07	 1.36025058749740229017e-07	 
 9.39999999999999835687e-01	 5.29209005293149410212e-08	 5.02029566083207080649e-08	 5.20935358860104558912e-08	 4.96781025176172262863e-05	 5.00030069372750838414e-05	 4.05727674074977273265e-05	 4.49881874451751485465e-05	 3.77037429573057452509e-05	 3.77010870441128542003e-05	 4.99877714481444749965e-05	 1.36879539048805258315e-07	 1.24684343836384505780e-07	 1.24683776672749368458e-07	 1.24684332273826581047e-07	 
 9.60000000000000075495e-01	 4.84590509825180443826e-08	 4.59191359601103923165e-08	 4.77100226666001879336e-08	 4.64237304379883664062e-05	 4.67405477422313557685e-05	 3.75783545352806618196e-05	 4.17117177466328332936e-05	 3.49777619672525730754e-05	 3.49112520672125939284e-05	 4.67324299339682205511e-05	 1.28341145613989534283e-07	 1.13993401777852966463e-07	 1.13992884617143318208e-07	 1.13993417640157561888e-07	 
 9.80000000000000093259e-01	 4.42559112979970872498e-08	 4.18910404785542001590e-08	 4.35837007080150200706e-08	 4.33112870270370656374e-05	 4.36179283500550386506e-05	 3.47563021612563402443e-05	 3.85562876444503336605e-05	 3.23813515285460660760e-05	 3.22622010394093533384e-05	 4.36152716847308734001e-05	 1.20435965414054360578e-07	 1.03942393390564762629e-07	 1.03941922448356231184e-07	 1.03942433843527264157e-07	 
 9.99999999999999888978e-01	 4.03113173280852696383e-08	 3.81154503734897800155e-08	 3.97083115811630070115e-08	 4.03407284720721847964e-05	 4.06368401550056399158e-05	 3.21055598223890734382e-05	 3.55236905191198416962e-05	 2.99153902967353917477e-05	 2.97538586493306377056e-05	 4.06377967746304020417e-05	 1.13130849901280077708e-07	 9.45233842981208645345e-08	 9.45229558947093491000e-08	 9.45234452544995640074e-08	 
 1.02000000000000001776e+00	 3.66251672294856328916e-08	 3.45900005885101743246e-08	 3.60776767203725138838e-08	 3.75120491519006444615e-05	 3.77993356985751273653e-05	 2.96253302254024378291e-05	 3.26163144638859348566e-05	 2.75808341158183198416e-05	 2.73864788689012331787e-05	 3.78019553963890425608e-05	 1.06380336530189531467e-07	 8.57305628866525174990e-08	 8.57301737374210799847e-08	 8.57306390519211237662e-08	 
 1.04000000000000003553e+00	 3.31903340242668143317e-08	 3.13060262009928691520e-08	 3.26803139868670449705e-08	 3.48223058101876855610e-05	 3.51041170718681245729e-05	 2.73118515195631364912e-05	 2.98314646681964031299e-05	 2.53752717572850442678e-05	 2.51569392334406400703e-05	 3.51063612460362641063e-05	 1.00147640399388841601e-07	 7.75421833233211274968e-08	 7.75418305139730270795e-08	 7.75422686446402477058e-08	 
 1.06000000000000005329e+00	 3.00014083453452747779e-08	 2.82566315743531736545e-08	 2.95167602356644630619e-08	 3.22708683284737615619e-05	 3.25489219224761797806e-05	 2.51594446779285067263e-05	 2.71739305791519603062e-05	 2.32972285020130406602e-05	 2.30621308414253920025e-05	 3.25500210061296547264e-05	 9.43929649217954686366e-08	 6.99410101442790135802e-08	 6.99406911520683757676e-08	 6.99410988404521122579e-08	 
 1.08000000000000007105e+00	 2.70544331239990897215e-08	 2.54364771882895446857e-08	 2.65913829091490023576e-08	 2.98582628708574169922e-05	 3.01318086868911943110e-05	 2.31632244333023615463e-05	 2.46497864550868424512e-05	 2.13459011703605089274e-05	 2.10995483728810081679e-05	 3.01325526242781107885e-05	 8.90852777825050432131e-08	 6.29136837574391803724e-08	 6.29133964109218707041e-08	 6.29137705581201629744e-08	 
 1.09999999999999986677e+00	 2.43390399769372052313e-08	 2.28343236897858316612e-08	 2.38996477584432293628e-08	 2.75815843029085770190e-05	 2.78480567253184715362e-05	 2.13165998877726629043e-05	 2.22577787656609843837e-05	 1.95171963337439026876e-05	 1.92637083502392282639e-05	 2.78504189021788640804e-05	 8.42021351859387686236e-08	 5.64319175744736882604e-08	 5.64316600339848770870e-08	 5.64319976341725694148e-08	 
 1.11999999999999988454e+00	 2.18447417996758197915e-08	 2.04409970111686223130e-08	 2.14309106880118250255e-08	 2.54376241384039240520e-05	 2.56948558608828139620e-05	 1.96096841550563156891e-05	 2.00036216770581513186e-05	 1.78077893923282282835e-05	 1.75500210868325632338e-05	 2.57004933690478097358e-05	 7.96762197985806826262e-08	 5.04729297661069416145e-08	 5.04727004364728501059e-08	 5.04730006488126640517e-08	 
 1.14000000000000012434e+00	 1.95627129619716641002e-08	 1.82493031642908388055e-08	 1.91744068463048667377e-08	 2.34238115241668383546e-05	 2.36706355347535115556e-05	 1.80336242292654340001e-05	 1.78937683435382307131e-05	 1.62151912640867622794e-05	 1.59549288524473532143e-05	 2.36805049400995935285e-05	 7.54387915781859745287e-08	 4.50189307719514622538e-08	 4.50187282580614983163e-08	 4.50189926827656955528e-08	 
 1.15999999999999992006e+00	 1.74793276363250401226e-08	 1.62466675078466168137e-08	 1.71151346724912878226e-08	 2.15347212204089976349e-05	 2.17707038866801773065e-05	 1.65794150935943185906e-05	 1.59257905321739771931e-05	 1.47338870893727340354e-05	 1.44720230196200216145e-05	 2.17852980108869322302e-05	 7.14394223532410393475e-08	 4.00384210777864926189e-08	 4.00382442223672873653e-08	 4.00384759739630778418e-08	 
 1.18000000000000015987e+00	 1.55785335248698586993e-08	 1.44223656119361938506e-08	 1.52419735926701242451e-08	 1.97651361235713293740e-05	 1.99909368659773545795e-05	 1.52358431910395907075e-05	 1.41027800687102760978e-05	 1.33592356157566757624e-05	 1.30969447554267188447e-05	 2.00103594099024402475e-05	 6.76321306925462490506e-08	 3.55046153969634124758e-08	 3.55044621666109305919e-08	 3.55046644511720908081e-08	 
 1.19999999999999973355e+00	 1.38461275552130002510e-08	 1.27678940651879880216e-08	 1.35468575106391520855e-08	 1.81108352238663273723e-05	 1.83281857640192129787e-05	 1.39932341450500501205e-05	 1.24283715001823135104e-05	 1.20876296548979060634e-05	 1.18266508821126334740e-05	 1.83522472753525578654e-05	 6.39799297312760896469e-08	 3.13962767234199572907e-08	 3.13961440287846262854e-08	 3.13963197120900152820e-08	 
 1.21999999999999997335e+00	 1.22653790484202341269e-08	 1.12700874058764936336e-08	 1.20171246960733548249e-08	 1.65650096007021724169e-05	 1.67764428017373478416e-05	 1.28423464047105564977e-05	 1.08969459581890576157e-05	 1.09126771674056826267e-05	 1.06549834673028362024e-05	 1.68048015640960228111e-05	 6.04544306853259051460e-08	 2.76803254035438649537e-08	 2.76802096068186493200e-08	 2.76803611817974833502e-08	 
 1.24000000000000021316e+00	 1.08281310668289968409e-08	 9.91792993626991343832e-09	 1.06358821721523415642e-08	 1.51232713585573292335e-05	 1.53312273081910171730e-05	 1.17727843349192648389e-05	 9.50627003371082239633e-06	 9.83013054160743681657e-06	 9.57664233054547561774e-06	 1.53625400945902056181e-05	 5.70560603027951649233e-08	 2.43290123263865201910e-08	 2.43289092544091148933e-08	 2.43290398466559992608e-08	 
 1.25999999999999978684e+00	 9.52992682614215797457e-09	 8.70291992132872919577e-09	 9.38810380626468653946e-09	 1.37827308479862232951e-05	 1.39894144914996346624e-05	 1.07757077505525674131e-05	 8.25502266724552172283e-06	 8.83713722160445952286e-06	 8.58749755067750200448e-06	 1.40212223851721144464e-05	 5.37935637733614309494e-08	 2.13208847564843597721e-08	 2.13207897302523080649e-08	 2.13209032839132860067e-08	 
 1.28000000000000002665e+00	 8.36059146868711600041e-09	 7.61253276358055950338e-09	 8.25763835230362679060e-09	 1.25374074959114449303e-05	 1.27450277728185746510e-05	 9.84246842708088669714e-06	 7.13390832545351586498e-06	 7.92789483364112700884e-06	 7.68075100168051710600e-06	 1.27741153942618203786e-05	 5.06701237169383803835e-08	 1.86243741427694036959e-08	 1.86242822216772332733e-08	 1.86243830408671839460e-08	 
 1.30000000000000026645e+00	 7.31378104390400714322e-09	 6.63673092191577517356e-09	 7.23640679063240212461e-09	 1.13830829923213224176e-05	 1.15924926263359016177e-05	 8.96510594608802462776e-06	 6.13535249680203114461e-06	 7.09748852660520113220e-06	 6.85187778569831744770e-06	 1.16170790334986031737e-05	 4.76708419806076966050e-08	 1.62142061585052108564e-08	 1.62141150035287118612e-08	 1.62142063069727057910e-08	 
 1.32000000000000006217e+00	 6.38550724998914011022e-09	 5.76806514225137239952e-09	 6.31991538060174858868e-09	 1.03168719008644525889e-05	 1.05275188177590698155e-05	 8.13687773565103904250e-06	 5.25347903682586511725e-06	 6.34228161639001086498e-06	 6.09782950177584793383e-06	 1.05475395914488753306e-05	 4.47778033923722690017e-08	 1.40716314627488973889e-08	 1.40715415131775691300e-08	 1.40716253189389071551e-08	 
 1.34000000000000007994e+00	 5.56657835190357245702e-09	 4.99546356920087447416e-09	 5.49892709393040763446e-09	 9.33283649574761982890e-06	 9.54347675987058412163e-06	 7.34993541130467557994e-06	 4.47674569481000469577e-06	 5.65625549336181496359e-06	 5.41266803897505791813e-06	 9.55990485611001388996e-06	 4.19737643241167073413e-08	 1.21688248313983847811e-08	 1.21687379761841438680e-08	 1.21688155986990041375e-08	 
 1.35999999999999987566e+00	 4.84326562293567215748e-09	 4.31029608555888347207e-09	 4.76618036163008650064e-09	 8.42705480015262655498e-06	 8.63598200825939531157e-06	 6.60345940922760791587e-06	 3.79625396660011909427e-06	 5.03370136197865672200e-06	 4.79160264095834688701e-06	 8.64962940206265236453e-06	 3.92814478649007297920e-08	 1.04839255240772928744e-08	 1.04838440750447878129e-08	 1.04839163330442024057e-08	 
 1.37999999999999989342e+00	 4.20383414433560698836e-09	 3.70638211517077659453e-09	 4.11640293776055059968e-09	 7.59705379105227321331e-06	 7.80223819859319865774e-06	 5.89764078463671784962e-06	 3.20558305121696271653e-06	 4.47027484587632198859e-06	 4.23116593571975780334e-06	 7.81349254992263296386e-06	 3.67292165881185997905e-08	 9.00123362433052743507e-09	 9.00116002868971106007e-09	 9.00122743221635256679e-09	 
 1.40000000000000013323e+00	 3.63606504007253098897e-09	 3.17428918325399729015e-09	 3.54055317972012079357e-09	 6.83736501343092546577e-06	 7.03671278683289968446e-06	 5.22795047603138775011e-06	 2.69398343947569467695e-06	 3.95990495208896233474e-06	 3.72548382095732713749e-06	 7.04568840694387572940e-06	 3.43307264793302838021e-08	 7.69704213636788689021e-09	 7.69697887453026613423e-09	 7.69704181278232717018e-09	 
 1.41999999999999992895e+00	 3.12988871803113924587e-09	 2.70700980190027507348e-09	 3.03337092560436516859e-09	 6.14320761742624381493e-06	 6.33509674626006576766e-06	 4.59974496008682746094e-06	 2.25284730182405358830e-06	 3.49880887547867184100e-06	 3.27084492325225032540e-06	 6.34194985926312731681e-06	 3.20445769603428579840e-08	 6.55361933656524326066e-09	 6.55356712948987521278e-09	 6.55362551336743893248e-09	 
 1.44000000000000016875e+00	 2.67791239057997066191e-09	 2.29976418004482981433e-09	 2.59178215364266372235e-09	 5.51123260488974369770e-06	 5.69449350899158761552e-06	 4.01854668421162534205e-06	 1.87611699942290815860e-06	 3.08469351892346271433e-06	 2.86497621051650543016e-06	 5.69948463667082042981e-06	 2.98224795916187624916e-08	 5.55884607100694242602e-09	 5.55880394592950034295e-09	 5.55885723465828482364e-09	 
 1.45999999999999996447e+00	 2.27102173972281857798e-09	 1.94481873625255923596e-09	 2.20875585007730876723e-09	 4.93582262814654406481e-06	 5.10959316788456799775e-06	 3.48178006666813086826e-06	 1.55468554848648278924e-06	 2.71300244147223947115e-06	 2.50307892137291927283e-06	 5.11301482169659172436e-06	 2.76251340402476147825e-08	 4.69338700599437972458e-09	 4.69335332734123707040e-09	 4.69340079805914869035e-09	 
 1.47999999999999998224e+00	 1.91064676423141208149e-09	 1.63646193096590176633e-09	 1.87466559487804878503e-09	 4.41238527661971878768e-06	 4.57652248120775585516e-06	 2.99325943056190874067e-06	 1.28155208461048287686e-06	 2.38013244770765828269e-06	 2.18101328492458291079e-06	 4.57874981657106809384e-06	 2.54809018603524773581e-08	 3.94286392855479232478e-09	 3.94283700674845322709e-09	 3.94287806558295874115e-09	 
 1.50000000000000000000e+00	 1.59995636269308029497e-09	 1.37092281403443898341e-09	 1.58178352201313391695e-09	 3.93785978683584919705e-06	 4.09286369894758978469e-06	 2.55668611240457219547e-06	 1.05206066047738022254e-06	 2.08371723079937261073e-06	 1.89595074979413944287e-06	 4.09435974900439665647e-06	 2.34221328590876772489e-08	 3.29776868844380612294e-09	 3.29774691032147195635e-09	 3.29778106998323694714e-09	 
 1.52000000000000001776e+00	 1.33504678911462043463e-09	 1.14192476029004057279e-09	 1.32189230858446217975e-09	 3.50714534082183921460e-06	 3.65392662572491683180e-06	 2.16784036823450332115e-06	 8.59268067074868997469e-07	 1.81961116437685952983e-06	 1.64334777979528622041e-06	 3.65520117246624439244e-06	 2.14539580204612765307e-08	 2.74251836308390374603e-09	 2.74250028051473960286e-09	 2.74252701786928448618e-09	 
 1.54000000000000003553e+00	 1.10958231332702295317e-09	 9.45302417137977682241e-10	 1.09337752689626485924e-09	 3.11701186401403302850e-06	 3.25609870727726153294e-06	 1.82531658913644181773e-06	 6.97669658734450678015e-07	 1.58447108181089031952e-06	 1.41992586651930549307e-06	 3.25737143790735945677e-06	 1.95979427302110822350e-08	 2.26663960936355778794e-09	 2.26662392134781663543e-09	 2.26664364181685385038e-09	 
 1.56000000000000027534e+00	 9.18674647397490779909e-10	 7.78524324429012680378e-10	 8.96181517499161640879e-10	 2.76565741785866700208e-06	 2.89716243536369707674e-06	 1.52853730564720280602e-06	 5.63694346525142774710e-07	 1.37613720631386521541e-06	 1.22368118460207775859e-06	 2.89837712414210553989e-06	 1.78722342657347476199e-08	 1.86373742663020509416e-09	 1.86372287813645002939e-09	 1.86373680337108590339e-09	 
 1.58000000000000007105e+00	 7.56134100293843006234e-10	 6.36759061215688974146e-10	 7.25801194647664242443e-10	 2.44900183645826395110e-06	 2.57292477714975791715e-06	 1.27156484098716985645e-06	 4.52255329541576135407e-07	 1.19098888486582651819e-06	 1.05097736318844844080e-06	 2.57389056463322458206e-06	 1.62757750476905463583e-08	 1.52189146711641771427e-09	 1.52187682321370609601e-09	 1.52188628639952972813e-09	 
 1.60000000000000008882e+00	 6.18043067795210145403e-10	 5.16875318627015649408e-10	 5.80747491325779930831e-10	 2.16391417452183932286e-06	 2.28036097406523033030e-06	 1.05067210857252226906e-06	 3.60016217758980330949e-07	 1.02699407818605331093e-06	 8.99263273000716677284e-07	 2.28095848328050566838e-06	 1.47934432781309753522e-08	 1.23332557735132185000e-09	 1.23331031211592189571e-09	 1.23331646247105896290e-09	 
 1.61999999999999988454e+00	 5.02166909547631178369e-10	 4.17065619714272034136e-10	 4.60485826579299539260e-10	 1.90854235031102257428e-06	 2.01774564655546849107e-06	 8.63746807503446261122e-07	 2.85060189419246934816e-07	 8.83116284605235695461e-07	 7.67054556415517133592e-07	 2.01793331230175581985e-06	 1.34107349292526219578e-08	 9.93542909571819055884e-10	 9.93527045860543856707e-10	 9.93530862678541813678e-10	 
 1.64000000000000012434e+00	 4.04370154204571375231e-10	 3.33633036945851132779e-10	 3.60849973590661761720e-10	 1.67917516953657840884e-06	 1.78149521195832323284e-06	 7.05154568165326946110e-07	 2.24004242800706071376e-07	 7.56610080523475912821e-07	 6.51402769562942976026e-07	 1.78124542519013932845e-06	 1.21087877908229750145e-08	 7.93507220376819859297e-10	 7.93490800119791741651e-10	 7.93493054619583026462e-10	 
 1.66000000000000014211e+00	 3.23141327377621422229e-10	 2.64342574654842896941e-10	 2.79869294959581059054e-10	 1.47360678805690157571e-06	 1.56904922552175459282e-06	 5.71388475628715562065e-07	 1.74474712205379860144e-07	 6.45537922598960424214e-07	 5.50642146103057719691e-07	 1.56855195018193408059e-06	 1.09020626825020636033e-08	 6.27698692640618874547e-10	 6.27682333914536074714e-10	 6.27683528352320073985e-10	 
 1.67999999999999993783e+00	 2.58059184289426598833e-10	 2.08003696973980918132e-10	 2.16723988343554969732e-10	 1.29076719443615758904e-06	 1.37897600690350489316e-06	 4.60589109930367086886e-07	 1.35132696734990451991e-07	 5.48810452357561036255e-07	 4.63966057493998967186e-07	 1.37863151652368129361e-06	 9.80636700540968985674e-09	 4.93166424701854185805e-10	 4.93151229908972182813e-10	 4.93151684662456809561e-10	 
 1.70000000000000017764e+00	 2.06487953612983023513e-10	 1.61906998794094343188e-10	 1.68079386908283885274e-10	 1.12765806971868570809e-06	 1.20810388891819180826e-06	 3.68324386626752904368e-07	 1.03700276173437742452e-07	 4.64018203498202903825e-07	 3.89115771185761834317e-07	 1.20843562280667710884e-06	 8.81873961848078897415e-09	 3.83340247830670679757e-10	 3.83327299817100260865e-10	 3.83327208915663812489e-10	 
 1.71999999999999997335e+00	 1.65370009246498160402e-10	 1.24501404561487866167e-10	 1.30955533486083567779e-10	 9.82151719220327648060e-07	 1.05501494976871625580e-06	 2.91903585873061099641e-07	 7.86913158647005498966e-08	 3.90068954193974530877e-07	 3.24607628029412495723e-07	 1.05610371358762525206e-06	 7.92404521205801183321e-09	 2.94381036566533389958e-10	 2.94370774465184489813e-10	 2.94370354250338894953e-10	 
 1.73999999999999999112e+00	 1.32907180549223586651e-10	 9.50263598556552506028e-11	 1.03809047179126440371e-10	 8.53108138295612396896e-07	 9.19168385923175712689e-07	 2.29990831986670676562e-07	 5.93314596661380444149e-08	 3.26519317145849966810e-07	 2.69688641750008997610e-07	 9.20721368572037177328e-07	 7.11155610467453515484e-09	 2.24385403916613159765e-10	 2.24377826235848066198e-10	 2.24377336396863827472e-10	 
 1.76000000000000023093e+00	 1.07207909884162563390e-10	 7.15910261704998179408e-11	 8.47365317309892173870e-11	 7.37771897203533196854e-07	 7.98015889223372711013e-07	 1.79362056804725643015e-07	 4.41998674254390657217e-08	 2.71488036013396382332e-07	 2.22510644918668699515e-07	 7.99621498638698619948e-07	 6.36871494397003195284e-09	 1.68801063384527678346e-10	 1.68796171539619383911e-10	 1.68795844207500640973e-10	 
 1.78000000000000002665e+00	 8.60542089547265787986e-11	 5.31146160978384965678e-11	 7.07933978690768565206e-11	 6.35185841579360649262e-07	 6.90190025875772563019e-07	 1.38224136592671465644e-07	 3.24466234293118679928e-08	 2.24139859269471050381e-07	 1.82238732859567448797e-07	 6.91683717441167363795e-07	 5.68029981223726516699e-09	 1.25031321081781111386e-10	 1.25028622247446788828e-10	 1.25028499865742971044e-10	 
 1.80000000000000004441e+00	 6.80743038136399629482e-11	 3.90947455441056517678e-11	 6.03111646252301233305e-11	 5.45071661088969362800e-07	 5.95087330356227983965e-07	 1.05768341968946998944e-07	 2.36686007550079625287e-08	 1.84169377125810839954e-07	 1.48566748003680856357e-07	 5.96502323403148703251e-07	 5.03370993582117383535e-09	 9.18688114863466124011e-11	 9.18674538306294371108e-11	 9.18674465729637385472e-11	 
 1.81999999999999984013e+00	 5.20855267785969802126e-11	 2.83005272385815834792e-11	 5.26788552738218670707e-11	 4.65189427750451588246e-07	 5.10364903114479225793e-07	 7.97742311304294032598e-08	 1.70289080712514919710e-08	 1.50041871738067634241e-07	 1.20107097339199623700e-07	 5.11803586946175191038e-07	 4.41025770405833308380e-09	 6.63726028093220954173e-11	 6.63718759508053166665e-11	 6.63718852675602498521e-11	 
 1.84000000000000007994e+00	 3.88027104703497321966e-11	 2.00722580129356955797e-11	 4.62251076855523743678e-11	 3.94699466008932150162e-07	 4.35282135695349972646e-07	 5.91961091439167089962e-08	 1.20283440705341464883e-08	 1.21112646341081394451e-07	 9.62007907140051869447e-08	 4.36724181900839055952e-07	 3.83245129343530599574e-09	 4.69684186136197019672e-11	 4.69679920368638448417e-11	 4.69679864415828229931e-11	 
 1.86000000000000009770e+00	 2.88798763217700279555e-11	 1.41279353960669705045e-11	 3.98018423961741650037e-11	 3.33310934258587629318e-07	 3.69627202261001102604e-07	 4.36389235753668922326e-08	 8.44148354366043028176e-09	 9.71680393154171986360e-08	 7.66092002593568087817e-08	 3.70945718817474092662e-07	 3.31731315150928218818e-09	 3.29830143956909130110e-11	 3.29827946209757458246e-11	 3.29827883723001892399e-11	 
 1.87999999999999989342e+00	 2.15706742991493847617e-11	 9.74180648920611298371e-12	 3.28766331145532723205e-11	 2.78946019316004068534e-07	 3.11317420120784379574e-07	 3.16553847041165633541e-08	 5.81235100567463891536e-09	 7.69788548563309639843e-08	 6.02589850114509546874e-08	 3.12342104889527119816e-07	 2.85600550054932046764e-09	 2.26889687115822351004e-11	 2.26889426269054953121e-11	 2.26889545808240587205e-11	 
 1.89999999999999991118e+00	 1.60780047518504493448e-11	 6.54121676618410817965e-12	 2.62737927429092240585e-11	 2.31415499731657816786e-07	 2.60130186443067291452e-07	 2.25134301639453173086e-08	 3.90120841083880391018e-09	 6.01871412236353362735e-08	 4.67797882546478605335e-08	 2.60806525602186438547e-07	 2.44781451218596009367e-09	 1.51947231698394220245e-11	 1.51948317871277081519e-11	 1.51948596505482046016e-11	 
 1.92000000000000015099e+00	 1.20117200743542620186e-11	 4.37794982166830010448e-12	 2.05086493351186357540e-11	 1.90843771362612317828e-07	 2.16168657390401199224e-07	 1.59379882908434462101e-08	 2.61151449097734962320e-09	 4.67374186575438198517e-08	 3.60896757072497071093e-08	 2.16507404869294935976e-07	 2.09428930124663645320e-09	 1.01440694640917827747e-11	 1.01442161738457502138e-11	 1.01442434684080874214e-11	 
 1.93999999999999994671e+00	 8.91578847664389327793e-12	 2.87635608917346941758e-12	 1.52538744576192943655e-11	 1.55417717473338979598e-07	 1.77584246535696037700e-07	 1.10770431802646065349e-08	 1.71936654544090737064e-09	 3.56905168396546844617e-08	 2.74023998865232322189e-08	 1.77566744431141003214e-07	 1.78552053233647807367e-09	 6.64877584471827841226e-12	 6.64889448991963225667e-12	 6.64890745936902196074e-12	 
 1.95999999999999996447e+00	 6.42260940723607612613e-12	 1.83612190839266894819e-12	 1.08718001974768978863e-11	 1.25071406168473039161e-07	 1.44319696594027481837e-07	 7.51631841094258358151e-09	 1.10099831569965858581e-09	 2.67959230533572911708e-08	 2.04552720649957737500e-08	 1.44021115388984803135e-07	 1.51534574585504989106e-09	 4.23378035873761620643e-12	 4.23385674775714140824e-12	 4.23385609320713471506e-12	 
 1.97999999999999998224e+00	 4.32041330117108302403e-12	 1.17868630266250636145e-12	 7.61338648489159956157e-12	 9.99984054253296467990e-08	 1.16575648710730104146e-07	 5.11179097335171657276e-09	 7.06807230021311097117e-10	 2.00421956771307419746e-08	 1.52036720719037563892e-08	 1.16139860456002491429e-07	 1.28150185062538425707e-09	 2.71217773843041477991e-12	 2.71222560783136792173e-12	 2.71222032666544305672e-12	 
 2.00000000000000000000e+00	 2.29279468007130240652e-12	 7.47888654638388612734e-13	 5.07897413978515316749e-12	 7.86402115351620525572e-08	 9.27499374599857979251e-08	 3.43542742057085768943e-09	 4.44588736312607173225e-10	 1.47706243758738048178e-08	 1.11109319587347609291e-08	 9.23106226940975789987e-08	 1.07436910491276380269e-09	 1.71850069587242912417e-12	 1.71853095788552620101e-12	 1.71852674708676489015e-12	 
 2.02000000000000001776e+00	 8.61221085957974144449e-13	 4.60754512612816964982e-13	 3.02140004465556794603e-12	 6.06411650871757539569e-08	 7.24303615264196675010e-08	 2.25236792920829947014e-09	 2.69241732328310502617e-10	 1.06451598648968487103e-08	 7.92437504759722060699e-09	 7.20569311193588892109e-08	 8.93468077348270554219e-10	 1.05801615558813047541e-12	 1.05803259939467400645e-12	 1.05803064066936781169e-12	 
 2.04000000000000003553e+00	 3.10636864268692775742e-13	 2.85598560699585601445e-13	 1.45860016560288388392e-12	 4.61139957568034311670e-08	 5.57304263852707988403e-08	 1.47979458655278175884e-09	 1.64584758947561042775e-10	 7.58095315153403719388e-09	 5.59029591420247517759e-09	 5.54519342301639695796e-08	 7.39107168139719246270e-10	 6.56027295315889286073e-13	 6.56031559280852340434e-13	 6.56030779558818664873e-13	 
 2.06000000000000005329e+00	 2.78432680803603639602e-14	 1.73341586819080034661e-13	 7.65373553650778929090e-13	 3.44653625533362379598e-08	 4.21997569063154885270e-08	 9.66004775573627881983e-10	 1.00924335196830858362e-10	 5.28661448848379380998e-09	 3.89321835155838078567e-09	 4.19855850552585960677e-08	 6.00543522747980788421e-10	 3.98460107690544994103e-13	 3.98460616764185831582e-13	 3.98460389630808091563e-13	 
 2.08000000000000007105e+00	 1.40214879726035898156e-15	 9.85005982795015372592e-14	 4.54129805968966895280e-13	 2.51566400062471617331e-08	 3.12564801300699620623e-08	 6.15896959675526840552e-10	 6.10936306368871512801e-11	 3.57556484580568671742e-09	 2.63631280980923051445e-09	 3.10666264497900619527e-08	 4.80190294189857699433e-10	 2.26609955375701046891e-13	 2.26609981007543759820e-13	 2.26609969576333477277e-13	 
 2.10000000000000053291e+00	 5.57916241900991451253e-17	 5.18843077000200808539e-14	 2.75587209241774640563e-13	 1.81138793277276091479e-08	 2.28148707199421992313e-08	 3.95680822526567765448e-10	 3.84433150357797290593e-11	 2.40204394536375702325e-09	 1.75946982910361620874e-09	 2.26135196114434471384e-08	 3.81119978778192183254e-10	 1.19329758032448954581e-13	 1.19329759052123669180e-13	 1.19329758597618265328e-13	 
 2.12000000000000010658e+00	 1.65173265370316404622e-18	 2.17173823999552832719e-14	 1.62779313764217905662e-13	 1.27956599638037609623e-08	 1.63004884447653543248e-08	 2.52690266981158235358e-10	 2.42443051825704827391e-11	 1.58449632854351159264e-09	 1.15820974007714550542e-09	 1.61166970217726219399e-08	 2.99409931937342609302e-10	 4.97998500843987531112e-14	 4.97998501145784635086e-14	 4.97998501011355668642e-14	 
 2.14000000000000012434e+00	 3.27198336886423786004e-20	 4.55657718564943614277e-15	 9.16264338524621672885e-14	 8.76899305967685105146e-09	 1.12686321728774558561e-08	 1.57699055818329275397e-10	 1.50115216372117065264e-11	 1.01107739261301427843e-09	 7.41390851945819681872e-10	 1.11400790668298783327e-08	 2.26098951899105538950e-10	 1.02953728710216547142e-14	 1.02953728716193036246e-14	 1.02953728713532445071e-14	 
 2.15999999999999969802e+00	 3.40395845004245319995e-22	 4.70079674734353318891e-17	 5.47767324976391027039e-14	 5.95195548600446551613e-09	 7.66096185911593748092e-09	 1.00999330281853471386e-10	 9.58138425196270263641e-12	 6.50949230042484299827e-10	 4.80797146080303188482e-10	 7.62110175647220130805e-09	 1.58994071124458050003e-10	 1.06212520268567159352e-16	 1.06212520274782816291e-16	 1.06212520272018968154e-16	 
 2.18000000000000015987e+00	 4.71846905075479300622e-25	 6.45084874127963820779e-20	 3.48022573328068646346e-14	 3.96888969054115933726e-09	 5.10659648840877706060e-09	 6.46814140180351144509e-11	 6.13011261017908378529e-12	 4.18480319353118772034e-10	 3.09581346007108758175e-10	 5.11264915384311820212e-09	 1.07272568090951291243e-10	 1.45754587944452336316e-19	 1.45754587953065095027e-19	 1.45754587949239355563e-19	 
 2.20000000000000017764e+00	 0.00000000000000000000e+00	 0.00000000000000000000e+00	 2.22236830629702964803e-14	 2.52470168354989214426e-09	 3.24594879032316016229e-09	 4.00505473226591936697e-11	 3.79797176339587783064e-12	 2.59836148144179574932e-10	 1.91809102183641999231e-10	 3.26615909775043387446e-09	 6.80152582777090279535e-11	 0.00000000000000000000e+00	 0.00000000000000000000e+00	 0.00000000000000000000e+00	 
 2.21999999999999975131e+00	 5.29196205128664653655e-29	 7.05825148105912789585e-24	 1.30993701357712358547e-14	 1.49907138983307832624e-09	 1.93129129273139589273e-09	 2.36154810108049340969e-11	 2.23942798746625637279e-12	 1.53205360356994650971e-10	 1.13097876857467162682e-10	 1.93963153792323246643e-09	 4.00936765084103783288e-11	 1.59479780952506794243e-23	 1.59479780962156574306e-23	 1.59479780957880889929e-23	 
 2.24000000000000021316e+00	 0.00000000000000000000e+00	 0.00000000000000000000e+00	 4.69927984986653512600e-15	 5.39546445857954261515e-10	 6.95750203183261033335e-10	 8.47175856651604368328e-12	 8.03366939698974828056e-13	 5.49605548573134063937e-11	 4.05724570989941565657e-11	 6.98179384853708572247e-10	 1.43832104904414303675e-11	 0.00000000000000000000e+00	 0.00000000000000000000e+00	 0.00000000000000000000e+00	 
 2.25999999999999978684e+00	 3.79868650671751546563e-32	 4.92777283831291392775e-27	 0.00000000000000000000e+00	 0.00000000000000000000e+00	 0.00000000000000000000e+00	 0.00000000000000000000e+00	 0.00000000000000000000e+00	 0.00000000000000000000e+00	 0.00000000000000000000e+00	 0.00000000000000000000e+00	 0.00000000000000000000e+00	 1.11343103907055454821e-26	 1.11343103913976507845e-26	 1.11343103910916305175e-26	 
 2.27999999999999980460e+00	 0.00000000000000000000e+00	 0.00000000000000000000e+00	 5.16293627542354648544e-18	 5.92781517540341546033e-13	 7.64397505602604174045e-13	 9.30762810918464725792e-15	 8.82631469313863219105e-16	 6.03832606524644539756e-14	 4.45755552708168604970e-14	 7.67066206812996687503e-13	 1.58023359787469814769e-14	 0.00000000000000000000e+00	 0.00000000000000000000e+00	 0.00000000000000000000e+00	 
 2.30000000000000026645e+00	 6.36638210996607851826e-35	 8.05657952071986260379e-30	 0.00000000000000000000e+00	 0.00000000000000000000e+00	 0.00000000000000000000e+00	 0.00000000000000000000e+00	 0.00000000000000000000e+00	 0.00000000000000000000e+00	 0.00000000000000000000e+00	 0.00000000000000000000e+00	 0.00000000000000000000e+00	 1.82040389163622027086e-29	 1.82040389175214156528e-29	 1.82040389170095185212e-29	 
 2.32000000000000028422e+00	 0.00000000000000000000e+00	 0.00000000000000000000e+00	 1.09090133255530480180e-20	 1.25251785363222827323e-15	 1.61513448324286642830e-15	 1.96665293455004973348e-17	 1.86495393812371871669e-18	 1.27586658496702510765e-16	 9.41858071433471949851e-17	 1.62077279358783070458e-15	 3.33895062942785975684e-17	 0.00000000000000000000e+00	 0.00000000000000000000e+00	 0.00000000000000000000e+00	 
 2.33999999999999985789e+00	 1.80164904813806239367e-37	 2.24444531531692652864e-32	 0.00000000000000000000e+00	 0.00000000000000000000e+00	 0.00000000000000000000e+00	 0.00000000000000000000e+00	 0.00000000000000000000e+00	 0.00000000000000000000e+00	 0.00000000000000000000e+00	 0.00000000000000000000e+00	 0.00000000000000000000e+00	 5.07142060900550939379e-32	 5.07142060933348548889e-32	 5.07142060918873573659e-32	 
 2.36000000000000031974e+00	 0.00000000000000000000e+00	 0.00000000000000000000e+00	 3.57675854431838140568e-23	 4.10666026943360961179e-18	 5.29558247934009095535e-18	 6.44810156175850113214e-20	 6.11465917198470978526e-21	 4.18320751227817799907e-19	 3.08808758090523605082e-19	 5.31406681115095485350e-18	 1.09474796642427253748e-19	 0.00000000000000000000e+00	 0.00000000000000000000e+00	 0.00000000000000000000e+00	 
 2.38000000000000033751e+00	 7.25854869206858984378e-40	 9.01060680214331106280e-35	 0.00000000000000000000e+00	 0.00000000000000000000e+00	 0.00000000000000000000e+00	 0.00000000000000000000e+00	 0.00000000000000000000e+00	 0.00000000000000000000e+00	 0.00000000000000000000e+00	 0.00000000000000000000e+00	 0.00000000000000000000e+00	 2.03599362730163291106e-34	 2.03599362743378166824e-34	 2.03599362737542345446e-34	 
 2.39999999999999991118e+00	 0.00000000000000000000e+00	 0.00000000000000000000e+00	 1.60922536186999939118e-25	 1.84763709336293290908e-20	 2.38254885323019696642e-20	 2.90107602104723295237e-22	 2.75105640549811488327e-23	 1.88207380137448233576e-21	 1.38936658304812739494e-21	 2.39086429070465331891e-20	 4.92539869785389329065e-22	 0.00000000000000000000e+00	 0.00000000000000000000e+00	 0.00000000000000000000e+00	 
 2.41999999999999948486e+00	 3.73505753627643141885e-42	 4.67364071627755832543e-37	 0.00000000000000000000e+00	 0.00000000000000000000e+00	 0.00000000000000000000e+00	 0.00000000000000000000e+00	 0.00000000000000000000e+00	 0.00000000000000000000e+00	 0.00000000000000000000e+00	 0.00000000000000000000e+00	 0.00000000000000000000e+00	 1.05603292482394828003e-36	 1.05603292489198183525e-36	 1.05603292486190220710e-36	 
 2.44000000000000039080e+00	 0.00000000000000000000e+00	 0.00000000000000000000e+00	 9.11734688797367087660e-28	 1.04681198323704490941e-22	 1.34987619878709215165e-22	 1.64365519610013918335e-24	 1.55865896769575170508e-25	 1.06632172417124374228e-23	 7.87169859464857045045e-24	 1.35458714644768220144e-22	 2.79057051261738803980e-24	 0.00000000000000000000e+00	 0.00000000000000000000e+00	 0.00000000000000000000e+00	 
 2.45999999999999996447e+00	 2.27572175710805375336e-44	 2.89448146885856629990e-39	 0.00000000000000000000e+00	 0.00000000000000000000e+00	 0.00000000000000000000e+00	 0.00000000000000000000e+00	 0.00000000000000000000e+00	 0.00000000000000000000e+00	 0.00000000000000000000e+00	 0.00000000000000000000e+00	 0.00000000000000000000e+00	 6.54019976635987462050e-39	 6.54019976677466342937e-39	 6.54019976659095914281e-39	 
 2.47999999999999953815e+00	 0.00000000000000000000e+00	 0.00000000000000000000e+00	 6.07627459183587168966e-30	 6.97650106681546609934e-25	 8.99627945983210372228e-25	 1.09541738832938243520e-26	 1.03877147695292921285e-27	 7.10652307654175648591e-26	 5.24610972942048420128e-26	 9.02767532603132763159e-25	 1.85978145999265365532e-26	 0.00000000000000000000e+00	 0.00000000000000000000e+00	 0.00000000000000000000e+00	 
 2.50000000000000044409e+00	 1.55292921857025162402e-46	 2.01718312188147100178e-41	 0.00000000000000000000e+00	 0.00000000000000000000e+00	 0.00000000000000000000e+00	 0.00000000000000000000e+00	 0.00000000000000000000e+00	 0.00000000000000000000e+00	 0.00000000000000000000e+00	 0.00000000000000000000e+00	 0.00000000000000000000e+00	 4.55787727290714579037e-41	 4.55787727319040670838e-41	 4.55787727306472271706e-41	 
 2.52000000000000001776e+00	 0.00000000000000000000e+00	 0.00000000000000000000e+00	 4.50359641370890014562e-32	 5.17082104838027730068e-27	 6.66783303883036839340e-27	 8.11898438662006786984e-29	 7.69913778203075322062e-30	 5.26719317056001123020e-28	 3.88829713968044726308e-28	 6.69110380693712105600e-27	 1.37842768613731413527e-28	 0.00000000000000000000e+00	 0.00000000000000000000e+00	 0.00000000000000000000e+00	 
 2.54000000000000003553e+00	 0.00000000000000000000e+00	 1.51179912352121314793e-43	 0.00000000000000000000e+00	 0.00000000000000000000e+00	 0.00000000000000000000e+00	 0.00000000000000000000e+00	 0.00000000000000000000e+00	 0.00000000000000000000e+00	 0.00000000000000000000e+00	 0.00000000000000000000e+00	 0.00000000000000000000e+00	 3.41592228716168857199e-43	 3.41592228736937359208e-43	 3.41592228727704674692e-43	 
 2.56000000000000049738e+00	 0.00000000000000000000e+00	 0.00000000000000000000e+00	 3.54791675189196537537e-34	 4.07354991601190663254e-29	 5.25288790457966050063e-29	 6.39610621115598771621e-31	 6.06535259017160493812e-32	 4.14947551559825521761e-30	 3.06318626773065006769e-30	 5.27122178553330412059e-29	 1.08592028247418552949e-30	 0.00000000000000000000e+00	 0.00000000000000000000e+00	 0.00000000000000000000e+00	 
 2.58000000000000007105e+00	 0.00000000000000000000e+00	 1.17648425504643368106e-45	 0.00000000000000000000e+00	 0.00000000000000000000e+00	 0.00000000000000000000e+00	 0.00000000000000000000e+00	 0.00000000000000000000e+00	 0.00000000000000000000e+00	 0.00000000000000000000e+00	 0.00000000000000000000e+00	 0.00000000000000000000e+00	 2.65825442962402006136e-45	 2.65825442978218888492e-45	 2.65825442971175461995e-45	 
 2.60000000000000008882e+00	 0.00000000000000000000e+00	 0.00000000000000000000e+00	 2.86708212745894626345e-36	 3.29184398809336642438e-31	 4.24486802576085088770e-31	 5.16871259544286977683e-33	 4.90142960217906012600e-34	 3.35320359492415398855e-32	 2.47537000137605623695e-32	 4.25968491731827378735e-31	 8.77535426885154126185e-33	 0.00000000000000000000e+00	 0.00000000000000000000e+00	 0.00000000000000000000e+00	 
 2.62000000000000055067e+00	 0.00000000000000000000e+00	 0.00000000000000000000e+00	 0.00000000000000000000e+00	 0.00000000000000000000e+00	 0.00000000000000000000e+00	 0.00000000000000000000e+00	 0.00000000000000000000e+00	 0.00000000000000000000e+00	 0.00000000000000000000e+00	 0.00000000000000000000e+00	 0.00000000000000000000e+00	 0.00000000000000000000e+00	 0.00000000000000000000e+00	 0.00000000000000000000e+00	 
 2.64000000000000012434e+00	 0.00000000000000000000e+00	 0.00000000000000000000e+00	 2.31195286952957799096e-38	 2.65446841727998944037e-33	 3.42296425542259391871e-33	 4.16793782446602813726e-35	 3.95240661024013851844e-36	 2.70395070818152875595e-34	 1.99608472429660781129e-34	 3.43491329337710633536e-33	 7.07625545082224169542e-35	 0.00000000000000000000e+00	 0.00000000000000000000e+00	 0.00000000000000000000e+00	 
 2.66000000000000014211e+00	 0.00000000000000000000e+00	 0.00000000000000000000e+00	 0.00000000000000000000e+00	 0.00000000000000000000e+00	 0.00000000000000000000e+00	 0.00000000000000000000e+00	 0.00000000000000000000e+00	 0.00000000000000000000e+00	 0.00000000000000000000e+00	 0.00000000000000000000e+00	 0.00000000000000000000e+00	 0.00000000000000000000e+00	 0.00000000000000000000e+00	 0.00000000000000000000e+00	 
 2.67999999999999971578e+00	 0.00000000000000000000e+00	 0.00000000000000000000e+00	 1.82068716058567784517e-40	 2.09041936369558751504e-35	 2.69561635442889786648e-35	 3.28229483301478039815e-37	 3.11256173644223269417e-38	 2.12938959361859254206e-36	 1.57193769471626567482e-36	 2.70502710482476153032e-35	 5.57262548166307632036e-37	 0.00000000000000000000e+00	 0.00000000000000000000e+00	 0.00000000000000000000e+00	 
 2.70000000000000017764e+00	 0.00000000000000000000e+00	 0.00000000000000000000e+00	 0.00000000000000000000e+00	 0.00000000000000000000e+00	 0.00000000000000000000e+00	 0.00000000000000000000e+00	 0.00000000000000000000e+00	 0.00000000000000000000e+00	 0.00000000000000000000e+00	 0.00000000000000000000e+00	 0.00000000000000000000e+00	 0.00000000000000000000e+00	 0.00000000000000000000e+00	 0.00000000000000000000e+00	 
 2.72000000000000019540e+00	 0.00000000000000000000e+00	 0.00000000000000000000e+00	 1.37648274432565981042e-42	 1.58040507191052078138e-37	 2.03794731731959982344e-37	 2.48149288714371981593e-39	 2.35317063256892587266e-40	 1.60986912973435724136e-38	 1.18842224913778582054e-38	 2.04506258405462549915e-37	 4.21303725170369303907e-39	 0.00000000000000000000e+00	 0.00000000000000000000e+00	 0.00000000000000000000e+00	 
 2.73999999999999976907e+00	 0.00000000000000000000e+00	 0.00000000000000000000e+00	 0.00000000000000000000e+00	 0.00000000000000000000e+00	 0.00000000000000000000e+00	 0.00000000000000000000e+00	 0.00000000000000000000e+00	 0.00000000000000000000e+00	 0.00000000000000000000e+00	 0.00000000000000000000e+00	 0.00000000000000000000e+00	 0.00000000000000000000e+00	 0.00000000000000000000e+00	 0.00000000000000000000e+00	 
 2.76000000000000023093e+00	 0.00000000000000000000e+00	 0.00000000000000000000e+00	 9.85219793767543320508e-45	 1.13117651739789262731e-39	 1.45866247211526414445e-39	 1.77613263872993201927e-41	 1.68428577251050800294e-42	 1.15226649178562248566e-40	 8.50615190517604052884e-41	 1.46375555928557848844e-39	 3.01548836441517853715e-41	 0.00000000000000000000e+00	 0.00000000000000000000e+00	 0.00000000000000000000e+00	 
 2.77999999999999980460e+00	 0.00000000000000000000e+00	 0.00000000000000000000e+00	 0.00000000000000000000e+00	 0.00000000000000000000e+00	 0.00000000000000000000e+00	 0.00000000000000000000e+00	 0.00000000000000000000e+00	 0.00000000000000000000e+00	 0.00000000000000000000e+00	 0.00000000000000000000e+00	 0.00000000000000000000e+00	 0.00000000000000000000e+00	 0.00000000000000000000e+00	 0.00000000000000000000e+00	 
 2.79999999999999982236e+00	 0.00000000000000000000e+00	 0.00000000000000000000e+00	 0.00000000000000000000e+00	 7.57675399876629830922e-42	 9.77029151099918443741e-42	 1.18967556187185252702e-43	 1.12815539719508708254e-44	 7.71802316648733731359e-43	 5.69752552550641533896e-43	 9.80440750113171779245e-42	 2.01981131269092220931e-43	 0.00000000000000000000e+00	 0.00000000000000000000e+00	 0.00000000000000000000e+00	 
 2.82000000000000028422e+00	 0.00000000000000000000e+00	 0.00000000000000000000e+00	 0.00000000000000000000e+00	 0.00000000000000000000e+00	 0.00000000000000000000e+00	 0.00000000000000000000e+00	 0.00000000000000000000e+00	 0.00000000000000000000e+00	 0.00000000000000000000e+00	 0.00000000000000000000e+00	 0.00000000000000000000e+00	 0.00000000000000000000e+00	 0.00000000000000000000e+00	 0.00000000000000000000e+00	 
 2.83999999999999985789e+00	 0.00000000000000000000e+00	 0.00000000000000000000e+00	 0.00000000000000000000e+00	 4.70278138889566781100e-44	 6.06427721022824447758e-44	 7.38414869781800672466e-46	 0.00000000000000000000e+00	 4.79046830187633624444e-45	 3.53637386811221550585e-45	 6.08545351090293280679e-44	 1.25366843618618663202e-45	 0.00000000000000000000e+00	 0.00000000000000000000e+00	 0.00000000000000000000e+00	 
 2.85999999999999987566e+00	 0.00000000000000000000e+00	 0.00000000000000000000e+00	 0.00000000000000000000e+00	 0.00000000000000000000e+00	 0.00000000000000000000e+00	 0.00000000000000000000e+00	 0.00000000000000000000e+00	 0.00000000000000000000e+00	 0.00000000000000000000e+00	 0.00000000000000000000e+00	 0.00000000000000000000e+00	 0.00000000000000000000e+00	 0.00000000000000000000e+00	 0.00000000000000000000e+00	 
 2.87999999999999989342e+00	 0.00000000000000000000e+00	 0.00000000000000000000e+00	 0.00000000000000000000e+00	 2.68204317990404466883e-46	 3.45851729923385593309e-46	 0.00000000000000000000e+00	 0.00000000000000000000e+00	 0.00000000000000000000e+00	 0.00000000000000000000e+00	 3.47059483847765862371e-46	 0.00000000000000000000e+00	 0.00000000000000000000e+00	 0.00000000000000000000e+00	 0.00000000000000000000e+00	 
 2.90000000000000035527e+00	 0.00000000000000000000e+00	 0.00000000000000000000e+00	 0.00000000000000000000e+00	 0.00000000000000000000e+00	 0.00000000000000000000e+00	 0.00000000000000000000e+00	 0.00000000000000000000e+00	 0.00000000000000000000e+00	 0.00000000000000000000e+00	 0.00000000000000000000e+00	 0.00000000000000000000e+00	 0.00000000000000000000e+00	 0.00000000000000000000e+00	 0.00000000000000000000e+00	 
 2.91999999999999992895e+00	 0.00000000000000000000e+00	 0.00000000000000000000e+00	 0.00000000000000000000e+00	 0.00000000000000000000e+00	 0.00000000000000000000e+00	 0.00000000000000000000e+00	 0.00000000000000000000e+00	 0.00000000000000000000e+00	 0.00000000000000000000e+00	 0.00000000000000000000e+00	 0.00000000000000000000e+00	 0.00000000000000000000e+00	 0.00000000000000000000e+00	 0.00000000000000000000e+00	 
 2.93999999999999994671e+00	 0.00000000000000000000e+00	 0.00000000000000000000e+00	 0.00000000000000000000e+00	 0.00000000000000000000e+00	 0.00000000000000000000e+00	 0.00000000000000000000e+00	 0.00000000000000000000e+00	 0.00000000000000000000e+00	 0.00000000000000000000e+00	 0.00000000000000000000e+00	 0.00000000000000000000e+00	 0.00000000000000000000e+00	 0.00000000000000000000e+00	 0.00000000000000000000e+00	 
 2.96000000000000040856e+00	 0.00000000000000000000e+00	 0.00000000000000000000e+00	 0.00000000000000000000e+00	 0.00000000000000000000e+00	 0.00000000000000000000e+00	 0.00000000000000000000e+00	 0.00000000000000000000e+00	 0.00000000000000000000e+00	 0.00000000000000000000e+00	 0.00000000000000000000e+00	 0.00000000000000000000e+00	 0.00000000000000000000e+00	 0.00000000000000000000e+00	 0.00000000000000000000e+00	 
 2.97999999999999998224e+00	 0.00000000000000000000e+00	 0.00000000000000000000e+00	 0.00000000000000000000e+00	 0.00000000000000000000e+00	 0.00000000000000000000e+00	 0.00000000000000000000e+00	 0.00000000000000000000e+00	 0.00000000000000000000e+00	 0.00000000000000000000e+00	 0.00000000000000000000e+00	 0.00000000000000000000e+00	 0.00000000000000000000e+00	 0.00000000000000000000e+00	 0.00000000000000000000e+00	 
 3.00000000000000000000e+00	 0.00000000000000000000e+00	 0.00000000000000000000e+00	 0.00000000000000000000e+00	 0.00000000000000000000e+00	 0.00000000000000000000e+00	 0.00000000000000000000e+00	 0.00000000000000000000e+00	 0.00000000000000000000e+00	 0.00000000000000000000e+00	 0.00000000000000000000e+00	 0.00000000000000000000e+00	 0.00000000000000000000e+00	 0.00000000000000000000e+00	 0.00000000000000000000e+00	 
 3.02000000000000046185e+00	 0.00000000000000000000e+00	 0.00000000000000000000e+00	 0.00000000000000000000e+00	 0.00000000000000000000e+00	 0.00000000000000000000e+00	 0.00000000000000000000e+00	 0.00000000000000000000e+00	 0.00000000000000000000e+00	 0.00000000000000000000e+00	 0.00000000000000000000e+00	 0.00000000000000000000e+00	 0.00000000000000000000e+00	 0.00000000000000000000e+00	 0.00000000000000000000e+00	 
 3.04000000000000003553e+00	 0.00000000000000000000e+00	 0.00000000000000000000e+00	 0.00000000000000000000e+00	 0.00000000000000000000e+00	 0.00000000000000000000e+00	 0.00000000000000000000e+00	 0.00000000000000000000e+00	 0.00000000000000000000e+00	 0.00000000000000000000e+00	 0.00000000000000000000e+00	 0.00000000000000000000e+00	 0.00000000000000000000e+00	 0.00000000000000000000e+00	 0.00000000000000000000e+00	 
 3.06000000000000005329e+00	 0.00000000000000000000e+00	 0.00000000000000000000e+00	 0.00000000000000000000e+00	 0.00000000000000000000e+00	 0.00000000000000000000e+00	 0.00000000000000000000e+00	 0.00000000000000000000e+00	 0.00000000000000000000e+00	 0.00000000000000000000e+00	 0.00000000000000000000e+00	 0.00000000000000000000e+00	 0.00000000000000000000e+00	 0.00000000000000000000e+00	 0.00000000000000000000e+00	 
 3.08000000000000007105e+00	 0.00000000000000000000e+00	 0.00000000000000000000e+00	 0.00000000000000000000e+00	 0.00000000000000000000e+00	 0.00000000000000000000e+00	 0.00000000000000000000e+00	 0.00000000000000000000e+00	 0.00000000000000000000e+00	 0.00000000000000000000e+00	 0.00000000000000000000e+00	 0.00000000000000000000e+00	 0.00000000000000000000e+00	 0.00000000000000000000e+00	 0.00000000000000000000e+00	 
 3.10000000000000008882e+00	 0.00000000000000000000e+00	 0.00000000000000000000e+00	 0.00000000000000000000e+00	 0.00000000000000000000e+00	 0.00000000000000000000e+00	 0.00000000000000000000e+00	 0.00000000000000000000e+00	 0.00000000000000000000e+00	 0.00000000000000000000e+00	 0.00000000000000000000e+00	 0.00000000000000000000e+00	 0.00000000000000000000e+00	 0.00000000000000000000e+00	 0.00000000000000000000e+00	 
 3.12000000000000010658e+00	 0.00000000000000000000e+00	 0.00000000000000000000e+00	 0.00000000000000000000e+00	 0.00000000000000000000e+00	 0.00000000000000000000e+00	 0.00000000000000000000e+00	 0.00000000000000000000e+00	 0.00000000000000000000e+00	 0.00000000000000000000e+00	 0.00000000000000000000e+00	 0.00000000000000000000e+00	 0.00000000000000000000e+00	 0.00000000000000000000e+00	 0.00000000000000000000e+00	 
 3.13999999999999968026e+00	 0.00000000000000000000e+00	 0.00000000000000000000e+00	 0.00000000000000000000e+00	 0.00000000000000000000e+00	 0.00000000000000000000e+00	 0.00000000000000000000e+00	 0.00000000000000000000e+00	 0.00000000000000000000e+00	 0.00000000000000000000e+00	 0.00000000000000000000e+00	 0.00000000000000000000e+00	 0.00000000000000000000e+00	 0.00000000000000000000e+00	 0.00000000000000000000e+00	 
 3.16000000000000014211e+00	 0.00000000000000000000e+00	 0.00000000000000000000e+00	 0.00000000000000000000e+00	 0.00000000000000000000e+00	 0.00000000000000000000e+00	 0.00000000000000000000e+00	 0.00000000000000000000e+00	 0.00000000000000000000e+00	 0.00000000000000000000e+00	 0.00000000000000000000e+00	 0.00000000000000000000e+00	 0.00000000000000000000e+00	 0.00000000000000000000e+00	 0.00000000000000000000e+00	 
 3.18000000000000015987e+00	 0.00000000000000000000e+00	 0.00000000000000000000e+00	 0.00000000000000000000e+00	 0.00000000000000000000e+00	 0.00000000000000000000e+00	 0.00000000000000000000e+00	 0.00000000000000000000e+00	 0.00000000000000000000e+00	 0.00000000000000000000e+00	 0.00000000000000000000e+00	 0.00000000000000000000e+00	 0.00000000000000000000e+00	 0.00000000000000000000e+00	 0.00000000000000000000e+00	 
 3.19999999999999973355e+00	 0.00000000000000000000e+00	 0.00000000000000000000e+00	 0.00000000000000000000e+00	 0.00000000000000000000e+00	 0.00000000000000000000e+00	 0.00000000000000000000e+00	 0.00000000000000000000e+00	 0.00000000000000000000e+00	 0.00000000000000000000e+00	 0.00000000000000000000e+00	 0.00000000000000000000e+00	 0.00000000000000000000e+00	 0.00000000000000000000e+00	 0.00000000000000000000e+00	 
 3.22000000000000019540e+00	 0.00000000000000000000e+00	 0.00000000000000000000e+00	 0.00000000000000000000e+00	 0.00000000000000000000e+00	 0.00000000000000000000e+00	 0.00000000000000000000e+00	 0.00000000000000000000e+00	 0.00000000000000000000e+00	 0.00000000000000000000e+00	 0.00000000000000000000e+00	 0.00000000000000000000e+00	 0.00000000000000000000e+00	 0.00000000000000000000e+00	 0.00000000000000000000e+00	 
 3.24000000000000021316e+00	 0.00000000000000000000e+00	 0.00000000000000000000e+00	 0.00000000000000000000e+00	 0.00000000000000000000e+00	 0.00000000000000000000e+00	 0.00000000000000000000e+00	 0.00000000000000000000e+00	 0.00000000000000000000e+00	 0.00000000000000000000e+00	 0.00000000000000000000e+00	 0.00000000000000000000e+00	 0.00000000000000000000e+00	 0.00000000000000000000e+00	 0.00000000000000000000e+00	 
 3.25999999999999978684e+00	 0.00000000000000000000e+00	 0.00000000000000000000e+00	 0.00000000000000000000e+00	 0.00000000000000000000e+00	 0.00000000000000000000e+00	 0.00000000000000000000e+00	 0.00000000000000000000e+00	 0.00000000000000000000e+00	 0.00000000000000000000e+00	 0.00000000000000000000e+00	 0.00000000000000000000e+00	 0.00000000000000000000e+00	 0.00000000000000000000e+00	 0.00000000000000000000e+00	 
 3.28000000000000024869e+00	 0.00000000000000000000e+00	 0.00000000000000000000e+00	 0.00000000000000000000e+00	 0.00000000000000000000e+00	 0.00000000000000000000e+00	 0.00000000000000000000e+00	 0.00000000000000000000e+00	 0.00000000000000000000e+00	 0.00000000000000000000e+00	 0.00000000000000000000e+00	 0.00000000000000000000e+00	 0.00000000000000000000e+00	 0.00000000000000000000e+00	 0.00000000000000000000e+00	 
 3.29999999999999982236e+00	 0.00000000000000000000e+00	 0.00000000000000000000e+00	 0.00000000000000000000e+00	 0.00000000000000000000e+00	 0.00000000000000000000e+00	 0.00000000000000000000e+00	 0.00000000000000000000e+00	 0.00000000000000000000e+00	 0.00000000000000000000e+00	 0.00000000000000000000e+00	 0.00000000000000000000e+00	 0.00000000000000000000e+00	 0.00000000000000000000e+00	 0.00000000000000000000e+00	 
 3.31999999999999984013e+00	 0.00000000000000000000e+00	 0.00000000000000000000e+00	 0.00000000000000000000e+00	 0.00000000000000000000e+00	 0.00000000000000000000e+00	 0.00000000000000000000e+00	 0.00000000000000000000e+00	 0.00000000000000000000e+00	 0.00000000000000000000e+00	 0.00000000000000000000e+00	 0.00000000000000000000e+00	 0.00000000000000000000e+00	 0.00000000000000000000e+00	 0.00000000000000000000e+00	 
 3.34000000000000030198e+00	 0.00000000000000000000e+00	 0.00000000000000000000e+00	 0.00000000000000000000e+00	 0.00000000000000000000e+00	 0.00000000000000000000e+00	 0.00000000000000000000e+00	 0.00000000000000000000e+00	 0.00000000000000000000e+00	 0.00000000000000000000e+00	 0.00000000000000000000e+00	 0.00000000000000000000e+00	 0.00000000000000000000e+00	 0.00000000000000000000e+00	 0.00000000000000000000e+00	 
 3.36000000000000031974e+00	 0.00000000000000000000e+00	 0.00000000000000000000e+00	 0.00000000000000000000e+00	 0.00000000000000000000e+00	 0.00000000000000000000e+00	 0.00000000000000000000e+00	 0.00000000000000000000e+00	 0.00000000000000000000e+00	 0.00000000000000000000e+00	 0.00000000000000000000e+00	 0.00000000000000000000e+00	 0.00000000000000000000e+00	 0.00000000000000000000e+00	 0.00000000000000000000e+00	 
 3.37999999999999989342e+00	 0.00000000000000000000e+00	 0.00000000000000000000e+00	 0.00000000000000000000e+00	 0.00000000000000000000e+00	 0.00000000000000000000e+00	 0.00000000000000000000e+00	 0.00000000000000000000e+00	 0.00000000000000000000e+00	 0.00000000000000000000e+00	 0.00000000000000000000e+00	 0.00000000000000000000e+00	 0.00000000000000000000e+00	 0.00000000000000000000e+00	 0.00000000000000000000e+00	 
 3.39999999999999991118e+00	 0.00000000000000000000e+00	 0.00000000000000000000e+00	 0.00000000000000000000e+00	 0.00000000000000000000e+00	 0.00000000000000000000e+00	 0.00000000000000000000e+00	 0.00000000000000000000e+00	 0.00000000000000000000e+00	 0.00000000000000000000e+00	 0.00000000000000000000e+00	 0.00000000000000000000e+00	 0.00000000000000000000e+00	 0.00000000000000000000e+00	 0.00000000000000000000e+00	 
 3.42000000000000037303e+00	 0.00000000000000000000e+00	 0.00000000000000000000e+00	 0.00000000000000000000e+00	 0.00000000000000000000e+00	 0.00000000000000000000e+00	 0.00000000000000000000e+00	 0.00000000000000000000e+00	 0.00000000000000000000e+00	 0.00000000000000000000e+00	 0.00000000000000000000e+00	 0.00000000000000000000e+00	 0.00000000000000000000e+00	 0.00000000000000000000e+00	 0.00000000000000000000e+00	 
 3.43999999999999994671e+00	 0.00000000000000000000e+00	 0.00000000000000000000e+00	 0.00000000000000000000e+00	 0.00000000000000000000e+00	 0.00000000000000000000e+00	 0.00000000000000000000e+00	 0.00000000000000000000e+00	 0.00000000000000000000e+00	 0.00000000000000000000e+00	 0.00000000000000000000e+00	 0.00000000000000000000e+00	 0.00000000000000000000e+00	 0.00000000000000000000e+00	 0.00000000000000000000e+00	 
 3.45999999999999996447e+00	 0.00000000000000000000e+00	 0.00000000000000000000e+00	 0.00000000000000000000e+00	 0.00000000000000000000e+00	 0.00000000000000000000e+00	 0.00000000000000000000e+00	 0.00000000000000000000e+00	 0.00000000000000000000e+00	 0.00000000000000000000e+00	 0.00000000000000000000e+00	 0.00000000000000000000e+00	 0.00000000000000000000e+00	 0.00000000000000000000e+00	 0.00000000000000000000e+00	 
 3.48000000000000042633e+00	 0.00000000000000000000e+00	 0.00000000000000000000e+00	 0.00000000000000000000e+00	 0.00000000000000000000e+00	 0.00000000000000000000e+00	 0.00000000000000000000e+00	 0.00000000000000000000e+00	 0.00000000000000000000e+00	 0.00000000000000000000e+00	 0.00000000000000000000e+00	 0.00000000000000000000e+00	 0.00000000000000000000e+00	 0.00000000000000000000e+00	 0.00000000000000000000e+00	 
 3.50000000000000000000e+00	 0.00000000000000000000e+00	 0.00000000000000000000e+00	 0.00000000000000000000e+00	 0.00000000000000000000e+00	 0.00000000000000000000e+00	 0.00000000000000000000e+00	 0.00000000000000000000e+00	 0.00000000000000000000e+00	 0.00000000000000000000e+00	 0.00000000000000000000e+00	 0.00000000000000000000e+00	 0.00000000000000000000e+00	 0.00000000000000000000e+00	 0.00000000000000000000e+00	 
 3.52000000000000001776e+00	 0.00000000000000000000e+00	 0.00000000000000000000e+00	 0.00000000000000000000e+00	 0.00000000000000000000e+00	 0.00000000000000000000e+00	 0.00000000000000000000e+00	 0.00000000000000000000e+00	 0.00000000000000000000e+00	 0.00000000000000000000e+00	 0.00000000000000000000e+00	 0.00000000000000000000e+00	 0.00000000000000000000e+00	 0.00000000000000000000e+00	 0.00000000000000000000e+00	 
 3.54000000000000047962e+00	 0.00000000000000000000e+00	 0.00000000000000000000e+00	 0.00000000000000000000e+00	 0.00000000000000000000e+00	 0.00000000000000000000e+00	 0.00000000000000000000e+00	 0.00000000000000000000e+00	 0.00000000000000000000e+00	 0.00000000000000000000e+00	 0.00000000000000000000e+00	 0.00000000000000000000e+00	 0.00000000000000000000e+00	 0.00000000000000000000e+00	 0.00000000000000000000e+00	 
 3.56000000000000005329e+00	 0.00000000000000000000e+00	 0.00000000000000000000e+00	 0.00000000000000000000e+00	 0.00000000000000000000e+00	 0.00000000000000000000e+00	 0.00000000000000000000e+00	 0.00000000000000000000e+00	 0.00000000000000000000e+00	 0.00000000000000000000e+00	 0.00000000000000000000e+00	 0.00000000000000000000e+00	 0.00000000000000000000e+00	 0.00000000000000000000e+00	 0.00000000000000000000e+00	 
 3.58000000000000007105e+00	 0.00000000000000000000e+00	 0.00000000000000000000e+00	 0.00000000000000000000e+00	 0.00000000000000000000e+00	 0.00000000000000000000e+00	 0.00000000000000000000e+00	 0.00000000000000000000e+00	 0.00000000000000000000e+00	 0.00000000000000000000e+00	 0.00000000000000000000e+00	 0.00000000000000000000e+00	 0.00000000000000000000e+00	 0.00000000000000000000e+00	 0.00000000000000000000e+00	 
 3.60000000000000053291e+00	 0.00000000000000000000e+00	 0.00000000000000000000e+00	 0.00000000000000000000e+00	 0.00000000000000000000e+00	 0.00000000000000000000e+00	 0.00000000000000000000e+00	 0.00000000000000000000e+00	 0.00000000000000000000e+00	 0.00000000000000000000e+00	 0.00000000000000000000e+00	 0.00000000000000000000e+00	 0.00000000000000000000e+00	 0.00000000000000000000e+00	 0.00000000000000000000e+00	 
 3.62000000000000010658e+00	 0.00000000000000000000e+00	 0.00000000000000000000e+00	 0.00000000000000000000e+00	 0.00000000000000000000e+00	 0.00000000000000000000e+00	 0.00000000000000000000e+00	 0.00000000000000000000e+00	 0.00000000000000000000e+00	 0.00000000000000000000e+00	 0.00000000000000000000e+00	 0.00000000000000000000e+00	 0.00000000000000000000e+00	 0.00000000000000000000e+00	 0.00000000000000000000e+00	 
 3.63999999999999968026e+00	 0.00000000000000000000e+00	 0.00000000000000000000e+00	 0.00000000000000000000e+00	 0.00000000000000000000e+00	 0.00000000000000000000e+00	 0.00000000000000000000e+00	 0.00000000000000000000e+00	 0.00000000000000000000e+00	 0.00000000000000000000e+00	 0.00000000000000000000e+00	 0.00000000000000000000e+00	 0.00000000000000000000e+00	 0.00000000000000000000e+00	 0.00000000000000000000e+00	 
 3.65999999999999969802e+00	 0.00000000000000000000e+00	 0.00000000000000000000e+00	 0.00000000000000000000e+00	 0.00000000000000000000e+00	 0.00000000000000000000e+00	 0.00000000000000000000e+00	 0.00000000000000000000e+00	 0.00000000000000000000e+00	 0.00000000000000000000e+00	 0.00000000000000000000e+00	 0.00000000000000000000e+00	 0.00000000000000000000e+00	 0.00000000000000000000e+00	 0.00000000000000000000e+00	 
 3.68000000000000015987e+00	 0.00000000000000000000e+00	 0.00000000000000000000e+00	 0.00000000000000000000e+00	 0.00000000000000000000e+00	 0.00000000000000000000e+00	 0.00000000000000000000e+00	 0.00000000000000000000e+00	 0.00000000000000000000e+00	 0.00000000000000000000e+00	 0.00000000000000000000e+00	 0.00000000000000000000e+00	 0.00000000000000000000e+00	 0.00000000000000000000e+00	 0.00000000000000000000e+00	 
 3.70000000000000017764e+00	 0.00000000000000000000e+00	 0.00000000000000000000e+00	 0.00000000000000000000e+00	 0.00000000000000000000e+00	 0.00000000000000000000e+00	 0.00000000000000000000e+00	 0.00000000000000000000e+00	 0.00000000000000000000e+00	 0.00000000000000000000e+00	 0.00000000000000000000e+00	 0.00000000000000000000e+00	 0.00000000000000000000e+00	 0.00000000000000000000e+00	 0.00000000000000000000e+00	 
 3.71999999999999975131e+00	 0.00000000000000000000e+00	 0.00000000000000000000e+00	 0.00000000000000000000e+00	 0.00000000000000000000e+00	 0.00000000000000000000e+00	 0.00000000000000000000e+00	 0.00000000000000000000e+00	 0.00000000000000000000e+00	 0.00000000000000000000e+00	 0.00000000000000000000e+00	 0.00000000000000000000e+00	 0.00000000000000000000e+00	 0.00000000000000000000e+00	 0.00000000000000000000e+00	 
 3.74000000000000021316e+00	 0.00000000000000000000e+00	 0.00000000000000000000e+00	 0.00000000000000000000e+00	 0.00000000000000000000e+00	 0.00000000000000000000e+00	 0.00000000000000000000e+00	 0.00000000000000000000e+00	 0.00000000000000000000e+00	 0.00000000000000000000e+00	 0.00000000000000000000e+00	 0.00000000000000000000e+00	 0.00000000000000000000e+00	 0.00000000000000000000e+00	 0.00000000000000000000e+00	 
 3.76000000000000023093e+00	 0.00000000000000000000e+00	 0.00000000000000000000e+00	 0.00000000000000000000e+00	 0.00000000000000000000e+00	 0.00000000000000000000e+00	 0.00000000000000000000e+00	 0.00000000000000000000e+00	 0.00000000000000000000e+00	 0.00000000000000000000e+00	 0.00000000000000000000e+00	 0.00000000000000000000e+00	 0.00000000000000000000e+00	 0.00000000000000000000e+00	 0.00000000000000000000e+00	 
 3.77999999999999980460e+00	 0.00000000000000000000e+00	 0.00000000000000000000e+00	 0.00000000000000000000e+00	 0.00000000000000000000e+00	 0.00000000000000000000e+00	 0.00000000000000000000e+00	 0.00000000000000000000e+00	 0.00000000000000000000e+00	 0.00000000000000000000e+00	 0.00000000000000000000e+00	 0.00000000000000000000e+00	 0.00000000000000000000e+00	 0.00000000000000000000e+00	 0.00000000000000000000e+00	 
 3.80000000000000026645e+00	 0.00000000000000000000e+00	 0.00000000000000000000e+00	 0.00000000000000000000e+00	 0.00000000000000000000e+00	 0.00000000000000000000e+00	 0.00000000000000000000e+00	 0.00000000000000000000e+00	 0.00000000000000000000e+00	 0.00000000000000000000e+00	 0.00000000000000000000e+00	 0.00000000000000000000e+00	 0.00000000000000000000e+00	 0.00000000000000000000e+00	 0.00000000000000000000e+00	 
 3.82000000000000028422e+00	 0.00000000000000000000e+00	 0.00000000000000000000e+00	 0.00000000000000000000e+00	 0.00000000000000000000e+00	 0.00000000000000000000e+00	 0.00000000000000000000e+00	 0.00000000000000000000e+00	 0.00000000000000000000e+00	 0.00000000000000000000e+00	 0.00000000000000000000e+00	 0.00000000000000000000e+00	 0.00000000000000000000e+00	 0.00000000000000000000e+00	 0.00000000000000000000e+00	 
 3.83999999999999985789e+00	 0.00000000000000000000e+00	 0.00000000000000000000e+00	 0.00000000000000000000e+00	 0.00000000000000000000e+00	 0.00000000000000000000e+00	 0.00000000000000000000e+00	 0.00000000000000000000e+00	 0.00000000000000000000e+00	 0.00000000000000000000e+00	 0.00000000000000000000e+00	 0.00000000000000000000e+00	 0.00000000000000000000e+00	 0.00000000000000000000e+00	 0.00000000000000000000e+00	 
 3.86000000000000031974e+00	 0.00000000000000000000e+00	 0.00000000000000000000e+00	 0.00000000000000000000e+00	 0.00000000000000000000e+00	 0.00000000000000000000e+00	 0.00000000000000000000e+00	 0.00000000000000000000e+00	 0.00000000000000000000e+00	 0.00000000000000000000e+00	 0.00000000000000000000e+00	 0.00000000000000000000e+00	 0.00000000000000000000e+00	 0.00000000000000000000e+00	 0.00000000000000000000e+00	 
 3.87999999999999989342e+00	 0.00000000000000000000e+00	 0.00000000000000000000e+00	 0.00000000000000000000e+00	 0.00000000000000000000e+00	 0.00000000000000000000e+00	 0.00000000000000000000e+00	 0.00000000000000000000e+00	 0.00000000000000000000e+00	 0.00000000000000000000e+00	 0.00000000000000000000e+00	 0.00000000000000000000e+00	 0.00000000000000000000e+00	 0.00000000000000000000e+00	 0.00000000000000000000e+00	 
 3.89999999999999991118e+00	 0.00000000000000000000e+00	 0.00000000000000000000e+00	 0.00000000000000000000e+00	 0.00000000000000000000e+00	 0.00000000000000000000e+00	 0.00000000000000000000e+00	 0.00000000000000000000e+00	 0.00000000000000000000e+00	 0.00000000000000000000e+00	 0.00000000000000000000e+00	 0.00000000000000000000e+00	 0.00000000000000000000e+00	 0.00000000000000000000e+00	 0.00000000000000000000e+00	 
 3.91999999999999948486e+00	 0.00000000000000000000e+00	 0.00000000000000000000e+00	 0.00000000000000000000e+00	 0.00000000000000000000e+00	 0.00000000000000000000e+00	 0.00000000000000000000e+00	 0.00000000000000000000e+00	 0.00000000000000000000e+00	 0.00000000000000000000e+00	 0.00000000000000000000e+00	 0.00000000000000000000e+00	 0.00000000000000000000e+00	 0.00000000000000000000e+00	 0.00000000000000000000e+00	 
 3.93999999999999994671e+00	 0.00000000000000000000e+00	 0.00000000000000000000e+00	 0.00000000000000000000e+00	 0.00000000000000000000e+00	 0.00000000000000000000e+00	 0.00000000000000000000e+00	 0.00000000000000000000e+00	 0.00000000000000000000e+00	 0.00000000000000000000e+00	 0.00000000000000000000e+00	 0.00000000000000000000e+00	 0.00000000000000000000e+00	 0.00000000000000000000e+00	 0.00000000000000000000e+00	 
 3.95999999999999996447e+00	 0.00000000000000000000e+00	 0.00000000000000000000e+00	 0.00000000000000000000e+00	 0.00000000000000000000e+00	 0.00000000000000000000e+00	 0.00000000000000000000e+00	 0.00000000000000000000e+00	 0.00000000000000000000e+00	 0.00000000000000000000e+00	 0.00000000000000000000e+00	 0.00000000000000000000e+00	 0.00000000000000000000e+00	 0.00000000000000000000e+00	 0.00000000000000000000e+00	 
 3.97999999999999953815e+00	 0.00000000000000000000e+00	 0.00000000000000000000e+00	 0.00000000000000000000e+00	 0.00000000000000000000e+00	 0.00000000000000000000e+00	 0.00000000000000000000e+00	 0.00000000000000000000e+00	 0.00000000000000000000e+00	 0.00000000000000000000e+00	 0.00000000000000000000e+00	 0.00000000000000000000e+00	 0.00000000000000000000e+00	 0.00000000000000000000e+00	 0.00000000000000000000e+00	 
 4.00000000000000000000e+00	 0.00000000000000000000e+00	 0.00000000000000000000e+00	 0.00000000000000000000e+00	 0.00000000000000000000e+00	 0.00000000000000000000e+00	 0.00000000000000000000e+00	 0.00000000000000000000e+00	 0.00000000000000000000e+00	 0.00000000000000000000e+00	 0.00000000000000000000e+00	 0.00000000000000000000e+00	 0.00000000000000000000e+00	 0.00000000000000000000e+00	 0.00000000000000000000e+00	 
 4.01999999999999957367e+00	 0.00000000000000000000e+00	 0.00000000000000000000e+00	 0.00000000000000000000e+00	 0.00000000000000000000e+00	 0.00000000000000000000e+00	 0.00000000000000000000e+00	 0.00000000000000000000e+00	 0.00000000000000000000e+00	 0.00000000000000000000e+00	 0.00000000000000000000e+00	 0.00000000000000000000e+00	 0.00000000000000000000e+00	 0.00000000000000000000e+00	 0.00000000000000000000e+00	 
 4.04000000000000003553e+00	 0.00000000000000000000e+00	 0.00000000000000000000e+00	 0.00000000000000000000e+00	 0.00000000000000000000e+00	 0.00000000000000000000e+00	 0.00000000000000000000e+00	 0.00000000000000000000e+00	 0.00000000000000000000e+00	 0.00000000000000000000e+00	 0.00000000000000000000e+00	 0.00000000000000000000e+00	 0.00000000000000000000e+00	 0.00000000000000000000e+00	 0.00000000000000000000e+00	 
 4.06000000000000049738e+00	 0.00000000000000000000e+00	 0.00000000000000000000e+00	 0.00000000000000000000e+00	 0.00000000000000000000e+00	 0.00000000000000000000e+00	 0.00000000000000000000e+00	 0.00000000000000000000e+00	 0.00000000000000000000e+00	 0.00000000000000000000e+00	 0.00000000000000000000e+00	 0.00000000000000000000e+00	 0.00000000000000000000e+00	 0.00000000000000000000e+00	 0.00000000000000000000e+00	 
 4.08000000000000007105e+00	 0.00000000000000000000e+00	 0.00000000000000000000e+00	 0.00000000000000000000e+00	 0.00000000000000000000e+00	 0.00000000000000000000e+00	 0.00000000000000000000e+00	 0.00000000000000000000e+00	 0.00000000000000000000e+00	 0.00000000000000000000e+00	 0.00000000000000000000e+00	 0.00000000000000000000e+00	 0.00000000000000000000e+00	 0.00000000000000000000e+00	 0.00000000000000000000e+00	 
 4.09999999999999964473e+00	 0.00000000000000000000e+00	 0.00000000000000000000e+00	 0.00000000000000000000e+00	 0.00000000000000000000e+00	 0.00000000000000000000e+00	 0.00000000000000000000e+00	 0.00000000000000000000e+00	 0.00000000000000000000e+00	 0.00000000000000000000e+00	 0.00000000000000000000e+00	 0.00000000000000000000e+00	 0.00000000000000000000e+00	 0.00000000000000000000e+00	 0.00000000000000000000e+00	 
 4.12000000000000010658e+00	 0.00000000000000000000e+00	 0.00000000000000000000e+00	 0.00000000000000000000e+00	 0.00000000000000000000e+00	 0.00000000000000000000e+00	 0.00000000000000000000e+00	 0.00000000000000000000e+00	 0.00000000000000000000e+00	 0.00000000000000000000e+00	 0.00000000000000000000e+00	 0.00000000000000000000e+00	 0.00000000000000000000e+00	 0.00000000000000000000e+00	 0.00000000000000000000e+00	 
 4.14000000000000056843e+00	 0.00000000000000000000e+00	 0.00000000000000000000e+00	 0.00000000000000000000e+00	 0.00000000000000000000e+00	 0.00000000000000000000e+00	 0.00000000000000000000e+00	 0.00000000000000000000e+00	 0.00000000000000000000e+00	 0.00000000000000000000e+00	 0.00000000000000000000e+00	 0.00000000000000000000e+00	 0.00000000000000000000e+00	 0.00000000000000000000e+00	 0.00000000000000000000e+00	 
 4.16000000000000014211e+00	 0.00000000000000000000e+00	 0.00000000000000000000e+00	 0.00000000000000000000e+00	 0.00000000000000000000e+00	 0.00000000000000000000e+00	 0.00000000000000000000e+00	 0.00000000000000000000e+00	 0.00000000000000000000e+00	 0.00000000000000000000e+00	 0.00000000000000000000e+00	 0.00000000000000000000e+00	 0.00000000000000000000e+00	 0.00000000000000000000e+00	 0.00000000000000000000e+00	 
 4.17999999999999971578e+00	 0.00000000000000000000e+00	 0.00000000000000000000e+00	 0.00000000000000000000e+00	 0.00000000000000000000e+00	 0.00000000000000000000e+00	 0.00000000000000000000e+00	 0.00000000000000000000e+00	 0.00000000000000000000e+00	 0.00000000000000000000e+00	 0.00000000000000000000e+00	 0.00000000000000000000e+00	 0.00000000000000000000e+00	 0.00000000000000000000e+00	 0.00000000000000000000e+00	 
 4.20000000000000017764e+00	 0.00000000000000000000e+00	 0.00000000000000000000e+00	 0.00000000000000000000e+00	 0.00000000000000000000e+00	 0.00000000000000000000e+00	 0.00000000000000000000e+00	 0.00000000000000000000e+00	 0.00000000000000000000e+00	 0.00000000000000000000e+00	 0.00000000000000000000e+00	 0.00000000000000000000e+00	 0.00000000000000000000e+00	 0.00000000000000000000e+00	 0.00000000000000000000e+00	 
 4.21999999999999975131e+00	 0.00000000000000000000e+00	 0.00000000000000000000e+00	 0.00000000000000000000e+00	 0.00000000000000000000e+00	 0.00000000000000000000e+00	 0.00000000000000000000e+00	 0.00000000000000000000e+00	 0.00000000000000000000e+00	 0.00000000000000000000e+00	 0.00000000000000000000e+00	 0.00000000000000000000e+00	 0.00000000000000000000e+00	 0.00000000000000000000e+00	 0.00000000000000000000e+00	 
 4.24000000000000021316e+00	 0.00000000000000000000e+00	 0.00000000000000000000e+00	 0.00000000000000000000e+00	 0.00000000000000000000e+00	 0.00000000000000000000e+00	 0.00000000000000000000e+00	 0.00000000000000000000e+00	 0.00000000000000000000e+00	 0.00000000000000000000e+00	 0.00000000000000000000e+00	 0.00000000000000000000e+00	 0.00000000000000000000e+00	 0.00000000000000000000e+00	 0.00000000000000000000e+00	 
 4.25999999999999978684e+00	 0.00000000000000000000e+00	 0.00000000000000000000e+00	 0.00000000000000000000e+00	 0.00000000000000000000e+00	 0.00000000000000000000e+00	 0.00000000000000000000e+00	 0.00000000000000000000e+00	 0.00000000000000000000e+00	 0.00000000000000000000e+00	 0.00000000000000000000e+00	 0.00000000000000000000e+00	 0.00000000000000000000e+00	 0.00000000000000000000e+00	 0.00000000000000000000e+00	 
 4.28000000000000024869e+00	 0.00000000000000000000e+00	 0.00000000000000000000e+00	 0.00000000000000000000e+00	 0.00000000000000000000e+00	 0.00000000000000000000e+00	 0.00000000000000000000e+00	 0.00000000000000000000e+00	 0.00000000000000000000e+00	 0.00000000000000000000e+00	 0.00000000000000000000e+00	 0.00000000000000000000e+00	 0.00000000000000000000e+00	 0.00000000000000000000e+00	 0.00000000000000000000e+00	 
 4.29999999999999982236e+00	 0.00000000000000000000e+00	 0.00000000000000000000e+00	 0.00000000000000000000e+00	 0.00000000000000000000e+00	 0.00000000000000000000e+00	 0.00000000000000000000e+00	 0.00000000000000000000e+00	 0.00000000000000000000e+00	 0.00000000000000000000e+00	 0.00000000000000000000e+00	 0.00000000000000000000e+00	 0.00000000000000000000e+00	 0.00000000000000000000e+00	 0.00000000000000000000e+00	 
 4.32000000000000028422e+00	 0.00000000000000000000e+00	 0.00000000000000000000e+00	 0.00000000000000000000e+00	 0.00000000000000000000e+00	 0.00000000000000000000e+00	 0.00000000000000000000e+00	 0.00000000000000000000e+00	 0.00000000000000000000e+00	 0.00000000000000000000e+00	 0.00000000000000000000e+00	 0.00000000000000000000e+00	 0.00000000000000000000e+00	 0.00000000000000000000e+00	 0.00000000000000000000e+00	 
 4.33999999999999985789e+00	 0.00000000000000000000e+00	 0.00000000000000000000e+00	 0.00000000000000000000e+00	 0.00000000000000000000e+00	 0.00000000000000000000e+00	 0.00000000000000000000e+00	 0.00000000000000000000e+00	 0.00000000000000000000e+00	 0.00000000000000000000e+00	 0.00000000000000000000e+00	 0.00000000000000000000e+00	 0.00000000000000000000e+00	 0.00000000000000000000e+00	 0.00000000000000000000e+00	 
 4.36000000000000031974e+00	 0.00000000000000000000e+00	 0.00000000000000000000e+00	 0.00000000000000000000e+00	 0.00000000000000000000e+00	 0.00000000000000000000e+00	 0.00000000000000000000e+00	 0.00000000000000000000e+00	 0.00000000000000000000e+00	 0.00000000000000000000e+00	 0.00000000000000000000e+00	 0.00000000000000000000e+00	 0.00000000000000000000e+00	 0.00000000000000000000e+00	 0.00000000000000000000e+00	 
 4.37999999999999989342e+00	 0.00000000000000000000e+00	 0.00000000000000000000e+00	 0.00000000000000000000e+00	 0.00000000000000000000e+00	 0.00000000000000000000e+00	 0.00000000000000000000e+00	 0.00000000000000000000e+00	 0.00000000000000000000e+00	 0.00000000000000000000e+00	 0.00000000000000000000e+00	 0.00000000000000000000e+00	 0.00000000000000000000e+00	 0.00000000000000000000e+00	 0.00000000000000000000e+00	 
 4.40000000000000035527e+00	 0.00000000000000000000e+00	 0.00000000000000000000e+00	 0.00000000000000000000e+00	 0.00000000000000000000e+00	 0.00000000000000000000e+00	 0.00000000000000000000e+00	 0.00000000000000000000e+00	 0.00000000000000000000e+00	 0.00000000000000000000e+00	 0.00000000000000000000e+00	 0.00000000000000000000e+00	 0.00000000000000000000e+00	 0.00000000000000000000e+00	 0.00000000000000000000e+00	 
 4.41999999999999992895e+00	 0.00000000000000000000e+00	 0.00000000000000000000e+00	 0.00000000000000000000e+00	 0.00000000000000000000e+00	 0.00000000000000000000e+00	 0.00000000000000000000e+00	 0.00000000000000000000e+00	 0.00000000000000000000e+00	 0.00000000000000000000e+00	 0.00000000000000000000e+00	 0.00000000000000000000e+00	 0.00000000000000000000e+00	 0.00000000000000000000e+00	 0.00000000000000000000e+00	 
 4.43999999999999950262e+00	 0.00000000000000000000e+00	 0.00000000000000000000e+00	 0.00000000000000000000e+00	 0.00000000000000000000e+00	 0.00000000000000000000e+00	 0.00000000000000000000e+00	 0.00000000000000000000e+00	 0.00000000000000000000e+00	 0.00000000000000000000e+00	 0.00000000000000000000e+00	 0.00000000000000000000e+00	 0.00000000000000000000e+00	 0.00000000000000000000e+00	 0.00000000000000000000e+00	 
 4.45999999999999996447e+00	 0.00000000000000000000e+00	 0.00000000000000000000e+00	 0.00000000000000000000e+00	 0.00000000000000000000e+00	 0.00000000000000000000e+00	 0.00000000000000000000e+00	 0.00000000000000000000e+00	 0.00000000000000000000e+00	 0.00000000000000000000e+00	 0.00000000000000000000e+00	 0.00000000000000000000e+00	 0.00000000000000000000e+00	 0.00000000000000000000e+00	 0.00000000000000000000e+00	 
 4.47999999999999953815e+00	 0.00000000000000000000e+00	 0.00000000000000000000e+00	 0.00000000000000000000e+00	 0.00000000000000000000e+00	 0.00000000000000000000e+00	 0.00000000000000000000e+00	 0.00000000000000000000e+00	 0.00000000000000000000e+00	 0.00000000000000000000e+00	 0.00000000000000000000e+00	 0.00000000000000000000e+00	 0.00000000000000000000e+00	 0.00000000000000000000e+00	 0.00000000000000000000e+00	 
 4.50000000000000000000e+00	 0.00000000000000000000e+00	 0.00000000000000000000e+00	 0.00000000000000000000e+00	 0.00000000000000000000e+00	 0.00000000000000000000e+00	 0.00000000000000000000e+00	 0.00000000000000000000e+00	 0.00000000000000000000e+00	 0.00000000000000000000e+00	 0.00000000000000000000e+00	 0.00000000000000000000e+00	 0.00000000000000000000e+00	 0.00000000000000000000e+00	 0.00000000000000000000e+00	 
 4.52000000000000046185e+00	 0.00000000000000000000e+00	 0.00000000000000000000e+00	 0.00000000000000000000e+00	 0.00000000000000000000e+00	 0.00000000000000000000e+00	 0.00000000000000000000e+00	 0.00000000000000000000e+00	 0.00000000000000000000e+00	 0.00000000000000000000e+00	 0.00000000000000000000e+00	 0.00000000000000000000e+00	 0.00000000000000000000e+00	 0.00000000000000000000e+00	 0.00000000000000000000e+00	 
 4.54000000000000003553e+00	 0.00000000000000000000e+00	 0.00000000000000000000e+00	 0.00000000000000000000e+00	 0.00000000000000000000e+00	 0.00000000000000000000e+00	 0.00000000000000000000e+00	 0.00000000000000000000e+00	 0.00000000000000000000e+00	 0.00000000000000000000e+00	 0.00000000000000000000e+00	 0.00000000000000000000e+00	 0.00000000000000000000e+00	 0.00000000000000000000e+00	 0.00000000000000000000e+00	 
 4.55999999999999960920e+00	 0.00000000000000000000e+00	 0.00000000000000000000e+00	 0.00000000000000000000e+00	 0.00000000000000000000e+00	 0.00000000000000000000e+00	 0.00000000000000000000e+00	 0.00000000000000000000e+00	 0.00000000000000000000e+00	 0.00000000000000000000e+00	 0.00000000000000000000e+00	 0.00000000000000000000e+00	 0.00000000000000000000e+00	 0.00000000000000000000e+00	 0.00000000000000000000e+00	 
 4.58000000000000007105e+00	 0.00000000000000000000e+00	 0.00000000000000000000e+00	 0.00000000000000000000e+00	 0.00000000000000000000e+00	 0.00000000000000000000e+00	 0.00000000000000000000e+00	 0.00000000000000000000e+00	 0.00000000000000000000e+00	 0.00000000000000000000e+00	 0.00000000000000000000e+00	 0.00000000000000000000e+00	 0.00000000000000000000e+00	 0.00000000000000000000e+00	 0.00000000000000000000e+00	 
 4.60000000000000053291e+00	 0.00000000000000000000e+00	 0.00000000000000000000e+00	 0.00000000000000000000e+00	 0.00000000000000000000e+00	 0.00000000000000000000e+00	 0.00000000000000000000e+00	 0.00000000000000000000e+00	 0.00000000000000000000e+00	 0.00000000000000000000e+00	 0.00000000000000000000e+00	 0.00000000000000000000e+00	 0.00000000000000000000e+00	 0.00000000000000000000e+00	 0.00000000000000000000e+00	 
 4.62000000000000010658e+00	 0.00000000000000000000e+00	 0.00000000000000000000e+00	 0.00000000000000000000e+00	 0.00000000000000000000e+00	 0.00000000000000000000e+00	 0.00000000000000000000e+00	 0.00000000000000000000e+00	 0.00000000000000000000e+00	 0.00000000000000000000e+00	 0.00000000000000000000e+00	 0.00000000000000000000e+00	 0.00000000000000000000e+00	 0.00000000000000000000e+00	 0.00000000000000000000e+00	 
 4.63999999999999968026e+00	 0.00000000000000000000e+00	 0.00000000000000000000e+00	 0.00000000000000000000e+00	 0.00000000000000000000e+00	 0.00000000000000000000e+00	 0.00000000000000000000e+00	 0.00000000000000000000e+00	 0.00000000000000000000e+00	 0.00000000000000000000e+00	 0.00000000000000000000e+00	 0.00000000000000000000e+00	 0.00000000000000000000e+00	 0.00000000000000000000e+00	 0.00000000000000000000e+00	 
 4.66000000000000014211e+00	 0.00000000000000000000e+00	 0.00000000000000000000e+00	 0.00000000000000000000e+00	 0.00000000000000000000e+00	 0.00000000000000000000e+00	 0.00000000000000000000e+00	 0.00000000000000000000e+00	 0.00000000000000000000e+00	 0.00000000000000000000e+00	 0.00000000000000000000e+00	 0.00000000000000000000e+00	 0.00000000000000000000e+00	 0.00000000000000000000e+00	 0.00000000000000000000e+00	 
 4.67999999999999971578e+00	 0.00000000000000000000e+00	 0.00000000000000000000e+00	 0.00000000000000000000e+00	 0.00000000000000000000e+00	 0.00000000000000000000e+00	 0.00000000000000000000e+00	 0.00000000000000000000e+00	 0.00000000000000000000e+00	 0.00000000000000000000e+00	 0.00000000000000000000e+00	 0.00000000000000000000e+00	 0.00000000000000000000e+00	 0.00000000000000000000e+00	 0.00000000000000000000e+00	 
 4.69999999999999928946e+00	 0.00000000000000000000e+00	 0.00000000000000000000e+00	 0.00000000000000000000e+00	 0.00000000000000000000e+00	 0.00000000000000000000e+00	 0.00000000000000000000e+00	 0.00000000000000000000e+00	 0.00000000000000000000e+00	 0.00000000000000000000e+00	 0.00000000000000000000e+00	 0.00000000000000000000e+00	 0.00000000000000000000e+00	 0.00000000000000000000e+00	 0.00000000000000000000e+00	 
 4.72000000000000063949e+00	 0.00000000000000000000e+00	 0.00000000000000000000e+00	 0.00000000000000000000e+00	 0.00000000000000000000e+00	 0.00000000000000000000e+00	 0.00000000000000000000e+00	 0.00000000000000000000e+00	 0.00000000000000000000e+00	 0.00000000000000000000e+00	 0.00000000000000000000e+00	 0.00000000000000000000e+00	 0.00000000000000000000e+00	 0.00000000000000000000e+00	 0.00000000000000000000e+00	 
 4.74000000000000021316e+00	 0.00000000000000000000e+00	 0.00000000000000000000e+00	 0.00000000000000000000e+00	 0.00000000000000000000e+00	 0.00000000000000000000e+00	 0.00000000000000000000e+00	 0.00000000000000000000e+00	 0.00000000000000000000e+00	 0.00000000000000000000e+00	 0.00000000000000000000e+00	 0.00000000000000000000e+00	 0.00000000000000000000e+00	 0.00000000000000000000e+00	 0.00000000000000000000e+00	 
 4.75999999999999978684e+00	 0.00000000000000000000e+00	 0.00000000000000000000e+00	 0.00000000000000000000e+00	 0.00000000000000000000e+00	 0.00000000000000000000e+00	 0.00000000000000000000e+00	 0.00000000000000000000e+00	 0.00000000000000000000e+00	 0.00000000000000000000e+00	 0.00000000000000000000e+00	 0.00000000000000000000e+00	 0.00000000000000000000e+00	 0.00000000000000000000e+00	 0.00000000000000000000e+00	 
 4.78000000000000024869e+00	 0.00000000000000000000e+00	 0.00000000000000000000e+00	 0.00000000000000000000e+00	 0.00000000000000000000e+00	 0.00000000000000000000e+00	 0.00000000000000000000e+00	 0.00000000000000000000e+00	 0.00000000000000000000e+00	 0.00000000000000000000e+00	 0.00000000000000000000e+00	 0.00000000000000000000e+00	 0.00000000000000000000e+00	 0.00000000000000000000e+00	 0.00000000000000000000e+00	 
 4.79999999999999982236e+00	 0.00000000000000000000e+00	 0.00000000000000000000e+00	 0.00000000000000000000e+00	 0.00000000000000000000e+00	 0.00000000000000000000e+00	 0.00000000000000000000e+00	 0.00000000000000000000e+00	 0.00000000000000000000e+00	 0.00000000000000000000e+00	 0.00000000000000000000e+00	 0.00000000000000000000e+00	 0.00000000000000000000e+00	 0.00000000000000000000e+00	 0.00000000000000000000e+00	 
 4.81999999999999939604e+00	 0.00000000000000000000e+00	 0.00000000000000000000e+00	 0.00000000000000000000e+00	 0.00000000000000000000e+00	 0.00000000000000000000e+00	 0.00000000000000000000e+00	 0.00000000000000000000e+00	 0.00000000000000000000e+00	 0.00000000000000000000e+00	 0.00000000000000000000e+00	 0.00000000000000000000e+00	 0.00000000000000000000e+00	 0.00000000000000000000e+00	 0.00000000000000000000e+00	 
 4.84000000000000074607e+00	 0.00000000000000000000e+00	 0.00000000000000000000e+00	 0.00000000000000000000e+00	 0.00000000000000000000e+00	 0.00000000000000000000e+00	 0.00000000000000000000e+00	 0.00000000000000000000e+00	 0.00000000000000000000e+00	 0.00000000000000000000e+00	 0.00000000000000000000e+00	 0.00000000000000000000e+00	 0.00000000000000000000e+00	 0.00000000000000000000e+00	 0.00000000000000000000e+00	 
 4.86000000000000031974e+00	 0.00000000000000000000e+00	 0.00000000000000000000e+00	 0.00000000000000000000e+00	 0.00000000000000000000e+00	 0.00000000000000000000e+00	 0.00000000000000000000e+00	 0.00000000000000000000e+00	 0.00000000000000000000e+00	 0.00000000000000000000e+00	 0.00000000000000000000e+00	 0.00000000000000000000e+00	 0.00000000000000000000e+00	 0.00000000000000000000e+00	 0.00000000000000000000e+00	 
 4.87999999999999989342e+00	 0.00000000000000000000e+00	 0.00000000000000000000e+00	 0.00000000000000000000e+00	 0.00000000000000000000e+00	 0.00000000000000000000e+00	 0.00000000000000000000e+00	 0.00000000000000000000e+00	 0.00000000000000000000e+00	 0.00000000000000000000e+00	 0.00000000000000000000e+00	 0.00000000000000000000e+00	 0.00000000000000000000e+00	 0.00000000000000000000e+00	 0.00000000000000000000e+00	 
 4.89999999999999946709e+00	 0.00000000000000000000e+00	 0.00000000000000000000e+00	 0.00000000000000000000e+00	 0.00000000000000000000e+00	 0.00000000000000000000e+00	 0.00000000000000000000e+00	 0.00000000000000000000e+00	 0.00000000000000000000e+00	 0.00000000000000000000e+00	 0.00000000000000000000e+00	 0.00000000000000000000e+00	 0.00000000000000000000e+00	 0.00000000000000000000e+00	 0.00000000000000000000e+00	 
 4.91999999999999992895e+00	 0.00000000000000000000e+00	 0.00000000000000000000e+00	 0.00000000000000000000e+00	 0.00000000000000000000e+00	 0.00000000000000000000e+00	 0.00000000000000000000e+00	 0.00000000000000000000e+00	 0.00000000000000000000e+00	 0.00000000000000000000e+00	 0.00000000000000000000e+00	 0.00000000000000000000e+00	 0.00000000000000000000e+00	 0.00000000000000000000e+00	 0.00000000000000000000e+00	 
 4.93999999999999950262e+00	 0.00000000000000000000e+00	 0.00000000000000000000e+00	 0.00000000000000000000e+00	 0.00000000000000000000e+00	 0.00000000000000000000e+00	 0.00000000000000000000e+00	 0.00000000000000000000e+00	 0.00000000000000000000e+00	 0.00000000000000000000e+00	 0.00000000000000000000e+00	 0.00000000000000000000e+00	 0.00000000000000000000e+00	 0.00000000000000000000e+00	 0.00000000000000000000e+00	 
 4.95999999999999996447e+00	 0.00000000000000000000e+00	 0.00000000000000000000e+00	 0.00000000000000000000e+00	 0.00000000000000000000e+00	 0.00000000000000000000e+00	 0.00000000000000000000e+00	 0.00000000000000000000e+00	 0.00000000000000000000e+00	 0.00000000000000000000e+00	 0.00000000000000000000e+00	 0.00000000000000000000e+00	 0.00000000000000000000e+00	 0.00000000000000000000e+00	 0.00000000000000000000e+00	 
 4.98000000000000042633e+00	 0.00000000000000000000e+00	 0.00000000000000000000e+00	 0.00000000000000000000e+00	 0.00000000000000000000e+00	 0.00000000000000000000e+00	 0.00000000000000000000e+00	 0.00000000000000000000e+00	 0.00000000000000000000e+00	 0.00000000000000000000e+00	 0.00000000000000000000e+00	 0.00000000000000000000e+00	 0.00000000000000000000e+00	 0.00000000000000000000e+00	 0.00000000000000000000e+00	 
 5.00000000000000000000e+00	 0.00000000000000000000e+00	 0.00000000000000000000e+00	 0.00000000000000000000e+00	 0.00000000000000000000e+00	 0.00000000000000000000e+00	 0.00000000000000000000e+00	 0.00000000000000000000e+00	 0.00000000000000000000e+00	 0.00000000000000000000e+00	 0.00000000000000000000e+00	 0.00000000000000000000e+00	 0.00000000000000000000e+00	 0.00000000000000000000e+00	 0.00000000000000000000e+00	 
