 -1.00000000000000000000e+00	 3.06468937052033047982e-06	 0.00000000000000000000e+00	 4.20743048412957717955e-06	 3.67592146642465533724e-01	 3.68933081085912217834e-01	 2.86604154869023575181e-01	 0.00000000000000000000e+00	 0.00000000000000000000e+00	 0.00000000000000000000e+00	 3.68532240244386577466e-01	 2.12764342845970659589e-04	 0.00000000000000000000e+00	 0.00000000000000000000e+00	 0.00000000000000000000e+00	 
 -9.79999999999999982236e-01	 3.14661125769137851093e-06	 0.00000000000000000000e+00	 4.24886718834456461103e-06	 3.72965833186362172302e-01	 3.74350958292358759749e-01	 2.90512905692568268456e-01	 0.00000000000000000000e+00	 0.00000000000000000000e+00	 0.00000000000000000000e+00	 3.73949716868105241918e-01	 2.18206015622403196388e-04	 0.00000000000000000000e+00	 0.00000000000000000000e+00	 0.00000000000000000000e+00	 
 -9.59999999999999964473e-01	 3.23032073074738485275e-06	 0.00000000000000000000e+00	 4.29016786330893241583e-06	 3.78348373408932736606e-01	 3.79778598263483480046e-01	 2.94416943530578678612e-01	 0.00000000000000000000e+00	 0.00000000000000000000e+00	 0.00000000000000000000e+00	 3.79377154956114404083e-01	 2.23749308789065310104e-04	 0.00000000000000000000e+00	 0.00000000000000000000e+00	 0.00000000000000000000e+00	 
 -9.39999999999999946709e-01	 3.31593801997257746334e-06	 0.00000000000000000000e+00	 4.33163979694550741205e-06	 3.83726758122126920814e-01	 3.85202848859195257081e-01	 2.98305348077352983083e-01	 0.00000000000000000000e+00	 0.00000000000000000000e+00	 0.00000000000000000000e+00	 3.84801411371068657896e-01	 2.29393173843703827202e-04	 0.00000000000000000000e+00	 0.00000000000000000000e+00	 0.00000000000000000000e+00	 
 -9.19999999999999928946e-01	 3.40357136908753166299e-06	 0.00000000000000000000e+00	 4.37356287869822636433e-06	 3.89087313730984041271e-01	 3.90609955843225775673e-01	 3.02166762594462068314e-01	 0.00000000000000000000e+00	 0.00000000000000000000e+00	 0.00000000000000000000e+00	 3.90208657632968858309e-01	 2.35137157269082802333e-04	 0.00000000000000000000e+00	 0.00000000000000000000e+00	 0.00000000000000000000e+00	 
 -9.00000000000000022204e-01	 3.49331174302033049258e-06	 0.00000000000000000000e+00	 4.41616746814100420308e-06	 3.94415750647443941190e-01	 3.95985649528235728045e-01	 3.05989485870238275833e-01	 0.00000000000000000000e+00	 0.00000000000000000000e+00	 0.00000000000000000000e+00	 3.95584428065556215071e-01	 2.40981763614880097881e-04	 0.00000000000000000000e+00	 0.00000000000000000000e+00	 0.00000000000000000000e+00	 
 -8.80000000000000115463e-01	 3.58523920877123866604e-06	 0.00000000000000000000e+00	 4.45964622711633544154e-06	 3.99696929280680790519e-01	 4.01314813515982027337e-01	 3.09761155444613855980e-01	 0.00000000000000000000e+00	 0.00000000000000000000e+00	 0.00000000000000000000e+00	 4.00913376532350762549e-01	 2.46927600371257837970e-04	 0.00000000000000000000e+00	 0.00000000000000000000e+00	 0.00000000000000000000e+00	 
 -8.59999999999999986677e-01	 3.67942887815683685157e-06	 0.00000000000000000000e+00	 4.50398792678250600393e-06	 4.04915102560797879327e-01	 4.06581650176759679116e-01	 3.13468940149723318545e-01	 0.00000000000000000000e+00	 0.00000000000000000000e+00	 0.00000000000000000000e+00	 4.06179696003648837976e-01	 2.52974423038813066821e-04	 0.00000000000000000000e+00	 0.00000000000000000000e+00	 0.00000000000000000000e+00	 
 -8.40000000000000079936e-01	 3.77594727221386235638e-06	 0.00000000000000000000e+00	 4.54887618771936802758e-06	 4.10054012741870199665e-01	 4.11769742205408295632e-01	 3.17099618622347811936e-01	 0.00000000000000000000e+00	 0.00000000000000000000e+00	 0.00000000000000000000e+00	 4.11367294991624776745e-01	 2.59120709310698717470e-04	 0.00000000000000000000e+00	 0.00000000000000000000e+00	 0.00000000000000000000e+00	 
 -8.20000000000000062172e-01	 3.87486618566098681875e-06	 0.00000000000000000000e+00	 4.59386089762280395120e-06	 4.15096567329553467474e-01	 4.16861814252392381963e-01	 3.20639323982310486816e-01	 0.00000000000000000000e+00	 0.00000000000000000000e+00	 0.00000000000000000000e+00	 4.16459273613169145278e-01	 2.65364595430407157819e-04	 0.00000000000000000000e+00	 0.00000000000000000000e+00	 0.00000000000000000000e+00	 
 -8.00000000000000044409e-01	 3.97625295119479942399e-06	 0.00000000000000000000e+00	 4.63872644311446511556e-06	 4.20025099958609537953e-01	 4.21840064088612909377e-01	 3.24073925519816952168e-01	 0.00000000000000000000e+00	 0.00000000000000000000e+00	 0.00000000000000000000e+00	 4.21438064128547951182e-01	 2.71704721078073660988e-04	 0.00000000000000000000e+00	 0.00000000000000000000e+00	 0.00000000000000000000e+00	 
 -7.80000000000000026645e-01	 4.08016624972132752611e-06	 0.00000000000000000000e+00	 4.68362715380257733732e-06	 4.24821481508983189723e-01	 4.26686304538179350665e-01	 3.27389197534810716395e-01	 0.00000000000000000000e+00	 0.00000000000000000000e+00	 0.00000000000000000000e+00	 4.26285488785248078969e-01	 2.78140557822440708056e-04	 0.00000000000000000000e+00	 0.00000000000000000000e+00	 0.00000000000000000000e+00	 
 -7.60000000000000008882e-01	 4.18665887383664183584e-06	 0.00000000000000000000e+00	 4.72871289467100987784e-06	 4.29466796496797198479e-01	 4.31381557999066911346e-01	 3.30570365627342488413e-01	 0.00000000000000000000e+00	 0.00000000000000000000e+00	 0.00000000000000000000e+00	 4.30982575893093022845e-01	 2.84671624080093117314e-04	 0.00000000000000000000e+00	 0.00000000000000000000e+00	 0.00000000000000000000e+00	 
 -7.39999999999999991118e-01	 4.29576959825578918924e-06	 0.00000000000000000000e+00	 4.77401784283384260919e-06	 4.33941886987890101945e-01	 4.35906640987224536232e-01	 3.33602630545502154558e-01	 0.00000000000000000000e+00	 0.00000000000000000000e+00	 0.00000000000000000000e+00	 4.35509973414975382067e-01	 2.91296713635781352562e-04	 0.00000000000000000000e+00	 0.00000000000000000000e+00	 0.00000000000000000000e+00	 
 -7.19999999999999973355e-01	 4.40751663066052404229e-06	 0.00000000000000000000e+00	 4.81939990162560279299e-06	 4.38227596511596095841e-01	 4.40242426363687822111e-01	 3.36471404977545685000e-01	 0.00000000000000000000e+00	 0.00000000000000000000e+00	 0.00000000000000000000e+00	 4.39848133946959263252e-01	 2.98013559005407251828e-04	 0.00000000000000000000e+00	 0.00000000000000000000e+00	 0.00000000000000000000e+00	 
 -6.99999999999999955591e-01	 4.52186464066657121811e-06	 0.00000000000000000000e+00	 4.86470255676125703652e-06	 4.42304146459711000627e-01	 4.44369173353716451214e-01	 3.39161715680545539087e-01	 0.00000000000000000000e+00	 0.00000000000000000000e+00	 0.00000000000000000000e+00	 4.43976839526652955481e-01	 3.04819523471442309880e-04	 0.00000000000000000000e+00	 0.00000000000000000000e+00	 0.00000000000000000000e+00	 
 -6.79999999999999937828e-01	 4.63871921024193395949e-06	 0.00000000000000000000e+00	 4.90954506557289884481e-06	 4.46151514143468319595e-01	 4.48266997729831306874e-01	 3.41658640503776034336e-01	 0.00000000000000000000e+00	 0.00000000000000000000e+00	 0.00000000000000000000e+00	 4.47876017527714331834e-01	 3.11712174413032911974e-04	 0.00000000000000000000e+00	 0.00000000000000000000e+00	 0.00000000000000000000e+00	 
 -6.60000000000000031086e-01	 4.75790785102034616088e-06	 0.00000000000000000000e+00	 4.95322755789003022191e-06	 4.49749607484080160535e-01	 4.51916087884028316868e-01	 3.43947506431358074330e-01	 0.00000000000000000000e+00	 0.00000000000000000000e+00	 0.00000000000000000000e+00	 4.51526109091250515970e-01	 3.18689467500544608078e-04	 0.00000000000000000000e+00	 0.00000000000000000000e+00	 0.00000000000000000000e+00	 
 -6.40000000000000013323e-01	 4.87904538054547405146e-06	 0.00000000000000000000e+00	 4.99479224926464629837e-06	 4.53077862468950487429e-01	 4.55296196983276280079e-01	 3.46013417626934882687e-01	 0.00000000000000000000e+00	 0.00000000000000000000e+00	 0.00000000000000000000e+00	 4.54907151523223141076e-01	 3.25749182793828645152e-04	 0.00000000000000000000e+00	 0.00000000000000000000e+00	 0.00000000000000000000e+00	 
 -6.19999999999999884537e-01	 5.00176862524062948299e-06	 0.00000000000000000000e+00	 5.03331581438472546591e-06	 4.56116049456309791132e-01	 4.58387216374651407236e-01	 3.47841838279414061752e-01	 0.00000000000000000000e+00	 0.00000000000000000000e+00	 0.00000000000000000000e+00	 4.57999420636767684556e-01	 3.32887111327417363482e-04	 0.00000000000000000000e+00	 0.00000000000000000000e+00	 0.00000000000000000000e+00	 
 -5.99999999999999977796e-01	 5.12577945756100477681e-06	 0.00000000000000000000e+00	 5.06797866439680625604e-06	 4.58844636218382839754e-01	 4.61169436818493760910e-01	 3.49418850215806875426e-01	 0.00000000000000000000e+00	 0.00000000000000000000e+00	 0.00000000000000000000e+00	 4.60783722225595993027e-01	 3.40096218217224093797e-04	 0.00000000000000000000e+00	 0.00000000000000000000e+00	 0.00000000000000000000e+00	 
 -5.79999999999999849010e-01	 5.25065730943718294037e-06	 0.00000000000000000000e+00	 5.09780456519358944991e-06	 4.61243899658823564014e-01	 4.63622941141940192455e-01	 3.50730521946771955921e-01	 0.00000000000000000000e+00	 0.00000000000000000000e+00	 0.00000000000000000000e+00	 4.63240706337702978779e-01	 3.47367807633829181642e-04	 0.00000000000000000000e+00	 0.00000000000000000000e+00	 0.00000000000000000000e+00	 
 -5.60000000000000053291e-01	 5.37572616657279024561e-06	 0.00000000000000000000e+00	 5.12211792634430329276e-06	 4.63294797947994774212e-01	 4.65728623827842636018e-01	 3.51763581781966871986e-01	 0.00000000000000000000e+00	 0.00000000000000000000e+00	 0.00000000000000000000e+00	 4.65351416329045586284e-01	 3.54692944877811448551e-04	 0.00000000000000000000e+00	 0.00000000000000000000e+00	 0.00000000000000000000e+00	 
 -5.40000000000000035527e-01	 5.49996834760166562842e-06	 0.00000000000000000000e+00	 5.14071520691476177247e-06	 4.64979353893078595217e-01	 4.67468639227943849601e-01	 3.52505702373113405379e-01	 0.00000000000000000000e+00	 0.00000000000000000000e+00	 0.00000000000000000000e+00	 4.67097531967145707110e-01	 3.62062720254251115166e-04	 0.00000000000000000000e+00	 0.00000000000000000000e+00	 0.00000000000000000000e+00	 
 -5.20000000000000017764e-01	 5.62185610214580541076e-06	 0.00000000000000000000e+00	 5.15339768955343274965e-06	 4.66279702491855241320e-01	 4.68825270271838123737e-01	 3.52944769459519525068e-01	 0.00000000000000000000e+00	 0.00000000000000000000e+00	 0.00000000000000000000e+00	 4.68460812247678159981e-01	 3.69466574381277935296e-04	 0.00000000000000000000e+00	 0.00000000000000000000e+00	 0.00000000000000000000e+00	 
 -5.00000000000000000000e-01	 5.73952516994301786319e-06	 0.00000000000000000000e+00	 5.15999028868855654027e-06	 4.67179022981728253594e-01	 4.69781559257226810633e-01	 3.53070084104563641780e-01	 0.00000000000000000000e+00	 0.00000000000000000000e+00	 0.00000000000000000000e+00	 4.69424121419662165877e-01	 3.76897844638258104882e-04	 0.00000000000000000000e+00	 0.00000000000000000000e+00	 0.00000000000000000000e+00	 
 -4.79999999999999926725e-01	 5.85072329493973028117e-06	 0.00000000000000000000e+00	 5.16034844961286926011e-06	 4.67661928469431387168e-01	 4.70321568626548447423e-01	 3.52872851898517914115e-01	 0.00000000000000000000e+00	 0.00000000000000000000e+00	 0.00000000000000000000e+00	 4.69971861725643536012e-01	 3.84355805634445943722e-04	 0.00000000000000000000e+00	 0.00000000000000000000e+00	 0.00000000000000000000e+00	 
 -4.59999999999999964473e-01	 5.95228399456763650508e-06	 0.00000000000000000000e+00	 5.15433645409139594450e-06	 4.67713441366279181199e-01	 4.70429730120279054884e-01	 3.52344782809999923501e-01	 0.00000000000000000000e+00	 0.00000000000000000000e+00	 0.00000000000000000000e+00	 4.70088831860202893687e-01	 3.91840326655622976995e-04	 0.00000000000000000000e+00	 0.00000000000000000000e+00	 0.00000000000000000000e+00	 
 -4.40000000000000002220e-01	 6.04240815777430309704e-06	 0.00000000000000000000e+00	 5.14170625043937955196e-06	 4.67320186599141873529e-01	 4.70092234340400039194e-01	 3.51478795881409622481e-01	 0.00000000000000000000e+00	 0.00000000000000000000e+00	 0.00000000000000000000e+00	 4.69761352105320995065e-01	 3.99345865894918110491e-04	 0.00000000000000000000e+00	 0.00000000000000000000e+00	 0.00000000000000000000e+00	 
 -4.19999999999999984457e-01	 6.12141242430976727912e-06	 0.00000000000000000000e+00	 5.12204434635796033287e-06	 4.66470859229497214482e-01	 4.69297586220159934634e-01	 3.50269250993530734117e-01	 0.00000000000000000000e+00	 0.00000000000000000000e+00	 0.00000000000000000000e+00	 4.68977706071543321009e-01	 4.06858979339395562813e-04	 0.00000000000000000000e+00	 0.00000000000000000000e+00	 0.00000000000000000000e+00	 
 -3.99999999999999911182e-01	 6.18963102385495650008e-06	 0.00000000000000000000e+00	 5.09492227102897712648e-06	 4.65154855167278669104e-01	 4.68034988537288532129e-01	 3.48711175742435541824e-01	 0.00000000000000000000e+00	 0.00000000000000000000e+00	 0.00000000000000000000e+00	 4.67726857817554741992e-01	 4.14363660669535575822e-04	 0.00000000000000000000e+00	 0.00000000000000000000e+00	 0.00000000000000000000e+00	 
 -3.80000000000000004441e-01	 6.24747351829060236777e-06	 0.00000000000000000000e+00	 5.06046658326327445266e-06	 4.63363513700941032081e-01	 4.66295604288762655099e-01	 3.46801425795745077441e-01	 0.00000000000000000000e+00	 0.00000000000000000000e+00	 0.00000000000000000000e+00	 4.65999834309740235128e-01	 4.21843343379677861160e-04	 0.00000000000000000000e+00	 0.00000000000000000000e+00	 0.00000000000000000000e+00	 
 -3.59999999999999931166e-01	 6.29542776069283040023e-06	 0.00000000000000000000e+00	 5.01959501846970825961e-06	 4.61090553642180489557e-01	 4.64073003539195061418e-01	 3.44539064856931753766e-01	 0.00000000000000000000e+00	 0.00000000000000000000e+00	 0.00000000000000000000e+00	 4.63790225173628001265e-01	 4.29281205487445146219e-04	 0.00000000000000000000e+00	 0.00000000000000000000e+00	 0.00000000000000000000e+00	 
 -3.39999999999999968914e-01	 6.33399881217078574238e-06	 0.00000000000000000000e+00	 4.97316780922421099333e-06	 4.58330601478108334845e-01	 4.61361667681021492271e-01	 3.41923967199381673154e-01	 0.00000000000000000000e+00	 0.00000000000000000000e+00	 0.00000000000000000000e+00	 4.61092532373294838877e-01	 4.36657666695192776471e-04	 0.00000000000000000000e+00	 0.00000000000000000000e+00	 0.00000000000000000000e+00	 
 -3.20000000000000006661e-01	 6.36395356161227010948e-06	 0.00000000000000000000e+00	 4.92263367799755935654e-06	 4.55080524222300275561e-01	 4.58158289988079281407e-01	 3.38958317312560653001e-01	 0.00000000000000000000e+00	 0.00000000000000000000e+00	 0.00000000000000000000e+00	 4.57903572817968729236e-01	 4.43961358508163680785e-04	 0.00000000000000000000e+00	 0.00000000000000000000e+00	 0.00000000000000000000e+00	 
 -2.99999999999999933387e-01	 6.38639789151772478655e-06	 0.00000000000000000000e+00	 4.87024169216108154286e-06	 4.51339834859856792182e-01	 4.54462170293785272523e-01	 3.35647060627630833274e-01	 0.00000000000000000000e+00	 0.00000000000000000000e+00	 0.00000000000000000000e+00	 4.54222915085758016662e-01	 4.51193066723723729215e-04	 0.00000000000000000000e+00	 0.00000000000000000000e+00	 0.00000000000000000000e+00	 
 -2.80000000000000026645e-01	 6.40240604306071352226e-06	 0.00000000000000000000e+00	 4.81772993673592574420e-06	 4.47109042479293006256e-01	 4.50273608873409614262e-01	 3.31996010535704322297e-01	 0.00000000000000000000e+00	 0.00000000000000000000e+00	 0.00000000000000000000e+00	 4.50051141064771786926e-01	 4.58354734616820184111e-04	 0.00000000000000000000e+00	 0.00000000000000000000e+00	 0.00000000000000000000e+00	 
 -2.59999999999999953371e-01	 6.41228669696688939974e-06	 0.00000000000000000000e+00	 4.76610436108141938028e-06	 4.42391168993345629268e-01	 4.45595562276689616255e-01	 3.28012936291318168980e-01	 0.00000000000000000000e+00	 0.00000000000000000000e+00	 0.00000000000000000000e+00	 4.45391222872028869073e-01	 4.65430296926452142722e-04	 0.00000000000000000000e+00	 0.00000000000000000000e+00	 0.00000000000000000000e+00	 
 -2.39999999999999907851e-01	 6.41523692478476131824e-06	 0.00000000000000000000e+00	 4.71533401453101037474e-06	 4.37192145404558141220e-01	 4.40434099606405615734e-01	 3.23707754233108935260e-01	 0.00000000000000000000e+00	 0.00000000000000000000e+00	 0.00000000000000000000e+00	 4.40248863607621665484e-01	 4.72378003112687322885e-04	 0.00000000000000000000e+00	 0.00000000000000000000e+00	 0.00000000000000000000e+00	 
 -2.19999999999999945599e-01	 6.41035951644299543977e-06	 0.00000000000000000000e+00	 4.66537625986861005878e-06	 4.31518841211873893648e-01	 4.34796249458777595009e-01	 3.19091149708783494710e-01	 0.00000000000000000000e+00	 0.00000000000000000000e+00	 0.00000000000000000000e+00	 4.34630714851974575552e-01	 4.79146666655195466612e-04	 0.00000000000000000000e+00	 0.00000000000000000000e+00	 0.00000000000000000000e+00	 
 -1.99999999999999983347e-01	 6.39618109133663796998e-06	 0.00000000000000000000e+00	 4.61561202902653735434e-06	 4.25380659193670851437e-01	 4.28691491324478701763e-01	 3.14175699917467077249e-01	 0.00000000000000000000e+00	 0.00000000000000000000e+00	 0.00000000000000000000e+00	 4.28545972156045784640e-01	 4.85699489941136570027e-04	 0.00000000000000000000e+00	 0.00000000000000000000e+00	 0.00000000000000000000e+00	 
 -1.79999999999999993339e-01	 6.37044848134417577147e-06	 0.00000000000000000000e+00	 4.56462057530937548365e-06	 4.18789862170082127779e-01	 4.22132040432138477826e-01	 3.08976003976371871307e-01	 0.00000000000000000000e+00	 0.00000000000000000000e+00	 0.00000000000000000000e+00	 4.22006708510512584809e-01	 4.92021623058483642370e-04	 0.00000000000000000000e+00	 0.00000000000000000000e+00	 0.00000000000000000000e+00	 
 -1.59999999999999920064e-01	 6.33044231661847229306e-06	 0.00000000000000000000e+00	 4.51042580701763878587e-06	 4.11759411511155470897e-01	 4.15130828400149920476e-01	 3.03507211471189308760e-01	 0.00000000000000000000e+00	 0.00000000000000000000e+00	 0.00000000000000000000e+00	 4.15025713013530250795e-01	 4.98097248213275316936e-04	 0.00000000000000000000e+00	 0.00000000000000000000e+00	 0.00000000000000000000e+00	 
 -1.39999999999999902300e-01	 6.27493354864245076038e-06	 0.00000000000000000000e+00	 4.45210179253778021060e-06	 4.04304908248560357364e-01	 4.07703668496561921764e-01	 2.97785816558410187938e-01	 0.00000000000000000000e+00	 0.00000000000000000000e+00	 0.00000000000000000000e+00	 4.07618735617009952943e-01	 5.03897999618162662633e-04	 0.00000000000000000000e+00	 0.00000000000000000000e+00	 0.00000000000000000000e+00	 
 -1.20000000000000009437e-01	 6.20486141188484574110e-06	 0.00000000000000000000e+00	 4.39027676093637936084e-06	 3.96444945657206337941e-01	 3.99869699120208976773e-01	 2.91829585392810397781e-01	 0.00000000000000000000e+00	 0.00000000000000000000e+00	 0.00000000000000000000e+00	 3.99804964869917456305e-01	 5.09378188415371738716e-04	 0.00000000000000000000e+00	 0.00000000000000000000e+00	 0.00000000000000000000e+00	 
 -1.00000000000000005551e-01	 6.12116226147940979246e-06	 0.00000000000000000000e+00	 4.32557754269124642528e-06	 3.88198395381759098210e-01	 3.91648365845855939149e-01	 2.85656507068693721330e-01	 0.00000000000000000000e+00	 0.00000000000000000000e+00	 0.00000000000000000000e+00	 3.91603900985245945154e-01	 5.14484979647021221580e-04	 0.00000000000000000000e+00	 0.00000000000000000000e+00	 0.00000000000000000000e+00	 
 -8.00000000000000155431e-02	 6.02528763329570689778e-06	 0.00000000000000000000e+00	 4.25799285480789690517e-06	 3.79586887496717595436e-01	 3.83061557104885541669e-01	 2.79285345989758626573e-01	 0.00000000000000000000e+00	 0.00000000000000000000e+00	 0.00000000000000000000e+00	 3.83037120253015561655e-01	 5.19173252309566520858e-04	 0.00000000000000000000e+00	 0.00000000000000000000e+00	 0.00000000000000000000e+00	 
 -5.99999999999999630851e-02	 5.91937028515618876600e-06	 0.00000000000000000000e+00	 4.18661286976394310182e-06	 3.70635243014680482165e-01	 3.74133898285871513423e-01	 2.72735429322166877952e-01	 0.00000000000000000000e+00	 0.00000000000000000000e+00	 0.00000000000000000000e+00	 3.74128426735962527072e-01	 5.23409987635790820322e-04	 0.00000000000000000000e+00	 0.00000000000000000000e+00	 0.00000000000000000000e+00	 
 -3.99999999999999383826e-02	 5.80539824648294613263e-06	 0.00000000000000000000e+00	 4.11038175760370606875e-06	 3.61367955972359877759e-01	 3.64889719383501898164e-01	 2.66025908509944730707e-01	 0.00000000000000000000e+00	 0.00000000000000000000e+00	 0.00000000000000000000e+00	 3.64901335125125514391e-01	 5.27158594004015039480e-04	 0.00000000000000000000e+00	 0.00000000000000000000e+00	 0.00000000000000000000e+00	 
 -2.00000000000000281719e-02	 5.68511460007589544354e-06	 0.00000000000000000000e+00	 4.02818090126701601456e-06	 3.51811468293260154461e-01	 3.55355434336371289739e-01	 2.59175556314257482526e-01	 0.00000000000000000000e+00	 0.00000000000000000000e+00	 0.00000000000000000000e+00	 3.55381697878325242268e-01	 5.30383768668047229748e-04	 0.00000000000000000000e+00	 0.00000000000000000000e+00	 0.00000000000000000000e+00	 
 -4.82163733276643543166e-17	 5.55989029941586732032e-06	 0.00000000000000000000e+00	 3.93883897500914278636e-06	 3.41994375169216380250e-01	 3.45559797323959028148e-01	 2.52202246427603471446e-01	 0.00000000000000000000e+00	 0.00000000000000000000e+00	 0.00000000000000000000e+00	 3.45598073017018059261e-01	 5.33052667224152994761e-04	 0.00000000000000000000e+00	 0.00000000000000000000e+00	 0.00000000000000000000e+00	 
 2.00000000000001253164e-02	 5.43103736386419921043e-06	 0.00000000000000000000e+00	 3.84102211543767210349e-06	 3.31944188582910415519e-01	 3.35530516329614558746e-01	 2.45123251372111189417e-01	 0.00000000000000000000e+00	 0.00000000000000000000e+00	 0.00000000000000000000e+00	 3.35577977282610684373e-01	 5.35128976812072258522e-04	 0.00000000000000000000e+00	 0.00000000000000000000e+00	 0.00000000000000000000e+00	 
 4.00000000000001187939e-02	 5.29868742248951906824e-06	 0.00000000000000000000e+00	 3.73500739522195276661e-06	 3.21690358848396640301e-01	 3.25296854474185326289e-01	 2.37954341319716156100e-01	 0.00000000000000000000e+00	 0.00000000000000000000e+00	 0.00000000000000000000e+00	 3.25350647160503103628e-01	 5.36580930230623259422e-04	 0.00000000000000000000e+00	 0.00000000000000000000e+00	 0.00000000000000000000e+00	 
 6.00000000000000255351e-02	 5.16133631974358922135e-06	 0.00000000000000000000e+00	 3.62331432967538499387e-06	 3.11264632986359812694e-01	 3.14889839294256790314e-01	 2.30709033096410998098e-01	 0.00000000000000000000e+00	 0.00000000000000000000e+00	 0.00000000000000000000e+00	 3.14947310779420397431e-01	 5.37383630620962026748e-04	 0.00000000000000000000e+00	 0.00000000000000000000e+00	 0.00000000000000000000e+00	 
 7.99999999999999322764e-02	 5.01725827435694842708e-06	 0.00000000000000000000e+00	 3.50812877003349495782e-06	 3.00696796451077996704e-01	 3.04338608122258935662e-01	 2.23399810769382561881e-01	 0.00000000000000000000e+00	 0.00000000000000000000e+00	 0.00000000000000000000e+00	 3.04397299658374365094e-01	 5.37509517283366131807e-04	 0.00000000000000000000e+00	 0.00000000000000000000e+00	 0.00000000000000000000e+00	 
 9.99999999999999500400e-02	 4.86640846372429490991e-06	 0.00000000000000000000e+00	 3.39050995038178344619e-06	 2.90017991913649242353e-01	 2.93673852942453739168e-01	 2.16036606148619192425e-01	 0.00000000000000000000e+00	 0.00000000000000000000e+00	 0.00000000000000000000e+00	 2.93731762507439597698e-01	 5.36936093116327159414e-04	 0.00000000000000000000e+00	 0.00000000000000000000e+00	 0.00000000000000000000e+00	 
 1.20000000000000023315e-01	 4.71108013346753203357e-06	 0.00000000000000000000e+00	 3.26997228457712830552e-06	 2.79261036291284292510e-01	 2.82928213355914670579e-01	 2.08625882979477678125e-01	 0.00000000000000000000e+00	 0.00000000000000000000e+00	 0.00000000000000000000e+00	 2.82984149330205214667e-01	 5.35648211777927881795e-04	 0.00000000000000000000e+00	 0.00000000000000000000e+00	 0.00000000000000000000e+00	 
 1.40000000000000041078e-01	 4.55333932844090312741e-06	 0.00000000000000000000e+00	 3.14597484866808438237e-06	 2.68455862482365470445e-01	 2.72131514200121327196e-01	 2.01172619877968195112e-01	 0.00000000000000000000e+00	 0.00000000000000000000e+00	 0.00000000000000000000e+00	 2.72185058672800739288e-01	 5.33628447077646138330e-04	 0.00000000000000000000e+00	 0.00000000000000000000e+00	 0.00000000000000000000e+00	 
 1.59999999999999975575e-01	 4.39377838505388740759e-06	 0.00000000000000000000e+00	 3.01819328010097812225e-06	 2.57633519630750540408e-01	 2.61314367482590070857e-01	 1.93680000051034389985e-01	 0.00000000000000000000e+00	 0.00000000000000000000e+00	 0.00000000000000000000e+00	 2.61365698646636002156e-01	 5.30859449816181326251e-04	 0.00000000000000000000e+00	 0.00000000000000000000e+00	 0.00000000000000000000e+00	 
 1.79999999999999937828e-01	 4.23098352782088322170e-06	 0.00000000000000000000e+00	 2.88661199872663751714e-06	 2.46826591893188118654e-01	 2.50508469909346276339e-01	 1.86148990486624366092e-01	 0.00000000000000000000e+00	 0.00000000000000000000e+00	 0.00000000000000000000e+00	 2.50558112460617099515e-01	 5.27324338335390867087e-04	 0.00000000000000000000e+00	 0.00000000000000000000e+00	 0.00000000000000000000e+00	 
 2.00000000000000094369e-01	 4.06337772753320058988e-06	 0.00000000000000000000e+00	 2.75117163503937913041e-06	 2.36063844121709165425e-01	 2.39741824154665689184e-01	 1.78578583858463563194e-01	 0.00000000000000000000e+00	 0.00000000000000000000e+00	 0.00000000000000000000e+00	 2.39790630626190964803e-01	 5.23002818079024503484e-04	 0.00000000000000000000e+00	 0.00000000000000000000e+00	 0.00000000000000000000e+00	 
 2.20000000000000001110e-01	 3.89140176323228890011e-06	 0.00000000000000000000e+00	 2.61341269177358864737e-06	 2.25374697465575202227e-01	 2.29043104065062202990e-01	 1.70968954414921575635e-01	 0.00000000000000000000e+00	 0.00000000000000000000e+00	 0.00000000000000000000e+00	 2.29092176102255101755e-01	 5.17869312795409052035e-04	 0.00000000000000000000e+00	 0.00000000000000000000e+00	 0.00000000000000000000e+00	 
 2.39999999999999963363e-01	 3.71825249034606787607e-06	 0.00000000000000000000e+00	 2.47703846075041182254e-06	 2.14789658779603126471e-01	 2.18442089451150178725e-01	 1.63322232525080546228e-01	 0.00000000000000000000e+00	 0.00000000000000000000e+00	 0.00000000000000000000e+00	 2.18492669008256756857e-01	 5.11891777101094731621e-04	 0.00000000000000000000e+00	 0.00000000000000000000e+00	 0.00000000000000000000e+00	 
 2.59999999999999953371e-01	 3.54660426205473575497e-06	 0.00000000000000000000e+00	 2.34479122277189403785e-06	 2.04334561285229310279e-01	 2.07964022686444288679e-01	 1.55637951359455628531e-01	 0.00000000000000000000e+00	 0.00000000000000000000e+00	 0.00000000000000000000e+00	 2.08017486609854668211e-01	 5.05032295469931384602e-04	 0.00000000000000000000e+00	 0.00000000000000000000e+00	 0.00000000000000000000e+00	 
 2.80000000000000082157e-01	 3.37806409121591819978e-06	 0.00000000000000000000e+00	 2.21820367429403540131e-06	 1.94035034136428585771e-01	 1.97634593578301848149e-01	 1.47921458414037310103e-01	 0.00000000000000000000e+00	 0.00000000000000000000e+00	 0.00000000000000000000e+00	 1.97692069151902294344e-01	 4.97265643375005388094e-04	 0.00000000000000000000e+00	 0.00000000000000000000e+00	 0.00000000000000000000e+00	 
 2.99999999999999988898e-01	 3.21282520054301070272e-06	 0.00000000000000000000e+00	 2.09723534827463848609e-06	 1.83916780886471703527e-01	 1.87480436759506097211e-01	 1.40186318027436113143e-01	 0.00000000000000000000e+00	 0.00000000000000000000e+00	 0.00000000000000000000e+00	 1.87542285341535552856e-01	 4.88584825649120277000e-04	 0.00000000000000000000e+00	 0.00000000000000000000e+00	 0.00000000000000000000e+00	 
 3.20000000000000006661e-01	 3.05101818353587252142e-06	 0.00000000000000000000e+00	 1.98181224912797787876e-06	 1.74000224117945911928e-01	 1.77522912893123524514e-01	 1.32442110343813979068e-01	 0.00000000000000000000e+00	 0.00000000000000000000e+00	 0.00000000000000000000e+00	 1.77588804979337266943e-01	 4.78976882569550363542e-04	 0.00000000000000000000e+00	 0.00000000000000000000e+00	 0.00000000000000000000e+00	 
 3.39999999999999968914e-01	 2.89286331667135512732e-06	 0.00000000000000000000e+00	 1.87123707856693991141e-06	 1.64306060224755051680e-01	 1.67783426002583169190e-01	 1.24708208819229088293e-01	 0.00000000000000000000e+00	 0.00000000000000000000e+00	 0.00000000000000000000e+00	 1.67852766250519008784e-01	 4.68455820654345206269e-04	 0.00000000000000000000e+00	 0.00000000000000000000e+00	 0.00000000000000000000e+00	 
 3.59999999999999931166e-01	 2.73870799106995137779e-06	 0.00000000000000000000e+00	 1.76398657601579481081e-06	 1.54855795749537256123e-01	 1.58283877822415403047e-01	 1.17017502702042267004e-01	 0.00000000000000000000e+00	 0.00000000000000000000e+00	 0.00000000000000000000e+00	 1.58356371472689383406e-01	 4.57072822958452839367e-04	 0.00000000000000000000e+00	 0.00000000000000000000e+00	 0.00000000000000000000e+00	 
 3.80000000000000059952e-01	 2.58881356276138813150e-06	 0.00000000000000000000e+00	 1.65839313040463794985e-06	 1.45665079827943605428e-01	 1.49040377389256933904e-01	 1.09395598540192318104e-01	 0.00000000000000000000e+00	 0.00000000000000000000e+00	 0.00000000000000000000e+00	 1.49116005797462175542e-01	 4.44871805885902339272e-04	 0.00000000000000000000e+00	 0.00000000000000000000e+00	 0.00000000000000000000e+00	 
 4.00000000000000077716e-01	 2.44270220807936814343e-06	 0.00000000000000000000e+00	 1.55367645200819522289e-06	 1.36749745702172437190e-01	 1.40068890325776879147e-01	 1.01875827736713414629e-01	 0.00000000000000000000e+00	 0.00000000000000000000e+00	 0.00000000000000000000e+00	 1.40147679982316392122e-01	 4.31909007503505752452e-04	 0.00000000000000000000e+00	 0.00000000000000000000e+00	 0.00000000000000000000e+00	 
 4.19999999999999984457e-01	 2.29892359035592403288e-06	 0.00000000000000000000e+00	 1.45025538351330000548e-06	 1.28126350034305697134e-01	 1.31385667706934550214e-01	 9.45023849195523457656e-02	 0.00000000000000000000e+00	 0.00000000000000000000e+00	 0.00000000000000000000e+00	 1.31467384088303107514e-01	 4.18258256051517356491e-04	 0.00000000000000000000e+00	 0.00000000000000000000e+00	 0.00000000000000000000e+00	 
 4.39999999999999946709e-01	 2.15595023754588138612e-06	 0.00000000000000000000e+00	 1.34843752041183739801e-06	 1.19805217596478719155e-01	 1.23000888946685954517e-01	 8.73080741360862944145e-02	 0.00000000000000000000e+00	 0.00000000000000000000e+00	 0.00000000000000000000e+00	 1.23085077270311177289e-01	 4.03982737375352396469e-04	 0.00000000000000000000e+00	 0.00000000000000000000e+00	 0.00000000000000000000e+00	 
 4.60000000000000131006e-01	 2.01465690052398082162e-06	 0.00000000000000000000e+00	 1.24902510194592523332e-06	 1.11796541883531441730e-01	 1.14924596991828720238e-01	 8.03276133542467629667e-02	 0.00000000000000000000e+00	 0.00000000000000000000e+00	 0.00000000000000000000e+00	 1.15010696756385796813e-01	 3.89161569721053275835e-04	 0.00000000000000000000e+00	 0.00000000000000000000e+00	 0.00000000000000000000e+00	 
 4.80000000000000037748e-01	 1.87910184287387165906e-06	 0.00000000000000000000e+00	 1.15348221229940402474e-06	 1.04110795936335931433e-01	 1.07167101347022619695e-01	 7.35991237840362133582e-02	 0.00000000000000000000e+00	 0.00000000000000000000e+00	 0.00000000000000000000e+00	 1.07254595254834134144e-01	 3.73896639826898358194e-04	 0.00000000000000000000e+00	 0.00000000000000000000e+00	 0.00000000000000000000e+00	 
 5.00000000000000000000e-01	 1.75208671752543541201e-06	 0.00000000000000000000e+00	 1.06284702186212835621e-06	 9.67521843493758942900e-02	 9.97325965240905693010e-02	 6.71475305884738360440e-02	 0.00000000000000000000e+00	 0.00000000000000000000e+00	 0.00000000000000000000e+00	 9.98210132714576897639e-02	 3.58274337643348615712e-04	 0.00000000000000000000e+00	 0.00000000000000000000e+00	 0.00000000000000000000e+00	 
 5.20000000000000128786e-01	 1.63434492526143924088e-06	 0.00000000000000000000e+00	 9.77632538380207515255e-07	 8.97247861256342399416e-02	 9.26252669176578780075e-02	 6.09966086545685945430e-02	 0.00000000000000000000e+00	 0.00000000000000000000e+00	 0.00000000000000000000e+00	 9.27140735170155771971e-02	 3.42395580940807508011e-04	 0.00000000000000000000e+00	 0.00000000000000000000e+00	 0.00000000000000000000e+00	 
 5.40000000000000035527e-01	 1.52398261760342678352e-06	 0.00000000000000000000e+00	 8.97691758112428017861e-07	 8.30328769034788805037e-02	 8.58496412699249755729e-02	 5.51695688036250159181e-02	 0.00000000000000000000e+00	 0.00000000000000000000e+00	 0.00000000000000000000e+00	 8.59381018434095395042e-02	 3.26382656357399806961e-04	 0.00000000000000000000e+00	 0.00000000000000000000e+00	 0.00000000000000000000e+00	 
 5.60000000000000053291e-01	 1.41906901759184780292e-06	 0.00000000000000000000e+00	 8.22825689253671540360e-07	 7.66747071987309986030e-02	 7.94043132097643628020e-02	 4.96770247012511406703e-02	 0.00000000000000000000e+00	 0.00000000000000000000e+00	 0.00000000000000000000e+00	 7.94915269406023250465e-02	 3.10336756339961450119e-04	 0.00000000000000000000e+00	 0.00000000000000000000e+00	 0.00000000000000000000e+00	 
 5.79999999999999849010e-01	 1.31803264074056318073e-06	 0.00000000000000000000e+00	 7.52685089230113677300e-07	 7.06485572170340164755e-02	 7.32881849676166735597e-02	 4.45282115892456434314e-02	 0.00000000000000000000e+00	 0.00000000000000000000e+00	 0.00000000000000000000e+00	 7.33730208739087758074e-02	 2.94338199431794808689e-04	 0.00000000000000000000e+00	 0.00000000000000000000e+00	 0.00000000000000000000e+00	 
 5.99999999999999977796e-01	 1.21976579304318603629e-06	 0.00000000000000000000e+00	 6.86723787329198213892e-07	 6.49529634159638075142e-02	 6.75007825171920761154e-02	 3.97313142849414283053e-02	 0.00000000000000000000e+00	 0.00000000000000000000e+00	 0.00000000000000000000e+00	 6.75817922702017237491e-02	 2.78442804050295204549e-04	 0.00000000000000000000e+00	 0.00000000000000000000e+00	 0.00000000000000000000e+00	 
 6.20000000000000106581e-01	 1.12314211725901006288e-06	 0.00000000000000000000e+00	 6.24395271736129445212e-07	 5.95809062429625974078e-02	 6.20360273167643236358e-02	 3.52836322925729958810e-02	 0.00000000000000000000e+00	 0.00000000000000000000e+00	 0.00000000000000000000e+00	 6.21114984683101487017e-02	 2.62688667966236701155e-04	 0.00000000000000000000e+00	 0.00000000000000000000e+00	 0.00000000000000000000e+00	 
 6.39999999999999902300e-01	 1.02781622666821298558e-06	 0.00000000000000000000e+00	 5.65371430364073222224e-07	 5.45262134702218445592e-02	 5.68880692999639073215e-02	 3.11820143876560228191e-02	 0.00000000000000000000e+00	 0.00000000000000000000e+00	 0.00000000000000000000e+00	 5.69563524239070709254e-02	 2.47121671028044864390e-04	 0.00000000000000000000e+00	 0.00000000000000000000e+00	 0.00000000000000000000e+00	 
 6.60000000000000031086e-01	 9.34454662529784992514e-07	 0.00000000000000000000e+00	 5.09601583393091561865e-07	 4.97838548827381072170e-02	 5.20514108695801919202e-02	 2.74231304839528226835e-02	 0.00000000000000000000e+00	 0.00000000000000000000e+00	 0.00000000000000000000e+00	 5.21113430957821505141e-02	 2.31800095836802249293e-04	 0.00000000000000000000e+00	 0.00000000000000000000e+00	 0.00000000000000000000e+00	 
 6.80000000000000159872e-01	 8.43461482246197523945e-07	 0.00000000000000000000e+00	 4.56957408246575795312e-07	 4.53436135604441195590e-02	 4.75155707909010113776e-02	 2.39947433139884036546e-02	 0.00000000000000000000e+00	 0.00000000000000000000e+00	 0.00000000000000000000e+00	 4.75663692112624700292e-02	 2.16760595109310387051e-04	 0.00000000000000000000e+00	 0.00000000000000000000e+00	 0.00000000000000000000e+00	 
 6.99999999999999955591e-01	 7.55513380595290466210e-07	 0.00000000000000000000e+00	 4.07411977239089175797e-07	 4.11960674751577146657e-02	 4.32710835749288702523e-02	 2.08849293455869063074e-02	 0.00000000000000000000e+00	 0.00000000000000000000e+00	 0.00000000000000000000e+00	 4.33123395459418317199e-02	 2.02039817292746549677e-04	 0.00000000000000000000e+00	 0.00000000000000000000e+00	 0.00000000000000000000e+00	 
 7.20000000000000084377e-01	 6.71663130868398128069e-07	 0.00000000000000000000e+00	 3.61070290016585047090e-07	 3.73326977400564447018e-02	 3.93096647644871136085e-02	 1.80822041189261685512e-02	 0.00000000000000000000e+00	 0.00000000000000000000e+00	 0.00000000000000000000e+00	 3.93413503262938571425e-02	 1.87676809016823785197e-04	 0.00000000000000000000e+00	 0.00000000000000000000e+00	 0.00000000000000000000e+00	 
 7.39999999999999991118e-01	 5.92486331664462948280e-07	 0.00000000000000000000e+00	 3.17904294173174953125e-07	 3.37404144616804194112e-02	 3.56184999465958343490e-02	 1.55683781903139077663e-02	 0.00000000000000000000e+00	 0.00000000000000000000e+00	 0.00000000000000000000e+00	 3.56408612950201361680e-02	 1.73687677272931997484e-04	 0.00000000000000000000e+00	 0.00000000000000000000e+00	 0.00000000000000000000e+00	 
 7.60000000000000008882e-01	 5.18699525303577008675e-07	 0.00000000000000000000e+00	 2.78258706008028677210e-07	 3.04073966049778210419e-02	 3.21861691084196488433e-02	 1.33266513607761972332e-02	 0.00000000000000000000e+00	 0.00000000000000000000e+00	 0.00000000000000000000e+00	 3.21997573984764209887e-02	 1.60114318413555036186e-04	 0.00000000000000000000e+00	 0.00000000000000000000e+00	 0.00000000000000000000e+00	 
 7.80000000000000137668e-01	 4.51237727009147131344e-07	 0.00000000000000000000e+00	 2.42963400209271346405e-07	 2.73231598507909755058e-02	 2.90027607722323464701e-02	 1.13416920773393853361e-02	 0.00000000000000000000e+00	 0.00000000000000000000e+00	 0.00000000000000000000e+00	 2.90084839644894516841e-02	 1.47034029082736370387e-04	 0.00000000000000000000e+00	 0.00000000000000000000e+00	 0.00000000000000000000e+00	 
 7.99999999999999933387e-01	 3.90416601691768025934e-07	 0.00000000000000000000e+00	 2.12274321992011118312e-07	 2.44731657484873639519e-02	 2.60542307594668863524e-02	 9.59326323298170628717e-03	 0.00000000000000000000e+00	 0.00000000000000000000e+00	 0.00000000000000000000e+00	 2.60532391356416460904e-02	 1.34489529337022029228e-04	 0.00000000000000000000e+00	 0.00000000000000000000e+00	 0.00000000000000000000e+00	 
 8.20000000000000062172e-01	 3.36231560301637678549e-07	 0.00000000000000000000e+00	 1.85949842231938032529e-07	 2.18451920801439776476e-02	 2.33286441543815031840e-02	 8.06289742054043349906e-03	 0.00000000000000000000e+00	 0.00000000000000000000e+00	 0.00000000000000000000e+00	 2.33222468522985559858e-02	 1.22527786285047150458e-04	 0.00000000000000000000e+00	 0.00000000000000000000e+00	 0.00000000000000000000e+00	 
 8.39999999999999857891e-01	 2.88302789661549791356e-07	 0.00000000000000000000e+00	 1.63142489320779019965e-07	 1.94295594643378935484e-02	 2.08163635734964873325e-02	 6.73382455751169849839e-03	 0.00000000000000000000e+00	 0.00000000000000000000e+00	 0.00000000000000000000e+00	 2.08059314692347757658e-02	 1.11204095774820408012e-04	 0.00000000000000000000e+00	 0.00000000000000000000e+00	 0.00000000000000000000e+00	 
 8.60000000000000097700e-01	 2.46139263673734379483e-07	 0.00000000000000000000e+00	 1.43069221672628098910e-07	 1.72125171068971162536e-02	 1.85036892040509361179e-02	 5.58614992316830514391e-03	 0.00000000000000000000e+00	 0.00000000000000000000e+00	 0.00000000000000000000e+00	 1.84906084326985839517e-02	 1.00538922977857044438e-04	 0.00000000000000000000e+00	 0.00000000000000000000e+00	 0.00000000000000000000e+00	 
 8.80000000000000115463e-01	 2.09470862192286020525e-07	 0.00000000000000000000e+00	 1.25075512039317659125e-07	 1.51828105880895299074e-02	 1.63796954339339891071e-02	 4.60202686519909243829e-03	 0.00000000000000000000e+00	 0.00000000000000000000e+00	 0.00000000000000000000e+00	 1.63652093335810606967e-02	 9.05450047490618154010e-05	 0.00000000000000000000e+00	 0.00000000000000000000e+00	 0.00000000000000000000e+00	 
 8.99999999999999911182e-01	 1.78293883440256326899e-07	 0.00000000000000000000e+00	 1.08643406407903928456e-07	 1.33319031110659003830e-02	 1.44365384967163109392e-02	 3.76548393799400584261e-03	 0.00000000000000000000e+00	 0.00000000000000000000e+00	 0.00000000000000000000e+00	 1.44215446113157962776e-02	 8.12271059445470805993e-05	 0.00000000000000000000e+00	 0.00000000000000000000e+00	 0.00000000000000000000e+00	 
 9.20000000000000039968e-01	 1.52313820554359325976e-07	 0.00000000000000000000e+00	 9.32938628342554590449e-08	 1.16470931905706467924e-02	 1.26619966341102660468e-02	 3.05891654999060824335e-03	 0.00000000000000000000e+00	 0.00000000000000000000e+00	 0.00000000000000000000e+00	 1.26471246429314017334e-02	 7.25645307270943439601e-05	 0.00000000000000000000e+00	 0.00000000000000000000e+00	 0.00000000000000000000e+00	 
 9.39999999999999835687e-01	 1.30930549127932337299e-07	 0.00000000000000000000e+00	 7.89026446703925053851e-08	 1.01185744346045849301e-02	 1.10467202833050438110e-02	 2.46673643785619983726e-03	 0.00000000000000000000e+00	 0.00000000000000000000e+00	 0.00000000000000000000e+00	 1.10323577083066264731e-02	 6.45399131867560306398e-05	 0.00000000000000000000e+00	 0.00000000000000000000e+00	 0.00000000000000000000e+00	 
 9.60000000000000075495e-01	 1.13148126910513999153e-07	 0.00000000000000000000e+00	 6.57809992691719248556e-08	 8.73973995571627505774e-03	 9.58455958094988312579e-03	 1.97511790912864495379e-03	 0.00000000000000000000e+00	 0.00000000000000000000e+00	 0.00000000000000000000e+00	 9.57086993020495914453e-03	 5.71400623156808528053e-05	 0.00000000000000000000e+00	 0.00000000000000000000e+00	 0.00000000000000000000e+00	 
 9.80000000000000093259e-01	 9.80663794286117849431e-08	 0.00000000000000000000e+00	 5.40087994459693809961e-08	 7.49944442918555782829e-03	 8.26463281698705184986e-03	 1.56983760603961490163e-03	 0.00000000000000000000e+00	 0.00000000000000000000e+00	 0.00000000000000000000e+00	 8.25162008151401546452e-03	 5.03298258246626399517e-05	 0.00000000000000000000e+00	 0.00000000000000000000e+00	 0.00000000000000000000e+00	 
 9.99999999999999888978e-01	 8.48936624630850458348e-08	 0.00000000000000000000e+00	 4.36729742932866750637e-08	 6.38929115796520435272e-03	 7.07865298624533404587e-03	 1.23848485540441872153e-03	 0.00000000000000000000e+00	 0.00000000000000000000e+00	 0.00000000000000000000e+00	 7.06625941143064050659e-03	 4.40816098615359397623e-05	 0.00000000000000000000e+00	 0.00000000000000000000e+00	 0.00000000000000000000e+00	 
 1.02000000000000001776e+00	 7.29318506960820999695e-08	 0.00000000000000000000e+00	 3.48829070936376151643e-08	 5.40390853883582211736e-03	 6.02118018163292842426e-03	 9.70171868638708412291e-04	 0.00000000000000000000e+00	 0.00000000000000000000e+00	 0.00000000000000000000e+00	 6.00940108832059231153e-03	 3.83763702599191329099e-05	 0.00000000000000000000e+00	 0.00000000000000000000e+00	 0.00000000000000000000e+00	 
 1.04000000000000003553e+00	 6.15236974537051529455e-08	 0.00000000000000000000e+00	 2.75406956752638607897e-08	 4.53317570430823713057e-03	 5.08199958922411418327e-03	 7.54486620387390615437e-04	 0.00000000000000000000e+00	 0.00000000000000000000e+00	 0.00000000000000000000e+00	 5.07085505813940646408e-03	 3.31742459789896365283e-05	 0.00000000000000000000e+00	 0.00000000000000000000e+00	 0.00000000000000000000e+00	 
 1.06000000000000005329e+00	 5.06088570852118164058e-08	 0.00000000000000000000e+00	 2.15200331884559111743e-08	 3.76866509731278893913e-03	 4.25267361295160722240e-03	 5.82530187038835856918e-04	 0.00000000000000000000e+00	 0.00000000000000000000e+00	 0.00000000000000000000e+00	 4.24222883539254313340e-03	 2.84459418646046630162e-05	 0.00000000000000000000e+00	 0.00000000000000000000e+00	 0.00000000000000000000e+00	 
 1.08000000000000007105e+00	 4.08584517293050513746e-08	 0.00000000000000000000e+00	 1.66633691089628975794e-08	 3.10362600617641220049e-03	 3.52654211128467995340e-03	 4.46643381102960969516e-04	 0.00000000000000000000e+00	 0.00000000000000000000e+00	 0.00000000000000000000e+00	 3.51693549309028659702e-03	 2.41740314491860145416e-05	 0.00000000000000000000e+00	 0.00000000000000000000e+00	 0.00000000000000000000e+00	 
 1.09999999999999986677e+00	 3.24355725028450094186e-08	 0.00000000000000000000e+00	 1.27877434226964572867e-08	 2.52986251596559351060e-03	 2.89534534567837667160e-03	 3.40036926605041280296e-04	 0.00000000000000000000e+00	 0.00000000000000000000e+00	 0.00000000000000000000e+00	 2.88667613737929274961e-03	 2.03386503015470551767e-05	 0.00000000000000000000e+00	 0.00000000000000000000e+00	 0.00000000000000000000e+00	 
 1.11999999999999988454e+00	 2.53842254918764130021e-08	 0.00000000000000000000e+00	 9.73120402797325159898e-09	 2.03998389931300209282e-03	 2.35177763125635165206e-03	 2.57069828231132346558e-04	 0.00000000000000000000e+00	 0.00000000000000000000e+00	 0.00000000000000000000e+00	 2.34412815281986658053e-03	 1.69175471077893441922e-05	 0.00000000000000000000e+00	 0.00000000000000000000e+00	 0.00000000000000000000e+00	 
 1.14000000000000012434e+00	 1.96318635789285859322e-08	 0.00000000000000000000e+00	 7.34765130565942701731e-09	 1.62695305912436230002e-03	 1.88907733540341063114e-03	 1.93030454971314569977e-04	 0.00000000000000000000e+00	 0.00000000000000000000e+00	 0.00000000000000000000e+00	 1.88254659129799290646e-03	 1.38830487747169913700e-05	 0.00000000000000000000e+00	 0.00000000000000000000e+00	 0.00000000000000000000e+00	 
 1.15999999999999992006e+00	 1.50092366791144703370e-08	 0.00000000000000000000e+00	 5.50451359933398969725e-09	 1.28223088965688384114e-03	 1.49910379210418790753e-03	 1.43941372838459212590e-04	 0.00000000000000000000e+00	 0.00000000000000000000e+00	 0.00000000000000000000e+00	 1.49367150109730451035e-03	 1.12230107856167310454e-05	 0.00000000000000000000e+00	 0.00000000000000000000e+00	 0.00000000000000000000e+00	 
 1.18000000000000015987e+00	 1.13547060101936266248e-08	 0.00000000000000000000e+00	 4.09232445952096585573e-09	 9.98220783584433850669e-04	 1.17461758270031983199e-03	 1.06592943927278556459e-04	 0.00000000000000000000e+00	 0.00000000000000000000e+00	 0.00000000000000000000e+00	 1.17016136831734523030e-03	 8.92934568089131657257e-06	 0.00000000000000000000e+00	 0.00000000000000000000e+00	 0.00000000000000000000e+00	 
 1.19999999999999973355e+00	 8.50881666449523073324e-09	 0.00000000000000000000e+00	 3.02010531116499189027e-09	 7.67834330568862872407e-04	 9.08829370205144313095e-04	 7.83946872235264394452e-05	 0.00000000000000000000e+00	 0.00000000000000000000e+00	 0.00000000000000000000e+00	 9.05150375308742707707e-04	 6.99563693546359492866e-06	 0.00000000000000000000e+00	 0.00000000000000000000e+00	 0.00000000000000000000e+00	 
 1.21999999999999997335e+00	 6.31419615487074962405e-09	 0.00000000000000000000e+00	 2.21200507011487621252e-09	 5.83032042182652266056e-04	 6.93627757960610987625e-04	 5.72500454612067890712e-05	 0.00000000000000000000e+00	 0.00000000000000000000e+00	 0.00000000000000000000e+00	 6.90614318023023915707e-04	 5.39117152244153707537e-06	 0.00000000000000000000e+00	 0.00000000000000000000e+00	 0.00000000000000000000e+00	 
 1.24000000000000021316e+00	 4.63986247954758930783e-09	 0.00000000000000000000e+00	 1.60772643852893047190e-09	 4.36753964185943065798e-04	 5.21791498895256126468e-04	 4.15087382718098117391e-05	 0.00000000000000000000e+00	 0.00000000000000000000e+00	 0.00000000000000000000e+00	 5.19384243708209442265e-04	 4.08462708210453531851e-06	 0.00000000000000000000e+00	 0.00000000000000000000e+00	 0.00000000000000000000e+00	 
 1.25999999999999978684e+00	 3.37501179404140700746e-09	 0.00000000000000000000e+00	 1.15930498469970644578e-09	 3.22498630025476885463e-04	 3.86539988645006877925e-04	 2.98735304421623656685e-05	 0.00000000000000000000e+00	 0.00000000000000000000e+00	 0.00000000000000000000e+00	 3.84681107227907703987e-04	 3.04191994546534029016e-06	 0.00000000000000000000e+00	 0.00000000000000000000e+00	 0.00000000000000000000e+00	 
 1.28000000000000002665e+00	 2.42489676834616616003e-09	 0.00000000000000000000e+00	 8.28577091852904641169e-10	 2.33745093570121180221e-04	 2.80686635843401357301e-04	 2.13265278089814460034e-05	 0.00000000000000000000e+00	 0.00000000000000000000e+00	 0.00000000000000000000e+00	 2.79307427162743939029e-04	 2.21557522917676968349e-06	 0.00000000000000000000e+00	 0.00000000000000000000e+00	 0.00000000000000000000e+00	 
 1.30000000000000026645e+00	 1.71937126661776983471e-09	 0.00000000000000000000e+00	 5.86707486073933447062e-10	 1.66040250293616591668e-04	 1.99462226289277920043e-04	 1.50968606022436865660e-05	 0.00000000000000000000e+00	 0.00000000000000000000e+00	 0.00000000000000000000e+00	 1.98478198263911479468e-04	 1.57556241529969204255e-06	 0.00000000000000000000e+00	 0.00000000000000000000e+00	 0.00000000000000000000e+00	 
 1.32000000000000006217e+00	 1.20965269598217375138e-09	 0.00000000000000000000e+00	 4.12437320394516998191e-10	 1.16939099370448813028e-04	 1.40508511005681010998e-04	 1.06111824654621669740e-05	 0.00000000000000000000e+00	 0.00000000000000000000e+00	 0.00000000000000000000e+00	 1.39813811669364096565e-04	 1.11035780746444863642e-06	 0.00000000000000000000e+00	 0.00000000000000000000e+00	 0.00000000000000000000e+00	 
 1.34000000000000007994e+00	 8.44767122306920455305e-10	 0.00000000000000000000e+00	 2.87857671488279579411e-10	 8.17297674859630639927e-05	 9.82188929744650431877e-05	 7.40551219441420467145e-06	 0.00000000000000000000e+00	 0.00000000000000000000e+00	 0.00000000000000000000e+00	 9.77324773198924519379e-05	 7.76413144647530137392e-07	 0.00000000000000000000e+00	 0.00000000000000000000e+00	 0.00000000000000000000e+00	 
 1.35999999999999987566e+00	 5.85567001102869623117e-10	 0.00000000000000000000e+00	 1.99452601936125561918e-10	 5.66857593045278057554e-05	 6.81304822458503220014e-05	 5.13111882265222360076e-06	 0.00000000000000000000e+00	 0.00000000000000000000e+00	 0.00000000000000000000e+00	 6.77926609279413407670e-05	 5.38689364874371978521e-07	 0.00000000000000000000e+00	 0.00000000000000000000e+00	 0.00000000000000000000e+00	 
 1.37999999999999989342e+00	 4.02856272080297173690e-10	 0.00000000000000000000e+00	 1.37182210987934796830e-10	 3.90147998806176496195e-05	 4.68958368937096779739e-05	 3.52925424305027475409e-06	 0.00000000000000000000e+00	 0.00000000000000000000e+00	 0.00000000000000000000e+00	 4.66631002461867893240e-05	 3.70851291186740682026e-07	 0.00000000000000000000e+00	 0.00000000000000000000e+00	 0.00000000000000000000e+00	 
 1.40000000000000013323e+00	 2.75056266251227968501e-10	 0.00000000000000000000e+00	 9.36487899095301001018e-11	 2.66455999821257831614e-05	 3.20299117856827843969e-05	 2.40942237422033975983e-06	 0.00000000000000000000e+00	 0.00000000000000000000e+00	 0.00000000000000000000e+00	 3.18708543921103766680e-05	 2.53317901010008439206e-07	 0.00000000000000000000e+00	 0.00000000000000000000e+00	 0.00000000000000000000e+00	 
 1.41999999999999992895e+00	 1.86358267560370563613e-10	 0.00000000000000000000e+00	 6.34452559533365181147e-11	 1.80564651635101660232e-05	 2.17059556944707688448e-05	 1.63246701470409065853e-06	 0.00000000000000000000e+00	 0.00000000000000000000e+00	 0.00000000000000000000e+00	 2.15981223455203103141e-05	 1.71678224242130273106e-07	 0.00000000000000000000e+00	 0.00000000000000000000e+00	 0.00000000000000000000e+00	 
 1.44000000000000016875e+00	 1.25280592979628847707e-10	 0.00000000000000000000e+00	 4.26512359250034294811e-11	 1.21398629366683418498e-05	 1.45938112003293593468e-05	 1.09753165746447775317e-06	 0.00000000000000000000e+00	 0.00000000000000000000e+00	 0.00000000000000000000e+00	 1.45212927423316577889e-05	 1.15429601983763828437e-07	 0.00000000000000000000e+00	 0.00000000000000000000e+00	 0.00000000000000000000e+00	 
 1.45999999999999996447e+00	 8.35553544599784917167e-11	 0.00000000000000000000e+00	 2.84471821123019831082e-11	 8.09700663835659947658e-06	 9.73380920562122679688e-06	 7.32095991663112779328e-07	 0.00000000000000000000e+00	 0.00000000000000000000e+00	 0.00000000000000000000e+00	 9.68543484864772423254e-06	 7.69897900017810546161e-08	 0.00000000000000000000e+00	 0.00000000000000000000e+00	 0.00000000000000000000e+00	 
 1.47999999999999998224e+00	 5.52793577859592872242e-11	 0.00000000000000000000e+00	 1.88216978454406180611e-11	 5.35691332457296861847e-06	 6.43980087277061483977e-06	 4.84431229860605765579e-07	 0.00000000000000000000e+00	 0.00000000000000000000e+00	 0.00000000000000000000e+00	 6.40779584485625506207e-06	 5.09350997789160805898e-08	 0.00000000000000000000e+00	 0.00000000000000000000e+00	 0.00000000000000000000e+00	 
 1.50000000000000000000e+00	 3.62734419673754191901e-11	 0.00000000000000000000e+00	 1.23516303649023006768e-11	 3.51502573779464426817e-06	 4.22554827908519874249e-06	 3.17937630825263015048e-07	 0.00000000000000000000e+00	 0.00000000000000000000e+00	 0.00000000000000000000e+00	 4.20454852247204614597e-06	 3.34208212477979711495e-08	 0.00000000000000000000e+00	 0.00000000000000000000e+00	 0.00000000000000000000e+00	 
 1.52000000000000001776e+00	 2.36040691732683542766e-11	 0.00000000000000000000e+00	 8.03835609882198642319e-12	 2.28720845897486744675e-06	 2.74950944239179069148e-06	 2.06932107157333147964e-07	 0.00000000000000000000e+00	 0.00000000000000000000e+00	 0.00000000000000000000e+00	 2.73584623487610896871e-06	 2.17457964579605054077e-08	 0.00000000000000000000e+00	 0.00000000000000000000e+00	 0.00000000000000000000e+00	 
 1.54000000000000003553e+00	 1.52296294717581779054e-11	 0.00000000000000000000e+00	 5.18700710240584559299e-12	 1.47564436536070326542e-06	 1.77388292851468049225e-06	 1.33542162894736305265e-07	 0.00000000000000000000e+00	 0.00000000000000000000e+00	 0.00000000000000000000e+00	 1.76506886172473373755e-06	 1.40290813679594176133e-08	 0.00000000000000000000e+00	 0.00000000000000000000e+00	 0.00000000000000000000e+00	 
 1.56000000000000027534e+00	 9.74148635438545173856e-12	 0.00000000000000000000e+00	 3.31818104018027126966e-12	 9.43817459400749059405e-07	 1.13455212018034206838e-06	 8.54358241784523405028e-08	 0.00000000000000000000e+00	 0.00000000000000000000e+00	 0.00000000000000000000e+00	 1.12891544938053964503e-06	 8.97247137976497573734e-09	 0.00000000000000000000e+00	 0.00000000000000000000e+00	 0.00000000000000000000e+00	 
 1.58000000000000007105e+00	 6.17619447125623256779e-12	 0.00000000000000000000e+00	 2.10398124301469398914e-12	 5.98346793279765315574e-07	 7.19254213820594687916e-07	 5.41772980774117886508e-08	 0.00000000000000000000e+00	 0.00000000000000000000e+00	 0.00000000000000000000e+00	 7.15681285712945794906e-07	 5.68791814544771548507e-09	 0.00000000000000000000e+00	 0.00000000000000000000e+00	 0.00000000000000000000e+00	 
 1.60000000000000008882e+00	 3.88061461806583843236e-12	 0.00000000000000000000e+00	 1.32210257290676863251e-12	 3.75925619871399486181e-07	 4.51881401303617524320e-07	 3.40465589465743386304e-08	 0.00000000000000000000e+00	 0.00000000000000000000e+00	 0.00000000000000000000e+00	 4.49636952936408425486e-07	 3.57337973552655596170e-09	 0.00000000000000000000e+00	 0.00000000000000000000e+00	 0.00000000000000000000e+00	 
 1.61999999999999988454e+00	 2.41593693716323747788e-12	 0.00000000000000000000e+00	 8.23172773376133387705e-13	 2.34022456831829806833e-07	 2.81302415512424264396e-07	 2.11996517789621494742e-08	 0.00000000000000000000e+00	 0.00000000000000000000e+00	 0.00000000000000000000e+00	 2.79905392555193446140e-07	 2.22439955392667119301e-09	 0.00000000000000000000e+00	 0.00000000000000000000e+00	 0.00000000000000000000e+00	 
 1.64000000000000012434e+00	 1.49003267063493053951e-12	 0.00000000000000000000e+00	 5.07736797094397827510e-13	 1.44324483901488213289e-07	 1.73480131078241929919e-07	 1.30768511533346528418e-08	 0.00000000000000000000e+00	 0.00000000000000000000e+00	 0.00000000000000000000e+00	 1.72618685745484140116e-07	 1.37174945499970934492e-09	 0.00000000000000000000e+00	 0.00000000000000000000e+00	 0.00000000000000000000e+00	 
 1.66000000000000014211e+00	 9.10224878684222381712e-13	 0.00000000000000000000e+00	 3.10188382341490302728e-13	 8.81591363722570630024e-08	 1.05967172878377719541e-07	 7.98940060588016054210e-09	 0.00000000000000000000e+00	 0.00000000000000000000e+00	 0.00000000000000000000e+00	 1.05441033246903749646e-07	 8.37882893971596617359e-10	 0.00000000000000000000e+00	 0.00000000000000000000e+00	 0.00000000000000000000e+00	 
 1.67999999999999993783e+00	 5.50630181151371486204e-13	 0.00000000000000000000e+00	 1.87658123221039957581e-13	 5.33280059046623271284e-08	 6.40994322135894054219e-08	 4.83367770359030992144e-09	 0.00000000000000000000e+00	 0.00000000000000000000e+00	 0.00000000000000000000e+00	 6.37812032103612700731e-08	 5.06820681344704035890e-10	 0.00000000000000000000e+00	 0.00000000000000000000e+00	 0.00000000000000000000e+00	 
 1.70000000000000017764e+00	 3.29794619862971303995e-13	 0.00000000000000000000e+00	 1.12403060673839719506e-13	 3.19387527099805672863e-08	 3.83894718712257121430e-08	 2.89539527310662896252e-09	 0.00000000000000000000e+00	 0.00000000000000000000e+00	 0.00000000000000000000e+00	 3.81989003564595532881e-08	 3.03530045548547541697e-10	 0.00000000000000000000e+00	 0.00000000000000000000e+00	 0.00000000000000000000e+00	 
 1.71999999999999997335e+00	 1.95529104865519566213e-13	 0.00000000000000000000e+00	 6.66453863593986382042e-14	 1.89350798548956720526e-08	 2.27592102822938099292e-08	 1.71679015556949647176e-09	 0.00000000000000000000e+00	 0.00000000000000000000e+00	 0.00000000000000000000e+00	 2.26462391154002681965e-08	 1.79943979925695630192e-10	 0.00000000000000000000e+00	 0.00000000000000000000e+00	 0.00000000000000000000e+00	 
 1.73999999999999999112e+00	 1.14729164517945730036e-13	 0.00000000000000000000e+00	 3.91069338779957062984e-14	 1.11099747038893619797e-08	 1.33536338454127027378e-08	 1.00743384407542111386e-09	 0.00000000000000000000e+00	 0.00000000000000000000e+00	 0.00000000000000000000e+00	 1.32873544449633400571e-08	 1.05577477167308183771e-10	 0.00000000000000000000e+00	 0.00000000000000000000e+00	 0.00000000000000000000e+00	 
 1.76000000000000023093e+00	 6.66099879946524525814e-14	 0.00000000000000000000e+00	 2.27058614962921224667e-14	 6.45006519600173230462e-09	 7.75259844898891750236e-09	 5.84944805327392037487e-10	 0.00000000000000000000e+00	 0.00000000000000000000e+00	 0.00000000000000000000e+00	 7.71412165405871257530e-09	 6.12931288603611519802e-11	 0.00000000000000000000e+00	 0.00000000000000000000e+00	 0.00000000000000000000e+00	 
 1.78000000000000002665e+00	 3.82573402166955453967e-14	 0.00000000000000000000e+00	 1.30415684082542181951e-14	 3.70447646672974703548e-09	 4.45253374577513829944e-09	 3.35984766739782244741e-10	 0.00000000000000000000e+00	 0.00000000000000000000e+00	 0.00000000000000000000e+00	 4.43043667168989081281e-09	 3.52018350481147743514e-11	 0.00000000000000000000e+00	 0.00000000000000000000e+00	 0.00000000000000000000e+00	 
 1.80000000000000004441e+00	 2.17322715829878206688e-14	 0.00000000000000000000e+00	 7.40857389550843869272e-15	 2.10429253587139569176e-09	 2.52920507397290707770e-09	 1.90869347019325705223e-10	 0.00000000000000000000e+00	 0.00000000000000000000e+00	 0.00000000000000000000e+00	 2.51665371825387964696e-09	 1.99956948237552231836e-11	 0.00000000000000000000e+00	 0.00000000000000000000e+00	 0.00000000000000000000e+00	 
 1.81999999999999984013e+00	 1.22071333244227985751e-14	 0.00000000000000000000e+00	 4.16155776069649409939e-15	 1.18196605851792584382e-09	 1.42062939333202542712e-09	 1.07218187441450601788e-10	 0.00000000000000000000e+00	 0.00000000000000000000e+00	 0.00000000000000000000e+00	 1.41357971760989531384e-09	 1.12312554837527532483e-11	 0.00000000000000000000e+00	 0.00000000000000000000e+00	 0.00000000000000000000e+00	 
 1.84000000000000007994e+00	 6.77863065912091406078e-15	 0.00000000000000000000e+00	 2.31097647820852269664e-15	 6.56333877112730376535e-10	 7.88857828145114534217e-10	 5.95413081567027893104e-11	 0.00000000000000000000e+00	 0.00000000000000000000e+00	 0.00000000000000000000e+00	 7.84943374337084140512e-10	 6.23651378478154625847e-12	 0.00000000000000000000e+00	 0.00000000000000000000e+00	 0.00000000000000000000e+00	 
 1.86000000000000009770e+00	 3.72040042622317950813e-15	 0.00000000000000000000e+00	 1.26839163644876296035e-15	 3.60217731139410887787e-10	 4.32949614839524717804e-10	 3.26803015917091526821e-11	 0.00000000000000000000e+00	 0.00000000000000000000e+00	 0.00000000000000000000e+00	 4.30801310202513661219e-10	 3.42276141949199318626e-12	 0.00000000000000000000e+00	 0.00000000000000000000e+00	 0.00000000000000000000e+00	 
 1.87999999999999989342e+00	 2.01769130508147988179e-15	 0.00000000000000000000e+00	 6.87903595879306114812e-16	 1.95354545672587880529e-10	 2.34797966839143073938e-10	 1.77243285853799533144e-11	 0.00000000000000000000e+00	 0.00000000000000000000e+00	 0.00000000000000000000e+00	 2.33632927542522678606e-10	 1.85622289438574463955e-12	 0.00000000000000000000e+00	 0.00000000000000000000e+00	 0.00000000000000000000e+00	 
 1.89999999999999991118e+00	 1.08101851609917830754e-15	 0.00000000000000000000e+00	 3.68565270753474483697e-16	 1.04663684145026058929e-10	 1.25795619958582445846e-10	 9.49655274195219334683e-12	 0.00000000000000000000e+00	 0.00000000000000000000e+00	 0.00000000000000000000e+00	 1.25171452883965608908e-10	 9.94484811208478410960e-13	 0.00000000000000000000e+00	 0.00000000000000000000e+00	 0.00000000000000000000e+00	 
 1.92000000000000015099e+00	 5.72030384550369772788e-16	 0.00000000000000000000e+00	 1.95033056245334112413e-16	 5.53830176157124482570e-11	 6.65648455365094480817e-11	 5.02538257974266792248e-12	 0.00000000000000000000e+00	 0.00000000000000000000e+00	 0.00000000000000000000e+00	 6.62345745329693524130e-11	 5.26228847987703236975e-13	 0.00000000000000000000e+00	 0.00000000000000000000e+00	 0.00000000000000000000e+00	 
 1.93999999999999994671e+00	 2.98885539637172868985e-16	 0.00000000000000000000e+00	 1.01906404599100858131e-16	 2.89372643911690940414e-11	 3.47796084983527265700e-11	 2.62586140425859870795e-12	 0.00000000000000000000e+00	 0.00000000000000000000e+00	 0.00000000000000000000e+00	 3.46070480602977242512e-11	 2.74948709407096230310e-13	 0.00000000000000000000e+00	 0.00000000000000000000e+00	 0.00000000000000000000e+00	 
 1.95999999999999996447e+00	 1.54163270781676184255e-16	 0.00000000000000000000e+00	 5.25635489022115988179e-17	 1.49254983570460710948e-11	 1.79388677337464944817e-11	 1.35445510346023631621e-12	 0.00000000000000000000e+00	 0.00000000000000000000e+00	 0.00000000000000000000e+00	 1.78498650232456376772e-11	 1.41814103226994867589e-13	 0.00000000000000000000e+00	 0.00000000000000000000e+00	 0.00000000000000000000e+00	 
 1.97999999999999998224e+00	 7.84757636517946134406e-17	 0.00000000000000000000e+00	 2.67575517001484898687e-17	 7.59764571862297910233e-12	 9.13154450279349056545e-12	 6.89503091197141207653e-13	 0.00000000000000000000e+00	 0.00000000000000000000e+00	 0.00000000000000000000e+00	 9.08623966843935195283e-12	 7.21881828818176918985e-14	 0.00000000000000000000e+00	 0.00000000000000000000e+00	 0.00000000000000000000e+00	 
 2.00000000000000000000e+00	 3.94144301265687135729e-17	 0.00000000000000000000e+00	 1.34391907625965213014e-17	 3.81587746795366947430e-12	 4.58625990205690236051e-12	 3.46316560374360716350e-13	 0.00000000000000000000e+00	 0.00000000000000000000e+00	 0.00000000000000000000e+00	 4.56350623772967192587e-12	 3.62558455745744813782e-14	 0.00000000000000000000e+00	 0.00000000000000000000e+00	 0.00000000000000000000e+00	 
 2.02000000000000001776e+00	 1.95265026851083449504e-17	 0.00000000000000000000e+00	 6.65808695841988222883e-18	 1.89042458562023141097e-12	 2.27207491673029176147e-12	 1.71577513564179232644e-13	 0.00000000000000000000e+00	 0.00000000000000000000e+00	 0.00000000000000000000e+00	 2.26080273869392190565e-12	 1.79613725656061936067e-14	 0.00000000000000000000e+00	 0.00000000000000000000e+00	 0.00000000000000000000e+00	 
 2.04000000000000003553e+00	 9.53950009973174992613e-18	 0.00000000000000000000e+00	 3.25280419544611107558e-18	 9.23541051239104764845e-13	 1.10998864684118265669e-12	 8.38262697960685102147e-14	 0.00000000000000000000e+00	 0.00000000000000000000e+00	 0.00000000000000000000e+00	 1.10448188568992266502e-12	 8.77471191014021430861e-15	 0.00000000000000000000e+00	 0.00000000000000000000e+00	 0.00000000000000000000e+00	 
 2.06000000000000005329e+00	 4.59450879931436342282e-18	 0.00000000000000000000e+00	 1.56667515374455865575e-18	 4.44800519719924934835e-13	 5.34597151425523843943e-13	 4.03750530271960505617e-14	 0.00000000000000000000e+00	 0.00000000000000000000e+00	 0.00000000000000000000e+00	 5.31945009594840127738e-13	 4.22608621615566771492e-15	 0.00000000000000000000e+00	 0.00000000000000000000e+00	 0.00000000000000000000e+00	 
 2.08000000000000007105e+00	 2.18093737564577830912e-18	 0.00000000000000000000e+00	 7.43688311937915288541e-19	 2.11137252770599178643e-13	 2.53761195269207923919e-13	 1.91662752865349872137e-14	 0.00000000000000000000e+00	 0.00000000000000000000e+00	 0.00000000000000000000e+00	 2.52502306058780624418e-13	 2.00601513726175246226e-15	 0.00000000000000000000e+00	 0.00000000000000000000e+00	 0.00000000000000000000e+00	 
 2.10000000000000053291e+00	 1.02003288606467389129e-18	 0.00000000000000000000e+00	 3.47832550310649831106e-19	 9.87486422480651754364e-14	 1.18683522222349611759e-13	 8.96458835326232746269e-15	 0.00000000000000000000e+00	 0.00000000000000000000e+00	 0.00000000000000000000e+00	 1.18094753639585804682e-13	 9.38202483386925473576e-16	 0.00000000000000000000e+00	 0.00000000000000000000e+00	 0.00000000000000000000e+00	 
 2.12000000000000010658e+00	 4.69922408891187768151e-19	 0.00000000000000000000e+00	 1.60247381966134089964e-19	 4.54923295246596505850e-14	 5.46759537576208426814e-14	 4.13014453369405464327e-15	 0.00000000000000000000e+00	 0.00000000000000000000e+00	 0.00000000000000000000e+00	 5.44047210259364047804e-14	 4.32214695272178083835e-16	 0.00000000000000000000e+00	 0.00000000000000000000e+00	 0.00000000000000000000e+00	 
 2.14000000000000012434e+00	 2.13182305504040498777e-19	 0.00000000000000000000e+00	 7.26984566982030944977e-20	 2.06375421285201632939e-14	 2.48036161691676377755e-14	 1.87376250804722358372e-15	 0.00000000000000000000e+00	 0.00000000000000000000e+00	 0.00000000000000000000e+00	 2.46805746114973504748e-14	 1.96071741072238755210e-16	 0.00000000000000000000e+00	 0.00000000000000000000e+00	 0.00000000000000000000e+00	 
 2.15999999999999969802e+00	 9.52048455116512149449e-20	 0.00000000000000000000e+00	 3.24670551842610605259e-20	 9.21637992073053499657e-15	 1.10768473094817182022e-14	 8.36851170409627529254e-16	 0.00000000000000000000e+00	 0.00000000000000000000e+00	 0.00000000000000000000e+00	 1.10219003619980492077e-14	 8.75614263805677595135e-17	 0.00000000000000000000e+00	 0.00000000000000000000e+00	 0.00000000000000000000e+00	 
 2.18000000000000015987e+00	 4.18424960863534691503e-20	 0.00000000000000000000e+00	 1.42696016677248203390e-20	 4.05054132863958915558e-15	 4.86819049565844231589e-15	 3.67818983470782352048e-16	 0.00000000000000000000e+00	 0.00000000000000000000e+00	 0.00000000000000000000e+00	 4.84404228336358309525e-15	 3.84822692183881993315e-17	 0.00000000000000000000e+00	 0.00000000000000000000e+00	 0.00000000000000000000e+00	 
 2.20000000000000017764e+00	 1.80922394030281811182e-20	 0.00000000000000000000e+00	 6.17017763870779115869e-21	 1.75138495705356267686e-15	 2.10491579328452676810e-15	 1.59051570253773180136e-16	 0.00000000000000000000e+00	 0.00000000000000000000e+00	 0.00000000000000000000e+00	 2.09447480642965716932e-15	 1.66388790878140495865e-17	 0.00000000000000000000e+00	 0.00000000000000000000e+00	 0.00000000000000000000e+00	 
 2.21999999999999975131e+00	 7.69390263045354360053e-21	 0.00000000000000000000e+00	 2.62399984515092376688e-21	 7.44782375143041891256e-16	 8.95119523649855612303e-16	 6.76430531824472232978e-17	 0.00000000000000000000e+00	 0.00000000000000000000e+00	 0.00000000000000000000e+00	 8.90679588946585699947e-16	 7.07565030914275562879e-18	 0.00000000000000000000e+00	 0.00000000000000000000e+00	 0.00000000000000000000e+00	 
 2.24000000000000021316e+00	 3.21693210805626233168e-21	 0.00000000000000000000e+00	 1.09716397308940580381e-21	 3.11399275760653234942e-16	 3.74255051340961031475e-16	 2.82846751390007828924e-17	 0.00000000000000000000e+00	 0.00000000000000000000e+00	 0.00000000000000000000e+00	 3.72398738215877246742e-16	 2.95834446641605861062e-18	 0.00000000000000000000e+00	 0.00000000000000000000e+00	 0.00000000000000000000e+00	 
 2.25999999999999978684e+00	 1.32201688595431400162e-21	 0.00000000000000000000e+00	 4.50899713536318054870e-22	 1.27969142034163626636e-16	 1.53799054131872528735e-16	 1.16246822083804313143e-17	 0.00000000000000000000e+00	 0.00000000000000000000e+00	 0.00000000000000000000e+00	 1.53036229914163040344e-16	 1.21571060661548241918e-18	 0.00000000000000000000e+00	 0.00000000000000000000e+00	 0.00000000000000000000e+00	 
 2.27999999999999980460e+00	 5.33812656492824504318e-22	 0.00000000000000000000e+00	 1.82073177332081345144e-22	 5.16712781299809920950e-17	 6.21006060431179761601e-17	 4.69428923976924056260e-18	 0.00000000000000000000e+00	 0.00000000000000000000e+00	 0.00000000000000000000e+00	 6.17926043710610831072e-17	 4.90871216017758650198e-19	 0.00000000000000000000e+00	 0.00000000000000000000e+00	 0.00000000000000000000e+00	 
 2.30000000000000026645e+00	 2.11715257918267030273e-22	 0.00000000000000000000e+00	 7.22144798126482402604e-23	 2.04929311111627335719e-17	 2.46291163565724531435e-17	 1.86196809696057752218e-18	 0.00000000000000000000e+00	 0.00000000000000000000e+00	 0.00000000000000000000e+00	 2.45069668738690943746e-17	 1.94677359052292396825e-19	 0.00000000000000000000e+00	 0.00000000000000000000e+00	 0.00000000000000000000e+00	 
 2.32000000000000028422e+00	 8.24478545116568619080e-23	 0.00000000000000000000e+00	 2.81233747565482616407e-23	 7.98035739845864806248e-18	 9.59102648839088199299e-18	 7.25171697636767928548e-19	 0.00000000000000000000e+00	 0.00000000000000000000e+00	 0.00000000000000000000e+00	 9.54346093551241815764e-18	 7.58099620356861032512e-20	 0.00000000000000000000e+00	 0.00000000000000000000e+00	 0.00000000000000000000e+00	 
 2.33999999999999985789e+00	 3.15152502789522447144e-23	 0.00000000000000000000e+00	 1.07504278256371607475e-23	 3.05038216729231187948e-18	 3.66602039779784235990e-18	 2.77220966773459530453e-19	 0.00000000000000000000e+00	 0.00000000000000000000e+00	 0.00000000000000000000e+00	 3.64783988884617167684e-18	 2.89767923684990036071e-20	 0.00000000000000000000e+00	 0.00000000000000000000e+00	 0.00000000000000000000e+00	 
 2.36000000000000031974e+00	 1.18201900954271820705e-23	 0.00000000000000000000e+00	 4.03224927025303172117e-24	 1.14405759014286898312e-18	 1.37494794277409896359e-18	 1.03986299755209641637e-19	 0.00000000000000000000e+00	 0.00000000000000000000e+00	 0.00000000000000000000e+00	 1.36812957986743128185e-18	 1.08676485347027228117e-20	 0.00000000000000000000e+00	 0.00000000000000000000e+00	 0.00000000000000000000e+00	 
 2.38000000000000033751e+00	 4.34846890336284933942e-24	 0.00000000000000000000e+00	 1.48346826669012989312e-24	 4.20871117061641576223e-19	 5.05807309053866942136e-19	 3.82592996304945657075e-20	 0.00000000000000000000e+00	 0.00000000000000000000e+00	 0.00000000000000000000e+00	 5.03299118062872653697e-19	 3.99786353231382961941e-21	 0.00000000000000000000e+00	 0.00000000000000000000e+00	 0.00000000000000000000e+00	 
 2.39999999999999991118e+00	 1.56855664446353570080e-24	 0.00000000000000000000e+00	 5.35133554997307335089e-25	 1.51810446221889477349e-19	 1.82446317563573455577e-19	 1.38023355419526172032e-20	 0.00000000000000000000e+00	 0.00000000000000000000e+00	 0.00000000000000000000e+00	 1.81541645561249998204e-19	 1.44201946989468727601e-21	 0.00000000000000000000e+00	 0.00000000000000000000e+00	 0.00000000000000000000e+00	 
 2.41999999999999948486e+00	 5.54571466401966263221e-25	 0.00000000000000000000e+00	 1.89208539947264822075e-25	 5.36719045774315986839e-20	 6.45026817195928267170e-20	 4.88050182002448169452e-21	 0.00000000000000000000e+00	 0.00000000000000000000e+00	 0.00000000000000000000e+00	 6.41828561266506649658e-20	 5.09807894052383253353e-22	 0.00000000000000000000e+00	 0.00000000000000000000e+00	 0.00000000000000000000e+00	 
 2.44000000000000039080e+00	 1.92108989089822140960e-25	 0.00000000000000000000e+00	 6.55470781117029054131e-26	 1.85919319162589180429e-20	 2.23435640229119715021e-20	 1.69087771340675701282e-21	 0.00000000000000000000e+00	 0.00000000000000000000e+00	 0.00000000000000000000e+00	 2.22327828176439361463e-20	 1.76593041013049110371e-22	 0.00000000000000000000e+00	 0.00000000000000000000e+00	 0.00000000000000000000e+00	 
 2.45999999999999996447e+00	 6.51790344133161679648e-26	 0.00000000000000000000e+00	 2.22401267372723896041e-26	 6.30770517930460762163e-21	 7.58047321377542627695e-21	 5.73763711480545615926e-22	 0.00000000000000000000e+00	 0.00000000000000000000e+00	 0.00000000000000000000e+00	 7.54289060721378459594e-21	 5.99113875079613112966e-23	 0.00000000000000000000e+00	 0.00000000000000000000e+00	 0.00000000000000000000e+00	 
 2.47999999999999953815e+00	 2.16507676268451592783e-26	 0.00000000000000000000e+00	 7.38801243307545070284e-27	 2.09518630427035921184e-21	 2.51793440865713395971e-21	 1.90617293608364209254e-22	 0.00000000000000000000e+00	 0.00000000000000000000e+00	 0.00000000000000000000e+00	 2.50545164832437397802e-21	 1.98998109634220618653e-23	 0.00000000000000000000e+00	 0.00000000000000000000e+00	 0.00000000000000000000e+00	 
 2.50000000000000044409e+00	 7.03844554132237773821e-27	 0.00000000000000000000e+00	 2.40191373312485236841e-27	 6.81100517095503727401e-22	 8.18520642687080484831e-22	 6.19773385827617086571e-23	 0.00000000000000000000e+00	 0.00000000000000000000e+00	 0.00000000000000000000e+00	 8.14463034207309869032e-22	 6.46882183268790340721e-24	 0.00000000000000000000e+00	 0.00000000000000000000e+00	 0.00000000000000000000e+00	 
 2.52000000000000001776e+00	 2.23845883221669039144e-27	 0.00000000000000000000e+00	 7.63936909188364396706e-28	 2.16604696249739288156e-22	 2.60305158158625685628e-22	 1.97140516505966094178e-23	 0.00000000000000000000e+00	 0.00000000000000000000e+00	 0.00000000000000000000e+00	 2.59014841955364203138e-22	 2.05716374389347186332e-24	 0.00000000000000000000e+00	 0.00000000000000000000e+00	 0.00000000000000000000e+00	 
 2.54000000000000003553e+00	 6.96176071489802099029e-28	 0.00000000000000000000e+00	 2.37605590667100449915e-28	 6.73629834895293795237e-23	 8.09529184668961883679e-23	 6.13225270494465797954e-24	 0.00000000000000000000e+00	 0.00000000000000000000e+00	 0.00000000000000000000e+00	 8.05516663858253064140e-23	 6.39747553081306662423e-25	 0.00000000000000000000e+00	 0.00000000000000000000e+00	 0.00000000000000000000e+00	 
 2.56000000000000049738e+00	 2.11647594705509171855e-28	 0.00000000000000000000e+00	 7.22406398632983450461e-29	 2.04785006835969044791e-23	 2.46096506896692028628e-23	 1.86462776258662731701e-24	 0.00000000000000000000e+00	 0.00000000000000000000e+00	 0.00000000000000000000e+00	 2.44876786940019507498e-23	 1.94478274015237752473e-25	 0.00000000000000000000e+00	 0.00000000000000000000e+00	 0.00000000000000000000e+00	 
 2.58000000000000007105e+00	 6.28718774492429845695e-29	 0.00000000000000000000e+00	 2.14613439038839154839e-29	 6.08307188901711592481e-24	 7.31014741678392047590e-24	 5.54009104224429383334e-25	 0.00000000000000000000e+00	 0.00000000000000000000e+00	 0.00000000000000000000e+00	 7.27391901836952872211e-24	 5.77671259997999413098e-26	 0.00000000000000000000e+00	 0.00000000000000000000e+00	 0.00000000000000000000e+00	 
 2.60000000000000008882e+00	 1.82419353138050725365e-29	 0.00000000000000000000e+00	 6.22737817558526683808e-30	 1.76489227469166392350e-24	 2.12088476697340750981e-24	 1.60774428910383150482e-25	 0.00000000000000000000e+00	 0.00000000000000000000e+00	 0.00000000000000000000e+00	 2.11037466900229902009e-24	 1.67594641916773106238e-26	 0.00000000000000000000e+00	 0.00000000000000000000e+00	 0.00000000000000000000e+00	 
 2.62000000000000055067e+00	 5.16746224670427140333e-30	 0.00000000000000000000e+00	 1.76419726439376684525e-30	 4.99924492088207856644e-25	 6.00756880122812680233e-25	 4.55525840931355492510e-26	 0.00000000000000000000e+00	 0.00000000000000000000e+00	 0.00000000000000000000e+00	 5.97780054110044907466e-25	 4.74711408998362492336e-27	 0.00000000000000000000e+00	 0.00000000000000000000e+00	 0.00000000000000000000e+00	 
 2.64000000000000012434e+00	 1.42854580649231834411e-30	 0.00000000000000000000e+00	 4.87754423369628539075e-31	 1.38197469860118964819e-25	 1.66069422872701681326e-25	 1.25957400918405449970e-26	 0.00000000000000000000e+00	 0.00000000000000000000e+00	 0.00000000000000000000e+00	 1.65246597561752369351e-25	 1.31222365315339036603e-27	 0.00000000000000000000e+00	 0.00000000000000000000e+00	 0.00000000000000000000e+00	 
 2.66000000000000014211e+00	 3.85245930737512372210e-31	 0.00000000000000000000e+00	 1.31547949607856735908e-31	 3.72667721954617152728e-26	 4.47822982467411024773e-26	 3.39754866763291440986e-27	 0.00000000000000000000e+00	 0.00000000000000000000e+00	 0.00000000000000000000e+00	 4.45604347694010931820e-26	 3.53843501468857168619e-28	 0.00000000000000000000e+00	 0.00000000000000000000e+00	 0.00000000000000000000e+00	 
 2.67999999999999971578e+00	 1.01303305509502397214e-31	 0.00000000000000000000e+00	 3.45947687607042605471e-32	 9.79905237324527526516e-27	 1.17750688681536499373e-26	 8.93621814434327119004e-28	 0.00000000000000000000e+00	 0.00000000000000000000e+00	 0.00000000000000000000e+00	 1.17167374529740115981e-26	 9.30367081247509045530e-29	 0.00000000000000000000e+00	 0.00000000000000000000e+00	 0.00000000000000000000e+00	 
 2.70000000000000017764e+00	 2.59635196412795393837e-32	 0.00000000000000000000e+00	 8.86733344211275316370e-33	 2.51130630633320788630e-27	 3.01768286945087455528e-27	 2.29087166636431700104e-28	 0.00000000000000000000e+00	 0.00000000000000000000e+00	 0.00000000000000000000e+00	 3.00273530733587314260e-27	 2.38423942934497554335e-29	 0.00000000000000000000e+00	 0.00000000000000000000e+00	 0.00000000000000000000e+00	 
 2.72000000000000019540e+00	 6.48289145266956981172e-33	 0.00000000000000000000e+00	 2.21433232631264132573e-33	 6.27017144919092590798e-28	 7.53438152976460292738e-28	 5.72160197902172858965e-29	 0.00000000000000000000e+00	 0.00000000000000000000e+00	 0.00000000000000000000e+00	 7.49706509646406945895e-28	 5.95262607197092794896e-30	 0.00000000000000000000e+00	 0.00000000000000000000e+00	 0.00000000000000000000e+00	 
 2.73999999999999976907e+00	 1.57633369496758085415e-33	 0.00000000000000000000e+00	 5.38478977104682322764e-34	 1.52451683456816545113e-28	 1.83186911492726131346e-28	 1.39159708950133393119e-29	 0.00000000000000000000e+00	 0.00000000000000000000e+00	 0.00000000000000000000e+00	 1.82279716401789864719e-28	 1.44723640507028205418e-30	 0.00000000000000000000e+00	 0.00000000000000000000e+00	 0.00000000000000000000e+00	 
 2.76000000000000023093e+00	 3.73086002991475183595e-34	 0.00000000000000000000e+00	 1.27461231313486945893e-34	 3.60798934174901175699e-29	 4.33532061594915143406e-29	 3.29454650822503998760e-30	 0.00000000000000000000e+00	 0.00000000000000000000e+00	 0.00000000000000000000e+00	 4.31385323156744392601e-29	 3.42491347807327439587e-31	 0.00000000000000000000e+00	 0.00000000000000000000e+00	 0.00000000000000000000e+00	 
 2.77999999999999980460e+00	 8.59125298804134477698e-35	 0.00000000000000000000e+00	 2.93546080642102259950e-35	 8.30775763509050145171e-30	 9.98236120872403377368e-30	 7.58873717175410644058e-31	 0.00000000000000000000e+00	 0.00000000000000000000e+00	 0.00000000000000000000e+00	 9.93293688582336769161e-30	 7.88577340784589881855e-32	 0.00000000000000000000e+00	 0.00000000000000000000e+00	 0.00000000000000000000e+00	 
 2.79999999999999982236e+00	 1.92395279841765633839e-35	 0.00000000000000000000e+00	 6.57456354456723462581e-36	 1.86033651669770544211e-30	 2.23529158214405809005e-30	 1.69996046935546440299e-31	 0.00000000000000000000e+00	 0.00000000000000000000e+00	 0.00000000000000000000e+00	 2.22422562485413214627e-30	 1.76574136991989796033e-32	 0.00000000000000000000e+00	 0.00000000000000000000e+00	 0.00000000000000000000e+00	 
 2.82000000000000028422e+00	 4.18817218441409380717e-36	 0.00000000000000000000e+00	 1.43137008156386158108e-36	 4.04939510295982283834e-31	 4.86548065136186929499e-31	 3.70173677728580067131e-32	 0.00000000000000000000e+00	 0.00000000000000000000e+00	 0.00000000000000000000e+00	 4.84139681383966240889e-31	 3.84326036054902477764e-33	 0.00000000000000000000e+00	 0.00000000000000000000e+00	 0.00000000000000000000e+00	 
 2.83999999999999985789e+00	 8.85823088429326598401e-37	 0.00000000000000000000e+00	 3.02783006227265804902e-37	 8.56406314576519363378e-32	 1.02898274373711276747e-31	 7.83194962663575655873e-33	 0.00000000000000000000e+00	 0.00000000000000000000e+00	 0.00000000000000000000e+00	 1.02389001100342297286e-31	 8.12760389969113469531e-34	 0.00000000000000000000e+00	 0.00000000000000000000e+00	 0.00000000000000000000e+00	 
 2.85999999999999987566e+00	 1.81953439183956970126e-37	 0.00000000000000000000e+00	 6.22019652159833752935e-38	 1.75897254400015212036e-32	 2.11338990733531057438e-32	 1.60927558944617316994e-33	 0.00000000000000000000e+00	 0.00000000000000000000e+00	 0.00000000000000000000e+00	 2.10293156263001093658e-32	 1.66922034063416288918e-34	 0.00000000000000000000e+00	 0.00000000000000000000e+00	 0.00000000000000000000e+00	 
 2.87999999999999989342e+00	 3.62794867542683828186e-38	 0.00000000000000000000e+00	 1.24041380439306042419e-38	 3.50690914625956763785e-33	 4.21344295807281906554e-33	 3.20984471757383747698e-34	 0.00000000000000000000e+00	 0.00000000000000000000e+00	 0.00000000000000000000e+00	 4.19259523642048305241e-33	 3.32774441341901816755e-35	 0.00000000000000000000e+00	 0.00000000000000000000e+00	 0.00000000000000000000e+00	 
 2.90000000000000035527e+00	 7.01850696657285607196e-39	 0.00000000000000000000e+00	 2.40001596852413574592e-39	 6.78377355018135247276e-34	 8.15033902441764355853e-34	 6.21192078030959261501e-35	 0.00000000000000000000e+00	 0.00000000000000000000e+00	 0.00000000000000000000e+00	 8.11001787553629091029e-34	 6.43674810262011370936e-36	 0.00000000000000000000e+00	 0.00000000000000000000e+00	 0.00000000000000000000e+00	 
 2.91999999999999992895e+00	 1.31675382417706516421e-39	 0.00000000000000000000e+00	 4.50339747587334955695e-40	 1.27260327847111166044e-34	 1.52893416269451698967e-34	 1.16586878187504439528e-35	 0.00000000000000000000e+00	 0.00000000000000000000e+00	 0.00000000000000000000e+00	 1.52137142053944912535e-34	 1.20741563761688858160e-36	 0.00000000000000000000e+00	 0.00000000000000000000e+00	 0.00000000000000000000e+00	 
 2.93999999999999994671e+00	 2.39459791861860041173e-40	 0.00000000000000000000e+00	 8.19100096890199315668e-41	 2.31409661647976891197e-35	 2.78015066095855248056e-35	 2.12103236189002116484e-36	 0.00000000000000000000e+00	 0.00000000000000000000e+00	 0.00000000000000000000e+00	 2.76640107474177749087e-35	 2.19539504430118934731e-37	 0.00000000000000000000e+00	 0.00000000000000000000e+00	 0.00000000000000000000e+00	 
 2.96000000000000040856e+00	 4.21909284254493204529e-41	 0.00000000000000000000e+00	 1.44342613093309625659e-41	 4.07687111036842327422e-36	 4.89784008281763415133e-36	 3.73860124108935111126e-37	 0.00000000000000000000e+00	 0.00000000000000000000e+00	 0.00000000000000000000e+00	 4.87362119747014850383e-36	 3.86744759635528819616e-38	 0.00000000000000000000e+00	 0.00000000000000000000e+00	 0.00000000000000000000e+00	 
 2.97999999999999998224e+00	 7.19867810604517239856e-42	 0.00000000000000000000e+00	 2.46321197033932751989e-42	 6.95533773950219385646e-37	 8.35576643523725161424e-37	 6.38151807089100553141e-38	 0.00000000000000000000e+00	 0.00000000000000000000e+00	 0.00000000000000000000e+00	 8.31445583300896328278e-37	 6.59752066427348843313e-39	 0.00000000000000000000e+00	 0.00000000000000000000e+00	 0.00000000000000000000e+00	 
 3.00000000000000000000e+00	 1.18883272862201766631e-42	 0.00000000000000000000e+00	 4.06860761407689096504e-43	 1.14852997249756655952e-37	 1.37975037358980795741e-37	 1.05433604049042241883e-38	 0.00000000000000000000e+00	 0.00000000000000000000e+00	 0.00000000000000000000e+00	 1.37293014645862147362e-37	 1.08935329221519194206e-39	 0.00000000000000000000e+00	 0.00000000000000000000e+00	 0.00000000000000000000e+00	 
 3.02000000000000046185e+00	 1.89936586282404091980e-43	 0.00000000000000000000e+00	 6.50147950945955302208e-44	 1.83478358803012172788e-38	 2.20410773721346012382e-38	 1.68523272319082655291e-39	 0.00000000000000000000e+00	 0.00000000000000000000e+00	 0.00000000000000000000e+00	 2.19321463470071089657e-38	 1.74009890970551286508e-40	 0.00000000000000000000e+00	 0.00000000000000000000e+00	 0.00000000000000000000e+00	 
 3.04000000000000003553e+00	 2.93427179032283545868e-44	 0.00000000000000000000e+00	 1.00458093999823636358e-44	 2.83419488166570470381e-39	 3.40460811903309732481e-39	 2.60465668035326544939e-40	 0.00000000000000000000e+00	 0.00000000000000000000e+00	 0.00000000000000000000e+00	 3.38778510910866704350e-39	 2.68769663627520878658e-41	 0.00000000000000000000e+00	 0.00000000000000000000e+00	 0.00000000000000000000e+00	 
 3.06000000000000005329e+00	 4.38105026133605471205e-45	 0.00000000000000000000e+00	 1.50019039933522650181e-45	 4.23115819301258032550e-40	 5.08259838001916856556e-40	 3.89074922051068559263e-41	 0.00000000000000000000e+00	 0.00000000000000000000e+00	 0.00000000000000000000e+00	 5.05748891345773130183e-40	 4.01208404112339279752e-42	 0.00000000000000000000e+00	 0.00000000000000000000e+00	 0.00000000000000000000e+00	 
 3.08000000000000007105e+00	 6.31863176958419550427e-46	 0.00000000000000000000e+00	 2.16409977217444518894e-46	 6.10174741186592675960e-41	 7.32941858547883032246e-41	 5.61421294809093736138e-42	 0.00000000000000000000e+00	 0.00000000000000000000e+00	 0.00000000000000000000e+00	 7.29321649542287418012e-41	 5.78527446311745346463e-43	 0.00000000000000000000e+00	 0.00000000000000000000e+00	 0.00000000000000000000e+00	 
 3.10000000000000008882e+00	 0.00000000000000000000e+00	 0.00000000000000000000e+00	 0.00000000000000000000e+00	 8.49559235213302622377e-42	 1.02046330103686772113e-41	 7.82161606382560589900e-43	 0.00000000000000000000e+00	 0.00000000000000000000e+00	 0.00000000000000000000e+00	 1.01542398928730695110e-41	 8.05417658799748186571e-44	 0.00000000000000000000e+00	 0.00000000000000000000e+00	 0.00000000000000000000e+00	 
 3.12000000000000010658e+00	 0.00000000000000000000e+00	 0.00000000000000000000e+00	 0.00000000000000000000e+00	 1.14144492940545390138e-42	 1.37102940989406766410e-42	 1.05155855051097001799e-43	 0.00000000000000000000e+00	 0.00000000000000000000e+00	 0.00000000000000000000e+00	 1.36426036178403626929e-42	 1.08202909441222376505e-44	 0.00000000000000000000e+00	 0.00000000000000000000e+00	 0.00000000000000000000e+00	 
 3.13999999999999968026e+00	 0.00000000000000000000e+00	 0.00000000000000000000e+00	 0.00000000000000000000e+00	 1.47915528430961344851e-43	 1.77661496086299466674e-43	 1.36356365091640028054e-44	 0.00000000000000000000e+00	 0.00000000000000000000e+00	 0.00000000000000000000e+00	 1.76784538861380457534e-43	 1.40201606245730029755e-45	 0.00000000000000000000e+00	 0.00000000000000000000e+00	 0.00000000000000000000e+00	 
 3.16000000000000014211e+00	 0.00000000000000000000e+00	 0.00000000000000000000e+00	 0.00000000000000000000e+00	 1.84775313599742387216e-44	 2.21927380502430700168e-44	 1.70449685699885103308e-45	 0.00000000000000000000e+00	 0.00000000000000000000e+00	 0.00000000000000000000e+00	 2.20832170211636221233e-44	 1.75120570442477537708e-46	 0.00000000000000000000e+00	 0.00000000000000000000e+00	 0.00000000000000000000e+00	 
 3.18000000000000015987e+00	 0.00000000000000000000e+00	 0.00000000000000000000e+00	 0.00000000000000000000e+00	 2.22391155825475654290e-45	 2.67098531552643561482e-45	 2.05290004693317969400e-46	 0.00000000000000000000e+00	 0.00000000000000000000e+00	 0.00000000000000000000e+00	 2.65780709013626807219e-45	 0.00000000000000000000e+00	 0.00000000000000000000e+00	 0.00000000000000000000e+00	 0.00000000000000000000e+00	 
 3.19999999999999973355e+00	 0.00000000000000000000e+00	 0.00000000000000000000e+00	 0.00000000000000000000e+00	 2.57753484877033110077e-46	 3.09560286876810523135e-46	 0.00000000000000000000e+00	 0.00000000000000000000e+00	 0.00000000000000000000e+00	 0.00000000000000000000e+00	 3.08033330090224561554e-46	 0.00000000000000000000e+00	 0.00000000000000000000e+00	 0.00000000000000000000e+00	 0.00000000000000000000e+00	 
 3.22000000000000019540e+00	 0.00000000000000000000e+00	 0.00000000000000000000e+00	 0.00000000000000000000e+00	 0.00000000000000000000e+00	 0.00000000000000000000e+00	 0.00000000000000000000e+00	 0.00000000000000000000e+00	 0.00000000000000000000e+00	 0.00000000000000000000e+00	 0.00000000000000000000e+00	 0.00000000000000000000e+00	 0.00000000000000000000e+00	 0.00000000000000000000e+00	 0.00000000000000000000e+00	 
 3.24000000000000021316e+00	 0.00000000000000000000e+00	 0.00000000000000000000e+00	 0.00000000000000000000e+00	 0.00000000000000000000e+00	 0.00000000000000000000e+00	 0.00000000000000000000e+00	 0.00000000000000000000e+00	 0.00000000000000000000e+00	 0.00000000000000000000e+00	 0.00000000000000000000e+00	 0.00000000000000000000e+00	 0.00000000000000000000e+00	 0.00000000000000000000e+00	 0.00000000000000000000e+00	 
 3.25999999999999978684e+00	 0.00000000000000000000e+00	 0.00000000000000000000e+00	 0.00000000000000000000e+00	 0.00000000000000000000e+00	 0.00000000000000000000e+00	 0.00000000000000000000e+00	 0.00000000000000000000e+00	 0.00000000000000000000e+00	 0.00000000000000000000e+00	 0.00000000000000000000e+00	 0.00000000000000000000e+00	 0.00000000000000000000e+00	 0.00000000000000000000e+00	 0.00000000000000000000e+00	 
 3.28000000000000024869e+00	 0.00000000000000000000e+00	 0.00000000000000000000e+00	 0.00000000000000000000e+00	 0.00000000000000000000e+00	 0.00000000000000000000e+00	 0.00000000000000000000e+00	 0.00000000000000000000e+00	 0.00000000000000000000e+00	 0.00000000000000000000e+00	 0.00000000000000000000e+00	 0.00000000000000000000e+00	 0.00000000000000000000e+00	 0.00000000000000000000e+00	 0.00000000000000000000e+00	 
 3.29999999999999982236e+00	 0.00000000000000000000e+00	 0.00000000000000000000e+00	 0.00000000000000000000e+00	 0.00000000000000000000e+00	 0.00000000000000000000e+00	 0.00000000000000000000e+00	 0.00000000000000000000e+00	 0.00000000000000000000e+00	 0.00000000000000000000e+00	 0.00000000000000000000e+00	 0.00000000000000000000e+00	 0.00000000000000000000e+00	 0.00000000000000000000e+00	 0.00000000000000000000e+00	 
 3.31999999999999984013e+00	 0.00000000000000000000e+00	 0.00000000000000000000e+00	 0.00000000000000000000e+00	 0.00000000000000000000e+00	 0.00000000000000000000e+00	 0.00000000000000000000e+00	 0.00000000000000000000e+00	 0.00000000000000000000e+00	 0.00000000000000000000e+00	 0.00000000000000000000e+00	 0.00000000000000000000e+00	 0.00000000000000000000e+00	 0.00000000000000000000e+00	 0.00000000000000000000e+00	 
 3.34000000000000030198e+00	 0.00000000000000000000e+00	 0.00000000000000000000e+00	 0.00000000000000000000e+00	 0.00000000000000000000e+00	 0.00000000000000000000e+00	 0.00000000000000000000e+00	 0.00000000000000000000e+00	 0.00000000000000000000e+00	 0.00000000000000000000e+00	 0.00000000000000000000e+00	 0.00000000000000000000e+00	 0.00000000000000000000e+00	 0.00000000000000000000e+00	 0.00000000000000000000e+00	 
 3.36000000000000031974e+00	 0.00000000000000000000e+00	 0.00000000000000000000e+00	 0.00000000000000000000e+00	 0.00000000000000000000e+00	 0.00000000000000000000e+00	 0.00000000000000000000e+00	 0.00000000000000000000e+00	 0.00000000000000000000e+00	 0.00000000000000000000e+00	 0.00000000000000000000e+00	 0.00000000000000000000e+00	 0.00000000000000000000e+00	 0.00000000000000000000e+00	 0.00000000000000000000e+00	 
 3.37999999999999989342e+00	 0.00000000000000000000e+00	 0.00000000000000000000e+00	 0.00000000000000000000e+00	 0.00000000000000000000e+00	 0.00000000000000000000e+00	 0.00000000000000000000e+00	 0.00000000000000000000e+00	 0.00000000000000000000e+00	 0.00000000000000000000e+00	 0.00000000000000000000e+00	 0.00000000000000000000e+00	 0.00000000000000000000e+00	 0.00000000000000000000e+00	 0.00000000000000000000e+00	 
 3.39999999999999991118e+00	 0.00000000000000000000e+00	 0.00000000000000000000e+00	 0.00000000000000000000e+00	 0.00000000000000000000e+00	 0.00000000000000000000e+00	 0.00000000000000000000e+00	 0.00000000000000000000e+00	 0.00000000000000000000e+00	 0.00000000000000000000e+00	 0.00000000000000000000e+00	 0.00000000000000000000e+00	 0.00000000000000000000e+00	 0.00000000000000000000e+00	 0.00000000000000000000e+00	 
 3.42000000000000037303e+00	 0.00000000000000000000e+00	 0.00000000000000000000e+00	 0.00000000000000000000e+00	 0.00000000000000000000e+00	 0.00000000000000000000e+00	 0.00000000000000000000e+00	 0.00000000000000000000e+00	 0.00000000000000000000e+00	 0.00000000000000000000e+00	 0.00000000000000000000e+00	 0.00000000000000000000e+00	 0.00000000000000000000e+00	 0.00000000000000000000e+00	 0.00000000000000000000e+00	 
 3.43999999999999994671e+00	 0.00000000000000000000e+00	 0.00000000000000000000e+00	 0.00000000000000000000e+00	 0.00000000000000000000e+00	 0.00000000000000000000e+00	 0.00000000000000000000e+00	 0.00000000000000000000e+00	 0.00000000000000000000e+00	 0.00000000000000000000e+00	 0.00000000000000000000e+00	 0.00000000000000000000e+00	 0.00000000000000000000e+00	 0.00000000000000000000e+00	 0.00000000000000000000e+00	 
 3.45999999999999996447e+00	 0.00000000000000000000e+00	 0.00000000000000000000e+00	 0.00000000000000000000e+00	 0.00000000000000000000e+00	 0.00000000000000000000e+00	 0.00000000000000000000e+00	 0.00000000000000000000e+00	 0.00000000000000000000e+00	 0.00000000000000000000e+00	 0.00000000000000000000e+00	 0.00000000000000000000e+00	 0.00000000000000000000e+00	 0.00000000000000000000e+00	 0.00000000000000000000e+00	 
 3.48000000000000042633e+00	 0.00000000000000000000e+00	 0.00000000000000000000e+00	 0.00000000000000000000e+00	 0.00000000000000000000e+00	 0.00000000000000000000e+00	 0.00000000000000000000e+00	 0.00000000000000000000e+00	 0.00000000000000000000e+00	 0.00000000000000000000e+00	 0.00000000000000000000e+00	 0.00000000000000000000e+00	 0.00000000000000000000e+00	 0.00000000000000000000e+00	 0.00000000000000000000e+00	 
 3.50000000000000000000e+00	 0.00000000000000000000e+00	 0.00000000000000000000e+00	 0.00000000000000000000e+00	 0.00000000000000000000e+00	 0.00000000000000000000e+00	 0.00000000000000000000e+00	 0.00000000000000000000e+00	 0.00000000000000000000e+00	 0.00000000000000000000e+00	 0.00000000000000000000e+00	 0.00000000000000000000e+00	 0.00000000000000000000e+00	 0.00000000000000000000e+00	 0.00000000000000000000e+00	 
 3.52000000000000001776e+00	 0.00000000000000000000e+00	 0.00000000000000000000e+00	 0.00000000000000000000e+00	 0.00000000000000000000e+00	 0.00000000000000000000e+00	 0.00000000000000000000e+00	 0.00000000000000000000e+00	 0.00000000000000000000e+00	 0.00000000000000000000e+00	 0.00000000000000000000e+00	 0.00000000000000000000e+00	 0.00000000000000000000e+00	 0.00000000000000000000e+00	 0.00000000000000000000e+00	 
 3.54000000000000047962e+00	 0.00000000000000000000e+00	 0.00000000000000000000e+00	 0.00000000000000000000e+00	 0.00000000000000000000e+00	 0.00000000000000000000e+00	 0.00000000000000000000e+00	 0.00000000000000000000e+00	 0.00000000000000000000e+00	 0.00000000000000000000e+00	 0.00000000000000000000e+00	 0.00000000000000000000e+00	 0.00000000000000000000e+00	 0.00000000000000000000e+00	 0.00000000000000000000e+00	 
 3.56000000000000005329e+00	 0.00000000000000000000e+00	 0.00000000000000000000e+00	 0.00000000000000000000e+00	 0.00000000000000000000e+00	 0.00000000000000000000e+00	 0.00000000000000000000e+00	 0.00000000000000000000e+00	 0.00000000000000000000e+00	 0.00000000000000000000e+00	 0.00000000000000000000e+00	 0.00000000000000000000e+00	 0.00000000000000000000e+00	 0.00000000000000000000e+00	 0.00000000000000000000e+00	 
 3.58000000000000007105e+00	 0.00000000000000000000e+00	 0.00000000000000000000e+00	 0.00000000000000000000e+00	 0.00000000000000000000e+00	 0.00000000000000000000e+00	 0.00000000000000000000e+00	 0.00000000000000000000e+00	 0.00000000000000000000e+00	 0.00000000000000000000e+00	 0.00000000000000000000e+00	 0.00000000000000000000e+00	 0.00000000000000000000e+00	 0.00000000000000000000e+00	 0.00000000000000000000e+00	 
 3.60000000000000053291e+00	 0.00000000000000000000e+00	 0.00000000000000000000e+00	 0.00000000000000000000e+00	 0.00000000000000000000e+00	 0.00000000000000000000e+00	 0.00000000000000000000e+00	 0.00000000000000000000e+00	 0.00000000000000000000e+00	 0.00000000000000000000e+00	 0.00000000000000000000e+00	 0.00000000000000000000e+00	 0.00000000000000000000e+00	 0.00000000000000000000e+00	 0.00000000000000000000e+00	 
 3.62000000000000010658e+00	 0.00000000000000000000e+00	 0.00000000000000000000e+00	 0.00000000000000000000e+00	 0.00000000000000000000e+00	 0.00000000000000000000e+00	 0.00000000000000000000e+00	 0.00000000000000000000e+00	 0.00000000000000000000e+00	 0.00000000000000000000e+00	 0.00000000000000000000e+00	 0.00000000000000000000e+00	 0.00000000000000000000e+00	 0.00000000000000000000e+00	 0.00000000000000000000e+00	 
 3.63999999999999968026e+00	 0.00000000000000000000e+00	 0.00000000000000000000e+00	 0.00000000000000000000e+00	 0.00000000000000000000e+00	 0.00000000000000000000e+00	 0.00000000000000000000e+00	 0.00000000000000000000e+00	 0.00000000000000000000e+00	 0.00000000000000000000e+00	 0.00000000000000000000e+00	 0.00000000000000000000e+00	 0.00000000000000000000e+00	 0.00000000000000000000e+00	 0.00000000000000000000e+00	 
 3.65999999999999969802e+00	 0.00000000000000000000e+00	 0.00000000000000000000e+00	 0.00000000000000000000e+00	 0.00000000000000000000e+00	 0.00000000000000000000e+00	 0.00000000000000000000e+00	 0.00000000000000000000e+00	 0.00000000000000000000e+00	 0.00000000000000000000e+00	 0.00000000000000000000e+00	 0.00000000000000000000e+00	 0.00000000000000000000e+00	 0.00000000000000000000e+00	 0.00000000000000000000e+00	 
 3.68000000000000015987e+00	 0.00000000000000000000e+00	 0.00000000000000000000e+00	 0.00000000000000000000e+00	 0.00000000000000000000e+00	 0.00000000000000000000e+00	 0.00000000000000000000e+00	 0.00000000000000000000e+00	 0.00000000000000000000e+00	 0.00000000000000000000e+00	 0.00000000000000000000e+00	 0.00000000000000000000e+00	 0.00000000000000000000e+00	 0.00000000000000000000e+00	 0.00000000000000000000e+00	 
 3.70000000000000017764e+00	 0.00000000000000000000e+00	 0.00000000000000000000e+00	 0.00000000000000000000e+00	 0.00000000000000000000e+00	 0.00000000000000000000e+00	 0.00000000000000000000e+00	 0.00000000000000000000e+00	 0.00000000000000000000e+00	 0.00000000000000000000e+00	 0.00000000000000000000e+00	 0.00000000000000000000e+00	 0.00000000000000000000e+00	 0.00000000000000000000e+00	 0.00000000000000000000e+00	 
 3.71999999999999975131e+00	 0.00000000000000000000e+00	 0.00000000000000000000e+00	 0.00000000000000000000e+00	 0.00000000000000000000e+00	 0.00000000000000000000e+00	 0.00000000000000000000e+00	 0.00000000000000000000e+00	 0.00000000000000000000e+00	 0.00000000000000000000e+00	 0.00000000000000000000e+00	 0.00000000000000000000e+00	 0.00000000000000000000e+00	 0.00000000000000000000e+00	 0.00000000000000000000e+00	 
 3.74000000000000021316e+00	 0.00000000000000000000e+00	 0.00000000000000000000e+00	 0.00000000000000000000e+00	 0.00000000000000000000e+00	 0.00000000000000000000e+00	 0.00000000000000000000e+00	 0.00000000000000000000e+00	 0.00000000000000000000e+00	 0.00000000000000000000e+00	 0.00000000000000000000e+00	 0.00000000000000000000e+00	 0.00000000000000000000e+00	 0.00000000000000000000e+00	 0.00000000000000000000e+00	 
 3.76000000000000023093e+00	 0.00000000000000000000e+00	 0.00000000000000000000e+00	 0.00000000000000000000e+00	 0.00000000000000000000e+00	 0.00000000000000000000e+00	 0.00000000000000000000e+00	 0.00000000000000000000e+00	 0.00000000000000000000e+00	 0.00000000000000000000e+00	 0.00000000000000000000e+00	 0.00000000000000000000e+00	 0.00000000000000000000e+00	 0.00000000000000000000e+00	 0.00000000000000000000e+00	 
 3.77999999999999980460e+00	 0.00000000000000000000e+00	 0.00000000000000000000e+00	 0.00000000000000000000e+00	 0.00000000000000000000e+00	 0.00000000000000000000e+00	 0.00000000000000000000e+00	 0.00000000000000000000e+00	 0.00000000000000000000e+00	 0.00000000000000000000e+00	 0.00000000000000000000e+00	 0.00000000000000000000e+00	 0.00000000000000000000e+00	 0.00000000000000000000e+00	 0.00000000000000000000e+00	 
 3.80000000000000026645e+00	 0.00000000000000000000e+00	 0.00000000000000000000e+00	 0.00000000000000000000e+00	 0.00000000000000000000e+00	 0.00000000000000000000e+00	 0.00000000000000000000e+00	 0.00000000000000000000e+00	 0.00000000000000000000e+00	 0.00000000000000000000e+00	 0.00000000000000000000e+00	 0.00000000000000000000e+00	 0.00000000000000000000e+00	 0.00000000000000000000e+00	 0.00000000000000000000e+00	 
 3.82000000000000028422e+00	 0.00000000000000000000e+00	 0.00000000000000000000e+00	 0.00000000000000000000e+00	 0.00000000000000000000e+00	 0.00000000000000000000e+00	 0.00000000000000000000e+00	 0.00000000000000000000e+00	 0.00000000000000000000e+00	 0.00000000000000000000e+00	 0.00000000000000000000e+00	 0.00000000000000000000e+00	 0.00000000000000000000e+00	 0.00000000000000000000e+00	 0.00000000000000000000e+00	 
 3.83999999999999985789e+00	 0.00000000000000000000e+00	 0.00000000000000000000e+00	 0.00000000000000000000e+00	 0.00000000000000000000e+00	 0.00000000000000000000e+00	 0.00000000000000000000e+00	 0.00000000000000000000e+00	 0.00000000000000000000e+00	 0.00000000000000000000e+00	 0.00000000000000000000e+00	 0.00000000000000000000e+00	 0.00000000000000000000e+00	 0.00000000000000000000e+00	 0.00000000000000000000e+00	 
 3.86000000000000031974e+00	 0.00000000000000000000e+00	 0.00000000000000000000e+00	 0.00000000000000000000e+00	 0.00000000000000000000e+00	 0.00000000000000000000e+00	 0.00000000000000000000e+00	 0.00000000000000000000e+00	 0.00000000000000000000e+00	 0.00000000000000000000e+00	 0.00000000000000000000e+00	 0.00000000000000000000e+00	 0.00000000000000000000e+00	 0.00000000000000000000e+00	 0.00000000000000000000e+00	 
 3.87999999999999989342e+00	 0.00000000000000000000e+00	 0.00000000000000000000e+00	 0.00000000000000000000e+00	 0.00000000000000000000e+00	 0.00000000000000000000e+00	 0.00000000000000000000e+00	 0.00000000000000000000e+00	 0.00000000000000000000e+00	 0.00000000000000000000e+00	 0.00000000000000000000e+00	 0.00000000000000000000e+00	 0.00000000000000000000e+00	 0.00000000000000000000e+00	 0.00000000000000000000e+00	 
 3.89999999999999991118e+00	 0.00000000000000000000e+00	 0.00000000000000000000e+00	 0.00000000000000000000e+00	 0.00000000000000000000e+00	 0.00000000000000000000e+00	 0.00000000000000000000e+00	 0.00000000000000000000e+00	 0.00000000000000000000e+00	 0.00000000000000000000e+00	 0.00000000000000000000e+00	 0.00000000000000000000e+00	 0.00000000000000000000e+00	 0.00000000000000000000e+00	 0.00000000000000000000e+00	 
 3.91999999999999948486e+00	 0.00000000000000000000e+00	 0.00000000000000000000e+00	 0.00000000000000000000e+00	 0.00000000000000000000e+00	 0.00000000000000000000e+00	 0.00000000000000000000e+00	 0.00000000000000000000e+00	 0.00000000000000000000e+00	 0.00000000000000000000e+00	 0.00000000000000000000e+00	 0.00000000000000000000e+00	 0.00000000000000000000e+00	 0.00000000000000000000e+00	 0.00000000000000000000e+00	 
 3.93999999999999994671e+00	 0.00000000000000000000e+00	 0.00000000000000000000e+00	 0.00000000000000000000e+00	 0.00000000000000000000e+00	 0.00000000000000000000e+00	 0.00000000000000000000e+00	 0.00000000000000000000e+00	 0.00000000000000000000e+00	 0.00000000000000000000e+00	 0.00000000000000000000e+00	 0.00000000000000000000e+00	 0.00000000000000000000e+00	 0.00000000000000000000e+00	 0.00000000000000000000e+00	 
 3.95999999999999996447e+00	 0.00000000000000000000e+00	 0.00000000000000000000e+00	 0.00000000000000000000e+00	 0.00000000000000000000e+00	 0.00000000000000000000e+00	 0.00000000000000000000e+00	 0.00000000000000000000e+00	 0.00000000000000000000e+00	 0.00000000000000000000e+00	 0.00000000000000000000e+00	 0.00000000000000000000e+00	 0.00000000000000000000e+00	 0.00000000000000000000e+00	 0.00000000000000000000e+00	 
 3.97999999999999953815e+00	 0.00000000000000000000e+00	 0.00000000000000000000e+00	 0.00000000000000000000e+00	 0.00000000000000000000e+00	 0.00000000000000000000e+00	 0.00000000000000000000e+00	 0.00000000000000000000e+00	 0.00000000000000000000e+00	 0.00000000000000000000e+00	 0.00000000000000000000e+00	 0.00000000000000000000e+00	 0.00000000000000000000e+00	 0.00000000000000000000e+00	 0.00000000000000000000e+00	 
 4.00000000000000000000e+00	 0.00000000000000000000e+00	 0.00000000000000000000e+00	 0.00000000000000000000e+00	 0.00000000000000000000e+00	 0.00000000000000000000e+00	 0.00000000000000000000e+00	 0.00000000000000000000e+00	 0.00000000000000000000e+00	 0.00000000000000000000e+00	 0.00000000000000000000e+00	 0.00000000000000000000e+00	 0.00000000000000000000e+00	 0.00000000000000000000e+00	 0.00000000000000000000e+00	 
 4.01999999999999957367e+00	 0.00000000000000000000e+00	 0.00000000000000000000e+00	 0.00000000000000000000e+00	 0.00000000000000000000e+00	 0.00000000000000000000e+00	 0.00000000000000000000e+00	 0.00000000000000000000e+00	 0.00000000000000000000e+00	 0.00000000000000000000e+00	 0.00000000000000000000e+00	 0.00000000000000000000e+00	 0.00000000000000000000e+00	 0.00000000000000000000e+00	 0.00000000000000000000e+00	 
 4.04000000000000003553e+00	 0.00000000000000000000e+00	 0.00000000000000000000e+00	 0.00000000000000000000e+00	 0.00000000000000000000e+00	 0.00000000000000000000e+00	 0.00000000000000000000e+00	 0.00000000000000000000e+00	 0.00000000000000000000e+00	 0.00000000000000000000e+00	 0.00000000000000000000e+00	 0.00000000000000000000e+00	 0.00000000000000000000e+00	 0.00000000000000000000e+00	 0.00000000000000000000e+00	 
 4.06000000000000049738e+00	 0.00000000000000000000e+00	 0.00000000000000000000e+00	 0.00000000000000000000e+00	 0.00000000000000000000e+00	 0.00000000000000000000e+00	 0.00000000000000000000e+00	 0.00000000000000000000e+00	 0.00000000000000000000e+00	 0.00000000000000000000e+00	 0.00000000000000000000e+00	 0.00000000000000000000e+00	 0.00000000000000000000e+00	 0.00000000000000000000e+00	 0.00000000000000000000e+00	 
 4.08000000000000007105e+00	 0.00000000000000000000e+00	 0.00000000000000000000e+00	 0.00000000000000000000e+00	 0.00000000000000000000e+00	 0.00000000000000000000e+00	 0.00000000000000000000e+00	 0.00000000000000000000e+00	 0.00000000000000000000e+00	 0.00000000000000000000e+00	 0.00000000000000000000e+00	 0.00000000000000000000e+00	 0.00000000000000000000e+00	 0.00000000000000000000e+00	 0.00000000000000000000e+00	 
 4.09999999999999964473e+00	 0.00000000000000000000e+00	 0.00000000000000000000e+00	 0.00000000000000000000e+00	 0.00000000000000000000e+00	 0.00000000000000000000e+00	 0.00000000000000000000e+00	 0.00000000000000000000e+00	 0.00000000000000000000e+00	 0.00000000000000000000e+00	 0.00000000000000000000e+00	 0.00000000000000000000e+00	 0.00000000000000000000e+00	 0.00000000000000000000e+00	 0.00000000000000000000e+00	 
 4.12000000000000010658e+00	 0.00000000000000000000e+00	 0.00000000000000000000e+00	 0.00000000000000000000e+00	 0.00000000000000000000e+00	 0.00000000000000000000e+00	 0.00000000000000000000e+00	 0.00000000000000000000e+00	 0.00000000000000000000e+00	 0.00000000000000000000e+00	 0.00000000000000000000e+00	 0.00000000000000000000e+00	 0.00000000000000000000e+00	 0.00000000000000000000e+00	 0.00000000000000000000e+00	 
 4.14000000000000056843e+00	 0.00000000000000000000e+00	 0.00000000000000000000e+00	 0.00000000000000000000e+00	 0.00000000000000000000e+00	 0.00000000000000000000e+00	 0.00000000000000000000e+00	 0.00000000000000000000e+00	 0.00000000000000000000e+00	 0.00000000000000000000e+00	 0.00000000000000000000e+00	 0.00000000000000000000e+00	 0.00000000000000000000e+00	 0.00000000000000000000e+00	 0.00000000000000000000e+00	 
 4.16000000000000014211e+00	 0.00000000000000000000e+00	 0.00000000000000000000e+00	 0.00000000000000000000e+00	 0.00000000000000000000e+00	 0.00000000000000000000e+00	 0.00000000000000000000e+00	 0.00000000000000000000e+00	 0.00000000000000000000e+00	 0.00000000000000000000e+00	 0.00000000000000000000e+00	 0.00000000000000000000e+00	 0.00000000000000000000e+00	 0.00000000000000000000e+00	 0.00000000000000000000e+00	 
 4.17999999999999971578e+00	 0.00000000000000000000e+00	 0.00000000000000000000e+00	 0.00000000000000000000e+00	 0.00000000000000000000e+00	 0.00000000000000000000e+00	 0.00000000000000000000e+00	 0.00000000000000000000e+00	 0.00000000000000000000e+00	 0.00000000000000000000e+00	 0.00000000000000000000e+00	 0.00000000000000000000e+00	 0.00000000000000000000e+00	 0.00000000000000000000e+00	 0.00000000000000000000e+00	 
 4.20000000000000017764e+00	 0.00000000000000000000e+00	 0.00000000000000000000e+00	 0.00000000000000000000e+00	 0.00000000000000000000e+00	 0.00000000000000000000e+00	 0.00000000000000000000e+00	 0.00000000000000000000e+00	 0.00000000000000000000e+00	 0.00000000000000000000e+00	 0.00000000000000000000e+00	 0.00000000000000000000e+00	 0.00000000000000000000e+00	 0.00000000000000000000e+00	 0.00000000000000000000e+00	 
 4.21999999999999975131e+00	 0.00000000000000000000e+00	 0.00000000000000000000e+00	 0.00000000000000000000e+00	 0.00000000000000000000e+00	 0.00000000000000000000e+00	 0.00000000000000000000e+00	 0.00000000000000000000e+00	 0.00000000000000000000e+00	 0.00000000000000000000e+00	 0.00000000000000000000e+00	 0.00000000000000000000e+00	 0.00000000000000000000e+00	 0.00000000000000000000e+00	 0.00000000000000000000e+00	 
 4.24000000000000021316e+00	 0.00000000000000000000e+00	 0.00000000000000000000e+00	 0.00000000000000000000e+00	 0.00000000000000000000e+00	 0.00000000000000000000e+00	 0.00000000000000000000e+00	 0.00000000000000000000e+00	 0.00000000000000000000e+00	 0.00000000000000000000e+00	 0.00000000000000000000e+00	 0.00000000000000000000e+00	 0.00000000000000000000e+00	 0.00000000000000000000e+00	 0.00000000000000000000e+00	 
 4.25999999999999978684e+00	 0.00000000000000000000e+00	 0.00000000000000000000e+00	 0.00000000000000000000e+00	 0.00000000000000000000e+00	 0.00000000000000000000e+00	 0.00000000000000000000e+00	 0.00000000000000000000e+00	 0.00000000000000000000e+00	 0.00000000000000000000e+00	 0.00000000000000000000e+00	 0.00000000000000000000e+00	 0.00000000000000000000e+00	 0.00000000000000000000e+00	 0.00000000000000000000e+00	 
 4.28000000000000024869e+00	 0.00000000000000000000e+00	 0.00000000000000000000e+00	 0.00000000000000000000e+00	 0.00000000000000000000e+00	 0.00000000000000000000e+00	 0.00000000000000000000e+00	 0.00000000000000000000e+00	 0.00000000000000000000e+00	 0.00000000000000000000e+00	 0.00000000000000000000e+00	 0.00000000000000000000e+00	 0.00000000000000000000e+00	 0.00000000000000000000e+00	 0.00000000000000000000e+00	 
 4.29999999999999982236e+00	 0.00000000000000000000e+00	 0.00000000000000000000e+00	 0.00000000000000000000e+00	 0.00000000000000000000e+00	 0.00000000000000000000e+00	 0.00000000000000000000e+00	 0.00000000000000000000e+00	 0.00000000000000000000e+00	 0.00000000000000000000e+00	 0.00000000000000000000e+00	 0.00000000000000000000e+00	 0.00000000000000000000e+00	 0.00000000000000000000e+00	 0.00000000000000000000e+00	 
 4.32000000000000028422e+00	 0.00000000000000000000e+00	 0.00000000000000000000e+00	 0.00000000000000000000e+00	 0.00000000000000000000e+00	 0.00000000000000000000e+00	 0.00000000000000000000e+00	 0.00000000000000000000e+00	 0.00000000000000000000e+00	 0.00000000000000000000e+00	 0.00000000000000000000e+00	 0.00000000000000000000e+00	 0.00000000000000000000e+00	 0.00000000000000000000e+00	 0.00000000000000000000e+00	 
 4.33999999999999985789e+00	 0.00000000000000000000e+00	 0.00000000000000000000e+00	 0.00000000000000000000e+00	 0.00000000000000000000e+00	 0.00000000000000000000e+00	 0.00000000000000000000e+00	 0.00000000000000000000e+00	 0.00000000000000000000e+00	 0.00000000000000000000e+00	 0.00000000000000000000e+00	 0.00000000000000000000e+00	 0.00000000000000000000e+00	 0.00000000000000000000e+00	 0.00000000000000000000e+00	 
 4.36000000000000031974e+00	 0.00000000000000000000e+00	 0.00000000000000000000e+00	 0.00000000000000000000e+00	 0.00000000000000000000e+00	 0.00000000000000000000e+00	 0.00000000000000000000e+00	 0.00000000000000000000e+00	 0.00000000000000000000e+00	 0.00000000000000000000e+00	 0.00000000000000000000e+00	 0.00000000000000000000e+00	 0.00000000000000000000e+00	 0.00000000000000000000e+00	 0.00000000000000000000e+00	 
 4.37999999999999989342e+00	 0.00000000000000000000e+00	 0.00000000000000000000e+00	 0.00000000000000000000e+00	 0.00000000000000000000e+00	 0.00000000000000000000e+00	 0.00000000000000000000e+00	 0.00000000000000000000e+00	 0.00000000000000000000e+00	 0.00000000000000000000e+00	 0.00000000000000000000e+00	 0.00000000000000000000e+00	 0.00000000000000000000e+00	 0.00000000000000000000e+00	 0.00000000000000000000e+00	 
 4.40000000000000035527e+00	 0.00000000000000000000e+00	 0.00000000000000000000e+00	 0.00000000000000000000e+00	 0.00000000000000000000e+00	 0.00000000000000000000e+00	 0.00000000000000000000e+00	 0.00000000000000000000e+00	 0.00000000000000000000e+00	 0.00000000000000000000e+00	 0.00000000000000000000e+00	 0.00000000000000000000e+00	 0.00000000000000000000e+00	 0.00000000000000000000e+00	 0.00000000000000000000e+00	 
 4.41999999999999992895e+00	 0.00000000000000000000e+00	 0.00000000000000000000e+00	 0.00000000000000000000e+00	 0.00000000000000000000e+00	 0.00000000000000000000e+00	 0.00000000000000000000e+00	 0.00000000000000000000e+00	 0.00000000000000000000e+00	 0.00000000000000000000e+00	 0.00000000000000000000e+00	 0.00000000000000000000e+00	 0.00000000000000000000e+00	 0.00000000000000000000e+00	 0.00000000000000000000e+00	 
 4.43999999999999950262e+00	 0.00000000000000000000e+00	 0.00000000000000000000e+00	 0.00000000000000000000e+00	 0.00000000000000000000e+00	 0.00000000000000000000e+00	 0.00000000000000000000e+00	 0.00000000000000000000e+00	 0.00000000000000000000e+00	 0.00000000000000000000e+00	 0.00000000000000000000e+00	 0.00000000000000000000e+00	 0.00000000000000000000e+00	 0.00000000000000000000e+00	 0.00000000000000000000e+00	 
 4.45999999999999996447e+00	 0.00000000000000000000e+00	 0.00000000000000000000e+00	 0.00000000000000000000e+00	 0.00000000000000000000e+00	 0.00000000000000000000e+00	 0.00000000000000000000e+00	 0.00000000000000000000e+00	 0.00000000000000000000e+00	 0.00000000000000000000e+00	 0.00000000000000000000e+00	 0.00000000000000000000e+00	 0.00000000000000000000e+00	 0.00000000000000000000e+00	 0.00000000000000000000e+00	 
 4.47999999999999953815e+00	 0.00000000000000000000e+00	 0.00000000000000000000e+00	 0.00000000000000000000e+00	 0.00000000000000000000e+00	 0.00000000000000000000e+00	 0.00000000000000000000e+00	 0.00000000000000000000e+00	 0.00000000000000000000e+00	 0.00000000000000000000e+00	 0.00000000000000000000e+00	 0.00000000000000000000e+00	 0.00000000000000000000e+00	 0.00000000000000000000e+00	 0.00000000000000000000e+00	 
 4.50000000000000000000e+00	 0.00000000000000000000e+00	 0.00000000000000000000e+00	 0.00000000000000000000e+00	 0.00000000000000000000e+00	 0.00000000000000000000e+00	 0.00000000000000000000e+00	 0.00000000000000000000e+00	 0.00000000000000000000e+00	 0.00000000000000000000e+00	 0.00000000000000000000e+00	 0.00000000000000000000e+00	 0.00000000000000000000e+00	 0.00000000000000000000e+00	 0.00000000000000000000e+00	 
 4.52000000000000046185e+00	 0.00000000000000000000e+00	 0.00000000000000000000e+00	 0.00000000000000000000e+00	 0.00000000000000000000e+00	 0.00000000000000000000e+00	 0.00000000000000000000e+00	 0.00000000000000000000e+00	 0.00000000000000000000e+00	 0.00000000000000000000e+00	 0.00000000000000000000e+00	 0.00000000000000000000e+00	 0.00000000000000000000e+00	 0.00000000000000000000e+00	 0.00000000000000000000e+00	 
 4.54000000000000003553e+00	 0.00000000000000000000e+00	 0.00000000000000000000e+00	 0.00000000000000000000e+00	 0.00000000000000000000e+00	 0.00000000000000000000e+00	 0.00000000000000000000e+00	 0.00000000000000000000e+00	 0.00000000000000000000e+00	 0.00000000000000000000e+00	 0.00000000000000000000e+00	 0.00000000000000000000e+00	 0.00000000000000000000e+00	 0.00000000000000000000e+00	 0.00000000000000000000e+00	 
 4.55999999999999960920e+00	 0.00000000000000000000e+00	 0.00000000000000000000e+00	 0.00000000000000000000e+00	 0.00000000000000000000e+00	 0.00000000000000000000e+00	 0.00000000000000000000e+00	 0.00000000000000000000e+00	 0.00000000000000000000e+00	 0.00000000000000000000e+00	 0.00000000000000000000e+00	 0.00000000000000000000e+00	 0.00000000000000000000e+00	 0.00000000000000000000e+00	 0.00000000000000000000e+00	 
 4.58000000000000007105e+00	 0.00000000000000000000e+00	 0.00000000000000000000e+00	 0.00000000000000000000e+00	 0.00000000000000000000e+00	 0.00000000000000000000e+00	 0.00000000000000000000e+00	 0.00000000000000000000e+00	 0.00000000000000000000e+00	 0.00000000000000000000e+00	 0.00000000000000000000e+00	 0.00000000000000000000e+00	 0.00000000000000000000e+00	 0.00000000000000000000e+00	 0.00000000000000000000e+00	 
 4.60000000000000053291e+00	 0.00000000000000000000e+00	 0.00000000000000000000e+00	 0.00000000000000000000e+00	 0.00000000000000000000e+00	 0.00000000000000000000e+00	 0.00000000000000000000e+00	 0.00000000000000000000e+00	 0.00000000000000000000e+00	 0.00000000000000000000e+00	 0.00000000000000000000e+00	 0.00000000000000000000e+00	 0.00000000000000000000e+00	 0.00000000000000000000e+00	 0.00000000000000000000e+00	 
 4.62000000000000010658e+00	 0.00000000000000000000e+00	 0.00000000000000000000e+00	 0.00000000000000000000e+00	 0.00000000000000000000e+00	 0.00000000000000000000e+00	 0.00000000000000000000e+00	 0.00000000000000000000e+00	 0.00000000000000000000e+00	 0.00000000000000000000e+00	 0.00000000000000000000e+00	 0.00000000000000000000e+00	 0.00000000000000000000e+00	 0.00000000000000000000e+00	 0.00000000000000000000e+00	 
 4.63999999999999968026e+00	 0.00000000000000000000e+00	 0.00000000000000000000e+00	 0.00000000000000000000e+00	 0.00000000000000000000e+00	 0.00000000000000000000e+00	 0.00000000000000000000e+00	 0.00000000000000000000e+00	 0.00000000000000000000e+00	 0.00000000000000000000e+00	 0.00000000000000000000e+00	 0.00000000000000000000e+00	 0.00000000000000000000e+00	 0.00000000000000000000e+00	 0.00000000000000000000e+00	 
 4.66000000000000014211e+00	 0.00000000000000000000e+00	 0.00000000000000000000e+00	 0.00000000000000000000e+00	 0.00000000000000000000e+00	 0.00000000000000000000e+00	 0.00000000000000000000e+00	 0.00000000000000000000e+00	 0.00000000000000000000e+00	 0.00000000000000000000e+00	 0.00000000000000000000e+00	 0.00000000000000000000e+00	 0.00000000000000000000e+00	 0.00000000000000000000e+00	 0.00000000000000000000e+00	 
 4.67999999999999971578e+00	 0.00000000000000000000e+00	 0.00000000000000000000e+00	 0.00000000000000000000e+00	 0.00000000000000000000e+00	 0.00000000000000000000e+00	 0.00000000000000000000e+00	 0.00000000000000000000e+00	 0.00000000000000000000e+00	 0.00000000000000000000e+00	 0.00000000000000000000e+00	 0.00000000000000000000e+00	 0.00000000000000000000e+00	 0.00000000000000000000e+00	 0.00000000000000000000e+00	 
 4.69999999999999928946e+00	 0.00000000000000000000e+00	 0.00000000000000000000e+00	 0.00000000000000000000e+00	 0.00000000000000000000e+00	 0.00000000000000000000e+00	 0.00000000000000000000e+00	 0.00000000000000000000e+00	 0.00000000000000000000e+00	 0.00000000000000000000e+00	 0.00000000000000000000e+00	 0.00000000000000000000e+00	 0.00000000000000000000e+00	 0.00000000000000000000e+00	 0.00000000000000000000e+00	 
 4.72000000000000063949e+00	 0.00000000000000000000e+00	 0.00000000000000000000e+00	 0.00000000000000000000e+00	 0.00000000000000000000e+00	 0.00000000000000000000e+00	 0.00000000000000000000e+00	 0.00000000000000000000e+00	 0.00000000000000000000e+00	 0.00000000000000000000e+00	 0.00000000000000000000e+00	 0.00000000000000000000e+00	 0.00000000000000000000e+00	 0.00000000000000000000e+00	 0.00000000000000000000e+00	 
 4.74000000000000021316e+00	 0.00000000000000000000e+00	 0.00000000000000000000e+00	 0.00000000000000000000e+00	 0.00000000000000000000e+00	 0.00000000000000000000e+00	 0.00000000000000000000e+00	 0.00000000000000000000e+00	 0.00000000000000000000e+00	 0.00000000000000000000e+00	 0.00000000000000000000e+00	 0.00000000000000000000e+00	 0.00000000000000000000e+00	 0.00000000000000000000e+00	 0.00000000000000000000e+00	 
 4.75999999999999978684e+00	 0.00000000000000000000e+00	 0.00000000000000000000e+00	 0.00000000000000000000e+00	 0.00000000000000000000e+00	 0.00000000000000000000e+00	 0.00000000000000000000e+00	 0.00000000000000000000e+00	 0.00000000000000000000e+00	 0.00000000000000000000e+00	 0.00000000000000000000e+00	 0.00000000000000000000e+00	 0.00000000000000000000e+00	 0.00000000000000000000e+00	 0.00000000000000000000e+00	 
 4.78000000000000024869e+00	 0.00000000000000000000e+00	 0.00000000000000000000e+00	 0.00000000000000000000e+00	 0.00000000000000000000e+00	 0.00000000000000000000e+00	 0.00000000000000000000e+00	 0.00000000000000000000e+00	 0.00000000000000000000e+00	 0.00000000000000000000e+00	 0.00000000000000000000e+00	 0.00000000000000000000e+00	 0.00000000000000000000e+00	 0.00000000000000000000e+00	 0.00000000000000000000e+00	 
 4.79999999999999982236e+00	 0.00000000000000000000e+00	 0.00000000000000000000e+00	 0.00000000000000000000e+00	 0.00000000000000000000e+00	 0.00000000000000000000e+00	 0.00000000000000000000e+00	 0.00000000000000000000e+00	 0.00000000000000000000e+00	 0.00000000000000000000e+00	 0.00000000000000000000e+00	 0.00000000000000000000e+00	 0.00000000000000000000e+00	 0.00000000000000000000e+00	 0.00000000000000000000e+00	 
 4.81999999999999939604e+00	 0.00000000000000000000e+00	 0.00000000000000000000e+00	 0.00000000000000000000e+00	 0.00000000000000000000e+00	 0.00000000000000000000e+00	 0.00000000000000000000e+00	 0.00000000000000000000e+00	 0.00000000000000000000e+00	 0.00000000000000000000e+00	 0.00000000000000000000e+00	 0.00000000000000000000e+00	 0.00000000000000000000e+00	 0.00000000000000000000e+00	 0.00000000000000000000e+00	 
 4.84000000000000074607e+00	 0.00000000000000000000e+00	 0.00000000000000000000e+00	 0.00000000000000000000e+00	 0.00000000000000000000e+00	 0.00000000000000000000e+00	 0.00000000000000000000e+00	 0.00000000000000000000e+00	 0.00000000000000000000e+00	 0.00000000000000000000e+00	 0.00000000000000000000e+00	 0.00000000000000000000e+00	 0.00000000000000000000e+00	 0.00000000000000000000e+00	 0.00000000000000000000e+00	 
 4.86000000000000031974e+00	 0.00000000000000000000e+00	 0.00000000000000000000e+00	 0.00000000000000000000e+00	 0.00000000000000000000e+00	 0.00000000000000000000e+00	 0.00000000000000000000e+00	 0.00000000000000000000e+00	 0.00000000000000000000e+00	 0.00000000000000000000e+00	 0.00000000000000000000e+00	 0.00000000000000000000e+00	 0.00000000000000000000e+00	 0.00000000000000000000e+00	 0.00000000000000000000e+00	 
 4.87999999999999989342e+00	 0.00000000000000000000e+00	 0.00000000000000000000e+00	 0.00000000000000000000e+00	 0.00000000000000000000e+00	 0.00000000000000000000e+00	 0.00000000000000000000e+00	 0.00000000000000000000e+00	 0.00000000000000000000e+00	 0.00000000000000000000e+00	 0.00000000000000000000e+00	 0.00000000000000000000e+00	 0.00000000000000000000e+00	 0.00000000000000000000e+00	 0.00000000000000000000e+00	 
 4.89999999999999946709e+00	 0.00000000000000000000e+00	 0.00000000000000000000e+00	 0.00000000000000000000e+00	 0.00000000000000000000e+00	 0.00000000000000000000e+00	 0.00000000000000000000e+00	 0.00000000000000000000e+00	 0.00000000000000000000e+00	 0.00000000000000000000e+00	 0.00000000000000000000e+00	 0.00000000000000000000e+00	 0.00000000000000000000e+00	 0.00000000000000000000e+00	 0.00000000000000000000e+00	 
 4.91999999999999992895e+00	 0.00000000000000000000e+00	 0.00000000000000000000e+00	 0.00000000000000000000e+00	 0.00000000000000000000e+00	 0.00000000000000000000e+00	 0.00000000000000000000e+00	 0.00000000000000000000e+00	 0.00000000000000000000e+00	 0.00000000000000000000e+00	 0.00000000000000000000e+00	 0.00000000000000000000e+00	 0.00000000000000000000e+00	 0.00000000000000000000e+00	 0.00000000000000000000e+00	 
 4.93999999999999950262e+00	 0.00000000000000000000e+00	 0.00000000000000000000e+00	 0.00000000000000000000e+00	 0.00000000000000000000e+00	 0.00000000000000000000e+00	 0.00000000000000000000e+00	 0.00000000000000000000e+00	 0.00000000000000000000e+00	 0.00000000000000000000e+00	 0.00000000000000000000e+00	 0.00000000000000000000e+00	 0.00000000000000000000e+00	 0.00000000000000000000e+00	 0.00000000000000000000e+00	 
 4.95999999999999996447e+00	 0.00000000000000000000e+00	 0.00000000000000000000e+00	 0.00000000000000000000e+00	 0.00000000000000000000e+00	 0.00000000000000000000e+00	 0.00000000000000000000e+00	 0.00000000000000000000e+00	 0.00000000000000000000e+00	 0.00000000000000000000e+00	 0.00000000000000000000e+00	 0.00000000000000000000e+00	 0.00000000000000000000e+00	 0.00000000000000000000e+00	 0.00000000000000000000e+00	 
 4.98000000000000042633e+00	 0.00000000000000000000e+00	 0.00000000000000000000e+00	 0.00000000000000000000e+00	 0.00000000000000000000e+00	 0.00000000000000000000e+00	 0.00000000000000000000e+00	 0.00000000000000000000e+00	 0.00000000000000000000e+00	 0.00000000000000000000e+00	 0.00000000000000000000e+00	 0.00000000000000000000e+00	 0.00000000000000000000e+00	 0.00000000000000000000e+00	 0.00000000000000000000e+00	 
 5.00000000000000000000e+00	 0.00000000000000000000e+00	 0.00000000000000000000e+00	 0.00000000000000000000e+00	 0.00000000000000000000e+00	 0.00000000000000000000e+00	 0.00000000000000000000e+00	 0.00000000000000000000e+00	 0.00000000000000000000e+00	 0.00000000000000000000e+00	 0.00000000000000000000e+00	 0.00000000000000000000e+00	 0.00000000000000000000e+00	 0.00000000000000000000e+00	 0.00000000000000000000e+00	 
