 -1.00000000000000000000e+00	 1.13354951601431297393e-10	 1.12952068757010971488e-10	 1.13334696321899074797e-10	 2.58040797934483486555e-08	 2.57862698072270737644e-08	 2.57388496747184221289e-08	 2.55879992009512977146e-08	 1.24330205406139422075e-08	 1.18284546598880064736e-08	 2.57482857056822015037e-08	 1.47260775444332918472e-10	 3.07595451780324443818e-10	 3.07490643320160235709e-10	 3.07599647539819837773e-10	 
 -9.79999999999999982236e-01	 1.16340608371734150850e-10	 1.15930460771274875322e-10	 1.16321225142172309036e-10	 2.63303960625786174878e-08	 2.63121741336510525196e-08	 2.62631219371092073918e-08	 2.61096418526971739498e-08	 1.26882560988916869394e-08	 1.20689073308145861079e-08	 2.62734817461088434225e-08	 1.51098998204263984029e-10	 3.15902893983390826632e-10	 3.15795716148782359332e-10	 3.15907274487826471508e-10	 
 -9.59999999999999964473e-01	 1.19384596248475953126e-10	 1.18967110645086652101e-10	 1.19366093949675964310e-10	 2.68634917930929773694e-08	 2.68448444171700161453e-08	 2.67941277968511774710e-08	 2.66379954288254429727e-08	 1.29468272636868435050e-08	 1.23124076501684219942e-08	 2.68054486404168205001e-08	 1.55011343257121308966e-10	 3.24377037553204988349e-10	 3.24267452515024838986e-10	 3.24381602904371093688e-10	 
 -9.39999999999999946709e-01	 1.22487353856951875586e-10	 1.22062459670866813045e-10	 1.22469724696276295414e-10	 2.74028594381547070912e-08	 2.73837715027591011529e-08	 2.73313632794539651932e-08	 2.71725558607220501564e-08	 1.32084681500303751241e-08	 1.25587041507474198733e-08	 2.73436830842007475006e-08	 1.58998284875993585788e-10	 3.33019548553016950837e-10	 3.32907519893225258592e-10	 3.33024297244092981877e-10	 
 -9.19999999999999928946e-01	 1.25649344582153336025e-10	 1.25216973435327254731e-10	 1.25632587454435874867e-10	 2.79479509551571104047e-08	 2.79284119995691010896e-08	 2.78742881793318612718e-08	 2.77127797852971895472e-08	 1.34728604774844558794e-08	 1.28075395028302597327e-08	 2.78876385465082136158e-08	 1.63060322946964115612e-10	 3.41832181445960710291e-10	 3.41717675170682947692e-10	 3.41837114506116513363e-10	 
 -9.00000000000000022204e-01	 1.28871069520007563754e-10	 1.28431154138004845586e-10	 1.28855191403279090527e-10	 2.84981728614685030013e-08	 2.84781781082742090829e-08	 2.84223185639478230035e-08	 2.82580789630196559216e-08	 1.37396512056876862175e-08	 1.30586352890724189004e-08	 2.84367231135669014456e-08	 1.67198000057600706443e-10	 3.50816812712592398467e-10	 3.50699797634960685962e-10	 3.50821934412642746679e-10	 
 -8.80000000000000115463e-01	 1.32153061838732997700e-10	 1.31705549627089408683e-10	 1.32138090557320503140e-10	 2.90528940583798348855e-08	 2.90324388826569813295e-08	 2.89748284065572373463e-08	 2.88078224329106299557e-08	 1.40084922760132083452e-08	 1.33116939673288758861e-08	 2.89903053107112278263e-08	 1.71411918412451344586e-10	 3.59968767895737255545e-10	 3.59849228926622660216e-10	 3.59974086085627919784e-10	 
 -8.59999999999999986677e-01	 1.35495895171771407733e-10	 1.35040764800826930373e-10	 1.35481894807585610062e-10	 2.96114458099063144419e-08	 2.95905188912254969341e-08	 2.95311484003621024745e-08	 2.93613352923958808435e-08	 1.42790469041433427982e-08	 1.35663985120531201748e-08	 2.95477136387557664957e-08	 1.75702755500026278199e-10	 3.69275389745950013465e-10	 3.69153344042146019640e-10	 3.69280916205503590322e-10	 
 -8.40000000000000079936e-01	 1.38900207218699034809e-10	 1.38437474858473337874e-10	 1.38887287046067073563e-10	 3.01731112179689410321e-08	 3.01516931652451784669e-08	 3.00905607937727397092e-08	 2.99178927492188420790e-08	 1.45509537774065798893e-08	 1.38224088912103086043e-08	 3.01082276234319162175e-08	 1.80071277059709191175e-10	 3.78673494778866760576e-10	 3.78548940731552726869e-10	 3.78679243026923889265e-10	 
 -8.20000000000000062172e-01	 1.42366750997306041140e-10	 1.41896454999904588000e-10	 1.42355043043119143094e-10	 3.07371284461220958590e-08	 3.07151934672683915838e-08	 3.06522997050619814163e-08	 3.04767258922657214893e-08	 1.48238301808943659346e-08	 1.40793649455619472903e-08	 3.06710805892430518519e-08	 1.84518366846320176050e-10	 3.88123549304969445943e-10	 3.87996476953939591211e-10	 3.88129533960640456272e-10	 
 -8.00000000000000044409e-01	 1.45896418020120905160e-10	 1.45418599749908966332e-10	 1.45886049073396110756e-10	 3.13026900274261455428e-08	 3.12802080972737463824e-08	 3.12155497672340178621e-08	 3.10370213305285137551e-08	 1.50972719248531296497e-08	 1.43368863080506012426e-08	 3.12354587729500909541e-08	 1.89045049863461103952e-10	 3.97615865926520974961e-10	 3.97486269966339973118e-10	 3.97622101909151843219e-10	 
 -7.80000000000000026645e-01	 1.49490227163660786867e-10	 1.49004929050472723571e-10	 1.49481316154544035152e-10	 3.18689367459535858495e-08	 3.18458729729619558872e-08	 3.17794422253320835498e-08	 3.15979125264446892431e-08	 1.53708489588490654859e-08	 1.45945683285372801795e-08	 3.18004953203273821436e-08	 1.93652506607397338111e-10	 4.07140073532046071815e-10	 4.07007953779989001765e-10	 4.07146575980816258438e-10	 
 -7.60000000000000008882e-01	 1.53145578167519249939e-10	 1.52652899172618516195e-10	 1.53138254394808563796e-10	 3.24349656397537985225e-08	 3.24112862636710432211e-08	 3.23430684272589983828e-08	 3.21584971354759769969e-08	 1.56441100385276108972e-08	 1.48519865228317137801e-08	 3.23652810507924887148e-08	 1.98342123254343512143e-10	 4.16685226334140805314e-10	 4.16550588500717888602e-10	 4.16692008291642177126e-10	 
 -7.39999999999999991118e-01	 1.56855491321564786037e-10	 1.56355654036816415200e-10	 1.56849916682476540901e-10	 3.29998304922143228865e-08	 3.29755101996490070666e-08	 3.29054812756938390777e-08	 3.27178392773178132006e-08	 1.59165831096413564637e-08	 1.51086969450856356189e-08	 3.29288653774303472371e-08	 2.03115525506671377235e-10	 4.26239815187882310969e-10	 4.26102671741300399448e-10	 4.26246884805847610879e-10	 
 -7.19999999999999973355e-01	 1.60586219457140751343e-10	 1.60079387657263542426e-10	 1.60582496272477322361e-10	 3.35625322480124220950e-08	 3.35375559600535917238e-08	 3.34656807807512499166e-08	 3.32749520011586382648e-08	 1.61877699798308702488e-08	 1.53642311240538401507e-08	 3.34902441472797752192e-08	 2.07974591735730497556e-10	 4.35791646940029278750e-10	 4.35652017811455505719e-10	 4.35799006405471727174e-10	 
 -6.99999999999999955591e-01	 1.64317047816017877198e-10	 1.63803355027165745879e-10	 1.64315235559812241363e-10	 3.41220254788469329900e-08	 3.40963931738034440996e-08	 3.40226287531918017280e-08	 3.38288045748978794561e-08	 1.64571523632649606146e-08	 1.56181018211473064479e-08	 3.40483775671535275531e-08	 2.12921476172680465825e-10	 4.45327942572364745469e-10	 4.45185854715407716448e-10	 4.45335591170357205459e-10	 
 -6.79999999999999937828e-01	 1.68043493796958446664e-10	 1.67523078836050638241e-10	 1.68043630289176794768e-10	 3.46772188984622037982e-08	 3.46509512335052564880e-08	 3.45752509794560107953e-08	 3.43783233316522421819e-08	 1.67241927318435732934e-08	 1.58698038468469632038e-08	 3.46021929692033773102e-08	 2.17958645664416259973e-10	 4.54835351629165944053e-10	 4.54690838398501538041e-10	 4.54843289527865807238e-10	 
 -6.60000000000000031086e-01	 1.71760861811465740983e-10	 1.71233866541464630739e-10	 1.71762958376383591323e-10	 3.52269678045429964060e-08	 3.52001096830833634763e-08	 3.51224228948305439430e-08	 3.49223838368685779914e-08	 1.69883282872008127781e-08	 1.61188083326977617782e-08	 3.51505676784847454708e-08	 2.23088931065495397169e-10	 4.64299851525570178877e-10	 4.64152953093644535275e-10	 4.64308079991869848952e-10	 
 -6.40000000000000013323e-01	 1.75464284161028515171e-10	 1.74930862562020736413e-10	 1.75468335674901771336e-10	 3.57701038517831924892e-08	 3.57427127952677979267e-08	 3.56629852155695856053e-08	 3.54598251413710843561e-08	 1.72489788438506551316e-08	 1.63645705207973736943e-08	 3.56923519072209137788e-08	 2.28306787686111729495e-10	 4.73706867400594154270e-10	 4.73557631043350985009e-10	 4.73715390249046848792e-10	 
 -6.19999999999999884537e-01	 1.79148731788964138734e-10	 1.78609060931792998653e-10	 1.79154729148313334541e-10	 3.63054404036923237615e-08	 3.62775722630499776758e-08	 3.61957467909317982909e-08	 3.59894523047145084026e-08	 1.75055482530245334470e-08	 1.66065311808960988412e-08	 3.62263730776901921826e-08	 2.33596611865955157696e-10	 4.83041295295257257901e-10	 4.82889775668573801638e-10	 4.83050120604443330225e-10	 
 -5.99999999999999977796e-01	 1.82808982976089207972e-10	 1.82263264151207319963e-10	 1.82816912519052832129e-10	 3.68317461414217726010e-08	 3.68034542315044553609e-08	 3.67194706468940341663e-08	 3.65100234632680191027e-08	 1.77574173310281275752e-08	 1.68441096530138668379e-08	 3.67514158668328379845e-08	 2.38880558988310825940e-10	 4.92287393017931984387e-10	 4.92133652581625274453e-10	 4.92296533921317621925e-10	 
 -5.79999999999999849010e-01	 1.86439694253846784902e-10	 1.85888166844131771269e-10	 1.86449586215560029908e-10	 3.73477600291568998876e-08	 3.73190885788644070526e-08	 3.72328910216695793139e-08	 3.70202749060979886203e-08	 1.80039547694482982488e-08	 1.70767139996952198170e-08	 3.72662276824615069580e-08	 2.44111839889618511665e-10	 5.01429052950212241279e-10	 5.01273163595632921259e-10	 5.01438530912347484225e-10	 
 -5.60000000000000053291e-01	 1.90035418724151391604e-10	 1.89478376549138345474e-10	 1.90047405051762145406e-10	 3.78521945748138851584e-08	 3.78231709920387825123e-08	 3.77347169057193889665e-08	 3.75189260438136291056e-08	 1.82445193453342418290e-08	 1.73037430803690914233e-08	 3.77695202653141837897e-08	 2.49281851834173396985e-10	 5.10449858077908149136e-10	 5.10291903001962301376e-10	 5.10459706726098404003e-10	 
 -5.40000000000000035527e-01	 1.93590553259323451524e-10	 1.93028351477191799588e-10	 1.93604886505202961827e-10	 3.83437237081469303470e-08	 3.83143554257112936599e-08	 3.82236179040535631685e-08	 3.80046582154880259746e-08	 1.84784507729636974951e-08	 1.75245780758526847545e-08	 3.82599659726624836771e-08	 2.54381694711711692228e-10	 5.19332855813643496544e-10	 5.19172930456073372376e-10	 5.19343122936896937065e-10	 
 -5.20000000000000017764e-01	 1.97099453757705361450e-10	 1.96532480333561049588e-10	 1.97116426823157469524e-10	 3.88210056630723388728e-08	 3.87912990341286373741e-08	 3.86982597151980857551e-08	 3.84761482845336871195e-08	 1.87050833965017253298e-08	 1.77385953881158209891e-08	 3.87362255927818062695e-08	 2.59402275138477897968e-10	 5.28060802258130467568e-10	 5.27899010960831949578e-10	 5.28071539671658671379e-10	 
 -5.00000000000000000000e-01	 2.00556463342483182547e-10	 1.99985104545497919620e-10	 2.00576312600319283131e-10	 3.92826879386568762926e-08	 3.92526709577619660750e-08	 3.91573113606858139529e-08	 3.89320756206613687119e-08	 1.89237490954404173505e-08	 1.79451693928268425427e-08	 3.91969541393033251334e-08	 2.64334331435726026977e-10	 5.36616218029388465545e-10	 5.36452669961859990842e-10	 5.36627469362808026338e-10	 
 -4.79999999999999926725e-01	 2.03955828948958563790e-10	 2.03380463850478738185e-10	 2.03978719929516418875e-10	 3.97273889759318009077e-08	 3.96971144824801688576e-08	 3.95994158663094246540e-08	 3.93710946007814104086e-08	 1.91337661740116885430e-08	 1.81436620055221601611e-08	 3.96407781162527303602e-08	 2.69168352845243695580e-10	 5.44981197301982704591e-10	 5.44816006054512152687e-10	 5.44992996195768364616e-10	 
 -4.59999999999999964473e-01	 2.07291812011843625088e-10	 2.06712821937028617305e-10	 2.07317846496402974793e-10	 4.01537292237812935202e-08	 4.01232716070226726506e-08	 4.00232096563324367877e-08	 3.97918551672898276470e-08	 1.93344563868922506878e-08	 1.83334385532607785197e-08	 4.00663116674173603090e-08	 2.73894765933923153773e-10	 5.53137749592001042762e-10	 5.52971034889377583216e-10	 5.53150123628704980967e-10	 
 -4.40000000000000002220e-01	 2.10558717615702554463e-10	 2.09976497660685074082e-10	 2.10587943083304508024e-10	 4.05603376460490212649e-08	 4.05297886348842661787e-08	 4.04273271921975299067e-08	 4.01930077460515522500e-08	 1.95251485241532310070e-08	 1.85138711390317511791e-08	 4.04721604206151059481e-08	 2.78503973970020597539e-10	 5.61067873557181171363e-10	 5.60899763296312531143e-10	 5.61080849058401544322e-10	 
 -4.19999999999999984457e-01	 2.13750817174378059707e-10	 2.13165773880281040697e-10	 2.13783215018766981919e-10	 4.09458265432574373896e-08	 4.09152971982562055366e-08	 4.08103864612643878440e-08	 4.05731878693260326709e-08	 1.97051645996816641275e-08	 1.86843258155782544702e-08	 4.08569093326055728287e-08	 2.82986207089697460240e-10	 5.68753285953082959380e-10	 5.68583916341382635941e-10	 5.68766887606627129427e-10	 
 -3.99999999999999911182e-01	 2.16862470740243444444e-10	 2.16275039819160851685e-10	 2.16898028743105659362e-10	 4.13088379189416311422e-08	 4.12784519600002249093e-08	 4.11710389086969895659e-08	 4.09310593662203394151e-08	 1.98740635299678786449e-08	 1.88441828065920688832e-08	 4.12192032578308422409e-08	 2.87331743506245504069e-10	 5.76175766863561637546e-10	 5.76005282975510859942e-10	 5.76190022526481049521e-10	 
 -3.80000000000000004441e-01	 2.19888157763011861910e-10	 2.19298825031216318085e-10	 2.19926956114078220558e-10	 4.16480524315815906202e-08	 4.16179381967240133807e-08	 4.15079790170463462598e-08	 4.12653228731305246931e-08	 2.00316843088860875799e-08	 1.89928405507908753556e-08	 4.15577615681407986413e-08	 2.91530953305397306407e-10	 5.83317230835131755772e-10	 5.83145787239517411660e-10	 5.83332177208667941720e-10	 
 -3.59999999999999931166e-01	 2.22822388184452922123e-10	 2.22231694060262718474e-10	 2.22864616709672312665e-10	 4.19621503024234030283e-08	 4.19324406606581793943e-08	 4.18199020552687096788e-08	 4.15746797502223822523e-08	 2.01779176996544955890e-08	 1.91296988649525872805e-08	 4.18713081890864309548e-08	 2.95574116293561763890e-10	 5.90159446716492069825e-10	 5.89987207748164694805e-10	 5.90175130585362571826e-10	 
 -3.39999999999999968914e-01	 2.25659992123017494076e-10	 2.25068491373720219466e-10	 2.25705834407042862381e-10	 4.22498882124284402239e-08	 4.22206942602563785027e-08	 4.21055604107166993629e-08	 4.18578837916082818231e-08	 2.03124873089944493021e-08	 1.92541833348178836333e-08	 4.21586094473798054177e-08	 2.99451762702603444625e-10	 5.96684745211000429871e-10	 5.96511876190591577426e-10	 5.96701207323368266483e-10	 
 -3.20000000000000006661e-01	 2.28396176138285156853e-10	 2.27804390440893152526e-10	 2.28445672753044142480e-10	 4.25101128439150760052e-08	 4.24814931586816137968e-08	 4.23637737332997209425e-08	 4.21137505765582364813e-08	 2.04349153745934719160e-08	 1.93657497783383392163e-08	 4.24184813627395444085e-08	 3.03154732292286181691e-10	 6.02876140594301415327e-10	 6.02702797533314181752e-10	 6.02893396707667122085e-10	 
 -2.99999999999999933387e-01	 2.31026290169741823661e-10	 2.30434697101304179398e-10	 2.31079310623716716873e-10	 4.27416930561470326835e-08	 4.27136465896326784033e-08	 4.25933797983851200440e-08	 4.23411124638588507060e-08	 2.05447392794364563506e-08	 1.94638630262051917775e-08	 4.26497576739123698370e-08	 3.06673881158160704333e-10	 6.08716719045724132510e-10	 6.08543046143150338967e-10	 6.08734756046218671484e-10	 
 -2.80000000000000026645e-01	 2.33542549376245421737e-10	 2.32951745289249317907e-10	 2.33598835626875653606e-10	 4.29435596988816956877e-08	 4.29160426405182865320e-08	 4.27932929141304622043e-08	 4.25388737398161691014e-08	 2.06412254601022170993e-08	 1.95481927160171458328e-08	 4.28513380729028746512e-08	 3.10000454566202420937e-10	 6.14190340832386153796e-10	 6.14016474542662725608e-10	 6.14209130145714217095e-10	 
 -2.59999999999999953371e-01	 2.35933506557831296578e-10	 2.35344396793690411808e-10	 2.35992725537416523541e-10	 4.31147122135288600487e-08	 4.30876582973160077250e-08	 4.29625132882030124913e-08	 4.27060193648127772866e-08	 2.07233231024605034301e-08	 1.96186451602325620579e-08	 4.30221958896455922630e-08	 3.13126144021292694404e-10	 6.19281748247787336043e-10	 6.19107822228325880572e-10	 6.19301261763828084465e-10	 
 -2.39999999999999907851e-01	 2.38171543738841169653e-10	 2.37584667648251475801e-10	 2.38233455970087642383e-10	 4.32541826281288988077e-08	 4.32275007165680369260e-08	 4.31000735169863895383e-08	 4.28415642792771395876e-08	 2.07899109226856459481e-08	 1.96751744440665500993e-08	 4.31613338619933643664e-08	 3.16042751784730239762e-10	 6.23975932599011736807e-10	 6.23802076558127339081e-10	 6.23996142936917675051e-10	 
 -2.19999999999999945599e-01	 2.40239198784609353288e-10	 2.39654902123566766832e-10	 2.40303622990689995779e-10	 4.33610901733231929034e-08	 4.33346825919832421102e-08	 4.32051100333853245938e-08	 4.29446391454650699986e-08	 2.08402184962488568581e-08	 1.97174380468148437534e-08	 4.32678627521286392721e-08	 3.18742528044341470504e-10	 6.28259109699087229027e-10	 6.28085452354271256386e-10	 6.28279987309668555367e-10	 
 -1.99999999999999983347e-01	 2.42130967750416821167e-10	 2.41549606320798064878e-10	 2.42197738788434775494e-10	 4.34346482488740609759e-08	 4.34084322248991582885e-08	 4.32768727017497203833e-08	 4.30145020423782545663e-08	 2.08738849868251257008e-08	 1.97447432419829001571e-08	 4.33410118838542082911e-08	 3.21218210640120635718e-10	 6.32118848452052593526e-10	 6.31945521062525256506e-10	 6.32140358241723798700e-10	 
 -1.79999999999999993339e-01	 2.43841497959635014504e-10	 2.43263437555038173636e-10	 2.43910469810700816241e-10	 4.34741104567916845598e-08	 4.34480200420301580960e-08	 4.33146551619339724311e-08	 4.30504552660057219021e-08	 2.08905725179098856306e-08	 1.97563683911088208801e-08	 4.33800525753246619071e-08	 3.23462696505184473439e-10	 6.35543150694717802034e-10	 6.35370286841640061759e-10	 6.35565251479096381191e-10	 
 -1.59999999999999920064e-01	 2.45366087074385532997e-10	 2.44791698939917394225e-10	 2.45437077195986352162e-10	 4.34788647306637010897e-08	 4.34528515018552827705e-08	 4.33178767506967382940e-08	 4.30519283237738152938e-08	 2.08900062356374412976e-08	 1.97518383453131328142e-08	 4.33843837904019320112e-08	 3.25469746482127089742e-10	 6.38520380123365841301e-10	 6.38348113132160986670e-10	 6.38543020126794235937e-10	 
 -1.39999999999999902300e-01	 2.46700738346464998272e-10	 2.46130394033416664125e-10	 2.46773463385919001834e-10	 4.34484437105217279671e-08	 4.34224773828247062713e-08	 4.32860912486328505319e-08	 4.30184868723575957612e-08	 2.08719785991880127254e-08	 1.97309607439963194977e-08	 4.33535413343597657658e-08	 3.27234063055673588346e-10	 6.41039205558523171167e-10	 6.40867665575278288114e-10	 6.41062317274192918861e-10	 
 -1.20000000000000009437e-01	 2.47841670794402742359e-10	 2.47275741230232322255e-10	 2.47915735248022282704e-10	 4.33824279760099441605e-08	 4.33564982618820015913e-08	 4.32189018825598347190e-08	 4.29497466922732739127e-08	 2.08363076458538813188e-08	 1.96935670264060653266e-08	 4.32871091869122664548e-08	 3.28750600222149809095e-10	 6.43088556747231970652e-10	 6.42917869921348474572e-10	 6.43112055198684252991e-10	 
 -1.00000000000000005551e-01	 2.48785371227050038381e-10	 2.48224212657146062270e-10	 2.48860360541303226963e-10	 4.32805376419233799723e-08	 4.32546524189311277184e-08	 4.31160463608411261904e-08	 4.28454661086855640443e-08	 2.07828830402592053077e-08	 1.96395542266073291583e-08	 4.31848262782226192696e-08	 3.30014573815139657345e-10	 6.44659383283384205963e-10	 6.44489670283691303020e-10	 6.44683177002259711001e-10	 
 -8.00000000000000155431e-02	 2.49528571130074150365e-10	 2.48972509203517128410e-10	 2.49604159015277379266e-10	 4.31426394193246121242e-08	 4.31168224550048483980e-08	 4.29774030994081186068e-08	 4.27055533265356796913e-08	 2.07116697267367267049e-08	 1.95688881720462506003e-08	 4.30465957468831016688e-08	 3.31021421752640340654e-10	 6.45744813522263890200e-10	 6.45576187931509295031e-10	 6.45768817220843903426e-10	 
 -5.99999999999999630851e-02	 2.50068130193336344832e-10	 2.49517456040079653489e-10	 2.50144089468020396570e-10	 4.29686455158343845979e-08	 4.29429378212472320169e-08	 4.28028965503641932047e-08	 4.25299646609399868564e-08	 2.06226570334403366128e-08	 1.94815570195455232370e-08	 4.28723692426614035900e-08	 3.31766700672781215181e-10	 6.46338357281078624133e-10	 6.46170924596106461265e-10	 6.46362492780791233561e-10	 
 -3.99999999999999383826e-02	 2.50401877237881014557e-10	 2.49856857505143114060e-10	 2.50478039271103336772e-10	 4.27586397079809547559e-08	 4.27330877631494555213e-08	 4.25926067629311813521e-08	 4.23187999035079975745e-08	 2.05159128374601993874e-08	 1.93776231663880639359e-08	 4.26622525413781727904e-08	 3.32247206838741462484e-10	 6.46435376363824650952e-10	 6.46269232027122997760e-10	 6.46459566208390090923e-10	 
 -2.00000000000000281719e-02	 2.50528674332826934317e-10	 2.49989562980582989121e-10	 2.50604882048123099660e-10	 4.25128857487465573914e-08	 4.24875279953949579208e-08	 4.23467756072178885751e-08	 4.20723067230402404375e-08	 2.03915866438927531335e-08	 1.92572262511747438509e-08	 4.24165112970172263875e-08	 3.32461060713166818494e-10	 6.46033165226068903095e-10	 6.45868392493631214235e-10	 6.46057325327834130177e-10	 
 -4.82163733276643543166e-17	 2.50447535337570886596e-10	 2.49914572498183271540e-10	 2.50523644530836115444e-10	 4.22316850606745973259e-08	 4.22065512686233382750e-08	 4.20656807009055610114e-08	 4.17907685237128535774e-08	 2.02498469350134950591e-08	 1.91205232175130181374e-08	 4.21354488200473149675e-08	 3.32406535468660594416e-10	 6.45129333106130757899e-10	 6.44966001796421289438e-10	 6.45153372172737333441e-10	 
 2.00000000000001253164e-02	 2.50158280670031580661e-10	 2.49631637319138613561e-10	 2.50234088679589676785e-10	 4.19154997161359153684e-08	 4.18906063310119801510e-08	 4.17497622284244738240e-08	 4.14746216056465244136e-08	 2.00909421004854995472e-08	 1.89677470158595275279e-08	 4.18195005402097272077e-08	 3.32082830215122739579e-10	 6.43723363452641745905e-10	 6.43561529169962502433e-10	 6.43747181022923832027e-10	 
 4.00000000000001187939e-02	 2.49661559965377957523e-10	 2.49141275547278588584e-10	 2.49736724885452182066e-10	 4.15649569040807696087e-08	 4.15403018576168423715e-08	 4.13996278950831911000e-08	 4.11244589130110420431e-08	 1.99152026382625346496e-08	 1.87992088343784919933e-08	 4.14692347909234871298e-08	 3.31490087132425168945e-10	 6.41816661273038379180e-10	 6.41656364645201425840e-10	 6.41840145506650971836e-10	 
 6.00000000000000255351e-02	 2.48958104549604470532e-10	 2.48444075837542216647e-10	 2.49032132850002611046e-10	 4.11807016076085139489e-08	 4.11562631292899270595e-08	 4.10159018783906691289e-08	 4.07408886017233363943e-08	 1.97229678315062874499e-08	 1.86152276882761935362e-08	 4.10852338167667710690e-08	 3.30628492576628026730e-10	 6.39410755714800909481e-10	 6.39252021154098461528e-10	 6.39433782360927963660e-10	 
 7.99999999999999322764e-02	 2.48049413564321202288e-10	 2.47541476585887534544e-10	 2.48121782518238553795e-10	 4.07635250129326291303e-08	 4.07392747851993234340e-08	 4.05993671688785765468e-08	 4.03246858252461887663e-08	 1.95146579314768343953e-08	 1.84161991595709601677e-08	 4.06682666990151136825e-08	 3.29499389064147781208e-10	 6.36509191037623857068e-10	 6.36352041913711266064e-10	 6.36531642788665663959e-10	 
 9.99999999999999500400e-02	 2.46937761746913612566e-10	 2.46435784562210131453e-10	 2.47008057630853964657e-10	 4.03143662143356426776e-08	 4.02902842539008622500e-08	 4.01509690001787438537e-08	 3.98767973389695012888e-08	 1.92907760421539629983e-08	 1.82025972602771226515e-08	 4.02192964216160222757e-08	 3.28105309025300008666e-10	 6.33117568946130656762e-10	 6.32962044730513205151e-10	 6.33139357204347791672e-10	 
 1.20000000000000023315e-01	 2.45625383407224414494e-10	 2.45129269196504582700e-10	 2.45693309564344771771e-10	 3.98341519298229828560e-08	 3.98102270127731443763e-08	 3.96716406135971559314e-08	 3.93981577760550011060e-08	 1.90518196970209003229e-08	 1.79748903534951171198e-08	 3.97392747474333248222e-08	 3.26448703591961183209e-10	 6.29241337791841110362e-10	 6.29087495550958591771e-10	 6.29262404852898871235e-10	 
 1.40000000000000041078e-01	 2.44115319050379614664e-10	 2.43625043416624072967e-10	 2.44180651325787486384e-10	 3.93239633727254267915e-08	 3.93001989856248269371e-08	 3.91624820936248528838e-08	 3.88898744306991135361e-08	 1.87983642762619241231e-08	 1.77336201170111924816e-08	 3.92293238746409080065e-08	 3.24533096670991638924e-10	 6.24888061998648625247e-10	 6.24735978176734631659e-10	 6.24908371713094815809e-10	 
 1.59999999999999975575e-01	 2.42411423913761859677e-10	 2.41927076348451284276e-10	 2.42473960299204464582e-10	 3.87850393418328335648e-08	 3.87614602880939906973e-08	 3.86247649258780572130e-08	 3.83532325576834887052e-08	 1.85310646591346983401e-08	 1.74794031453913425522e-08	 3.86907412903520142388e-08	 3.22363100212049628879e-10	 6.20067464763768061992e-10	 6.19917237119362929384e-10	 6.20086991960629611539e-10	 
 1.79999999999999937828e-01	 2.40517358392004149519e-10	 2.40039150725846146721e-10	 2.40576919809271476751e-10	 3.82185702552988949817e-08	 3.81952235879083770718e-08	 3.80597138851093174190e-08	 3.77894711732261485601e-08	 1.82505520487391412528e-08	 1.72128333391685552630e-08	 3.81247786124117370560e-08	 3.19943051380710671113e-10	 6.14788757311269231380e-10	 6.14640506736725806171e-10	 6.14807488396643823192e-10	 
 2.00000000000000094369e-01	 2.38437638208018604415e-10	 2.37965942146568497906e-10	 2.38494173803929102190e-10	 3.76259083328502846822e-08	 3.76028370344789528454e-08	 3.74687074062607106000e-08	 3.71999600692775701596e-08	 1.79575287266616637120e-08	 1.69345714267406760877e-08	 3.75328288563770448976e-08	 3.17278485605920590600e-10	 6.09063357384029152997e-10	 6.08917224971812007889e-10	 6.09081302882629547413e-10	 
 2.20000000000000001110e-01	 2.36177648969330610375e-10	 2.35713037472830986258e-10	 2.36231352868059645641e-10	 3.70085727487458314218e-08	 3.69857864795608874164e-08	 3.68532818293469384527e-08	 3.65862015832796347244e-08	 1.76527696665653004376e-08	 1.66453465157192282683e-08	 3.69164292408267521356e-08	 3.14376165084677736630e-10	 6.02904941636341032845e-10	 6.02761085397821937441e-10	 6.02922150077282228585e-10	 
 2.39999999999999963363e-01	 2.33742402568440160856e-10	 2.33285663349348112702e-10	 2.33793727473171725876e-10	 3.63679935424034170150e-08	 3.63454677121762350050e-08	 3.62148856911617690378e-08	 3.59496092092535459040e-08	 1.73370051475789573109e-08	 1.63458452238668737045e-08	 3.62770290033463762121e-08	 3.11242358372044003504e-10	 5.96326248051896590608e-10	 5.96184844555328047815e-10	 5.96342808114253027635e-10	 
 2.59999999999999953371e-01	 2.31137916325526230030e-10	 2.30689874839437178994e-10	 2.31187423654009805789e-10	 3.57057279770028055635e-08	 3.56834307335413724153e-08	 3.55550742393651781736e-08	 3.52917342179841909089e-08	 1.70110283871956924939e-08	 1.60368132042316607479e-08	 3.56161594804337662114e-08	 3.07884505187967679323e-10	 5.89342056388311099725e-10	 5.89203267814037278634e-10	 5.89358061112476717062e-10	 
 2.80000000000000082157e-01	 2.28371247434073584099e-10	 2.27932571594464125786e-10	 2.28419441820709428481e-10	 3.50234641789613504121e-08	 3.50013862283999733724e-08	 3.48755110363576654113e-08	 3.46142705619563870457e-08	 1.66756975127099885358e-08	 1.57190570178491497318e-08	 3.49354331700341586821e-08	 3.04311246074639468819e-10	 5.81969233753018414237e-10	 5.81833171586232254943e-10	 5.81984741043537468630e-10	 
 2.99999999999999988898e-01	 2.25448890836342309757e-10	 2.25020087985057565000e-10	 2.25496219213181186211e-10	 3.43227550846062899486e-08	 3.43009101084212776900e-08	 3.41777253064371957975e-08	 3.39187783824775515327e-08	 1.63318032159536442723e-08	 1.53933193101509008771e-08	 3.42363267388930790562e-08	 3.00530470618180578679e-10	 5.74223202073307003473e-10	 5.74089925610581101184e-10	 5.74238233211843520596e-10	 
 3.20000000000000006661e-01	 2.22377894751282653412e-10	 2.21959218941569380068e-10	 2.22424614494795771260e-10	 3.36052896245524693954e-08	 3.35837194618114862378e-08	 3.34633742206797437253e-08	 3.32069158966818928432e-08	 1.59801895679079522366e-08	 1.50603930945659909192e-08	 3.35205100941414938422e-08	 2.96551057610135821496e-10	 5.66121277569501327181e-10	 5.65990799112184436066e-10	 5.66135823991587200710e-10	 
 3.39999999999999968914e-01	 2.19165859127216369866e-10	 2.18757209635720651716e-10	 2.19211893687977371833e-10	 3.28729001804780252541e-08	 3.28516805316282708221e-08	 3.27342496582786533637e-08	 3.24804433571986139418e-08	 1.56217566078988942734e-08	 1.47211242348246328262e-08	 3.27898593797703346020e-08	 2.92382896819741357869e-10	 5.57682723070516974517e-10	 5.57555013630253228233e-10	 5.57696753805340023491e-10	 
 3.59999999999999931166e-01	 2.15819577296422982650e-10	 2.15420487030306444586e-10	 2.15864503679195041044e-10	 3.21272370422951408660e-08	 3.21064781568182669674e-08	 3.19919625451467593014e-08	 3.17409399934581662263e-08	 1.52573136860253175558e-08	 1.43762727714040966571e-08	 3.20460696520759133999e-08	 2.88034828177647797652e-10	 5.48924794968269931782e-10	 5.48799783211220044400e-10	 5.48938255619210088178e-10	 
 3.80000000000000059952e-01	 2.12346987833420806125e-10	 2.11956884507950387113e-10	 2.12390309725709042217e-10	 3.13700357389752371756e-08	 3.13498900370416151724e-08	 3.12382167763542293933e-08	 3.09901005512076900015e-08	 1.48877175023217603050e-08	 1.40266433113092440270e-08	 3.12908927659813082406e-08	 2.83516817539623458832e-10	 5.39866738738900469225e-10	 5.39744345985722659195e-10	 5.39879576248794332855e-10	 
 4.00000000000000077716e-01	 2.08757238702886263001e-10	 2.08375728635251909224e-10	 2.08798683377479905825e-10	 3.06031232178707266349e-08	 3.05837937124075436023e-08	 3.04748160559451505587e-08	 3.02297441638722196014e-08	 1.45138758651217444594e-08	 1.36730885922083320506e-08	 3.05261411224490880651e-08	 2.78840005013640737988e-10	 5.30529877673222321285e-10	 5.30410055934171739338e-10	 5.30542067252937454269e-10	 
 4.19999999999999984457e-01	 2.05058450648980690238e-10	 2.04685320782584519740e-10	 2.05097970237587777765e-10	 2.98280977725816912865e-08	 2.98098393705740013065e-08	 2.97033368120592406747e-08	 2.94614627115046150636e-08	 1.41365833007132917166e-08	 1.33163542259017053817e-08	 2.97533999340911225537e-08	 2.74014175650716730091e-10	 5.20932946032348460665e-10	 5.20815678850021722577e-10	 5.20944491425253812176e-10	 
 4.39999999999999946709e-01	 2.01259367068892113360e-10	 2.00894491356570088958e-10	 2.01297013098778826287e-10	 2.90466584543926894874e-08	 2.90297242195007901978e-08	 2.89254659372074944021e-08	 2.86869480952121751048e-08	 1.37566719061401683072e-08	 1.29572230656204908803e-08	 2.89743387702847084896e-08	 2.69050371944285352332e-10	 5.11096781344460542196e-10	 5.10982069469620420401e-10	 5.11107702862666128900e-10	 
 4.60000000000000131006e-01	 1.97369388278447962629e-10	 1.97012626743562117245e-10	 1.97405176451165063640e-10	 2.82606159771702062765e-08	 2.82451991940304920644e-08	 2.81430124226206434433e-08	 2.79080031313333701476e-08	 1.33750159982693354614e-08	 1.25965197572532657253e-08	 2.81907210953189182891e-08	 2.63960969658426483705e-10	 5.01044454719194569791e-10	 5.00932300688486365634e-10	 5.01054776378596490470e-10	 
 4.80000000000000037748e-01	 1.93396649710398423377e-10	 1.93047848877320107278e-10	 1.93430558911313692411e-10	 2.74715082357877291436e-08	 2.74577457529824304204e-08	 2.73575137482539761217e-08	 2.71261596539527748137e-08	 1.29923557042188633544e-08	 1.22349420526955737584e-08	 2.74040396096990180595e-08	 2.58756680957814599982e-10	 4.90795856081590600910e-10	 4.90686264779531444550e-10	 4.90805605564225736592e-10	 
 5.00000000000000000000e-01	 1.89349980110270735515e-10	 1.89009023699841365950e-10	 1.89381998943186876825e-10	 2.66809478130944865404e-08	 2.66689240057292260114e-08	 2.65705732806091905239e-08	 2.63430241130486045398e-08	 1.26094659501947524785e-08	 1.18732196887764151405e-08	 2.66158807945978885187e-08	 2.53449204294698570942e-10	 4.80372686452864923198e-10	 4.80265666815169127896e-10	 4.80381891969355213345e-10	 
 5.20000000000000128786e-01	 1.85238956679229036246e-10	 1.84905820140929244326e-10	 1.85269133416745283715e-10	 2.58906340854225770651e-08	 2.58803848748525011056e-08	 2.57838716749762991303e-08	 2.55602897185255700334e-08	 1.22271624416616808475e-08	 1.15121199892228368331e-08	 2.58279382458791043750e-08	 2.48051299425369712903e-10	 4.69798602345417728035e-10	 4.69694169222219672361e-10	 4.69807289289439320439e-10	 
 5.40000000000000035527e-01	 1.81071656395968490782e-10	 1.80746408220825522822e-10	 1.81100098257664684982e-10	 2.51019544060125648453e-08	 2.50934704264029362924e-08	 2.49987793794362670166e-08	 2.47793400384185315199e-08	 1.18461080643358253704e-08	 1.11522658786089686674e-08	 2.50415945795607177699e-08	 2.42573750120043735420e-10	 4.59093485901284961015e-10	 4.58991660851298186058e-10	 4.59101676813083187840e-10	 
 5.60000000000000053291e-01	 1.76857077354383648501e-10	 1.76539846189284974055e-10	 1.76883916271609329011e-10	 2.43163748043462893584e-08	 2.43095939870705154576e-08	 2.42167312494049615943e-08	 2.40016131787908587138e-08	 1.14669979052968348764e-08	 1.07943099788802493647e-08	 2.42583108929401154564e-08	 2.37028248645639830737e-10	 4.48279070163013176218e-10	 4.48179877961784246986e-10	 4.48286782314655188909e-10	 
 5.79999999999999849010e-01	 1.72605225577185966820e-10	 1.72296165767796093434e-10	 1.72630581976608769384e-10	 2.35354550680832060839e-08	 2.35302543184805247406e-08	 2.34392404446958304145e-08	 2.32286151957654263753e-08	 1.10905663200975546173e-08	 1.04389412379956806614e-08	 2.34796417578151361858e-08	 2.31427486186967173757e-10	 4.37379124026534536662e-10	 4.37282589005306392341e-10	 4.37386366827689752426e-10	 
 5.99999999999999977796e-01	 1.68324383850863385043e-10	 1.68023679174523130718e-10	 1.68348367017423667595e-10	 2.27604088649660816644e-08	 2.27566069938722960009e-08	 2.26674763479842527208e-08	 2.24615103867122292045e-08	 1.07173790738923114560e-08	 1.00866893890960421495e-08	 2.27067966318389832701e-08	 2.25781879236109038425e-10	 4.26413073022274514218e-10	 4.26319220236099754856e-10	 4.26419847941230654849e-10	 
 6.20000000000000106581e-01	 1.64022819741373340145e-10	 1.63730635872004933290e-10	 1.64045487803969669968e-10	 2.19925157307621587050e-08	 2.19898985308356118533e-08	 2.19026863457272674623e-08	 2.17015484695673979764e-08	 1.03480311417739620296e-08	 9.73811239140607685017e-09	 2.19410480930277325133e-08	 2.20102471228708698592e-10	 4.15401526502393001745e-10	 4.15310379575936421997e-10	 4.15407833822048680169e-10	 
 6.39999999999999902300e-01	 1.59708829493753929980e-10	 1.59425263818140896553e-10	 1.59730146733153099684e-10	 2.12331374345179621498e-08	 2.12314837299728765883e-08	 2.11462124860694441596e-08	 2.09500818161347156267e-08	 9.98315449408422469331e-09	 9.39380380713023891392e-09	 2.11837479340811088179e-08	 2.14401024626738956824e-10	 4.04366457310196592852e-10	 4.04278036190390613011e-10	 4.04372303262077507563e-10	 
 6.60000000000000031086e-01	 1.55388801449939974941e-10	 1.55113889710934268856e-10	 1.55408639183724729521e-10	 2.04832630452763726930e-08	 2.04823440095534743521e-08	 2.03990242071980370093e-08	 2.02080925106941708702e-08	 9.62320009906088246518e-09	 9.05418620570384642000e-09	 2.04358762961326332776e-08	 2.08686754144969973569e-10	 3.93324982796544930465e-10	 3.93239305329450150327e-10	 3.93330379175539532141e-10	 
 6.80000000000000159872e-01	 1.51070092877247273012e-10	 1.50803848553911115758e-10	 1.51088327601620727234e-10	 1.97439323578960729843e-08	 1.97435425923509262984e-08	 1.96621735803988668715e-08	 1.94766066489366468972e-08	 9.26864974903461421905e-09	 8.71971190896348013700e-09	 1.96984462406815353524e-08	 2.02969883634499269001e-10	 3.82295975795069535944e-10	 3.82213057629618622056e-10	 3.82300941372398373696e-10	 
 6.99999999999999955591e-01	 1.46761135573284562602e-10	 1.46503591091896143849e-10	 1.46777751951852405348e-10	 1.90162525255579212708e-08	 1.90162427819759835842e-08	 1.89368135364470646023e-08	 1.87567105063255651266e-08	 8.92002440111791240020e-09	 8.39087089123162150701e-09	 1.89725191444502983323e-08	 1.97261774839088551743e-10	 3.71300303953149854609e-10	 3.71220158456357184786e-10	 3.71304866056159260597e-10	 
 7.20000000000000084377e-01	 1.42468237462300268348e-10	 1.42219449178647812115e-10	 1.42483322835502721922e-10	 1.83009397881954545977e-08	 1.83012124068947136303e-08	 1.82237020382441522296e-08	 1.80491027185858116675e-08	 8.57765473544867780596e-09	 8.06797332410994211238e-09	 1.82587675823517677305e-08	 1.91570976769530245388e-10	 3.60353487987100479054e-10	 3.60276128183275108932e-10	 3.60357682247502239144e-10	 
 7.39999999999999991118e-01	 1.38198289236633638139e-10	 1.37958315361583313356e-10	 1.38211956802147463116e-10	 1.75987617502374937611e-08	 1.75992640930350440593e-08	 1.75236436220420414255e-08	 1.73545630908971125300e-08	 8.24190776169593829679e-09	 7.75136302968447242520e-09	 1.75579773533126988909e-08	 1.85906754160827984490e-10	 3.49472555209549345649e-10	 3.49397990625792628867e-10	 3.49476423723134553310e-10	 
 7.60000000000000008882e-01	 1.33958865014136108960e-10	 1.33727742765103565737e-10	 1.33971174253065203155e-10	 1.69105538988805600266e-08	 1.69112720754399429375e-08	 1.68375062047161666727e-08	 1.66739705559812278590e-08	 7.91319546669562956949e-09	 7.44142560334577710163e-09	 1.68710667544747227905e-08	 1.80279217669319917120e-10	 3.38676294259247923108e-10	 3.38604527624226868410e-10	 3.38679883801071927086e-10	 
 7.80000000000000137668e-01	 1.29755254494424554114e-10	 1.29533008483954524093e-10	 1.29766213160129590425e-10	 1.62367485282574386412e-08	 1.62377047780588735306e-08	 1.61657519619593476588e-08	 1.60078009414115809520e-08	 7.59173300741082559927e-09	 7.13836077046749566600e-09	 1.61985445202560422362e-08	 1.74695455020585108503e-10	 3.27977741955796388810e-10	 3.27908771730309700874e-10	 3.27981104283665879796e-10	 
 7.99999999999999933387e-01	 1.25593301429029776387e-10	 1.25379937841130748718e-10	 1.25602986290275838832e-10	 1.55779013701239044653e-08	 1.55791188155537896240e-08	 1.55089597247165195037e-08	 1.53565999474991919649e-08	 7.27777732700340295057e-09	 6.84240786741940656612e-09	 1.55409988917212865623e-08	 1.69163327670989967105e-10	 3.17391331745436971440e-10	 3.17325147271744858912e-10	 3.17394526120967633461e-10	 
 8.20000000000000062172e-01	 1.21479509628528326603e-10	 1.21275009964493190060e-10	 1.21488192748472724822e-10	 1.49347103792153315613e-08	 1.49361765830453738647e-08	 1.48678439891272065878e-08	 1.47209999682188787290e-08	 6.97163569344261503227e-09	 6.55385387639662132223e-09	 1.48991154305775935943e-08	 1.63691611546337011964e-10	 3.06933159920294280462e-10	 3.06869736263552408056e-10	 3.06936255895967445089e-10	 
 8.39999999999999857891e-01	 1.17417969541330907364e-10	 1.17222300406344300886e-10	 1.17426111151054100545e-10	 1.43074541244459014067e-08	 1.43091241248938259696e-08	 1.42426995632152474708e-08	 1.41012230899797640023e-08	 6.67341470231841795832e-09	 6.27279624909778969516e-09	 1.42731622069870162085e-08	 1.58285879612775019197e-10	 2.96613249754394178090e-10	 2.96552550761857446911e-10	 2.96616327868194978718e-10	 
 8.60000000000000097700e-01	 1.13413497182827111868e-10	 1.13226565141499577682e-10	 1.13421584561440172482e-10	 1.36965062141817716354e-08	 1.36983083081839863242e-08	 1.36339000988403600587e-08	 1.34976104011898259066e-08	 6.38326784959398931464e-09	 5.99937812514267360038e-09	 1.36635125074690348589e-08	 1.52952635708102898492e-10	 2.86443352858961426013e-10	 2.86385328773806599649e-10	 2.86446486147809088708e-10	 
 8.80000000000000115463e-01	 1.09471749606332416237e-10	 1.09293353559615157351e-10	 1.09480132348075124933e-10	 1.31023523873367303486e-08	 1.31041935034212635687e-08	 1.30419148369662693482e-08	 1.29106391114720964843e-08	 6.10140354812365900233e-09	 5.73379592492523211032e-09	 1.30706622635515931851e-08	 1.47699465680041995864e-10	 2.76437233608643814356e-10	 2.76381818322447600154e-10	 2.76440468504259036334e-10	 
 8.99999999999999911182e-01	 1.05595856685986673536e-10	 1.05425701431162101983e-10	 1.05604763683808775741e-10	 1.25250556550342493592e-08	 1.25268216773929401294e-08	 1.24667935815814542958e-08	 1.23403674020627846051e-08	 5.82782831080529325265e-09	 5.47605516153471757014e-09	 1.24946850996327095641e-08	 1.42530598105282353446e-10	 2.66602307518773361358e-10	 2.66549421464292776484e-10	 2.66605666885867929743e-10	 
 9.20000000000000039968e-01	 1.01789625563486911885e-10	 1.01627382306256748918e-10	 1.01799182228783972138e-10	 1.19647878412419284459e-08	 1.19663704539128315231e-08	 1.19086948388199728898e-08	 1.17869744527044778252e-08	 5.56260392644315286931e-09	 5.22621286347865493051e-09	 1.19357463013923289377e-08	 1.37451228669100541611e-10	 2.56947794917522262685e-10	 2.56897352841056602117e-10	 2.56951281909291715326e-10	 
 9.39999999999999835687e-01	 9.80576565886269577284e-11	 9.79030237117848194743e-11	 9.80679001480256312293e-11	 1.14218450289248101634e-08	 1.14231691479596623406e-08	 1.13679010040892313739e-08	 1.12507762387836243950e-08	 5.30585470422013122878e-09	 4.98438439175227585646e-09	 1.13941177584408500466e-08	 1.32467675079109606593e-10	 2.47485010049018973365e-10	 2.47436928743780189870e-10	 2.47488611559734815233e-10	 
 9.60000000000000075495e-01	 9.44019570306100678206e-11	 9.42546625036283477896e-11	 9.44128465203785753843e-11	 1.08961015097694460950e-08	 1.08971195965974835183e-08	 1.08442757673373867573e-08	 1.07316687114505073836e-08	 5.05750360107668503323e-09	 4.75049494322823972510e-09	 1.08696533249418374342e-08	 1.27582791747434665387e-10	 2.38218733196644552858e-10	 2.38172932861040865766e-10	 2.38222421268272612945e-10	 
 9.80000000000000093259e-01	 9.08251582658178708172e-11	 9.06849644222591979061e-11	 9.08365812491062464716e-11	 1.03875642438688936311e-08	 1.03882451919649814601e-08	 1.03378160720695904331e-08	 1.02296449355570143347e-08	 4.81753443286098912196e-09	 4.52452721077163095522e-09	 1.03623336437351557834e-08	 1.22800287514440033546e-10	 2.29155448715782618815e-10	 2.29111850433451577812e-10	 2.29159179764453759851e-10	 
 9.99999999999999888978e-01	 8.73306249038772210338e-11	 8.71973339080475713403e-11	 8.73424019448595032660e-11	 9.89638634907158701827e-09	 9.89670463467587219930e-09	 9.84866532432125097971e-09	 9.74480766180428388150e-09	 4.58599800815338846613e-09	 4.30652714148768608372e-09	 9.87227878928963253060e-09	 1.18124873012535059678e-10	 2.20303621420438477277e-10	 2.20262144541219667781e-10	 2.20307334923762077460e-10	 
 1.02000000000000001776e+00	 8.39191048656809385128e-11	 8.37925619490853867087e-11	 8.39309921282771712612e-11	 9.42230184872101105394e-09	 9.42223483197846366894e-09	 9.37655028173736492822e-09	 9.27684952760193107512e-09	 4.36274638772274147969e-09	 4.09635301426605475413e-09	 9.39919278703828550989e-09	 1.13557754579040467388e-10	 2.11665109166256884401e-10	 2.11625672912843908176e-10	 2.11668727648341087638e-10	 
 1.04000000000000003553e+00	 8.05922053593713211176e-11	 8.04722196533824331968e-11	 8.06038984374126809433e-11	 8.96516676809876367461e-09	 8.96471461194845641441e-09	 8.92132987550332596655e-09	 8.82563129078868611994e-09	 4.14769990654445327014e-09	 3.89392804754786382618e-09	 8.94294786268956452465e-09	 1.09101249898642032138e-10	 2.03243739182042943714e-10	 2.03206259000653531609e-10	 2.03247184766878834702e-10	 
 1.06000000000000005329e+00	 7.73524964230854248238e-11	 7.72387598000021303903e-11	 7.73636317539371044633e-11	 8.52496932233976147797e-09	 8.52417587186875923511e-09	 8.48300549620001070789e-09	 8.39119245205136967002e-09	 3.94085201037970335649e-09	 3.69924493703507099745e-09	 8.50359536502861156840e-09	 1.04758927722044899792e-10	 1.95045564506580153664e-10	 1.95009948177879222292e-10	 1.95048775470763490539e-10	 
 1.08000000000000007105e+00	 7.41999032263636374878e-11	 7.40920046288931214957e-11	 7.42100517460239114477e-11	 8.10128905680987146901e-09	 8.10023627545673293548e-09	 8.06116998364139143742e-09	 7.97316197626523355337e-09	 3.74200130307308113447e-09	 3.51211233343959940277e-09	 8.08077034853105804145e-09	 1.00530815242512100629e-10	 1.87070000973262111039e-10	 1.87036150232722840327e-10	 1.87072927861601145304e-10	 
 1.09999999999999986677e+00	 7.11353682119123518103e-11	 7.10328839625172637686e-11	 7.11442011743250452467e-11	 7.69389209882564800200e-09	 7.69267553883664981291e-09	 7.65557283693356009409e-09	 7.57132787311317651486e-09	 3.55102186180457062744e-09	 3.33240990831130776625e-09	 7.67424367174153300596e-09	 9.64183880453576103408e-11	 1.79319193814807179990e-10	 1.79287011197089347442e-10	 1.79321809331528210437e-10	 
 1.11999999999999988454e+00	 6.81609527624985724880e-11	 6.80635360444341855341e-11	 6.81684110192880578797e-11	 7.30273908908782475145e-09	 7.30144401667702779857e-09	 7.26612743067520679197e-09	 7.18564586638897685037e-09	 3.36786671857187612786e-09	 3.16009160187513002958e-09	 7.28393000766069759221e-09	 9.24247105781761847415e-11	 1.71798269628411043409e-10	 1.71767665234897769129e-10	 1.71800579313217233656e-10	 
 1.14000000000000012434e+00	 6.52760761489026977374e-11	 6.51834491658337592215e-11	 6.52823357766491863747e-11	 6.92738303620843942087e-09	 6.92608767675547464446e-09	 6.89234562714365875860e-09	 6.81567193708194363764e-09	 3.19229922287483940587e-09	 2.99493228716531054586e-09	 6.90934231336093140069e-09	 8.85492913835033740942e-11	 1.64505691700728332675e-10	 1.64476582934710616907e-10	 1.64507729683208492524e-10	 
 1.15999999999999992006e+00	 6.24809702678988344192e-11	 6.23928828593342217101e-11	 6.24862870827879363993e-11	 6.56753387936580835972e-09	 6.56630462721833026390e-09	 6.53393808676520294100e-09	 6.46110159155188781777e-09	 3.02416127121900045522e-09	 2.83678159007576483274e-09	 6.55017775064191482451e-09	 8.47926474700865434691e-11	 1.57441889237676544985e-10	 1.57414199882548311667e-10	 1.57443700341972380066e-10	 
 1.18000000000000015987e+00	 5.97766672803539931864e-11	 5.96928566680622211901e-11	 5.97812259883337122547e-11	 6.22305301104431211066e-09	 6.22193935210744518886e-09	 6.19080852767381293217e-09	 6.12176404553856849751e-09	 2.86337020880444578518e-09	 2.68556095694555133445e-09	 6.20631153074475189605e-09	 8.11562923180245137773e-11	 1.50609224015052181577e-10	 1.50582883535913441201e-10	 1.50610846515891449585e-10	 
 1.19999999999999973355e+00	 5.71615325367674178046e-11	 5.70817255943672611579e-11	 5.71654579044164399214e-11	 5.89339813461642808069e-09	 5.89243732696147844347e-09	 5.86245050725249576539e-09	 5.79709705369873155318e-09	 2.70965488078991309630e-09	 2.54101380599641265624e-09	 5.87721159791211993794e-09	 7.76381695820132220653e-11	 1.44003358391702441733e-10	 1.43978302084510347251e-10	 1.44004825383938059495e-10	 
 1.21999999999999997335e+00	 5.46347305418225329562e-11	 5.45587058842928316632e-11	 5.46381591059783107430e-11	 5.57818564537152991389e-09	 5.57740539970300520331e-09	 5.54850824629571664043e-09	 5.48670494926056092874e-09	 2.56282368990804413497e-09	 2.40295933491604259229e-09	 5.56252185927888746691e-09	 7.42374009939799080176e-11	 1.37622100910348824262e-10	 1.37598273221686291191e-10	 1.37623445844658322092e-10	 
 1.24000000000000021316e+00	 5.21962941503323451570e-11	 5.21239458026054313750e-11	 5.21994463947086694385e-11	 5.27719264271588647512e-09	 5.27661335703954345533e-09	 5.24878004858221135446e-09	 5.19035977207466726861e-09	 2.42276518607156766595e-09	 2.27129308800878873760e-09	 5.26206527306034082143e-09	 7.09543877323042924243e-11	 1.31465578877661460758e-10	 1.31442937055060705157e-10	 1.31466841162570321170e-10	 
 1.25999999999999978684e+00	 4.98436894864345414329e-11	 4.97750195942049752420e-11	 4.98468691530288299999e-11	 4.98981009599358564014e-09	 4.98944825609274007582e-09	 4.96267743049585796510e-09	 4.90745540242404214555e-09	 2.28918746704586271756e-09	 2.14574020344040271476e-09	 4.97527302840574707307e-09	 6.77860856583281189441e-11	 1.25527455526954003169e-10	 1.25505969782947808704e-10	 1.25528681278865577131e-10	 
 1.28000000000000002665e+00	 4.75756134354897574803e-11	 4.75106276014412520625e-11	 4.75791031818428278936e-11	 4.71561881235672335420e-09	 4.71548146775226786445e-09	 4.68978008821908644737e-09	 4.63757840554666821287e-09	 2.16188379220272418467e-09	 2.02610658171710309366e-09	 4.70172398858050964102e-09	 6.47309263131413673052e-11	 1.19804240633992044968e-10	 1.19783878781097710133e-10	 1.19805465663190437671e-10	 
 1.30000000000000026645e+00	 4.53920352415673409724e-11	 4.53306399225738408462e-11	 4.53959933829280651686e-11	 4.45438687270700591482e-09	 4.45446565444418839983e-09	 4.42983378863222617169e-09	 4.38050544029879847941e-09	 2.04073115267856405657e-09	 1.91227762298155812882e-09	 4.44114290081953076735e-09	 6.17888850917016789266e-11	 1.14295391887295592710e-10	 1.14276104055986949147e-10	 1.14296624452507381816e-10	 
 1.32000000000000006217e+00	 4.32903694751375195311e-11	 4.32323928412425150152e-11	 4.32948569009745114447e-11	 4.20550528533250290128e-09	 4.20578034992590698779e-09	 4.18221435897534755199e-09	 4.13564298998656191508e-09	 1.92543299939927555193e-09	 1.80397524334262786143e-09	 4.19288596350817862763e-09	 5.89565734231952318891e-11	 1.08993994532270621451e-10	 1.08975716706180080188e-10	 1.08995219354254402897e-10	 
 1.34000000000000007994e+00	 4.12690402050575229528e-11	 4.12142636081731823860e-11	 4.12739958313624329938e-11	 3.96855040148445381325e-09	 3.96899527312839755875e-09	 3.94649019310401624372e-09	 3.90257061132804646132e-09	 1.81577999517684003580e-09	 1.70100452655803915928e-09	 3.95651335689735356768e-09	 5.62318790386948191292e-11	 1.03895718363614374809e-10	 1.03878382791208974349e-10	 1.03896906267051262511e-10	 
 1.35999999999999987566e+00	 3.93275101550081848034e-11	 3.92756954018872664069e-11	 3.93327188602748164922e-11	 3.74327816309675575878e-09	 3.74386394135262570276e-09	 3.72241579334545104378e-09	 3.68103540898608456679e-09	 1.71164685312113671325e-09	 1.60325095223523507225e-09	 3.73178195078196434765e-09	 5.36140066510311393551e-11	 9.89988688581115063123e-11	 9.89824138221411380760e-11	 9.89999851843437701534e-11	 
 1.37999999999999989342e+00	 3.74627910441481684666e-11	 3.74136821854070890851e-11	 3.74678950930684566043e-11	 3.52908003386429697165e-09	 3.52977606622173494131e-09	 3.50938483971742991804e-09	 3.47043062354606191927e-09	 1.61274147629817023323e-09	 1.51044364610862696643e-09	 3.51808343155701374256e-09	 5.10989517792976587731e-11	 9.42955798504251896973e-11	 9.42799488736400570310e-11	 9.42965828418879141420e-11	 
 1.40000000000000013323e+00	 3.56728361981777343574e-11	 3.56261903784415232055e-11	 3.56774904854695340842e-11	 3.32553956850634841107e-09	 3.32632398651000085338e-09	 3.30697422184436790762e-09	 3.27033717954031831156e-09	 1.51885938474614417997e-09	 1.42239611036454636476e-09	 3.31500404064029862725e-09	 4.86840024260408900180e-11	 8.97807385954210954631e-11	 8.97658794265452437254e-11	 8.97815915376536914209e-11	 
 1.41999999999999992895e+00	 3.39565332622087063807e-11	 3.39121507332449638147e-11	 3.39605553688320112353e-11	 3.13242332779908163679e-09	 3.13329377349473519176e-09	 3.11493459518511228065e-09	 3.08051416966886213738e-09	 1.42987899984514426223e-09	 1.33900218388747593022e-09	 3.12231544171247478079e-09	 4.63677299805061693071e-11	 8.54519587533100159468e-11	 8.54378225258572113449e-11	 8.54526419514837758221e-11	 
 1.44000000000000016875e+00	 3.23104095718895787603e-11	 3.22681242166942674035e-11	 3.23137400549350710355e-11	 2.94914483893668296413e-09	 2.95011637403516601356e-09	 2.93266863719965252544e-09	 2.90037763164859728248e-09	 1.34551866846404119296e-09	 1.26000705529502832422e-09	 2.93943426561645172641e-09	 4.41456067900397448884e-11	 8.13008094988355608358e-11	 8.12873501228198611291e-11	 8.13013150786807311216e-11	 
 1.45999999999999996447e+00	 3.07323994385319622091e-11	 3.06920714316457521232e-11	 3.07350360622785308906e-11	 2.77531720762168127301e-09	 2.77639319980015766290e-09	 2.75978310209770471416e-09	 2.72953483468435812870e-09	 1.26558423979994280623e-09	 1.18518305635176500949e-09	 2.76597535825405665217e-09	 4.20149747755483809412e-11	 7.73221599181777145401e-11	 7.73093358175841023041e-11	 7.73224889455954327113e-11	 
 1.47999999999999998224e+00	 2.92218031964944965891e-11	 2.91833136399866116060e-11	 2.92237421784602157322e-11	 2.61074178670667793080e-09	 2.61188488493582156569e-09	 2.59607656939359411653e-09	 2.56777229113540318545e-09	 1.18996296692335825918e-09	 1.11432218216572379022e-09	 2.60174061166503824587e-09	 3.99750007186732533706e-11	 7.35140941546023810295e-11	 7.35018702012176795555e-11	 7.35142546215892398380e-11	 
 1.50000000000000000000e+00	 2.77755216802880175583e-11	 2.77387683249653343429e-11	 2.77767493372948313196e-11	 2.45487892212244975975e-09	 2.45601698212953197686e-09	 2.44100714431558665672e-09	 2.41454452393713206977e-09	 1.11838863433159228166e-09	 1.04708435896425908379e-09	 2.44618937987448768374e-09	 3.80217279566151950140e-11	 6.98686648908652910988e-11	 6.98570115667674618572e-11	 6.98686693220186991157e-11	 
 1.52000000000000001776e+00	 2.63915412463073542321e-11	 2.63564267284315114513e-11	 2.63920627792261575513e-11	 2.30734449868572643580e-09	 2.30841204720622242624e-09	 2.29420815707739445162e-09	 2.26948481466158091984e-09	 1.05068051159932324539e-09	 9.83317918712666785345e-10	 2.29895790142891050486e-09	 3.61524912217352201796e-11	 6.63807114407926427211e-11	 6.63696027349043005843e-11	 6.63805769717333883696e-11	 
 1.54000000000000003553e+00	 2.50688924226420182771e-11	 2.50353132544833372348e-11	 2.50687615932267733406e-11	 2.16789585964931439431e-09	 2.16887411096636831373e-09	 2.15547468259584368653e-09	 2.13239120081056863928e-09	 9.86736063782758433638e-10	 9.23049065956100851030e-10	 2.15984628732431055716e-09	 3.43658738340548927654e-11	 6.30477481532936639270e-11	 6.30371598195160000006e-11	 6.30474971710672070165e-11	 
 1.56000000000000027534e+00	 2.38042957432963225588e-11	 2.37721414727567073477e-11	 2.38036030772132390899e-11	 2.03597363008214171329e-09	 2.03687977118434283953e-09	 2.02428108073875688312e-09	 2.00274583574949604069e-09	 9.26306105453287012542e-10	 8.66135359406370089168e-10	 2.02833376475956618819e-09	 3.26575236886436782519e-11	 5.98614645622476443606e-11	 5.98513744922345906079e-11	 5.98611241318794762235e-11	 
 1.58000000000000007105e+00	 2.25957430032627651768e-11	 2.25649262311824612929e-11	 2.25945942199199298136e-11	 1.91122487396013951212e-09	 1.91208448158327288824e-09	 1.90027643240337450733e-09	 1.88020370657237154065e-09	 8.69226152040642596730e-10	 8.12451778738113941916e-10	 1.90406396761516368524e-09	 3.10247698233580428358e-11	 5.68167971795141644999e-11	 5.68071859967858860440e-11	 5.68163935568675681133e-11	 
 1.60000000000000008882e+00	 2.14424244791048744871e-11	 2.14129116092954590982e-11	 2.14409223036812138353e-11	 1.79348377957301224180e-09	 1.79430565068734659785e-09	 1.78326718802547715291e-09	 1.76457566598668082935e-09	 8.15408109131049286355e-10	 7.61889667705222331198e-10	 1.78682774211631904068e-09	 2.94665309007281776038e-11	 5.39117457751844499234e-11	 5.39025976499909991722e-11	 5.39112992694826139268e-11	 
 1.61999999999999988454e+00	 2.03412407854383027293e-11	 2.03130462781019794361e-11	 2.03394889993626509063e-11	 1.68226790214492004134e-09	 1.68304771342060320651e-09	 1.67275395437178711421e-09	 1.65537172403047522590e-09	 7.64623698749316389674e-10	 7.14215293297892948482e-10	 1.67611450446531812835e-09	 2.79788392557426080326e-11	 5.11385378906874034784e-11	 5.11298413001571749262e-11	 5.11380649338491821504e-11	 
 1.64000000000000012434e+00	 1.92902993603597250365e-11	 1.92634361171078394253e-11	 1.92883813802695822001e-11	 1.57727328945666873859e-09	 1.57800497977951478559e-09	 1.56842424586165154123e-09	 1.55228631508667596192e-09	 7.16724967165323586277e-10	 6.69276790539881925196e-10	 1.57159306840324443380e-09	 2.65591824331452690142e-11	 4.84923305047283032341e-11	 4.84840738056560118168e-11	 4.84918436526000758330e-11	 
 1.66000000000000014211e+00	 1.82888304867876759321e-11	 1.82632631441103335566e-11	 1.82867872497619601006e-11	 1.47835638052059858267e-09	 1.47904267192648854594e-09	 1.47013266072417763131e-09	 1.45517919949038031883e-09	 6.71635246658017862751e-10	 6.26994024607445066164e-10	 1.47308990589332302686e-09	 2.52064073067474866233e-11	 4.59709983308726828077e-11	 4.59631655504842841423e-11	 4.59705058709786737880e-11	 
 1.67999999999999993783e+00	 1.73338301503903282238e-11	 1.73094884642004776644e-11	 1.73316687193983000467e-11	 1.38507268120277375848e-09	 1.38572319913756539908e-09	 1.37743616246724878514e-09	 1.36361902630436600283e-09	 6.29145054677666160651e-10	 5.87163913407061830222e-10	 1.38013514809201926139e-09	 2.39166302928269997351e-11	 4.35668185437287155614e-11	 4.35593916482864553644e-11	 4.35663258395298594551e-11	 
 1.70000000000000017764e+00	 1.64234890202579869772e-11	 1.64003054044771003123e-11	 1.64212172003472621514e-11	 1.29714669286102847200e-09	 1.29776905664397264871e-09	 1.29005645303534452592e-09	 1.27732869394317073396e-09	 5.89122481404393978332e-10	 5.49658629778080821193e-10	 1.29245549281353560628e-09	 2.26874306167494908967e-11	 4.12752086124161088061e-11	 4.12681705297582140403e-11	 4.12747206461357607609e-11	 
 1.71999999999999997335e+00	 1.55570877903721231928e-11	 1.55350325722373086068e-11	 1.55547467178411878685e-11	 1.21445208094907791837e-09	 1.21504331054914787357e-09	 1.20785969572841999336e-09	 1.19616570849943081394e-09	 5.51503392707442498498e-10	 5.14415713239378229969e-10	 1.20995224062289863536e-09	 2.15177251787486887103e-11	 3.90944516850336970409e-11	 3.90877892000437962835e-11	 3.90939754219720156795e-11	 
 1.73999999999999999112e+00	 1.47317202131919683679e-11	 1.47108006707651659214e-11	 1.47293810793731417378e-11	 1.13657908188642039162e-09	 1.13712714316734659173e-09	 1.13043065262160791101e-09	 1.11971634906430591708e-09	 5.16097932182902430736e-10	 4.81254523038120695213e-10	 1.13223172894715891320e-09	 2.04038359578387977847e-11	 3.70173029104480107371e-11	 3.70110078442837766613e-11	 3.70168478423584211956e-11	 
 1.76000000000000023093e+00	 1.39457011148858882511e-11	 1.39259323481961985384e-11	 1.39434379246316467611e-11	 1.06327941704286195696e-09	 1.06377179116948123673e-09	 1.05752258308501745013e-09	 1.04773546634717209643e-09	 4.82790132600194490712e-10	 4.50064894944405484698e-10	 1.05906315340697354902e-09	 1.93434769952829397237e-11	 3.50395389623416023452e-11	 3.50336041168348416481e-11	 3.50391150239812477075e-11	 
 1.78000000000000002665e+00	 1.31984409347865557629e-11	 1.31798203655977228158e-11	 1.31963063560451932878e-11	 9.94444443475858904140e-10	 9.94875899389824138600e-10	 9.89034724638687407701e-10	 9.80123879716276883239e-10	 4.51527603138763873920e-10	 4.20797183548367204950e-10	 9.90359300871187928730e-10	 1.83356065829274301006e-11	 3.31596518770906330074e-11	 3.31540674118828037421e-11	 3.31592676816678283992e-11	 
 1.80000000000000004441e+00	 1.24871861368485678227e-11	 1.24697098007214263704e-11	 1.24852247332286997250e-11	 9.29698224264092210355e-10	 9.30067334232218909984e-10	 9.24595420373808771172e-10	 9.16519900138728243322e-10	 4.22139411072775561808e-10	 3.93289681849084364642e-10	 9.25760183328078261140e-10	 1.73767245961528137938e-11	 3.13707148681889016493e-11	 3.13654715303992983721e-11	 3.13703799162337040751e-11	 
 1.81999999999999984013e+00	 1.18104667652506889696e-11	 1.17941162651077318116e-11	 1.18087161050255806063e-11	 8.68821331610903259222e-10	 8.69132329828345252181e-10	 8.63994730602865577296e-10	 8.56712687210430806507e-10	 3.94524746224066927904e-10	 3.67447379983559857772e-10	 8.65047477534469555242e-10	 1.64648240022683134171e-11	 2.96689307644814939074e-11	 2.96640169686828092672e-11	 2.96686533269219572901e-11	 
 1.84000000000000007994e+00	 1.11679629678133010594e-11	 1.11526907742409501636e-11	 1.11664538025954957776e-11	 8.11727284975365993692e-10	 8.11992866910454014667e-10	 8.07161962413875027172e-10	 8.00620157449633593584e-10	 3.68642256761376885578e-10	 3.43231827903413385435e-10	 8.08122610404163902554e-10	 1.55992308400781592416e-11	 2.80532886461560427599e-11	 2.80486872820017043757e-11	 2.80530736808351976417e-11	 
 1.86000000000000009770e+00	 1.05572173935358111461e-11	 1.05429610702439432703e-11	 1.05559856571207758725e-11	 7.58075445910942790705e-10	 7.58315619461165091258e-10	 7.53769205522884489979e-10	 7.47913645494016827941e-10	 3.44339302976552778788e-10	 3.20499127938474918949e-10	 7.54637174888967154233e-10	 1.47769388943085611889e-11	 2.65174345292107570684e-11	 2.65131257832504283962e-11	 2.65172867110013051519e-11	 
 1.87999999999999989342e+00	 9.97688357991030308806e-12	 9.96357481712034219107e-12	 9.97595366982268807555e-12	 7.07679964432500673976e-10	 7.07911857838766796205e-10	 7.03632292809711316600e-10	 6.98409917023503502570e-10	 3.21528901676990959375e-10	 2.99167360867735456058e-10	 7.04401256895972176943e-10	 1.39961029016008927282e-11	 2.50579919991083052407e-11	 2.50539555741204160785e-11	 2.50579129799063570844e-11	 
 1.89999999999999991118e+00	 9.42659153743634001298e-12	 9.41416242831775936949e-12	 9.42595887335257379581e-12	 6.60485767661753076279e-10	 6.60713953676199923178e-10	 6.56688204872758425718e-10	 6.52048115482175383097e-10	 3.00178872487542022906e-10	 2.79206324531212476885e-10	 6.57358204297859068560e-10	 1.32558873014967013583e-11	 2.36742091505806733864e-11	 2.36704259812381456760e-11	 2.36741944299046618732e-11	 
 1.92000000000000015099e+00	 8.90393333689615725938e-12	 8.89231871993942158875e-12	 8.90357819690481665290e-12	 6.16195484242744118332e-10	 6.16415943379863018249e-10	 6.12635871972706205073e-10	 6.08535419277507280594e-10	 2.80153289218941307147e-10	 2.60487553430611589092e-10	 6.13209068680240558412e-10	 1.25533825719042117764e-11	 2.23601643706099743859e-11	 2.23566169351967187752e-11	 2.23602057218946404433e-11	 
 1.93999999999999994671e+00	 8.40767800129889048748e-12	 8.39681277668190136107e-12	 8.40756663149758929759e-12	 5.74645597808187807817e-10	 5.74856074421716594510e-10	 5.71314152791485218310e-10	 5.67717066112336689360e-10	 2.61377378223980507306e-10	 2.42940714959117343793e-10	 5.71791602821046995154e-10	 1.18868196701926191878e-11	 2.11127389914741619749e-11	 2.11094100020581067664e-11	 2.11128254842988530718e-11	 
 1.95999999999999996447e+00	 7.93761070836732381834e-12	 7.92742663529541821983e-12	 7.93769244218767460738e-12	 5.35782348008927678152e-10	 5.35992109433182154686e-10	 5.32677672969446904896e-10	 5.29553519077464448302e-10	 2.43826516531241243490e-10	 2.26543180729123366537e-10	 5.33056114257561125363e-10	 1.12553764334818655779e-11	 1.99312253158632390274e-11	 1.99280963919933268864e-11	 1.99313434274139506474e-11	 
 1.97999999999999998224e+00	 7.49151749704586352529e-12	 7.48194189270523090810e-12	 7.49172478950808337180e-12	 4.99326295600245378684e-10	 4.99555611842416463084e-10	 4.96457727346886200273e-10	 4.93789848827241589202e-10	 2.27379829656450423368e-10	 2.11180992531158176958e-10	 4.96726255374756518956e-10	 1.06563122079533810867e-11	 1.88099203346664965282e-11	 1.88069718517175493045e-11	 1.88100529302203286470e-11	 
 2.00000000000000000000e+00	 7.06831269732216487374e-12	 7.05927958067716545735e-12	 7.06858471839201846021e-12	 4.65142171086861152366e-10	 4.65408517427454307709e-10	 4.62517655998874944044e-10	 4.60286869823270468237e-10	 2.11973902064028493352e-10	 1.96794608998859283511e-10	 4.62671717813753602958e-10	 1.00881817051134202242e-11	 1.77460566935405418795e-11	 1.77432712765682832604e-11	 1.77461894677313491201e-11	 
 2.02000000000000001776e+00	 6.66787195174887050359e-12	 6.65933296720950531205e-12	 6.66817654714143222239e-12	 4.33213547991437441975e-10	 4.33518768021642539997e-10	 4.30828611336313445196e-10	 4.28997742210036376727e-10	 1.97591754947571920852e-10	 1.83368506697723136775e-10	 4.30884186570931525050e-10	 9.55064245074763837729e-12	 1.67393604938114621403e-11	 1.67367265361215805867e-11	 1.67394882786291430658e-11	 
 2.04000000000000003553e+00	 6.28812758213331641179e-12	 6.28004521802274380537e-12	 6.28844893271345730736e-12	 4.03305940062191092889e-10	 4.03643161373237667488e-10	 4.01153122424950634984e-10	 3.99679618869868905254e-10	 1.84127310075962270119e-10	 1.70802666822583965223e-10	 4.01140276663946601353e-10	 9.04157304051206263648e-12	 1.57846168886163360398e-11	 1.57821271484740079692e-11	 1.57847403402730481217e-11	 
 2.06000000000000005329e+00	 5.92811081406468032193e-12	 5.92045809326174160671e-12	 5.92844038999129912768e-12	 3.75305674478273650414e-10	 3.75664703547628364278e-10	 3.73375109490234840537e-10	 3.72218253948083012416e-10	 1.71527387738749730296e-10	 1.59046823382650640498e-10	 3.73321997449978749530e-10	 8.55967379399392213989e-12	 1.48794343881922498542e-11	 1.48770836464725104341e-11	 1.48795554297728861010e-11	 
 2.08000000000000007105e+00	 5.58777154419526794273e-12	 5.58053472522898135782e-12	 5.58810222158190882446e-12	 3.49196782451363363836e-10	 3.49567641174111169100e-10	 3.47475829002386533520e-10	 3.46603040138047003684e-10	 1.59780956590784050636e-10	 1.48090247144979839011e-10	 3.47394451084703287516e-10	 8.10431498289350697891e-12	 1.40237979100207281504e-11	 1.40215814844286373562e-11	 1.40239161304293260358e-11	 
 2.10000000000000053291e+00	 5.26515841356250344573e-12	 5.25833842682321137384e-12	 5.26548265850900401440e-12	 3.24764592031308772822e-10	 3.25136488503759316190e-10	 3.23243470072925961522e-10	 3.22634347866049322534e-10	 1.48795536411126265313e-10	 1.37844883277793558236e-10	 3.23135041358210417385e-10	 7.67344922195221682430e-12	 1.32128682553284166173e-11	 1.32107834540592066481e-11	 1.32129813631827621550e-11	 
 2.12000000000000010658e+00	 4.95944988145899999401e-12	 4.95304778253163105118e-12	 4.95976067811873894342e-12	 3.01914121934718268601e-10	 3.02276429673761810853e-10	 3.00579305085337810360e-10	 3.00216476129878296563e-10	 1.38526152707340637570e-10	 1.28268700403667356475e-10	 3.00441826515165764792e-10	 7.26584752425587426707e-12	 1.24445826980187523999e-11	 1.24426264321421062368e-11	 1.24446885398208704060e-11	 
 2.14000000000000012434e+00	 4.67076651158183063577e-12	 4.66477098366454837183e-12	 4.67105821339845210628e-12	 2.80646552511005487960e-10	 2.80989472603656955524e-10	 2.79473399928460680721e-10	 2.79335296435243788342e-10	 1.28964836497103533387e-10	 1.19355683877796968262e-10	 2.79307085523476526921e-10	 6.88090475773391194812e-12	 1.17191952323864878588e-11	 1.17173617678192102466e-11	 1.17192935649047754734e-11	 
 2.15999999999999969802e+00	 4.39735749448499008391e-12	 4.39175547238463026722e-12	 4.39762314171946990311e-12	 2.60780042922642646396e-10	 2.61091140623739973011e-10	 2.59736180952580900632e-10	 2.59806465186651573796e-10	 1.20030172619333124536e-10	 1.11029484718342361596e-10	 2.59540525303579810574e-10	 6.51680876927254577793e-12	 1.10322736944146861869e-11	 1.10305568312860382886e-11	 1.10323654094845627064e-11	 
 2.18000000000000015987e+00	 4.13851024209959559232e-12	 4.13328373372102180777e-12	 4.13874154552173491821e-12	 2.42230943312105773815e-10	 2.42500289015989964969e-10	 2.41286407674723627425e-10	 2.41548455413316097932e-10	 1.11684403907239466960e-10	 1.03254932964169072203e-10	 2.41060656185178451660e-10	 6.17258288523636692825e-12	 1.03820007966938322435e-11	 1.03803934287253895580e-11	 1.03820863255902391492e-11	 
 2.20000000000000017764e+00	 3.89436577828286303908e-12	 3.88948682134188098727e-12	 3.89455234413632014484e-12	 2.24990929156085469167e-10	 2.25216296714127233534e-10	 2.24127205434943755382e-10	 2.24558900929535046020e-10	 1.03923072408479329448e-10	 9.60283972802938879546e-11	 2.23870618655104484674e-10	 5.84791701173578394584e-12	 9.76870004469631965417e-12	 9.76719327894504403946e-12	 9.76877779545091804507e-12	 
 2.21999999999999975131e+00	 3.66327034551218106434e-12	 3.65870499177582765273e-12	 3.66339406924971476220e-12	 2.08889171825302093425e-10	 2.09070460438963078507e-10	 2.08093270899354799159e-10	 2.08675594422971671489e-10	 9.66753752410280049418e-11	 8.92832605747456097535e-11	 2.07801657412946594163e-10	 5.54155404643290060260e-12	 9.18817660192194141927e-12	 9.18676014531993165809e-12	 9.18824257281447280883e-12	 
 2.24000000000000021316e+00	 3.44460998225498283309e-12	 3.44032331188905595088e-12	 3.44465878151438749127e-12	 1.93856076243413714863e-10	 1.93995104617125895962e-10	 1.93117972200746827937e-10	 1.93834131290689081854e-10	 8.99102182342216053035e-11	 8.29902352676920500229e-11	 1.92789994701336324024e-10	 5.25256946887017544882e-12	 8.63887140831001630013e-12	 8.63753560027221941720e-12	 8.63892242639618342866e-12	 
 2.25999999999999978684e+00	 3.23861575499846559656e-12	 3.23457485291338301991e-12	 3.23859770981753106968e-12	 1.79899017284911132108e-10	 1.80000266721780157561e-10	 1.79210564057900662153e-10	 1.80045869508518252446e-10	 8.36263040212767513287e-11	 7.71480127586802246656e-11	 1.78854390399433467957e-10	 4.98024251245345334753e-12	 8.12136008577351299821e-12	 8.12009769313854327005e-12	 8.12139686193595320894e-12	 
 2.27999999999999980460e+00	 3.04378009299965795866e-12	 3.03994793706986265596e-12	 3.04371640264818825873e-12	 1.66871986287408437785e-10	 1.66940540471282298244e-10	 1.66225081206120252671e-10	 1.67174380101293563097e-10	 7.77628856793866914485e-11	 7.16991157768500923570e-11	 1.65854845273886454094e-10	 4.72333182256443057501e-12	 7.63180283955716211201e-12	 7.63060765178049717373e-12	 7.63182828854538789583e-12	 
 2.30000000000000026645e+00	 2.85955776455105320256e-12	 2.85590435658049406514e-12	 2.85946883868279261363e-12	 1.54718490047168789230e-10	 1.54759727239642386667e-10	 1.54107019979250339341e-10	 1.55164313577288534196e-10	 7.22942631544561031097e-11	 6.66194167588064679535e-11	 1.53735713652241196939e-10	 4.48100991359410838075e-12	 7.16885573123822839751e-12	 7.16772285853700243735e-12	 7.16887313697790577194e-12	 
 2.32000000000000028422e+00	 2.68616411333406976662e-12	 2.68267867716465015447e-12	 2.68605808346049182577e-12	 1.43449068057348830547e-10	 1.43468722873248002626e-10	 1.42871421641512020290e-10	 1.44020534672727117621e-10	 6.72204088987323345066e-11	 6.19092539920635429718e-11	 1.42504730269200995527e-10	 4.25269713132272646656e-12	 6.73316326076063609548e-12	 6.73208995554391170140e-12	 6.73317502455624723561e-12	 
 2.33999999999999985789e+00	 2.52213142779509891901e-12	 2.51881592818178822795e-12	 2.52200945945827328327e-12	 1.32933381767654608486e-10	 1.32937798309395990523e-10	 1.32391331388743629976e-10	 1.33616187272909168539e-10	 6.24888512111041158943e-11	 5.75194119804227370959e-11	 1.32031102644100144201e-10	 4.03750540647854883478e-12	 6.32108423550769670453e-12	 6.32006985387314847785e-12	 6.32109276861178234177e-12	 
 2.36000000000000031974e+00	 2.36701161669408454616e-12	 2.36387052477253381722e-12	 2.36687647521146752476e-12	 1.23125814721352979155e-10	 1.23121018582253638434e-10	 1.22621886164333130853e-10	 1.23905746532077597656e-10	 5.80786195068322364839e-11	 5.34301778727191884217e-11	 1.22268144797368114875e-10	 3.83472478171687618194e-12	 5.93150385339951412602e-12	 5.93054790621799624030e-12	 5.93151135740378832537e-12	 
 2.38000000000000033751e+00	 2.22116227443716932685e-12	 2.21819583179951388885e-12	 2.22102650399044759044e-12	 1.14043661334286977188e-10	 1.14034622300017670032e-10	 1.13579517974909560169e-10	 1.14903370594543773790e-10	 5.39913957538244036370e-11	 4.96430290949490249988e-11	 1.13231069132123952866e-10	 3.64369618361156826714e-12	 5.56531266787454359164e-12	 5.56441331517092500993e-12	 5.56532091093183568040e-12	 
 2.39999999999999991118e+00	 2.08326048238537468522e-12	 2.08047253440377266626e-12	 2.08314951090528967043e-12	 1.05573311274720777818e-10	 1.05566150798365159643e-10	 1.05153108728236089409e-10	 1.06498321804023304272e-10	 5.01829297451388093556e-11	 4.61164161265903675068e-11	 1.04806186457027867161e-10	 3.46373464099420808537e-12	 5.21920227971142600604e-12	 5.21835810183359658696e-12	 5.21921373054965576634e-12	 
 2.41999999999999948486e+00	 1.95294100123563913600e-12	 1.95033268484588373691e-12	 1.95287437101888274506e-12	 9.76789828606454573357e-11	 9.76785036215247851635e-11	 9.73050856135874929226e-11	 9.86550928300669516417e-11	 4.66359308994065238565e-11	 4.28342374107630923412e-11	 9.69568394791991298506e-11	 3.29424143053087159658e-12	 4.89222498119722864057e-12	 4.89143415367421133761e-12	 4.89224131520979735319e-12	 
 2.44000000000000039080e+00	 1.83059497778524013150e-12	 1.82815793184801237926e-12	 1.83056787532517682508e-12	 9.03827275331067439289e-11	 9.03897167744835222822e-11	 9.00511401794498811429e-11	 9.13934963218923423929e-11	 4.33518430990609546792e-11	 3.97981771182332048907e-11	 8.97029800393088755223e-11	 3.13459854031351384933e-12	 4.58527990269270995029e-12	 4.58453921440797904325e-12	 4.58530032019965365554e-12	 
 2.45999999999999996447e+00	 1.71499722345576131003e-12	 1.71272069819695063302e-12	 1.71498930239764131373e-12	 8.35880555390134673009e-11	 8.36020530015832011814e-11	 8.32919892442554313510e-11	 8.46168999261659698511e-11	 4.02926661658488839403e-11	 3.69735033925649604406e-11	 8.29469306038437538106e-11	 2.98442495761801027358e-12	 4.29522256236434986525e-12	 4.29452851974368628566e-12	 4.29524460488779773113e-12	 
 2.47999999999999953815e+00	 1.60583920121811139458e-12	 1.60371206509077998244e-12	 1.60583213860155098582e-12	 7.72652203396186995607e-11	 7.72848678232782736378e-11	 7.69979300940919752763e-11	 7.82974254891055730608e-11	 3.74444937448831833782e-11	 3.43470199118774911970e-11	 7.66592160148382726800e-11	 2.84318911239227670664e-12	 4.02127868462754308210e-12	 4.02062780069821631560e-12	 4.02130016706120065390e-12	 
 2.50000000000000044409e+00	 1.50352745608175023351e-12	 1.50153912191232317240e-12	 1.50351977038774461564e-12	 7.14326514478256747725e-11	 7.14552328377630364452e-11	 7.11894557453703858669e-11	 7.24576941367008384876e-11	 3.48098593095101601937e-11	 3.19200344921285769818e-11	 7.08597828185405478269e-11	 2.71013996509560751976e-12	 3.76452249865114875283e-12	 3.76391140190058747218e-12	 3.76454316958520446998e-12	 
 2.52000000000000001776e+00	 1.40692692057615385735e-12	 1.40506848294053030470e-12	 1.40692762546078159241e-12	 6.60052009607798925106e-11	 6.60260178640546813039e-11	 6.57819135554601214624e-11	 6.70145817952535972746e-11	 3.23574278046553984656e-11	 2.96638121757479379231e-11	 6.54644081974133976553e-11	 2.58505774246916898600e-12	 3.52210586958696426711e-12	 3.52153122874847531276e-12	 3.52212663948379290719e-12	 
 2.54000000000000003553e+00	 1.31577776018570272699e-12	 1.31403901068023734541e-12	 1.31579443333100479264e-12	 6.09579089990847280226e-11	 6.09734118231074542152e-11	 6.07513575188518422989e-11	 6.19450608387288760350e-11	 3.00757999315975141084e-11	 2.75675103062437358733e-11	 6.04486329149555461801e-11	 2.46745142020878447038e-12	 3.29337359454602440421e-12	 3.29283232199798944119e-12	 3.29339530735826449978e-12	 
 2.56000000000000049738e+00	 1.23049372356978479869e-12	 1.22885922810785471789e-12	 1.23052223866029627244e-12	 5.63076302868721551948e-11	 5.63186818213676463048e-11	 5.61167766624730059722e-11	 5.72691114079461204366e-11	 2.79665683931522639959e-11	 2.56317375898970270566e-11	 5.58299086104747318324e-11	 2.35648419012318850608e-12	 3.07935551943034469972e-12	 3.07884500668277307866e-12	 3.07937796808553969790e-12	 
 2.58000000000000007105e+00	 1.15002582956452288447e-12	 1.14847144447072561603e-12	 1.15005304650898992002e-12	 5.19779873593918612068e-11	 5.19882346760411772227e-11	 5.18036919007129134181e-11	 5.29129770214502094086e-11	 2.60029889997029556058e-11	 2.38327385000683046291e-11	 5.15340010780995222384e-11	 2.25198905597979672757e-12	 2.87736311350816509432e-12	 2.87688081985420940148e-12	 2.87738546525816380428e-12	 
 2.60000000000000008882e+00	 1.07414510403840967044e-12	 1.07265216168947014826e-12	 1.07416116106445834294e-12	 4.79503668639016328988e-11	 4.79629831650781324146e-11	 4.77929060396900785080e-11	 4.88576998907560434551e-11	 2.41759307242760489177e-11	 2.21617846900370913626e-11	 4.75413663164984292196e-11	 2.15356083281609184427e-12	 2.68684624407401292580e-12	 2.68639016027426449333e-12	 2.68686788972377353005e-12	 
 2.62000000000000055067e+00	 1.00323286612630163817e-12	 1.00180344004978181248e-12	 1.00324330944502627769e-12	 4.42470138859237713158e-11	 4.42619042318557899093e-11	 4.41036204499972624861e-11	 4.51224294938701830509e-11	 2.24874271782234679382e-11	 2.06193534522678309168e-11	 4.38701477408158935700e-11	 2.06048047900877371531e-12	 2.50887039440393879785e-12	 2.50843982500286046017e-12	 2.50889178849692030335e-12	 
 2.64000000000000012434e+00	 9.36254350662244979728e-13	 9.34907263132434040484e-13	 9.36278612625704121156e-13	 4.08055633607483254774e-11	 4.08210598438834101884e-11	 4.06708526246239983660e-11	 4.16410145705582076377e-11	 2.09151867512144101960e-11	 1.91862762043228260287e-11	 4.04560668696266221303e-11	 1.97269673650172063224e-12	 2.34091026634323311089e-12	 2.34050629833477998459e-12	 2.34093304194268886150e-12	 
 2.66000000000000014211e+00	 8.73040407917267460149e-13	 8.71791796296096549082e-13	 8.73094430347166088756e-13	 3.76104182045571534452e-11	 3.76248722298830530192e-11	 3.74799866076206677395e-11	 3.83994455598165168242e-11	 1.94519505301733350030e-11	 1.78555153081965903947e-11	 3.72839556829696938802e-11	 1.88985925947383784798e-12	 2.18252366301868744797e-12	 2.18214703480407969851e-12	 2.18254911549459184545e-12	 
 2.67999999999999971578e+00	 8.14076213649938202992e-13	 8.12923017879701042359e-13	 8.14156520596647543558e-13	 3.46775990549135290137e-11	 3.46905013755963273929e-11	 3.45515374619792039386e-11	 3.54206425533887746650e-11	 1.80996814364372456783e-11	 1.66269955755824030116e-11	 3.43722475359367018173e-11	 1.81124688583583438471e-12	 2.03483211829818645256e-12	 2.03448130027632232295e-12	 2.03485977295800686079e-12	 
 2.70000000000000017764e+00	 7.58437512495409132809e-13	 7.57371186686097910064e-13	 7.58530686152199253866e-13	 3.19506706068943076160e-11	 3.19615524291853713777e-11	 3.18316412257612272580e-11	 3.26502300344984224048e-11	 1.68393149141719808940e-11	 1.54849661763999218186e-11	 3.16658741701581688032e-11	 1.73670698822885563222e-12	 1.89547525708845600241e-12	 1.89514815710752538149e-12	 1.89550370184671531776e-12	 
 2.72000000000000019540e+00	 7.05988778340648878844e-13	 7.05000140299342370780e-13	 7.06082898163713681629e-13	 2.94176116958482590023e-11	 2.94264045716124418640e-11	 2.93078424748613271550e-11	 3.00761350252923262292e-11	 1.56651888618664446447e-11	 1.44238343448251213640e-11	 2.91530735155346888865e-11	 1.66596092601530849505e-12	 1.76410402189309470205e-12	 1.76379856132183731857e-12	 1.76413199599539471396e-12	 
 2.73999999999999976907e+00	 6.57189445668763501666e-13	 6.56270923448516453920e-13	 6.57283556137737025777e-13	 2.70962909786442968679e-11	 2.71040796363106778086e-11	 2.69949838515851251884e-11	 2.77146560843739119322e-11	 1.45797333013204427929e-11	 1.34435128725917932773e-11	 2.68514714233306995443e-11	 1.59849115307204827011e-12	 1.64187416396782627186e-12	 1.64158859468427533070e-12	 1.64190145894623048079e-12	 
 2.76000000000000023093e+00	 6.11175769066629438756e-13	 6.10320270105393011318e-13	 6.11275658509088629240e-13	 2.49389412888414558173e-11	 2.49484366694923519514e-11	 2.48436370045769527309e-11	 2.55150662656911474006e-11	 1.35663566988968141743e-11	 1.25307844374819718490e-11	 2.47147363987599351995e-11	 1.53400971023325661025e-12	 1.52658846367248932206e-12	 1.52632128318867470819e-12	 1.52661540994345310504e-12	 
 2.77999999999999980460e+00	 5.67834624216126572705e-13	 5.67035737758869301166e-13	 5.67944858124083274167e-13	 2.29364005052585036541e-11	 2.29497251079400309629e-11	 2.28448160612792524052e-11	 2.34685484926175387883e-11	 1.26207553251737028403e-11	 1.16813492851379446576e-11	 2.27331860726119038705e-11	 1.47231907988528245369e-12	 1.41797051158324917513e-12	 1.41772032403186963581e-12	 1.41799733497822004022e-12	 
 2.79999999999999982236e+00	 5.27608506092218990335e-13	 5.26861116968021505770e-13	 5.27725320875691240048e-13	 2.11054070223359316857e-11	 2.11218572147093939997e-11	 2.10168256575440876554e-11	 2.15948441197700637977e-11	 1.17460709459272486173e-11	 1.08956642784869617849e-11	 2.09209586917366415817e-11	 1.41316363217419246440e-12	 1.31717245234782648747e-12	 1.31693791835358525376e-12	 1.31719867716594327669e-12	 
 2.82000000000000028422e+00	 4.89684677159730675953e-13	 4.88983742286235892727e-13	 4.89797803876871065550e-13	 1.94058214606290194778e-11	 1.94233611584809721573e-11	 1.93193178082768803417e-11	 1.98513248904945382784e-11	 1.09273051641286776801e-11	 1.01622732541052367280e-11	 1.92367934223591217126e-11	 1.35602900941439686201e-12	 1.22214848628011592977e-12	 1.22192825865892142587e-12	 1.22217277819464303358e-12	 
 2.83999999999999985789e+00	 4.53975088146837610725e-13	 4.53316058352086440312e-13	 4.54075750229182081633e-13	 1.78302568808866229666e-11	 1.78470156229327758058e-11	 1.77450838571290988761e-11	 1.82311496869586988862e-11	 1.01613280610359363331e-11	 9.47798005614374788478e-12	 1.76736832278303645868e-11	 1.30080289899233622017e-12	 1.13268029053480665982e-12	 1.13247312431378936801e-12	 1.13270149109545832946e-12	 
 2.85999999999999987566e+00	 4.20924819373986999572e-13	 4.20304331554498151117e-13	 4.21012869047534534260e-13	 1.63926096039744559590e-11	 1.64080207597046907738e-11	 1.63086776191815127952e-11	 1.67516156973815137320e-11	 9.45242655932000750970e-12	 8.84411729690322535450e-12	 1.62472948339890689438e-11	 1.24757708257175116639e-12	 1.04989800842948486113e-12	 1.04970289829605773687e-12	 1.04991602539468769541e-12	 
 2.87999999999999989342e+00	 3.89780239695787556271e-13	 3.89194795030353228930e-13	 3.89857768809594456671e-13	 1.50584169850877735616e-11	 1.50717390451709712962e-11	 1.49750003026357226475e-11	 1.53754818649051004309e-11	 8.78655110703951439902e-12	 8.25018850496919014062e-12	 1.49240974472826797129e-11	 1.19555476558403387447e-12	 9.71899774918825834229e-13	 9.71715648315671588969e-13	 9.71914298518892828468e-13	 
 2.90000000000000035527e+00	 3.60474247960976876541e-13	 3.59920754474414231824e-13	 3.60543009073581238257e-13	 1.38219314414335728627e-11	 1.38326646608213488412e-11	 1.37384271817918831157e-11	 1.40974203422533668510e-11	 8.16161860599470685559e-12	 7.69395362300581619689e-12	 1.36983991557006462437e-11	 1.14471240553722239614e-12	 8.98517971644698289180e-13	 8.98343877580966990811e-13	 8.98528773901440036951e-13	 
 2.91999999999999992895e+00	 3.33443698419109070178e-13	 3.32920279510872724599e-13	 3.33502882128036407520e-13	 1.26956772656819480510e-11	 1.27042139105083989790e-11	 1.26122792852624457932e-11	 1.29332814967668095362e-11	 7.58349185782622627405e-12	 7.17804728288390460014e-12	 1.25822669030002084070e-11	 1.09555400860507771803e-12	 8.30859553515868689190e-13	 8.30694920888780971175e-13	 8.30866804434290842051e-13	 
 2.93999999999999994671e+00	 3.07999324050491435582e-13	 3.07504437707231098399e-13	 3.08043027433672594178e-13	 1.16501304393119015780e-11	 1.16572482575272010309e-11	 1.15662903149921245017e-11	 1.18506943504705090070e-11	 7.03917671943285115180e-12	 6.69242694102057665156e-12	 1.15467210502432287615e-11	 1.04698236288602980186e-12	 7.67190747152124702930e-13	 7.67035146331218267578e-13	 7.67193966099169121432e-13	 
 2.96000000000000040856e+00	 2.84088246657536521099e-13	 2.83620313456728522518e-13	 2.84111650847708799230e-13	 1.06810713636895630920e-11	 1.06874270364083644720e-11	 1.05963307507842164700e-11	 1.08456672373083350141e-11	 6.52730410221742667212e-12	 6.23566613381491725429e-12	 1.05874354814076942153e-11	 9.99067589022195619284e-13	 7.07377520178076479384e-13	 7.07230553437198605096e-13	 7.07376424915273478282e-13	 
 2.97999999999999998224e+00	 2.62120608663202496307e-13	 2.61677547836463165696e-13	 2.62125636859951149617e-13	 9.80046734659939045278e-12	 9.80609597025717304255e-12	 9.71513729740873939645e-12	 9.93297094448033926246e-12	 6.05455260737577138218e-12	 5.81191881219332951205e-12	 9.71561577056169915236e-12	 9.52782996042011875399e-13	 6.52448447370982446858e-13	 6.52309707619176679946e-13	 6.52443873569440315198e-13	 
 3.00000000000000000000e+00	 2.41470777997569681156e-13	 2.41048665093105604521e-13	 2.41458837573351137935e-13	 8.98407305579164384845e-12	 8.98853221057077563900e-12	 8.89734333799316730261e-12	 9.08503572299755788729e-12	 5.60885363033414723337e-12	 5.41158097415997991964e-12	 8.90700122217430237159e-12	 9.06862125761430305636e-13	 6.00827344190520383797e-13	 6.00696519036592803237e-13	 6.00820625576281158403e-13	 
 3.02000000000000046185e+00	 2.22096187056144928384e-13	 2.21691852555357705960e-13	 2.22069188496490097523e-13	 8.22851241679590820996e-12	 8.23145102480985692048e-12	 8.13978860921090935737e-12	 8.29881405886655885321e-12	 5.18929578790998886297e-12	 5.03379270647011430385e-12	 8.15831816121082171447e-12	 8.61431005365235490927e-13	 5.52407820557429239360e-13	 5.52284608712596835672e-13	 5.52400146507863814505e-13	 
 3.04000000000000003553e+00	 2.04372383998400055281e-13	 2.03986391292677692104e-13	 2.04334753639386147470e-13	 7.54328999924753692079e-12	 7.54497089706971512801e-12	 7.45345977527986361574e-12	 7.58730888956848878797e-12	 4.80287069815298900746e-12	 4.68372915115150669046e-12	 7.47936812838330360155e-12	 8.17762782805238018673e-13	 5.08138804736299476147e-13	 5.08022863529147004632e-13	 5.08130645039333190865e-13	 
 3.06000000000000005329e+00	 1.87735495146610468455e-13	 1.87371446542574358343e-13	 1.87695238824049058928e-13	 6.90756618856709413066e-12	 6.90847521118304942805e-12	 6.81718706081956226520e-12	 6.92750911510972911053e-12	 4.43843015039992626295e-12	 4.35217676272462466096e-12	 6.84989105605308336537e-12	 7.74484365379886395211e-13	 4.66616887804750226102e-13	 4.66508071174242307875e-13	 4.66608779994328189021e-13	 
 3.08000000000000007105e+00	 1.72152548557939153641e-13	 1.71813281568826758397e-13	 1.72116368083642253098e-13	 6.31888217252270299059e-12	 6.31945544001886594551e-12	 6.22848771742644109033e-12	 6.31695733621619292246e-12	 4.09535852914338321773e-12	 4.03863999293759316609e-12	 6.26739815360955474518e-12	 7.31741939520941457443e-13	 4.27754899944192896054e-13	 4.27653014348749802577e-13	 4.27747268237501842368e-13	 
 3.10000000000000008882e+00	 1.57968075706495427546e-13	 1.57651866785347527780e-13	 1.57936104175612126456e-13	 5.78613058737031241816e-12	 5.78652592978559007529e-12	 5.69645167755749198634e-12	 5.76622335339928252719e-12	 3.78059476149243269422e-12	 3.74887527376872406323e-12	 5.74029909421639109492e-12	 6.90973068125276676563e-13	 3.92394954568743833962e-13	 3.92299475504656767013e-13	 3.92387783394447803710e-13	 
 3.12000000000000010658e+00	 1.44694945789657742538e-13	 1.44398350815408311104e-13	 1.44665667350107281394e-13	 5.29188877884750791678e-12	 5.29235256968826498131e-12	 5.20313690739139859021e-12	 5.25588663720737658978e-12	 3.48407469987719437870e-12	 3.47412106494249910553e-12	 5.25169246781637099941e-12	 6.50765116126048470321e-13	 3.59310029916175380598e-13	 3.59220143831283612036e-13	 3.59303106255336051672e-13	 
 3.13999999999999968026e+00	 1.32303578787829051158e-13	 1.32023449938024334968e-13	 1.32275530763274778382e-13	 4.83435609959789023945e-12	 4.83508707918316673832e-12	 4.74670546811813386112e-12	 4.78406110282865107923e-12	 3.20534554741510312078e-12	 3.21411368689911551724e-12	 4.79972493349820166778e-12	 6.11260028155090490720e-13	 3.28426431652321035519e-13	 3.28341116845046752958e-13	 3.28419580152952508981e-13	 
 3.16000000000000014211e+00	 1.21079905262205410299e-13	 1.20814953891616213002e-13	 1.21052622697422630788e-13	 4.42137987891289409593e-12	 4.42234964608816941440e-12	 4.33519668250522865511e-12	 4.35972680959906650583e-12	 2.95085553548255945545e-12	 2.97484952457050072430e-12	 4.39169757224107212156e-12	 5.73947165844100446802e-13	 3.00465586663547743349e-13	 3.00382912081904723396e-13	 3.00458888767847935103e-13	 
 3.18000000000000015987e+00	 1.10601822608122373958e-13	 1.10349881271375933275e-13	 1.10573889395471410972e-13	 4.03863379602688945508e-12	 4.03981802135766256004e-12	 3.95336698519617721403e-12	 3.96641977257664903343e-12	 2.71188530424573368725e-12	 2.74839301424666364318e-12	 4.01378091062676025163e-12	 5.37494764213502808783e-13	 2.74374945247586313185e-13	 2.74287197220268017970e-13	 2.74368677451168611411e-13	 
 3.19999999999999973355e+00	 1.00844362348109903105e-13	 1.00603716745440090463e-13	 1.00814781425114951055e-13	 3.68473707307453985754e-12	 3.68611005558103763621e-12	 3.59993122469060525918e-12	 3.60281516126942527857e-12	 2.48801538521739540037e-12	 2.53454272625724968577e-12	 3.66455939624354619660e-12	 5.02007574636613773301e-13	 2.50090517679814225489e-13	 2.49991813148936584029e-13	 2.50084925470358752748e-13	 
 3.22000000000000019540e+00	 9.20484181497000676819e-14	 9.18197116092341487266e-14	 9.20185272267715114910e-14	 3.36615357450759104784e-12	 3.36767647069999491552e-12	 3.28226030635392482970e-12	 3.27704930005166532132e-12	 2.28463100563880491434e-12	 2.33878214941749832786e-12	 3.35002456275050335403e-12	 4.68830808721725422701e-13	 2.28206900388430284896e-13	 2.28102203924437514973e-13	 2.28202019188860846782e-13	 
 3.24000000000000021316e+00	 8.38533527517773931460e-14	 8.36399984005810916856e-14	 8.38276133991941264927e-14	 3.07115466561059225686e-12	 3.07284545830308952337e-12	 2.98773190635076126433e-12	 2.97589278514369822310e-12	 2.09427096171477242060e-12	 2.15409479069308569029e-12	 3.05892613892878321999e-12	 4.36745707774309517550e-13	 2.07816619100017037346e-13	 2.07720273678695045985e-13	 2.07812804782997005595e-13	 
 3.25999999999999978684e+00	 7.62389932353666193217e-14	 7.60437145751728721896e-14	 7.62210861153602634152e-14	 2.79867083449391408520e-12	 2.80055370568291491669e-12	 2.71538646579774593100e-12	 2.69826214540280428493e-12	 1.91653722945870448464e-12	 1.98027634162284510555e-12	 2.79017052316599590094e-12	 4.05813941100476247243e-13	 1.88870573986889022842e-13	 1.88794476142006169290e-13	 1.88868105327803400526e-13	 
 3.28000000000000024869e+00	 6.94077160102455349414e-14	 6.92288509867838509862e-14	 6.93964422318288742367e-14	 2.55390388481890657007e-12	 2.55600829280692217012e-12	 2.47142037637022448193e-12	 2.45035610008157285440e-12	 1.75576337202417928760e-12	 1.82200687742566841434e-12	 2.54854083429319488722e-12	 3.77172532981996138791e-13	 1.71883536710411366736e-13	 1.71824590362965442196e-13	 1.71882187558739361781e-13	 
 3.29999999999999982236e+00	 6.30559908037097800909e-14	 6.28909414451236374395e-14	 6.30496115090560008418e-14	 2.32695036269606614268e-12	 2.32965763549076480235e-12	 2.24536033023455908409e-12	 2.22120811923997719273e-12	 1.60545741527072590427e-12	 1.67316958332141756048e-12	 2.32456608394743195792e-12	 3.49755051740015955399e-13	 1.56107748221604866557e-13	 1.56059066473005792496e-13	 1.56107300843821523186e-13	 
 3.31999999999999984013e+00	 5.71678100050518028688e-14	 5.70142419575771759831e-14	 5.71647412579227472586e-14	 2.11709380501109851245e-12	 2.12071270655638590652e-12	 2.03650563198505041884e-12	 2.01003948178856817808e-12	 1.46531843036017718103e-12	 1.53356657319582006812e-12	 2.11750672303544489305e-12	 3.23582293247060992104e-13	 1.41500496594089470987e-13	 1.41456033218145900929e-13	 1.41500745886808867881e-13	 
 3.34000000000000030198e+00	 5.19110941508822967866e-14	 5.17680953267866639174e-14	 5.19105127463539675243e-14	 1.92916691535589739122e-12	 1.93349928975468733601e-12	 1.85012091116547324614e-12	 1.82214641144485702849e-12	 1.33915732239799088944e-12	 1.40713105325284947279e-12	 1.93179935038245222339e-12	 2.99540896421553226485e-13	 1.28463813708593617739e-13	 1.28422695057147252696e-13	 1.28464570562422017508e-13	 
 3.36000000000000031974e+00	 4.70365413183582592289e-14	 4.69035456617366960940e-14	 4.70377211238871034811e-14	 1.75538772016578843353e-12	 1.76025185635924858501e-12	 1.67780929881642581000e-12	 1.64874444086493522666e-12	 1.22170527720090420482e-12	 1.28874047574102184666e-12	 1.75981197897127905536e-12	 2.76692790692192623095e-13	 1.16373145851760908386e-13	 1.16335022890149547007e-13	 1.16374160519326037470e-13	 
 3.37999999999999989342e+00	 4.25309054391604791624e-14	 4.24073788541951649020e-14	 4.25332018117943042087e-14	 1.59516297832770432812e-12	 1.60038844608964494064e-12	 1.51900250556713546720e-12	 1.48923845149188822814e-12	 1.11267244352603089381e-12	 1.17818276646333060258e-12	 1.60099260380897659989e-12	 2.55036603012226363270e-13	 1.05196038816316018800e-13	 1.05160637612169374287e-13	 1.05197096806242844485e-13	 
 3.39999999999999991118e+00	 3.85268482317064974264e-14	 3.84121632471408122805e-14	 3.85298677624599643946e-14	 1.45204338022395926479e-12	 1.45747156430415719377e-12	 1.37771619468027257468e-12	 1.34779797865214640848e-12	 1.01490305946428390454e-12	 1.07850902803650011606e-12	 1.45895438086167653046e-12	 2.35275829221564518102e-13	 9.52667521862680064728e-14	 9.52338980697036679045e-14	 9.52678179814306141773e-14	 
 3.42000000000000037303e+00	 3.48192561570405078550e-14	 3.47131651972799406106e-14	 3.48223184141827244113e-14	 1.31966829301835329018e-12	 1.32509483100804939136e-12	 1.24691677055876314478e-12	 1.21735843272656977679e-12	 9.23982543554781862677e-13	 9.85358741729529398807e-13	 1.32771010133531736128e-12	 2.16596476667401200113e-13	 8.60760796809205910929e-14	 8.60457930913891983654e-14	 8.60771413580541590445e-14	 
 3.43999999999999994671e+00	 3.13980944416439985099e-14	 3.13003364407963826527e-14	 3.14006467311487196787e-14	 1.19761718805277646218e-12	 1.20286195298043726591e-12	 1.12623228915693167084e-12	 1.09748853232692489959e-12	 8.39688107887865622982e-13	 8.98556907099738744163e-13	 1.20680718060821343630e-12	 1.98986942429511262191e-13	 7.75987840185093368524e-14	 7.75710608681395356138e-14	 7.75998329514196140240e-14	 
 3.45999999999999996447e+00	 2.83716621546513688606e-14	 2.82816692122153498467e-14	 2.83739321504717612623e-14	 1.08890801584173709006e-12	 1.09391019202868626070e-12	 1.01927091944106546086e-12	 9.91583158997811303121e-13	 7.64386387556900950669e-13	 8.20644407110683390300e-13	 1.09888393418883388324e-12	 1.83010982444935960279e-13	 7.01024762114708972731e-14	 7.00770727413129387779e-14	 7.01035099860017057327e-14	 
 3.48000000000000042633e+00	 2.55736089997841096938e-14	 2.54917009802895942637e-14	 2.55768090768706614995e-14	 9.88656797386177442623e-13	 9.93195276214937425612e-13	 9.20350359822856219380e-13	 8.94159198649524900039e-13	 6.94459358948133187602e-13	 7.48025528308696738178e-13	 9.99017078394600242459e-13	 1.67972601917932428381e-13	 6.31751286601860750876e-14	 6.31518337040270487706e-14	 6.31761934802480172164e-14	 
 3.50000000000000000000e+00	 2.29963925602152415574e-14	 2.29227461586767926143e-14	 2.30015147324160538078e-14	 8.96509227213511227492e-13	 9.00401914407142726843e-13	 8.29199179171384152397e-13	 8.04873962767850258736e-13	 6.29734270920000116945e-13	 6.80548068775750499052e-13	 9.06901662498301768919e-13	 1.53856066817549973118e-13	 5.67975679759465936863e-14	 5.67761808552865830885e-14	 5.67986986052994878964e-14	 
 3.52000000000000001776e+00	 2.07271733703593700243e-14	 2.06606720778861077154e-14	 2.07335791270981259702e-14	 8.14562109245140237637e-13	 8.17904403069989859671e-13	 7.48757217338732275613e-13	 7.26223453083165869168e-13	 5.72126637444835660517e-13	 6.20218545181304807994e-13	 8.24870778727198030639e-13	 1.41111694427823858117e-13	 5.11833121766262906319e-14	 5.11636317963803424514e-14	 5.11844537559562443731e-14	 
 3.54000000000000047962e+00	 1.86325250556223157692e-14	 1.85713852777831240352e-14	 1.86386369835640885876e-14	 7.38731559528952140520e-13	 7.41652648514202361369e-13	 6.74492262911249199520e-13	 6.53866195302833431852e-13	 5.18663800124738377688e-13	 5.64029359717836177260e-13	 7.49038981720849162620e-13	 1.29133216246049000681e-13	 4.59989069144456374694e-14	 4.59806447515670713743e-14	 4.59998504742534336018e-14	 
 3.56000000000000005329e+00	 1.67068042906155813407e-14	 1.66494595991059869340e-14	 1.67112740204268052507e-14	 6.68802693053545809583e-13	 6.71418250358796537916e-13	 6.06197141727781245995e-13	 5.87561734092506980303e-13	 4.69219641600514521925e-13	 5.11867978307364813037e-13	 6.79176127316783983656e-13	 1.17908425720591695035e-13	 4.12307903025999825236e-14	 4.12136907974272784755e-14	 4.12313606701517525660e-14	 
 3.58000000000000007105e+00	 1.50192507634923167214e-14	 1.49654809324167158077e-14	 1.50223313822039119451e-14	 6.06780179808615032188e-13	 6.09131993503781279865e-13	 5.46176040998500862186e-13	 5.29326721476958965792e-13	 4.25383057937697904517e-13	 4.65423684932052683086e-13	 6.17109463732726078017e-13	 1.07828334906603762630e-13	 3.70541066339782992411e-14	 3.70381098233170609965e-14	 3.70543802424975564832e-14	 
 3.60000000000000053291e+00	 1.34638314783429549119e-14	 1.34133289712333477039e-14	 1.34655699164786566875e-14	 5.49428990253206180307e-13	 5.51536328123768509973e-13	 4.90815146606492294363e-13	 4.75724996038251348500e-13	 3.84737169451347847808e-13	 4.22229329130221419781e-13	 5.59775718733958851706e-13	 9.83968049818300122209e-14	 3.32054017088320259869e-14	 3.31904419648820118848e-14	 3.32054472202090991433e-14	 
 3.62000000000000010658e+00	 1.20363804879049132979e-14	 1.19888659944349872824e-14	 1.20368447539179219620e-14	 4.96591432768466240233e-13	 4.98474494967948897237e-13	 4.39965916324491681098e-13	 4.26594628971872396974e-13	 3.47189224404297748219e-13	 3.82197869480636668334e-13	 5.07001689374819121196e-13	 8.95997904706352913387e-14	 2.96742909457083318839e-14	 2.96603066142911161587e-14	 2.96741715499218803567e-14	 
 3.63999999999999968026e+00	 1.07914945482079964763e-14	 1.07468596524403101719e-14	 1.07910304526743296443e-14	 4.49869143303836216913e-13	 4.51572289165468761433e-13	 3.95482108961150748455e-13	 3.83601959331676285570e-13	 3.14037287681120082919e-13	 3.46702367631167318611e-13	 4.60210057289365916809e-13	 8.17346363070825422037e-14	 2.65961296769706141753e-14	 2.65830754428464188805e-14	 2.65958932846378009787e-14	 
 3.65999999999999969802e+00	 9.64529890735190690804e-15	 9.60309780408927092028e-15	 9.64437921648140986453e-15	 4.06714155036507529611e-13	 4.08386283495095221774e-13	 3.54604448745307736134e-13	 3.44118659952333834098e-13	 2.83340259636828847100e-13	 3.13717790510127601748e-13	 4.16915922421066758105e-13	 7.43772506826930485354e-14	 2.37616132967546335076e-14	 2.37494255862548961146e-14	 2.37613096084552277491e-14	 
 3.68000000000000015987e+00	 8.59482090316750307167e-15	 8.55466672170740070971e-15	 8.59385552729818728951e-15	 3.67007865529898764301e-13	 3.68776553741378297658e-13	 3.17209473342077332468e-13	 3.08018881743975858150e-13	 2.55028064534770822075e-13	 2.83180488471893235092e-13	 3.77005839704794888152e-13	 6.75179273362160518472e-14	 2.11635239251811513370e-14	 2.11521436429822341551e-14	 2.11631964774534720641e-14	 
 3.70000000000000017764e+00	 7.68335832537590857285e-15	 7.64535488615044652691e-15	 7.68234611935552962550e-15	 3.32001379086007456593e-13	 3.33825675618300321752e-13	 2.84627948659291080388e-13	 2.76524352527800291755e-13	 2.30135072606966186200e-13	 2.56224415977757561029e-13	 3.41718513812403610358e-13	 6.14150052229590662561e-14	 1.89107357754917025970e-14	 1.89001300876214870422e-14	 1.89103935049462495488e-14	 
 3.71999999999999975131e+00	 6.84484212458617049411e-15	 6.80923359795015258249e-15	 6.84342238466343391859e-15	 2.99715492202964079057e-13	 3.01558425286355225234e-13	 2.54820728025760929513e-13	 2.47546039168618857308e-13	 2.07102447752413351361e-13	 2.31208424349584139107e-13	 3.09110251933556366561e-13	 5.57175080448438666664e-14	 1.68396338214511541678e-14	 1.68297849962395223439e-14	 1.68392494958701933844e-14	 
 3.74000000000000021316e+00	 6.07721339778445986888e-15	 6.04419972434261295217e-15	 6.07508552508113502772e-15	 2.70058798539803041974e-13	 2.71887121255207229059e-13	 2.27682815289971762988e-13	 2.21005212362303556402e-13	 1.85879885473492693482e-13	 2.08084582632616189544e-13	 2.79094386689189357986e-13	 5.04175152454144893479e-14	 1.49449736690382046947e-14	 1.49358622625786230803e-14	 1.49445252552542663928e-14	 
 3.76000000000000023093e+00	 5.41497077731977601744e-15	 5.38440665416528820473e-15	 5.41238102016698017505e-15	 2.43977605344456159413e-13	 2.45774776882496619943e-13	 2.04099503381861970875e-13	 1.97941846870161991607e-13	 1.67305367268303284960e-13	 1.87768363556032902730e-13	 2.52626475981235468657e-13	 4.57258409942303113152e-14	 1.33113262163356874398e-14	 1.33029080734200727332e-14	 1.33108429870431523258e-14	 
 3.77999999999999980460e+00	 4.80700115315163421516e-15	 4.77875243506120865785e-15	 4.80438641770462599342e-15	 2.19890725391473473329e-13	 2.21688589492446642554e-13	 1.82569265924718907328e-13	 1.76710402497064817861e-13	 1.50148148951910857636e-13	 1.68938257012301776777e-13	 2.28172513623035978351e-13	 4.13550476707520149647e-14	 1.18117221495715883566e-14	 1.18039932049391825283e-14	 1.18112721979587249163e-14	 
 3.80000000000000026645e+00	 4.25177898616379231524e-15	 4.22571616010401867035e-15	 4.24952041197735913960e-15	 1.97738420450918603792e-13	 1.99563378043479079857e-13	 1.63012469348317463569e-13	 1.57258998442166023434e-13	 1.34369886731260775779e-13	 1.51558577748599953732e-13	 2.05669994357382272593e-13	 3.72986691653041390583e-14	 1.04424120555672490088e-14	 1.04353641875069116656e-14	 1.04420542358628791020e-14	 
 3.82000000000000028422e+00	 3.77558876241970195609e-15	 3.75157648464093019342e-15	 3.77364395559721306372e-15	 1.78322963936147844420e-13	 1.80143298737913543957e-13	 1.46047435491507481011e-13	 1.40434655634045692555e-13	 1.20622811687523025573e-13	 1.36364553340459309218e-13	 1.85881717032961031196e-13	 3.37264830901782249381e-14	 9.26879360409215503321e-15	 9.26236533925871679639e-15	 9.26851196557212773088e-15	 
 3.83999999999999985789e+00	 3.33896506224207443457e-15	 3.31704988000350348207e-15	 3.33738451028204241031e-15	 1.60438203773019010740e-13	 1.62218423974591101195e-13	 1.30584384995428642536e-13	 1.24903335763429230763e-13	 1.07923634187827817509e-13	 1.22296036367966605951e-13	 1.67584150021844228796e-13	 3.04067335614772220340e-14	 8.19331965825123859692e-15	 8.18750205083595693260e-15	 8.19312403558496971087e-15	 
 3.86000000000000031974e+00	 2.94084577218097717898e-15	 2.92105239384046239588e-15	 2.93966868487305269721e-15	 1.44035712205207914239e-13	 1.45744457648348664576e-13	 1.16564027261723574163e-13	 1.10636883165018148038e-13	 9.62466686358108207587e-14	 1.09327292082371512750e-13	 1.50735255876026576067e-13	 2.73340198406457686458e-14	 7.21330705833646372846e-15	 7.20808722537614747046e-15	 7.21320471032441952545e-15	 
 3.87999999999999989342e+00	 2.60159055735988926614e-15	 2.58367856070410063185e-15	 2.60072801133777627882e-15	 1.29699639943715803709e-13	 1.31332895513354727131e-13	 1.04413448546325914357e-13	 9.83780271048910494370e-14	 8.61266028298014492189e-14	 9.80509547168454030541e-14	 1.35970566858238065682e-13	 2.46417918971055798684e-14	 6.37865472484158051895e-15	 6.37395715488052825706e-15	 6.37862108428100545021e-15	 
 3.89999999999999991118e+00	 2.29103067389785477204e-15	 2.27478525422761218501e-15	 2.29047329878918461434e-15	 1.16482332727796996204e-13	 1.18068084335059102071e-13	 9.33321001339031738288e-14	 8.70322128481227383561e-14	 7.67848076909173878801e-14	 8.76236868249418778321e-14	 1.22344181298121880529e-13	 2.21419124374312547767e-14	 5.61445258233010330086e-15	 5.61020531781052144656e-15	 5.61447455816174964290e-15	 
 3.91999999999999948486e+00	 2.00842265097268277269e-15	 1.99364345142077355407e-15	 2.00815795539361028325e-15	 1.04351185301915912345e-13	 1.05913624810807259350e-13	 8.32792076930118033085e-14	 7.65863580043113878145e-14	 6.82034164805401039345e-14	 7.80267047767046565261e-14	 1.09823199263412120786e-13	 1.98305204864333943265e-14	 4.91890939441103428097e-15	 4.91504616406614326980e-15	 4.91897470275821771994e-15	 
 3.93999999999999994671e+00	 1.76932963654866605672e-15	 1.75586618623190488074e-15	 1.76927813536518202262e-15	 9.37833134662173082214e-14	 9.53069464583222732284e-14	 7.45746251974930552033e-14	 6.76940578016198104612e-14	 6.08105462334992666185e-14	 6.97314115724023083895e-14	 9.88890075614565819553e-14	 1.78168827640998201793e-14	 4.33090534977927992467e-15	 4.32738777097265356794e-15	 4.33100026142080665008e-15	 
 3.95999999999999996447e+00	 1.55130682062138113830e-15	 1.53893358840057809161e-15	 1.55145179837740410063e-15	 8.40324818961864767394e-14	 8.55162448700286140480e-14	 6.66169733813538715129e-14	 5.94654656145673014102e-14	 5.39892738775968806670e-14	 6.20713068456253156733e-14	 8.88294896202871443825e-14	 1.59519448216029568247e-14	 3.79445838106095089190e-15	 3.79124647003430684072e-15	 3.79458387218902542540e-15	 
 3.97999999999999953815e+00	 1.35376919436525752207e-15	 1.34228294905202826859e-15	 1.35409303647090227916e-15	 7.50769883873524201970e-14	 7.65195238794225308316e-14	 5.93797333160979523886e-14	 5.18938533749736787904e-14	 4.77276830538307223314e-14	 5.50327953754745558822e-14	 7.96170852749469611570e-14	 1.42325373649356254124e-14	 3.30818518704452502505e-15	 3.30524208290139852229e-15	 3.30834154983629494447e-15	 
 4.00000000000000000000e+00	 1.18778158534580867131e-15	 1.17715609785278559275e-15	 1.18822680896526649894e-15	 6.73077352825214107581e-14	 6.86982158318949963947e-14	 5.31170926656136617864e-14	 4.55237208060846643756e-14	 4.23712128990015099108e-14	 4.89884425473437910077e-14	 7.15908669420563894224e-14	 1.27431597120950254634e-14	 2.90008974320414888268e-15	 2.89739663390836828409e-15	 2.90026479001480321375e-15	 
 4.01999999999999957367e+00	 1.03644590896585429022e-15	 1.02667011702730089321e-15	 1.03704296630499311441e-15	 6.01394325904120246490e-14	 6.14749132138929270811e-14	 4.72796969983095271293e-14	 3.96257153544905628576e-14	 3.74353703208392816103e-14	 4.34129005421155921766e-14	 6.41755744664390890114e-14	 1.13645679825064836092e-14	 2.52819426364272910559e-15	 2.52574877445527881963e-15	 2.52839156494459215054e-15	 
 4.04000000000000003553e+00	 8.99391986045851124366e-16	 8.90452161176851007835e-16	 9.00164386754914383161e-16	 5.35571029793940242217e-14	 5.48348644778254005473e-14	 4.18637308407879409088e-14	 3.41981491484574005547e-14	 3.29118866203988226839e-14	 3.82967436530827951462e-14	 5.73557653693027400432e-14	 1.00945837686140480572e-14	 2.19158332940201759728e-15	 2.18938178564988823057e-15	 2.19180539933355103174e-15	 
 4.06000000000000049738e+00	 7.85181690163337557516e-16	 7.77023188773123554454e-16	 7.86052282527907045533e-16	 4.78737914683484622859e-14	 4.90893260540183268913e-14	 3.72162758427954892606e-14	 2.97044489771672315606e-14	 2.90736122707882084165e-14	 3.39361056630894529734e-14	 5.14395702039397052146e-14	 9.00179630974908339556e-15	 1.91148512047929247616e-15	 1.90950159319530799278e-15	 1.91171762571541032715e-15	 
 4.08000000000000007105e+00	 6.81328394625883073200e-16	 6.73977094010256936108e-16	 6.82197915700039015481e-16	 4.26230033619717432017e-14	 4.37811792736350534268e-14	 3.28249866030263646414e-14	 2.55781095631072689612e-14	 2.55452677006583445325e-14	 2.99231661346058651352e-14	 4.59781561251407358981e-14	 7.99262353698343243301e-15	 1.65706221557008783201e-15	 1.65529285333720585371e-15	 1.65727886018343105555e-15	 
 4.09999999999999964473e+00	 5.87570242735101608569e-16	 5.81043400016922693501e-16	 5.88350284753825140492e-16	 3.77955529633713450441e-14	 3.89006651970625947436e-14	 2.86962985472672019856e-14	 2.18155161942366783052e-14	 2.23207521872859667225e-14	 2.62508729156608098365e-14	 4.09603691720138273581e-14	 7.06537917000230405814e-15	 1.42764880486106232089e-15	 1.42608854681721380046e-15	 1.42782643630105292973e-15	 
 4.12000000000000010658e+00	 5.10150444179248934566e-16	 5.04340513050853319957e-16	 5.10847161765489960730e-16	 3.36541546339467014255e-14	 3.47024130420786934830e-14	 2.52150119871541613323e-14	 1.87530989864945241552e-14	 1.96093077932017414093e-14	 2.31466758649704958296e-14	 3.66292952557799616602e-14	 6.27319289975698582797e-15	 1.23846729508627365496e-15	 1.23708591111004907260e-15	 1.23861339555105228211e-15	 
 4.14000000000000056843e+00	 4.39960111775936902098e-16	 4.34832699777471819268e-16	 4.40522318296086066578e-16	 2.98406934316685973231e-14	 3.08358883795363041287e-14	 2.19165032574109124223e-14	 1.59662481764248798009e-14	 1.71245253820977955764e-14	 2.03002136351540325006e-14	 3.26488424589672944785e-14	 5.54329344363804226104e-15	 1.06709745423007135143e-15	 1.06587787640497829623e-15	 1.06720175022381497178e-15	 
 4.16000000000000014211e+00	 3.76815016030683984937e-16	 3.72334155564975888087e-16	 3.77198955421823535727e-16	 2.63475876208686067331e-14	 2.72930895145585151895e-14	 1.88089264592945548019e-14	 1.34506391281747041985e-14	 1.48618037151297016961e-14	 1.77058724807509824243e-14	 2.90091625717109053460e-14	 4.87440311086896728117e-15	 9.13077836845375840769e-16	 9.12003676256932270458e-16	 9.13131817241320851237e-16	 
 4.17999999999999971578e+00	 3.25194340615266957450e-16	 3.21258411951529770833e-16	 3.25448522277322032619e-16	 2.33701086569987519339e-14	 2.42630546813183834344e-14	 1.62570300246625779748e-14	 1.14392578183378188237e-14	 1.29780406328823064918e-14	 1.55317467035834280721e-14	 2.58800055199761652221e-14	 4.30738674941794899964e-15	 7.87330007406579556409e-16	 7.86380293826964836518e-16	 7.87349603456319940396e-16	 
 4.20000000000000017764e+00	 2.78548983816682999745e-16	 2.75094554376447133382e-16	 2.78648248990823379806e-16	 2.06351214220768487689e-14	 2.14759286522716193698e-14	 1.38798753703693149764e-14	 9.62719605713506766438e-15	 1.12612214293988534167e-14	 1.35456850787368793906e-14	 2.29995288899759533792e-14	 3.78663810912704955977e-15	 6.73751131110951773769e-16	 6.72915412730633084617e-16	 6.73744834666904365937e-16	 
 4.21999999999999975131e+00	 2.36750402326885783727e-16	 2.33717330955807604585e-16	 2.36674854452636753471e-16	 1.81368250804097243096e-14	 1.89259500980317555455e-14	 1.16802214446157419484e-14	 8.01018068887305638912e-15	 9.70744227109726785946e-15	 1.17432874338071393942e-14	 2.03615094750969524875e-14	 3.31114457061327581621e-15	 5.72026801085740357436e-16	 5.71294901564828042157e-16	 5.72002554609431573106e-16	 
 4.24000000000000021316e+00	 2.02956069787693412059e-16	 2.00282112712764549068e-16	 2.02771830122037329585e-16	 1.60215670131144239190e-14	 1.67591403550203340157e-14	 9.92438477905762171505e-15	 6.74034291266322405493e-15	 8.42652554399195891865e-15	 1.02460708165303399768e-14	 1.81060613913529583350e-14	 2.91129996468113985942e-15	 4.89903576384316960029e-16	 4.89259630911882337499e-16	 4.89868575326469465041e-16	 
 4.25999999999999978684e+00	 1.72520350626760542203e-16	 1.70160137753302140079e-16	 1.72268245021062075616e-16	 1.40818277496338414392e-14	 1.47720351151600348446e-14	 8.32825136398825368416e-15	 5.61205766696457559954e-15	 7.26222043690711129403e-15	 8.88056205842599580393e-15	 1.60403875419084816838e-14	 2.54374407991899133017e-15	 4.15967815051757589614e-16	 4.15399278309557693839e-16	 4.15924517204386097297e-16	 
 4.28000000000000024869e+00	 1.45356030313130949844e-16	 1.43266938370264416631e-16	 1.45073746468883953055e-16	 1.23134447566978881032e-14	 1.29601308049987773469e-14	 6.88995138211883504786e-15	 4.62115041921350142192e-15	 6.21180846256962184404e-15	 7.64379557172966518653e-15	 1.41589944273250856159e-14	 2.20789253708430777983e-15	 3.50008011830089758914e-16	 3.49503184884845267925e-16	 3.49958791283642838584e-16	 
 4.29999999999999982236e+00	 1.23666317438125614334e-16	 1.21814285204137745917e-16	 1.23375370198243398536e-16	 1.08277124526504161851e-14	 1.14308639279103380436e-14	 5.76931247043727369973e-15	 3.85424224738397441587e-15	 5.35549662169725964813e-15	 6.62712515298668907086e-15	 1.25569672893371319123e-14	 1.92864447812845797182e-15	 2.97436768433501508111e-16	 2.96988155433176940502e-16	 2.97385675170788904957e-16	 
 4.32000000000000028422e+00	 1.04197219420436260472e-16	 1.02560530910628623860e-16	 1.03925051761417265835e-16	 9.47525504435723551284e-15	 1.00377758099464351096e-14	 4.76321478308653846798e-15	 3.17138483864804918355e-15	 4.58011786026761825535e-15	 5.70561188904427419779e-15	 1.10774203066445825003e-14	 1.67677505173481922661e-15	 2.50280178696211581969e-16	 2.49884202645094656199e-16	 2.50233289845208800851e-16	 
 4.33999999999999985789e+00	 8.68914420297956408022e-17	 8.54492621636652435324e-17	 8.66625501799967188634e-17	 8.25220546591168424918e-15	 8.77679160774271088919e-15	 3.86954649498567643118e-15	 2.57054410223126171993e-15	 3.88371987691862011260e-15	 4.87679039359316206472e-15	 9.71804741023854669090e-15	 1.45135870047483117385e-15	 2.08398035064550247469e-16	 2.08051143281176896921e-16	 2.08360756304413292624e-16	 
 4.36000000000000031974e+00	 7.32738195333752361633e-17	 7.20006742449785412753e-17	 7.30794244805560862465e-17	 7.23051955375116995940e-15	 7.71756089176822516919e-15	 3.19080697413029034499e-15	 2.11571411634416718100e-15	 3.32294595319382685883e-15	 4.20209454364765928188e-15	 8.57099383814060057723e-15	 1.26452031296935806743e-15	 1.75508106055289985858e-16	 1.75203309020980611607e-16	 1.75477945387733806380e-16	 
 4.37999999999999989342e+00	 6.11026137491518089915e-17	 5.99662183420712193902e-17	 6.09387355428750473388e-17	 6.29676311431815164451e-15	 6.74587979249590769916e-15	 2.58854725822837768428e-15	 1.71503274451616250028e-15	 2.81512215290188034140e-15	 3.58861581886672191806e-15	 7.52027822246853778336e-15	 1.09080549239431757877e-15	 1.46099443082105712171e-16	 1.45829417117935978897e-16	 1.46074023763993199689e-16	 
 4.40000000000000035527e+00	 5.03401836000904875430e-17	 4.93109461632166008184e-17	 5.02029931821498400566e-17	 5.44882816379627336533e-15	 5.85981142223254242630e-15	 2.06101575593094312230e-15	 1.36699543607677064151e-15	 2.35913901491028727836e-15	 3.03510314640127155339e-15	 6.56346472342918417301e-15	 9.30221974348406410675e-16	 1.20084511813764373432e-16	 1.19842505569163225403e-16	 1.20061669249575422900e-16	 
 4.41999999999999992895e+00	 4.20146480282046642241e-17	 4.10891655210287938136e-17	 4.18987568628227633646e-17	 4.74694495309182798037e-15	 5.12250856397753997535e-15	 1.67141444893553245718e-15	 1.10964192064872200477e-15	 1.99802474201875541175e-15	 2.59120611580140543383e-15	 5.76185338701289586418e-15	 7.99892148571630931796e-16	 1.00023509206228699756e-16	 9.98077206322942688469e-17	 1.00003188677597806900e-16	 
 4.43999999999999950262e+00	 3.46032118333464173199e-17	 3.37716947759109524649e-17	 3.45111361248275429225e-17	 4.10496766060109204197e-15	 4.44803052899205479375e-15	 1.33005501558463711518e-15	 8.85626072145460935059e-16	 1.67282456745485289887e-15	 2.18883724018856062285e-15	 5.02123730961267640630e-15	 6.79841933555098666298e-16	 8.21775914751725810576e-17	 8.19875764379572233858e-17	 8.21621905361926035086e-17	 
 4.45999999999999996447e+00	 2.80824941117728431449e-17	 2.73358195229761480773e-17	 2.80162397512959234839e-17	 3.52163770735408931591e-15	 3.83495303470847957956e-15	 1.03564391373010915579e-15	 6.93899180423123832666e-16	 1.38274321136425099664e-15	 1.82717387041335696218e-15	 4.34074487358090422980e-15	 5.70012075335564456957e-16	 6.64906270397725644871e-17	 6.63258399330990185689e-17	 6.64822356968212019635e-17	 
 4.47999999999999953815e+00	 2.31426537313835528367e-17	 2.24776911866459184117e-17	 2.30941243760071840305e-17	 3.04470325958149879575e-15	 3.33012029040619957834e-15	 8.24763430269809252591e-16	 5.55444059858297869818e-16	 1.15737498544487120486e-15	 1.54241629535957798786e-15	 3.77836334753650682180e-15	 4.83023061142912968957e-16	 5.46556952131256036408e-17	 5.45126512721649090263e-17	 5.46515881753761600317e-17	 
 4.50000000000000000000e+00	 1.87548511327628215985e-17	 1.81763472546781760494e-17	 1.87244401071515322250e-17	 2.61035725030189488103e-15	 2.86578349896841010229e-15	 6.41464271575788011473e-16	 4.35670660939323813521e-16	 9.54765703230215127877e-16	 1.28573391116634541803e-15	 3.26183225869967045794e-15	 4.05001791245822731894e-16	 4.41811703430486842630e-17	 4.40591964576488158188e-17	 4.41799827849363501432e-17	 
 4.52000000000000046185e+00	 1.49063510623692755764e-17	 1.44180500110100038707e-17	 1.48941646875309218349e-17	 2.21764711257880738333e-15	 2.44135228309913443782e-15	 4.85011439469667059244e-16	 3.33997033289930054063e-16	 7.74473068755425667012e-16	 1.05654470225281413108e-15	 2.79035340304920718127e-15	 3.35711480512980879532e-16	 3.50332674423445194809e-17	 3.49316022149560043561e-17	 3.50337263322900809434e-17	 
 4.54000000000000003553e+00	 1.20736969917348522430e-17	 1.16592682888696848832e-17	 1.20720309640275625990e-17	 1.90084425231699291110e-15	 2.09767173364700110243e-15	 3.77338818146555870658e-16	 2.62737371480794703569e-16	 6.38013575560786362191e-16	 8.79979304555550815810e-16	 2.40634877852721677289e-15	 2.81691284738290674636e-16	 2.83215190196943499077e-17	 2.82360553726837074973e-17	 2.83228228438377156873e-17	 
 4.55999999999999960920e+00	 9.58154273104863801751e-18	 9.23917450669418297135e-18	 9.59112307840418826628e-18	 1.60886039469640077086e-15	 1.78099785406980553293e-15	 2.85053502403620896998e-16	 2.01927515828868442863e-16	 5.15982857926403412070e-16	 7.21077080054368005337e-16	 2.05132239776774011457e-15	 2.32927238459876902022e-16	 2.24357153444842840239e-17	 2.23654338877524009304e-17	 2.24376430406552476401e-17	 
 4.58000000000000007105e+00	 7.42150849972778120557e-18	 7.14895046213997801007e-18	 7.44278013624200597470e-18	 1.34153094059342806791e-15	 1.49110832517832416865e-15	 2.07713712365619269414e-16	 1.51211906895196340569e-16	 4.08114323639977174841e-16	 5.79529147681314578698e-16	 1.72509591000037225789e-15	 1.89325142018264756786e-16	 1.73542493682899430180e-17	 1.72980985300441839616e-17	 1.73565876156570925795e-17	 
 4.60000000000000053291e+00	 5.88675662896788708848e-18	 5.66592033942606469929e-18	 5.91250796951363973496e-18	 1.13141544840212770725e-15	 1.26201792868614853609e-15	 1.57069836808586822072e-16	 1.16778095487755625571e-16	 3.29257788215217834518e-16	 4.73778565930170684616e-16	 1.46564352342483828418e-15	 1.56246039740776951759e-16	 1.37505004196149457658e-17	 1.37048806568486926791e-17	 1.37528911063496635431e-17	 
 4.62000000000000010658e+00	 4.55121947864395123136e-18	 4.37846842360161028305e-18	 4.57705886256227656984e-18	 9.38200481732455548532e-16	 1.05227413040701838898e-15	 1.14565229864528967924e-16	 8.75708310062155872453e-17	 2.59368967683075733360e-16	 3.79370060937462458541e-16	 1.22552248306012042054e-15	 1.26588670135290157894e-16	 1.06225201070160705288e-17	 1.05865796546949520946e-17	 1.06248072917547873209e-17	 
 4.63999999999999968026e+00	 3.40975599410127915452e-18	 3.28131029498452081695e-18	 3.43166508926666239899e-18	 7.61842467925383204576e-16	 8.61694642392248165617e-16	 7.99341430131357570106e-17	 6.34197135856577099007e-17	 1.98278783078615187425e-16	 2.96099246832057328030e-16	 1.00476746122642747432e-15	 1.00290992071678645641e-16	 7.95744389061458611133e-18	 7.93031644879019196868e-18	 7.95948405854014597573e-18	 
 4.66000000000000014211e+00	 2.63459636655389803854e-18	 2.53587439143294651605e-18	 2.65304673164773224685e-18	 6.28233108907420829173e-16	 7.15633357920388652071e-16	 5.85297014190516012656e-17	 4.77421197699227087032e-17	 1.55650480606380380145e-16	 2.36340246346234192629e-16	 8.35309956202943428285e-16	 8.10367087705822017976e-17	 6.14773372614193126136e-18	 6.12664563696187585027e-18	 6.14951282350548044108e-18	 
 4.67999999999999971578e+00	 1.97433568775487657724e-18	 1.89844157757973648454e-18	 1.98885516069977625130e-18	 5.06614249212871617078e-16	 5.82117682382514850503e-16	 4.10497721448168385352e-17	 3.46617781677516257646e-17	 1.18697521492725093737e-16	 1.83772657593830706463e-16	 6.80516427819298861193e-16	 6.41620056185229220369e-17	 4.60113686268721519296e-18	 4.58497796150921752825e-18	 4.60288238777519282742e-18	 
 4.69999999999999928946e+00	 1.42541028020523748724e-18	 1.36587006756471240861e-18	 1.43561027508089464500e-18	 3.96923935149566578394e-16	 4.61099570311028051450e-16	 2.73475333842217431194e-17	 2.40891582774776712517e-17	 8.72736450986934837073e-17	 1.38241065416635935113e-16	 5.40312251649472049463e-16	 4.96008304487903517858e-17	 3.30994054524246701836e-18	 3.29765505036492252302e-18	 3.31185469887581389233e-18	 
 4.72000000000000063949e+00	 1.07074526265031336743e-18	 1.02334178432631837405e-18	 1.07828681336585309328e-18	 3.17836991498157992949e-16	 3.72535244829365592961e-16	 1.93785615201492383350e-17	 1.75929491508907815083e-17	 6.64800761431600771028e-17	 1.07174575112506369749e-16	 4.37378586038333115672e-16	 3.92909473949818213152e-17	 2.47963377931553799965e-18	 2.47006117739006112854e-18	 2.48144761744818505819e-18	 
 4.74000000000000021316e+00	 7.76249959610889330811e-19	 7.40071540462426270827e-19	 7.83397640191478878248e-19	 2.48369137346554265768e-16	 2.94141904010476038739e-16	 1.31253872065718820822e-17	 1.23763463172357107262e-17	 4.93671842341617752567e-17	 8.08823203030997324464e-17	 3.46200927296158899831e-16	 3.03439192034242510662e-17	 1.79284727348241030490e-18	 1.78569656648429521286e-18	 1.79492228040621054440e-18	 
 4.75999999999999978684e+00	 5.39590652777510455431e-19	 5.13714389324616568642e-19	 5.48546350799470267126e-19	 1.88217050175894232241e-16	 2.25615160034475775152e-16	 8.51087775711118315116e-18	 8.38275677117191477721e-18	 3.57561107259721605261e-17	 5.91710077397509998556e-17	 2.66423051740439154808e-16	 2.27159403240923293732e-17	 1.24391459217583031124e-18	 1.23889625998496522236e-18	 1.24657610112725389555e-18	 
 4.78000000000000024869e+00	 3.86648435334057749719e-19	 3.68148018857734678106e-19	 4.03110060636197902888e-19	 1.43548244780511193311e-16	 1.73944714291211273606e-16	 5.87887118302664605983e-18	 5.90614742793030520856e-18	 2.57685926555353489574e-17	 4.36749460944594998259e-17	 2.05919602710914337174e-16	 1.73041401970583685249e-17	 8.91144993456361434501e-19	 8.87474609600237355914e-19	 8.94150114158546020270e-19	 
 4.79999999999999982236e+00	 2.66241481830489544336e-19	 2.52725942221165503256e-19	 2.83446460220575614836e-19	 1.06195678243937082930e-16	 1.30358854445945240487e-16	 3.86572752502819131287e-18	 3.97917013551254967035e-18	 1.77886960370463321232e-17	 3.10960846094357409354e-17	 1.54727472132267916838e-16	 1.28682772881497219231e-17	 6.11554065804561321033e-19	 6.08928807395626771769e-19	 6.14312973638757895752e-19	 
 4.81999999999999939604e+00	 1.76772186235540464325e-19	 1.66046987430828966191e-19	 1.88593659417625674664e-19	 7.58409109771498618418e-17	 9.45089695027292832736e-17	 2.44162104527370102971e-18	 2.57532637615466944890e-18	 1.17198753374262313541e-17	 2.12987382960306570180e-17	 1.12449553134462721462e-16	 9.36203934309733311090e-18	 4.01733688814629399202e-19	 3.99869190625591809923e-19	 4.03710622192264667569e-19	 
 4.84000000000000074607e+00	 1.21226102511851616493e-19	 1.14121163866797535397e-19	 1.31088352635351107892e-19	 5.51135727623565444801e-17	 6.93636042414069099508e-17	 1.64705430575272606102e-18	 1.76022093728868943849e-18	 8.06038022042949647577e-18	 1.50275978459360286217e-17	 8.26880944764094908619e-17	 6.95256549084362385012e-18	 2.75971489636721060269e-19	 2.74733280382806466104e-19	 2.77491985644805628596e-19	 
 4.86000000000000031974e+00	 7.86363077652914900039e-20	 7.41856715160431517131e-20	 8.60233523163155537711e-20	 3.84348687178529888113e-17	 4.88923262824469935346e-17	 1.05089057883083399849e-18	 1.14089622832322661776e-18	 5.31357376655691629244e-18	 1.01610329513061117129e-17	 5.84326627628045941640e-17	 4.99131550433649927601e-18	 1.79299008200403472895e-19	 1.78521630571124083576e-19	 1.80378273133807734986e-19	 
 4.87999999999999989342e+00	 4.83662099466761667931e-20	 4.56660598975727175633e-20	 5.28437157039904931890e-20	 2.56200087164496339926e-17	 3.28877274817424852836e-17	 6.43422472937801042934e-19	 7.07844826221146123503e-19	 3.43099567417815938753e-18	 6.62903707779967996203e-18	 3.94364695892711022055e-17	 3.45742848354370491259e-18	 1.10320642262323119955e-19	 1.09848330147856735484e-19	 1.10977954776475204883e-19	 
 4.89999999999999946709e+00	 3.17195040516984069307e-20	 2.99101368665191638645e-20	 3.47202998983619491837e-20	 1.78094250451428259685e-17	 2.29875848599433381056e-17	 4.29999990363066097036e-19	 4.74288313800573342698e-19	 2.31888686133874883298e-18	 4.52981389146357748152e-18	 2.75009163707126250205e-17	 2.44137031222213676165e-18	 7.22629282386218058874e-20	 7.19474290640864277862e-20	 7.27042212816106861253e-20	 
 4.91999999999999992895e+00	 1.92358165018729253437e-20	 1.80826659389294734799e-20	 2.11488148330159895139e-20	 1.18077648343890250536e-17	 1.53499305213548499043e-17	 2.71921170240652445256e-19	 3.00308314624370051043e-19	 1.45785147502491329105e-18	 2.92551925696976501215e-18	 1.83080358338989693821e-17	 1.63585994264686780477e-18	 4.36959639138073016151e-20	 4.34969204757185938566e-20	 4.39770294978905341999e-20	 
 4.93999999999999950262e+00	 1.07122049503461069526e-20	 9.99203768668221211898e-21	 1.19075540206526599989e-20	 7.52879179350865114565e-18	 9.86662118925754117346e-18	 1.66490082722110705613e-19	 1.82998729710404536228e-19	 8.35423984752170572335e-19	 1.79196408266210616174e-18	 1.17257355405492250205e-17	 1.03130255061763745222e-18	 2.41570160608411882356e-20	 2.40360441481188600954e-20	 2.43309119953891529140e-20	 
 4.95999999999999996447e+00	 6.14297677315433386119e-21	 5.64311224265843771080e-21	 6.97331812254891751569e-21	 5.24307578017769996584e-18	 6.88277112556636411045e-18	 1.11553518282290394299e-19	 1.21553682135766110976e-19	 4.40646176277174395432e-19	 1.15641027157299888666e-18	 8.19105508148287261036e-18	 6.91743478142758373087e-19	 1.36505267495301743782e-20	 1.35727946142348875729e-20	 1.37648529186745096021e-20	 
 4.98000000000000042633e+00	 2.57575841106963620518e-21	 2.31853618670805842090e-21	 3.00333551945173805877e-21	 2.70614953957299304694e-18	 3.55783743551484556542e-18	 5.55904527418391329179e-20	 6.00763296711223654715e-20	 1.63825663800543698370e-19	 5.55598694015157842130e-19	 4.23914573659767119168e-18	 3.45122606751465691078e-19	 5.61270792496633465783e-21	 5.57552576715420241023e-21	 5.66866095818539545265e-21	 
 5.00000000000000000000e+00	 0.00000000000000000000e+00	 0.00000000000000000000e+00	 0.00000000000000000000e+00	 0.00000000000000000000e+00	 0.00000000000000000000e+00	 0.00000000000000000000e+00	 0.00000000000000000000e+00	 0.00000000000000000000e+00	 0.00000000000000000000e+00	 0.00000000000000000000e+00	 0.00000000000000000000e+00	 0.00000000000000000000e+00	 0.00000000000000000000e+00	 0.00000000000000000000e+00	 
