 -1.00000000000000000000e+00	 7.66373875863961933599e-06	 7.59177230932179811023e-06	 7.67114079687219098012e-06	 3.62091106354139272844e-03	 3.61721064548902165176e-03	 3.59062350902303708058e-03	 3.90231616849525363155e-03	 1.23328446653940418734e-03	 1.50578534171336327063e-03	 3.61318061936215196780e-03	 1.92103315047399803126e-05	 1.94631405354848571428e-05	 1.94629576978806525405e-05	 1.94631094987316759421e-05	 
 -9.79999999999999982236e-01	 7.81955134530140361082e-06	 7.74565452106770493100e-06	 7.82658068901162160252e-06	 3.68585850686788205760e-03	 3.68216076361668970610e-03	 3.65516505239017047701e-03	 3.97558575015554034604e-03	 1.26080250627885119379e-03	 1.53949949443693274824e-03	 3.67800827567279185748e-03	 1.95936524747424788931e-05	 1.98541467849046621868e-05	 1.98539606564613801065e-05	 1.98541161690210545801e-05	 
 -9.59999999999999964473e-01	 7.97733893160884784124e-06	 7.90147654636755545656e-06	 7.98397546965188161492e-06	 3.75138511150086180479e-03	 3.74769225521164647125e-03	 3.72028596975105922684e-03	 4.04961292603238983551e-03	 1.28874316699363828179e-03	 1.57373343243536259473e-03	 3.74341408120883872845e-03	 1.99816284863526321346e-05	 2.02499811918146789818e-05	 2.02497917468693691971e-05	 2.02499510393076076812e-05	 
 -9.39999999999999946709e-01	 8.13692741484629909320e-06	 8.05906994205693085343e-06	 8.14315095395831918589e-06	 3.81739083978623267371e-03	 3.81370544025672617364e-03	 3.78588786665298758852e-03	 4.12429669846132215122e-03	 1.31708975011399134075e-03	 1.60846579002581701288e-03	 3.80929805627029617263e-03	 2.03738140046170643997e-05	 2.06502023533312081393e-05	 2.06500095721034930920e-05	 2.06501727087550025817e-05	 
 -9.19999999999999928946e-01	 8.29812625164941999997e-06	 8.21825099074765230407e-06	 8.30391676831568078360e-06	 3.88376798305905450784e-03	 3.88009299672190501387e-03	 3.85186485433181577745e-03	 4.19952785629688213342e-03	 1.34582396144402108296e-03	 1.64367304895454788977e-03	 3.87555253624445811625e-03	 2.07697237148228287763e-05	 2.10543293609353165919e-05	 2.10541332300451114815e-05	 2.10543002706937416684e-05	 
 -9.00000000000000022204e-01	 8.46073420803390561411e-06	 8.37882160712652243769e-06	 8.46607065420110742196e-06	 3.95040231295891788865e-03	 3.94674096420289353959e-03	 3.91810419179584087240e-03	 4.27518905485296373675e-03	 1.37492580517946730301e-03	 1.67932945476177903667e-03	 3.94206321328662272901e-03	 2.11688350294866454071e-05	 2.14618440211435911318e-05	 2.14616445319940197633e-05	 2.14618155315058046454e-05	 
 -8.80000000000000115463e-01	 8.62454377019535071102e-06	 8.54056953520264431300e-06	 8.62940162794963573460e-06	 4.01717396082666797913e-03	 4.01352949095217566983e-03	 3.98448671712567630693e-03	 4.35115466632187818802e-03	 1.40437341119028168655e-03	 1.71540682331329237369e-03	 4.00870991404291953514e-03	 2.15705888067930109215e-05	 2.18721913237221002074e-05	 2.18719884689769153571e-05	 2.18721634771619797633e-05	 
 -8.59999999999999986677e-01	 8.78933130780121780828e-06	 8.70326533471957650536e-06	 8.79368216438539773521e-06	 4.08395497177948488959e-03	 4.08033060013117052089e-03	 4.05088514715031770136e-03	 4.42728974164549853726e-03	 1.43414305671384773033e-03	 1.75187445426519647525e-03	 4.07536430280824694961e-03	 2.19743812386976849062e-05	 2.22847718147452417169e-05	 2.22845655877601001060e-05	 2.22847446486164252929e-05	 
 -8.40000000000000079936e-01	 8.95485463876950952915e-06	 8.86666354471927333294e-06	 8.95866728709823200729e-06	 4.15061001311404793174e-03	 4.14700921592349187189e-03	 4.11716474287085812400e-03	 4.50345119837941305213e-03	 1.46420934533811135901e-03	 1.78869938099089718225e-03	 4.14189110679821261007e-03	 2.23795663626666620975e-05	 2.26989451179112419895e-05	 2.26987355129511952402e-05	 2.26989186640665357043e-05	 
 -8.20000000000000062172e-01	 9.12085029614528087257e-06	 9.03050304465288093453e-06	 9.12409316968797764850e-06	 4.21699688192092320832e-03	 4.21342395097361495371e-03	 4.18318376942721729256e-03	 4.57948863463182847394e-03	 1.49454526148572511800e-03	 1.82584643791964141429e-03	 4.20814907996491099906e-03	 2.27854566393452054600e-05	 2.31140314067230873629e-05	 2.31138184197627096492e-05	 2.31140056917761851040e-05	 
 -8.00000000000000044409e-01	 9.28703548636882393488e-06	 9.19450378066752926670e-06	 9.28967690063795030692e-06	 4.28296483621684945242e-03	 4.27942497681756475747e-03	 4.24879186973132951660e-03	 4.65524178010630514113e-03	 1.52512182435928064957e-03	 1.86327773888652617126e-03	 4.27398858268790166753e-03	 2.31913150734277822716e-05	 2.35293022395783536153e-05	 2.35290858678350061804e-05	 2.35292772835494211922e-05	 
 -7.80000000000000026645e-01	 9.45311085054400896332e-06	 9.35836878917073835323e-06	 9.45511774177020641299e-06	 4.34835694918153919247e-03	 4.34485575080744475945e-03	 4.31383212189693533711e-03	 4.73054167413892827365e-03	 1.55590837145396063308e-03	 1.90095293093752934488e-03	 4.33925374251372276274e-03	 2.35963609500761050080e-05	 2.39439862487685806343e-05	 2.39437664914646770680e-05	 2.39439620641054583857e-05	 
 -7.60000000000000008882e-01	 9.61876212371672884439e-06	 9.52178524774878686204e-06	 9.62009749745999324922e-06	 4.41301209082485806218e-03	 4.40955444520783456513e-03	 4.37814274467002249175e-03	 4.80521148228582693079e-03	 1.58687269059050429197e-03	 1.93882924180094665632e-03	 4.40378427457844678211e-03	 2.39997730865110964519e-05	 2.43572724004434399249e-05	 2.43570492605664789848e-05	 2.43572489911920213811e-05	 
 -7.39999999999999991118e-01	 9.78365474344513769991e-06	 9.68442016567199715177e-06	 9.78427725690247818298e-06	 4.47676103663253565496e-03	 4.47335097636417534234e-03	 4.44155360849975491822e-03	 4.87906410581204728893e-03	 1.61798058130874482935e-03	 1.97686099954179394025e-03	 4.46741189479957136882e-03	 2.44006778186788365664e-05	 2.47682982823964402234e-05	 2.47680717666034164723e-05	 2.47682756425523290498e-05	 
 -7.19999999999999973355e-01	 9.94743272431977733632e-06	 9.84592316754429904132e-06	 9.94729980154672001130e-06	 4.53942812895426379971e-03	 4.53606886454405253822e-03	 4.50388877394377815100e-03	 4.95190495275566865824e-03	 1.64919553855051841812e-03	 2.01499981022611792530e-03	 4.52996114169540442518e-03	 2.47981581302798346589e-05	 2.51761569886436669774e-05	 2.51759271089650130820e-05	 2.51761351025135652758e-05	 
 -6.99999999999999955591e-01	 1.01097168525145171330e-05	 1.00059281590988982604e-05	 1.01087908928749326118e-05	 4.60083268994674991770e-03	 4.59752681041930653244e-03	 4.56496866061887988930e-03	 5.02353416771245814276e-03	 1.68047833959216364082e-03	 2.05319450543693920314e-03	 4.59125005164618110037e-03	 2.51912598096684520470e-05	 2.55799013460302061384e-05	 2.55796681231250895637e-05	 2.55798801901737645837e-05	 
 -6.79999999999999937828e-01	 1.02701049610786214234e-05	 1.01640481996634627417e-05	 1.02683545859911798734e-05	 4.66078640856379140117e-03	 4.65753576021034343402e-03	 4.62460609969621381371e-03	 5.09374212582516978920e-03	 1.71178747469495780818e-03	 2.09139081506174188615e-03	 4.65108878338093504473e-03	 2.55789753179266120633e-05	 2.59785312047839201733e-05	 2.59782946686074239296e-05	 2.59785107468199399417e-05	 
 -6.60000000000000031086e-01	 1.04281786565381065111e-05	 1.03198801428484316495e-05	 1.04255812214600118769e-05	 4.71909735139195048170e-03	 4.71590214503688712894e-03	 4.68260949640523192750e-03	 5.16231192634327654828e-03	 1.74307967765582319183e-03	 2.12953118689343350034e-03	 4.70928264801910925752e-03	 2.59602576626840987682e-05	 2.63710051557535287423e-05	 2.63707653445788128344e-05	 2.63709853569500798443e-05	 
 -6.40000000000000013323e-01	 1.05835081468111976143e-05	 1.04730078849337976518e-05	 1.05800535424871506354e-05	 4.77557345808951334148e-03	 4.77243069166666256109e-03	 4.73878558143262396812e-03	 5.22902142425955319960e-03	 1.77431018941523162627e-03	 2.16755436814443499735e-03	 4.76563472869291800127e-03	 2.63340307189132485097e-05	 2.67562488975897767288e-05	 2.67560058556360301496e-05	 2.67562297186559280870e-05	 
 -6.19999999999999884537e-01	 1.07356415057979281898e-05	 1.06229949013258347383e-05	 1.07313343594710518356e-05	 4.83001668715353233569e-03	 4.82691968906403395811e-03	 4.79293481157916628072e-03	 5.29363937820281123953e-03	 1.80543204885210231171e-03	 2.20539559655962263268e-03	 4.81994143168192577809e-03	 2.66991672103026952295e-05	 2.71331364267364469605e-05	 2.71328902041833787309e-05	 2.71331178280680584307e-05	 
 -5.99999999999999977796e-01	 1.08841213401435445753e-05	 1.07693903691653796578e-05	 1.08789745937753112772e-05	 4.88222609706563930726e-03	 4.87916605601104030887e-03	 4.84485644792469975078e-03	 5.35592905415605436553e-03	 1.83639680642817587804e-03	 2.24298780028635855524e-03	 4.87199778241941862389e-03	 2.70545045536323768118e-05	 2.75005067153360258753e-05	 2.75002573678461249092e-05	 2.75004886517087039730e-05	 
 -5.79999999999999849010e-01	 1.10284983553175319168e-05	 1.09117337074507871726e-05	 1.10225195620394356805e-05	 4.93200055909665067283e-03	 4.92896977071368303652e-03	 4.89435299971612003400e-03	 5.41565124726552798995e-03	 1.86715492087760246386e-03	 2.28026228372981429673e-03	 4.92160204504290405003e-03	 2.73988570093307779710e-05	 2.78571764205703397712e-05	 2.78569240083628577999e-05	 2.78571588310373060020e-05	 
 -5.60000000000000053291e-01	 1.11683066673256519954e-05	 1.10495453179402775121e-05	 1.11614970502483185956e-05	 4.97913460555351929798e-03	 4.97612666609835788134e-03	 4.94122301934894932185e-03	 5.47255900228778811856e-03	 1.89765486863001917907e-03	 2.31714704176538659197e-03	 4.96854813706210703822e-03	 2.77309917673330639523e-05	 2.82019148187171373712e-05	 2.82016594062839737645e-05	 2.82018976245017763773e-05	 
 -5.40000000000000035527e-01	 1.13030685235448197386e-05	 1.11823350068738015161e-05	 1.12954149933694969027e-05	 5.02342243628079321988e-03	 5.02043203877295448473e-03	 4.98526438101397004199e-03	 5.52640415293026692617e-03	 1.92784347694111880822e-03	 2.35356755461430715640e-03	 5.01263125211245160612e-03	 2.80496513421210249401e-05	 2.85334661458590269014e-05	 2.85332077965586323608e-05	 2.85334492467935601514e-05	 
 -5.20000000000000017764e-01	 1.14322978389003593861e-05	 1.13096085283785776867e-05	 1.14237588507560728517e-05	 5.06466142471038906908e-03	 5.06168381377491115314e-03	 5.02627716095587016160e-03	 5.57694290782204463164e-03	 1.95766596502510272296e-03	 2.38944709536148373885e-03	 5.05365276518654742838e-03	 2.83535714725602569779e-05	 2.88505673048038075227e-05	 2.88503060709813511275e-05	 2.88505505743296068017e-05	 
 -5.00000000000000000000e-01	 1.15554937404416238140e-05	 1.14308552505572902808e-05	 1.15459951294798523005e-05	 5.10264675485280587430e-03	 5.09967781913357991880e-03	 5.06405943649196246120e-03	 5.62392636374392951987e-03	 1.98706564490690228489e-03	 2.42470566899344232986e-03	 5.09141240955907677795e-03	 2.86414483142632176509e-05	 2.91519152810793172163e-05	 2.91516512015051740877e-05	 2.91518985630370698842e-05	 
 -4.79999999999999926725e-01	 1.16721440336769999562e-05	 1.15455595237623278177e-05	 1.16615932776333048736e-05	 5.13717667670166282939e-03	 5.13421373567917935232e-03	 5.09841064113164283561e-03	 5.66710839450534301781e-03	 2.01598466721795510984e-03	 2.45926104946594557485e-03	 5.12571380864949854850e-03	 2.89119702378762486448e-05	 2.94361968256053178384e-05	 2.94359299334740891511e-05	 2.94361799545809276293e-05	 
 -4.59999999999999964473e-01	 1.17817276313516382773e-05	 1.16532097914917942365e-05	 1.17700436179122800031e-05	 5.16805704314878076172e-03	 5.16510023006262839612e-03	 5.12913446738226096872e-03	 5.70625241428435441698e-03	 2.04436435282896516660e-03	 2.49302922314023015643e-03	 5.15636924481110460461e-03	 2.91638439383552194851e-05	 2.97021126004094190376e-05	 2.97018429402037820175e-05	 2.97020954420863439590e-05	 
 -4.40000000000000002220e-01	 1.18837099185683023718e-05	 1.17532820121966159917e-05	 1.18708249608736880515e-05	 5.19509411652727473574e-03	 5.19214670673299408948e-03	 5.15603461547184480779e-03	 5.74111995312704456035e-03	 2.07214433611398705926e-03	 2.52592299771972833913e-03	 5.18319212012679358947e-03	 2.93957479401226430484e-05	 2.99483340204603372121e-05	 2.99480616488668571588e-05	 2.99483164768832725079e-05	 
 -4.19999999999999984457e-01	 1.19775564446979147787e-05	 1.18452550416534314729e-05	 1.19634172474457299969e-05	 5.21810237593840417492e-03	 5.21517017753495883137e-03	 5.17892455998575623050e-03	 5.77147616415463887707e-03	 2.09926220689709772116e-03	 2.55785256910346509018e-03	 5.20600219090801372840e-03	 2.96063750457319016789e-05	 3.01735422774297887239e-05	 3.01732672677249945251e-05	 3.01735242829514143216e-05	 
 -3.99999999999999911182e-01	 1.20627439767674050751e-05	 1.19286232073002575410e-05	 1.20473118467201336778e-05	 5.23691112930683034393e-03	 5.23400106446345048106e-03	 5.19763584159965968262e-03	 5.79709450179438211953e-03	 2.12565284170811727785e-03	 2.58872548246631391591e-03	 5.22462996157594533608e-03	 2.97944676528021299409e-05	 3.03764605601563153871e-05	 3.03761830096283920379e-05	 3.03764420698232239708e-05	 
 -3.80000000000000004441e-01	 1.21387401362426887436e-05	 1.20028735203310666079e-05	 1.21219930256597901172e-05	 5.25135327065310783534e-03	 5.24847346764088697885e-03	 5.21200370639292049485e-03	 5.81774888251427278740e-03	 2.15124907254341836416e-03	 2.61844584596416076264e-03	 5.23890956096092173799e-03	 2.99587546841111939733e-05	 3.05557963368516323391e-05	 3.05555163690914146713e-05	 3.05557773293376315504e-05	 
 -3.59999999999999931166e-01	 1.22050201091720612206e-05	 1.20675034679536575128e-05	 1.21869566877929571598e-05	 5.26127533958535131137e-03	 5.25843472532464516200e-03	 5.22187498864137671084e-03	 5.83322604522233667534e-03	 2.17598288668143435495e-03	 2.64691739326495135282e-03	 5.24868727137598172633e-03	 3.00980008095353565264e-05	 3.07102873010912382715e-05	 3.07100050599620817584e-05	 3.07102677693165489105e-05	 
 -3.39999999999999968914e-01	 1.22610802569448345157e-05	 1.21220356385478685783e-05	 1.22417258080113473378e-05	 5.26654582062616519189e-03	 5.26375328608302741479e-03	 5.22711455807935328199e-03	 5.84333590909098983535e-03	 2.19978592679605884294e-03	 2.67404541774214892652e-03	 5.25382853092767193592e-03	 3.02110474348337158974e-05	 3.08387394223829335287e-05	 3.08384550590723791183e-05	 3.08387193538621002175e-05	 
 -3.20000000000000006661e-01	 1.23064124195621722485e-05	 1.21659905656176119994e-05	 1.22858218588613330379e-05	 5.26704006960723291469e-03	 5.26430444120531883939e-03	 5.22759371304626092175e-03	 5.84789263392974153349e-03	 2.22258784020806310702e-03	 2.69973231515761727742e-03	 5.25420529056665804729e-03	 3.02967374589671220011e-05	 3.09399568697520089243e-05	 3.09396705426579147059e-05	 3.09399362459392317302e-05	 
 -2.99999999999999933387e-01	 1.23405430922368353718e-05	 1.21989125554711782921e-05	 1.23187926646744052764e-05	 5.26264978786225925966e-03	 5.25997837978257280073e-03	 5.22319918726183666374e-03	 5.84672876140489034685e-03	 2.24431733613824528975e-03	 2.72387849366807072160e-03	 5.24970468760789076706e-03	 3.03539846387675598749e-05	 3.10128078778820444935e-05	 3.10125197602702920899e-05	 3.10127866851688988622e-05	 
 -2.80000000000000026645e-01	 1.23630658048778669517e-05	 1.22203909416273795050e-05	 1.23402353620596711201e-05	 5.25329043678392400285e-03	 5.25068641785242547215e-03	 5.21384021238082296518e-03	 5.83970675742244860890e-03	 2.26490247339732053700e-03	 2.74638247299833311230e-03	 5.24023582505495251482e-03	 3.03818309869617971973e-05	 3.10562791436102606760e-05	 3.10559894377996568689e-05	 3.10562573940867934531e-05	 
 -2.59999999999999953371e-01	 1.23735794003720323496e-05	 1.22300192031068067234e-05	 1.23497524069162358012e-05	 5.23888662080938035531e-03	 5.23634866356488190564e-03	 5.19943458589672627412e-03	 5.82669657935416373390e-03	 2.28426906052889375914e-03	 2.76713930980116221137e-03	 5.22571638770015500786e-03	 3.03793367579248617903e-05	 3.10693714820753493985e-05	 3.10690804215741684822e-05	 3.10693492162119816523e-05	 
 -2.39999999999999907851e-01	 1.23717105344344787234e-05	 1.22274259705425711873e-05	 1.23469803734950267705e-05	 5.21937875776901268055e-03	 5.21690312842123995324e-03	 5.17991863919575138558e-03	 5.80759042269250302243e-03	 2.30234154050647449666e-03	 2.78604292229694223623e-03	 5.20608514741142166388e-03	 3.03456629396342643845e-05	 3.10511785840740471283e-05	 3.10508864283837887101e-05	 3.10511558631195550917e-05	 
 -2.19999999999999945599e-01	 1.23571318092206837468e-05	 1.22123002684059351079e-05	 1.23316133304585384125e-05	 5.19472765162180567106e-03	 5.19231238772247319369e-03	 5.15525462648290001832e-03	 5.78231422281088106030e-03	 2.31904300902177618049e-03	 2.80298720669355924326e-03	 5.18131146986997200010e-03	 3.02801382931399110890e-05	 3.10009511486002443665e-05	 3.10006581719008520608e-05	 3.10009280383987341945e-05	 
 -1.99999999999999983347e-01	 1.23295241838133104695e-05	 1.21843404139938791555e-05	 1.23033553247075104768e-05	 5.16490370986950105697e-03	 5.16254875948825384807e-03	 5.12541446700133344894e-03	 5.75080327742704018601e-03	 2.33429359483122884911e-03	 2.81786202886679304144e-03	 5.15137492015802465894e-03	 3.01821232368094766153e-05	 3.09179668963477998172e-05	 3.09176733879007608371e-05	 3.09179434675489276112e-05	 
 -1.79999999999999993339e-01	 1.22886157325309493303e-05	 1.21432905142313038986e-05	 1.22619515014434080015e-05	 5.12990201887264258424e-03	 5.12760645846208930332e-03	 5.09038846781357211257e-03	 5.71301874474726238684e-03	 2.34801293989917456498e-03	 2.83055769300375771602e-03	 5.11627502430854041310e-03	 3.00511028581093563321e-05	 3.08016237177988498521e-05	 3.08013299813056319262e-05	 3.08016000419793052286e-05	 
 -1.59999999999999920064e-01	 1.22342126251540304633e-05	 1.20889695265331907192e-05	 1.22072126925579868431e-05	 5.08975335703377475272e-03	 5.08751017102924887187e-03	 5.05019105237672176478e-03	 5.66895981151687659155e-03	 2.36012136899317517130e-03	 2.84096770266326157511e-03	 5.07603775844728613564e-03	 2.98867601116863496568e-05	 3.06515136283421236346e-05	 3.06512199804105100478e-05	 3.06514897707461982253e-05	 
 -1.39999999999999902300e-01	 1.21661326576332287641e-05	 1.20212085449822192614e-05	 1.21389613918083086899e-05	 5.04449854475504631812e-03	 5.04229426127745378183e-03	 5.00484561299104849935e-03	 5.61863522649639745427e-03	 2.37053558292802009355e-03	 2.84898109707591848036e-03	 5.03069880011510622841e-03	 2.96888157110385113725e-05	 3.04672625392047874014e-05	 3.04669693095918941354e-05	 3.04672385580746326781e-05	 
 -1.20000000000000009437e-01	 1.20842680045564066768e-05	 1.19398977662155372412e-05	 1.20570824047251553391e-05	 4.99419716803833381447e-03	 4.99201821502487635279e-03	 4.95440596608610547835e-03	 5.56208389298959438030e-03	 2.37917292974097532507e-03	 2.85449017118861786066e-03	 4.98031831182400592378e-03	 2.94571367425820023476e-05	 3.02486488703653930621e-05	 3.02483563949975548803e-05	 3.02486248139858511323e-05	 
 -1.00000000000000005551e-01	 1.19886345358055362712e-05	 1.18450228395203658363e-05	 1.19615622889498690557e-05	 4.93893237582308450295e-03	 4.93677703857561041983e-03	 4.89897180707877296507e-03	 5.49938930956347851037e-03	 2.38595392519638663589e-03	 2.85739583943401664196e-03	 4.92499077822494517320e-03	 2.91918185477105651541e-05	 2.99956947806551782151e-05	 2.99954033886909637375e-05	 2.99956706826078968767e-05	 
 -8.00000000000000155431e-02	 1.18792625568899894151e-05	 1.17365817228060060332e-05	 1.18524001091032936427e-05	 4.87879494115131626814e-03	 4.87667396931521987535e-03	 4.83865118042273948534e-03	 5.43064294458829935341e-03	 2.39079483293297553534e-03	 2.85759445314493192719e-03	 4.86481884057662818804e-03	 2.88929908568901224028e-05	 2.97084558443106160367e-05	 2.97081658571669736315e-05	 2.97084317224367180205e-05	 
 -5.99999999999999630851e-02	 1.17562437760461062982e-05	 1.16146413900640349976e-05	 1.17296651183740044324e-05	 4.81390234477432031601e-03	 4.81183467745836292162e-03	 4.77357442214026116145e-03	 5.35596632858524688420e-03	 2.39361407779505605889e-03	 2.85498933753146723682e-03	 4.79992940216402048936e-03	 2.85609692518100355667e-05	 2.93871632896702967284e-05	 2.93868750212528221126e-05	 2.93871391463548946765e-05	 
 -3.99999999999999383826e-02	 1.16197649431286910936e-05	 1.14793798910812505258e-05	 1.15935396002910656303e-05	 4.74441116433600880431e-03	 4.74241545197098737091e-03	 4.70390196573548195064e-03	 5.27552516891973723168e-03	 2.39433644927011411371e-03	 2.84949928219199819651e-03	 4.73048336715146434950e-03	 2.81963656254268487734e-05	 2.90323284426379575780e-05	 2.90320422006974780693e-05	 2.90323042663674071775e-05	 
 -2.00000000000000281719e-02	 1.14700214727560449268e-05	 1.13309834247508943119e-05	 1.14442142898383009949e-05	 4.67048260979132084242e-03	 4.66857721617939223913e-03	 4.62979885240787959744e-03	 5.18948901703800060531e-03	 2.39288185405004240683e-03	 2.84103865542161210592e-03	 4.65664641421866150328e-03	 2.77998143447181261172e-05	 2.86444841770241764639e-05	 2.86442002625962489502e-05	 2.86444599416417208326e-05	 
 -4.82163733276643543166e-17	 1.13072899373057250634e-05	 1.11697119019490723012e-05	 1.12819468787139788309e-05	 4.59230241516074381980e-03	 4.59050412568287168752e-03	 4.55145188577409966213e-03	 5.09806182792866581510e-03	 2.38917175156306811970e-03	 2.82953146426977554875e-03	 4.57860463846942577354e-03	 2.73721348153606859285e-05	 2.82243508417694915320e-05	 2.82240695551878485064e-05	 2.82243265250729537784e-05	 
 2.00000000000001253164e-02	 1.11319792520262139885e-05	 1.09959447342686279239e-05	 1.11071020928008970709e-05	 4.51009230220702529712e-03	 4.50841401662364568703e-03	 4.46907874435706863048e-03	 5.00150097822687350613e-03	 2.38313338517481473899e-03	 2.81492194708518389187e-03	 4.49657251725980779827e-03	 2.69144406909901630701e-05	 2.77729507580399623680e-05	 2.77726724103475771635e-05	 2.77729263761190924671e-05	 
 4.00000000000001187939e-02	 1.09444977344267966386e-05	 1.08100597625026179126e-05	 1.09200426422023544218e-05	 4.42407367197160394934e-03	 4.42252433879967120356e-03	 4.38289645290486362672e-03	 4.90006154185518814914e-03	 2.37468764456590835168e-03	 2.79714958049071416718e-03	 4.41076404108425423195e-03	 2.64278404826430739129e-05	 2.72913019715091993288e-05	 2.72910268848289104668e-05	 2.72912775800237011501e-05	 
 6.00000000000000255351e-02	 1.07453027717772249923e-05	 1.06125066519645140038e-05	 1.07211972572552089616e-05	 4.33448501536991531030e-03	 4.33307108359156072791e-03	 4.29313792450005445728e-03	 4.79402833122156459000e-03	 2.36376356559102112839e-03	 2.77616588649442098263e-03	 4.32141257740679615718e-03	 2.59136129866436940581e-05	 2.67806026121218419063e-05	 2.67803311233869369178e-05	 2.67805783082720902334e-05	 
 7.99999999999999322764e-02	 1.05349285810324311426e-05	 1.04038541469607309561e-05	 1.05111040681130373686e-05	 4.24158960891414874017e-03	 4.24031780428099549368e-03	 4.20005898739233586581e-03	 4.68373330889717935654e-03	 2.35030895126116809793e-03	 2.75194720883390440969e-03	 4.22878072387884110933e-03	 2.53733136229225089719e-05	 2.62423475294631646242e-05	 2.62420799965397308047e-05	 2.62423234536271437589e-05	 
 9.99999999999999500400e-02	 1.03138914315198829759e-05	 1.01846537369627816667e-05	 1.02902832517076992972e-05	 4.14564373334135038984e-03	 4.14452111162585609683e-03	 4.10390802965991067369e-03	 4.56949746700131571170e-03	 2.33426481894128713679e-03	 2.72446395551899670992e-03	 4.13312412711738536714e-03	 2.48084502907524494719e-05	 2.56779863952151636574e-05	 2.56777231976492287247e-05	 2.56779627319370632897e-05	 
 1.20000000000000023315e-01	 1.00827920778729794755e-05	 9.95552910110102839058e-06	 1.00593485803760369088e-05	 4.04691836044135215544e-03	 4.04595174014126500450e-03	 4.00494946497357597048e-03	 4.45167057140332181331e-03	 2.31558291962175293727e-03	 2.69370614499424678237e-03	 4.03471386010986667742e-03	 2.42206961235915352543e-05	 2.50891455709599254771e-05	 2.50888870795648412436e-05	 2.50891225238474688719e-05	 
 1.40000000000000041078e-01	 9.84238072684572063451e-06	 9.71722984429206728719e-06	 9.81907939428959817055e-06	 3.94570854690573513679e-03	 3.94490346027140999924e-03	 3.90347460913567948990e-03	 4.33065149721338638056e-03	 2.29423883275628242781e-03	 2.65970288759843518853e-03	 3.93384638711409290873e-03	 2.36120093367758934332e-05	 2.44777583717228989493e-05	 2.44775048930286200999e-05	 2.44777361167136824397e-05	 
 1.59999999999999975575e-01	 9.59336933510140991944e-06	 9.47046747937241802681e-06	 9.57021668193013124739e-06	 3.84229488674475662055e-03	 3.84165564443217756943e-03	 3.79975978644175827956e-03	 4.20681768759879719244e-03	 2.27020025159446530924e-03	 2.62247592804720069948e-03	 3.83080381810688196456e-03	 2.29842465459661366453e-05	 2.38456592379286027162e-05	 2.38454110146320881079e-05	 2.38456379236995243251e-05	 
 1.79999999999999937828e-01	 9.33653265407718880740e-06	 9.21601273253916396017e-06	 9.31356484620960066120e-06	 3.73696720708410149575e-03	 3.73649560913007390550e-03	 3.69409510735504119372e-03	 4.08056362703797248503e-03	 2.24344962829047065572e-03	 2.58207107101930330439e-03	 3.72587589274025196909e-03	 2.23393969257919483909e-05	 2.31948273112710868691e-05	 2.31945845259636375217e-05	 2.31948070528285701702e-05	 
 2.00000000000000094369e-01	 9.07276290378061411239e-06	 8.95474721142237070192e-06	 9.05004592928941402601e-06	 3.63003348292385147333e-03	 3.62972653530256247900e-03	 3.58679726484191236519e-03	 3.95231618094413032771e-03	 2.21400121123601365328e-03	 2.53858166226648366420e-03	 3.61936753154351283437e-03	 2.16796982649455053814e-05	 2.25275128830493067702e-05	 2.25272756663830510686e-05	 2.25274937509778947484e-05	 
 2.20000000000000001110e-01	 8.80288863609048164317e-06	 8.68748928420572305022e-06	 8.78051792070637194068e-06	 3.52177943024048652199e-03	 3.52162945362235590280e-03	 3.47815987306195496115e-03	 3.82246954843517552577e-03	 2.18185950967867813705e-03	 2.49209072354288898796e-03	 3.51156158904210487226e-03	 2.10072239607014355032e-05	 2.18458035541280884222e-05	 2.18455719860070120839e-05	 2.18457855757034346016e-05	 
 2.39999999999999963363e-01	 8.52777537850840204202e-06	 8.41510348075196200649e-06	 8.50587309203267807228e-06	 3.41249784422934703335e-03	 3.41249423680505025239e-03	 3.36848030353462503730e-03	 3.69143110417701619808e-03	 2.14705118543375480383e-03	 2.44270409543061606944e-03	 3.40274725010626449481e-03	 2.03241418833618511374e-05	 2.11518969547497940361e-05	 2.11516710835734918043e-05	 2.11518801250117514045e-05	 
 2.59999999999999953371e-01	 8.24837019685429072074e-06	 8.13855204977268326366e-06	 8.22707963423609603144e-06	 3.30249968652423326818e-03	 3.30263214586057340938e-03	 3.25806827787194532020e-03	 3.55963864419360813060e-03	 2.10964886255254543967e-03	 2.39057396565499347130e-03	 3.29323051870679698802e-03	 1.96328262588764576558e-05	 2.04482258287780389763e-05	 2.04480057062217480198e-05	 2.04482101309699207566e-05	 
 2.80000000000000082157e-01	 7.96552956002075896141e-06	 7.85870673649238756832e-06	 7.94501508437159360203e-06	 3.19206602527032480901e-03	 3.19232459323032539619e-03	 3.14720267430568636027e-03	 3.42748610499961966352e-03	 2.06971269110910833719e-03	 2.33583701593632550586e-03	 3.18328781282602906247e-03	 1.89354211588882147287e-05	 1.97369918336761656524e-05	 1.97367775149942879635e-05	 1.97369772400249168570e-05	 
 2.99999999999999988898e-01	 7.68013743213902923886e-06	 7.57646632321377939284e-06	 7.66057853650756589916e-06	 3.08148231977438402662e-03	 3.08185736035595722604e-03	 3.03616466369115199989e-03	 3.29537626396954070468e-03	 2.02732617057745870964e-03	 2.27865296025558461759e-03	 3.07319841811653192420e-03	 1.82341194106920398324e-05	 1.90204599960068893277e-05	 1.90202515396777698214e-05	 1.90204464684262359133e-05	 
 3.20000000000000006661e-01	 7.39315344314912734340e-06	 7.29280365054130422123e-06	 7.37473349347350511606e-06	 2.97105064963239327153e-03	 2.97153279279773049545e-03	 2.92524874166078365303e-03	 3.16373883745548834315e-03	 1.98262192767480020794e-03	 2.21923022758458527923e-03	 2.96325553710556676215e-03	 1.75312643624490717485e-05	 1.83010735556512208399e-05	 1.83008710221084986748e-05	 1.83010610469894678231e-05	 
 3.39999999999999968914e-01	 7.10541979106903496936e-06	 7.00857459770779193123e-06	 7.08832699339592558905e-06	 2.86103619867776430563e-03	 2.86161638319417993212e-03	 2.81471136679148619536e-03	 3.03294944408664685770e-03	 1.93571533517141445603e-03	 2.15775474385829918456e-03	 2.85371596191552829094e-03	 1.68289074420236114981e-05	 1.75809789098784785587e-05	 1.75807823619882377367e-05	 1.75809673647091576742e-05	 
 3.59999999999999931166e-01	 6.81783245050302570770e-06	 6.72464430635709337249e-06	 6.80222037039072852127e-06	 2.75170210216729152139e-03	 2.75237197124212707236e-03	 2.70481029046268622168e-03	 2.90337623639905229034e-03	 1.88674330961503518636e-03	 2.09443223255235955182e-03	 2.74483540778212159461e-03	 1.61291159894613192959e-05	 1.68623392555649981794e-05	 1.68621487515032470632e-05	 1.68623286185866462842e-05	 
 3.80000000000000059952e-01	 6.53141824656722679645e-06	 6.44192960327045171365e-06	 6.51733567307278423671e-06	 2.64331912633693514800e-03	 2.64407171378631695308e-03	 2.59581741252264911607e-03	 2.77538860730352316894e-03	 1.83589046083879785590e-03	 2.02951387329400843862e-03	 2.63687895992866265168e-03	 1.54340709247315638754e-05	 1.61474360915445146279e-05	 1.61472516715619200580e-05	 1.61474263223109053029e-05	 
 4.00000000000000077716e-01	 6.24705617937667835029e-06	 6.16120746300170174281e-06	 6.23445490342320452994e-06	 2.53611570204056091180e-03	 2.53694542864108234931e-03	 2.48796024801904193391e-03	 2.64929557996885058427e-03	 1.78331746739335099405e-03	 1.96321997875178793844e-03	 2.53006973181159940806e-03	 1.47456083905705868594e-05	 1.54381981625546335266e-05	 1.54380198508064169188e-05	 1.54381892350242944621e-05	 
 4.19999999999999984457e-01	 5.96558810808922873744e-06	 5.88325184796503859936e-06	 5.95435503413049839699e-06	 2.43031288530600126166e-03	 2.43121494988119074901e-03	 2.38146042419686877756e-03	 2.52539884110848525736e-03	 1.72920528311461501984e-03	 1.89578863802978983891e-03	 2.42462689228002377731e-03	 1.40655501335974461222e-05	 1.47365426909331845843e-05	 1.47363705067557105200e-05	 1.47365345853775884968e-05	 
 4.39999999999999946709e-01	 5.68783296925968044383e-06	 5.60887295078738839908e-06	 5.67784583279736325797e-06	 2.32613139867405248340e-03	 2.32710069893477585617e-03	 2.27654262099720927290e-03	 2.40400305449504350305e-03	 1.67378261278080305713e-03	 1.82750248356438552838e-03	 2.32077531161061119402e-03	 1.33957914049814548300e-05	 1.40444702523928742526e-05	 1.40443042292683098980e-05	 1.40444629411169389255e-05	 
 4.60000000000000131006e-01	 5.41445122377449239410e-06	 5.33872353423982154869e-06	 5.40557983239867222391e-06	 2.22374623682491338178e-03	 2.22477745794278421870e-03	 2.17338287669836425706e-03	 2.28534864629839672492e-03	 1.61724619978136086029e-03	 1.75860422336723831727e-03	 2.21869394608049897918e-03	 1.27378441232812516869e-05	 1.33635862068911841005e-05	 1.33634263925953301731e-05	 1.33635796553130852319e-05	 
 4.80000000000000037748e-01	 5.14608442147534798499e-06	 5.07344078827496694517e-06	 5.13818550008562625843e-06	 2.12332666392123572963e-03	 2.12441608651824402274e-03	 2.07215432413498630917e-03	 2.16966309403662706984e-03	 1.55980601422987330898e-03	 1.68934536207799592365e-03	 2.11855793949138494076e-03	 1.20931791839446569671e-05	 1.26954550303324421862e-05	 1.26953014708665060865e-05	 1.26954491926601556321e-05	 
 5.00000000000000000000e-01	 4.88338476904177633221e-06	 4.81367833379844060920e-06	 4.87629302148066260845e-06	 2.02504464267228272839e-03	 2.02619328237147030766e-03	 1.97303874188491492128e-03	 2.05716653606947963429e-03	 1.50170976499560153081e-03	 1.62000850050408786579e-03	 2.02054852474508467308e-03	 1.14632976996439333152e-05	 1.20416779741275345569e-05	 1.20415306848234055534e-05	 1.20416727856897153238e-05	 
 5.20000000000000128786e-01	 4.62683709351899750907e-06	 4.55992236591641075002e-06	 4.62036708477226056154e-06	 1.92902427343240420905e-03	 1.93023767763358402270e-03	 1.87616584818436882807e-03	 1.94801513834173931246e-03	 1.44316513203128992358e-03	 1.55082844278614951500e-03	 1.92479856430793796855e-03	 1.08492977701080540835e-05	 1.14034374909029940820e-05	 1.14032964608362205914e-05	 1.14034328700663251880e-05	 
 5.40000000000000035527e-01	 4.37689739391569655194e-06	 4.31264440039151993939e-06	 4.37088728476730849226e-06	 1.83538986873854506436e-03	 1.83667208002110163810e-03	 1.78166138518656225545e-03	 1.84235136821250117256e-03	 1.38438975952461895517e-03	 1.48204030969579874343e-03	 1.83143729192279192466e-03	 1.02522392286567913229e-05	 1.07818786325981260115e-05	 1.07817438170399812892e-05	 1.07818744813781681552e-05	 
 5.60000000000000053291e-01	 4.13401254829533405409e-06	 4.07233165601616945128e-06	 4.12840026127344863544e-06	 1.74427772974855826299e-03	 1.74562080372788939152e-03	 1.68965713373073504397e-03	 1.74030655723467035656e-03	 1.32563520652624741367e-03	 1.41389691105255239922e-03	 1.74059931026192683638e-03	 9.67320931459244331865e-06	 1.01781829547655644887e-05	 1.01780542606089757156e-05	 1.01781791598094192999e-05	 
 5.79999999999999849010e-01	 3.89846182713328459781e-06	 3.83929991451405850576e-06	 3.89327531068020733942e-06	 1.65577461511159560424e-03	 1.65715965199503007660e-03	 1.60023106195362097189e-03	 1.64195164517480572501e-03	 1.26710561545299101212e-03	 1.34659796833310136180e-03	 1.65237005333514707338e-03	 9.11288795425950014348e-06	 9.59310439993759947962e-06	 9.59298169240847609974e-06	 9.59310083379465883973e-06	 
 5.99999999999999977796e-01	 3.67054125340768064669e-06	 3.61385194600106535149e-06	 3.66584400378912826358e-06	 1.56996343969253515996e-03	 1.57136693430098514125e-03	 1.51346385786309636269e-03	 1.54734710791914207087e-03	 1.20900349342123914105e-03	 1.28033848102615554522e-03	 1.56683120329568245470e-03	 8.57193534480777077802e-06	 9.02736394412074605981e-06	 9.02724705908223617665e-06	 9.02736048353096183169e-06	 
 6.20000000000000106581e-01	 3.45060983243162610498e-06	 3.39630289007228631422e-06	 3.44640868177920613690e-06	 1.48693012684943787725e-03	 1.48833480767125909440e-03	 1.42945208393431685487e-03	 1.45654381590821515279e-03	 1.15154599066684295953e-03	 1.21532228687655442963e-03	 1.48406749714617702818e-03	 8.05105402841224202111e-06	 8.48171072145541644286e-06	 8.48159948506808023785e-06	 8.48170727926286934471e-06	 
 6.39999999999999902300e-01	 3.23885261140568364059e-06	 3.18679885376699733018e-06	 3.23510474247881523163e-06	 1.40671205859767278756e-03	 1.40810629243549715640e-03	 1.34823666546209325161e-03	 1.36953783582078854678e-03	 1.09489887646846005727e-03	 1.15169777951980366153e-03	 1.40411552590431927545e-03	 7.55054735697262697754e-06	 7.95647335811242678268e-06	 7.95636758970483794976e-06	 7.95646987852912302883e-06	 
 6.60000000000000031086e-01	 3.03541508622811705758e-06	 2.98548222691409566692e-06	 3.03205945405317570779e-06	 1.32934587904231182008e-03	 1.33072304906865540759e-03	 1.26986087287202947284e-03	 1.28631822821194050088e-03	 1.03922670036299684589e-03	 1.08961119441177410085e-03	 1.32700875342386687833e-03	 7.07070636987450099558e-06	 7.45197518550589641580e-06	 7.45187470708245739830e-06	 7.45197164707275095481e-06	 
 6.80000000000000159872e-01	 2.84040076094102454145e-06	 2.79251432825415672181e-06	 2.83741065290509348622e-06	 1.25487362453968525830e-03	 1.25623127089138269044e-03	 1.19438087667800871099e-03	 1.20686547662773695222e-03	 9.84708553133065763591e-04	 1.02922029694819797997e-03	 1.25278180816189169469e-03	 6.61185288145601694705e-06	 6.96859146799984291936e-06	 6.96849612013375303778e-06	 6.96858789021281235137e-06	 
 6.99999999999999955591e-01	 2.65375772483546402917e-06	 2.60789395928947631822e-06	 2.65113723507689702272e-06	 1.18329075545411791827e-03	 1.18463019466448146733e-03	 1.12179715636275684210e-03	 1.13111214027705481860e-03	 9.31469927472612689925e-04	 9.70626608643612655454e-04	 1.18142373441626502041e-03	 6.17393405235999635864e-06	 6.50629272043610394166e-06	 6.50620236195934618202e-06	 6.50628915831378136877e-06	 
 7.20000000000000084377e-01	 2.47545570308268543993e-06	 2.43162607608215020815e-06	 2.47322847165699553118e-06	 1.11459354816481701761e-03	 1.11591862058106573372e-03	 1.05211900087164998870e-03	 1.05899691941309945578e-03	 8.79631385994523963198e-04	 9.13924364702597968879e-04	 1.11292845836382129840e-03	 5.75689743771319646122e-06	 6.06506711838211785143e-06	 6.06498161577862346150e-06	 6.06506364406615793678e-06	 
 7.39999999999999991118e-01	 2.30551366673883932471e-06	 2.26374017907468308772e-06	 2.30370447825793847965e-06	 1.04878290231353796247e-03	 1.05009793334948304047e-03	 9.85376653758398158428e-04	 9.90467383002392037783e-04	 8.29319518503037291825e-04	 8.59207615743336921600e-04	 1.04730132352179078521e-03	 5.36071304837310116150e-06	 5.64496605955860210276e-06	 5.64488526907061605387e-06	 5.64496273195428824803e-06	 
 7.60000000000000008882e-01	 2.14379838413374288305e-06	 2.10411311483357510850e-06	 2.14243433003191094546e-06	 9.85816254391552780970e-04	 9.87126136263044530114e-04	 9.21544414265000936225e-04	 9.25427517605334286864e-04	 7.80608372727304333956e-04	 8.06517339437547923879e-04	 9.84503897850166898031e-04	 4.98501453269721008735e-06	 5.24566072808662888844e-06	 5.24558449966997088025e-06	 5.24565759511017022751e-06	 
 7.80000000000000137668e-01	 1.99019986209566405601e-06	 1.95263774562406313692e-06	 1.98931087585573823710e-06	 9.25657498487277149643e-04	 9.26967443084904707713e-04	 8.60603677715352194215e-04	 8.63789491198969851433e-04	 7.33570596028323821704e-04	 7.55894730284412813548e-04	 9.24505223797968708581e-04	 4.62947840803178482761e-06	 4.86686412490664948525e-06	 4.86679230537862803795e-06	 4.86686122587122865091e-06	 
 7.99999999999999933387e-01	 1.84465012317065290602e-06	 1.80923622537069908336e-06	 1.84426934668605734651e-06	 8.68281132756474152180e-04	 8.69596200988284433187e-04	 8.02550667733357829016e-04	 8.05473664297111260728e-04	 6.88287358778816109849e-04	 7.07389380387441380101e-04	 8.67286872767730689267e-04	 4.29384342959868899330e-06	 4.50836368722253672344e-06	 4.50829612493920582020e-06	 4.50836105590782341702e-06	 
 8.20000000000000062172e-01	 1.70693714735383899833e-06	 1.67369029074270929264e-06	 1.70710262260997311029e-06	 8.13620880951471093200e-04	 8.14946222531708216151e-04	 7.47328018999184940686e-04	 7.50361830888334434275e-04	 6.44789540074653831289e-04	 6.61000718942707688082e-04	 8.12789143514610094507e-04	 3.97754992882403546209e-06	 4.16959710948645891873e-06	 4.16953365709070628876e-06	 4.16959477583156110927e-06	 
 8.39999999999999857891e-01	 1.57688489473377737707e-06	 1.54581056974606619206e-06	 1.57763316615148334184e-06	 7.61620213657814818138e-04	 7.62958909637563727733e-04	 6.94890436303668957395e-04	 6.98345882314468295420e-04	 6.03106807412087555891e-04	 6.16731201522145461996e-04	 7.60956971460956190130e-04	 3.68008758966361930096e-06	 3.85007565462683548976e-06	 3.85001617000442276667e-06	 3.85007364262261123772e-06	 
 8.60000000000000097700e-01	 1.45437041924365130753e-06	 1.42544707938612329199e-06	 1.45572479397383815763e-06	 7.12235483537004788676e-04	 7.13584759416375450508e-04	 6.45212100515829317833e-04	 6.49325349912877720047e-04	 5.63273556536780079483e-04	 5.74592251875179855711e-04	 7.11739599853037437256e-04	 3.40098901655518149172e-06	 3.54940977438490738006e-06	 3.54935412208916384902e-06	 3.54940809766343590536e-06	 
 8.80000000000000115463e-01	 1.33913491317816399245e-06	 1.31232142562088999542e-06	 1.34111075226522613059e-06	 6.65385033272682894362e-04	 6.66737236659898204263e-04	 5.98216053954437753000e-04	 6.03166328159309003340e-04	 5.25278292600848181054e-04	 5.34549102154221436774e-04	 6.65049719147282870045e-04	 3.13953783834648560968e-06	 3.26689002681369673598e-06	 3.26683808068157847373e-06	 3.26688869160710256914e-06	 
 8.99999999999999911182e-01	 1.23096433540029872622e-06	 1.20619417309330250548e-06	 1.23355530186881216643e-06	 6.20995954844438813325e-04	 6.22343829721967484354e-04	 5.53841628498929778451e-04	 5.59748320365614782101e-04	 4.89114348321019833978e-04	 4.96574778690646529214e-04	 6.20812555814040292063e-04	 2.89513070704908569982e-06	 3.00190661420736898263e-06	 3.00185824952811409970e-06	 3.00190561957376757994e-06	 
 9.20000000000000039968e-01	 1.12970304347895783564e-06	 1.10687204094414395080e-06	 1.13285590918236135337e-06	 5.79003493051442365280e-04	 5.80348889157566430116e-04	 5.12051176886224872382e-04	 5.18960953130204920639e-04	 4.54785468459606965781e-04	 4.60655095138036039734e-04	 5.78967494819278977181e-04	 2.66728609323475445916e-06	 2.75396769761053652445e-06	 2.75392277766895691716e-06	 2.75396703476795720437e-06	 
 9.39999999999999835687e-01	 1.03506900574485319950e-06	 1.01404497109424673500e-06	 1.03869505268053353487e-06	 5.39308901058789709471e-04	 5.40661788028339636986e-04	 4.72758754346218996404e-04	 4.80664349372221261919e-04	 4.22253424922288528569e-04	 4.26733606944783923527e-04	 5.39419941618758409102e-04	 2.45530617647452985955e-06	 2.52228980385252123355e-06	 2.52224818655819921958e-06	 2.52228945897310200425e-06	 
 9.60000000000000075495e-01	 9.46817206881107315930e-07	 9.27446499546195341370e-07	 9.50799108309231093317e-07	 5.01829971523565449357e-04	 5.03204038676335614448e-04	 4.35893732975098987126e-04	 4.44736218299461940912e-04	 3.91485657719710356765e-04	 3.94762494428144963734e-04	 5.02088693557617405348e-04	 2.25855018443754248259e-06	 2.30620031818259630182e-06	 2.30616185083984453547e-06	 2.30620026287705511873e-06	 
 9.80000000000000093259e-01	 8.64739034487236422318e-07	 8.46855643973135002132e-07	 8.68939749220054752646e-07	 4.66502975476192375745e-04	 4.67908468427143055431e-04	 4.01403375368956883903e-04	 4.11069463398367656096e-04	 3.62457385357825513563e-04	 3.64704258644515618738e-04	 4.66905726149295034321e-04	 2.07638327840826421064e-06	 2.10514275701228024200e-06	 2.10510726635234481183e-06	 2.10514293140763201901e-06	 
 9.99999999999999888978e-01	 7.88517931262164513890e-07	 7.71947185152236417471e-07	 7.92785540841993539484e-07	 4.33231689994485768581e-04	 4.34676560172142555441e-04	 3.69192333216156285281e-04	 3.79529196038335661558e-04	 3.35106951452773934794e-04	 3.36484339275828418618e-04	 4.33771930292736187726e-04	 1.90802549999893438095e-06	 1.91829959618892025198e-06	 1.91826689687823647706e-06	 1.91829991564956259571e-06	 
 1.02000000000000001776e+00	 7.17872944700238584660e-07	 7.02444778795655267027e-07	 7.22054452962603379954e-07	 4.01935334681011494605e-04	 4.03423909652679438080e-04	 3.39179138023129925737e-04	 3.49997628213625545934e-04	 3.09381991469565421991e-04	 3.10036972481228653362e-04	 4.02604140339638601632e-04	 1.75275288013489670686e-06	 1.74497635906182739617e-06	 1.74494626441827113430e-06	 1.74497673218312651425e-06	 
 1.04000000000000003553e+00	 6.52547512239053851406e-07	 6.38119615876937636262e-07	 6.56512575380723274642e-07	 3.72548110259718291606e-04	 3.74078372592646858814e-04	 3.11293853949626807016e-04	 3.22370683976725672017e-04	 2.85240221493231931385e-04	 2.85303319573418714961e-04	 3.73334622272771031546e-04	 1.60981832092379890017e-06	 1.58459851977089809474e-06	 1.58457085894736611354e-06	 1.58459887756097371235e-06	 
 1.06000000000000005329e+00	 5.92198414302491227838e-07	 5.78650189928656014022e-07	 5.95833238039262890986e-07	 3.44974365154229506598e-04	 3.46539591666424388015e-04	 2.85432459647603359310e-04	 2.96517455161576066417e-04	 2.62606836554711976610e-04	 2.62193509052148444795e-04	 3.45866819734983788927e-04	 1.47840149517186481161e-06	 1.43635909666016073219e-06	 1.43633371559617707344e-06	 1.43635938713323857905e-06	 
 1.08000000000000007105e+00	 5.36531335937071516701e-07	 5.23768241288471637911e-07	 5.39761024628209469066e-07	 3.19132967811290222098e-04	 3.20723446353597446603e-04	 2.61504231357102118454e-04	 2.72329004401434377446e-04	 2.41421448768970733304e-04	 2.40632838169855335685e-04	 3.20118635480460829012e-04	 1.35778026893079470402e-06	 1.29958460408507902612e-06	 1.29956135731310861140e-06	 1.29958479002937817895e-06	 
 1.09999999999999986677e+00	 4.85291217321928894634e-07	 4.73255834388961625018e-07	 4.88121542808352275738e-07	 2.94954554726190867290e-04	 2.96559995934620205735e-04	 2.39424919875500359862e-04	 2.49718516997609067589e-04	 2.21639561570888650932e-04	 2.20561190677898605371e-04	 2.96019475314344862431e-04	 1.24726106314171263979e-06	 1.17372786378494907780e-06	 1.17370660230123382259e-06	 1.17372792170663791585e-06	 
 1.11999999999999988454e+00	 4.38148517109218978911e-07	 4.26811974889959368234e-07	 4.40646709945559705454e-07	 2.72343229779504212087e-04	 2.73953303591046573237e-04	 2.19086275926437252896e-04	 2.28569498703410788239e-04	 2.03186595292947073292e-04	 2.01890444998506772990e-04	 2.73473036781224593337e-04	 1.14611980793797239956e-06	 1.05803325510675464001e-06	 1.05801383117889987931e-06	 1.05803317071894093567e-06	 
 1.14000000000000012434e+00	 3.94835103092737327369e-07	 3.84188856157478228537e-07	 3.97097302871496988400e-07	 2.51217868709420022282e-04	 2.52824906289028379213e-04	 2.00394478899292244421e-04	 2.08788762897022661799e-04	 1.86001877131364648250e-04	 1.84548339168960450060e-04	 2.52399965628114029536e-04	 1.05373933520568970332e-06	 9.51879564940112263895e-07	 9.51861835497924811558e-07	 9.51879332121037550343e-07	 
 1.15999999999999992006e+00	 3.55141195794779732407e-07	 3.45186635929366143217e-07	 3.57243754127899698891e-07	 2.31508155158651043664e-04	 2.33111740056986542664e-04	 1.83260536725356871059e-04	 1.90309308572263088640e-04	 1.70038133325761849080e-04	 1.68476989855085950137e-04	 2.32735382569617858068e-04	 9.69541609403160205622e-07	 8.54767914970735359782e-07	 8.54751747919907253298e-07	 8.54767535864611344582e-07	 
 1.18000000000000015987e+00	 3.18784371139337369928e-07	 3.09531187555373097418e-07	 3.20789095829199146896e-07	 2.13119636545262874016e-04	 2.14725933103649036958e-04	 1.67580700316127996366e-04	 1.73029229428806898515e-04	 1.55220958007842889988e-04	 1.53592967359892279338e-04	 2.14390000368851202242e-04	 8.92948368230553019051e-07	 7.66012122017351770721e-07	 7.65997397195691435501e-07	 7.66011603304011354270e-07	 
 1.19999999999999973355e+00	 2.85545986681018099644e-07	 2.76998824258762663792e-07	 2.87498298559296510506e-07	 1.95977446749951090188e-04	 1.97595293930715034747e-04	 1.53260490360247042790e-04	 1.56875623961079993214e-04	 1.41489501434187181809e-04	 1.39826871570705241676e-04	 1.97291796161315930195e-04	 8.23368018013924113741e-07	 6.85053218443313893454e-07	 6.85039824669258885208e-07	 6.85052572352796127042e-07	 
 1.21999999999999997335e+00	 2.55272812407602648765e-07	 2.47409007933944047595e-07	 2.57195635966339438837e-07	 1.80025383710132486645e-04	 1.81660053804444046469e-04	 1.40199496632250302083e-04	 1.41814168349390506974e-04	 1.28794562746594820710e-04	 1.27120072998728822706e-04	 1.81383817060994919973e-04	 7.60048542611558143518e-07	 6.11442303402714102907e-07	 6.11430135384110518776e-07	 6.11441550554255518305e-07	 
 1.24000000000000021316e+00	 2.27738759560301704635e-07	 2.20516515640188139602e-07	 2.29639523488547455035e-07	 1.65182786278846114453e-04	 1.66837741697611614648e-04	 1.28293186134451655785e-04	 1.27766639895469859712e-04	 1.17063177451514136007e-04	 1.15391678776347771573e-04	 1.66585861265149359723e-04	 7.02309607864029454838e-07	 5.44566735377792444072e-07	 5.44555695500626172244e-07	 5.44565901120846526995e-07	 
 1.25999999999999978684e+00	 2.02762159761394601404e-07	 1.96124246335065410937e-07	 2.04625077002150255009e-07	 1.51387201241741511460e-04	 1.53063013851560111639e-04	 1.17446181640504151425e-04	 1.14684996255836821333e-04	 1.06237823059382848140e-04	 1.04578205841782204957e-04	 1.52833633391558906594e-04	 6.49601022780217924587e-07	 4.83934683439578825726e-07	 4.83924682042986285212e-07	 4.83933797019447693445e-07	 
 1.28000000000000002665e+00	 1.80197127877780262718e-07	 1.74074606020099723393e-07	 1.81967445540303500726e-07	 1.38593188242163914544e-04	 1.40285102098354106607e-04	 1.07555299253589718494e-04	 1.02564935680388993281e-04	 9.62748041850285395408e-05	 9.46321164124586773018e-05	 1.40075661557905438177e-04	 6.01446843824360269330e-07	 4.29154364866601634637e-07	 4.29145322166844446233e-07	 4.29153458670732725806e-07	 
 1.30000000000000026645e+00	 1.59839006277969321363e-07	 1.54154190781435347062e-07	 1.61432166626268585513e-07	 1.26731468315255055030e-04	 1.28431473568820691059e-04	 9.85194133502616622468e-05	 9.13495482394111263727e-05	 8.71086408561763333742e-05	 8.54841287635332256227e-05	 1.28238867511152378762e-04	 5.57413111871041959342e-07	 3.79692710532220517232e-07	 3.79684557225070401068e-07	 3.79691818697560495092e-07	 
 1.32000000000000006217e+00	 1.41514819674873936309e-07	 1.36194644950451741303e-07	 1.42846158259182127402e-07	 1.15748047748831774865e-04	 1.17445965645251394131e-04	 9.02489268456540524648e-05	 8.10074825603547722533e-05	 7.86883235070381231984e-05	 7.70810265890730685057e-05	 1.17267722750543347218e-04	 5.17114693203443582743e-07	 3.35129239984790894608e-07	 3.35121915620904860148e-07	 3.35128394833786630594e-07	 
 1.34000000000000007994e+00	 1.25064777720875119207e-07	 1.20063680799958892232e-07	 1.26097828641237299648e-07	 1.05601413206598448080e-04	 1.07286204871449180644e-04	 8.26515125151577602055e-05	 7.15452124159831253985e-05	 7.09750180972567565373e-05	 6.93841213547730849233e-05	 1.07122477721391560980e-04	 4.80137117553164005750e-07	 2.95133860707073507184e-07	 2.95127312563144785847e-07	 2.95133086296682336587e-07	 
 1.35999999999999987566e+00	 1.10290185163232936557e-07	 1.05580864722703698208e-07	 1.11018990542297174204e-07	 9.62284852901133255050e-05	 9.78890437486810126039e-05	 7.56354908192417391090e-05	 6.29142191579814635902e-05	 6.39102877021827727334e-05	 6.23338549074589398690e-05	 9.77421468578291204737e-05	 4.46107235255170360593e-07	 2.59255251819533425430e-07	 2.59249436668840575649e-07	 2.59254567084689151960e-07	 
 1.37999999999999989342e+00	 9.70376467136750458342e-08	 9.26066172314593930256e-08	 9.74799976728187037587e-08	 8.75803511387570531250e-05	 8.92069808787722884000e-05	 6.91264091296364349302e-05	 5.50809904150983443982e-05	 5.74495761494399906832e-05	 5.58854784247554713973e-05	 8.90794042610278433798e-05	 4.14746582650009980632e-07	 2.27143861787432358321e-07	 2.27138740375109377542e-07	 2.27143282375736034978e-07	 
 1.40000000000000013323e+00	 8.51891783479339170422e-08	 8.10333065587381566760e-08	 8.53820788281787696315e-08	 7.96186336489416350906e-05	 8.12056877827807804381e-05	 6.30611879771739045021e-05	 4.80307314361212104453e-05	 5.15597243443629990817e-05	 5.00074552637738952766e-05	 8.10969292778485029930e-05	 3.85842703784702946613e-07	 1.98529354106417226689e-07	 1.98524882678330620715e-07	 1.98528893697936672086e-07	 
 1.41999999999999992895e+00	 7.45894748095933028096e-08	 7.07120134317904360537e-08	 7.45797166039422724364e-08	 7.22856900199189190449e-05	 7.38311705363861516416e-05	 5.73672971821688828815e-05	 4.17039174082930473911e-05	 4.61899054329948977092e-05	 4.46485849573919358073e-05	 7.37385763717211204773e-05	 3.59192647141826027728e-07	 1.73038506303354473794e-07	 1.73034643049465416494e-07	 1.73038179276195002564e-07	 
 1.44000000000000016875e+00	 6.51222939257707178057e-08	 6.15295904688572116517e-08	 6.49614719484195713986e-08	 6.55386945485123261499e-05	 6.70424711682570247063e-05	 5.19969554697468006781e-05	 3.60553102000541194033e-05	 4.13022950694288027047e-05	 3.97717184514503055903e-05	 6.69629552982939341534e-05	 3.34548025019145191640e-07	 1.50387204340405687630e-07	 1.50383904419637857811e-07	 1.50387018148786360852e-07	 
 1.45999999999999996447e+00	 5.67028947928189682994e-08	 5.33999227716458800666e-08	 5.64407939401079640610e-08	 5.93467279559059266770e-05	 6.08080370922322240869e-05	 4.69340124181152573116e-05	 3.10523557901454060450e-05	 3.68695396353578043469e-05	 3.53524097499925178548e-05	 6.07406823442516963728e-05	 3.11516812972152527363e-07	 1.30358060554114674612e-07	 1.30355267036630966191e-07	 1.30358001599466483940e-07	 
 1.47999999999999998224e+00	 4.92108075263348097816e-08	 4.62021547585525690151e-08	 4.88943554853776174006e-08	 5.36605791100107029374e-05	 5.50788623086223647768e-05	 4.21359016067220974408e-05	 2.66302981506216104543e-05	 3.28484253201073952868e-05	 3.13477949235508969515e-05	 5.50245365473638780489e-05	 2.89730375143123552264e-07	 1.12648117650242435939e-07	 1.12645770529006010935e-07	 1.12648160553186512800e-07	 
 1.50000000000000000000e+00	 4.25615502550139956044e-08	 3.98460746689742094183e-08	 4.22294472159905368928e-08	 4.84453623332282753825e-05	 4.98201486500300639269e-05	 3.75900281788627509388e-05	 2.27399777923288824396e-05	 2.92074644708249232230e-05	 2.77272889965946340196e-05	 4.97799889920592670417e-05	 2.68991500985904121671e-07	 9.70306971190759874974e-08	 9.70287348434392141809e-08	 9.70308099534241623780e-08	 
 1.52000000000000001776e+00	 3.67028338929245149119e-08	 3.42637833739701634270e-08	 3.63747572489198338248e-08	 4.36782680272720797419e-05	 4.50088783372232931201e-05	 3.33328086467264220476e-05	 1.93437612288372596137e-05	 2.59242467186649083375e-05	 2.44708262231813712716e-05	 4.49819272065326577299e-05	 2.49332193420159031057e-07	 8.33339699532356888332e-08	 8.33323312910367662453e-08	 8.33341206248421055647e-08	 
 1.54000000000000003553e+00	 3.15472964300363438850e-08	 2.93587142581300645421e-08	 3.12300703123775435372e-08	 3.93189704149330809119e-05	 4.06052785056667319232e-05	 2.93552638589170113647e-05	 1.63816324346960041295e-05	 2.29624342318938314401e-05	 2.15421077840224212130e-05	 4.05891775040486711755e-05	 2.30704125736216582200e-07	 7.13163129115311660426e-08	 7.13149402992316942977e-08	 7.13164698377594936622e-08	 
 1.56000000000000027534e+00	 2.70285199048706652838e-08	 2.50609157775164482762e-08	 2.67228090671099232411e-08	 3.53391002574014221975e-05	 3.65809096824339121637e-05	 2.56636755255822136791e-05	 1.38094314120287232016e-05	 2.02956954712828426294e-05	 1.89152280743879493000e-05	 3.65723801361368032557e-05	 2.13103420262830419934e-07	 6.08021558841340463658e-08	 6.08009977024384595105e-08	 6.08022924612064002616e-08	 
 1.58000000000000007105e+00	 2.30918317233376802629e-08	 2.13200417951949889712e-08	 2.28003656877471867894e-08	 3.17194036055277008620e-05	 3.29153365802147684915e-05	 2.22939668878653061729e-05	 1.15944294402332359964e-05	 1.79046869728729966603e-05	 1.65721581342182950887e-05	 3.29107673383778918464e-05	 1.96597712868920581793e-07	 5.16638688341743216060e-08	 5.16628849385343565628e-08	 5.16639722389997391401e-08	 
 1.60000000000000008882e+00	 1.96597462472247773121e-08	 1.80616523774754962905e-08	 1.93863380384345112997e-08	 2.84251884416413158261e-05	 2.95735982379854147543e-05	 1.92352166100649521637e-05	 9.68770560822191037780e-06	 1.57583509198718562196e-05	 1.44816468512378318057e-05	 2.95689931147685955187e-05	 1.81172576559564974259e-07	 4.37157431751294881151e-08	 4.37149023696936243812e-08	 4.37158082507687867102e-08	 
 1.61999999999999988454e+00	 1.66765278389649840520e-08	 1.52329766869735388707e-08	 1.64249683848487739487e-08	 2.54322793926191948507e-05	 2.65313230435309416763e-05	 1.64828260523599060255e-05	 8.05399732665884523228e-06	 1.38352344016660786180e-05	 1.26215902116786721855e-05	 2.65232821812972224546e-05	 1.66780493033571624968e-07	 3.68258873297365082271e-08	 3.68251652154964878744e-08	 3.68259146273668578872e-08	 
 1.64000000000000012434e+00	 1.41007288700220130313e-08	 1.27967945886883177760e-08	 1.38730009764195389884e-08	 2.27237274362134105961e-05	 2.37713993813398280649e-05	 1.40429343941390132283e-05	 6.66736469184105440798e-06	 1.21210449282277044785e-05	 1.09761165099082254608e-05	 2.37589485445666857746e-05	 1.53308761265799090844e-07	 3.09006453697348934182e-08	 3.09000236266861233939e-08	 3.09006404888683387764e-08	 
 1.66000000000000014211e+00	 1.18730390477576158118e-08	 1.06963298942644896764e-08	 1.16701187476463752698e-08	 2.02694420506446769110e-05	 2.12639178976112306685e-05	 1.18879352627084045101e-05	 5.49036032847221924249e-06	 1.05910058728219489413e-05	 9.51895168391302020695e-06	 2.12476299886196058847e-05	 1.40601259284460916988e-07	 2.57993677215408796802e-08	 2.57988326843669377855e-08	 2.57993381619936020884e-08	 
 1.67999999999999993783e+00	 9.95194289197655687886e-09	 8.89238805069017627726e-09	 9.77316360945701873247e-09	 1.80491302182964689894e-05	 1.89887719396252434626e-05	 9.99898586277929917821e-06	 4.49644495438905755108e-06	 9.22810831173599452446e-06	 8.23188899779016200746e-06	 1.89700690374552362533e-05	 1.28578740456597675551e-07	 2.14246895570312447262e-08	 2.14242308131852966047e-08	 2.14246436161169662105e-08	 
 1.70000000000000017764e+00	 8.30761069058640073388e-09	 7.35825907327654758155e-09	 8.14914072100185194579e-09	 1.60491496680378017742e-05	 1.69326581416160379422e-05	 8.36505232901642729383e-06	 3.66602215178776279109e-06	 8.02061546823526987484e-06	 7.10190821356220262830e-06	 1.69130103307338292083e-05	 1.17265266339571349769e-07	 1.77095800946251073508e-08	 1.77091896524568472131e-08	 1.77095256282758643594e-08	 
 1.71999999999999997335e+00	 6.89568790959278786906e-09	 6.05166843790172291987e-09	 6.75174181947060516678e-09	 1.42444059598481125538e-05	 1.50706842689277760206e-05	 6.95320996222878710423e-06	 2.97175057334624147826e-06	 6.94792745965765054733e-06	 6.10773317692280094329e-06	 1.50516330825433677833e-05	 1.06594187194290417166e-07	 1.45498589723278514806e-08	 1.45495312071850321213e-08	 1.45498030634483823122e-08	 
 1.73999999999999999112e+00	 5.68676158480050000519e-09	 4.94416008444883496005e-09	 5.55205663750040399375e-09	 1.26182823405882193362e-05	 1.33868442534169373618e-05	 5.74106424732793852567e-06	 2.39456485490767002590e-06	 5.99685881965958787488e-06	 5.23503145900145238836e-06	 1.33697078402745366530e-05	 9.65548488748153611253e-08	 1.18752289926612923177e-08	 1.18749590786764937988e-08	 1.18751774047477494665e-08	 
 1.76000000000000023093e+00	 4.66236310905122426714e-09	 4.01690659130690384975e-09	 4.53609626537794780610e-09	 1.11595596883391699310e-05	 1.18714925481423585384e-05	 4.71377811594961032993e-06	 1.92027031857672373435e-06	 5.15994824369510500582e-06	 4.47388916689565299591e-06	 1.18567713126364358221e-05	 8.72278758861361853607e-08	 9.63873472952389515306e-09	 9.63851652982688968435e-09	 9.63869048865264049730e-09	 
 1.78000000000000002665e+00	 3.79089601617227823487e-09	 3.23915992091819350172e-09	 3.67450746900906043671e-09	 9.84705275383507723779e-06	 1.05043197252910640635e-05	 3.84211611441665702358e-06	 1.52980436350271320543e-06	 4.42145612843302021394e-06	 3.80755589847733110287e-06	 1.04920479190352056089e-05	 7.85903973156477030772e-08	 7.76507016096953533212e-09	 7.76489807696243693450e-09	 7.76503494147766975796e-09	 
 1.80000000000000004441e+00	 3.05288761625302148001e-09	 2.59066148255207325590e-09	 2.94864920970789082778e-09	 8.66747795395824624238e-06	 9.27245956091527966331e-06	 3.10695286618334322464e-06	 1.21025686025001837503e-06	 3.77159559832844712706e-06	 3.22561071348751519488e-06	 9.26252619529547144273e-06	 7.06219707917200471141e-08	 6.20456952977584685906e-09	 6.20443766104263060733e-09	 6.20454356466745004593e-09	 
 1.81999999999999984013e+00	 2.43889890217475749069e-09	 2.05820774538696776074e-09	 2.34823168714483158549e-09	 7.61306221685605655236e-06	 8.16807839315952982412e-06	 2.49625050248884976275e-06	 9.52272962061211723722e-07	 3.20510391776651499588e-06	 2.72236163831932458462e-06	 8.16061449326008168654e-06	 6.33004151714972133163e-08	 4.92471282677425703952e-09	 4.92461345847305945765e-09	 4.92469405461648706630e-09	 
 1.84000000000000007994e+00	 1.92729900556762226186e-09	 1.62001590921283356155e-09	 1.85126744661696444182e-09	 6.66663284821192381402e-06	 7.17371225485154023104e-06	 1.98778460612103731077e-06	 7.43389467942675103734e-07	 2.70950941798292860727e-06	 2.28573095876524244141e-06	 7.16912766902599628358e-06	 5.65355669773037936310e-08	 3.87253836049971147441e-09	 3.87246399513070756130e-09	 3.87252380468570825510e-09	 
 1.86000000000000009770e+00	 1.50487414813490838704e-09	 1.26205860748331218299e-09	 1.44389164621305008221e-09	 5.81787923012832979312e-06	 6.27915605605513485639e-06	 1.56741049766132974235e-06	 5.75406250252769286985e-07	 2.27735196843325717996e-06	 1.90829684035007827384e-06	 6.27779449694484386338e-06	 5.02939972673439890913e-08	 3.01392214697736885556e-09	 3.01386617490028841898e-09	 3.01390915787080646481e-09	 
 1.87999999999999989342e+00	 1.16504311619539164710e-09	 9.75349199902998495074e-10	 1.11804853564000811638e-09	 5.06157083514534760952e-06	 5.47996082714800919922e-06	 1.22646489338114052701e-06	 4.42542823437478396397e-07	 1.90501453033485282807e-06	 1.58590267684737504193e-06	 5.48149965281889785848e-06	 4.46157777744962078005e-08	 2.32694481256015744856e-09	 2.32690279163796662825e-09	 2.32693297352577644542e-09	 
 1.89999999999999991118e+00	 8.92367883883797703053e-10	 7.45116322157940254771e-10	 8.58133803336668834656e-10	 4.38331347149108119970e-06	 4.76196794414644360285e-06	 9.49203393500778453987e-07	 3.37061706808228273367e-07	 1.58269525269955840940e-06	 1.30921945005741563528e-06	 4.76577881589883079795e-06	 3.94582831755993756110e-08	 1.77589426048677481038e-09	 1.77586337880707141808e-09	 1.77588416841553040666e-09	 
 1.92000000000000015099e+00	 6.76611214901064068008e-10	 5.61996062229355612004e-10	 6.53755248417314554191e-10	 3.77556464687477982058e-06	 4.11767880018744643036e-06	 7.25738358088336548229e-07	 2.54012423071023114647e-07	 1.30485455909328713512e-06	 1.07276349616513696917e-06	 4.12301319786371830056e-06	 3.47971510095117058567e-08	 1.33810325068356278803e-09	 1.33808138875261120578e-09	 1.33809560132630408721e-09	 
 1.93999999999999994671e+00	 5.10201172428795938766e-10	 4.19920414021245541773e-10	 4.96942065077860896992e-10	 3.23714564473425207240e-06	 3.54565050337498689927e-06	 5.49872328291672632949e-07	 1.89991039702961490035e-07	 1.06935773852376185846e-06	 8.73819018479344160512e-07	 3.55186661594838081390e-06	 3.06208311161495011815e-08	 9.98813100802603363183e-10	 9.98797866114028657247e-10	 9.98807503995079509613e-10	 
 1.95999999999999996447e+00	 3.82152506188230692432e-10	 3.09386112428456844011e-10	 3.77262475521342379836e-10	 2.75695485911369625090e-06	 3.03445648679721919136e-06	 4.11005831347593142172e-07	 1.40433468256900938356e-07	 8.68780232167538586503e-07	 7.05428230179252152336e-07	 3.04100389045314707149e-06	 2.68644612504398984573e-08	 7.35129283497672755206e-10	 7.35118570318474544726e-10	 7.35124974356789809537e-10	 
 1.97999999999999998224e+00	 2.85044714633184527752e-10	 2.24446281929467779629e-10	 2.87215501964520381018e-10	 2.32976386105830530270e-06	 2.57858976911131603047e-06	 3.02602132360569671250e-07	 1.02467804168815233228e-07	 6.98964111417047938034e-07	 5.63707529630688443662e-07	 2.58504983664694403580e-06	 2.34875426354762326853e-08	 5.32723310335959465038e-10	 5.32715446953907388163e-10	 5.32719574346609792002e-10	 
 2.00000000000000000000e+00	 2.12463078973336669109e-10	 1.61137814180522336504e-10	 2.19186675305563356407e-10	 1.95633162878982367862e-06	 2.17840596381542369250e-06	 2.20519338229588385635e-07	 7.40920741622999728533e-08	 5.58196397578156276297e-07	 4.47067779176707996049e-07	 2.18464405102343659176e-06	 2.04613911376432370262e-08	 3.82038969153527176578e-10	 3.82033128352494818055e-10	 3.82035727408867184310e-10	 
 2.02000000000000001776e+00	 1.57753386506830726389e-10	 1.13822161360714156771e-10	 1.66295186217582838875e-10	 1.62755033298439598803e-06	 1.82435553317236803615e-06	 1.58199224568437952407e-07	 5.27428157810546609434e-08	 4.40733662926180552101e-07	 3.50504870506858803973e-07	 1.83042394478854099604e-06	 1.77118458623792787034e-08	 2.69558785444355338206e-10	 2.69554588053668151500e-10	 2.69556183752836124383e-10	 
 2.04000000000000003553e+00	 1.16931103270088920360e-10	 7.90137605881192306137e-11	 1.24855303600396308965e-10	 1.33950584500936180268e-06	 1.51243874640069662496e-06	 1.11602184387005741925e-07	 3.68824119362589290439e-08	 3.43483842360296809448e-07	 2.71248052423153650421e-07	 1.51839584432761932378e-06	 1.52151892547031264831e-08	 1.86920602389695266255e-10	 1.86917816578011806371e-10	 1.86918783458262958884e-10	 
 2.06000000000000005329e+00	 8.72387087768983884585e-11	 5.42936032450760699409e-11	 9.33899980379046845637e-11	 1.09374439179844289448e-06	 1.24459335305432619482e-06	 7.79613699854639861132e-08	 2.55270671714511473857e-08	 2.65320257172597814541e-07	 2.08076250105518490975e-07	 1.25024296890341582476e-06	 1.30094811291238336521e-08	 1.28306657009658829648e-10	 1.28304900548295709669e-10	 1.28305478786372129929e-10	 
 2.08000000000000007105e+00	 6.58108049000446154939e-11	 3.66874100833524141512e-11	 6.94934238784912227804e-11	 8.82774854230433078287e-07	 1.01325543963129570101e-06	 5.36059692998032324512e-08	 1.73850128790767234676e-08	 2.02128373545251782387e-07	 1.57418025071848906526e-07	 1.01827118428996196199e-06	 1.10648947622297302131e-08	 8.66137355845782610872e-11	 8.66126793206949514989e-11	 8.66130134547475690868e-11	 
 2.10000000000000053291e+00	 5.03425126829278359672e-11	 2.43742920238081368348e-11	 5.17620920270864847178e-11	 7.02474053741354947517e-07	 8.14345739566114137368e-07	 3.62877576081453228433e-08	 1.16572597877566051365e-08	 1.51498089362223478466e-07	 1.17166359671143680861e-07	 8.18360405028979872954e-07	 9.36029793884350963874e-09	 5.74941423032632308813e-11	 5.74935259463927572024e-11	 5.74937081392120105474e-11	 
 2.12000000000000010658e+00	 3.77244028058167230480e-11	 1.60080845693412428879e-11	 3.92196243915503607115e-11	 5.51172820401147594546e-07	 6.46416776466361668601e-07	 2.43401163388369608329e-08	 7.73705556348336036685e-09	 1.11916015373693250433e-07	 8.59511329472683270499e-08	 6.49165570694947658353e-07	 7.87246007133849820065e-09	 3.77337519538127771102e-11	 3.77334255433355190522e-11	 3.77335190928490955355e-11	 
 2.14000000000000012434e+00	 2.77937723379324914215e-11	 1.03018335331080893445e-11	 2.90946892388289685062e-11	 4.24961725302291261178e-07	 5.04909879419958482590e-07	 1.60714877870440739798e-08	 5.04498333551615300234e-09	 8.10704185003633838215e-08	 6.18044620949218443894e-08	 5.06497773644842487556e-07	 6.55342780699050077571e-09	 2.42709460781788274772e-11	 2.42707945323757591011e-11	 2.42708388488695657555e-11	 
 2.15999999999999969802e+00	 2.03745874288490402713e-11	 6.50120975652119445868e-12	 2.02239875416865783075e-11	 3.21893101815529044043e-07	 3.87565204432676912044e-07	 1.04852639446131383146e-08	 3.24381614775319763289e-09	 5.76228299808754564821e-08	 4.35948434078169434603e-08	 3.88330607544347432927e-07	 5.37586445622616061105e-09	 1.53122223528068775677e-11	 1.53121541722019908212e-11	 1.53121742032580848745e-11	 
 2.18000000000000015987e+00	 1.42639773550077898573e-11	 4.02667031710721064898e-12	 1.35589692668705431728e-11	 2.39957420914849631827e-07	 2.92547398526598365157e-07	 6.80543891981922895237e-09	 2.07582182272269622712e-09	 4.03348773669683430031e-08	 3.03128884111214225072e-08	 2.92875706824126741579e-07	 4.32298389664445405921e-09	 9.48297226855274592758e-12	 9.48294226363175359736e-12	 9.48295108017670055656e-12	 
 2.20000000000000017764e+00	 9.46619054588716306943e-12	 2.39039648961282485240e-12	 8.74768776988383559302e-12	 1.75044638175686306937e-07	 2.16014688031929805753e-07	 4.35930606032933052433e-09	 1.31222036110723769927e-09	 2.76125159005683889199e-08	 2.06318014744226129288e-08	 2.16142352317895445970e-07	 3.39504497524028007278e-09	 5.62987155916209662785e-12	 5.62985858778913879897e-12	 5.62986239988019752601e-12	 
 2.21999999999999975131e+00	 6.04796863067143355366e-12	 1.32843812406340644498e-12	 5.47429912825753591277e-12	 1.24975032254139665344e-07	 1.56013844830108620014e-07	 2.77314101578084926824e-09	 8.25198388755710841800e-10	 1.85522096239057515818e-08	 1.37918684618131538720e-08	 1.56071715000255745729e-07	 2.59882055368939272185e-09	 3.12929268393265983832e-12	 3.12928717250624621446e-12	 3.12928879248277000286e-12	 
 2.24000000000000021316e+00	 3.76984211796230739739e-12	 6.64883281473883285035e-13	 3.35241115841260626843e-12	 8.77530602684232298535e-08	 1.10632250152826132496e-07	 1.76913863781515801930e-09	 5.21431205389078689671e-10	 1.23535322251523264752e-08	 9.13458591077006107054e-09	 1.10672133905930502486e-07	 1.93659373271024786701e-09	 1.56643252400134083206e-12	 1.56643022211142931019e-12	 1.56643089879808408838e-12	 
 2.25999999999999978684e+00	 2.29066793145789313631e-12	 2.85976792886200061529e-13	 2.00476499152382704023e-12	 6.01004877742535158808e-08	 7.64033404551884005310e-08	 1.12013130961225141773e-09	 3.27680319464974749356e-10	 8.08112001725603469231e-09	 5.94308911537104249886e-09	 7.64186681326075384891e-08	 1.39202661881485081270e-09	 6.73796317610188950884e-13	 6.73795372664890105653e-13	 6.73795650481211442616e-13	 
 2.27999999999999980460e+00	 1.39483841968819794215e-12	 1.17061124624574684529e-13	 1.20590535661261530441e-12	 4.01226646215450608692e-08	 5.13246528218855577225e-08	 7.04937427983851352768e-10	 2.05169661028552289789e-10	 5.20487773015027673610e-09	 3.81218155923791300417e-09	 5.12977962972955893149e-08	 9.58676846407211393243e-10	 2.75816104513573717824e-13	 2.75815723331909501357e-13	 2.75815835410145954225e-13	 
 2.30000000000000026645e+00	 8.44730676158976834275e-13	 4.64974370631474049458e-14	 7.24065360259553858282e-13	 2.58858521438975504751e-08	 3.32467573796700895426e-08	 4.36824149571941815279e-10	 1.26713456334933029012e-10	 3.27430367311683574495e-09	 2.39173520512316460400e-09	 3.32125857918535527653e-08	 6.28857276711272799780e-10	 1.09556249190210850543e-13	 1.09556098137053447765e-13	 1.09556142554003599379e-13	 
 2.32000000000000028422e+00	 4.64194823743916670097e-13	 1.81020363671089644687e-14	 3.95984584749505382020e-13	 1.47371617252893946599e-08	 1.89684662178382404645e-08	 2.43073534203398082343e-10	 7.03848098317724834664e-11	 1.83660804847315645006e-09	 1.33966493991748334361e-09	 1.89448678093588499440e-08	 3.60319435434415114240e-10	 4.26516781586769043623e-14	 4.26516193756683793129e-14	 4.26516366616202370684e-14	 
 2.33999999999999985789e+00	 1.93343072835092864077e-13	 6.91229024300580075840e-15	 1.64772614431996397765e-13	 6.18130413295481047390e-09	 7.95936472213191290081e-09	 1.01499031424582969248e-10	 2.93798106812827543995e-11	 7.68115386685128154089e-10	 5.60124933970471040210e-10	 7.94912875454244521678e-09	 1.51320079424082136935e-10	 1.62866163095564371659e-14	 1.62865938531297823174e-14	 1.62866004570079917331e-14	 
 2.36000000000000031974e+00	 7.30503049832906422436e-14	 2.58937406766538130167e-15	 6.22500281312598734513e-14	 2.33697358093588069579e-09	 3.00932115640885110521e-09	 3.83584321252456235446e-11	 1.11028360675736117708e-11	 2.90327281263986467330e-10	 2.11706894631341998473e-10	 3.00543885706259624161e-09	 5.72170066683459738296e-11	 6.10103810639365431174e-15	 6.10102968789802698458e-15	 6.10103216364021291102e-15	 
 2.38000000000000033751e+00	 2.69302110830995781032e-14	 9.51479043109482816049e-16	 2.29479139060792108990e-14	 8.61746069379880598423e-10	 1.10968670656146369835e-09	 1.41423083938268888505e-11	 4.09344031013415091505e-12	 1.07045797915432801317e-10	 7.80571182557694574530e-11	 1.10825328712448604489e-09	 2.10994062699538306463e-11	 2.24185821509323313642e-15	 2.24185511931857386245e-15	 2.24185602975462050828e-15	 
 2.39999999999999991118e+00	 9.71126869270717732354e-15	 3.42862163153377909266e-16	 8.27517025333016277971e-15	 3.10771812224750390189e-10	 4.00188167118059687264e-10	 5.09997198546014116990e-12	 1.47616612564067334062e-12	 3.86029764936334399927e-11	 2.81489841482377864714e-11	 3.99671038817384331385e-10	 7.60914343785230017426e-12	 8.07845711196670917705e-16	 8.07844594898746043747e-16	 8.07844923195729987961e-16	 
 2.41999999999999948486e+00	 3.42932325158561247614e-15	 1.21116933820608098504e-16	 2.92221203316117887423e-15	 1.09740015989986251725e-10	 1.41314631496415169763e-10	 1.80093570161111734944e-12	 5.21274721314892761727e-13	 1.36316106841246300425e-11	 9.94007273987564538978e-12	 1.41132027876477935849e-10	 2.68692552390676286653e-12	 2.85373522424703224038e-16	 2.85373127875657258650e-16	 2.85373243911616495775e-16	 
 2.44000000000000039080e+00	 1.18626233021378549291e-15	 4.19263811400004242596e-17	 1.01085272986017967921e-15	 3.79591200174572783929e-11	 4.88806553938213619137e-11	 6.22965071589439423259e-13	 1.80315759402632556756e-13	 4.71526651512966287189e-12	 3.43834587618141690032e-12	 4.88175039621882940805e-11	 9.29396677252629859204e-13	 9.87861677975534880608e-17	 9.87860311614640191325e-17	 9.87860713461429072494e-17	 
 2.45999999999999996447e+00	 4.01939497428712485178e-16	 1.42164778535874126755e-17	 3.42508773606606132315e-16	 1.28609590889842379189e-11	 1.65612426871751128564e-11	 2.11074611163831099692e-13	 6.10952565311151907060e-14	 1.59761506653585337596e-12	 1.16497455223040713205e-12	 1.65398507654746926250e-11	 3.14885545861273436330e-13	 3.34966005661715030846e-17	 3.34965542208441113253e-17	 3.34965678510854646617e-17	 
 2.47999999999999953815e+00	 1.33360537762057239419e-16	 4.71998909853881613788e-18	 1.13642730778065526353e-16	 4.26697455944642697451e-12	 5.49463005602946490055e-12	 7.00318865357058044624e-14	 2.02706930743444162388e-14	 5.30061818227197422121e-13	 3.86519724431268491985e-13	 5.48753404554919806222e-12	 1.04470732760194182205e-13	 1.11211497291516389381e-17	 1.11211343386045817828e-17	 1.11211388650102909186e-17	 
 2.50000000000000044409e+00	 4.33129407240608835443e-17	 1.53375442466307956969e-18	 3.69091974319439540540e-17	 1.38578045996642357682e-12	 1.78448091972568963381e-12	 2.27447232769225569091e-14	 6.58346350124031343127e-15	 1.72150013637320720252e-13	 1.25531545500018981967e-13	 1.78217671121124200930e-12	 3.39285467233620337400e-14	 3.61380321045202500611e-18	 3.61379820849553761669e-18	 3.61379967959041298855e-18	 
 2.52000000000000001776e+00	 1.37641837576195775828e-17	 4.87593524402534846681e-19	 1.17292258778321395312e-17	 4.40367393102269194235e-13	 5.67063803819178596566e-13	 7.22785226134664047355e-15	 2.09210651623557846455e-15	 5.47056840150684569382e-14	 3.98913538953619208444e-14	 5.66331668376207587704e-13	 1.07815985743913016806e-14	 1.14885861320274297622e-18	 1.14885702285453986324e-18	 1.14885749058324358865e-18	 
 2.54000000000000003553e+00	 4.27797150254374355080e-18	 1.51589330553613126607e-19	 3.64550917782167780894e-18	 1.36865432183519784022e-13	 1.76242251652170287607e-13	 2.24643384454450125938e-15	 6.50232545133754080494e-16	 1.70025665582645994176e-14	 1.23982725284446658103e-14	 1.76014724846139054952e-13	 3.35088659992068528727e-15	 3.57171896336501625675e-19	 3.57171401868607416236e-19	 3.57171547294155121356e-19	 
 2.56000000000000049738e+00	 1.29984227394530519718e-18	 4.60690177963417755752e-20	 1.10767402883647303318e-18	 4.15853423774695158099e-14	 5.35495932225076092643e-14	 6.82565331705315938684e-16	 1.97569399986639440779e-16	 5.16610727785827453393e-15	 3.76712801595310776294e-15	 5.34804654872433913336e-14	 1.01813364605684817040e-15	 1.08546941324280928043e-19	 1.08546791043680789131e-19	 1.08546835242045477732e-19	 
 2.58000000000000007105e+00	 3.85940109869979638649e-19	 1.36804139922746164472e-20	 3.28883384929185433560e-19	 1.23471058901381779904e-14	 1.58994028326390511765e-14	 2.02661833115908515029e-16	 5.86607606165750141152e-17	 1.53387513311089120015e-15	 1.11850298922095527127e-15	 1.58788789973979872293e-14	 3.02293404952187441959e-16	 3.22335302345038305330e-20	 3.22334856062104782172e-20	 3.22334987316588071156e-20	 
 2.60000000000000008882e+00	 1.11927711697937257536e-19	 3.96788338140645341441e-21	 9.53806163739368671969e-20	 3.58079846561119247631e-15	 4.61100235391841150272e-15	 5.87744580233950753047e-17	 1.70123590958603746937e-17	 4.44842096597225473276e-16	 3.24379311498509509544e-16	 4.60505038908767298011e-15	 8.76683203459038558947e-17	 9.34905099112264595396e-21	 9.34903804672296842555e-21	 9.34904185375320255164e-21	 
 2.62000000000000055067e+00	 3.16924860783324749531e-20	 1.12358550762836901468e-21	 2.70071736188232153088e-20	 1.01390326062498843581e-15	 1.30560518401309833345e-15	 1.66420418566613011285e-17	 4.81706652840221327194e-18	 1.25957291582928070028e-16	 9.18482039589841130173e-17	 1.30391991883850024393e-15	 2.48232622755360482328e-17	 2.64737068739476008855e-21	 2.64736702185710142461e-21	 2.64736809991634449209e-21	 
 2.64000000000000012434e+00	 8.75767045971280002007e-21	 3.10497226036887429377e-22	 7.46296921150777373365e-21	 2.80173742427167274603e-16	 3.60780201603131740731e-16	 4.59873545342556475672e-18	 1.33111184339782342420e-18	 3.48060517516168244253e-17	 2.53806169435163494709e-17	 3.60314515521696945729e-16	 6.85945243740723718842e-18	 7.31587624537409220817e-22	 7.31586611569799623559e-22	 7.31586909490744435707e-22	 
 2.66000000000000014211e+00	 2.36073248365661046877e-21	 8.37006709011272619089e-23	 2.01173132153675160423e-21	 7.55239469741264833018e-17	 9.72523020054433224298e-17	 1.23964201810185275798e-18	 3.58816551245303383388e-19	 9.38236600662153038991e-18	 6.84163377444119957002e-18	 9.71267722895839771551e-17	 1.84904074565977481770e-18	 1.97213919406262633334e-22	 1.97213646337766863792e-22	 1.97213726649247659239e-22	 
 2.67999999999999971578e+00	 6.20500829254130082453e-22	 2.20005421595485894448e-23	 5.28768616857373944742e-22	 1.98508743497532104986e-17	 2.55619990942413779540e-17	 3.25830451013457659778e-19	 9.43122030434115787809e-20	 2.46608236548856333066e-18	 1.79827065264024917032e-18	 2.55290047995291287146e-17	 4.86005626384657928853e-19	 5.18372564950915577367e-23	 5.18371847189721043454e-23	 5.18372058288927005806e-23	 
 2.70000000000000017764e+00	 1.58959262745961995614e-22	 5.63615545555502031193e-24	 1.35459421627716930781e-22	 5.08537148437933685432e-18	 6.54843970341093419872e-18	 8.34708823941891620207e-20	 2.41607968539244278009e-20	 6.31758056525645559849e-19	 4.60678863326968643828e-19	 6.53998730239742353738e-18	 1.24504267947433881607e-19	 1.32798016489515383066e-23	 1.32797832610156701699e-23	 1.32797886690599207483e-23	 
 2.72000000000000019540e+00	 3.96722090441367530655e-23	 1.40665580912861918775e-24	 3.38072474902749660627e-23	 1.26917913738093630620e-18	 1.63432361626259978683e-18	 2.08322153283186422214e-20	 6.02992244964018317783e-21	 1.57670755599637403993e-19	 1.14973740220699644784e-19	 1.63221411837963883879e-18	 3.10730875241651650454e-20	 3.31433550634108733506e-24	 3.31433091709819214610e-24	 3.31433226683465338540e-24	 
 2.73999999999999976907e+00	 9.64165851328765982406e-24	 3.41866411451361196023e-25	 8.21627968848551208293e-24	 3.08452336548555188238e-19	 3.97194460660628974488e-19	 5.06291638462800474385e-21	 1.46547037308911387538e-21	 3.83191949365275410540e-20	 2.79424123212596384128e-20	 3.96681784234533094575e-19	 7.55178286689627670613e-21	 8.05499099115264589084e-25	 8.05497983761195840257e-25	 8.05498311797133530896e-25	 
 2.76000000000000023093e+00	 2.28080486958174962539e-24	 8.08714776164641883680e-26	 1.94362122386707465040e-24	 7.29666280668745676230e-20	 9.39592162718351893744e-20	 1.19766979429169784222e-21	 3.46667715892238877855e-22	 9.06468376296776974788e-21	 6.60998061836427413873e-21	 9.38379391463371940819e-20	 1.78642860515997132004e-21	 1.90547828812297416236e-25	 1.90547564963639719376e-25	 1.90547642564109385565e-25	 
 2.77999999999999980460e+00	 5.24928487358611327288e-25	 1.86127084317962294391e-26	 4.47325516274127841155e-25	 1.67933037130147032129e-20	 2.16247573175059713769e-20	 2.75644336923821764808e-22	 7.97857606798342649153e-23	 2.08624150295258408970e-21	 1.52129036975710046754e-21	 2.15968453646235770626e-20	 4.11147347509983827746e-22	 4.38549076849490964312e-26	 4.38548469592633287095e-26	 4.38548648193163838981e-26	 
 2.79999999999999982236e+00	 1.17487250002872487612e-25	 4.16583608787390509012e-27	 1.00118490927669366030e-25	 3.75860430960447144166e-21	 4.83995918701976120350e-21	 6.16935333985735721207e-23	 1.78573073213484146101e-23	 4.66933570005617756577e-22	 3.40488650291857232395e-22	 4.83371206165868006546e-21	 9.20212066499490935765e-23	 9.81546334521657395980e-27	 9.81544975367885673719e-27	 9.81545375109934714635e-27	 
 2.82000000000000028422e+00	 2.55600222126853652021e-26	 9.06305522816585535533e-28	 2.17813508155229161057e-26	 8.17705594355284418027e-22	 1.05296043659117515786e-21	 1.34217798202062980702e-23	 3.88495910314525226656e-24	 1.01584047109003996237e-22	 7.40752385299854522803e-23	 1.05160134055649434756e-21	 2.00197316617997891916e-23	 2.13541974945779122946e-27	 2.13541679250170510078e-27	 2.13541766217695170545e-27	 
 2.83999999999999985789e+00	 5.40270503443069883381e-27	 1.91569629082469270119e-28	 4.60399526142618247993e-27	 1.72841040106581503259e-22	 2.22567602684491802220e-22	 2.83700511757574146873e-24	 8.21176427224869071321e-25	 2.14721466713782025284e-23	 1.56575215744176738786e-23	 2.22280326506722436651e-22	 4.23163421514162605173e-24	 4.51372699221973021726e-28	 4.51372074191710225019e-28	 4.51372258020848197956e-28	 
 2.85999999999999987566e+00	 1.10901860239565170540e-27	 3.93238775259569395745e-29	 9.45066721089268316006e-28	 3.54792401546843573055e-23	 4.56866567995523767054e-23	 5.82354815730416407504e-25	 1.68563694089240694579e-25	 4.40760795683201315429e-24	 3.21403438474330238199e-24	 4.56276874136565327099e-23	 8.68631397018224780458e-25	 9.26541689615448093507e-29	 9.26540406590207892778e-29	 9.26540783944813987039e-29	 
 2.87999999999999989342e+00	 2.20973559015194946667e-28	 7.83537996917904288257e-30	 1.88305923276564805824e-28	 7.06928753280586306302e-24	 9.10312919738200211131e-24	 1.16035032510699535527e-25	 3.35865590705979694640e-26	 8.78222081425266812835e-25	 6.40400879635742105007e-25	 9.09137947874334884601e-24	 1.73075988499979678718e-25	 1.84615726345304514802e-29	 1.84615470696496487497e-29	 1.84615545886388409157e-29	 
 2.90000000000000035527e+00	 4.27179532441517143534e-29	 1.51472087780684992642e-30	 3.64027455848310778398e-29	 1.36661321913343434706e-24	 1.75978928203967962177e-24	 2.24315471973934307967e-26	 6.49285390443561541937e-27	 1.69775252856497731909e-25	 1.23800375166754699405e-25	 1.75751786474297076309e-24	 3.34585218175220516701e-26	 3.56895641125864784822e-30	 3.56895146904451287451e-30	 3.56895292262327120950e-30	 
 2.91999999999999992895e+00	 8.00833697038028167637e-30	 2.83966519857767331332e-31	 6.82442522730670464327e-30	 2.56198954244274997525e-25	 3.29907655688683328246e-25	 4.20524309434844889789e-27	 1.21721564441655539384e-27	 3.18277683852851486919e-26	 2.32088580326648212143e-26	 3.29481833671633356794e-25	 6.27246779892334337909e-27	 6.69076493988901796651e-31	 6.69075567454096024547e-31	 6.69075839962662328552e-31	 
 2.93999999999999994671e+00	 1.45521631524939692330e-30	 5.16006534121824792761e-32	 1.24008466102334340310e-30	 4.65545772663743478173e-26	 5.99483753118068138542e-26	 7.64145911828796300463e-28	 2.21183503396591066444e-28	 5.78350741932420984581e-27	 4.21734265942474145250e-27	 5.98709981938933292345e-26	 1.13978628358117035428e-27	 1.21580475002678244708e-31	 1.21580306636097843617e-31	 1.21580356155548430188e-31	 
 2.96000000000000040856e+00	 2.56186380522256656960e-31	 9.08420168864866153528e-33	 2.18313132457472997950e-31	 8.19578719106758082844e-27	 1.05537230071284687095e-26	 1.34525540375771398702e-28	 3.89386782017468565422e-29	 1.01816851289708494812e-27	 7.42450089116934396413e-28	 1.05401010287787134816e-26	 2.00655772888681538283e-28	 2.14040227511274518062e-32	 2.14039931100484400064e-32	 2.14040018280218493754e-32	 
 2.97999999999999998224e+00	 4.36733156571780674656e-32	 1.54863914577896383664e-33	 3.72168861739374266322e-32	 1.39717429325453732254e-27	 1.79914262130275048086e-27	 2.29332094500208855019e-29	 6.63806223823225518437e-30	 1.73571997570838290933e-28	 1.26568978038903629433e-28	 1.79682042251242108033e-27	 3.42067264638538938721e-29	 3.64887402878135875514e-33	 3.64886897560440269820e-33	 3.64887046184029427538e-33	 
 3.00000000000000000000e+00	 7.20600803843333971680e-33	 2.55524423939448457796e-34	 6.14071104507747793603e-33	 2.30530787164972612836e-28	 2.96854697040436093685e-28	 3.78393247263698464028e-30	 1.09526670174372641375e-30	 2.86390166194498237337e-29	 2.08836172309351417494e-29	 2.96471539851601659475e-28	 5.64403631589887888481e-30	 6.02061777839207357504e-34	 6.02060944053918652351e-34	 6.02061189287126724257e-34	 
 3.02000000000000046185e+00	 1.15020964941074713313e-33	 4.07867003872650934759e-35	 9.80169039154980231206e-34	 3.67968759284611306600e-29	 4.73833678166504229260e-29	 6.03984231943927528492e-31	 1.74824435294979329666e-31	 4.57130519480589072720e-30	 3.33340323321235474099e-30	 4.73222091274693887352e-29	 9.00889961703047952653e-31	 9.61008464679613946521e-35	 9.61007133770363656644e-35	 9.61007525219569955390e-35	 
 3.04000000000000003553e+00	 1.77519725188559362795e-34	 6.29495123347932118029e-36	 1.51276214549658747937e-34	 5.67911012389808306127e-30	 7.31299457211149809426e-30	 9.32170094990916110281e-32	 2.69818502596514977496e-32	 7.05520548142485574080e-31	 5.14466754372786532609e-31	 7.30355555832575470491e-30	 1.39040402841899501034e-31	 1.48320442329372052855e-35	 1.48320236914990079114e-35	 1.48320297332087468804e-35	 
 3.06000000000000005329e+00	 2.64780283688066714218e-35	 9.38935790004044488587e-37	 2.25636698689486329421e-35	 8.47069467215251548416e-31	 1.09077197570376925561e-30	 1.39038202257725321406e-32	 4.02448891588456761575e-33	 1.05232168716363169070e-31	 7.67354745110090681031e-32	 1.08936409972223686015e-30	 2.07386115733929081537e-32	 2.21230263860949744879e-36	 2.21229957464630956052e-36	 2.21230047583286777502e-36	 
 3.08000000000000007105e+00	 3.81482436723552729936e-36	 1.35278761786106034212e-37	 3.25086330614906280977e-36	 1.22041524211930477295e-31	 1.57152953762765946868e-31	 2.00319393205951932995e-33	 5.79828582744084641016e-34	 1.51613279053061343593e-32	 1.10556662034460490930e-32	 1.56950114526871671982e-31	 2.98791466364603792671e-33	 3.18741245211980956938e-37	 3.18740803756383124823e-37	 3.18740933599957841896e-37	 
 3.10000000000000008882e+00	 5.30630440419957480421e-37	 1.88170868465997402856e-38	 4.52185250201015709277e-37	 1.69755910286431539525e-32	 2.18594791212317188587e-32	 2.78638132926463421533e-34	 8.06523841569419223801e-35	 2.10889353164978013377e-33	 1.53780882196032605140e-33	 2.18312648950774365353e-32	 4.15609419016272802447e-34	 4.43364622762604472545e-38	 4.43364008689375947338e-38	 4.43364189305282942804e-38	 
 3.12000000000000010658e+00	 7.12222419059868313002e-38	 2.52569774274228913252e-39	 6.06931876922349731596e-38	 2.27849473443978184423e-33	 2.93401894319807324966e-33	 3.73993427318090346851e-35	 1.08253180596069307921e-35	 2.83059622215554646336e-34	 2.06407575730809166621e-34	 2.93023198869005692665e-33	 5.57838407000321294021e-35	 5.95100102975136652747e-39	 5.95099278722882524628e-39	 5.95099521159658549488e-39	 
 3.13999999999999968026e+00	 9.21977738612371523431e-39	 3.26958054214342632740e-40	 7.85678418377317568751e-39	 2.94952747724008638963e-34	 3.79810798398021439195e-34	 4.84137472792038390138e-36	 1.40134617782998704317e-36	 3.66422802197511283360e-35	 2.67196164817995380873e-35	 3.79320575893457647562e-34	 7.22125577412691735066e-36	 7.70372358359641071523e-40	 7.70371291315351287777e-40	 7.70371605166308223181e-40	 
 3.16000000000000014211e+00	 1.15048305509753721101e-39	 4.07998038622841999674e-41	 9.80403157769744849625e-40	 3.68054248803389037028e-35	 4.73943611117492342068e-35	 6.04127241652271233639e-37	 1.74865927433641077826e-37	 4.57237711590452599368e-36	 3.33418574587831932153e-36	 4.73331893074947821408e-35	 9.01097965885982597411e-37	 9.61317235454190247740e-41	 9.61315903894054983322e-41	 9.61316295549874442261e-41	 
 3.18000000000000015987e+00	 1.38314230637027171211e-40	 4.90513928959650946183e-42	 1.17866783362397662682e-40	 4.42484484438354401559e-36	 5.69787423414988810233e-36	 7.26298224950331182804e-38	 2.10228602176945921596e-38	 5.49703403017567643900e-37	 4.00844744709316054274e-37	 5.69052002338435410356e-36	 1.08332335546341401849e-37	 1.15573961627061660526e-41	 1.15573801536016416682e-41	 1.15573848624397975594e-41	 
 3.19999999999999973355e+00	 1.60121737931478786853e-41	 5.67860686341927385705e-43	 1.36450445607716969313e-41	 5.12248886848964284862e-37	 6.59623027404982235611e-37	 8.40810897463464469136e-39	 2.43374570550253327950e-39	 6.36372763889366225487e-38	 4.64044227315753175883e-38	 6.58771658996391812189e-37	 1.25412539289226903415e-38	 1.33798258633088218882e-42	 1.33798073292223175800e-42	 1.33798127807845373043e-42	 
 3.22000000000000019540e+00	 1.78401484552351735571e-42	 6.32699382292393229720e-44	 1.52027876537339368863e-42	 5.70727385362931311274e-38	 7.34925756975651136521e-38	 9.36798991345087171264e-40	 2.71158566894381308005e-40	 7.09021599003347113876e-39	 5.17019923280334381190e-39	 7.33977199588120615730e-38	 1.39729633991904042829e-39	 1.49075430128860560647e-43	 1.49075223618807749603e-43	 1.49075284361521516773e-43	 
 3.24000000000000021316e+00	 1.91195303973044727754e-43	 6.78084828038932671847e-45	 1.62930389167600663026e-43	 6.11655607274419359490e-39	 7.87628980794941328840e-39	 1.00398004299203102690e-40	 2.90604307455274663382e-41	 7.59867585218544175425e-40	 5.54096946053367961490e-40	 7.86612404079960770040e-39	 1.49749932478270243891e-40	 1.59769063841447123106e-44	 1.59768842510086980961e-44	 1.59768907612831305022e-44	 
 3.25999999999999978684e+00	 1.96992730738113981939e-44	 6.98659064119906010809e-46	 1.67870810861238588262e-44	 6.30201459840067594848e-40	 8.11510417110665895564e-40	 1.03442250870675441016e-41	 2.99415985999646952963e-42	 7.82907722616010142427e-41	 5.70897893658174365467e-41	 8.10463021371849865013e-40	 1.54290410837323411022e-41	 1.64616727421977426534e-45	 1.64616499366708270845e-45	 1.64616566447773583296e-45	 
 3.28000000000000024869e+00	 1.95019790968000736811e-45	 0.00000000000000000000e+00	 1.66189581574720633396e-45	 6.23888996788687269249e-41	 8.03381796178231065965e-41	 1.02406222199039200976e-42	 2.96417216189493926440e-43	 7.75066069324673779609e-42	 5.65179779515703619730e-42	 8.02344896291487265921e-41	 1.52744895599342693638e-42	 1.62971320895034056737e-46	 1.62971095110608486485e-46	 1.62971161524276650315e-46	 
 3.29999999999999982236e+00	 1.85405009730235299876e-46	 0.00000000000000000000e+00	 1.57996220746120332536e-46	 5.93129480231912194670e-42	 7.63772707607625445954e-42	 9.73574105691544741414e-44	 2.81803351358751944753e-44	 7.36853493820555694431e-43	 5.37315125763897958673e-43	 7.62786934393351865208e-42	 1.45214081180888015059e-43	 0.00000000000000000000e+00	 0.00000000000000000000e+00	 0.00000000000000000000e+00	 
 3.31999999999999984013e+00	 0.00000000000000000000e+00	 0.00000000000000000000e+00	 0.00000000000000000000e+00	 5.41205339962161025219e-43	 6.96909943320366199353e-43	 8.88345867577216100174e-45	 2.57133871535718447251e-45	 6.72347756634864355261e-44	 4.90277439609991404761e-44	 6.96010471679313341442e-43	 1.32501601466445867359e-44	 0.00000000000000000000e+00	 0.00000000000000000000e+00	 0.00000000000000000000e+00	 
 3.34000000000000030198e+00	 0.00000000000000000000e+00	 0.00000000000000000000e+00	 0.00000000000000000000e+00	 4.73694425074212848947e-44	 6.09976104954850269575e-44	 7.77532982546044114074e-46	 2.25058846741786827264e-46	 5.88478259572191479837e-45	 4.29119651812703105769e-45	 6.09188839001394091538e-44	 1.15973069788138392410e-45	 0.00000000000000000000e+00	 0.00000000000000000000e+00	 0.00000000000000000000e+00	 
 3.36000000000000031974e+00	 0.00000000000000000000e+00	 0.00000000000000000000e+00	 0.00000000000000000000e+00	 3.97473613146329491849e-45	 5.11826550413783034860e-45	 0.00000000000000000000e+00	 0.00000000000000000000e+00	 4.93788222516371267262e-46	 3.60071494071451104767e-46	 5.11165964685308543208e-45	 0.00000000000000000000e+00	 0.00000000000000000000e+00	 0.00000000000000000000e+00	 0.00000000000000000000e+00	 
 3.37999999999999989342e+00	 0.00000000000000000000e+00	 0.00000000000000000000e+00	 0.00000000000000000000e+00	 3.19550167610788726240e-46	 4.11484532430406823802e-46	 0.00000000000000000000e+00	 0.00000000000000000000e+00	 0.00000000000000000000e+00	 0.00000000000000000000e+00	 4.10953455406585545590e-46	 0.00000000000000000000e+00	 0.00000000000000000000e+00	 0.00000000000000000000e+00	 0.00000000000000000000e+00	 
 3.39999999999999991118e+00	 0.00000000000000000000e+00	 0.00000000000000000000e+00	 0.00000000000000000000e+00	 0.00000000000000000000e+00	 0.00000000000000000000e+00	 0.00000000000000000000e+00	 0.00000000000000000000e+00	 0.00000000000000000000e+00	 0.00000000000000000000e+00	 0.00000000000000000000e+00	 0.00000000000000000000e+00	 0.00000000000000000000e+00	 0.00000000000000000000e+00	 0.00000000000000000000e+00	 
 3.42000000000000037303e+00	 0.00000000000000000000e+00	 0.00000000000000000000e+00	 0.00000000000000000000e+00	 0.00000000000000000000e+00	 0.00000000000000000000e+00	 0.00000000000000000000e+00	 0.00000000000000000000e+00	 0.00000000000000000000e+00	 0.00000000000000000000e+00	 0.00000000000000000000e+00	 0.00000000000000000000e+00	 0.00000000000000000000e+00	 0.00000000000000000000e+00	 0.00000000000000000000e+00	 
 3.43999999999999994671e+00	 0.00000000000000000000e+00	 0.00000000000000000000e+00	 0.00000000000000000000e+00	 0.00000000000000000000e+00	 0.00000000000000000000e+00	 0.00000000000000000000e+00	 0.00000000000000000000e+00	 0.00000000000000000000e+00	 0.00000000000000000000e+00	 0.00000000000000000000e+00	 0.00000000000000000000e+00	 0.00000000000000000000e+00	 0.00000000000000000000e+00	 0.00000000000000000000e+00	 
 3.45999999999999996447e+00	 0.00000000000000000000e+00	 0.00000000000000000000e+00	 0.00000000000000000000e+00	 0.00000000000000000000e+00	 0.00000000000000000000e+00	 0.00000000000000000000e+00	 0.00000000000000000000e+00	 0.00000000000000000000e+00	 0.00000000000000000000e+00	 0.00000000000000000000e+00	 0.00000000000000000000e+00	 0.00000000000000000000e+00	 0.00000000000000000000e+00	 0.00000000000000000000e+00	 
 3.48000000000000042633e+00	 0.00000000000000000000e+00	 0.00000000000000000000e+00	 0.00000000000000000000e+00	 0.00000000000000000000e+00	 0.00000000000000000000e+00	 0.00000000000000000000e+00	 0.00000000000000000000e+00	 0.00000000000000000000e+00	 0.00000000000000000000e+00	 0.00000000000000000000e+00	 0.00000000000000000000e+00	 0.00000000000000000000e+00	 0.00000000000000000000e+00	 0.00000000000000000000e+00	 
 3.50000000000000000000e+00	 0.00000000000000000000e+00	 0.00000000000000000000e+00	 0.00000000000000000000e+00	 0.00000000000000000000e+00	 0.00000000000000000000e+00	 0.00000000000000000000e+00	 0.00000000000000000000e+00	 0.00000000000000000000e+00	 0.00000000000000000000e+00	 0.00000000000000000000e+00	 0.00000000000000000000e+00	 0.00000000000000000000e+00	 0.00000000000000000000e+00	 0.00000000000000000000e+00	 
 3.52000000000000001776e+00	 0.00000000000000000000e+00	 0.00000000000000000000e+00	 0.00000000000000000000e+00	 0.00000000000000000000e+00	 0.00000000000000000000e+00	 0.00000000000000000000e+00	 0.00000000000000000000e+00	 0.00000000000000000000e+00	 0.00000000000000000000e+00	 0.00000000000000000000e+00	 0.00000000000000000000e+00	 0.00000000000000000000e+00	 0.00000000000000000000e+00	 0.00000000000000000000e+00	 
 3.54000000000000047962e+00	 0.00000000000000000000e+00	 0.00000000000000000000e+00	 0.00000000000000000000e+00	 0.00000000000000000000e+00	 0.00000000000000000000e+00	 0.00000000000000000000e+00	 0.00000000000000000000e+00	 0.00000000000000000000e+00	 0.00000000000000000000e+00	 0.00000000000000000000e+00	 0.00000000000000000000e+00	 0.00000000000000000000e+00	 0.00000000000000000000e+00	 0.00000000000000000000e+00	 
 3.56000000000000005329e+00	 0.00000000000000000000e+00	 0.00000000000000000000e+00	 0.00000000000000000000e+00	 0.00000000000000000000e+00	 0.00000000000000000000e+00	 0.00000000000000000000e+00	 0.00000000000000000000e+00	 0.00000000000000000000e+00	 0.00000000000000000000e+00	 0.00000000000000000000e+00	 0.00000000000000000000e+00	 0.00000000000000000000e+00	 0.00000000000000000000e+00	 0.00000000000000000000e+00	 
 3.58000000000000007105e+00	 0.00000000000000000000e+00	 0.00000000000000000000e+00	 0.00000000000000000000e+00	 0.00000000000000000000e+00	 0.00000000000000000000e+00	 0.00000000000000000000e+00	 0.00000000000000000000e+00	 0.00000000000000000000e+00	 0.00000000000000000000e+00	 0.00000000000000000000e+00	 0.00000000000000000000e+00	 0.00000000000000000000e+00	 0.00000000000000000000e+00	 0.00000000000000000000e+00	 
 3.60000000000000053291e+00	 0.00000000000000000000e+00	 0.00000000000000000000e+00	 0.00000000000000000000e+00	 0.00000000000000000000e+00	 0.00000000000000000000e+00	 0.00000000000000000000e+00	 0.00000000000000000000e+00	 0.00000000000000000000e+00	 0.00000000000000000000e+00	 0.00000000000000000000e+00	 0.00000000000000000000e+00	 0.00000000000000000000e+00	 0.00000000000000000000e+00	 0.00000000000000000000e+00	 
 3.62000000000000010658e+00	 0.00000000000000000000e+00	 0.00000000000000000000e+00	 0.00000000000000000000e+00	 0.00000000000000000000e+00	 0.00000000000000000000e+00	 0.00000000000000000000e+00	 0.00000000000000000000e+00	 0.00000000000000000000e+00	 0.00000000000000000000e+00	 0.00000000000000000000e+00	 0.00000000000000000000e+00	 0.00000000000000000000e+00	 0.00000000000000000000e+00	 0.00000000000000000000e+00	 
 3.63999999999999968026e+00	 0.00000000000000000000e+00	 0.00000000000000000000e+00	 0.00000000000000000000e+00	 0.00000000000000000000e+00	 0.00000000000000000000e+00	 0.00000000000000000000e+00	 0.00000000000000000000e+00	 0.00000000000000000000e+00	 0.00000000000000000000e+00	 0.00000000000000000000e+00	 0.00000000000000000000e+00	 0.00000000000000000000e+00	 0.00000000000000000000e+00	 0.00000000000000000000e+00	 
 3.65999999999999969802e+00	 0.00000000000000000000e+00	 0.00000000000000000000e+00	 0.00000000000000000000e+00	 0.00000000000000000000e+00	 0.00000000000000000000e+00	 0.00000000000000000000e+00	 0.00000000000000000000e+00	 0.00000000000000000000e+00	 0.00000000000000000000e+00	 0.00000000000000000000e+00	 0.00000000000000000000e+00	 0.00000000000000000000e+00	 0.00000000000000000000e+00	 0.00000000000000000000e+00	 
 3.68000000000000015987e+00	 0.00000000000000000000e+00	 0.00000000000000000000e+00	 0.00000000000000000000e+00	 0.00000000000000000000e+00	 0.00000000000000000000e+00	 0.00000000000000000000e+00	 0.00000000000000000000e+00	 0.00000000000000000000e+00	 0.00000000000000000000e+00	 0.00000000000000000000e+00	 0.00000000000000000000e+00	 0.00000000000000000000e+00	 0.00000000000000000000e+00	 0.00000000000000000000e+00	 
 3.70000000000000017764e+00	 0.00000000000000000000e+00	 0.00000000000000000000e+00	 0.00000000000000000000e+00	 0.00000000000000000000e+00	 0.00000000000000000000e+00	 0.00000000000000000000e+00	 0.00000000000000000000e+00	 0.00000000000000000000e+00	 0.00000000000000000000e+00	 0.00000000000000000000e+00	 0.00000000000000000000e+00	 0.00000000000000000000e+00	 0.00000000000000000000e+00	 0.00000000000000000000e+00	 
 3.71999999999999975131e+00	 0.00000000000000000000e+00	 0.00000000000000000000e+00	 0.00000000000000000000e+00	 0.00000000000000000000e+00	 0.00000000000000000000e+00	 0.00000000000000000000e+00	 0.00000000000000000000e+00	 0.00000000000000000000e+00	 0.00000000000000000000e+00	 0.00000000000000000000e+00	 0.00000000000000000000e+00	 0.00000000000000000000e+00	 0.00000000000000000000e+00	 0.00000000000000000000e+00	 
 3.74000000000000021316e+00	 0.00000000000000000000e+00	 0.00000000000000000000e+00	 0.00000000000000000000e+00	 0.00000000000000000000e+00	 0.00000000000000000000e+00	 0.00000000000000000000e+00	 0.00000000000000000000e+00	 0.00000000000000000000e+00	 0.00000000000000000000e+00	 0.00000000000000000000e+00	 0.00000000000000000000e+00	 0.00000000000000000000e+00	 0.00000000000000000000e+00	 0.00000000000000000000e+00	 
 3.76000000000000023093e+00	 0.00000000000000000000e+00	 0.00000000000000000000e+00	 0.00000000000000000000e+00	 0.00000000000000000000e+00	 0.00000000000000000000e+00	 0.00000000000000000000e+00	 0.00000000000000000000e+00	 0.00000000000000000000e+00	 0.00000000000000000000e+00	 0.00000000000000000000e+00	 0.00000000000000000000e+00	 0.00000000000000000000e+00	 0.00000000000000000000e+00	 0.00000000000000000000e+00	 
 3.77999999999999980460e+00	 0.00000000000000000000e+00	 0.00000000000000000000e+00	 0.00000000000000000000e+00	 0.00000000000000000000e+00	 0.00000000000000000000e+00	 0.00000000000000000000e+00	 0.00000000000000000000e+00	 0.00000000000000000000e+00	 0.00000000000000000000e+00	 0.00000000000000000000e+00	 0.00000000000000000000e+00	 0.00000000000000000000e+00	 0.00000000000000000000e+00	 0.00000000000000000000e+00	 
 3.80000000000000026645e+00	 0.00000000000000000000e+00	 0.00000000000000000000e+00	 0.00000000000000000000e+00	 0.00000000000000000000e+00	 0.00000000000000000000e+00	 0.00000000000000000000e+00	 0.00000000000000000000e+00	 0.00000000000000000000e+00	 0.00000000000000000000e+00	 0.00000000000000000000e+00	 0.00000000000000000000e+00	 0.00000000000000000000e+00	 0.00000000000000000000e+00	 0.00000000000000000000e+00	 
 3.82000000000000028422e+00	 0.00000000000000000000e+00	 0.00000000000000000000e+00	 0.00000000000000000000e+00	 0.00000000000000000000e+00	 0.00000000000000000000e+00	 0.00000000000000000000e+00	 0.00000000000000000000e+00	 0.00000000000000000000e+00	 0.00000000000000000000e+00	 0.00000000000000000000e+00	 0.00000000000000000000e+00	 0.00000000000000000000e+00	 0.00000000000000000000e+00	 0.00000000000000000000e+00	 
 3.83999999999999985789e+00	 0.00000000000000000000e+00	 0.00000000000000000000e+00	 0.00000000000000000000e+00	 0.00000000000000000000e+00	 0.00000000000000000000e+00	 0.00000000000000000000e+00	 0.00000000000000000000e+00	 0.00000000000000000000e+00	 0.00000000000000000000e+00	 0.00000000000000000000e+00	 0.00000000000000000000e+00	 0.00000000000000000000e+00	 0.00000000000000000000e+00	 0.00000000000000000000e+00	 
 3.86000000000000031974e+00	 0.00000000000000000000e+00	 0.00000000000000000000e+00	 0.00000000000000000000e+00	 0.00000000000000000000e+00	 0.00000000000000000000e+00	 0.00000000000000000000e+00	 0.00000000000000000000e+00	 0.00000000000000000000e+00	 0.00000000000000000000e+00	 0.00000000000000000000e+00	 0.00000000000000000000e+00	 0.00000000000000000000e+00	 0.00000000000000000000e+00	 0.00000000000000000000e+00	 
 3.87999999999999989342e+00	 0.00000000000000000000e+00	 0.00000000000000000000e+00	 0.00000000000000000000e+00	 0.00000000000000000000e+00	 0.00000000000000000000e+00	 0.00000000000000000000e+00	 0.00000000000000000000e+00	 0.00000000000000000000e+00	 0.00000000000000000000e+00	 0.00000000000000000000e+00	 0.00000000000000000000e+00	 0.00000000000000000000e+00	 0.00000000000000000000e+00	 0.00000000000000000000e+00	 
 3.89999999999999991118e+00	 0.00000000000000000000e+00	 0.00000000000000000000e+00	 0.00000000000000000000e+00	 0.00000000000000000000e+00	 0.00000000000000000000e+00	 0.00000000000000000000e+00	 0.00000000000000000000e+00	 0.00000000000000000000e+00	 0.00000000000000000000e+00	 0.00000000000000000000e+00	 0.00000000000000000000e+00	 0.00000000000000000000e+00	 0.00000000000000000000e+00	 0.00000000000000000000e+00	 
 3.91999999999999948486e+00	 0.00000000000000000000e+00	 0.00000000000000000000e+00	 0.00000000000000000000e+00	 0.00000000000000000000e+00	 0.00000000000000000000e+00	 0.00000000000000000000e+00	 0.00000000000000000000e+00	 0.00000000000000000000e+00	 0.00000000000000000000e+00	 0.00000000000000000000e+00	 0.00000000000000000000e+00	 0.00000000000000000000e+00	 0.00000000000000000000e+00	 0.00000000000000000000e+00	 
 3.93999999999999994671e+00	 0.00000000000000000000e+00	 0.00000000000000000000e+00	 0.00000000000000000000e+00	 0.00000000000000000000e+00	 0.00000000000000000000e+00	 0.00000000000000000000e+00	 0.00000000000000000000e+00	 0.00000000000000000000e+00	 0.00000000000000000000e+00	 0.00000000000000000000e+00	 0.00000000000000000000e+00	 0.00000000000000000000e+00	 0.00000000000000000000e+00	 0.00000000000000000000e+00	 
 3.95999999999999996447e+00	 0.00000000000000000000e+00	 0.00000000000000000000e+00	 0.00000000000000000000e+00	 0.00000000000000000000e+00	 0.00000000000000000000e+00	 0.00000000000000000000e+00	 0.00000000000000000000e+00	 0.00000000000000000000e+00	 0.00000000000000000000e+00	 0.00000000000000000000e+00	 0.00000000000000000000e+00	 0.00000000000000000000e+00	 0.00000000000000000000e+00	 0.00000000000000000000e+00	 
 3.97999999999999953815e+00	 0.00000000000000000000e+00	 0.00000000000000000000e+00	 0.00000000000000000000e+00	 0.00000000000000000000e+00	 0.00000000000000000000e+00	 0.00000000000000000000e+00	 0.00000000000000000000e+00	 0.00000000000000000000e+00	 0.00000000000000000000e+00	 0.00000000000000000000e+00	 0.00000000000000000000e+00	 0.00000000000000000000e+00	 0.00000000000000000000e+00	 0.00000000000000000000e+00	 
 4.00000000000000000000e+00	 0.00000000000000000000e+00	 0.00000000000000000000e+00	 0.00000000000000000000e+00	 0.00000000000000000000e+00	 0.00000000000000000000e+00	 0.00000000000000000000e+00	 0.00000000000000000000e+00	 0.00000000000000000000e+00	 0.00000000000000000000e+00	 0.00000000000000000000e+00	 0.00000000000000000000e+00	 0.00000000000000000000e+00	 0.00000000000000000000e+00	 0.00000000000000000000e+00	 
 4.01999999999999957367e+00	 0.00000000000000000000e+00	 0.00000000000000000000e+00	 0.00000000000000000000e+00	 0.00000000000000000000e+00	 0.00000000000000000000e+00	 0.00000000000000000000e+00	 0.00000000000000000000e+00	 0.00000000000000000000e+00	 0.00000000000000000000e+00	 0.00000000000000000000e+00	 0.00000000000000000000e+00	 0.00000000000000000000e+00	 0.00000000000000000000e+00	 0.00000000000000000000e+00	 
 4.04000000000000003553e+00	 0.00000000000000000000e+00	 0.00000000000000000000e+00	 0.00000000000000000000e+00	 0.00000000000000000000e+00	 0.00000000000000000000e+00	 0.00000000000000000000e+00	 0.00000000000000000000e+00	 0.00000000000000000000e+00	 0.00000000000000000000e+00	 0.00000000000000000000e+00	 0.00000000000000000000e+00	 0.00000000000000000000e+00	 0.00000000000000000000e+00	 0.00000000000000000000e+00	 
 4.06000000000000049738e+00	 0.00000000000000000000e+00	 0.00000000000000000000e+00	 0.00000000000000000000e+00	 0.00000000000000000000e+00	 0.00000000000000000000e+00	 0.00000000000000000000e+00	 0.00000000000000000000e+00	 0.00000000000000000000e+00	 0.00000000000000000000e+00	 0.00000000000000000000e+00	 0.00000000000000000000e+00	 0.00000000000000000000e+00	 0.00000000000000000000e+00	 0.00000000000000000000e+00	 
 4.08000000000000007105e+00	 0.00000000000000000000e+00	 0.00000000000000000000e+00	 0.00000000000000000000e+00	 0.00000000000000000000e+00	 0.00000000000000000000e+00	 0.00000000000000000000e+00	 0.00000000000000000000e+00	 0.00000000000000000000e+00	 0.00000000000000000000e+00	 0.00000000000000000000e+00	 0.00000000000000000000e+00	 0.00000000000000000000e+00	 0.00000000000000000000e+00	 0.00000000000000000000e+00	 
 4.09999999999999964473e+00	 0.00000000000000000000e+00	 0.00000000000000000000e+00	 0.00000000000000000000e+00	 0.00000000000000000000e+00	 0.00000000000000000000e+00	 0.00000000000000000000e+00	 0.00000000000000000000e+00	 0.00000000000000000000e+00	 0.00000000000000000000e+00	 0.00000000000000000000e+00	 0.00000000000000000000e+00	 0.00000000000000000000e+00	 0.00000000000000000000e+00	 0.00000000000000000000e+00	 
 4.12000000000000010658e+00	 0.00000000000000000000e+00	 0.00000000000000000000e+00	 0.00000000000000000000e+00	 0.00000000000000000000e+00	 0.00000000000000000000e+00	 0.00000000000000000000e+00	 0.00000000000000000000e+00	 0.00000000000000000000e+00	 0.00000000000000000000e+00	 0.00000000000000000000e+00	 0.00000000000000000000e+00	 0.00000000000000000000e+00	 0.00000000000000000000e+00	 0.00000000000000000000e+00	 
 4.14000000000000056843e+00	 0.00000000000000000000e+00	 0.00000000000000000000e+00	 0.00000000000000000000e+00	 0.00000000000000000000e+00	 0.00000000000000000000e+00	 0.00000000000000000000e+00	 0.00000000000000000000e+00	 0.00000000000000000000e+00	 0.00000000000000000000e+00	 0.00000000000000000000e+00	 0.00000000000000000000e+00	 0.00000000000000000000e+00	 0.00000000000000000000e+00	 0.00000000000000000000e+00	 
 4.16000000000000014211e+00	 0.00000000000000000000e+00	 0.00000000000000000000e+00	 0.00000000000000000000e+00	 0.00000000000000000000e+00	 0.00000000000000000000e+00	 0.00000000000000000000e+00	 0.00000000000000000000e+00	 0.00000000000000000000e+00	 0.00000000000000000000e+00	 0.00000000000000000000e+00	 0.00000000000000000000e+00	 0.00000000000000000000e+00	 0.00000000000000000000e+00	 0.00000000000000000000e+00	 
 4.17999999999999971578e+00	 0.00000000000000000000e+00	 0.00000000000000000000e+00	 0.00000000000000000000e+00	 0.00000000000000000000e+00	 0.00000000000000000000e+00	 0.00000000000000000000e+00	 0.00000000000000000000e+00	 0.00000000000000000000e+00	 0.00000000000000000000e+00	 0.00000000000000000000e+00	 0.00000000000000000000e+00	 0.00000000000000000000e+00	 0.00000000000000000000e+00	 0.00000000000000000000e+00	 
 4.20000000000000017764e+00	 0.00000000000000000000e+00	 0.00000000000000000000e+00	 0.00000000000000000000e+00	 0.00000000000000000000e+00	 0.00000000000000000000e+00	 0.00000000000000000000e+00	 0.00000000000000000000e+00	 0.00000000000000000000e+00	 0.00000000000000000000e+00	 0.00000000000000000000e+00	 0.00000000000000000000e+00	 0.00000000000000000000e+00	 0.00000000000000000000e+00	 0.00000000000000000000e+00	 
 4.21999999999999975131e+00	 0.00000000000000000000e+00	 0.00000000000000000000e+00	 0.00000000000000000000e+00	 0.00000000000000000000e+00	 0.00000000000000000000e+00	 0.00000000000000000000e+00	 0.00000000000000000000e+00	 0.00000000000000000000e+00	 0.00000000000000000000e+00	 0.00000000000000000000e+00	 0.00000000000000000000e+00	 0.00000000000000000000e+00	 0.00000000000000000000e+00	 0.00000000000000000000e+00	 
 4.24000000000000021316e+00	 0.00000000000000000000e+00	 0.00000000000000000000e+00	 0.00000000000000000000e+00	 0.00000000000000000000e+00	 0.00000000000000000000e+00	 0.00000000000000000000e+00	 0.00000000000000000000e+00	 0.00000000000000000000e+00	 0.00000000000000000000e+00	 0.00000000000000000000e+00	 0.00000000000000000000e+00	 0.00000000000000000000e+00	 0.00000000000000000000e+00	 0.00000000000000000000e+00	 
 4.25999999999999978684e+00	 0.00000000000000000000e+00	 0.00000000000000000000e+00	 0.00000000000000000000e+00	 0.00000000000000000000e+00	 0.00000000000000000000e+00	 0.00000000000000000000e+00	 0.00000000000000000000e+00	 0.00000000000000000000e+00	 0.00000000000000000000e+00	 0.00000000000000000000e+00	 0.00000000000000000000e+00	 0.00000000000000000000e+00	 0.00000000000000000000e+00	 0.00000000000000000000e+00	 
 4.28000000000000024869e+00	 0.00000000000000000000e+00	 0.00000000000000000000e+00	 0.00000000000000000000e+00	 0.00000000000000000000e+00	 0.00000000000000000000e+00	 0.00000000000000000000e+00	 0.00000000000000000000e+00	 0.00000000000000000000e+00	 0.00000000000000000000e+00	 0.00000000000000000000e+00	 0.00000000000000000000e+00	 0.00000000000000000000e+00	 0.00000000000000000000e+00	 0.00000000000000000000e+00	 
 4.29999999999999982236e+00	 0.00000000000000000000e+00	 0.00000000000000000000e+00	 0.00000000000000000000e+00	 0.00000000000000000000e+00	 0.00000000000000000000e+00	 0.00000000000000000000e+00	 0.00000000000000000000e+00	 0.00000000000000000000e+00	 0.00000000000000000000e+00	 0.00000000000000000000e+00	 0.00000000000000000000e+00	 0.00000000000000000000e+00	 0.00000000000000000000e+00	 0.00000000000000000000e+00	 
 4.32000000000000028422e+00	 0.00000000000000000000e+00	 0.00000000000000000000e+00	 0.00000000000000000000e+00	 0.00000000000000000000e+00	 0.00000000000000000000e+00	 0.00000000000000000000e+00	 0.00000000000000000000e+00	 0.00000000000000000000e+00	 0.00000000000000000000e+00	 0.00000000000000000000e+00	 0.00000000000000000000e+00	 0.00000000000000000000e+00	 0.00000000000000000000e+00	 0.00000000000000000000e+00	 
 4.33999999999999985789e+00	 0.00000000000000000000e+00	 0.00000000000000000000e+00	 0.00000000000000000000e+00	 0.00000000000000000000e+00	 0.00000000000000000000e+00	 0.00000000000000000000e+00	 0.00000000000000000000e+00	 0.00000000000000000000e+00	 0.00000000000000000000e+00	 0.00000000000000000000e+00	 0.00000000000000000000e+00	 0.00000000000000000000e+00	 0.00000000000000000000e+00	 0.00000000000000000000e+00	 
 4.36000000000000031974e+00	 0.00000000000000000000e+00	 0.00000000000000000000e+00	 0.00000000000000000000e+00	 0.00000000000000000000e+00	 0.00000000000000000000e+00	 0.00000000000000000000e+00	 0.00000000000000000000e+00	 0.00000000000000000000e+00	 0.00000000000000000000e+00	 0.00000000000000000000e+00	 0.00000000000000000000e+00	 0.00000000000000000000e+00	 0.00000000000000000000e+00	 0.00000000000000000000e+00	 
 4.37999999999999989342e+00	 0.00000000000000000000e+00	 0.00000000000000000000e+00	 0.00000000000000000000e+00	 0.00000000000000000000e+00	 0.00000000000000000000e+00	 0.00000000000000000000e+00	 0.00000000000000000000e+00	 0.00000000000000000000e+00	 0.00000000000000000000e+00	 0.00000000000000000000e+00	 0.00000000000000000000e+00	 0.00000000000000000000e+00	 0.00000000000000000000e+00	 0.00000000000000000000e+00	 
 4.40000000000000035527e+00	 0.00000000000000000000e+00	 0.00000000000000000000e+00	 0.00000000000000000000e+00	 0.00000000000000000000e+00	 0.00000000000000000000e+00	 0.00000000000000000000e+00	 0.00000000000000000000e+00	 0.00000000000000000000e+00	 0.00000000000000000000e+00	 0.00000000000000000000e+00	 0.00000000000000000000e+00	 0.00000000000000000000e+00	 0.00000000000000000000e+00	 0.00000000000000000000e+00	 
 4.41999999999999992895e+00	 0.00000000000000000000e+00	 0.00000000000000000000e+00	 0.00000000000000000000e+00	 0.00000000000000000000e+00	 0.00000000000000000000e+00	 0.00000000000000000000e+00	 0.00000000000000000000e+00	 0.00000000000000000000e+00	 0.00000000000000000000e+00	 0.00000000000000000000e+00	 0.00000000000000000000e+00	 0.00000000000000000000e+00	 0.00000000000000000000e+00	 0.00000000000000000000e+00	 
 4.43999999999999950262e+00	 0.00000000000000000000e+00	 0.00000000000000000000e+00	 0.00000000000000000000e+00	 0.00000000000000000000e+00	 0.00000000000000000000e+00	 0.00000000000000000000e+00	 0.00000000000000000000e+00	 0.00000000000000000000e+00	 0.00000000000000000000e+00	 0.00000000000000000000e+00	 0.00000000000000000000e+00	 0.00000000000000000000e+00	 0.00000000000000000000e+00	 0.00000000000000000000e+00	 
 4.45999999999999996447e+00	 0.00000000000000000000e+00	 0.00000000000000000000e+00	 0.00000000000000000000e+00	 0.00000000000000000000e+00	 0.00000000000000000000e+00	 0.00000000000000000000e+00	 0.00000000000000000000e+00	 0.00000000000000000000e+00	 0.00000000000000000000e+00	 0.00000000000000000000e+00	 0.00000000000000000000e+00	 0.00000000000000000000e+00	 0.00000000000000000000e+00	 0.00000000000000000000e+00	 
 4.47999999999999953815e+00	 0.00000000000000000000e+00	 0.00000000000000000000e+00	 0.00000000000000000000e+00	 0.00000000000000000000e+00	 0.00000000000000000000e+00	 0.00000000000000000000e+00	 0.00000000000000000000e+00	 0.00000000000000000000e+00	 0.00000000000000000000e+00	 0.00000000000000000000e+00	 0.00000000000000000000e+00	 0.00000000000000000000e+00	 0.00000000000000000000e+00	 0.00000000000000000000e+00	 
 4.50000000000000000000e+00	 0.00000000000000000000e+00	 0.00000000000000000000e+00	 0.00000000000000000000e+00	 0.00000000000000000000e+00	 0.00000000000000000000e+00	 0.00000000000000000000e+00	 0.00000000000000000000e+00	 0.00000000000000000000e+00	 0.00000000000000000000e+00	 0.00000000000000000000e+00	 0.00000000000000000000e+00	 0.00000000000000000000e+00	 0.00000000000000000000e+00	 0.00000000000000000000e+00	 
 4.52000000000000046185e+00	 0.00000000000000000000e+00	 0.00000000000000000000e+00	 0.00000000000000000000e+00	 0.00000000000000000000e+00	 0.00000000000000000000e+00	 0.00000000000000000000e+00	 0.00000000000000000000e+00	 0.00000000000000000000e+00	 0.00000000000000000000e+00	 0.00000000000000000000e+00	 0.00000000000000000000e+00	 0.00000000000000000000e+00	 0.00000000000000000000e+00	 0.00000000000000000000e+00	 
 4.54000000000000003553e+00	 0.00000000000000000000e+00	 0.00000000000000000000e+00	 0.00000000000000000000e+00	 0.00000000000000000000e+00	 0.00000000000000000000e+00	 0.00000000000000000000e+00	 0.00000000000000000000e+00	 0.00000000000000000000e+00	 0.00000000000000000000e+00	 0.00000000000000000000e+00	 0.00000000000000000000e+00	 0.00000000000000000000e+00	 0.00000000000000000000e+00	 0.00000000000000000000e+00	 
 4.55999999999999960920e+00	 0.00000000000000000000e+00	 0.00000000000000000000e+00	 0.00000000000000000000e+00	 0.00000000000000000000e+00	 0.00000000000000000000e+00	 0.00000000000000000000e+00	 0.00000000000000000000e+00	 0.00000000000000000000e+00	 0.00000000000000000000e+00	 0.00000000000000000000e+00	 0.00000000000000000000e+00	 0.00000000000000000000e+00	 0.00000000000000000000e+00	 0.00000000000000000000e+00	 
 4.58000000000000007105e+00	 0.00000000000000000000e+00	 0.00000000000000000000e+00	 0.00000000000000000000e+00	 0.00000000000000000000e+00	 0.00000000000000000000e+00	 0.00000000000000000000e+00	 0.00000000000000000000e+00	 0.00000000000000000000e+00	 0.00000000000000000000e+00	 0.00000000000000000000e+00	 0.00000000000000000000e+00	 0.00000000000000000000e+00	 0.00000000000000000000e+00	 0.00000000000000000000e+00	 
 4.60000000000000053291e+00	 0.00000000000000000000e+00	 0.00000000000000000000e+00	 0.00000000000000000000e+00	 0.00000000000000000000e+00	 0.00000000000000000000e+00	 0.00000000000000000000e+00	 0.00000000000000000000e+00	 0.00000000000000000000e+00	 0.00000000000000000000e+00	 0.00000000000000000000e+00	 0.00000000000000000000e+00	 0.00000000000000000000e+00	 0.00000000000000000000e+00	 0.00000000000000000000e+00	 
 4.62000000000000010658e+00	 0.00000000000000000000e+00	 0.00000000000000000000e+00	 0.00000000000000000000e+00	 0.00000000000000000000e+00	 0.00000000000000000000e+00	 0.00000000000000000000e+00	 0.00000000000000000000e+00	 0.00000000000000000000e+00	 0.00000000000000000000e+00	 0.00000000000000000000e+00	 0.00000000000000000000e+00	 0.00000000000000000000e+00	 0.00000000000000000000e+00	 0.00000000000000000000e+00	 
 4.63999999999999968026e+00	 0.00000000000000000000e+00	 0.00000000000000000000e+00	 0.00000000000000000000e+00	 0.00000000000000000000e+00	 0.00000000000000000000e+00	 0.00000000000000000000e+00	 0.00000000000000000000e+00	 0.00000000000000000000e+00	 0.00000000000000000000e+00	 0.00000000000000000000e+00	 0.00000000000000000000e+00	 0.00000000000000000000e+00	 0.00000000000000000000e+00	 0.00000000000000000000e+00	 
 4.66000000000000014211e+00	 0.00000000000000000000e+00	 0.00000000000000000000e+00	 0.00000000000000000000e+00	 0.00000000000000000000e+00	 0.00000000000000000000e+00	 0.00000000000000000000e+00	 0.00000000000000000000e+00	 0.00000000000000000000e+00	 0.00000000000000000000e+00	 0.00000000000000000000e+00	 0.00000000000000000000e+00	 0.00000000000000000000e+00	 0.00000000000000000000e+00	 0.00000000000000000000e+00	 
 4.67999999999999971578e+00	 0.00000000000000000000e+00	 0.00000000000000000000e+00	 0.00000000000000000000e+00	 0.00000000000000000000e+00	 0.00000000000000000000e+00	 0.00000000000000000000e+00	 0.00000000000000000000e+00	 0.00000000000000000000e+00	 0.00000000000000000000e+00	 0.00000000000000000000e+00	 0.00000000000000000000e+00	 0.00000000000000000000e+00	 0.00000000000000000000e+00	 0.00000000000000000000e+00	 
 4.69999999999999928946e+00	 0.00000000000000000000e+00	 0.00000000000000000000e+00	 0.00000000000000000000e+00	 0.00000000000000000000e+00	 0.00000000000000000000e+00	 0.00000000000000000000e+00	 0.00000000000000000000e+00	 0.00000000000000000000e+00	 0.00000000000000000000e+00	 0.00000000000000000000e+00	 0.00000000000000000000e+00	 0.00000000000000000000e+00	 0.00000000000000000000e+00	 0.00000000000000000000e+00	 
 4.72000000000000063949e+00	 0.00000000000000000000e+00	 0.00000000000000000000e+00	 0.00000000000000000000e+00	 0.00000000000000000000e+00	 0.00000000000000000000e+00	 0.00000000000000000000e+00	 0.00000000000000000000e+00	 0.00000000000000000000e+00	 0.00000000000000000000e+00	 0.00000000000000000000e+00	 0.00000000000000000000e+00	 0.00000000000000000000e+00	 0.00000000000000000000e+00	 0.00000000000000000000e+00	 
 4.74000000000000021316e+00	 0.00000000000000000000e+00	 0.00000000000000000000e+00	 0.00000000000000000000e+00	 0.00000000000000000000e+00	 0.00000000000000000000e+00	 0.00000000000000000000e+00	 0.00000000000000000000e+00	 0.00000000000000000000e+00	 0.00000000000000000000e+00	 0.00000000000000000000e+00	 0.00000000000000000000e+00	 0.00000000000000000000e+00	 0.00000000000000000000e+00	 0.00000000000000000000e+00	 
 4.75999999999999978684e+00	 0.00000000000000000000e+00	 0.00000000000000000000e+00	 0.00000000000000000000e+00	 0.00000000000000000000e+00	 0.00000000000000000000e+00	 0.00000000000000000000e+00	 0.00000000000000000000e+00	 0.00000000000000000000e+00	 0.00000000000000000000e+00	 0.00000000000000000000e+00	 0.00000000000000000000e+00	 0.00000000000000000000e+00	 0.00000000000000000000e+00	 0.00000000000000000000e+00	 
 4.78000000000000024869e+00	 0.00000000000000000000e+00	 0.00000000000000000000e+00	 0.00000000000000000000e+00	 0.00000000000000000000e+00	 0.00000000000000000000e+00	 0.00000000000000000000e+00	 0.00000000000000000000e+00	 0.00000000000000000000e+00	 0.00000000000000000000e+00	 0.00000000000000000000e+00	 0.00000000000000000000e+00	 0.00000000000000000000e+00	 0.00000000000000000000e+00	 0.00000000000000000000e+00	 
 4.79999999999999982236e+00	 0.00000000000000000000e+00	 0.00000000000000000000e+00	 0.00000000000000000000e+00	 0.00000000000000000000e+00	 0.00000000000000000000e+00	 0.00000000000000000000e+00	 0.00000000000000000000e+00	 0.00000000000000000000e+00	 0.00000000000000000000e+00	 0.00000000000000000000e+00	 0.00000000000000000000e+00	 0.00000000000000000000e+00	 0.00000000000000000000e+00	 0.00000000000000000000e+00	 
 4.81999999999999939604e+00	 0.00000000000000000000e+00	 0.00000000000000000000e+00	 0.00000000000000000000e+00	 0.00000000000000000000e+00	 0.00000000000000000000e+00	 0.00000000000000000000e+00	 0.00000000000000000000e+00	 0.00000000000000000000e+00	 0.00000000000000000000e+00	 0.00000000000000000000e+00	 0.00000000000000000000e+00	 0.00000000000000000000e+00	 0.00000000000000000000e+00	 0.00000000000000000000e+00	 
 4.84000000000000074607e+00	 0.00000000000000000000e+00	 0.00000000000000000000e+00	 0.00000000000000000000e+00	 0.00000000000000000000e+00	 0.00000000000000000000e+00	 0.00000000000000000000e+00	 0.00000000000000000000e+00	 0.00000000000000000000e+00	 0.00000000000000000000e+00	 0.00000000000000000000e+00	 0.00000000000000000000e+00	 0.00000000000000000000e+00	 0.00000000000000000000e+00	 0.00000000000000000000e+00	 
 4.86000000000000031974e+00	 0.00000000000000000000e+00	 0.00000000000000000000e+00	 0.00000000000000000000e+00	 0.00000000000000000000e+00	 0.00000000000000000000e+00	 0.00000000000000000000e+00	 0.00000000000000000000e+00	 0.00000000000000000000e+00	 0.00000000000000000000e+00	 0.00000000000000000000e+00	 0.00000000000000000000e+00	 0.00000000000000000000e+00	 0.00000000000000000000e+00	 0.00000000000000000000e+00	 
 4.87999999999999989342e+00	 0.00000000000000000000e+00	 0.00000000000000000000e+00	 0.00000000000000000000e+00	 0.00000000000000000000e+00	 0.00000000000000000000e+00	 0.00000000000000000000e+00	 0.00000000000000000000e+00	 0.00000000000000000000e+00	 0.00000000000000000000e+00	 0.00000000000000000000e+00	 0.00000000000000000000e+00	 0.00000000000000000000e+00	 0.00000000000000000000e+00	 0.00000000000000000000e+00	 
 4.89999999999999946709e+00	 0.00000000000000000000e+00	 0.00000000000000000000e+00	 0.00000000000000000000e+00	 0.00000000000000000000e+00	 0.00000000000000000000e+00	 0.00000000000000000000e+00	 0.00000000000000000000e+00	 0.00000000000000000000e+00	 0.00000000000000000000e+00	 0.00000000000000000000e+00	 0.00000000000000000000e+00	 0.00000000000000000000e+00	 0.00000000000000000000e+00	 0.00000000000000000000e+00	 
 4.91999999999999992895e+00	 0.00000000000000000000e+00	 0.00000000000000000000e+00	 0.00000000000000000000e+00	 0.00000000000000000000e+00	 0.00000000000000000000e+00	 0.00000000000000000000e+00	 0.00000000000000000000e+00	 0.00000000000000000000e+00	 0.00000000000000000000e+00	 0.00000000000000000000e+00	 0.00000000000000000000e+00	 0.00000000000000000000e+00	 0.00000000000000000000e+00	 0.00000000000000000000e+00	 
 4.93999999999999950262e+00	 0.00000000000000000000e+00	 0.00000000000000000000e+00	 0.00000000000000000000e+00	 0.00000000000000000000e+00	 0.00000000000000000000e+00	 0.00000000000000000000e+00	 0.00000000000000000000e+00	 0.00000000000000000000e+00	 0.00000000000000000000e+00	 0.00000000000000000000e+00	 0.00000000000000000000e+00	 0.00000000000000000000e+00	 0.00000000000000000000e+00	 0.00000000000000000000e+00	 
 4.95999999999999996447e+00	 0.00000000000000000000e+00	 0.00000000000000000000e+00	 0.00000000000000000000e+00	 0.00000000000000000000e+00	 0.00000000000000000000e+00	 0.00000000000000000000e+00	 0.00000000000000000000e+00	 0.00000000000000000000e+00	 0.00000000000000000000e+00	 0.00000000000000000000e+00	 0.00000000000000000000e+00	 0.00000000000000000000e+00	 0.00000000000000000000e+00	 0.00000000000000000000e+00	 
 4.98000000000000042633e+00	 0.00000000000000000000e+00	 0.00000000000000000000e+00	 0.00000000000000000000e+00	 0.00000000000000000000e+00	 0.00000000000000000000e+00	 0.00000000000000000000e+00	 0.00000000000000000000e+00	 0.00000000000000000000e+00	 0.00000000000000000000e+00	 0.00000000000000000000e+00	 0.00000000000000000000e+00	 0.00000000000000000000e+00	 0.00000000000000000000e+00	 0.00000000000000000000e+00	 
 5.00000000000000000000e+00	 0.00000000000000000000e+00	 0.00000000000000000000e+00	 0.00000000000000000000e+00	 0.00000000000000000000e+00	 0.00000000000000000000e+00	 0.00000000000000000000e+00	 0.00000000000000000000e+00	 0.00000000000000000000e+00	 0.00000000000000000000e+00	 0.00000000000000000000e+00	 0.00000000000000000000e+00	 0.00000000000000000000e+00	 0.00000000000000000000e+00	 0.00000000000000000000e+00	 
