 -1.00000000000000000000e+00	 5.11716770903840486689e-06	 0.00000000000000000000e+00	 3.23100174690920203667e-06	 1.37955797648757005902e+00	 1.39372243576669219145e+00	 7.48864851983622736853e-01	 0.00000000000000000000e+00	 0.00000000000000000000e+00	 0.00000000000000000000e+00	 1.39370910424422067564e+00	 2.08958401468825171604e-03	 0.00000000000000000000e+00	 0.00000000000000000000e+00	 0.00000000000000000000e+00	 
 -9.79999999999999982236e-01	 5.25193460820434736546e-06	 0.00000000000000000000e+00	 3.33833457463013166361e-06	 1.39712913335113109170e+00	 1.41159591570178832853e+00	 7.61375912816259936555e-01	 0.00000000000000000000e+00	 0.00000000000000000000e+00	 0.00000000000000000000e+00	 1.41162743701515047690e+00	 2.13266306588506728698e-03	 0.00000000000000000000e+00	 0.00000000000000000000e+00	 0.00000000000000000000e+00	 
 -9.59999999999999964473e-01	 5.38967312692535677746e-06	 0.00000000000000000000e+00	 3.44823581598631087076e-06	 1.41462681163797254769e+00	 1.42940084242797826874e+00	 7.73969265168180986514e-01	 0.00000000000000000000e+00	 0.00000000000000000000e+00	 0.00000000000000000000e+00	 1.42947899795161736947e+00	 2.17631523738102874294e-03	 0.00000000000000000000e+00	 0.00000000000000000000e+00	 0.00000000000000000000e+00	 
 -9.39999999999999946709e-01	 5.53062231516379731387e-06	 0.00000000000000000000e+00	 3.56075969266383133205e-06	 1.43199572102695071862e+00	 1.44708243887833232222e+00	 7.86622291389929673144e-01	 0.00000000000000000000e+00	 0.00000000000000000000e+00	 0.00000000000000000000e+00	 1.44720904183158527445e+00	 2.22050676971674533153e-03	 0.00000000000000000000e+00	 0.00000000000000000000e+00	 0.00000000000000000000e+00	 
 -9.19999999999999928946e-01	 5.67498007028437754867e-06	 0.00000000000000000000e+00	 3.67595713709744297435e-06	 1.44917843351906316940e+00	 1.46458374826982873351e+00	 7.99310850088547408809e-01	 0.00000000000000000000e+00	 0.00000000000000000000e+00	 0.00000000000000000000e+00	 1.46476064002442929457e+00	 2.26520064322766013706e-03	 0.00000000000000000000e+00	 0.00000000000000000000e+00	 0.00000000000000000000e+00	 
 -9.00000000000000022204e-01	 5.82289009883991114937e-06	 0.00000000000000000000e+00	 3.79387498531243953922e-06	 1.46611552334874439829e+00	 1.48184575441201693558e+00	 8.12009219076215260635e-01	 0.00000000000000000000e+00	 0.00000000000000000000e+00	 0.00000000000000000000e+00	 1.48207480068001107298e+00	 2.31035633064138358483e-03	 0.00000000000000000000e+00	 0.00000000000000000000e+00	 0.00000000000000000000e+00	 
 -8.80000000000000115463e-01	 5.97449174934515297238e-06	 0.00000000000000000000e+00	 3.91454205843128573075e-06	 1.48274427908427175460e+00	 1.49880622329954182881e+00	 8.24689984397024455909e-01	 0.00000000000000000000e+00	 0.00000000000000000000e+00	 0.00000000000000000000e+00	 1.49908930633408155053e+00	 2.35593069165108753502e-03	 0.00000000000000000000e+00	 0.00000000000000000000e+00	 0.00000000000000000000e+00	 
 -8.59999999999999986677e-01	 6.12988241506522303349e-06	 0.00000000000000000000e+00	 4.03796822822161735335e-06	 1.49900024704594558855e+00	 1.51540087698892600443e+00	 8.37324462056207696747e-01	 0.00000000000000000000e+00	 0.00000000000000000000e+00	 0.00000000000000000000e+00	 1.51573960197709256548e+00	 2.40187497799522085493e-03	 0.00000000000000000000e+00	 0.00000000000000000000e+00	 0.00000000000000000000e+00	 
 -8.40000000000000079936e-01	 6.28910682077409263530e-06	 0.00000000000000000000e+00	 4.16414072068340225720e-06	 1.51481748851214015339e+00	 1.53156357697224065895e+00	 8.49882739411195520240e-01	 0.00000000000000000000e+00	 0.00000000000000000000e+00	 0.00000000000000000000e+00	 1.53195891570601339104e+00	 2.44813417433028569781e-03	 0.00000000000000000000e+00	 0.00000000000000000000e+00	 0.00000000000000000000e+00	 
 -8.20000000000000062172e-01	 6.45219001212190033457e-06	 0.00000000000000000000e+00	 4.29297403867974507505e-06	 1.53012698955839931969e+00	 1.54722508349775167424e+00	 8.62333191254040176688e-01	 0.00000000000000000000e+00	 0.00000000000000000000e+00	 0.00000000000000000000e+00	 1.54767727800856880194e+00	 2.49464947170119008546e-03	 0.00000000000000000000e+00	 0.00000000000000000000e+00	 0.00000000000000000000e+00	 
 -8.00000000000000044409e-01	 6.61908283363678979599e-06	 0.00000000000000000000e+00	 4.42430596096268741413e-06	 1.54485864691027185991e+00	 1.56231515228634543213e+00	 8.74642352655925603422e-01	 0.00000000000000000000e+00	 0.00000000000000000000e+00	 0.00000000000000000000e+00	 1.56282390730561848713e+00	 2.54134382434705128478e-03	 0.00000000000000000000e+00	 0.00000000000000000000e+00	 0.00000000000000000000e+00	 
 -7.80000000000000026645e-01	 6.78964681560042635931e-06	 0.00000000000000000000e+00	 4.55788367742082290075e-06	 1.55894165519877891946e+00	 1.57676294429511498763e+00	 8.86774859161509776406e-01	 0.00000000000000000000e+00	 0.00000000000000000000e+00	 0.00000000000000000000e+00	 1.57732767391981210103e+00	 2.58811881092935874848e-03	 0.00000000000000000000e+00	 0.00000000000000000000e+00	 0.00000000000000000000e+00	 
 -7.60000000000000008882e-01	 6.96355032474852505311e-06	 0.00000000000000000000e+00	 4.69318750170503517312e-06	 1.57230257678577056701e+00	 1.59049499218858003680e+00	 8.98693478262845957261e-01	 0.00000000000000000000e+00	 0.00000000000000000000e+00	 0.00000000000000000000e+00	 1.59111478744150613984e+00	 2.63486510793296737493e-03	 0.00000000000000000000e+00	 0.00000000000000000000e+00	 0.00000000000000000000e+00	 
 -7.39999999999999991118e-01	 7.14023622421324896718e-06	 0.00000000000000000000e+00	 4.82941669501900993847e-06	 1.58486813426314943065e+00	 1.60343737111228956671e+00	 9.10359671761502786680e-01	 0.00000000000000000000e+00	 0.00000000000000000000e+00	 0.00000000000000000000e+00	 1.60411082763812573582e+00	 2.68147961824112763055e-03	 0.00000000000000000000e+00	 0.00000000000000000000e+00	 0.00000000000000000000e+00	 
 -7.19999999999999973355e-01	 7.31888183644605612405e-06	 0.00000000000000000000e+00	 4.96544079660874235752e-06	 1.59656580055730912271e+00	 1.61551616223082072921e+00	 9.21733681186933884177e-01	 0.00000000000000000000e+00	 0.00000000000000000000e+00	 0.00000000000000000000e+00	 1.61624117757926288874e+00	 2.72786815900360113049e-03	 0.00000000000000000000e+00	 0.00000000000000000000e+00	 0.00000000000000000000e+00	 
 -6.99999999999999955591e-01	 7.49791985045573807064e-06	 0.00000000000000000000e+00	 5.09918509835342044202e-06	 1.60732116715917383587e+00	 1.62665542532410256626e+00	 9.32773959598095503409e-01	 0.00000000000000000000e+00	 0.00000000000000000000e+00	 0.00000000000000000000e+00	 1.62742912855523469418e+00	 2.77393050518834555565e-03	 0.00000000000000000000e+00	 0.00000000000000000000e+00	 0.00000000000000000000e+00	 
 -6.79999999999999937828e-01	 7.67608756454424605786e-06	 0.00000000000000000000e+00	 5.22863011029314239707e-06	 1.61706052555259294223e+00	 1.63678025287491601958e+00	 9.43437807265400607548e-01	 0.00000000000000000000e+00	 0.00000000000000000000e+00	 0.00000000000000000000e+00	 1.63759889773127742529e+00	 2.81957591952472627281e-03	 0.00000000000000000000e+00	 0.00000000000000000000e+00	 0.00000000000000000000e+00	 
 -6.60000000000000031086e-01	 7.85251329880383887457e-06	 0.00000000000000000000e+00	 5.35185536088820067163e-06	 1.62571144491931351972e+00	 1.64581743853439688152e+00	 9.53681486872336003913e-01	 0.00000000000000000000e+00	 0.00000000000000000000e+00	 0.00000000000000000000e+00	 1.64667628638192820034e+00	 2.86472607886148651624e-03	 0.00000000000000000000e+00	 0.00000000000000000000e+00	 0.00000000000000000000e+00	 
 -6.40000000000000013323e-01	 8.02612781765762930020e-06	 0.00000000000000000000e+00	 5.46627841516555748320e-06	 1.63320040704644409146e+00	 1.65369264667911641808e+00	 9.63459624919284385314e-01	 0.00000000000000000000e+00	 0.00000000000000000000e+00	 0.00000000000000000000e+00	 1.65458588313124321800e+00	 2.90930129179762944971e-03	 0.00000000000000000000e+00	 0.00000000000000000000e+00	 0.00000000000000000000e+00	 
 -6.19999999999999884537e-01	 8.19537930992842236777e-06	 0.00000000000000000000e+00	 5.57090756595124903720e-06	 1.63945691797887516117e+00	 1.66033346918503954548e+00	 9.72725130636025170361e-01	 0.00000000000000000000e+00	 0.00000000000000000000e+00	 0.00000000000000000000e+00	 1.66125625946760968610e+00	 2.95317591067789176132e-03	 0.00000000000000000000e+00	 0.00000000000000000000e+00	 0.00000000000000000000e+00	 
 -5.99999999999999977796e-01	 8.35815342453431463243e-06	 0.00000000000000000000e+00	 5.66668866898626850823e-06	 1.64441439349928031355e+00	 1.66567010639278745288e+00	 9.81429183211544042820e-01	 0.00000000000000000000e+00	 0.00000000000000000000e+00	 0.00000000000000000000e+00	 1.66662106651313690620e+00	 2.99616985369121615820e-03	 0.00000000000000000000e+00	 0.00000000000000000000e+00	 0.00000000000000000000e+00	 
 -5.79999999999999849010e-01	 8.51165888499140092576e-06	 0.00000000000000000000e+00	 5.75445424498186212741e-06	 1.64800628264886106500e+00	 1.66963256433068418794e+00	 9.89521310826836031360e-01	 0.00000000000000000000e+00	 0.00000000000000000000e+00	 0.00000000000000000000e+00	 1.67061407151641017066e+00	 3.03808430953348123510e-03	 0.00000000000000000000e+00	 0.00000000000000000000e+00	 0.00000000000000000000e+00	 
 -5.60000000000000053291e-01	 8.65480262258227512207e-06	 0.00000000000000000000e+00	 5.83593380998737575207e-06	 1.65016952861147925269e+00	 1.67215628046184927591e+00	 9.96948559376814924526e-01	 0.00000000000000000000e+00	 0.00000000000000000000e+00	 0.00000000000000000000e+00	 1.67317242007721378450e+00	 3.07873667672472648912e-03	 0.00000000000000000000e+00	 0.00000000000000000000e+00	 0.00000000000000000000e+00	 
 -5.40000000000000035527e-01	 8.78854918352521380343e-06	 0.00000000000000000000e+00	 5.91390660700677136158e-06	 1.65084530824088582257e+00	 1.67318327651187170879e+00	 1.00365533073987611701e+00	 0.00000000000000000000e+00	 0.00000000000000000000e+00	 0.00000000000000000000e+00	 1.67423734225621645422e+00	 3.11796568049757180652e-03	 0.00000000000000000000e+00	 0.00000000000000000000e+00	 0.00000000000000000000e+00	 
 -5.20000000000000017764e-01	 8.91380147500368846033e-06	 0.00000000000000000000e+00	 5.99024053857647382538e-06	 1.64997579273495831309e+00	 1.67265669854229259705e+00	 1.00958412174990597165e+00	 0.00000000000000000000e+00	 0.00000000000000000000e+00	 0.00000000000000000000e+00	 1.67375113026612609701e+00	 3.15560101060990321267e-03	 0.00000000000000000000e+00	 0.00000000000000000000e+00	 0.00000000000000000000e+00	 
 -5.00000000000000000000e-01	 9.03140755864100926924e-06	 0.00000000000000000000e+00	 6.06578378267610196164e-06	 1.64750855492928849344e+00	 1.67052516934315287145e+00	 1.01467535190211433083e+00	 0.00000000000000000000e+00	 0.00000000000000000000e+00	 0.00000000000000000000e+00	 1.67166073952198535046e+00	 3.19147777054374238298e-03	 0.00000000000000000000e+00	 0.00000000000000000000e+00	 0.00000000000000000000e+00	 
 -4.79999999999999926725e-01	 9.14213186376486499501e-06	 0.00000000000000000000e+00	 6.14014774878135557182e-06	 1.64339742559681489809e+00	 1.66674363717780860128e+00	 1.01886729245605400784e+00	 0.00000000000000000000e+00	 0.00000000000000000000e+00	 0.00000000000000000000e+00	 1.66791850072105551916e+00	 3.22543872845468823987e-03	 0.00000000000000000000e+00	 0.00000000000000000000e+00	 0.00000000000000000000e+00	 
 -4.59999999999999964473e-01	 9.24672948385840799766e-06	 0.00000000000000000000e+00	 6.21288116406432888798e-06	 1.63759817776718641369e+00	 1.66126912785711278175e+00	 1.02209613086058470621e+00	 0.00000000000000000000e+00	 0.00000000000000000000e+00	 0.00000000000000000000e+00	 1.66247866596675564210e+00	 3.25732115580752018547e-03	 0.00000000000000000000e+00	 0.00000000000000000000e+00	 0.00000000000000000000e+00	 
 -4.40000000000000002220e-01	 9.34452845452483532075e-06	 0.00000000000000000000e+00	 6.28219509236686537756e-06	 1.63007504086594390280e+00	 1.65406653261601266358e+00	 1.02429658371728282695e+00	 0.00000000000000000000e+00	 0.00000000000000000000e+00	 0.00000000000000000000e+00	 1.65530393419319188375e+00	 3.28694611748918267061e-03	 0.00000000000000000000e+00	 0.00000000000000000000e+00	 0.00000000000000000000e+00	 
 -4.19999999999999984457e-01	 9.43315984454082987691e-06	 0.00000000000000000000e+00	 6.34472824767018440972e-06	 1.62080182573206998953e+00	 1.64510960479382428723e+00	 1.02540192324814705138e+00	 0.00000000000000000000e+00	 0.00000000000000000000e+00	 0.00000000000000000000e+00	 1.64636658768299382061e+00	 3.31411640131958496608e-03	 0.00000000000000000000e+00	 0.00000000000000000000e+00	 0.00000000000000000000e+00	 
 -3.99999999999999911182e-01	 9.50961179913684378356e-06	 0.00000000000000000000e+00	 6.39478689960173662357e-06	 1.60975516976145915926e+00	 1.63437499855960366446e+00	 1.02534323134567495472e+00	 0.00000000000000000000e+00	 0.00000000000000000000e+00	 0.00000000000000000000e+00	 1.63564175163469061047e+00	 3.33862524518682441538e-03	 0.00000000000000000000e+00	 0.00000000000000000000e+00	 0.00000000000000000000e+00	 
 -3.80000000000000004441e-01	 9.57160448336885599080e-06	 0.00000000000000000000e+00	 6.43090443096042005617e-06	 1.59692089816132631874e+00	 1.62184728803459843327e+00	 1.02405019978373390543e+00	 0.00000000000000000000e+00	 0.00000000000000000000e+00	 0.00000000000000000000e+00	 1.62311372291375466403e+00	 3.36029448918049710587e-03	 0.00000000000000000000e+00	 0.00000000000000000000e+00	 0.00000000000000000000e+00	 
 -3.59999999999999931166e-01	 9.61774910895074799510e-06	 0.00000000000000000000e+00	 6.45664054031060469008e-06	 1.58229493677860166834e+00	 1.60751965555633469229e+00	 1.02145112809714477820e+00	 0.00000000000000000000e+00	 0.00000000000000000000e+00	 0.00000000000000000000e+00	 1.60877689009184710045e+00	 3.37898058305381460836e-03	 0.00000000000000000000e+00	 0.00000000000000000000e+00	 0.00000000000000000000e+00	 
 -3.39999999999999968914e-01	 9.64654763951734951701e-06	 0.00000000000000000000e+00	 6.47478607251557340745e-06	 1.56587642169789020841e+00	 1.59138849791956982216e+00	 1.01747187050077836368e+00	 0.00000000000000000000e+00	 0.00000000000000000000e+00	 0.00000000000000000000e+00	 1.59262890504116727541e+00	 3.39453950945771843611e-03	 0.00000000000000000000e+00	 0.00000000000000000000e+00	 0.00000000000000000000e+00	 
 -3.20000000000000006661e-01	 9.65777076721903217111e-06	 0.00000000000000000000e+00	 6.48692150922747121046e-06	 1.54767546703931602181e+00	 1.57346141735117650562e+00	 1.01203924006930034984e+00	 0.00000000000000000000e+00	 0.00000000000000000000e+00	 0.00000000000000000000e+00	 1.57467770969015985472e+00	 3.40682968009140864363e-03	 0.00000000000000000000e+00	 0.00000000000000000000e+00	 0.00000000000000000000e+00	 
 -2.99999999999999933387e-01	 9.65267930503261810231e-06	 0.00000000000000000000e+00	 6.49317642722343720853e-06	 1.52771407899220457161e+00	 1.55375819917710100704e+00	 1.00508134778210123095e+00	 0.00000000000000000000e+00	 0.00000000000000000000e+00	 0.00000000000000000000e+00	 1.55494234176161016947e+00	 3.41571231941287202158e-03	 0.00000000000000000000e+00	 0.00000000000000000000e+00	 0.00000000000000000000e+00	 
 -2.80000000000000026645e-01	 9.63251790658584445431e-06	 0.00000000000000000000e+00	 6.49370493514628511290e-06	 1.50601732688867628873e+00	 1.53230177254961685840e+00	 9.96523908444343908819e-01	 0.00000000000000000000e+00	 0.00000000000000000000e+00	 0.00000000000000000000e+00	 1.53344496824314524552e+00	 3.42104855237242546154e-03	 0.00000000000000000000e+00	 0.00000000000000000000e+00	 0.00000000000000000000e+00	 
 -2.59999999999999953371e-01	 9.59836792228801383338e-06	 0.00000000000000000000e+00	 6.48718906191308408536e-06	 1.48262044875201048910e+00	 1.50912654941810786546e+00	 9.86302581057449723190e-01	 0.00000000000000000000e+00	 0.00000000000000000000e+00	 0.00000000000000000000e+00	 1.51022073351314101153e+00	 3.42266292110561792111e-03	 0.00000000000000000000e+00	 0.00000000000000000000e+00	 0.00000000000000000000e+00	 
 -2.39999999999999907851e-01	 9.55109942398390335272e-06	 0.00000000000000000000e+00	 6.47059673340952289967e-06	 1.45756935870319459525e+00	 1.48427915729252135613e+00	 9.74364627195374533031e-01	 0.00000000000000000000e+00	 0.00000000000000000000e+00	 0.00000000000000000000e+00	 1.48531873753537779770e+00	 3.42033718252849477937e-03	 0.00000000000000000000e+00	 0.00000000000000000000e+00	 0.00000000000000000000e+00	 
 -2.19999999999999945599e-01	 9.49160339218617563864e-06	 0.00000000000000000000e+00	 6.43986539374774468922e-06	 1.43091215694265616598e+00	 1.45780856288840920953e+00	 9.60656171197816322049e-01	 0.00000000000000000000e+00	 0.00000000000000000000e+00	 0.00000000000000000000e+00	 1.45879042614498843911e+00	 3.41384273519962280069e-03	 0.00000000000000000000e+00	 0.00000000000000000000e+00	 0.00000000000000000000e+00	 
 -1.99999999999999983347e-01	 9.42068763756866426240e-06	 0.00000000000000000000e+00	 6.39131164281980739770e-06	 1.40270824281626604879e+00	 1.42977315204709309882e+00	 9.45145180461949729889e-01	 0.00000000000000000000e+00	 0.00000000000000000000e+00	 0.00000000000000000000e+00	 1.43069540427348118605e+00	 3.40304363801997031627e-03	 0.00000000000000000000e+00	 0.00000000000000000000e+00	 0.00000000000000000000e+00	 
 -1.79999999999999993339e-01	 9.33904862788304812051e-06	 0.00000000000000000000e+00	 6.32172566162370655588e-06	 1.37302883184154289609e+00	 1.40024093692438533765e+00	 9.27824593961112831231e-01	 0.00000000000000000000e+00	 0.00000000000000000000e+00	 0.00000000000000000000e+00	 1.40110142102088208738e+00	 3.38791127460084202580e-03	 0.00000000000000000000e+00	 0.00000000000000000000e+00	 0.00000000000000000000e+00	 
 -1.59999999999999920064e-01	 9.24740778255274345368e-06	 0.00000000000000000000e+00	 6.22731695694940340596e-06	 1.34194573017463580911e+00	 1.36928072443818060755e+00	 9.08687348675621175964e-01	 0.00000000000000000000e+00	 0.00000000000000000000e+00	 0.00000000000000000000e+00	 1.37007701328760544968e+00	 3.36842328283927646901e-03	 0.00000000000000000000e+00	 0.00000000000000000000e+00	 0.00000000000000000000e+00	 
 -1.39999999999999902300e-01	 9.14375083660112359101e-06	 0.00000000000000000000e+00	 6.10867177786387287558e-06	 1.30954137108935642075e+00	 1.33697235886883247780e+00	 8.87764137318465706983e-01	 0.00000000000000000000e+00	 0.00000000000000000000e+00	 0.00000000000000000000e+00	 1.33770358652294074631e+00	 3.34455737734770750663e-03	 0.00000000000000000000e+00	 0.00000000000000000000e+00	 0.00000000000000000000e+00	 
 -1.20000000000000009437e-01	 9.02291043300889944109e-06	 0.00000000000000000000e+00	 5.97142755544845928531e-06	 1.27590912481560425640e+00	 1.30340710852079788573e+00	 8.65128294386432017404e-01	 0.00000000000000000000e+00	 0.00000000000000000000e+00	 0.00000000000000000000e+00	 1.30407607473351183636e+00	 3.31628953910768388413e-03	 0.00000000000000000000e+00	 0.00000000000000000000e+00	 0.00000000000000000000e+00	 
 -1.00000000000000005551e-01	 8.87814741656151065166e-06	 0.00000000000000000000e+00	 5.82012418658525470578e-06	 1.24114061266974773368e+00	 1.26867475508873162049e+00	 8.40851028630392627328e-01	 0.00000000000000000000e+00	 0.00000000000000000000e+00	 0.00000000000000000000e+00	 1.26928783821752544370e+00	 3.28359846245291709180e-03	 0.00000000000000000000e+00	 0.00000000000000000000e+00	 0.00000000000000000000e+00	 
 -8.00000000000000155431e-02	 8.70466929168502640869e-06	 0.00000000000000000000e+00	 5.66036756034083092228e-06	 1.20533825330589339231e+00	 1.23287731422687718563e+00	 8.15040979102328977390e-01	 0.00000000000000000000e+00	 0.00000000000000000000e+00	 0.00000000000000000000e+00	 1.23344154156833951674e+00	 3.24647566646024416520e-03	 0.00000000000000000000e+00	 0.00000000000000000000e+00	 0.00000000000000000000e+00	 
 -5.99999999999999630851e-02	 8.49995310798370528986e-06	 0.00000000000000000000e+00	 5.49893655156862943097e-06	 1.16861559647731261258e+00	 1.19612957391489538317e+00	 7.87848265828466010063e-01	 0.00000000000000000000e+00	 0.00000000000000000000e+00	 0.00000000000000000000e+00	 1.19664924935912764248e+00	 3.20492554374751745933e-03	 0.00000000000000000000e+00	 0.00000000000000000000e+00	 0.00000000000000000000e+00	 
 -3.99999999999999383826e-02	 8.26122707495423719531e-06	 0.00000000000000000000e+00	 5.34035521185562439171e-06	 1.13108135214107341504e+00	 1.15854170381599175244e+00	 7.59413399850521808609e-01	 0.00000000000000000000e+00	 0.00000000000000000000e+00	 0.00000000000000000000e+00	 1.15901850371188741562e+00	 3.15895195881608047139e-03	 0.00000000000000000000e+00	 0.00000000000000000000e+00	 0.00000000000000000000e+00	 
 -2.00000000000000281719e-02	 7.99328793124239937143e-06	 0.00000000000000000000e+00	 5.18659597025776908754e-06	 1.09285264186326425140e+00	 1.12023057254521218873e+00	 7.29899411670900666316e-01	 0.00000000000000000000e+00	 0.00000000000000000000e+00	 0.00000000000000000000e+00	 1.12066498413689807911e+00	 3.10856064798176439518e-03	 0.00000000000000000000e+00	 0.00000000000000000000e+00	 0.00000000000000000000e+00	 
 -4.82163733276643543166e-17	 7.70952997173975201873e-06	 0.00000000000000000000e+00	 5.03670302572228432162e-06	 1.05405508899469957385e+00	 1.08131958273572936768e+00	 6.99493417932312566698e-01	 0.00000000000000000000e+00	 0.00000000000000000000e+00	 0.00000000000000000000e+00	 1.08171255710915925619e+00	 3.05375761001339465772e-03	 0.00000000000000000000e+00	 0.00000000000000000000e+00	 0.00000000000000000000e+00	 
 2.00000000000001253164e-02	 7.41925062057043547528e-06	 0.00000000000000000000e+00	 4.88951939264073678535e-06	 1.01480594275264301984e+00	 1.04192420290270537642e+00	 6.68364753250015874997e-01	 0.00000000000000000000e+00	 0.00000000000000000000e+00	 0.00000000000000000000e+00	 1.04227712056618826431e+00	 2.99454242709386309063e-03	 0.00000000000000000000e+00	 0.00000000000000000000e+00	 0.00000000000000000000e+00	 
 4.00000000000001187939e-02	 7.12987686293361860938e-06	 0.00000000000000000000e+00	 4.74223457208987076708e-06	 9.75229091868033415302e-01	 1.00216669951784309589e+00	 6.36696319568330282301e-01	 0.00000000000000000000e+00	 0.00000000000000000000e+00	 0.00000000000000000000e+00	 1.00248151503947902086e+00	 2.93099861615137274179e-03	 0.00000000000000000000e+00	 0.00000000000000000000e+00	 0.00000000000000000000e+00	 
 6.00000000000000255351e-02	 6.84666546971552940657e-06	 0.00000000000000000000e+00	 4.59018102428635928181e-06	 9.35455121779936282778e-01	 9.62176211367532063790e-01	 6.04685084644959403022e-01	 0.00000000000000000000e+00	 0.00000000000000000000e+00	 0.00000000000000000000e+00	 9.62455614623460520285e-01	 2.86330268112869584102e-03	 0.00000000000000000000e+00	 0.00000000000000000000e+00	 0.00000000000000000000e+00	 
 7.99999999999999322764e-02	 6.57364968724188929075e-06	 0.00000000000000000000e+00	 4.42668059362412999805e-06	 8.95602456654611800424e-01	 9.22070194958200084479e-01	 5.72502842063705830178e-01	 0.00000000000000000000e+00	 0.00000000000000000000e+00	 0.00000000000000000000e+00	 9.22317550555690313097e-01	 2.79162095415239064344e-03	 0.00000000000000000000e+00	 0.00000000000000000000e+00	 0.00000000000000000000e+00	 
 9.99999999999999500400e-02	 6.31054770833941184780e-06	 0.00000000000000000000e+00	 4.24866713744341855578e-06	 8.55793379732888714884e-01	 8.81970279319552741271e-01	 5.40326482592350720857e-01	 0.00000000000000000000e+00	 0.00000000000000000000e+00	 0.00000000000000000000e+00	 8.82188614424702866046e-01	 2.71616920209932647193e-03	 0.00000000000000000000e+00	 0.00000000000000000000e+00	 0.00000000000000000000e+00	 
 1.20000000000000023315e-01	 6.05222345699147812103e-06	 0.00000000000000000000e+00	 4.05715436767979904591e-06	 8.16154015640551011579e-01	 8.42002275813861222886e-01	 5.08337814726232961604e-01	 0.00000000000000000000e+00	 0.00000000000000000000e+00	 0.00000000000000000000e+00	 8.42193143314121317466e-01	 2.63721635657713972950e-03	 0.00000000000000000000e+00	 0.00000000000000000000e+00	 0.00000000000000000000e+00	 
 1.40000000000000041078e-01	 5.79153932399505023146e-06	 0.00000000000000000000e+00	 3.85303813975030068909e-06	 7.76794741514187037090e-01	 8.02276703521877743164e-01	 4.76688345953803382926e-01	 0.00000000000000000000e+00	 0.00000000000000000000e+00	 0.00000000000000000000e+00	 8.02440293293859463475e-01	 2.55501066504168136695e-03	 0.00000000000000000000e+00	 0.00000000000000000000e+00	 0.00000000000000000000e+00	 
 1.59999999999999975575e-01	 5.52327231297803639397e-06	 0.00000000000000000000e+00	 3.63837854703380336057e-06	 7.37829799872734781729e-01	 7.62906947731272211399e-01	 4.45530294152688799425e-01	 0.00000000000000000000e+00	 0.00000000000000000000e+00	 0.00000000000000000000e+00	 7.63043681094018766409e-01	 2.46989521903110591586e-03	 0.00000000000000000000e+00	 0.00000000000000000000e+00	 0.00000000000000000000e+00	 
 1.79999999999999937828e-01	 5.24435995315658338349e-06	 0.00000000000000000000e+00	 3.41652565290118811632e-06	 6.99377589692859569226e-01	 7.24009420871137510112e-01	 4.15016386625033428803e-01	 0.00000000000000000000e+00	 0.00000000000000000000e+00	 0.00000000000000000000e+00	 7.24121732915136262498e-01	 2.38231682894407981871e-03	 0.00000000000000000000e+00	 0.00000000000000000000e+00	 0.00000000000000000000e+00	 
 2.00000000000000094369e-01	 4.95134697259419621722e-06	 0.00000000000000000000e+00	 3.19018720218470053270e-06	 6.61537151369019693625e-01	 6.85681866560455044457e-01	 3.85265736009971493381e-01	 0.00000000000000000000e+00	 0.00000000000000000000e+00	 0.00000000000000000000e+00	 6.85773987865807233000e-01	 2.29268180531576673542e-03	 0.00000000000000000000e+00	 0.00000000000000000000e+00	 0.00000000000000000000e+00	 
 2.20000000000000001110e-01	 4.64327314529479919625e-06	 0.00000000000000000000e+00	 2.96242834495138456069e-06	 6.24406648786118179117e-01	 6.48022887534238756224e-01	 3.56394511259227331212e-01	 0.00000000000000000000e+00	 0.00000000000000000000e+00	 0.00000000000000000000e+00	 6.48099718652488610005e-01	 2.20143494217121512072e-03	 0.00000000000000000000e+00	 0.00000000000000000000e+00	 0.00000000000000000000e+00	 
 2.39999999999999963363e-01	 4.32194599515003849535e-06	 0.00000000000000000000e+00	 2.73670304464878575172e-06	 5.88083430214096258837e-01	 6.11132179941560771397e-01	 3.28515794586006826261e-01	 0.00000000000000000000e+00	 0.00000000000000000000e+00	 0.00000000000000000000e+00	 6.11198042225018056683e-01	 2.10906216646322220223e-03	 0.00000000000000000000e+00	 0.00000000000000000000e+00	 0.00000000000000000000e+00	 
 2.59999999999999953371e-01	 3.98883087711153552091e-06	 0.00000000000000000000e+00	 2.51549360471634590654e-06	 5.52643292876696223814e-01	 5.75088095879034866265e-01	 3.01708190784091945247e-01	 0.00000000000000000000e+00	 0.00000000000000000000e+00	 0.00000000000000000000e+00	 5.75146792214915714148e-01	 2.01599151495605345696e-03	 0.00000000000000000000e+00	 0.00000000000000000000e+00	 0.00000000000000000000e+00	 
 2.80000000000000082157e-01	 3.65035691325850905912e-06	 0.00000000000000000000e+00	 2.30111837838251398467e-06	 5.18160575845467152867e-01	 5.39967969784740042805e-01	 2.76047967492557611013e-01	 0.00000000000000000000e+00	 0.00000000000000000000e+00	 0.00000000000000000000e+00	 5.40023016891447160681e-01	 1.92260350216852285259e-03	 0.00000000000000000000e+00	 0.00000000000000000000e+00	 0.00000000000000000000e+00	 
 2.99999999999999988898e-01	 3.31841321729513872755e-06	 0.00000000000000000000e+00	 2.09571613366277371759e-06	 4.84708429627021930575e-01	 5.05848415881067436928e-01	 2.51609320152064608322e-01	 0.00000000000000000000e+00	 0.00000000000000000000e+00	 0.00000000000000000000e+00	 5.05903301919693126898e-01	 1.82922597268283279419e-03	 0.00000000000000000000e+00	 0.00000000000000000000e+00	 0.00000000000000000000e+00	 
 3.20000000000000006661e-01	 2.99942462252689026543e-06	 0.00000000000000000000e+00	 1.90061271270447202266e-06	 4.52337031708475723057e-01	 4.72783063688520854839e-01	 2.28431899404066995896e-01	 0.00000000000000000000e+00	 0.00000000000000000000e+00	 0.00000000000000000000e+00	 4.72841252210486340246e-01	 1.73612838930987316115e-03	 0.00000000000000000000e+00	 0.00000000000000000000e+00	 0.00000000000000000000e+00	 
 3.39999999999999968914e-01	 2.69860548365563438655e-06	 0.00000000000000000000e+00	 1.71653277301938454039e-06	 4.21096494586055525300e-01	 4.40824820404306927379e-01	 2.06553290272373735181e-01	 0.00000000000000000000e+00	 0.00000000000000000000e+00	 0.00000000000000000000e+00	 4.40888860341543786792e-01	 1.64354749065131230772e-03	 0.00000000000000000000e+00	 0.00000000000000000000e+00	 0.00000000000000000000e+00	 
 3.59999999999999931166e-01	 2.41985724651125556751e-06	 0.00000000000000000000e+00	 1.54354966368817252309e-06	 3.91037439633728833854e-01	 4.10026375071182391796e-01	 1.86009478594502647431e-01	 0.00000000000000000000e+00	 0.00000000000000000000e+00	 0.00000000000000000000e+00	 4.10096927967940449999e-01	 1.55168483529363569751e-03	 0.00000000000000000000e+00	 0.00000000000000000000e+00	 0.00000000000000000000e+00	 
 3.80000000000000059952e-01	 2.16447800925785328727e-06	 0.00000000000000000000e+00	 1.38152834165727451267e-06	 3.62186424076370860892e-01	 3.80416455880250914401e-01	 1.66803366912988776383e-01	 0.00000000000000000000e+00	 0.00000000000000000000e+00	 0.00000000000000000000e+00	 3.80492597350615635587e-01	 1.46068101700358812280e-03	 0.00000000000000000000e+00	 0.00000000000000000000e+00	 0.00000000000000000000e+00	 
 4.00000000000000077716e-01	 1.93278762054427026502e-06	 0.00000000000000000000e+00	 1.23027026766933933828e-06	 3.34568900864225027281e-01	 3.52023297259878464871e-01	 1.48935399859404848932e-01	 0.00000000000000000000e+00	 0.00000000000000000000e+00	 0.00000000000000000000e+00	 3.52103064464820980639e-01	 1.37086350127287037726e-03	 0.00000000000000000000e+00	 0.00000000000000000000e+00	 0.00000000000000000000e+00	 
 4.19999999999999984457e-01	 1.72405720720169805356e-06	 0.00000000000000000000e+00	 1.08951347846610834432e-06	 3.08209765577288519189e-01	 3.24875238554862999507e-01	 1.32404005250304490637e-01	 0.00000000000000000000e+00	 0.00000000000000000000e+00	 0.00000000000000000000e+00	 3.24956221251920307491e-01	 1.28276401286706834455e-03	 0.00000000000000000000e+00	 0.00000000000000000000e+00	 0.00000000000000000000e+00	 
 4.39999999999999946709e-01	 1.53728618366743193996e-06	 0.00000000000000000000e+00	 9.58844107733403951225e-07	 2.83110074795056565478e-01	 2.98976503785377434319e-01	 1.17178694808214578504e-01	 0.00000000000000000000e+00	 0.00000000000000000000e+00	 0.00000000000000000000e+00	 2.99055935245612969364e-01	 1.19678806442544789432e-03	 0.00000000000000000000e+00	 0.00000000000000000000e+00	 0.00000000000000000000e+00	 
 4.60000000000000131006e-01	 1.37080912745533445945e-06	 0.00000000000000000000e+00	 8.38440329408273968128e-07	 2.59272126512706813095e-01	 2.74333967422196789432e-01	 1.03228263585714213901e-01	 0.00000000000000000000e+00	 0.00000000000000000000e+00	 0.00000000000000000000e+00	 2.74408608278314203321e-01	 1.11320474654871153820e-03	 0.00000000000000000000e+00	 0.00000000000000000000e+00	 0.00000000000000000000e+00	 
 4.80000000000000037748e-01	 1.22224875166432142722e-06	 0.00000000000000000000e+00	 7.29124112678990445456e-07	 2.36700158975459151733e-01	 2.50957977910273688504e-01	 9.05212259174088401670e-02	 0.00000000000000000000e+00	 0.00000000000000000000e+00	 0.00000000000000000000e+00	 2.51023987531792447392e-01	 1.03213848356060794095e-03	 0.00000000000000000000e+00	 0.00000000000000000000e+00	 0.00000000000000000000e+00	 
 5.00000000000000000000e-01	 1.08909408156114715213e-06	 0.00000000000000000000e+00	 6.30769610282732442000e-07	 2.15374854367132412269e-01	 2.28834313908559849882e-01	 7.90025170398238468783e-02	 0.00000000000000000000e+00	 0.00000000000000000000e+00	 0.00000000000000000000e+00	 2.28887374058261316989e-01	 9.53633969402231510860e-04	 0.00000000000000000000e+00	 0.00000000000000000000e+00	 0.00000000000000000000e+00	 
 5.20000000000000128786e-01	 9.69394181833422768560e-07	 0.00000000000000000000e+00	 5.43051704926477619367e-07	 1.95282356676776125415e-01	 2.07953348430300499761e-01	 6.86178928389935410825e-02	 0.00000000000000000000e+00	 0.00000000000000000000e+00	 0.00000000000000000000e+00	 2.07990030332253217349e-01	 8.77863792509873909140e-04	 0.00000000000000000000e+00	 0.00000000000000000000e+00	 0.00000000000000000000e+00	 
 5.40000000000000035527e-01	 8.61792850784619699941e-07	 0.00000000000000000000e+00	 4.65435708106597997017e-07	 1.76415155920296301550e-01	 1.88310901977696065757e-01	 5.93142118188479186558e-02	 0.00000000000000000000e+00	 0.00000000000000000000e+00	 0.00000000000000000000e+00	 1.88330131535053180158e-01	 8.05139837844864847925e-04	 0.00000000000000000000e+00	 0.00000000000000000000e+00	 0.00000000000000000000e+00	 
 5.60000000000000053291e-01	 7.64999728446040085984e-07	 0.00000000000000000000e+00	 3.97157816927347932466e-07	 1.58741438944917712117e-01	 1.69877846559577855290e-01	 5.10213783782920288212e-02	 0.00000000000000000000e+00	 0.00000000000000000000e+00	 0.00000000000000000000e+00	 1.69880325766894213491e-01	 7.35638083207573582369e-04	 0.00000000000000000000e+00	 0.00000000000000000000e+00	 0.00000000000000000000e+00	 
 5.79999999999999849010e-01	 6.78122543824086030658e-07	 0.00000000000000000000e+00	 3.37445996839567756353e-07	 1.42238963227523274035e-01	 1.52633177593650443127e-01	 4.36719177120355322996e-02	 0.00000000000000000000e+00	 0.00000000000000000000e+00	 0.00000000000000000000e+00	 1.52620584685869475905e-01	 6.69509420757383893509e-04	 0.00000000000000000000e+00	 0.00000000000000000000e+00	 0.00000000000000000000e+00	 
 5.99999999999999977796e-01	 6.00688528903625039730e-07	 0.00000000000000000000e+00	 2.85517860977168545975e-07	 1.26896045763730258571e-01	 1.36564933045777547882e-01	 3.72010479161764204270e-02	 0.00000000000000000000e+00	 0.00000000000000000000e+00	 0.00000000000000000000e+00	 1.36539081549970908736e-01	 6.06881138321059337634e-04	 0.00000000000000000000e+00	 0.00000000000000000000e+00	 0.00000000000000000000e+00	 
 6.20000000000000106581e-01	 5.32136431524795431853e-07	 0.00000000000000000000e+00	 2.40575186721801304775e-07	 1.12674503249824739526e-01	 1.21634889263827400407e-01	 3.15340209557681203090e-02	 0.00000000000000000000e+00	 0.00000000000000000000e+00	 0.00000000000000000000e+00	 1.21597617563269422281e-01	 5.47763397270579328012e-04	 0.00000000000000000000e+00	 0.00000000000000000000e+00	 0.00000000000000000000e+00	 
 6.39999999999999902300e-01	 4.71087132590666875716e-07	 0.00000000000000000000e+00	 2.01867469130938903413e-07	 9.95450787416326393631e-02	 1.07814757282426260110e-01	 2.65998720529708465588e-02	 0.00000000000000000000e+00	 0.00000000000000000000e+00	 0.00000000000000000000e+00	 1.07767814082889989979e-01	 4.92162848704109359352e-04	 0.00000000000000000000e+00	 0.00000000000000000000e+00	 0.00000000000000000000e+00	 
 6.60000000000000031086e-01	 4.15288290610661202759e-07	 0.00000000000000000000e+00	 1.68689894635046193251e-07	 8.74881964753908558663e-02	 9.50870124560075774545e-02	 2.23312372627041920425e-02	 0.00000000000000000000e+00	 0.00000000000000000000e+00	 0.00000000000000000000e+00	 9.50319370546797853594e-02	 4.40084622607374168282e-04	 0.00000000000000000000e+00	 0.00000000000000000000e+00	 0.00000000000000000000e+00	 
 6.80000000000000159872e-01	 3.62060719867097796308e-07	 0.00000000000000000000e+00	 1.40379919357843111811e-07	 7.64570223070656085351e-02	 8.34063804720221319000e-02	 1.86578829481453892236e-02	 0.00000000000000000000e+00	 0.00000000000000000000e+00	 0.00000000000000000000e+00	 8.33444812873770368711e-02	 3.91430065378330039813e-04	 0.00000000000000000000e+00	 0.00000000000000000000e+00	 0.00000000000000000000e+00	 
 6.99999999999999955591e-01	 3.11018695101666948608e-07	 0.00000000000000000000e+00	 1.16333423876436517477e-07	 6.64157634112220174316e-02	 7.27380378405672739506e-02	 1.55146075704847355436e-02	 0.00000000000000000000e+00	 0.00000000000000000000e+00	 0.00000000000000000000e+00	 7.26706560041466137490e-02	 3.46162951070451462357e-04	 0.00000000000000000000e+00	 0.00000000000000000000e+00	 0.00000000000000000000e+00	 
 7.20000000000000084377e-01	 2.64172577791315748656e-07	 0.00000000000000000000e+00	 9.60015463725842592684e-08	 5.73402939935522687476e-02	 6.30582360738622949015e-02	 1.28408778898479805641e-02	 0.00000000000000000000e+00	 0.00000000000000000000e+00	 0.00000000000000000000e+00	 6.29870231969235638836e-02	 3.04314132569359597439e-04	 0.00000000000000000000e+00	 0.00000000000000000000e+00	 0.00000000000000000000e+00	 
 7.39999999999999991118e-01	 2.22113207549312335890e-07	 0.00000000000000000000e+00	 7.88869360972115259054e-08	 4.91779395464239862945e-02	 5.43147706699628682325e-02	 1.05781990288427822644e-02	 0.00000000000000000000e+00	 0.00000000000000000000e+00	 0.00000000000000000000e+00	 5.42414496764935180617e-02	 2.65784912460213752425e-04	 0.00000000000000000000e+00	 0.00000000000000000000e+00	 0.00000000000000000000e+00	 
 7.60000000000000008882e-01	 1.85115329344394625672e-07	 0.00000000000000000000e+00	 6.45455182165820758334e-08	 4.18819571937833201591e-02	 4.64616482728324592388e-02	 8.67355173448333509334e-03	 0.00000000000000000000e+00	 0.00000000000000000000e+00	 0.00000000000000000000e+00	 4.63877845881830244701e-02	 2.30485891393220954960e-04	 0.00000000000000000000e+00	 0.00000000000000000000e+00	 0.00000000000000000000e+00	 
 7.80000000000000137668e-01	 1.53130956149704969449e-07	 0.00000000000000000000e+00	 5.25826167692582150495e-08	 3.54116018933080464737e-02	 3.94591948636240363868e-02	 7.07892502432805586360e-03	 0.00000000000000000000e+00	 0.00000000000000000000e+00	 0.00000000000000000000e+00	 3.93859579132993520290e-02	 1.98338292136744968018e-04	 0.00000000000000000000e+00	 0.00000000000000000000e+00	 0.00000000000000000000e+00	 
 7.99999999999999933387e-01	 1.25769109359605367243e-07	 0.00000000000000000000e+00	 4.26489185513055159497e-08	 2.97146464926414353991e-02	 3.32566736875714447086e-02	 5.75048773520700062106e-03	 0.00000000000000000000e+00	 0.00000000000000000000e+00	 0.00000000000000000000e+00	 3.31855710157849190245e-02	 1.69239185247086371426e-04	 0.00000000000000000000e+00	 0.00000000000000000000e+00	 0.00000000000000000000e+00	 
 8.20000000000000062172e-01	 1.02612074780889636341e-07	 0.00000000000000000000e+00	 3.44380772699618759562e-08	 2.47402423138591148755e-02	 2.78057498675464975779e-02	 4.64945975608538255436e-03	 0.00000000000000000000e+00	 0.00000000000000000000e+00	 0.00000000000000000000e+00	 2.77385873242207564582e-02	 1.43097101031994797856e-04	 0.00000000000000000000e+00	 0.00000000000000000000e+00	 0.00000000000000000000e+00	 
 8.39999999999999857891e-01	 8.32099438767931921120e-08	 0.00000000000000000000e+00	 2.76827831105057951146e-08	 2.04385268310633416711e-02	 2.30602041737713626957e-02	 3.74162478852296245466e-03	 0.00000000000000000000e+00	 0.00000000000000000000e+00	 0.00000000000000000000e+00	 2.29990506252606315141e-02	 1.19833053201339793611e-04	 0.00000000000000000000e+00	 0.00000000000000000000e+00	 0.00000000000000000000e+00	 
 8.60000000000000097700e-01	 6.70707298963405898082e-08	 0.00000000000000000000e+00	 2.21509151348484528575e-08	 1.67497311348095180572e-02	 1.89639437080821940396e-02	 2.99676809633337608643e-03	 0.00000000000000000000e+00	 0.00000000000000000000e+00	 0.00000000000000000000e+00	 1.89102631603388221526e-02	 9.93433416563711504032e-05	 0.00000000000000000000e+00	 0.00000000000000000000e+00	 0.00000000000000000000e+00	 
 8.80000000000000115463e-01	 5.37465948246603266397e-08	 0.00000000000000000000e+00	 1.76423167451685779729e-08	 1.36168158556246657320e-02	 1.54632252712753031493e-02	 2.38870774897751098412e-03	 0.00000000000000000000e+00	 0.00000000000000000000e+00	 0.00000000000000000000e+00	 1.54176314398270872946e-02	 8.15190020968652059820e-05	 0.00000000000000000000e+00	 0.00000000000000000000e+00	 0.00000000000000000000e+00	 
 8.99999999999999911182e-01	 4.28273544392223411403e-08	 0.00000000000000000000e+00	 1.39853001560344344892e-08	 1.09847208184610019982e-02	 1.25060042452845351230e-02	 1.89484845249227691275e-03	 0.00000000000000000000e+00	 0.00000000000000000000e+00	 0.00000000000000000000e+00	 1.24679921712488751134e-02	 6.62455722411143572851e-05	 0.00000000000000000000e+00	 0.00000000000000000000e+00	 0.00000000000000000000e+00	 
 9.20000000000000039968e-01	 3.39327738445647534114e-08	 0.00000000000000000000e+00	 1.10333568297076704237e-08	 8.79194587405320027163e-03	 1.00303941635338025873e-02	 1.49573821726074816622e-03	 0.00000000000000000000e+00	 0.00000000000000000000e+00	 0.00000000000000000000e+00	 9.99915894565182351850e-03	 5.33220574371145894402e-05	 0.00000000000000000000e+00	 0.00000000000000000000e+00	 0.00000000000000000000e+00	 
 9.39999999999999835687e-01	 2.67324856841611672007e-08	 0.00000000000000000000e+00	 8.66223389385839755210e-09	 6.98178338876008584141e-03	 7.97821333303186733255e-03	 1.17483304567223131518e-03	 0.00000000000000000000e+00	 0.00000000000000000000e+00	 0.00000000000000000000e+00	 7.95284631635568249608e-03	 4.25274108680381271366e-05	 0.00000000000000000000e+00	 0.00000000000000000000e+00	 0.00000000000000000000e+00	 
 9.60000000000000075495e-01	 2.09395378932517952170e-08	 0.00000000000000000000e+00	 6.76712133481376312540e-09	 5.50127118987805540512e-03	 6.29393061414244663065e-03	 9.18129655829257713094e-04	 0.00000000000000000000e+00	 0.00000000000000000000e+00	 0.00000000000000000000e+00	 6.27361453190863806867e-03	 3.36166662149180219270e-05	 0.00000000000000000000e+00	 0.00000000000000000000e+00	 0.00000000000000000000e+00	 
 9.80000000000000093259e-01	 1.63038264289956674483e-08	 0.00000000000000000000e+00	 5.26008329992363935316e-09	 4.29761179833113536597e-03	 4.92011698607146448492e-03	 7.13826067127039257457e-04	 0.00000000000000000000e+00	 0.00000000000000000000e+00	 0.00000000000000000000e+00	 4.90410040107978548174e-03	 2.63094341712045919307e-05	 0.00000000000000000000e+00	 0.00000000000000000000e+00	 0.00000000000000000000e+00	 
 9.99999999999999888978e-01	 1.26183296890938801573e-08	 0.00000000000000000000e+00	 4.06779563326080235454e-09	 3.32924521799469975633e-03	 3.81218757773532212346e-03	 5.52088306971883408837e-04	 0.00000000000000000000e+00	 0.00000000000000000000e+00	 0.00000000000000000000e+00	 3.79974520845065191071e-03	 2.03931387880429743531e-05	 0.00000000000000000000e+00	 0.00000000000000000000e+00	 0.00000000000000000000e+00	 
 1.02000000000000001776e+00	 9.71383981973668530639e-09	 0.00000000000000000000e+00	 3.12946395601844421476e-09	 2.56492090708990150283e-03	 2.93744377905370054188e-03	 4.24775216154484080208e-04	 0.00000000000000000000e+00	 0.00000000000000000000e+00	 0.00000000000000000000e+00	 2.92783551590449463153e-03	 1.57189480977989297914e-05	 0.00000000000000000000e+00	 0.00000000000000000000e+00	 0.00000000000000000000e+00	 
 1.04000000000000003553e+00	 7.43747427896182629385e-09	 0.00000000000000000000e+00	 2.39488939693278203239e-09	 1.96511610106885319799e-03	 2.25081244601634325453e-03	 3.25091671082073545903e-04	 0.00000000000000000000e+00	 0.00000000000000000000e+00	 0.00000000000000000000e+00	 2.24343686787759023435e-03	 1.20478972217949661125e-05	 0.00000000000000000000e+00	 0.00000000000000000000e+00	 0.00000000000000000000e+00	 
 1.06000000000000005329e+00	 5.66333531698650973062e-09	 0.00000000000000000000e+00	 1.82290764429973455552e-09	 1.49714023460404441028e-03	 1.71497935630634742998e-03	 2.47462117064173130459e-04	 0.00000000000000000000e+00	 0.00000000000000000000e+00	 0.00000000000000000000e+00	 1.70935137259412527067e-03	 9.18176291755192155065e-06	 0.00000000000000000000e+00	 0.00000000000000000000e+00	 0.00000000000000000000e+00	 
 1.08000000000000007105e+00	 4.28840854411306025364e-09	 0.00000000000000000000e+00	 1.37995596912359562367e-09	 1.13414417567685730029e-03	 1.29927510877568866930e-03	 1.87338277005903405033e-04	 0.00000000000000000000e+00	 0.00000000000000000000e+00	 0.00000000000000000000e+00	 1.29500629780238455356e-03	 6.95734814796342260738e-06	 0.00000000000000000000e+00	 0.00000000000000000000e+00	 0.00000000000000000000e+00	 
 1.09999999999999986677e+00	 3.22893985429464623104e-09	 0.00000000000000000000e+00	 1.03882755107977475466e-09	 8.54229478346099245153e-04	 9.78669724915303719526e-04	 1.41031622574104993076e-04	 0.00000000000000000000e+00	 0.00000000000000000000e+00	 0.00000000000000000000e+00	 9.75451282592446305801e-04	 5.24127757610025998874e-06	 0.00000000000000000000e+00	 0.00000000000000000000e+00	 0.00000000000000000000e+00	 
 1.11999999999999988454e+00	 2.41726707096892818957e-09	 0.00000000000000000000e+00	 7.77596634218815887872e-10	 6.39658095467420190552e-04	 7.32877937383013167323e-04	 1.05568549259111760827e-04	 0.00000000000000000000e+00	 0.00000000000000000000e+00	 0.00000000000000000000e+00	 7.30466075456785821247e-04	 3.92533276367167751508e-06	 0.00000000000000000000e+00	 0.00000000000000000000e+00	 0.00000000000000000000e+00	 
 1.14000000000000012434e+00	 1.79907569995730096761e-09	 0.00000000000000000000e+00	 5.78697850844094609854e-10	 4.76159696501810578238e-04	 5.45573055592846992319e-04	 7.85661295818260293697e-05	 0.00000000000000000000e+00	 0.00000000000000000000e+00	 0.00000000000000000000e+00	 5.43776641944780365738e-04	 2.92232993307081535415e-06	 0.00000000000000000000e+00	 0.00000000000000000000e+00	 0.00000000000000000000e+00	 
 1.15999999999999992006e+00	 1.33104373890453979564e-09	 0.00000000000000000000e+00	 4.28143296700643146652e-10	 3.52331352888802433552e-04	 4.03704302172959190054e-04	 5.81263182648993309391e-05	 0.00000000000000000000e+00	 0.00000000000000000000e+00	 0.00000000000000000000e+00	 4.02374511254155269556e-04	 2.16252379976969680856e-06	 0.00000000000000000000e+00	 0.00000000000000000000e+00	 0.00000000000000000000e+00	 
 1.18000000000000015987e+00	 9.78835209549668260482e-10	 0.00000000000000000000e+00	 3.14860562969792017515e-10	 2.59121972199076954467e-04	 2.96909568731493743194e-04	 4.27464053072227343540e-05	 0.00000000000000000000e+00	 0.00000000000000000000e+00	 0.00000000000000000000e+00	 2.95931305467009308791e-04	 1.59050253371666572069e-06	 0.00000000000000000000e+00	 0.00000000000000000000e+00	 0.00000000000000000000e+00	 
 1.19999999999999973355e+00	 7.15411097604255768239e-10	 0.00000000000000000000e+00	 2.30138876808245223961e-10	 1.89395460081463241388e-04	 2.17017195964874006625e-04	 3.12440278161190990668e-05	 0.00000000000000000000e+00	 0.00000000000000000000e+00	 0.00000000000000000000e+00	 2.16302054314212880218e-04	 1.16254564551376293283e-06	 0.00000000000000000000e+00	 0.00000000000000000000e+00	 0.00000000000000000000e+00	 
 1.21999999999999997335e+00	 5.19616912375115330367e-10	 0.00000000000000000000e+00	 1.67168242310710527923e-10	 1.37563469972753555292e-04	 1.57626673925988458570e-04	 2.26947288638076399229e-05	 0.00000000000000000000e+00	 0.00000000000000000000e+00	 0.00000000000000000000e+00	 1.57107207600778390599e-04	 8.44395077154782088910e-07	 0.00000000000000000000e+00	 0.00000000000000000000e+00	 0.00000000000000000000e+00	 
 1.24000000000000021316e+00	 3.75010409997976299484e-10	 0.00000000000000000000e+00	 1.20658461748833125041e-10	 9.92792765283854046184e-05	 1.13758828568058948717e-04	 1.63803096827675912861e-05	 0.00000000000000000000e+00	 0.00000000000000000000e+00	 0.00000000000000000000e+00	 1.13383930320042758530e-04	 6.09392105285198738283e-07	 0.00000000000000000000e+00	 0.00000000000000000000e+00	 0.00000000000000000000e+00	 
 1.25999999999999978684e+00	 2.68896412518644357278e-10	 0.00000000000000000000e+00	 8.65264441990265439411e-11	 7.11848528736002496070e-05	 8.15666059134426813361e-05	 1.17464201696789863674e-05	 0.00000000000000000000e+00	 0.00000000000000000000e+00	 0.00000000000000000000e+00	 8.12978125254477940057e-05	 4.36934642773516667785e-07	 0.00000000000000000000e+00	 0.00000000000000000000e+00	 0.00000000000000000000e+00	 
 1.28000000000000002665e+00	 1.91538390622748332830e-10	 0.00000000000000000000e+00	 6.16414033059196523648e-11	 5.07036966354864037645e-05	 5.80980402358788631991e-05	 8.36798861207330133580e-06	 0.00000000000000000000e+00	 0.00000000000000000000e+00	 0.00000000000000000000e+00	 5.79066021544914549465e-05	 3.11211378728079360453e-07	 0.00000000000000000000e+00	 0.00000000000000000000e+00	 0.00000000000000000000e+00	 
 1.30000000000000026645e+00	 1.35519452097214848632e-10	 0.00000000000000000000e+00	 4.36187245748317381873e-11	 3.58725501901801767921e-05	 4.11036390908447009851e-05	 5.92124717666540301641e-06	 0.00000000000000000000e+00	 0.00000000000000000000e+00	 0.00000000000000000000e+00	 4.09682152292455568281e-05	 2.20172164270888793368e-07	 0.00000000000000000000e+00	 0.00000000000000000000e+00	 0.00000000000000000000e+00	 
 1.32000000000000006217e+00	 9.52284280346657444442e-11	 0.00000000000000000000e+00	 3.06544166313763522717e-11	 2.52058360178118326205e-05	 2.88811625684527182375e-05	 4.16126063983212889525e-06	 0.00000000000000000000e+00	 0.00000000000000000000e+00	 0.00000000000000000000e+00	 2.87860212975335357205e-05	 1.54697691132925427056e-07	 0.00000000000000000000e+00	 0.00000000000000000000e+00	 0.00000000000000000000e+00	 
 1.34000000000000007994e+00	 6.64497504688014569858e-11	 0.00000000000000000000e+00	 2.13931293300103098700e-11	 1.75873315205460373928e-05	 2.01515598187103405024e-05	 2.90400887038283840363e-06	 0.00000000000000000000e+00	 0.00000000000000000000e+00	 0.00000000000000000000e+00	 2.00851860023730310152e-05	 1.07935478968765908738e-07	 0.00000000000000000000e+00	 0.00000000000000000000e+00	 0.00000000000000000000e+00	 
 1.35999999999999987566e+00	 4.60386787853222907125e-11	 0.00000000000000000000e+00	 1.48237100942251255016e-11	 1.21843041679024203692e-05	 1.39606101813837340749e-05	 2.01220645528460454781e-06	 0.00000000000000000000e+00	 0.00000000000000000000e+00	 0.00000000000000000000e+00	 1.39146350000447433025e-05	 7.47732272382550753120e-08	 0.00000000000000000000e+00	 0.00000000000000000000e+00	 0.00000000000000000000e+00	 
 1.37999999999999989342e+00	 3.16660969521500520324e-11	 0.00000000000000000000e+00	 1.01971697538170852332e-11	 8.37999265363923940750e-06	 9.60156889729447507215e-06	 1.38416419491809238894e-06	 0.00000000000000000000e+00	 0.00000000000000000000e+00	 0.00000000000000000000e+00	 9.56995403153584539633e-06	 5.14245134871817653815e-08	 0.00000000000000000000e+00	 0.00000000000000000000e+00	 0.00000000000000000000e+00	 
 1.40000000000000013323e+00	 2.16195320588496128267e-11	 0.00000000000000000000e+00	 6.96273642378281567588e-12	 5.72093656185906896777e-06	 6.55481825913930787430e-06	 9.45106285453880481447e-07	 0.00000000000000000000e+00	 0.00000000000000000000e+00	 0.00000000000000000000e+00	 6.53323879461355031537e-06	 3.51055068594971411487e-08	 0.00000000000000000000e+00	 0.00000000000000000000e+00	 0.00000000000000000000e+00	 
 1.41999999999999992895e+00	 1.46492183489206281667e-11	 0.00000000000000000000e+00	 4.71839042093480542525e-12	 3.87621624084792051489e-06	 4.44116212625948258915e-06	 6.40453708108225980363e-07	 0.00000000000000000000e+00	 0.00000000000000000000e+00	 0.00000000000000000000e+00	 4.42654340055391357881e-06	 2.37847366079288202944e-08	 0.00000000000000000000e+00	 0.00000000000000000000e+00	 0.00000000000000000000e+00	 
 1.44000000000000016875e+00	 9.84994581651068138296e-12	 0.00000000000000000000e+00	 3.17289752094185971575e-12	 2.60616174323910338009e-06	 2.98596915909614238460e-06	 4.30668943717251043797e-07	 0.00000000000000000000e+00	 0.00000000000000000000e+00	 0.00000000000000000000e+00	 2.97614186394042267233e-06	 1.59909701706642061561e-08	 0.00000000000000000000e+00	 0.00000000000000000000e+00	 0.00000000000000000000e+00	 
 1.45999999999999996447e+00	 6.57109513064962192828e-12	 0.00000000000000000000e+00	 2.11689684384355016146e-12	 1.73852422938574946565e-06	 1.99186674016169561300e-06	 2.87330227926463139871e-07	 0.00000000000000000000e+00	 0.00000000000000000000e+00	 0.00000000000000000000e+00	 1.98531210853433014586e-06	 1.06669015496795251288e-08	 0.00000000000000000000e+00	 0.00000000000000000000e+00	 0.00000000000000000000e+00	 
 1.47999999999999998224e+00	 4.34868522320973739468e-12	 0.00000000000000000000e+00	 1.40105961777906471860e-12	 1.15047729737432731611e-06	 1.31811545045723819099e-06	 1.90165977526518677302e-07	 0.00000000000000000000e+00	 0.00000000000000000000e+00	 0.00000000000000000000e+00	 1.31377849745575121542e-06	 7.05863542853078872990e-09	 0.00000000000000000000e+00	 0.00000000000000000000e+00	 0.00000000000000000000e+00	 
 1.50000000000000000000e+00	 2.85446525299895960584e-12	 0.00000000000000000000e+00	 9.19723214658996408928e-13	 7.55133270060938901520e-07	 8.65157482279979564797e-07	 1.24832708455644476086e-07	 0.00000000000000000000e+00	 0.00000000000000000000e+00	 0.00000000000000000000e+00	 8.62311227159753114770e-07	 4.63289612989268853988e-09	 0.00000000000000000000e+00	 0.00000000000000000000e+00	 0.00000000000000000000e+00	 
 1.52000000000000001776e+00	 1.85809050621664004564e-12	 0.00000000000000000000e+00	 5.98728826329321090771e-13	 4.91525612163741235019e-07	 5.63137157889132452551e-07	 8.12637559094581408488e-08	 0.00000000000000000000e+00	 0.00000000000000000000e+00	 0.00000000000000000000e+00	 5.61284716711512825910e-07	 3.01552177464190120034e-09	 0.00000000000000000000e+00	 0.00000000000000000000e+00	 0.00000000000000000000e+00	 
 1.54000000000000003553e+00	 1.19925490382946108577e-12	 0.00000000000000000000e+00	 3.86458675483826132998e-13	 3.17228995621961784099e-07	 3.63444143846800249218e-07	 5.24524374339841820093e-08	 0.00000000000000000000e+00	 0.00000000000000000000e+00	 0.00000000000000000000e+00	 3.62248715265538372208e-07	 1.94615586234451357059e-09	 0.00000000000000000000e+00	 0.00000000000000000000e+00	 0.00000000000000000000e+00	 
 1.56000000000000027534e+00	 7.67333857720159883886e-13	 0.00000000000000000000e+00	 2.47287239609391058787e-13	 2.02968848451283352221e-07	 2.32536558989242206481e-07	 3.35629861317854718869e-08	 0.00000000000000000000e+00	 0.00000000000000000000e+00	 0.00000000000000000000e+00	 2.31771778319644963403e-07	 1.24515545702050071698e-09	 0.00000000000000000000e+00	 0.00000000000000000000e+00	 0.00000000000000000000e+00	 
 1.58000000000000007105e+00	 4.86641987643248124063e-13	 0.00000000000000000000e+00	 1.56837696764540136166e-13	 1.28718132157187799016e-07	 1.47468379724177309075e-07	 2.12865837185750274862e-08	 0.00000000000000000000e+00	 0.00000000000000000000e+00	 0.00000000000000000000e+00	 1.46983417359031475440e-07	 7.89631233971049369525e-10	 0.00000000000000000000e+00	 0.00000000000000000000e+00	 0.00000000000000000000e+00	 
 1.60000000000000008882e+00	 3.05850875376415852890e-13	 0.00000000000000000000e+00	 9.85762083431075873494e-14	 8.08958726561809501334e-08	 9.26793802763587208889e-08	 1.33790280065802011446e-08	 0.00000000000000000000e+00	 0.00000000000000000000e+00	 0.00000000000000000000e+00	 9.23746193949323402758e-08	 4.96251960452515628753e-10	 0.00000000000000000000e+00	 0.00000000000000000000e+00	 0.00000000000000000000e+00	 
 1.61999999999999988454e+00	 1.90460891617829777935e-13	 0.00000000000000000000e+00	 6.13886235191430944738e-14	 5.03744329078019003543e-08	 5.77118151960047721136e-08	 8.33177580155833160781e-09	 0.00000000000000000000e+00	 0.00000000000000000000e+00	 0.00000000000000000000e+00	 5.75220524242849712775e-08	 3.09013976432159188332e-10	 0.00000000000000000000e+00	 0.00000000000000000000e+00	 0.00000000000000000000e+00	 
 1.64000000000000012434e+00	 1.17494419068713627443e-13	 0.00000000000000000000e+00	 3.78719308562550279132e-14	 3.10749488515444253518e-08	 3.56010659208180731513e-08	 5.14001756652185310397e-09	 0.00000000000000000000e+00	 0.00000000000000000000e+00	 0.00000000000000000000e+00	 3.54840129713628048440e-08	 1.90621187963700055247e-10	 0.00000000000000000000e+00	 0.00000000000000000000e+00	 0.00000000000000000000e+00	 
 1.66000000000000014211e+00	 7.17896431084795547919e-14	 0.00000000000000000000e+00	 2.31408219239880264027e-14	 1.89864942090579626654e-08	 2.17518178790654632620e-08	 3.14067956643741737314e-09	 0.00000000000000000000e+00	 0.00000000000000000000e+00	 0.00000000000000000000e+00	 2.16803039601821695146e-08	 1.16465945654501429704e-10	 0.00000000000000000000e+00	 0.00000000000000000000e+00	 0.00000000000000000000e+00	 
 1.67999999999999993783e+00	 4.34365813123272667122e-14	 0.00000000000000000000e+00	 1.40019417242542110740e-14	 1.14875991195916202314e-08	 1.31606823814933136516e-08	 1.90033861238065670513e-09	 0.00000000000000000000e+00	 0.00000000000000000000e+00	 0.00000000000000000000e+00	 1.31174159229502281620e-08	 7.04656432036951148097e-11	 0.00000000000000000000e+00	 0.00000000000000000000e+00	 0.00000000000000000000e+00	 
 1.70000000000000017764e+00	 2.60203577742103646845e-14	 0.00000000000000000000e+00	 8.38804226694364056917e-15	 6.88142317505674808746e-09	 7.88362393180351351988e-09	 1.13841699402539681592e-09	 0.00000000000000000000e+00	 0.00000000000000000000e+00	 0.00000000000000000000e+00	 7.85770729075933140675e-09	 4.22105344356692627171e-11	 0.00000000000000000000e+00	 0.00000000000000000000e+00	 0.00000000000000000000e+00	 
 1.71999999999999997335e+00	 1.54293451339536003017e-14	 0.00000000000000000000e+00	 4.97403491062091556563e-15	 4.08041616959298656291e-09	 4.67466729350827116330e-09	 6.75068351755331251710e-10	 0.00000000000000000000e+00	 0.00000000000000000000e+00	 0.00000000000000000000e+00	 4.65930043654772255135e-09	 2.50289059484444932312e-11	 0.00000000000000000000e+00	 0.00000000000000000000e+00	 0.00000000000000000000e+00	 
 1.73999999999999999112e+00	 9.05460358279155411082e-15	 0.00000000000000000000e+00	 2.91906807502509314500e-15	 2.39452211921094336894e-09	 2.74324002397050190558e-09	 3.96169830937958248509e-10	 0.00000000000000000000e+00	 0.00000000000000000000e+00	 0.00000000000000000000e+00	 2.73422262990989110599e-09	 1.46876187589031776368e-11	 0.00000000000000000000e+00	 0.00000000000000000000e+00	 0.00000000000000000000e+00	 
 1.76000000000000023093e+00	 5.25761152059595086324e-15	 0.00000000000000000000e+00	 1.69502596056252546206e-15	 1.39037107287490782339e-09	 1.59284847275043524218e-09	 2.30044504349196754682e-10	 0.00000000000000000000e+00	 0.00000000000000000000e+00	 0.00000000000000000000e+00	 1.58761276127964773725e-09	 8.52822467119875981241e-12	 0.00000000000000000000e+00	 0.00000000000000000000e+00	 0.00000000000000000000e+00	 
 1.78000000000000002665e+00	 3.02003714537679525400e-15	 0.00000000000000000000e+00	 9.73672759298468756999e-16	 7.98633648213587855307e-10	 9.14934883326491000976e-10	 1.32143836081652923848e-10	 0.00000000000000000000e+00	 0.00000000000000000000e+00	 0.00000000000000000000e+00	 9.11927586579184123678e-10	 4.89858963520618072786e-12	 0.00000000000000000000e+00	 0.00000000000000000000e+00	 0.00000000000000000000e+00	 
 1.80000000000000004441e+00	 1.71572102434186933488e-15	 0.00000000000000000000e+00	 5.53172052363891811801e-16	 4.53706768162923223601e-10	 5.19776598556433852785e-10	 7.50745142139273503987e-11	 0.00000000000000000000e+00	 0.00000000000000000000e+00	 0.00000000000000000000e+00	 5.18068203517716865496e-10	 2.78287930991481214828e-12	 0.00000000000000000000e+00	 0.00000000000000000000e+00	 0.00000000000000000000e+00	 
 1.81999999999999984013e+00	 9.63819514739124131681e-16	 0.00000000000000000000e+00	 3.10757904263383308855e-16	 2.54869375009774511136e-10	 2.91983309414112283102e-10	 4.21747874523823811494e-11	 0.00000000000000000000e+00	 0.00000000000000000000e+00	 0.00000000000000000000e+00	 2.91023653605096734198e-10	 1.56326456362530930231e-12	 0.00000000000000000000e+00	 0.00000000000000000000e+00	 0.00000000000000000000e+00	 
 1.84000000000000007994e+00	 5.35256120344238933825e-16	 0.00000000000000000000e+00	 1.72584283108517815247e-16	 1.41539266864560813444e-10	 1.62149731123922212162e-10	 2.34223447710153890664e-11	 0.00000000000000000000e+00	 0.00000000000000000000e+00	 0.00000000000000000000e+00	 1.61616813836579499501e-10	 8.68135449611896361598e-13	 0.00000000000000000000e+00	 0.00000000000000000000e+00	 0.00000000000000000000e+00	 
 1.86000000000000009770e+00	 2.93795292620816582821e-16	 0.00000000000000000000e+00	 9.47322626022413529437e-17	 7.76879079432936278708e-11	 8.90003333604166884851e-11	 1.28565788261437854668e-11	 0.00000000000000000000e+00	 0.00000000000000000000e+00	 0.00000000000000000000e+00	 8.87078364050983419731e-11	 4.76496429663012594356e-13	 0.00000000000000000000e+00	 0.00000000000000000000e+00	 0.00000000000000000000e+00	 
 1.87999999999999989342e+00	 1.59346964301517355379e-16	 0.00000000000000000000e+00	 5.13819765066403811836e-17	 4.21352470557367339601e-11	 4.82705950293972100219e-11	 6.97327270387712253228e-12	 0.00000000000000000000e+00	 0.00000000000000000000e+00	 0.00000000000000000000e+00	 4.81119602608810389683e-11	 2.58432635081613077269e-13	 0.00000000000000000000e+00	 0.00000000000000000000e+00	 0.00000000000000000000e+00	 
 1.89999999999999991118e+00	 8.53797999895131473716e-17	 0.00000000000000000000e+00	 2.75319293192831008842e-17	 2.25761478095688257579e-11	 2.58634122406292897236e-11	 3.73646369890088106477e-12	 0.00000000000000000000e+00	 0.00000000000000000000e+00	 0.00000000000000000000e+00	 2.57784184345934543771e-11	 1.38467262958813593784e-13	 0.00000000000000000000e+00	 0.00000000000000000000e+00	 0.00000000000000000000e+00	 
 1.92000000000000015099e+00	 4.51828410757352349089e-17	 0.00000000000000000000e+00	 1.45703577965424460892e-17	 1.19470570730178810932e-11	 1.36866057969613314003e-11	 1.97739095682090837128e-12	 0.00000000000000000000e+00	 0.00000000000000000000e+00	 0.00000000000000000000e+00	 1.36416296216507720440e-11	 7.32746064746048890912e-14	 0.00000000000000000000e+00	 0.00000000000000000000e+00	 0.00000000000000000000e+00	 
 1.93999999999999994671e+00	 2.36097693232383908244e-17	 0.00000000000000000000e+00	 7.61385069262866369997e-18	 6.24268651673701653796e-12	 7.15163167599788925344e-12	 1.03329613138394008756e-12	 0.00000000000000000000e+00	 0.00000000000000000000e+00	 0.00000000000000000000e+00	 7.12813120005317879424e-12	 3.82876902244233666401e-14	 0.00000000000000000000e+00	 0.00000000000000000000e+00	 0.00000000000000000000e+00	 
 1.95999999999999996447e+00	 1.21786888074720917173e-17	 0.00000000000000000000e+00	 3.92762423628988318602e-18	 3.22012202293238549326e-12	 3.68896621885463856975e-12	 5.33026009426257349530e-13	 0.00000000000000000000e+00	 0.00000000000000000000e+00	 0.00000000000000000000e+00	 3.67684460952303044023e-12	 1.97494413968314650820e-14	 0.00000000000000000000e+00	 0.00000000000000000000e+00	 0.00000000000000000000e+00	 
 1.97999999999999998224e+00	 6.19995721547673797996e-18	 0.00000000000000000000e+00	 1.99956634320658841548e-18	 1.63927601330897272213e-12	 1.87794602769660053492e-12	 2.71363980711127063794e-13	 0.00000000000000000000e+00	 0.00000000000000000000e+00	 0.00000000000000000000e+00	 1.87177550413421735371e-12	 1.00537746977575295732e-14	 0.00000000000000000000e+00	 0.00000000000000000000e+00	 0.00000000000000000000e+00	 
 2.00000000000000000000e+00	 3.11417490892659805212e-18	 0.00000000000000000000e+00	 1.00440503496028143256e-18	 8.23374713437334320628e-13	 9.43250728523832282151e-13	 1.36308537217166698877e-13	 0.00000000000000000000e+00	 0.00000000000000000000e+00	 0.00000000000000000000e+00	 9.40151536582026285074e-13	 5.04973825247183905480e-15	 0.00000000000000000000e+00	 0.00000000000000000000e+00	 0.00000000000000000000e+00	 
 2.02000000000000001776e+00	 1.54293706379183484451e-18	 0.00000000000000000000e+00	 4.97661397462751817682e-19	 4.07937246375116340742e-13	 4.67327681487481477113e-13	 6.75376262421543917419e-14	 0.00000000000000000000e+00	 0.00000000000000000000e+00	 0.00000000000000000000e+00	 4.65792271856747577426e-13	 2.50183492964457691367e-15	 0.00000000000000000000e+00	 0.00000000000000000000e+00	 0.00000000000000000000e+00	 
 2.04000000000000003553e+00	 7.53853627117154181085e-19	 0.00000000000000000000e+00	 2.43160946250332208522e-19	 1.99306861477976314838e-13	 2.28322564137983256458e-13	 3.29991825688608772105e-14	 0.00000000000000000000e+00	 0.00000000000000000000e+00	 0.00000000000000000000e+00	 2.27572442086280593206e-13	 1.22230935345481066929e-15	 0.00000000000000000000e+00	 0.00000000000000000000e+00	 0.00000000000000000000e+00	 
 2.06000000000000005329e+00	 3.63111574672410447844e-19	 0.00000000000000000000e+00	 1.17130287908277082159e-19	 9.59985767311721370921e-14	 1.09973923597195023011e-13	 1.58955637658159282970e-14	 0.00000000000000000000e+00	 0.00000000000000000000e+00	 0.00000000000000000000e+00	 1.09612636883548641469e-13	 5.88730978925803593701e-16	 0.00000000000000000000e+00	 0.00000000000000000000e+00	 0.00000000000000000000e+00	 
 2.08000000000000007105e+00	 1.72379637096529281779e-19	 0.00000000000000000000e+00	 5.56081887794393571763e-20	 4.55721490340808797795e-14	 5.22062714513460680035e-14	 7.54644967104411602704e-15	 0.00000000000000000000e+00	 0.00000000000000000000e+00	 0.00000000000000000000e+00	 5.20347719528248171382e-14	 2.79475925796245729480e-16	 0.00000000000000000000e+00	 0.00000000000000000000e+00	 0.00000000000000000000e+00	 
 2.10000000000000053291e+00	 8.06308237094106061355e-20	 0.00000000000000000000e+00	 2.60123135691996000946e-20	 2.13158577779967149757e-14	 2.44187887518938850010e-14	 3.53004257892277611430e-15	 0.00000000000000000000e+00	 0.00000000000000000000e+00	 0.00000000000000000000e+00	 2.43385764740755924843e-14	 1.30719407896399858937e-16	 0.00000000000000000000e+00	 0.00000000000000000000e+00	 0.00000000000000000000e+00	 
 2.12000000000000010658e+00	 3.71500876851724827659e-20	 0.00000000000000000000e+00	 1.19857255482923136665e-20	 9.82084859721978722092e-15	 1.12504097910473940586e-14	 1.62653024331091171814e-15	 0.00000000000000000000e+00	 0.00000000000000000000e+00	 0.00000000000000000000e+00	 1.12134558987453764243e-14	 6.02251895015269885251e-17	 0.00000000000000000000e+00	 0.00000000000000000000e+00	 0.00000000000000000000e+00	 
 2.14000000000000012434e+00	 1.68552198751970209435e-20	 0.00000000000000000000e+00	 5.43834924377062443390e-21	 4.45564205669580835612e-15	 5.10419810910417659285e-15	 7.38008844158403986239e-16	 0.00000000000000000000e+00	 0.00000000000000000000e+00	 0.00000000000000000000e+00	 5.08743351819937141432e-15	 2.73231563257825373547e-17	 0.00000000000000000000e+00	 0.00000000000000000000e+00	 0.00000000000000000000e+00	 
 2.15999999999999969802e+00	 7.52826528008418231233e-21	 0.00000000000000000000e+00	 2.42916735578584807379e-21	 1.99001656035731629162e-15	 2.27966847318524176043e-15	 3.29646420764703268537e-16	 0.00000000000000000000e+00	 0.00000000000000000000e+00	 0.00000000000000000000e+00	 2.27218145115425172150e-15	 1.22030435505524594097e-17	 0.00000000000000000000e+00	 0.00000000000000000000e+00	 0.00000000000000000000e+00	 
 2.18000000000000015987e+00	 3.30909510311351682645e-21	 0.00000000000000000000e+00	 1.06783306865387557144e-21	 8.74693889312137754796e-16	 1.00200234205871503960e-15	 1.44907391163491933694e-16	 0.00000000000000000000e+00	 0.00000000000000000000e+00	 0.00000000000000000000e+00	 9.98711731871581269450e-16	 5.36361900305942260288e-18	 0.00000000000000000000e+00	 0.00000000000000000000e+00	 0.00000000000000000000e+00	 
 2.20000000000000017764e+00	 1.43101173255851824487e-21	 0.00000000000000000000e+00	 4.61817869226115869651e-22	 3.78245899001848214210e-16	 4.33295694293103760626e-16	 6.26691674762569066071e-17	 0.00000000000000000000e+00	 0.00000000000000000000e+00	 0.00000000000000000000e+00	 4.31872839522079059335e-16	 2.31934762887340383417e-18	 0.00000000000000000000e+00	 0.00000000000000000000e+00	 0.00000000000000000000e+00	 
 2.21999999999999975131e+00	 6.08639801457421030284e-22	 0.00000000000000000000e+00	 1.96436966562199611151e-22	 1.60869848928641956356e-16	 1.84281676108298988976e-16	 2.66564430679890139996e-17	 0.00000000000000000000e+00	 0.00000000000000000000e+00	 0.00000000000000000000e+00	 1.83676579131092992443e-16	 9.86405462045612320798e-19	 0.00000000000000000000e+00	 0.00000000000000000000e+00	 0.00000000000000000000e+00	 
 2.24000000000000021316e+00	 2.54520128740646030765e-22	 0.00000000000000000000e+00	 8.21527921356206328993e-23	 6.72695851378525259406e-17	 7.70590143125875870555e-17	 1.11479972028170765064e-17	 0.00000000000000000000e+00	 0.00000000000000000000e+00	 0.00000000000000000000e+00	 7.68060082382257121627e-17	 4.12465984097080788649e-19	 0.00000000000000000000e+00	 0.00000000000000000000e+00	 0.00000000000000000000e+00	 
 2.25999999999999978684e+00	 1.04613513225607711545e-22	 0.00000000000000000000e+00	 3.37697141477773177972e-23	 2.76481265959271472031e-17	 3.16714137078812894242e-17	 4.58244431045506646888e-18	 0.00000000000000000000e+00	 0.00000000000000000000e+00	 0.00000000000000000000e+00	 3.15674366397694988500e-17	 1.69520811904506955519e-19	 0.00000000000000000000e+00	 0.00000000000000000000e+00	 0.00000000000000000000e+00	 
 2.27999999999999980460e+00	 4.22487981433402715752e-23	 0.00000000000000000000e+00	 1.36394081144622505902e-23	 1.11653551511552168620e-17	 1.27900179411220515073e-17	 1.85080369965377643021e-18	 0.00000000000000000000e+00	 0.00000000000000000000e+00	 0.00000000000000000000e+00	 1.27480322070977244896e-17	 6.84568804236792770423e-20	 0.00000000000000000000e+00	 0.00000000000000000000e+00	 0.00000000000000000000e+00	 
 2.30000000000000026645e+00	 1.67593323224369030110e-23	 0.00000000000000000000e+00	 5.41105189610806612023e-24	 4.42888155564731922740e-18	 5.07328633792488493712e-18	 7.34245477940108318105e-19	 0.00000000000000000000e+00	 0.00000000000000000000e+00	 0.00000000000000000000e+00	 5.05663388493189818520e-18	 2.71534596419247598850e-20	 0.00000000000000000000e+00	 0.00000000000000000000e+00	 0.00000000000000000000e+00	 
 2.32000000000000028422e+00	 6.52781033043250729164e-24	 0.00000000000000000000e+00	 2.10784502831356955596e-24	 1.72497543785585178445e-18	 1.97594448679298534360e-18	 2.86017573631581476380e-19	 0.00000000000000000000e+00	 0.00000000000000000000e+00	 0.00000000000000000000e+00	 1.96945934468156726666e-18	 1.05754736813207254517e-20	 0.00000000000000000000e+00	 0.00000000000000000000e+00	 0.00000000000000000000e+00	 
 2.33999999999999985789e+00	 2.49572824921149303972e-24	 0.00000000000000000000e+00	 8.05966600117926718203e-25	 6.59461638016979343524e-19	 7.55401226455742556749e-19	 1.09361697993278568706e-19	 0.00000000000000000000e+00	 0.00000000000000000000e+00	 0.00000000000000000000e+00	 7.52922229836274490096e-19	 4.04288598147850069980e-21	 0.00000000000000000000e+00	 0.00000000000000000000e+00	 0.00000000000000000000e+00	 
 2.36000000000000031974e+00	 9.36255360987729640221e-25	 0.00000000000000000000e+00	 3.02388447559545998809e-25	 2.47378633139484023756e-19	 2.83365166154493247231e-19	 4.10305410598469114009e-20	 0.00000000000000000000e+00	 0.00000000000000000000e+00	 0.00000000000000000000e+00	 2.82435353020902964314e-19	 1.51652086507680851351e-21	 0.00000000000000000000e+00	 0.00000000000000000000e+00	 0.00000000000000000000e+00	 
 2.38000000000000033751e+00	 3.44512282808142461168e-25	 0.00000000000000000000e+00	 1.11283131929359074279e-25	 9.10221163113707909243e-20	 1.04262258301511901662e-19	 1.50995816225133286561e-20	 0.00000000000000000000e+00	 0.00000000000000000000e+00	 0.00000000000000000000e+00	 1.03920180665871955759e-19	 5.57977330877665938922e-22	 0.00000000000000000000e+00	 0.00000000000000000000e+00	 0.00000000000000000000e+00	 
 2.39999999999999991118e+00	 1.24300365820691266274e-25	 0.00000000000000000000e+00	 4.01562831249002736082e-26	 3.28388282464810910500e-20	 3.76152160121958881022e-20	 5.44856670883802255884e-21	 0.00000000000000000000e+00	 0.00000000000000000000e+00	 0.00000000000000000000e+00	 3.74918184084720880613e-20	 2.01298177447341734316e-22	 0.00000000000000000000e+00	 0.00000000000000000000e+00	 0.00000000000000000000e+00	 
 2.41999999999999948486e+00	 4.39581255968335011735e-26	 0.00000000000000000000e+00	 1.42029825771773745893e-26	 1.16125090540298869640e-20	 1.33014033113259621116e-20	 1.92708629453161410354e-21	 0.00000000000000000000e+00	 0.00000000000000000000e+00	 0.00000000000000000000e+00	 1.32577734927184671176e-20	 7.11803192018583713662e-23	 0.00000000000000000000e+00	 0.00000000000000000000e+00	 0.00000000000000000000e+00	 
 2.44000000000000039080e+00	 1.52315667806202687678e-26	 0.00000000000000000000e+00	 4.92206302352809902974e-27	 4.02347875065948160708e-21	 4.60859312422696913259e-21	 6.67822831663008466159e-22	 0.00000000000000000000e+00	 0.00000000000000000000e+00	 0.00000000000000000000e+00	 4.59347861133824203433e-21	 2.46613207204551386854e-23	 0.00000000000000000000e+00	 0.00000000000000000000e+00	 0.00000000000000000000e+00	 
 2.45999999999999996447e+00	 5.16923270315909402481e-27	 0.00000000000000000000e+00	 1.67068237254548058852e-27	 1.36537509859419595857e-21	 1.56391683820879622671e-21	 2.26673157939045111198e-22	 0.00000000000000000000e+00	 0.00000000000000000000e+00	 0.00000000000000000000e+00	 1.55878850492453321372e-21	 8.36847642259265994950e-24	 0.00000000000000000000e+00	 0.00000000000000000000e+00	 0.00000000000000000000e+00	 
 2.47999999999999953815e+00	 1.71758789508787427899e-27	 0.00000000000000000000e+00	 5.55207221275534265222e-28	 4.53640798013196947483e-22	 5.19599303058932440314e-22	 7.53274106311741178991e-23	 0.00000000000000000000e+00	 0.00000000000000000000e+00	 0.00000000000000000000e+00	 5.17895714193005078426e-22	 2.78025952645120483170e-24	 0.00000000000000000000e+00	 0.00000000000000000000e+00	 0.00000000000000000000e+00	 
 2.50000000000000044409e+00	 5.58542729659223215618e-28	 0.00000000000000000000e+00	 1.80577684033857203573e-28	 1.47507874999347983402e-22	 1.68953107317228048632e-22	 2.44992812174579496125e-23	 0.00000000000000000000e+00	 0.00000000000000000000e+00	 0.00000000000000000000e+00	 1.68399256496220716515e-22	 9.03995422837839345498e-25	 0.00000000000000000000e+00	 0.00000000000000000000e+00	 0.00000000000000000000e+00	 
 2.52000000000000001776e+00	 1.77692634871209839463e-28	 0.00000000000000000000e+00	 5.74581917822359468658e-29	 4.69237029328392677304e-23	 5.37449315843219371755e-23	 7.79528756389834302683e-24	 0.00000000000000000000e+00	 0.00000000000000000000e+00	 0.00000000000000000000e+00	 5.35687781345578271169e-23	 2.87554416263321553076e-25	 0.00000000000000000000e+00	 0.00000000000000000000e+00	 0.00000000000000000000e+00	 
 2.54000000000000003553e+00	 5.52824130442109485385e-29	 0.00000000000000000000e+00	 1.78791876044657529881e-29	 1.45972892495903001561e-23	 1.67190440428466054236e-23	 2.42559600114174619241e-24	 0.00000000000000000000e+00	 0.00000000000000000000e+00	 0.00000000000000000000e+00	 1.66642556426169113146e-23	 8.94490295428559263581e-26	 0.00000000000000000000e+00	 0.00000000000000000000e+00	 0.00000000000000000000e+00	 
 2.56000000000000049738e+00	 1.68126419686851000180e-29	 0.00000000000000000000e+00	 5.43849241387833650276e-30	 4.43896617893843361193e-24	 5.08410809584137193326e-24	 7.37801068698048619133e-25	 0.00000000000000000000e+00	 0.00000000000000000000e+00	 0.00000000000000000000e+00	 5.06745051597080748564e-24	 2.71994292068243202850e-26	 0.00000000000000000000e+00	 0.00000000000000000000e+00	 0.00000000000000000000e+00	 
 2.58000000000000007105e+00	 4.99621542321244850476e-30	 0.00000000000000000000e+00	 1.61647539671442938385e-30	 1.31900336108982579143e-24	 1.51067925832627572171e-24	 2.19290325252387036520e-25	 0.00000000000000000000e+00	 0.00000000000000000000e+00	 0.00000000000000000000e+00	 1.50573062076470763467e-24	 8.08159790597518153530e-27	 0.00000000000000000000e+00	 0.00000000000000000000e+00	 0.00000000000000000000e+00	 
 2.60000000000000008882e+00	 1.45019143385375397604e-30	 0.00000000000000000000e+00	 4.69291150702756943094e-31	 3.82813401205157812970e-25	 4.38436423188273320936e-25	 6.36622375871191738771e-26	 0.00000000000000000000e+00	 0.00000000000000000000e+00	 0.00000000000000000000e+00	 4.37000495892876167376e-25	 2.34536622082806250123e-27	 0.00000000000000000000e+00	 0.00000000000000000000e+00	 0.00000000000000000000e+00	 
 2.62000000000000055067e+00	 4.10969184913824329449e-31	 0.00000000000000000000e+00	 1.33020683892526800857e-31	 1.08474144402360085686e-25	 1.24233451782115809793e-25	 1.80446058904264170650e-26	 0.00000000000000000000e+00	 0.00000000000000000000e+00	 0.00000000000000000000e+00	 1.23826659313313264332e-25	 6.64539415095801679223e-28	 0.00000000000000000000e+00	 0.00000000000000000000e+00	 0.00000000000000000000e+00	 
 2.64000000000000012434e+00	 1.13661056867065079173e-31	 0.00000000000000000000e+00	 3.67975065312106015152e-32	 2.99972828540492288680e-26	 3.43547467022337405022e-26	 4.99154308475680292050e-27	 0.00000000000000000000e+00	 0.00000000000000000000e+00	 0.00000000000000000000e+00	 3.42422795744544140699e-26	 1.83757958602643430585e-28	 0.00000000000000000000e+00	 0.00000000000000000000e+00	 0.00000000000000000000e+00	 
 2.66000000000000014211e+00	 3.06654558649722752012e-32	 0.00000000000000000000e+00	 9.93017491697254126422e-33	 8.09228065088887675021e-27	 9.26761455360457400133e-27	 1.34697968493362906895e-27	 0.00000000000000000000e+00	 0.00000000000000000000e+00	 0.00000000000000000000e+00	 9.23728212492227392426e-27	 4.95682539091220736520e-29	 0.00000000000000000000e+00	 0.00000000000000000000e+00	 0.00000000000000000000e+00	 
 2.67999999999999971578e+00	 8.06746929197621478187e-33	 0.00000000000000000000e+00	 2.61306158429931802828e-33	 2.12866880813526001302e-27	 2.43779391898871567620e-27	 3.54438590942059858308e-28	 0.00000000000000000000e+00	 0.00000000000000000000e+00	 0.00000000000000000000e+00	 2.42981705214338061433e-27	 1.30379079924516171678e-29	 0.00000000000000000000e+00	 0.00000000000000000000e+00	 0.00000000000000000000e+00	 
 2.70000000000000017764e+00	 2.06865620301004433679e-33	 0.00000000000000000000e+00	 6.70208082818383931507e-34	 5.45765771558341718324e-28	 6.25009644208447110885e-28	 9.09049871855151811021e-29	 0.00000000000000000000e+00	 0.00000000000000000000e+00	 0.00000000000000000000e+00	 6.22965018292209373412e-28	 3.34250369996708846353e-30	 0.00000000000000000000e+00	 0.00000000000000000000e+00	 0.00000000000000000000e+00	 
 2.72000000000000019540e+00	 5.16789257598827052538e-34	 0.00000000000000000000e+00	 1.67474267442287101030e-34	 1.36325325241222287860e-28	 1.56116265729731472296e-28	 2.27149769956372236627e-29	 0.00000000000000000000e+00	 0.00000000000000000000e+00	 0.00000000000000000000e+00	 1.55605687088536144328e-28	 8.34846356126634370992e-31	 0.00000000000000000000e+00	 0.00000000000000000000e+00	 0.00000000000000000000e+00	 
 2.73999999999999976907e+00	 1.25725100389926327629e-34	 0.00000000000000000000e+00	 4.07543715255670342914e-35	 3.31610285815559281400e-29	 3.79743582117317885938e-29	 5.52744008368613431674e-30	 0.00000000000000000000e+00	 0.00000000000000000000e+00	 0.00000000000000000000e+00	 3.78501964873070341527e-29	 2.03058425409558236756e-31	 0.00000000000000000000e+00	 0.00000000000000000000e+00	 0.00000000000000000000e+00	 
 2.76000000000000023093e+00	 2.97729060209696666520e-35	 0.00000000000000000000e+00	 9.65373659984301640491e-36	 7.85177724845494601618e-30	 8.99126713034751372791e-30	 1.30927347842482407104e-30	 0.00000000000000000000e+00	 0.00000000000000000000e+00	 0.00000000000000000000e+00	 8.96187734866998834346e-30	 4.80753624932209215564e-32	 0.00000000000000000000e+00	 0.00000000000000000000e+00	 0.00000000000000000000e+00	 
 2.77999999999999980460e+00	 6.85988360201810138996e-36	 0.00000000000000000000e+00	 2.22493566211424506176e-36	 1.80884768123414285830e-30	 2.07130972564841459379e-30	 3.01742795242352022427e-31	 0.00000000000000000000e+00	 0.00000000000000000000e+00	 0.00000000000000000000e+00	 2.06454120217542817261e-30	 1.10743109035995244697e-32	 0.00000000000000000000e+00	 0.00000000000000000000e+00	 0.00000000000000000000e+00	 
 2.79999999999999982236e+00	 1.53713615711243411500e-36	 0.00000000000000000000e+00	 4.98705424616586492135e-37	 4.05260077591176019801e-31	 4.64051965109191120630e-31	 6.76312643445439269574e-32	 0.00000000000000000000e+00	 0.00000000000000000000e+00	 0.00000000000000000000e+00	 4.62536017726271967193e-31	 2.48088806799956249284e-33	 0.00000000000000000000e+00	 0.00000000000000000000e+00	 0.00000000000000000000e+00	 
 2.82000000000000028422e+00	 3.34818956962621839408e-37	 0.00000000000000000000e+00	 1.08661939374671744472e-37	 8.82603102079561459914e-32	 1.01061935576321562888e-31	 1.47354789443449436357e-32	 0.00000000000000000000e+00	 0.00000000000000000000e+00	 0.00000000000000000000e+00	 1.00731893860887203622e-31	 5.40251424392370250971e-34	 0.00000000000000000000e+00	 0.00000000000000000000e+00	 0.00000000000000000000e+00	 
 2.83999999999999985789e+00	 7.08614709682518604927e-38	 0.00000000000000000000e+00	 2.30047707186909955677e-38	 1.86765716026742048423e-32	 2.13849533112352774899e-32	 3.11951820110797818002e-33	 0.00000000000000000000e+00	 0.00000000000000000000e+00	 0.00000000000000000000e+00	 2.13151383889832170644e-32	 1.14309735713004186750e-34	 0.00000000000000000000e+00	 0.00000000000000000000e+00	 0.00000000000000000000e+00	 
 2.85999999999999987566e+00	 1.45650280729321564420e-38	 0.00000000000000000000e+00	 4.73003257788846778056e-39	 3.83819937677046791127e-33	 4.39468022108977869744e-33	 6.41380823922889036548e-34	 0.00000000000000000000e+00	 0.00000000000000000000e+00	 0.00000000000000000000e+00	 4.38033785181123366892e-33	 2.34891679780351168159e-35	 0.00000000000000000000e+00	 0.00000000000000000000e+00	 0.00000000000000000000e+00	 
 2.87999999999999989342e+00	 2.90609940777501016514e-39	 0.00000000000000000000e+00	 9.44089366402076632691e-40	 7.65690890750180459640e-34	 8.76680679713380166915e-34	 1.28010790083856453970e-34	 0.00000000000000000000e+00	 0.00000000000000000000e+00	 0.00000000000000000000e+00	 8.73820564050917464261e-34	 4.68539328649620494177e-36	 0.00000000000000000000e+00	 0.00000000000000000000e+00	 0.00000000000000000000e+00	 
 2.90000000000000035527e+00	 5.62604065306427357162e-40	 0.00000000000000000000e+00	 1.82835344787057997431e-40	 1.48207528326982689091e-34	 1.69686006770625904322e-34	 2.47898936190065294959e-35	 0.00000000000000000000e+00	 0.00000000000000000000e+00	 0.00000000000000000000e+00	 1.69132616478939491187e-34	 9.06804596065447521993e-37	 0.00000000000000000000e+00	 0.00000000000000000000e+00	 0.00000000000000000000e+00	 
 2.91999999999999992895e+00	 1.05628757517695503044e-40	 0.00000000000000000000e+00	 3.43398946262080500303e-41	 2.78209212050525589310e-35	 3.18518513268345660999e-35	 4.65579555456622136108e-36	 0.00000000000000000000e+00	 0.00000000000000000000e+00	 0.00000000000000000000e+00	 3.17480128568617576742e-35	 1.70201830448578962483e-37	 0.00000000000000000000e+00	 0.00000000000000000000e+00	 0.00000000000000000000e+00	 
 2.93999999999999994671e+00	 1.92238515673805657050e-41	 0.00000000000000000000e+00	 6.25203736404931684870e-42	 5.06231551213706191703e-36	 5.79561312689488245171e-36	 8.47610521516070931725e-37	 0.00000000000000000000e+00	 0.00000000000000000000e+00	 0.00000000000000000000e+00	 5.77672644010051857360e-36	 3.09663189470410030945e-38	 0.00000000000000000000e+00	 0.00000000000000000000e+00	 0.00000000000000000000e+00	 
 2.96000000000000040856e+00	 3.38975240184470579591e-42	 0.00000000000000000000e+00	 1.10285497423993801116e-42	 8.92470295836829370752e-37	 1.02171682600867376355e-36	 1.49510744898155201018e-37	 0.00000000000000000000e+00	 0.00000000000000000000e+00	 0.00000000000000000000e+00	 1.01838858798028778354e-36	 5.45858611693201018971e-39	 0.00000000000000000000e+00	 0.00000000000000000000e+00	 0.00000000000000000000e+00	 
 2.97999999999999998224e+00	 5.78833552913729332702e-43	 0.00000000000000000000e+00	 1.88398874178120482450e-43	 1.52368076892316815388e-37	 1.74428300334964580815e-37	 2.55394134693141269618e-38	 0.00000000000000000000e+00	 0.00000000000000000000e+00	 0.00000000000000000000e+00	 1.73860333681809946510e-37	 9.31804418033608884927e-40	 0.00000000000000000000e+00	 0.00000000000000000000e+00	 0.00000000000000000000e+00	 
 3.00000000000000000000e+00	 9.56719827918186090410e-44	 0.00000000000000000000e+00	 3.11521817774951925015e-44	 2.51789176539254239774e-38	 2.88234390213045796478e-38	 4.22278619669097339171e-39	 0.00000000000000000000e+00	 0.00000000000000000000e+00	 0.00000000000000000000e+00	 2.87296248762495621454e-38	 1.53960946948523150459e-40	 0.00000000000000000000e+00	 0.00000000000000000000e+00	 0.00000000000000000000e+00	 
 3.02000000000000046185e+00	 1.52984283022066753923e-44	 0.00000000000000000000e+00	 4.98350048571917676002e-45	 4.02539578529493054122e-39	 4.60789623693571205301e-39	 6.75495610936454749239e-40	 0.00000000000000000000e+00	 0.00000000000000000000e+00	 0.00000000000000000000e+00	 4.59290503618846858221e-39	 2.46106560072577566304e-41	 0.00000000000000000000e+00	 0.00000000000000000000e+00	 0.00000000000000000000e+00	 
 3.04000000000000003553e+00	 2.36550471524660491640e-45	 0.00000000000000000000e+00	 7.70904177470162044817e-46	 6.22289645360085895853e-40	 7.12314244559046747364e-40	 1.04487712569535013199e-40	 0.00000000000000000000e+00	 0.00000000000000000000e+00	 0.00000000000000000000e+00	 7.09997857630966182531e-40	 3.80405345938516730168e-42	 0.00000000000000000000e+00	 0.00000000000000000000e+00	 0.00000000000000000000e+00	 
 3.06000000000000005329e+00	 3.53507114451301362694e-46	 0.00000000000000000000e+00	 1.15257317138280356238e-46	 9.29761157269044269445e-41	 1.06422876252671401529e-40	 1.56210248123150169389e-41	 0.00000000000000000000e+00	 0.00000000000000000000e+00	 0.00000000000000000000e+00	 1.06076956982432283177e-40	 5.68281108351665042266e-43	 0.00000000000000000000e+00	 0.00000000000000000000e+00	 0.00000000000000000000e+00	 
 3.08000000000000007105e+00	 0.00000000000000000000e+00	 0.00000000000000000000e+00	 0.00000000000000000000e+00	 1.34191745320176212409e-41	 1.53593742400919441904e-41	 2.25598465329796700054e-42	 0.00000000000000000000e+00	 0.00000000000000000000e+00	 0.00000000000000000000e+00	 1.53094733701849121206e-41	 8.20075348403131925323e-44	 0.00000000000000000000e+00	 0.00000000000000000000e+00	 0.00000000000000000000e+00	 
 3.10000000000000008882e+00	 0.00000000000000000000e+00	 0.00000000000000000000e+00	 0.00000000000000000000e+00	 1.86997094315853082272e-42	 2.14025882505138640751e-42	 3.14574929504909987886e-43	 0.00000000000000000000e+00	 0.00000000000000000000e+00	 0.00000000000000000000e+00	 2.13330873750698809534e-42	 1.14260812550309027766e-44	 0.00000000000000000000e+00	 0.00000000000000000000e+00	 0.00000000000000000000e+00	 
 3.12000000000000010658e+00	 0.00000000000000000000e+00	 0.00000000000000000000e+00	 0.00000000000000000000e+00	 2.51464070942612288404e-43	 2.87799933924545322304e-43	 4.23302407886099330376e-44	 0.00000000000000000000e+00	 0.00000000000000000000e+00	 0.00000000000000000000e+00	 2.86865822622727613732e-43	 1.53628310321216566815e-45	 0.00000000000000000000e+00	 0.00000000000000000000e+00	 0.00000000000000000000e+00	 
 3.13999999999999968026e+00	 0.00000000000000000000e+00	 0.00000000000000000000e+00	 0.00000000000000000000e+00	 3.26155478936662938724e-44	 3.73269350567013987532e-44	 5.49403712875522773433e-45	 0.00000000000000000000e+00	 0.00000000000000000000e+00	 0.00000000000000000000e+00	 3.72058449034576518973e-44	 1.99228393079365881315e-46	 0.00000000000000000000e+00	 0.00000000000000000000e+00	 0.00000000000000000000e+00	 
 3.16000000000000014211e+00	 0.00000000000000000000e+00	 0.00000000000000000000e+00	 0.00000000000000000000e+00	 4.07807201320159858361e-45	 4.66697040727431246769e-45	 6.87417214035092725283e-46	 0.00000000000000000000e+00	 0.00000000000000000000e+00	 0.00000000000000000000e+00	 4.65183846254086014707e-45	 0.00000000000000000000e+00	 0.00000000000000000000e+00	 0.00000000000000000000e+00	 0.00000000000000000000e+00	 
 3.18000000000000015987e+00	 0.00000000000000000000e+00	 0.00000000000000000000e+00	 0.00000000000000000000e+00	 4.91290689258755961109e-46	 5.62212888411710339168e-46	 0.00000000000000000000e+00	 0.00000000000000000000e+00	 0.00000000000000000000e+00	 0.00000000000000000000e+00	 5.60390972258669459122e-46	 0.00000000000000000000e+00	 0.00000000000000000000e+00	 0.00000000000000000000e+00	 0.00000000000000000000e+00	 
 3.19999999999999973355e+00	 0.00000000000000000000e+00	 0.00000000000000000000e+00	 0.00000000000000000000e+00	 0.00000000000000000000e+00	 0.00000000000000000000e+00	 0.00000000000000000000e+00	 0.00000000000000000000e+00	 0.00000000000000000000e+00	 0.00000000000000000000e+00	 0.00000000000000000000e+00	 0.00000000000000000000e+00	 0.00000000000000000000e+00	 0.00000000000000000000e+00	 0.00000000000000000000e+00	 
 3.22000000000000019540e+00	 0.00000000000000000000e+00	 0.00000000000000000000e+00	 0.00000000000000000000e+00	 0.00000000000000000000e+00	 0.00000000000000000000e+00	 0.00000000000000000000e+00	 0.00000000000000000000e+00	 0.00000000000000000000e+00	 0.00000000000000000000e+00	 0.00000000000000000000e+00	 0.00000000000000000000e+00	 0.00000000000000000000e+00	 0.00000000000000000000e+00	 0.00000000000000000000e+00	 
 3.24000000000000021316e+00	 0.00000000000000000000e+00	 0.00000000000000000000e+00	 0.00000000000000000000e+00	 0.00000000000000000000e+00	 0.00000000000000000000e+00	 0.00000000000000000000e+00	 0.00000000000000000000e+00	 0.00000000000000000000e+00	 0.00000000000000000000e+00	 0.00000000000000000000e+00	 0.00000000000000000000e+00	 0.00000000000000000000e+00	 0.00000000000000000000e+00	 0.00000000000000000000e+00	 
 3.25999999999999978684e+00	 0.00000000000000000000e+00	 0.00000000000000000000e+00	 0.00000000000000000000e+00	 0.00000000000000000000e+00	 0.00000000000000000000e+00	 0.00000000000000000000e+00	 0.00000000000000000000e+00	 0.00000000000000000000e+00	 0.00000000000000000000e+00	 0.00000000000000000000e+00	 0.00000000000000000000e+00	 0.00000000000000000000e+00	 0.00000000000000000000e+00	 0.00000000000000000000e+00	 
 3.28000000000000024869e+00	 0.00000000000000000000e+00	 0.00000000000000000000e+00	 0.00000000000000000000e+00	 0.00000000000000000000e+00	 0.00000000000000000000e+00	 0.00000000000000000000e+00	 0.00000000000000000000e+00	 0.00000000000000000000e+00	 0.00000000000000000000e+00	 0.00000000000000000000e+00	 0.00000000000000000000e+00	 0.00000000000000000000e+00	 0.00000000000000000000e+00	 0.00000000000000000000e+00	 
 3.29999999999999982236e+00	 0.00000000000000000000e+00	 0.00000000000000000000e+00	 0.00000000000000000000e+00	 0.00000000000000000000e+00	 0.00000000000000000000e+00	 0.00000000000000000000e+00	 0.00000000000000000000e+00	 0.00000000000000000000e+00	 0.00000000000000000000e+00	 0.00000000000000000000e+00	 0.00000000000000000000e+00	 0.00000000000000000000e+00	 0.00000000000000000000e+00	 0.00000000000000000000e+00	 
 3.31999999999999984013e+00	 0.00000000000000000000e+00	 0.00000000000000000000e+00	 0.00000000000000000000e+00	 0.00000000000000000000e+00	 0.00000000000000000000e+00	 0.00000000000000000000e+00	 0.00000000000000000000e+00	 0.00000000000000000000e+00	 0.00000000000000000000e+00	 0.00000000000000000000e+00	 0.00000000000000000000e+00	 0.00000000000000000000e+00	 0.00000000000000000000e+00	 0.00000000000000000000e+00	 
 3.34000000000000030198e+00	 0.00000000000000000000e+00	 0.00000000000000000000e+00	 0.00000000000000000000e+00	 0.00000000000000000000e+00	 0.00000000000000000000e+00	 0.00000000000000000000e+00	 0.00000000000000000000e+00	 0.00000000000000000000e+00	 0.00000000000000000000e+00	 0.00000000000000000000e+00	 0.00000000000000000000e+00	 0.00000000000000000000e+00	 0.00000000000000000000e+00	 0.00000000000000000000e+00	 
 3.36000000000000031974e+00	 0.00000000000000000000e+00	 0.00000000000000000000e+00	 0.00000000000000000000e+00	 0.00000000000000000000e+00	 0.00000000000000000000e+00	 0.00000000000000000000e+00	 0.00000000000000000000e+00	 0.00000000000000000000e+00	 0.00000000000000000000e+00	 0.00000000000000000000e+00	 0.00000000000000000000e+00	 0.00000000000000000000e+00	 0.00000000000000000000e+00	 0.00000000000000000000e+00	 
 3.37999999999999989342e+00	 0.00000000000000000000e+00	 0.00000000000000000000e+00	 0.00000000000000000000e+00	 0.00000000000000000000e+00	 0.00000000000000000000e+00	 0.00000000000000000000e+00	 0.00000000000000000000e+00	 0.00000000000000000000e+00	 0.00000000000000000000e+00	 0.00000000000000000000e+00	 0.00000000000000000000e+00	 0.00000000000000000000e+00	 0.00000000000000000000e+00	 0.00000000000000000000e+00	 
 3.39999999999999991118e+00	 0.00000000000000000000e+00	 0.00000000000000000000e+00	 0.00000000000000000000e+00	 0.00000000000000000000e+00	 0.00000000000000000000e+00	 0.00000000000000000000e+00	 0.00000000000000000000e+00	 0.00000000000000000000e+00	 0.00000000000000000000e+00	 0.00000000000000000000e+00	 0.00000000000000000000e+00	 0.00000000000000000000e+00	 0.00000000000000000000e+00	 0.00000000000000000000e+00	 
 3.42000000000000037303e+00	 0.00000000000000000000e+00	 0.00000000000000000000e+00	 0.00000000000000000000e+00	 0.00000000000000000000e+00	 0.00000000000000000000e+00	 0.00000000000000000000e+00	 0.00000000000000000000e+00	 0.00000000000000000000e+00	 0.00000000000000000000e+00	 0.00000000000000000000e+00	 0.00000000000000000000e+00	 0.00000000000000000000e+00	 0.00000000000000000000e+00	 0.00000000000000000000e+00	 
 3.43999999999999994671e+00	 0.00000000000000000000e+00	 0.00000000000000000000e+00	 0.00000000000000000000e+00	 0.00000000000000000000e+00	 0.00000000000000000000e+00	 0.00000000000000000000e+00	 0.00000000000000000000e+00	 0.00000000000000000000e+00	 0.00000000000000000000e+00	 0.00000000000000000000e+00	 0.00000000000000000000e+00	 0.00000000000000000000e+00	 0.00000000000000000000e+00	 0.00000000000000000000e+00	 
 3.45999999999999996447e+00	 0.00000000000000000000e+00	 0.00000000000000000000e+00	 0.00000000000000000000e+00	 0.00000000000000000000e+00	 0.00000000000000000000e+00	 0.00000000000000000000e+00	 0.00000000000000000000e+00	 0.00000000000000000000e+00	 0.00000000000000000000e+00	 0.00000000000000000000e+00	 0.00000000000000000000e+00	 0.00000000000000000000e+00	 0.00000000000000000000e+00	 0.00000000000000000000e+00	 
 3.48000000000000042633e+00	 0.00000000000000000000e+00	 0.00000000000000000000e+00	 0.00000000000000000000e+00	 0.00000000000000000000e+00	 0.00000000000000000000e+00	 0.00000000000000000000e+00	 0.00000000000000000000e+00	 0.00000000000000000000e+00	 0.00000000000000000000e+00	 0.00000000000000000000e+00	 0.00000000000000000000e+00	 0.00000000000000000000e+00	 0.00000000000000000000e+00	 0.00000000000000000000e+00	 
 3.50000000000000000000e+00	 0.00000000000000000000e+00	 0.00000000000000000000e+00	 0.00000000000000000000e+00	 0.00000000000000000000e+00	 0.00000000000000000000e+00	 0.00000000000000000000e+00	 0.00000000000000000000e+00	 0.00000000000000000000e+00	 0.00000000000000000000e+00	 0.00000000000000000000e+00	 0.00000000000000000000e+00	 0.00000000000000000000e+00	 0.00000000000000000000e+00	 0.00000000000000000000e+00	 
 3.52000000000000001776e+00	 0.00000000000000000000e+00	 0.00000000000000000000e+00	 0.00000000000000000000e+00	 0.00000000000000000000e+00	 0.00000000000000000000e+00	 0.00000000000000000000e+00	 0.00000000000000000000e+00	 0.00000000000000000000e+00	 0.00000000000000000000e+00	 0.00000000000000000000e+00	 0.00000000000000000000e+00	 0.00000000000000000000e+00	 0.00000000000000000000e+00	 0.00000000000000000000e+00	 
 3.54000000000000047962e+00	 0.00000000000000000000e+00	 0.00000000000000000000e+00	 0.00000000000000000000e+00	 0.00000000000000000000e+00	 0.00000000000000000000e+00	 0.00000000000000000000e+00	 0.00000000000000000000e+00	 0.00000000000000000000e+00	 0.00000000000000000000e+00	 0.00000000000000000000e+00	 0.00000000000000000000e+00	 0.00000000000000000000e+00	 0.00000000000000000000e+00	 0.00000000000000000000e+00	 
 3.56000000000000005329e+00	 0.00000000000000000000e+00	 0.00000000000000000000e+00	 0.00000000000000000000e+00	 0.00000000000000000000e+00	 0.00000000000000000000e+00	 0.00000000000000000000e+00	 0.00000000000000000000e+00	 0.00000000000000000000e+00	 0.00000000000000000000e+00	 0.00000000000000000000e+00	 0.00000000000000000000e+00	 0.00000000000000000000e+00	 0.00000000000000000000e+00	 0.00000000000000000000e+00	 
 3.58000000000000007105e+00	 0.00000000000000000000e+00	 0.00000000000000000000e+00	 0.00000000000000000000e+00	 0.00000000000000000000e+00	 0.00000000000000000000e+00	 0.00000000000000000000e+00	 0.00000000000000000000e+00	 0.00000000000000000000e+00	 0.00000000000000000000e+00	 0.00000000000000000000e+00	 0.00000000000000000000e+00	 0.00000000000000000000e+00	 0.00000000000000000000e+00	 0.00000000000000000000e+00	 
 3.60000000000000053291e+00	 0.00000000000000000000e+00	 0.00000000000000000000e+00	 0.00000000000000000000e+00	 0.00000000000000000000e+00	 0.00000000000000000000e+00	 0.00000000000000000000e+00	 0.00000000000000000000e+00	 0.00000000000000000000e+00	 0.00000000000000000000e+00	 0.00000000000000000000e+00	 0.00000000000000000000e+00	 0.00000000000000000000e+00	 0.00000000000000000000e+00	 0.00000000000000000000e+00	 
 3.62000000000000010658e+00	 0.00000000000000000000e+00	 0.00000000000000000000e+00	 0.00000000000000000000e+00	 0.00000000000000000000e+00	 0.00000000000000000000e+00	 0.00000000000000000000e+00	 0.00000000000000000000e+00	 0.00000000000000000000e+00	 0.00000000000000000000e+00	 0.00000000000000000000e+00	 0.00000000000000000000e+00	 0.00000000000000000000e+00	 0.00000000000000000000e+00	 0.00000000000000000000e+00	 
 3.63999999999999968026e+00	 0.00000000000000000000e+00	 0.00000000000000000000e+00	 0.00000000000000000000e+00	 0.00000000000000000000e+00	 0.00000000000000000000e+00	 0.00000000000000000000e+00	 0.00000000000000000000e+00	 0.00000000000000000000e+00	 0.00000000000000000000e+00	 0.00000000000000000000e+00	 0.00000000000000000000e+00	 0.00000000000000000000e+00	 0.00000000000000000000e+00	 0.00000000000000000000e+00	 
 3.65999999999999969802e+00	 0.00000000000000000000e+00	 0.00000000000000000000e+00	 0.00000000000000000000e+00	 0.00000000000000000000e+00	 0.00000000000000000000e+00	 0.00000000000000000000e+00	 0.00000000000000000000e+00	 0.00000000000000000000e+00	 0.00000000000000000000e+00	 0.00000000000000000000e+00	 0.00000000000000000000e+00	 0.00000000000000000000e+00	 0.00000000000000000000e+00	 0.00000000000000000000e+00	 
 3.68000000000000015987e+00	 0.00000000000000000000e+00	 0.00000000000000000000e+00	 0.00000000000000000000e+00	 0.00000000000000000000e+00	 0.00000000000000000000e+00	 0.00000000000000000000e+00	 0.00000000000000000000e+00	 0.00000000000000000000e+00	 0.00000000000000000000e+00	 0.00000000000000000000e+00	 0.00000000000000000000e+00	 0.00000000000000000000e+00	 0.00000000000000000000e+00	 0.00000000000000000000e+00	 
 3.70000000000000017764e+00	 0.00000000000000000000e+00	 0.00000000000000000000e+00	 0.00000000000000000000e+00	 0.00000000000000000000e+00	 0.00000000000000000000e+00	 0.00000000000000000000e+00	 0.00000000000000000000e+00	 0.00000000000000000000e+00	 0.00000000000000000000e+00	 0.00000000000000000000e+00	 0.00000000000000000000e+00	 0.00000000000000000000e+00	 0.00000000000000000000e+00	 0.00000000000000000000e+00	 
 3.71999999999999975131e+00	 0.00000000000000000000e+00	 0.00000000000000000000e+00	 0.00000000000000000000e+00	 0.00000000000000000000e+00	 0.00000000000000000000e+00	 0.00000000000000000000e+00	 0.00000000000000000000e+00	 0.00000000000000000000e+00	 0.00000000000000000000e+00	 0.00000000000000000000e+00	 0.00000000000000000000e+00	 0.00000000000000000000e+00	 0.00000000000000000000e+00	 0.00000000000000000000e+00	 
 3.74000000000000021316e+00	 0.00000000000000000000e+00	 0.00000000000000000000e+00	 0.00000000000000000000e+00	 0.00000000000000000000e+00	 0.00000000000000000000e+00	 0.00000000000000000000e+00	 0.00000000000000000000e+00	 0.00000000000000000000e+00	 0.00000000000000000000e+00	 0.00000000000000000000e+00	 0.00000000000000000000e+00	 0.00000000000000000000e+00	 0.00000000000000000000e+00	 0.00000000000000000000e+00	 
 3.76000000000000023093e+00	 0.00000000000000000000e+00	 0.00000000000000000000e+00	 0.00000000000000000000e+00	 0.00000000000000000000e+00	 0.00000000000000000000e+00	 0.00000000000000000000e+00	 0.00000000000000000000e+00	 0.00000000000000000000e+00	 0.00000000000000000000e+00	 0.00000000000000000000e+00	 0.00000000000000000000e+00	 0.00000000000000000000e+00	 0.00000000000000000000e+00	 0.00000000000000000000e+00	 
 3.77999999999999980460e+00	 0.00000000000000000000e+00	 0.00000000000000000000e+00	 0.00000000000000000000e+00	 0.00000000000000000000e+00	 0.00000000000000000000e+00	 0.00000000000000000000e+00	 0.00000000000000000000e+00	 0.00000000000000000000e+00	 0.00000000000000000000e+00	 0.00000000000000000000e+00	 0.00000000000000000000e+00	 0.00000000000000000000e+00	 0.00000000000000000000e+00	 0.00000000000000000000e+00	 
 3.80000000000000026645e+00	 0.00000000000000000000e+00	 0.00000000000000000000e+00	 0.00000000000000000000e+00	 0.00000000000000000000e+00	 0.00000000000000000000e+00	 0.00000000000000000000e+00	 0.00000000000000000000e+00	 0.00000000000000000000e+00	 0.00000000000000000000e+00	 0.00000000000000000000e+00	 0.00000000000000000000e+00	 0.00000000000000000000e+00	 0.00000000000000000000e+00	 0.00000000000000000000e+00	 
 3.82000000000000028422e+00	 0.00000000000000000000e+00	 0.00000000000000000000e+00	 0.00000000000000000000e+00	 0.00000000000000000000e+00	 0.00000000000000000000e+00	 0.00000000000000000000e+00	 0.00000000000000000000e+00	 0.00000000000000000000e+00	 0.00000000000000000000e+00	 0.00000000000000000000e+00	 0.00000000000000000000e+00	 0.00000000000000000000e+00	 0.00000000000000000000e+00	 0.00000000000000000000e+00	 
 3.83999999999999985789e+00	 0.00000000000000000000e+00	 0.00000000000000000000e+00	 0.00000000000000000000e+00	 0.00000000000000000000e+00	 0.00000000000000000000e+00	 0.00000000000000000000e+00	 0.00000000000000000000e+00	 0.00000000000000000000e+00	 0.00000000000000000000e+00	 0.00000000000000000000e+00	 0.00000000000000000000e+00	 0.00000000000000000000e+00	 0.00000000000000000000e+00	 0.00000000000000000000e+00	 
 3.86000000000000031974e+00	 0.00000000000000000000e+00	 0.00000000000000000000e+00	 0.00000000000000000000e+00	 0.00000000000000000000e+00	 0.00000000000000000000e+00	 0.00000000000000000000e+00	 0.00000000000000000000e+00	 0.00000000000000000000e+00	 0.00000000000000000000e+00	 0.00000000000000000000e+00	 0.00000000000000000000e+00	 0.00000000000000000000e+00	 0.00000000000000000000e+00	 0.00000000000000000000e+00	 
 3.87999999999999989342e+00	 0.00000000000000000000e+00	 0.00000000000000000000e+00	 0.00000000000000000000e+00	 0.00000000000000000000e+00	 0.00000000000000000000e+00	 0.00000000000000000000e+00	 0.00000000000000000000e+00	 0.00000000000000000000e+00	 0.00000000000000000000e+00	 0.00000000000000000000e+00	 0.00000000000000000000e+00	 0.00000000000000000000e+00	 0.00000000000000000000e+00	 0.00000000000000000000e+00	 
 3.89999999999999991118e+00	 0.00000000000000000000e+00	 0.00000000000000000000e+00	 0.00000000000000000000e+00	 0.00000000000000000000e+00	 0.00000000000000000000e+00	 0.00000000000000000000e+00	 0.00000000000000000000e+00	 0.00000000000000000000e+00	 0.00000000000000000000e+00	 0.00000000000000000000e+00	 0.00000000000000000000e+00	 0.00000000000000000000e+00	 0.00000000000000000000e+00	 0.00000000000000000000e+00	 
 3.91999999999999948486e+00	 0.00000000000000000000e+00	 0.00000000000000000000e+00	 0.00000000000000000000e+00	 0.00000000000000000000e+00	 0.00000000000000000000e+00	 0.00000000000000000000e+00	 0.00000000000000000000e+00	 0.00000000000000000000e+00	 0.00000000000000000000e+00	 0.00000000000000000000e+00	 0.00000000000000000000e+00	 0.00000000000000000000e+00	 0.00000000000000000000e+00	 0.00000000000000000000e+00	 
 3.93999999999999994671e+00	 0.00000000000000000000e+00	 0.00000000000000000000e+00	 0.00000000000000000000e+00	 0.00000000000000000000e+00	 0.00000000000000000000e+00	 0.00000000000000000000e+00	 0.00000000000000000000e+00	 0.00000000000000000000e+00	 0.00000000000000000000e+00	 0.00000000000000000000e+00	 0.00000000000000000000e+00	 0.00000000000000000000e+00	 0.00000000000000000000e+00	 0.00000000000000000000e+00	 
 3.95999999999999996447e+00	 0.00000000000000000000e+00	 0.00000000000000000000e+00	 0.00000000000000000000e+00	 0.00000000000000000000e+00	 0.00000000000000000000e+00	 0.00000000000000000000e+00	 0.00000000000000000000e+00	 0.00000000000000000000e+00	 0.00000000000000000000e+00	 0.00000000000000000000e+00	 0.00000000000000000000e+00	 0.00000000000000000000e+00	 0.00000000000000000000e+00	 0.00000000000000000000e+00	 
 3.97999999999999953815e+00	 0.00000000000000000000e+00	 0.00000000000000000000e+00	 0.00000000000000000000e+00	 0.00000000000000000000e+00	 0.00000000000000000000e+00	 0.00000000000000000000e+00	 0.00000000000000000000e+00	 0.00000000000000000000e+00	 0.00000000000000000000e+00	 0.00000000000000000000e+00	 0.00000000000000000000e+00	 0.00000000000000000000e+00	 0.00000000000000000000e+00	 0.00000000000000000000e+00	 
 4.00000000000000000000e+00	 0.00000000000000000000e+00	 0.00000000000000000000e+00	 0.00000000000000000000e+00	 0.00000000000000000000e+00	 0.00000000000000000000e+00	 0.00000000000000000000e+00	 0.00000000000000000000e+00	 0.00000000000000000000e+00	 0.00000000000000000000e+00	 0.00000000000000000000e+00	 0.00000000000000000000e+00	 0.00000000000000000000e+00	 0.00000000000000000000e+00	 0.00000000000000000000e+00	 
 4.01999999999999957367e+00	 0.00000000000000000000e+00	 0.00000000000000000000e+00	 0.00000000000000000000e+00	 0.00000000000000000000e+00	 0.00000000000000000000e+00	 0.00000000000000000000e+00	 0.00000000000000000000e+00	 0.00000000000000000000e+00	 0.00000000000000000000e+00	 0.00000000000000000000e+00	 0.00000000000000000000e+00	 0.00000000000000000000e+00	 0.00000000000000000000e+00	 0.00000000000000000000e+00	 
 4.04000000000000003553e+00	 0.00000000000000000000e+00	 0.00000000000000000000e+00	 0.00000000000000000000e+00	 0.00000000000000000000e+00	 0.00000000000000000000e+00	 0.00000000000000000000e+00	 0.00000000000000000000e+00	 0.00000000000000000000e+00	 0.00000000000000000000e+00	 0.00000000000000000000e+00	 0.00000000000000000000e+00	 0.00000000000000000000e+00	 0.00000000000000000000e+00	 0.00000000000000000000e+00	 
 4.06000000000000049738e+00	 0.00000000000000000000e+00	 0.00000000000000000000e+00	 0.00000000000000000000e+00	 0.00000000000000000000e+00	 0.00000000000000000000e+00	 0.00000000000000000000e+00	 0.00000000000000000000e+00	 0.00000000000000000000e+00	 0.00000000000000000000e+00	 0.00000000000000000000e+00	 0.00000000000000000000e+00	 0.00000000000000000000e+00	 0.00000000000000000000e+00	 0.00000000000000000000e+00	 
 4.08000000000000007105e+00	 0.00000000000000000000e+00	 0.00000000000000000000e+00	 0.00000000000000000000e+00	 0.00000000000000000000e+00	 0.00000000000000000000e+00	 0.00000000000000000000e+00	 0.00000000000000000000e+00	 0.00000000000000000000e+00	 0.00000000000000000000e+00	 0.00000000000000000000e+00	 0.00000000000000000000e+00	 0.00000000000000000000e+00	 0.00000000000000000000e+00	 0.00000000000000000000e+00	 
 4.09999999999999964473e+00	 0.00000000000000000000e+00	 0.00000000000000000000e+00	 0.00000000000000000000e+00	 0.00000000000000000000e+00	 0.00000000000000000000e+00	 0.00000000000000000000e+00	 0.00000000000000000000e+00	 0.00000000000000000000e+00	 0.00000000000000000000e+00	 0.00000000000000000000e+00	 0.00000000000000000000e+00	 0.00000000000000000000e+00	 0.00000000000000000000e+00	 0.00000000000000000000e+00	 
 4.12000000000000010658e+00	 0.00000000000000000000e+00	 0.00000000000000000000e+00	 0.00000000000000000000e+00	 0.00000000000000000000e+00	 0.00000000000000000000e+00	 0.00000000000000000000e+00	 0.00000000000000000000e+00	 0.00000000000000000000e+00	 0.00000000000000000000e+00	 0.00000000000000000000e+00	 0.00000000000000000000e+00	 0.00000000000000000000e+00	 0.00000000000000000000e+00	 0.00000000000000000000e+00	 
 4.14000000000000056843e+00	 0.00000000000000000000e+00	 0.00000000000000000000e+00	 0.00000000000000000000e+00	 0.00000000000000000000e+00	 0.00000000000000000000e+00	 0.00000000000000000000e+00	 0.00000000000000000000e+00	 0.00000000000000000000e+00	 0.00000000000000000000e+00	 0.00000000000000000000e+00	 0.00000000000000000000e+00	 0.00000000000000000000e+00	 0.00000000000000000000e+00	 0.00000000000000000000e+00	 
 4.16000000000000014211e+00	 0.00000000000000000000e+00	 0.00000000000000000000e+00	 0.00000000000000000000e+00	 0.00000000000000000000e+00	 0.00000000000000000000e+00	 0.00000000000000000000e+00	 0.00000000000000000000e+00	 0.00000000000000000000e+00	 0.00000000000000000000e+00	 0.00000000000000000000e+00	 0.00000000000000000000e+00	 0.00000000000000000000e+00	 0.00000000000000000000e+00	 0.00000000000000000000e+00	 
 4.17999999999999971578e+00	 0.00000000000000000000e+00	 0.00000000000000000000e+00	 0.00000000000000000000e+00	 0.00000000000000000000e+00	 0.00000000000000000000e+00	 0.00000000000000000000e+00	 0.00000000000000000000e+00	 0.00000000000000000000e+00	 0.00000000000000000000e+00	 0.00000000000000000000e+00	 0.00000000000000000000e+00	 0.00000000000000000000e+00	 0.00000000000000000000e+00	 0.00000000000000000000e+00	 
 4.20000000000000017764e+00	 0.00000000000000000000e+00	 0.00000000000000000000e+00	 0.00000000000000000000e+00	 0.00000000000000000000e+00	 0.00000000000000000000e+00	 0.00000000000000000000e+00	 0.00000000000000000000e+00	 0.00000000000000000000e+00	 0.00000000000000000000e+00	 0.00000000000000000000e+00	 0.00000000000000000000e+00	 0.00000000000000000000e+00	 0.00000000000000000000e+00	 0.00000000000000000000e+00	 
 4.21999999999999975131e+00	 0.00000000000000000000e+00	 0.00000000000000000000e+00	 0.00000000000000000000e+00	 0.00000000000000000000e+00	 0.00000000000000000000e+00	 0.00000000000000000000e+00	 0.00000000000000000000e+00	 0.00000000000000000000e+00	 0.00000000000000000000e+00	 0.00000000000000000000e+00	 0.00000000000000000000e+00	 0.00000000000000000000e+00	 0.00000000000000000000e+00	 0.00000000000000000000e+00	 
 4.24000000000000021316e+00	 0.00000000000000000000e+00	 0.00000000000000000000e+00	 0.00000000000000000000e+00	 0.00000000000000000000e+00	 0.00000000000000000000e+00	 0.00000000000000000000e+00	 0.00000000000000000000e+00	 0.00000000000000000000e+00	 0.00000000000000000000e+00	 0.00000000000000000000e+00	 0.00000000000000000000e+00	 0.00000000000000000000e+00	 0.00000000000000000000e+00	 0.00000000000000000000e+00	 
 4.25999999999999978684e+00	 0.00000000000000000000e+00	 0.00000000000000000000e+00	 0.00000000000000000000e+00	 0.00000000000000000000e+00	 0.00000000000000000000e+00	 0.00000000000000000000e+00	 0.00000000000000000000e+00	 0.00000000000000000000e+00	 0.00000000000000000000e+00	 0.00000000000000000000e+00	 0.00000000000000000000e+00	 0.00000000000000000000e+00	 0.00000000000000000000e+00	 0.00000000000000000000e+00	 
 4.28000000000000024869e+00	 0.00000000000000000000e+00	 0.00000000000000000000e+00	 0.00000000000000000000e+00	 0.00000000000000000000e+00	 0.00000000000000000000e+00	 0.00000000000000000000e+00	 0.00000000000000000000e+00	 0.00000000000000000000e+00	 0.00000000000000000000e+00	 0.00000000000000000000e+00	 0.00000000000000000000e+00	 0.00000000000000000000e+00	 0.00000000000000000000e+00	 0.00000000000000000000e+00	 
 4.29999999999999982236e+00	 0.00000000000000000000e+00	 0.00000000000000000000e+00	 0.00000000000000000000e+00	 0.00000000000000000000e+00	 0.00000000000000000000e+00	 0.00000000000000000000e+00	 0.00000000000000000000e+00	 0.00000000000000000000e+00	 0.00000000000000000000e+00	 0.00000000000000000000e+00	 0.00000000000000000000e+00	 0.00000000000000000000e+00	 0.00000000000000000000e+00	 0.00000000000000000000e+00	 
 4.32000000000000028422e+00	 0.00000000000000000000e+00	 0.00000000000000000000e+00	 0.00000000000000000000e+00	 0.00000000000000000000e+00	 0.00000000000000000000e+00	 0.00000000000000000000e+00	 0.00000000000000000000e+00	 0.00000000000000000000e+00	 0.00000000000000000000e+00	 0.00000000000000000000e+00	 0.00000000000000000000e+00	 0.00000000000000000000e+00	 0.00000000000000000000e+00	 0.00000000000000000000e+00	 
 4.33999999999999985789e+00	 0.00000000000000000000e+00	 0.00000000000000000000e+00	 0.00000000000000000000e+00	 0.00000000000000000000e+00	 0.00000000000000000000e+00	 0.00000000000000000000e+00	 0.00000000000000000000e+00	 0.00000000000000000000e+00	 0.00000000000000000000e+00	 0.00000000000000000000e+00	 0.00000000000000000000e+00	 0.00000000000000000000e+00	 0.00000000000000000000e+00	 0.00000000000000000000e+00	 
 4.36000000000000031974e+00	 0.00000000000000000000e+00	 0.00000000000000000000e+00	 0.00000000000000000000e+00	 0.00000000000000000000e+00	 0.00000000000000000000e+00	 0.00000000000000000000e+00	 0.00000000000000000000e+00	 0.00000000000000000000e+00	 0.00000000000000000000e+00	 0.00000000000000000000e+00	 0.00000000000000000000e+00	 0.00000000000000000000e+00	 0.00000000000000000000e+00	 0.00000000000000000000e+00	 
 4.37999999999999989342e+00	 0.00000000000000000000e+00	 0.00000000000000000000e+00	 0.00000000000000000000e+00	 0.00000000000000000000e+00	 0.00000000000000000000e+00	 0.00000000000000000000e+00	 0.00000000000000000000e+00	 0.00000000000000000000e+00	 0.00000000000000000000e+00	 0.00000000000000000000e+00	 0.00000000000000000000e+00	 0.00000000000000000000e+00	 0.00000000000000000000e+00	 0.00000000000000000000e+00	 
 4.40000000000000035527e+00	 0.00000000000000000000e+00	 0.00000000000000000000e+00	 0.00000000000000000000e+00	 0.00000000000000000000e+00	 0.00000000000000000000e+00	 0.00000000000000000000e+00	 0.00000000000000000000e+00	 0.00000000000000000000e+00	 0.00000000000000000000e+00	 0.00000000000000000000e+00	 0.00000000000000000000e+00	 0.00000000000000000000e+00	 0.00000000000000000000e+00	 0.00000000000000000000e+00	 
 4.41999999999999992895e+00	 0.00000000000000000000e+00	 0.00000000000000000000e+00	 0.00000000000000000000e+00	 0.00000000000000000000e+00	 0.00000000000000000000e+00	 0.00000000000000000000e+00	 0.00000000000000000000e+00	 0.00000000000000000000e+00	 0.00000000000000000000e+00	 0.00000000000000000000e+00	 0.00000000000000000000e+00	 0.00000000000000000000e+00	 0.00000000000000000000e+00	 0.00000000000000000000e+00	 
 4.43999999999999950262e+00	 0.00000000000000000000e+00	 0.00000000000000000000e+00	 0.00000000000000000000e+00	 0.00000000000000000000e+00	 0.00000000000000000000e+00	 0.00000000000000000000e+00	 0.00000000000000000000e+00	 0.00000000000000000000e+00	 0.00000000000000000000e+00	 0.00000000000000000000e+00	 0.00000000000000000000e+00	 0.00000000000000000000e+00	 0.00000000000000000000e+00	 0.00000000000000000000e+00	 
 4.45999999999999996447e+00	 0.00000000000000000000e+00	 0.00000000000000000000e+00	 0.00000000000000000000e+00	 0.00000000000000000000e+00	 0.00000000000000000000e+00	 0.00000000000000000000e+00	 0.00000000000000000000e+00	 0.00000000000000000000e+00	 0.00000000000000000000e+00	 0.00000000000000000000e+00	 0.00000000000000000000e+00	 0.00000000000000000000e+00	 0.00000000000000000000e+00	 0.00000000000000000000e+00	 
 4.47999999999999953815e+00	 0.00000000000000000000e+00	 0.00000000000000000000e+00	 0.00000000000000000000e+00	 0.00000000000000000000e+00	 0.00000000000000000000e+00	 0.00000000000000000000e+00	 0.00000000000000000000e+00	 0.00000000000000000000e+00	 0.00000000000000000000e+00	 0.00000000000000000000e+00	 0.00000000000000000000e+00	 0.00000000000000000000e+00	 0.00000000000000000000e+00	 0.00000000000000000000e+00	 
 4.50000000000000000000e+00	 0.00000000000000000000e+00	 0.00000000000000000000e+00	 0.00000000000000000000e+00	 0.00000000000000000000e+00	 0.00000000000000000000e+00	 0.00000000000000000000e+00	 0.00000000000000000000e+00	 0.00000000000000000000e+00	 0.00000000000000000000e+00	 0.00000000000000000000e+00	 0.00000000000000000000e+00	 0.00000000000000000000e+00	 0.00000000000000000000e+00	 0.00000000000000000000e+00	 
 4.52000000000000046185e+00	 0.00000000000000000000e+00	 0.00000000000000000000e+00	 0.00000000000000000000e+00	 0.00000000000000000000e+00	 0.00000000000000000000e+00	 0.00000000000000000000e+00	 0.00000000000000000000e+00	 0.00000000000000000000e+00	 0.00000000000000000000e+00	 0.00000000000000000000e+00	 0.00000000000000000000e+00	 0.00000000000000000000e+00	 0.00000000000000000000e+00	 0.00000000000000000000e+00	 
 4.54000000000000003553e+00	 0.00000000000000000000e+00	 0.00000000000000000000e+00	 0.00000000000000000000e+00	 0.00000000000000000000e+00	 0.00000000000000000000e+00	 0.00000000000000000000e+00	 0.00000000000000000000e+00	 0.00000000000000000000e+00	 0.00000000000000000000e+00	 0.00000000000000000000e+00	 0.00000000000000000000e+00	 0.00000000000000000000e+00	 0.00000000000000000000e+00	 0.00000000000000000000e+00	 
 4.55999999999999960920e+00	 0.00000000000000000000e+00	 0.00000000000000000000e+00	 0.00000000000000000000e+00	 0.00000000000000000000e+00	 0.00000000000000000000e+00	 0.00000000000000000000e+00	 0.00000000000000000000e+00	 0.00000000000000000000e+00	 0.00000000000000000000e+00	 0.00000000000000000000e+00	 0.00000000000000000000e+00	 0.00000000000000000000e+00	 0.00000000000000000000e+00	 0.00000000000000000000e+00	 
 4.58000000000000007105e+00	 0.00000000000000000000e+00	 0.00000000000000000000e+00	 0.00000000000000000000e+00	 0.00000000000000000000e+00	 0.00000000000000000000e+00	 0.00000000000000000000e+00	 0.00000000000000000000e+00	 0.00000000000000000000e+00	 0.00000000000000000000e+00	 0.00000000000000000000e+00	 0.00000000000000000000e+00	 0.00000000000000000000e+00	 0.00000000000000000000e+00	 0.00000000000000000000e+00	 
 4.60000000000000053291e+00	 0.00000000000000000000e+00	 0.00000000000000000000e+00	 0.00000000000000000000e+00	 0.00000000000000000000e+00	 0.00000000000000000000e+00	 0.00000000000000000000e+00	 0.00000000000000000000e+00	 0.00000000000000000000e+00	 0.00000000000000000000e+00	 0.00000000000000000000e+00	 0.00000000000000000000e+00	 0.00000000000000000000e+00	 0.00000000000000000000e+00	 0.00000000000000000000e+00	 
 4.62000000000000010658e+00	 0.00000000000000000000e+00	 0.00000000000000000000e+00	 0.00000000000000000000e+00	 0.00000000000000000000e+00	 0.00000000000000000000e+00	 0.00000000000000000000e+00	 0.00000000000000000000e+00	 0.00000000000000000000e+00	 0.00000000000000000000e+00	 0.00000000000000000000e+00	 0.00000000000000000000e+00	 0.00000000000000000000e+00	 0.00000000000000000000e+00	 0.00000000000000000000e+00	 
 4.63999999999999968026e+00	 0.00000000000000000000e+00	 0.00000000000000000000e+00	 0.00000000000000000000e+00	 0.00000000000000000000e+00	 0.00000000000000000000e+00	 0.00000000000000000000e+00	 0.00000000000000000000e+00	 0.00000000000000000000e+00	 0.00000000000000000000e+00	 0.00000000000000000000e+00	 0.00000000000000000000e+00	 0.00000000000000000000e+00	 0.00000000000000000000e+00	 0.00000000000000000000e+00	 
 4.66000000000000014211e+00	 0.00000000000000000000e+00	 0.00000000000000000000e+00	 0.00000000000000000000e+00	 0.00000000000000000000e+00	 0.00000000000000000000e+00	 0.00000000000000000000e+00	 0.00000000000000000000e+00	 0.00000000000000000000e+00	 0.00000000000000000000e+00	 0.00000000000000000000e+00	 0.00000000000000000000e+00	 0.00000000000000000000e+00	 0.00000000000000000000e+00	 0.00000000000000000000e+00	 
 4.67999999999999971578e+00	 0.00000000000000000000e+00	 0.00000000000000000000e+00	 0.00000000000000000000e+00	 0.00000000000000000000e+00	 0.00000000000000000000e+00	 0.00000000000000000000e+00	 0.00000000000000000000e+00	 0.00000000000000000000e+00	 0.00000000000000000000e+00	 0.00000000000000000000e+00	 0.00000000000000000000e+00	 0.00000000000000000000e+00	 0.00000000000000000000e+00	 0.00000000000000000000e+00	 
 4.69999999999999928946e+00	 0.00000000000000000000e+00	 0.00000000000000000000e+00	 0.00000000000000000000e+00	 0.00000000000000000000e+00	 0.00000000000000000000e+00	 0.00000000000000000000e+00	 0.00000000000000000000e+00	 0.00000000000000000000e+00	 0.00000000000000000000e+00	 0.00000000000000000000e+00	 0.00000000000000000000e+00	 0.00000000000000000000e+00	 0.00000000000000000000e+00	 0.00000000000000000000e+00	 
 4.72000000000000063949e+00	 0.00000000000000000000e+00	 0.00000000000000000000e+00	 0.00000000000000000000e+00	 0.00000000000000000000e+00	 0.00000000000000000000e+00	 0.00000000000000000000e+00	 0.00000000000000000000e+00	 0.00000000000000000000e+00	 0.00000000000000000000e+00	 0.00000000000000000000e+00	 0.00000000000000000000e+00	 0.00000000000000000000e+00	 0.00000000000000000000e+00	 0.00000000000000000000e+00	 
 4.74000000000000021316e+00	 0.00000000000000000000e+00	 0.00000000000000000000e+00	 0.00000000000000000000e+00	 0.00000000000000000000e+00	 0.00000000000000000000e+00	 0.00000000000000000000e+00	 0.00000000000000000000e+00	 0.00000000000000000000e+00	 0.00000000000000000000e+00	 0.00000000000000000000e+00	 0.00000000000000000000e+00	 0.00000000000000000000e+00	 0.00000000000000000000e+00	 0.00000000000000000000e+00	 
 4.75999999999999978684e+00	 0.00000000000000000000e+00	 0.00000000000000000000e+00	 0.00000000000000000000e+00	 0.00000000000000000000e+00	 0.00000000000000000000e+00	 0.00000000000000000000e+00	 0.00000000000000000000e+00	 0.00000000000000000000e+00	 0.00000000000000000000e+00	 0.00000000000000000000e+00	 0.00000000000000000000e+00	 0.00000000000000000000e+00	 0.00000000000000000000e+00	 0.00000000000000000000e+00	 
 4.78000000000000024869e+00	 0.00000000000000000000e+00	 0.00000000000000000000e+00	 0.00000000000000000000e+00	 0.00000000000000000000e+00	 0.00000000000000000000e+00	 0.00000000000000000000e+00	 0.00000000000000000000e+00	 0.00000000000000000000e+00	 0.00000000000000000000e+00	 0.00000000000000000000e+00	 0.00000000000000000000e+00	 0.00000000000000000000e+00	 0.00000000000000000000e+00	 0.00000000000000000000e+00	 
 4.79999999999999982236e+00	 0.00000000000000000000e+00	 0.00000000000000000000e+00	 0.00000000000000000000e+00	 0.00000000000000000000e+00	 0.00000000000000000000e+00	 0.00000000000000000000e+00	 0.00000000000000000000e+00	 0.00000000000000000000e+00	 0.00000000000000000000e+00	 0.00000000000000000000e+00	 0.00000000000000000000e+00	 0.00000000000000000000e+00	 0.00000000000000000000e+00	 0.00000000000000000000e+00	 
 4.81999999999999939604e+00	 0.00000000000000000000e+00	 0.00000000000000000000e+00	 0.00000000000000000000e+00	 0.00000000000000000000e+00	 0.00000000000000000000e+00	 0.00000000000000000000e+00	 0.00000000000000000000e+00	 0.00000000000000000000e+00	 0.00000000000000000000e+00	 0.00000000000000000000e+00	 0.00000000000000000000e+00	 0.00000000000000000000e+00	 0.00000000000000000000e+00	 0.00000000000000000000e+00	 
 4.84000000000000074607e+00	 0.00000000000000000000e+00	 0.00000000000000000000e+00	 0.00000000000000000000e+00	 0.00000000000000000000e+00	 0.00000000000000000000e+00	 0.00000000000000000000e+00	 0.00000000000000000000e+00	 0.00000000000000000000e+00	 0.00000000000000000000e+00	 0.00000000000000000000e+00	 0.00000000000000000000e+00	 0.00000000000000000000e+00	 0.00000000000000000000e+00	 0.00000000000000000000e+00	 
 4.86000000000000031974e+00	 0.00000000000000000000e+00	 0.00000000000000000000e+00	 0.00000000000000000000e+00	 0.00000000000000000000e+00	 0.00000000000000000000e+00	 0.00000000000000000000e+00	 0.00000000000000000000e+00	 0.00000000000000000000e+00	 0.00000000000000000000e+00	 0.00000000000000000000e+00	 0.00000000000000000000e+00	 0.00000000000000000000e+00	 0.00000000000000000000e+00	 0.00000000000000000000e+00	 
 4.87999999999999989342e+00	 0.00000000000000000000e+00	 0.00000000000000000000e+00	 0.00000000000000000000e+00	 0.00000000000000000000e+00	 0.00000000000000000000e+00	 0.00000000000000000000e+00	 0.00000000000000000000e+00	 0.00000000000000000000e+00	 0.00000000000000000000e+00	 0.00000000000000000000e+00	 0.00000000000000000000e+00	 0.00000000000000000000e+00	 0.00000000000000000000e+00	 0.00000000000000000000e+00	 
 4.89999999999999946709e+00	 0.00000000000000000000e+00	 0.00000000000000000000e+00	 0.00000000000000000000e+00	 0.00000000000000000000e+00	 0.00000000000000000000e+00	 0.00000000000000000000e+00	 0.00000000000000000000e+00	 0.00000000000000000000e+00	 0.00000000000000000000e+00	 0.00000000000000000000e+00	 0.00000000000000000000e+00	 0.00000000000000000000e+00	 0.00000000000000000000e+00	 0.00000000000000000000e+00	 
 4.91999999999999992895e+00	 0.00000000000000000000e+00	 0.00000000000000000000e+00	 0.00000000000000000000e+00	 0.00000000000000000000e+00	 0.00000000000000000000e+00	 0.00000000000000000000e+00	 0.00000000000000000000e+00	 0.00000000000000000000e+00	 0.00000000000000000000e+00	 0.00000000000000000000e+00	 0.00000000000000000000e+00	 0.00000000000000000000e+00	 0.00000000000000000000e+00	 0.00000000000000000000e+00	 
 4.93999999999999950262e+00	 0.00000000000000000000e+00	 0.00000000000000000000e+00	 0.00000000000000000000e+00	 0.00000000000000000000e+00	 0.00000000000000000000e+00	 0.00000000000000000000e+00	 0.00000000000000000000e+00	 0.00000000000000000000e+00	 0.00000000000000000000e+00	 0.00000000000000000000e+00	 0.00000000000000000000e+00	 0.00000000000000000000e+00	 0.00000000000000000000e+00	 0.00000000000000000000e+00	 
 4.95999999999999996447e+00	 0.00000000000000000000e+00	 0.00000000000000000000e+00	 0.00000000000000000000e+00	 0.00000000000000000000e+00	 0.00000000000000000000e+00	 0.00000000000000000000e+00	 0.00000000000000000000e+00	 0.00000000000000000000e+00	 0.00000000000000000000e+00	 0.00000000000000000000e+00	 0.00000000000000000000e+00	 0.00000000000000000000e+00	 0.00000000000000000000e+00	 0.00000000000000000000e+00	 
 4.98000000000000042633e+00	 0.00000000000000000000e+00	 0.00000000000000000000e+00	 0.00000000000000000000e+00	 0.00000000000000000000e+00	 0.00000000000000000000e+00	 0.00000000000000000000e+00	 0.00000000000000000000e+00	 0.00000000000000000000e+00	 0.00000000000000000000e+00	 0.00000000000000000000e+00	 0.00000000000000000000e+00	 0.00000000000000000000e+00	 0.00000000000000000000e+00	 0.00000000000000000000e+00	 
 5.00000000000000000000e+00	 0.00000000000000000000e+00	 0.00000000000000000000e+00	 0.00000000000000000000e+00	 0.00000000000000000000e+00	 0.00000000000000000000e+00	 0.00000000000000000000e+00	 0.00000000000000000000e+00	 0.00000000000000000000e+00	 0.00000000000000000000e+00	 0.00000000000000000000e+00	 0.00000000000000000000e+00	 0.00000000000000000000e+00	 0.00000000000000000000e+00	 0.00000000000000000000e+00	 
