 -1.00000000000000000000e+00	 1.48095303420096754407e-07	 1.47613999565826780702e-07	 1.48118475577486184532e-07	 1.88268821789593101775e-05	 1.88167692942316878502e-05	 1.87789713068154403110e-05	 2.01882257487763013698e-05	 5.59276950622497806548e-06	 5.63694576314675297520e-06	 1.86661863476445605487e-05	 2.94089163028599262994e-07	 3.74205431447905685352e-07	 3.74186916728206163149e-07	 3.74205729119355021022e-07	 
 -9.79999999999999982236e-01	 1.51845429423021609758e-07	 1.51351884085251980539e-07	 1.51869130467023516914e-07	 1.93077935870799139134e-05	 1.92974583121636432414e-05	 1.92590687540756408066e-05	 2.07044997593715071778e-05	 5.72939285128351987348e-06	 5.77408902945839160140e-06	 1.91429936448106178984e-05	 3.01312301481387748252e-07	 3.83688003943484931718e-07	 3.83669010279253530321e-07	 3.83688297573257426077e-07	 
 -9.59999999999999964473e-01	 1.55665338136364833226e-07	 1.55159324016456954115e-07	 1.55689577219755776961e-07	 1.97977194744527360503e-05	 1.97871580639002715794e-05	 1.97481749607024722581e-05	 2.12304652753877790819e-05	 5.86844482184958279755e-06	 5.91365769244677353110e-06	 1.96287377388424810894e-05	 3.08665040401221009043e-07	 3.93347168494137166290e-07	 3.93327686771030387342e-07	 3.93347457710123145856e-07	 
 -9.39999999999999946709e-01	 1.59554733049816508307e-07	 1.59036025286719388884e-07	 1.59579519571650656909e-07	 2.02965992296928300165e-05	 2.02858073720462800610e-05	 2.02462309387249564526e-05	 2.17660599525632432992e-05	 6.00990052354078494303e-06	 6.05562595317316117481e-06	 2.01233573081911558920e-05	 3.16146511935981549487e-07	 4.03182175674329854071e-07	 4.03162196830782557461e-07	 4.03182460037259726464e-07	 
 -9.19999999999999928946e-01	 1.63513215303374540158e-07	 1.62981592180683349692e-07	 1.63538558979861084811e-07	 2.08043539970965517120e-05	 2.07933266603080076226e-05	 2.07531597168190001530e-05	 2.23112022193989716231e-05	 6.15373000935244189949e-06	 6.19996293222927883531e-06	 2.06267726449454894076e-05	 3.23755652706478509225e-07	 4.13192015976979725854e-07	 4.13171531025257763044e-07	 4.13192294968887338114e-07	 
 -9.00000000000000022204e-01	 1.67540279768803614340e-07	 1.66995526218710044392e-07	 1.67566196225887304922e-07	 2.13208873372930145186e-05	 2.13096182773834587917e-05	 2.12688660715573053697e-05	 2.28657912654156353274e-05	 6.29989822155263968877e-06	 6.34663264122984119140e-06	 2.11388880431251500634e-05	 3.31491203260653513528e-07	 4.23375416254855290932e-07	 4.23354416288284719402e-07	 4.23375689286774441454e-07	 
 -8.80000000000000115463e-01	 1.71635310034445733881e-07	 1.71077219911223397831e-07	 1.71661823769217974596e-07	 2.18460829071883105412e-05	 2.18345643033185859505e-05	 2.17932347128871091587e-05	 2.34297049687668838608e-05	 6.44836457014234894263e-06	 6.49559355130190638135e-06	 2.16595885818791787831e-05	 3.39351698705947271599e-07	 4.33730823666766311164e-07	 4.33709299876557586330e-07	 4.33731090074737465809e-07	 
 -8.59999999999999986677e-01	 1.75797572171880619997e-07	 1.75225950287970754959e-07	 1.75824718797291742011e-07	 2.23798025512786857502e-05	 2.23680246448250228005e-05	 2.23261285743373673947e-05	 2.40027980124821124785e-05	 6.59908254167429342957e-06	 6.64679820120674229322e-06	 2.21887378918830582820e-05	 3.47335459491091892369e-07	 4.44256388928878203001e-07	 4.44234332626491500850e-07	 4.44256647964431497599e-07	 
 -8.40000000000000079936e-01	 1.80026221727694086012e-07	 1.79440878467192224769e-07	 1.80054040518204399168e-07	 2.29218840479817985564e-05	 2.29098378825550831400e-05	 2.28673886346487745811e-05	 2.45849035404711040609e-05	 6.75199983020138242307e-06	 6.80019319887325520205e-06	 2.27261769038611808930e-05	 3.55440594872329793890e-07	 4.54949987500012535219e-07	 4.54927390178080755858e-07	 4.54950238415216183277e-07	 
 -8.20000000000000062172e-01	 1.84320292854076025422e-07	 1.83721042774331343074e-07	 1.84348824503909457936e-07	 2.34721399117220885506e-05	 2.34598184639661876117e-05	 2.34168316931002748037e-05	 2.51758298904148744199e-05	 6.90705776482479664400e-06	 6.95571872214329182287e-06	 2.32717222253341247886e-05	 3.63664992770615770614e-07	 4.65809190551843963588e-07	 4.65786043929094647147e-07	 4.65809432636715795751e-07	 
 -8.00000000000000044409e-01	 1.88678689515611667798e-07	 1.88065351483230509305e-07	 1.88707975919628422213e-07	 2.40303556508889426394e-05	 2.40177543916549157926e-05	 2.39742483022633307162e-05	 2.57753581040767431047e-05	 7.06419083240468676822e-06	 7.11330806986407068173e-06	 2.38251643226692883090e-05	 3.72006310293230275132e-07	 4.76831242823004178679e-07	 4.76807538887025934120e-07	 4.76831475427853777837e-07	 
 -7.80000000000000026645e-01	 1.93100182461819727433e-07	 1.92472581334536901127e-07	 1.93130264100240646085e-07	 2.45962920067550793661e-05	 2.45834075534258201363e-05	 2.45394019403090966110e-05	 2.63832430909112629358e-05	 7.22332704834289822182e-06	 7.27288819120751662043e-06	 2.43862664105687797689e-05	 3.80461964045493647474e-07	 4.88013026784807212477e-07	 4.87988757789593216169e-07	 4.88013249365383669829e-07	 
 -7.60000000000000008882e-01	 1.97583402989090013045e-07	 1.96941370472911552566e-07	 1.97614317399604942333e-07	 2.51696808866627686450e-05	 2.51565107351509735804e-05	 2.51120266221724428718e-05	 2.69992102295682103840e-05	 7.38438719819007452819e-06	 7.43437885185350254963e-06	 2.49547622186886262246e-05	 3.89029127527501301890e-07	 4.99351061306172412305e-07	 4.99326219798817139512e-07	 4.99351273463723956501e-07	 
 -7.39999999999999991118e-01	 2.02126834973722104147e-07	 2.01470210131184609119e-07	 2.02158615425224843379e-07	 2.57502222848592635844e-05	 2.57367649962330732774e-05	 2.56918244783817072271e-05	 2.76229526289389023023e-05	 7.54728425852597019347e-06	 7.59769203021835091256e-06	 2.55303536306339254932e-05	 3.97704723520640131192e-07	 5.10841486842873993194e-07	 5.10816065705486208256e-07	 5.10841688369422483707e-07	 
 -7.19999999999999973355e-01	 2.06728835719996171505e-07	 2.06057459480492833893e-07	 2.06761498246128439227e-07	 2.63375905430044292873e-05	 2.63238430478413098070e-05	 2.62784690527773534974e-05	 2.82541313543885046363e-05	 7.71192402333905989821e-06	 7.76273243962014570488e-06	 2.61127131388049361482e-05	 4.06485425205012846678e-07	 5.22480072785660010843e-07	 5.22454065260525416115e-07	 5.22480263706935238115e-07	 
 -6.99999999999999955591e-01	 2.11387616328178782848e-07	 2.10701328963729576918e-07	 2.11421152160454291474e-07	 2.69314277161054906854e-05	 2.69173841039269416339e-05	 2.68716001345465609204e-05	 2.88923719452828589311e-05	 7.87820413602631475745e-06	 7.92939662895684049414e-06	 2.67014790966012219178e-05	 4.15367647479574789055e-07	 5.34262188894198246719e-07	 5.34235588623170114515e-07	 5.34262369524302156328e-07	 
 -6.79999999999999937828e-01	 2.16101227927879343791e-07	 2.15399867391717828200e-07	 2.16135597173836986506e-07	 2.75313393620800374165e-05	 2.75169901834180020744e-05	 2.74708200014512615435e-05	 2.95372613330633084178e-05	 8.04601339402980434811e-06	 8.09757231838788258424e-06	 2.72962520937680518237e-05	 4.24347535241388259759e-07	 5.46182776008909564982e-07	 5.46155577082313667086e-07	 5.46182947019560036408e-07	 
 -6.60000000000000031086e-01	 2.20867540344285000301e-07	 2.20150942251061755224e-07	 2.20902693271065975922e-07	 2.81368965783746731587e-05	 2.81222303338970727922e-05	 2.80756974241319833495e-05	 3.01883524044383567226e-05	 8.21523265964554892378e-06	 8.26713937341801457690e-06	 2.78966032696473294357e-05	 4.33421007315748074012e-07	 5.58236345818945577072e-07	 5.58208542716742946886e-07	 5.58236508070735284506e-07	 
 -6.40000000000000013323e-01	 2.25684242147637527216e-07	 2.24952238443370983491e-07	 2.25720125360012920392e-07	 2.87476310401594283255e-05	 2.87326344031942182530e-05	 2.86857614560510013480e-05	 3.08451574987791014089e-05	 8.38573364398152673344e-06	 8.43796857087380814148e-06	 2.85020658569071088132e-05	 4.42583724556313074026e-07	 5.70416949154342471118e-07	 5.70388536747490479726e-07	 5.70417103660963811658e-07	 
 -6.19999999999999884537e-01	 2.30548831762174279284e-07	 2.29801248485202713912e-07	 2.30585388436576663937e-07	 2.93630311540439813958e-05	 2.93476886564535808144e-05	 2.93004969838029413320e-05	 3.15071438611823204838e-05	 8.55737807293913728000e-06	 8.60992076453638009216e-06	 2.91121299402727870575e-05	 4.51831068036522525082e-07	 5.82718139523942703401e-07	 5.82689113099513186347e-07	 5.82718287471125547932e-07	 
 -5.99999999999999977796e-01	 2.35458615996726800962e-07	 2.34695281926364026610e-07	 2.35495792298307421237e-07	 2.99825455190186179191e-05	 2.99668432625896869533e-05	 2.99193512242801039369e-05	 3.21737426120239557322e-05	 8.73001900735854425683e-06	 8.78284838158126456530e-06	 2.97262516265018644421e-05	 4.61158099627637194021e-07	 5.95132996374645503040e-07	 5.95103351451192753650e-07	 5.95133138678217544243e-07	 
 -5.79999999999999849010e-01	 2.40410694732946022973e-07	 2.39631444016120922413e-07	 2.40448443244527323450e-07	 3.06055763587607419850e-05	 3.05895036016492073271e-05	 3.05417253942583168396e-05	 3.28443391806926190263e-05	 8.90349928740786163736e-06	 8.95659379838237575231e-06	 3.03438435557854388664e-05	 4.70559569837619312141e-07	 6.07654069878891082335e-07	 6.07623802127722892124e-07	 6.07654206976283109939e-07	 
 -5.60000000000000053291e-01	 2.45401942607879405828e-07	 2.44606614973158128995e-07	 2.45440224989201787471e-07	 3.12314746918471020771e-05	 3.12150246753627172631e-05	 3.11669691419551360564e-05	 3.35182673432413488898e-05	 9.07765051992404359814e-06	 9.13098831455672857622e-06	 3.09642690862779623620e-05	 4.80029905799473970176e-07	 6.20273327757831411216e-07	 6.20242432955888627038e-07	 6.20273459472637590770e-07	 
 -5.40000000000000035527e-01	 2.50429003022422374577e-07	 2.49617458957924407774e-07	 2.50467782364214737344e-07	 3.18595475792898957259e-05	 3.18427180547143796733e-05	 3.17943896789168683570e-05	 3.41948125931920259837e-05	 9.25229530557850034982e-06	 9.30585457994788641336e-06	 3.15868474532572597775e-05	 4.89563222654281956810e-07	 6.32982181730804321617e-07	 6.32950655995483366110e-07	 6.32982307678129493757e-07	 
 -5.20000000000000017764e-01	 2.55488268599248212701e-07	 2.54660396954072222019e-07	 2.55527507616142322525e-07	 3.24890486061320385219e-05	 3.24718427001445504110e-05	 3.24232412068067637687e-05	 3.48732047566441041831e-05	 9.42724506801787041996e-06	 9.48100435789151400705e-06	 3.22108457190974260755e-05	 4.99153295997383102982e-07	 6.45771415255196087423e-07	 6.45739255122525864880e-07	 6.45771534944386464815e-07	 
 -5.00000000000000000000e-01	 2.60575856592218937723e-07	 2.59731579824633393364e-07	 2.60615518265696720216e-07	 3.31191715877650664189e-05	 3.31015989036557880913e-05	 3.30527182138710677486e-05	 3.55526125153776255969e-05	 9.60229876720922712085e-06	 9.65623723478355729750e-06	 3.28354732301075729738e-05	 5.08793529662618662930e-07	 6.58631113946562947879e-07	 6.58598316385468984956e-07	 6.58631226761021955360e-07	 
 -4.79999999999999926725e-01	 2.65687650502712509809e-07	 2.64826920578776309818e-07	 2.65727702683201912328e-07	 3.37490709335827430591e-05	 3.37311405387267398189e-05	 3.36819766504930411324e-05	 3.62321600453868365049e-05	 9.77724635608052083902e-06	 9.83134382858317324794e-06	 3.34598910695172170843e-05	 5.18476999577249129498e-07	 6.71550753050005364208e-07	 6.71517315879031279371e-07	 6.71550858677354768248e-07	 
 -4.59999999999999964473e-01	 2.70819247346860157934e-07	 2.69942047417001845154e-07	 2.70859665484692244249e-07	 3.43778443435413524963e-05	 3.43595622436657221620e-05	 3.43101162133909495366e-05	 3.69109115936605536833e-05	 9.95186584615224098559e-06	 1.00061030424046535026e-05	 3.40832008634555668316e-05	 5.28196398793721475914e-07	 6.84519073969570255737e-07	 6.84484996066876179248e-07	 6.84519172597436747999e-07	 
 -4.40000000000000002220e-01	 2.75965916237707048803e-07	 2.75072265076299561381e-07	 2.76006685696455092880e-07	 3.50045234492697950935e-05	 3.49858917717114320891e-05	 3.49361708525296733277e-05	 3.75878627372135018210e-05	 1.01259217172719058453e-05	 1.01802805691064363541e-05	 3.47044377866939797971e-05	 5.37943987886609154045e-07	 6.97523985086426654197e-07	 6.97489266532486433516e-07	 6.97524077520832917123e-07	 
 -4.19999999999999984457e-01	 2.81122655883706629665e-07	 2.80212596838982150039e-07	 2.81163758486914121539e-07	 3.56280923868739944150e-05	 3.56091081538236492866e-05	 3.55591278162928445695e-05	 3.82619614758604540544e-05	 1.02991690588299633207e-05	 1.03536334325199871773e-05	 3.53225948794447000795e-05	 5.47711666528362669062e-07	 7.10552664801234241857e-07	 7.10517306724062828667e-07	 7.10552752452373559717e-07	 
 -3.99999999999999911182e-01	 2.86284125587179625087e-07	 2.85357724333578420660e-07	 2.86325534825675325272e-07	 3.62474712341407525966e-05	 3.62281251828058321234e-05	 3.61779109061229401084e-05	 3.89320900140723941086e-05	 1.04713502232913503043e-05	 1.05259064813223794622e-05	 3.59366032790043712160e-05	 5.57490892071062415700e-07	 7.23591409594821805271e-07	 7.23555414193364799764e-07	 7.23591494554562637625e-07	 
 -3.80000000000000004441e-01	 2.91444593880519024460e-07	 2.90501939664649872594e-07	 2.91486273366078644700e-07	 3.68615069906740640965e-05	 3.68417823235858585230e-05	 3.67913714262089563793e-05	 3.95970549909311072081e-05	 1.06421930955743565078e-05	 1.06968306251268807064e-05	 3.65453219736290834665e-05	 5.67272612769212981942e-07	 7.36625513719725352673e-07	 7.36588884365099769538e-07	 7.36625598890331543235e-07	 
 -3.59999999999999931166e-01	 2.96598005307082436279e-07	 2.95639221233642655325e-07	 2.96639967989160073758e-07	 3.74690066166558620204e-05	 3.74488857865732792819e-05	 3.73983153388580293725e-05	 4.02556096407610843600e-05	 1.08114171794493078897e-05	 1.08661286760767541814e-05	 3.71475752121403179603e-05	 5.77047353677929783087e-07	 7.49639472063911731178e-07	 7.49602212915743802571e-07	 7.49639560517413066841e-07	 
 -3.39999999999999968914e-01	 3.01737898675248311790e-07	 3.00763147314795329873e-07	 3.01780233632523538700e-07	 3.80687125882393128306e-05	 3.80481794834494843898e-05	 3.79974821315893067386e-05	 4.09064350054015029722e-05	 1.09787292214570568943e-05	 1.10335111861541236068e-05	 3.77421257926618150492e-05	 5.86805115141892060432e-07	 7.62616754479569315557e-07	 7.62578870372009373269e-07	 7.62616849245606984039e-07	 
 -3.20000000000000006661e-01	 3.06857347321411251837e-07	 3.05866834790018023234e-07	 3.06900235541751718938e-07	 3.86592911029235220054e-05	 3.86383314439479625280e-05	 3.85875342874047867043e-05	 4.15481301157515837854e-05	 1.11438211420020080690e-05	 1.11986744901760579474e-05	 3.83276624767638700547e-05	 5.96535291069168430397e-07	 7.75539649480419265732e-07	 7.75501145906698530613e-07	 7.75539753494785851172e-07	 
 -2.99999999999999933387e-01	 3.11949089017849063629e-07	 3.10943053860272668579e-07	 3.11992748965654980514e-07	 3.92393733926524923062e-05	 3.92179712233444382292e-05	 3.91670946885434639526e-05	 4.21792606339092137984e-05	 1.13063786288909201057e-05	 1.13613101157008226954e-05	 3.89028189417627460003e-05	 6.06226817467843392544e-07	 7.88389561994122418660e-07	 7.88350445305646718446e-07	 7.88389677663719321285e-07	 
 -2.80000000000000026645e-01	 3.17005403041250403431e-07	 3.15984113845638034873e-07	 3.17050076728062254248e-07	 3.98075274951255352919e-05	 3.97856639145538666397e-05	 3.97347204299055268791e-05	 4.27983258069253357046e-05	 1.14660755310767222014e-05	 1.15210988026316055768e-05	 3.94661582541513380942e-05	 6.15868024977023017887e-07	 8.01146720063199256256e-07	 8.01106997545718357469e-07	 8.01146849026914420929e-07	 
 -2.59999999999999953371e-01	 3.22018032924012071400e-07	 3.20981789285397359650e-07	 3.22063987955404324838e-07	 4.03622454157886407047e-05	 4.03398981728364267670e-05	 4.02888907088894756029e-05	 4.34037436026928123787e-05	 1.16225714119176111840e-05	 1.16777079448052395309e-05	 4.00161648958435999944e-05	 6.25446533724530280012e-07	 8.13789988367768834181e-07	 8.13749668266527920830e-07	 8.13790131312855359910e-07	 
 -2.39999999999999907851e-01	 3.26978340869803675030e-07	 3.25927479207518116908e-07	 3.27025825294871789723e-07	 4.09019883311330595746e-05	 4.08791383513686502980e-05	 4.08280512490644906807e-05	 4.39939049025655893959e-05	 1.17755219281543701496e-05	 1.18308015401750787004e-05	 4.05513000939338455952e-05	 6.34949398534941955110e-07	 8.26297254253220419107e-07	 8.26256346218248065912e-07	 8.26297411697112310401e-07	 
 -2.19999999999999945599e-01	 3.31877166844012184042e-07	 3.30812063552243883705e-07	 3.31926390134735587749e-07	 4.14251575084305576871e-05	 4.14017914422515711549e-05	 4.13505853637309526700e-05	 4.45671387736694852048e-05	 1.19245725058903305580e-05	 1.19800342238610028694e-05	 4.10699665055272794480e-05	 6.44362953287744397003e-07	 8.38645074527919141060e-07	 8.38603589828169842138e-07	 8.38645247041242165695e-07	 
 -1.99999999999999983347e-01	 3.36704743825908889107e-07	 3.35625817420610953821e-07	 3.36755866967057825248e-07	 4.19300815207832133888e-05	 4.19061927607993487451e-05	 4.18548011661914765589e-05	 4.51216974585222485431e-05	 1.20693557197083423154e-05	 1.21250488144093204100e-05	 4.15704929757135650771e-05	 6.53672696919948867238e-07	 8.50808464978343349731e-07	 8.50766416633319027060e-07	 8.50808653190473163066e-07	 
 -1.79999999999999993339e-01	 3.41450932697715990325e-07	 3.40358649962661766817e-07	 3.41504138170355064108e-07	 4.24150932292656699372e-05	 4.23906740434811042293e-05	 4.23390391409258611747e-05	 4.56558264097053459235e-05	 1.22095043488210881684e-05	 1.22654899400015958736e-05	 4.20512109924996027935e-05	 6.62863638328209023908e-07	 8.62761556858580240431e-07	 8.62718959115527532757e-07	 8.62761760436316633266e-07	 
 -1.59999999999999920064e-01	 3.46105033490208673345e-07	 3.44999913535059417794e-07	 3.46160549003100197209e-07	 4.28784839744488673594e-05	 4.28535229291618301162e-05	 4.28016083323056370480e-05	 4.61677221998088468903e-05	 1.23446438765154600591e-05	 1.24009963182657378743e-05	 4.25104089352051474977e-05	 6.71920020738587918425e-07	 8.74477085348281147706e-07	 8.74433953539385255532e-07	 8.74477302549545433469e-07	 
 -1.39999999999999902300e-01	 3.50655683767684914073e-07	 3.49538301400518281331e-07	 3.50713788570407575664e-07	 4.33184845160506471840e-05	 4.32929659452959227951e-05	 4.32407602843842291574e-05	 4.66555149667648616681e-05	 1.24743894863746838887e-05	 1.25311976891689381400e-05	 4.29463130389376316134e-05	 6.80825160747996592610e-07	 8.85926123526584988790e-07	 8.85882474067343900509e-07	 8.85926350954435494658e-07	 
 -1.20000000000000009437e-01	 3.55091274064914753282e-07	 3.53962241070141161320e-07	 3.55152217696529376169e-07	 4.37333425752010044761e-05	 4.37072610736179381521e-05	 4.36547472139248751407e-05	 4.71173402200657527442e-05	 1.25983642742471262544e-05	 1.26557319229607617115e-05	 4.33571693556823490072e-05	 6.89561916075888279638e-07	 8.97079073196091577225e-07	 8.97034924417964385226e-07	 8.97079307205744154734e-07	 
 -1.00000000000000005551e-01	 3.59399654909522185259e-07	 3.58259614259622542611e-07	 3.59463626827048569889e-07	 4.41212787852412503808e-05	 4.40946447679310712226e-05	 4.40417898958521847764e-05	 4.75512976861581598787e-05	 1.27161891203354892428e-05	 1.27742356719850941652e-05	 4.37411967989995278732e-05	 6.98112336199109281286e-07	 9.07904961628757447129e-07	 9.07860334129804541866e-07	 9.07905198757999335091e-07	 
 -8.00000000000000155431e-02	 3.63567999943734847345e-07	 3.62417624749157756553e-07	 3.63635117744467277100e-07	 4.44804680042817866792e-05	 4.44533097747668148728e-05	 4.44000635383968560990e-05	 4.79554339746171310330e-05	 1.28274786621518436776e-05	 1.28863406535627447155e-05	 4.40965673651187394758e-05	 7.06457475414876353899e-07	 9.18371113417721919368e-07	 9.18326030236520970460e-07	 9.18371350447222924934e-07	 
 -5.99999999999999630851e-02	 3.67583400250950568927e-07	 3.66423373694892569941e-07	 3.67653667693578265490e-07	 4.48091477044363460246e-05	 4.47815112365297440062e-05	 4.47278129511630460425e-05	 4.83278779855975549468e-05	 1.29318631823261537115e-05	 1.29916943435560364449e-05	 4.44215481930289486645e-05	 7.14578086637841143127e-07	 9.28444622953000532809e-07	 9.28399108567979341091e-07	 9.28444856702655076610e-07	 
 -3.99999999999999383826e-02	 3.71432468043649239579e-07	 3.70263474194388380775e-07	 3.71505749350502346975e-07	 4.51055570984539526804e-05	 4.50775074892491195194e-05	 4.50232876545164436449e-05	 4.86667631972272156067e-05	 1.30289766877388040855e-05	 1.30899488856300002436e-05	 4.47144201841433175122e-05	 7.22454139034914108954e-07	 9.38091372509095182056e-07	 9.38045452540099208245e-07	 9.38091599795854986383e-07	 
 -2.00000000000000281719e-02	 3.75101167074566231305e-07	 3.73923885402463430150e-07	 3.75177166123091402035e-07	 4.53679108019737798731e-05	 4.53395342583737140461e-05	 4.52847139030340011846e-05	 4.89701952163841620533e-05	 1.31184520350907761200e-05	 1.31807565378899591647e-05	 4.49734436037413709618e-05	 7.30064586680238475084e-07	 9.47275614208708568428e-07	 9.47229315379925242237e-07	 9.47275831867838419654e-07	 
 -4.82163733276643543166e-17	 3.78575489956118019715e-07	 3.77390637407528251316e-07	 3.78653886085536808686e-07	 4.55945416181977307857e-05	 4.55659508136925110776e-05	 4.55104402749735117745e-05	 4.92363715879589306955e-05	 1.31999444899742898551e-05	 1.32637934016210522377e-05	 4.51969952400416095906e-05	 7.37388225402206481937e-07	 9.55961828548941782728e-07	 9.55915178869742778256e-07	 9.55962032541882503122e-07	 
 2.00000000000001253164e-02	 3.81841013303893192080e-07	 3.80649357215514729380e-07	 3.81921501216070706572e-07	 4.57838199720649296478e-05	 4.57551575915798798859e-05	 4.56988555967906026991e-05	 4.94635153484986679661e-05	 1.32731191313419676005e-05	 1.33387468210289585632e-05	 4.53834917843322401400e-05	 7.44403113120450823074e-07	 9.64113514355876350382e-07	 9.64066543163559609784e-07	 9.64113699426441536359e-07	 
 4.00000000000001187939e-02	 3.84882715755589379183e-07	 3.83685075737148148833e-07	 3.84965009235760383808e-07	 4.59341174903211805786e-05	 4.59055588631399443455e-05	 4.58483517403054395881e-05	 4.96498447547603295369e-05	 1.33376453693033281492e-05	 1.34053098905628494624e-05	 4.55313545826690549965e-05	 7.51086309672291521597e-07	 9.71692700328313293745e-07	 9.71645438275065919629e-07	 9.71692859859623862890e-07	 
 6.00000000000000255351e-02	 3.87686015911576430642e-07	 3.86483183120951761326e-07	 3.87769837546000483569e-07	 4.60439850090050856873e-05	 4.60156966977908068279e-05	 4.59574657082646026440e-05	 4.97937248539950189975e-05	 1.33932233260071117535e-05	 1.34632050245406693087e-05	 4.56391438534514503169e-05	 7.57415109714765266508e-07	 9.78662469921726389894e-07	 9.78614948643193040913e-07	 9.78662596327403959683e-07	 
 7.99999999999999322764e-02	 3.90236105279869358693e-07	 3.89028812346672495155e-07	 3.90321185043600201384e-07	 4.61120508292100713971e-05	 4.60841772989722511301e-05	 4.60248007937814903961e-05	 4.98935819389340848859e-05	 1.34395697169063158113e-05	 1.35121717224553070032e-05	 4.57054849263202465264e-05	 7.63366232981390559766e-07	 9.84985340148952720222e-07	 9.84937592123047077230e-07	 9.84985424924311526497e-07	 
 9.99999999999999500400e-02	 3.92517688306855103389e-07	 3.91306597984626426962e-07	 3.92603765514901859843e-07	 4.61369718094923144704e-05	 4.61096330527782164430e-05	 4.60489865738930118110e-05	 4.99478623723507023980e-05	 1.34764112106560507925e-05	 1.35519606517661003259e-05	 4.57290301070362983828e-05	 7.68915488575951298992e-07	 9.90622631238668606611e-07	 9.90574689712594496236e-07	 9.90622664881326705323e-07	 
 1.20000000000000023315e-01	 3.94516248982372093320e-07	 3.93302012517707014607e-07	 3.94603020433523687705e-07	 4.61176533283206145533e-05	 4.60909341928255147404e-05	 4.60288847739339482853e-05	 4.99552465625614159879e-05	 1.35035145795100934265e-05	 1.35823637026445103452e-05	 4.57086756575496405935e-05	 7.74039443217810557676e-07	 9.95537780432398540430e-07	 9.95489680869324187226e-07	 9.95537755988730430653e-07	 
 1.40000000000000041078e-01	 3.96217235257530162559e-07	 3.95000506071423365758e-07	 3.96304337174482306519e-07	 4.60531209729379600848e-05	 4.60270654895404042885e-05	 4.59634697480058881480e-05	 4.99145236104256919568e-05	 1.35206703162011774108e-05	 1.36031977736250577100e-05	 4.56434351298033131141e-05	 7.78714335821979054318e-07	 9.99694212866266212971e-07	 9.99645993433188747256e-07	 9.99694127203169655886e-07	 
 1.59999999999999975575e-01	 3.97605745751145530486e-07	 3.96387176429607372698e-07	 3.97692748282697906658e-07	 4.59424546822624640550e-05	 4.59170629842828631928e-05	 4.58517665993707666328e-05	 4.98245290660997031812e-05	 1.35276842889176787330e-05	 1.36142965038234540408e-05	 4.55323745232863569244e-05	 7.82915650947050989895e-07	 1.00305452478285746766e-06	 1.00300622648253825969e-06	 1.00305437901300807179e-06	 
 1.79999999999999937828e-01	 3.98668215123421322146e-07	 3.97448544989668757174e-07	 3.98754708117223667997e-07	 4.57849686272397240800e-05	 4.57602265153296550171e-05	 4.56931173623308770526e-05	 4.96843395563495437983e-05	 1.35244124390750898639e-05	 1.36155414049961193980e-05	 4.53748319880887775917e-05	 7.86620269339775469754e-07	 1.00558493655739420712e-06	 1.00553660233414089072e-06	 1.00558473406011885400e-06	 
 2.00000000000000094369e-01	 3.99391318741264626244e-07	 3.98171403114793907063e-07	 3.99476938634208174599e-07	 4.55801092626116339905e-05	 4.55559957876652027084e-05	 4.54870217680157685894e-05	 4.94931598046791418983e-05	 1.35107415003556075809e-05	 1.36068450584314392738e-05	 4.51702893510243108795e-05	 7.89805063535747056139e-07	 1.00725240445491048771e-06	 1.00720407896452535289e-06	 1.00725215046518195840e-06	 
 2.20000000000000001110e-01	 3.99761550930763515997e-07	 3.98542368591879076169e-07	 3.99845985612934445776e-07	 4.53273911980303512571e-05	 4.53038782554408014946e-05	 4.52330507244599230019e-05	 4.92502573623948276642e-05	 1.34865784018204823528e-05	 1.35881415158222550182e-05	 4.49182977125940445778e-05	 7.92446363027768672292e-07	 1.00802350687410905225e-06	 1.00797523650308365882e-06	 1.00802320864844357103e-06	 
 2.39999999999999963363e-01	 3.99767250309096473080e-07	 3.98549958607639187051e-07	 3.99850331558207424395e-07	 4.50266664764032600149e-05	 4.50037067306280355399e-05	 4.49310837113233284431e-05	 4.89552575532419185470e-05	 1.34518857629972802122e-05	 1.35594149551409880780e-05	 4.46187078550584008386e-05	 7.94522426512610690389e-07	 1.00786963251330013952e-06	 1.00782146571721006173e-06	 1.00786929803132807534e-06	 
 2.59999999999999953371e-01	 3.99397262017349256784e-07	 3.98183221289264048150e-07	 3.99479000938988220369e-07	 4.46779624325908570628e-05	 4.46554849614303736366e-05	 4.45811686930029180283e-05	 4.86079627212554008365e-05	 1.34066621079936778329e-05	 1.35206846070109544170e-05	 4.42715344139344143333e-05	 7.96011803890102158467e-07	 1.00676355951968657250e-06	 1.00671554695423861918e-06	 1.00676319715681655651e-06	 
 2.80000000000000082157e-01	 3.98640411432996820557e-07	 3.97431197360844221628e-07	 3.98721011896676410978e-07	 4.42813833372895964335e-05	 4.42592926231328147074e-05	 4.41834312786559767184e-05	 4.82082502659661774839e-05	 1.33509296309915923099e-05	 1.34719944892716033964e-05	 4.38768676800713248900e-05	 7.96892718700669568523e-07	 1.00467810175158245956e-06	 1.00463029633050090568e-06	 1.00467772030822910394e-06	 
 2.99999999999999988898e-01	 3.97488421861843355432e-07	 3.96285465200176408488e-07	 3.97567916958833239469e-07	 4.38373733836753921920e-05	 4.38156116864954343058e-05	 4.37383307240885168621e-05	 4.77563810952104034007e-05	 1.32847671125050404052e-05	 1.34134358245591371568e-05	 4.34351325884602102421e-05	 7.97146242948734592769e-07	 1.00159256289093168725e-06	 1.00154501942973814448e-06	 1.00159217165853227438e-06	 
 3.20000000000000006661e-01	 3.95933951768668381783e-07	 3.94738428237329646798e-07	 3.96012093396803469098e-07	 4.33465588918508507510e-05	 4.33251248698838449286e-05	 4.32465072288341966043e-05	 4.72528089716277646670e-05	 1.32082919065188012154e-05	 1.33451362817181595663e-05	 4.29469333741074399207e-05	 7.96754155542716000952e-07	 9.97488397821824322595e-07	 9.97441172964109238735e-07	 9.97488006629574483185e-07	 
 3.39999999999999968914e-01	 3.93969804775992880032e-07	 3.92782619004866017376e-07	 3.94046047996923227862e-07	 4.28096376487580574689e-05	 4.27885877066216949107e-05	 4.27086726362701333561e-05	 4.66980606093949366427e-05	 1.31216467005342409067e-05	 1.32672498944407338419e-05	 4.24129444959046297543e-05	 7.95698133782898009822e-07	 9.92347437314931755611e-07	 9.92300589569076257418e-07	 9.92347056567533703737e-07	 
 3.59999999999999931166e-01	 3.91591775384225746505e-07	 3.90413749176599229824e-07	 3.91665523207383177503e-07	 4.22276681061685475824e-05	 4.22070806774523261799e-05	 4.21258879051439479556e-05	 4.60931100955373491534e-05	 1.30250227737970810217e-05	 1.31799697606519184974e-05	 4.18342518653929619130e-05	 7.93964025358542786112e-07	 9.86159516813530546370e-07	 9.86113104794307545708e-07	 9.86159158072141214270e-07	 
 3.80000000000000059952e-01	 3.88796695793893292419e-07	 3.87628615220253754986e-07	 3.88867364458279110269e-07	 4.16018940905158067576e-05	 4.15818604883113495828e-05	 4.14993962785300407473e-05	 4.54391422371366160817e-05	 1.29186487187072845598e-05	 1.30835241003714272695e-05	 4.12121407843675329179e-05	 7.91538907605048721745e-07	 9.78917243004139064406e-07	 9.78871324906138921192e-07	 9.78916919203100422694e-07	 
 4.00000000000000077716e-01	 3.85581598740084412230e-07	 3.84424211001175125415e-07	 3.85648617613849569400e-07	 4.09336112218677789865e-05	 4.09142358234299246926e-05	 4.08304925683729443269e-05	 4.47373974638161817324e-05	 1.28027779770358274812e-05	 1.29781672751940117100e-05	 4.05479481163061649470e-05	 7.88409965283504874593e-07	 9.70613754286949556203e-07	 9.70568387837237924677e-07	 9.70613479807581488957e-07	 
 4.19999999999999984457e-01	 3.81946802751506896093e-07	 3.80801213536100044528e-07	 3.82010025539478674393e-07	 4.02245214443036768642e-05	 4.02058625711935611804e-05	 4.01208815415966531075e-05	 4.39894997622707398504e-05	 1.26776994797138193238e-05	 1.28641741774045474217e-05	 3.98433793422089081856e-05	 7.84567747094001675137e-07	 9.61251704332175347710e-07	 9.61206943997789450213e-07	 9.61251491059496987519e-07	 
 4.39999999999999946709e-01	 3.77893751030070628079e-07	 3.76761542137696721899e-07	 3.77953580104797492941e-07	 3.94765133394961952300e-05	 3.94585666243199611114e-05	 3.93724555851016554901e-05	 4.31972545715434785938e-05	 1.25437353589053397367e-05	 1.27418492792152830126e-05	 3.91003160963360787408e-05	 7.80003837382849460974e-07	 9.50836979297096233276e-07	 9.50792875402853269423e-07	 9.50836835489241746869e-07	 
 4.60000000000000131006e-01	 3.73424027855823575510e-07	 3.72307268490523628092e-07	 3.73481427865981095588e-07	 3.86914920830555024889e-05	 3.86741908873427462636e-05	 3.85871233356685570514e-05	 4.23624869621637743051e-05	 1.24012301619705341509e-05	 1.26115212141411965364e-05	 3.83206561826567260404e-05	 7.74709917391770257855e-07	 9.39375873857841401526e-07	 9.39332472479858248164e-07	 9.39375804079803802089e-07	 
 4.80000000000000037748e-01	 3.68544067475029761082e-07	 3.67444774056214790605e-07	 3.68599955277507634810e-07	 3.78717303864168513584e-05	 3.78549962282210116101e-05	 3.77671846589636023566e-05	 4.14874927202497166393e-05	 1.22505643891771132798e-05	 1.24735212039550754179e-05	 3.75066945364880646751e-05	 7.68683558633904331186e-07	 9.26885276796790367230e-07	 9.26842620328907745153e-07	 9.26885282069930982286e-07	 
 5.00000000000000000000e-01	 3.63261797932583214136e-07	 3.62181789952428154194e-07	 3.63316880676544867037e-07	 3.70196560121376368299e-05	 3.70034116456815627915e-05	 3.69151008549775758866e-05	 4.05747504432611976345e-05	 1.20921503000387082978e-05	 1.23282036048099218111e-05	 3.66608888236777014937e-05	 7.61924026939973507285e-07	 9.13385430461181375999e-07	 9.13343557671495252369e-07	 9.13385508237380413565e-07	 
 5.20000000000000128786e-01	 3.57585110514751726580e-07	 3.56526011702654976274e-07	 3.57639886891664941336e-07	 3.61376624983785946612e-05	 3.61218317277542912071e-05	 3.60332978606832062853e-05	 3.96267039588879706451e-05	 1.19264186806227715128e-05	 1.21759437062107321711e-05	 3.57856614806756242715e-05	 7.54430603252402030922e-07	 8.98896484703782986589e-07	 8.98855430705977380110e-07	 8.98896628839570937206e-07	 
 5.40000000000000035527e-01	 3.51526694171612418904e-07	 3.50489832716548828522e-07	 3.51581578531337450528e-07	 3.52284927984895107622e-05	 3.52130304688839972571e-05	 3.51244927159057997537e-05	 3.86461912716548009611e-05	 1.17538005580373987590e-05	 1.20171039594928039427e-05	 3.48837526847156525795e-05	 7.46208570668640407333e-07	 8.83450444276756483551e-07	 8.83410243173924003447e-07	 8.83450649951720407525e-07	 
 5.60000000000000053291e-01	 3.45100552829890195292e-07	 3.44086933753860909045e-07	 3.45155908617015943426e-07	 3.42950102569796217854e-05	 3.42799097597931901786e-05	 3.41915077659160699850e-05	 3.76361803604843906919e-05	 1.15747464185040345154e-05	 1.18520633950111688507e-05	 3.39580147769300415305e-05	 7.37264758257998797933e-07	 8.67082574642120350600e-07	 8.67043260189576806908e-07	 8.67082839648849294586e-07	 
 5.79999999999999849010e-01	 3.38320284640847604120e-07	 3.37330594817223582603e-07	 3.38376426541886464760e-07	 3.33399794643032430438e-05	 3.33252711363807120680e-05	 3.32370676755433516942e-05	 3.65995344213819307866e-05	 1.13897201687390276479e-05	 1.16812178323128774109e-05	 3.30112017312360990148e-05	 7.27605673777182655419e-07	 8.49827105679113179229e-07	 8.49788711298658970654e-07	 8.49827430388910388403e-07	 
 5.99999999999999977796e-01	 3.31204296122072661942e-07	 3.30238972122868006270e-07	 3.31261183304210631880e-07	 3.23664343923845792802e-05	 3.23521322091436754932e-05	 3.22641363033334150896e-05	 3.55395107015355447844e-05	 1.11991679591276891472e-05	 1.15048963623647788597e-05	 3.20462737755737288401e-05	 7.17244655065924660837e-07	 8.31730731386118276783e-07	 8.31693285614270949948e-07	 8.31731113786324942371e-07	 
 6.20000000000000106581e-01	 3.23772032008437777582e-07	 3.22831277565767517370e-07	 3.23829190595175199777e-07	 3.13774730859814015411e-05	 3.13635612433064590518e-05	 3.12757344557544213117e-05	 3.44594552201556684904e-05	 1.10035471859338124652e-05	 1.13234272498791371206e-05	 3.10662402297822104686e-05	 7.06196447402392146571e-07	 8.12842852853414480831e-07	 8.12806378166634701175e-07	 8.12843287266458225244e-07	 
 6.39999999999999902300e-01	 3.16041977504771485233e-07	 3.15125769756232651200e-07	 3.16098513014109488401e-07	 3.03760232617425334249e-05	 3.03624577779706937022e-05	 3.02747157679090054020e-05	 3.33625245207587529700e-05	 1.08033229786761030716e-05	 1.11371510675235522477e-05	 3.00739450334921874970e-05	 6.94474864707366597363e-07	 7.93210413461073235798e-07	 7.93174926469306098546e-07	 7.93210890644096022004e-07	 
 6.60000000000000031086e-01	 3.08037365469003805173e-07	 3.07145773762183658481e-07	 3.08092600614148183025e-07	 2.93652296871906038896e-05	 2.93519399138449098329e-05	 2.92642068404627327669e-05	 3.22521823173620289169e-05	 1.05989056467077271691e-05	 1.09463495857560559984e-05	 2.90724850819087489234e-05	 6.82101765724551079893e-07	 7.72893142801611278602e-07	 7.72858656020455417278e-07	 7.72893655295373522426e-07	 
 6.80000000000000159872e-01	 2.99782069863116080746e-07	 2.98915333332715273382e-07	 2.99835701270887475669e-07	 2.83482504307146350139e-05	 2.83351399175766285204e-05	 2.82473610226780602681e-05	 3.11319138786396917558e-05	 1.03907034831197394665e-05	 1.07513019450181346011e-05	 2.80649806646031670467e-05	 6.69100171641787613859e-07	 7.51952576488974207684e-07	 7.51919098814918205374e-07	 7.51953119926357521596e-07	 
 6.99999999999999955591e-01	 2.91298284155718368371e-07	 2.90456803144866686643e-07	 2.91350363170517967682e-07	 2.73279990096690340818e-05	 2.73149471609150742187e-05	 2.72270856591906395107e-05	 3.00049258274994117381e-05	 1.01791272492750228503e-05	 1.05522940043352255916e-05	 2.70543103441828360197e-05	 6.55491241182007267069e-07	 7.30445911412745307825e-07	 7.30413448302121936132e-07	 7.30446484361172714891e-07	 
 7.20000000000000084377e-01	 2.82613376876811639515e-07	 2.81797496264730901108e-07	 2.82664024531013746083e-07	 2.63074954403631269264e-05	 2.62944340776079469170e-05	 2.62063734344378113377e-05	 2.88746975340618507915e-05	 9.96454138796471329759e-06	 1.03495272231360800147e-05	 2.60434646376664168501e-05	 6.41305345707881545901e-07	 7.08442815519201712881e-07	 7.08411370018014930239e-07	 7.08443415406828345902e-07	 
 7.39999999999999991118e-01	 2.73754992270798421114e-07	 2.72964948471608389892e-07	 2.73804326765967075941e-07	 2.52897125816676069017e-05	 2.52766427066227141352e-05	 2.51881640931531416148e-05	 2.77446765893191410295e-05	 9.74730634265555116497e-06	 1.01431894011857709703e-05	 2.50353891854859860963e-05	 6.26573534007429312667e-07	 6.86013494398270876950e-07	 6.85983067418832130518e-07	 6.86014116519071466474e-07	 
 7.60000000000000008882e-01	 2.64748198847208031246e-07	 2.63984128062968221901e-07	 2.64796336641984255731e-07	 2.42773143381349465085e-05	 2.42642998492066452399e-05	 2.41750887878288091206e-05	 2.66179415832528608278e-05	 9.52777868413692100870e-06	 9.93346887099003730836e-06	 2.40327235501636683420e-05	 6.11323705899346751535e-07	 6.63221579077179514026e-07	 6.63192169558133227489e-07	 6.63222216727947920753e-07	 
 7.80000000000000137668e-01	 2.55622660006941775345e-07	 2.54884702136792671048e-07	 2.55669861276796746258e-07	 2.32729871924049333196e-05	 2.32600903259401555650e-05	 2.31698897583188598173e-05	 2.54977484567874630901e-05	 9.30623418071610435998e-06	 9.72045595919064292566e-06	 2.30381811756176521177e-05	 5.95593653174356773738e-07	 6.40142441221379605309e-07	 6.40114046472508162967e-07	 6.40143087259125101525e-07	 
 7.99999999999999933387e-01	 2.46407666241346154471e-07	 2.45695989769830809263e-07	 2.46454366027749324134e-07	 2.22793270645486768161e-05	 2.22665929111814520221e-05	 2.21752354614897905373e-05	 2.43872613761037292720e-05	 9.08293200891761192458e-06	 9.50421851415111705412e-06	 2.20543962569748164357e-05	 5.79421026776731805829e-07	 6.16850533162047880694e-07	 6.16823148972024382753e-07	 6.16851180377471246718e-07	 
 8.20000000000000062172e-01	 2.37128984408807429080e-07	 2.36443785444038080626e-07	 2.37175779192084730035e-07	 2.12985723486978701833e-05	 2.12860306348317371739e-05	 2.11934257158247665973e-05	 2.32891988223260686173e-05	 8.85812213863353277964e-06	 9.28481741566285811496e-06	 2.10836425618410678781e-05	 5.62838712284707641583e-07	 5.93411311875183407859e-07	 5.93384932684350721557e-07	 5.93411952980669604740e-07	 
 8.39999999999999857891e-01	 2.27817008987620045016e-07	 2.27158323349245007060e-07	 2.27864522301565721389e-07	 2.03330498328969167313e-05	 2.03207516387094862492e-05	 2.02268430274813895253e-05	 2.22063723549231778085e-05	 8.63197049994859593575e-06	 9.06228332923435752049e-06	 2.01281744724297705215e-05	 5.45892154987113831590e-07	 5.69901401941529465888e-07	 5.69876018633946959307e-07	 5.69902027780383612604e-07	 
 8.60000000000000097700e-01	 2.18501270801324010977e-07	 2.17868937308780421429e-07	 2.18550122330478666599e-07	 1.93849948288272159623e-05	 1.93730202767187321489e-05	 1.92777716019981411929e-05	 2.11414598270711744923e-05	 8.40462117157272535148e-06	 8.83663202148272092901e-06	 1.91901341109854912188e-05	 5.28626088701539990332e-07	 5.46395138584415796077e-07	 5.46370738106451731059e-07	 5.46395737761798950078e-07	 
 8.80000000000000115463e-01	 2.09206788906335762518e-07	 2.08600472481444706208e-07	 2.09257597746235577252e-07	 1.84562384553706064028e-05	 1.84446932243829213294e-05	 1.83480808218140083209e-05	 2.00966389470976865468e-05	 8.17620254618009390435e-06	 8.60785808934027441973e-06	 1.82712727637183723118e-05	 5.11078415699895716387e-07	 5.22955420858991015783e-07	 5.22931986699167983100e-07	 5.22955979948934072386e-07	 
 8.99999999999999911182e-01	 1.99963059938106251578e-07	 1.99382176308964301741e-07	 2.00015964300772913622e-07	 1.75485979125513913933e-05	 1.75375786148848649857e-05	 1.74395622661578445758e-05	 1.90742269677711332300e-05	 7.94680213147971381061e-06	 8.37599462596486224247e-06	 1.73733920701011448396e-05	 4.93301505063863806073e-07	 4.99656066979787083127e-07	 4.99633583119329374793e-07	 4.99656576118152502609e-07	 
 9.20000000000000039968e-01	 1.90798246404987632477e-07	 1.90241959376200313838e-07	 1.90852824373062974566e-07	 1.66637752685523714497e-05	 1.66533624246306487899e-05	 1.65538767379882653349e-05	 1.80764076748940203461e-05	 7.71648835628317947104e-06	 8.14106167298731828532e-06	 1.64981953004823024285e-05	 4.75346061639241719624e-07	 4.76567486819448920120e-07	 4.76545938587016329624e-07	 4.76567940737559686359e-07	 
 9.39999999999999835687e-01	 1.81735063295268375794e-07	 1.81202318884205278347e-07	 1.81790407030217856698e-07	 1.58030525816499929496e-05	 1.57933131660108875042e-05	 1.56922648096662619452e-05	 1.71048189908926352644e-05	 7.48530176516279939725e-06	 7.90303563124678532512e-06	 1.56469683813383903393e-05	 4.57253528105272888865e-07	 4.53746343094492737952e-07	 4.53725717081795008770e-07	 4.53746740498294636358e-07	 
 9.60000000000000075495e-01	 1.72799642556368043212e-07	 1.72289573706001831617e-07	 1.72855039342175639170e-07	 1.49676032532561718852e-05	 1.49586191654806354860e-05	 1.48559567109078114009e-05	 1.61610511974132758928e-05	 7.25330009236193589669e-06	 7.66205829294924926974e-06	 1.48208702523388131066e-05	 4.39081485949267837303e-07	 4.31258836453706922828e-07	 4.31239117564633977819e-07	 4.31259179270315369582e-07	 
 9.80000000000000093259e-01	 1.64016296997268712265e-07	 1.63528299071474472745e-07	 1.64071369127264558654e-07	 1.41584866730681788351e-05	 1.41503605638135830441e-05	 1.40460830474691267527e-05	 1.52465374296416755100e-05	 7.02052280341000691237e-06	 7.41826418731423099567e-06	 1.40209437923060765404e-05	 4.20884755444732515978e-07	 4.09166774142915476348e-07	 4.09147945025346605006e-07	 4.09167067074978938180e-07	 
 9.99999999999999888978e-01	 1.55403241806857545278e-07	 1.54936935013893096034e-07	 1.55457898320049058572e-07	 1.33763611442355886928e-05	 1.33692136429997080740e-05	 1.32633540591379107677e-05	 1.43621743874065324576e-05	 6.78696113594565525137e-06	 7.17170671004151167986e-06	 1.32478372306813628110e-05	 4.02706208093880836927e-07	 3.87516414418009204600e-07	 3.87498455918504372549e-07	 3.87516664493575244187e-07	 
 1.02000000000000001776e+00	 1.46982511198928850444e-07	 1.46537458061772237729e-07	 1.47036531372128269577e-07	 1.26219084723463158168e-05	 1.26157829677160682349e-05	 1.25084174934269497036e-05	 1.35089831772483551686e-05	 6.55276067419156543200e-06	 6.92274619578480798331e-06	 1.25021593013996402922e-05	 3.84606796315256635440e-07	 3.66362465553741967152e-07	 3.66345356097185844059e-07	 3.66362679493338441686e-07	 
 1.04000000000000003553e+00	 1.38774313411572825609e-07	 1.38349959111539205873e-07	 1.38827264943238533581e-07	 1.18957503549272967334e-05	 1.18905996578348856999e-05	 1.17818407168382546156e-05	 1.26878886301833425517e-05	 6.31805643897241951879e-06	 6.67173218998840421507e-06	 1.17844526493548348790e-05	 3.66643686899629970852e-07	 3.45754858726655300701e-07	 3.45738574378894817338e-07	 3.45755042386634761456e-07	 
 1.06000000000000005329e+00	 1.30792206038519276876e-07	 1.30387900639372944221e-07	 1.30843484010958129273e-07	 1.11981161590933238120e-05	 1.11938196133188708225e-05	 1.10837980734131519392e-05	 1.18992740551352382887e-05	 6.08289660349650476012e-06	 6.41887718620089896228e-06	 1.10948866981824950380e-05	 3.48859228927921172999e-07	 3.25726829660658730216e-07	 3.25711344683672612525e-07	 3.25726988144178955696e-07	 
 1.08000000000000007105e+00	 1.23052844497784084253e-07	 1.22667914456246570556e-07	 1.23102114458254250409e-07	 1.05291508042884195617e-05	 1.05256270838153180813e-05	 1.04144252949138547797e-05	 1.11435567754539460554e-05	 5.84762616222905164533e-06	 6.16479629081951679249e-06	 1.04335885591820680824e-05	 3.31312433174162419496e-07	 3.06319521121784665546e-07	 3.06304807884919411024e-07	 3.06319657068155691346e-07	 
 1.09999999999999986677e+00	 1.15571050691267352686e-07	 1.15204815310489200035e-07	 1.15618315919445874541e-07	 9.88895782981469059878e-06	 9.88618569060581561456e-06	 9.77382194321338454044e-06	 1.04210800990061858504e-05	 5.61257460724831634452e-06	 5.91007097718745816350e-06	 9.80065615606273106755e-06	 3.14057209804880069591e-07	 2.87569582341465708191e-07	 2.87555611474734785061e-07	 2.87569695826386074714e-07	 
 1.11999999999999988454e+00	 1.08354815655405795480e-07	 1.08006590758612200886e-07	 1.08400352481686988287e-07	 9.27729623943587776154e-06	 9.27530382531619883345e-06	 9.16173054345815443718e-06	 9.73168236329885102118e-06	 5.37792612591611484443e-06	 5.65507726244107818603e-06	 9.19585021925642256220e-06	 2.97130373473506655061e-07	 2.69496485686929776306e-07	 2.69483226608317732382e-07	 2.69496574706554846689e-07	 
 1.14000000000000012434e+00	 1.01414897611399083849e-07	 1.01083948654050906711e-07	 1.01458959704832532268e-07	 8.69394474931298577699e-06	 8.69274503437493691049e-06	 8.57788655351029954543e-06	 9.07527855881921691108e-06	 5.14422139696958836833e-06	 5.40068296671852032413e-06	 8.61895497574927075689e-06	 2.80584815179022568804e-07	 2.52126102164024399834e-07	 2.52113527235647300559e-07	 2.52126166749407725412e-07	 
 1.15999999999999992006e+00	 9.47605411896176689845e-08	 9.44460773853973693669e-08	 9.48032997659806735465e-08	 8.13870129705285193732e-06	 8.13828039659605719804e-06	 8.02203628292872220637e-06	 8.45176841256420726322e-06	 4.91195782318502729649e-06	 5.14769342162194540460e-06	 8.06977507545140473281e-06	 2.64467815755367571206e-07	 2.35480538438715269923e-07	 2.35468623458527215303e-07	 2.35480581290692077329e-07	 
 1.18000000000000015987e+00	 8.83940695534197388016e-08	 8.80952598033978023357e-08	 8.84356322131739336756e-08	 7.61103257227514303542e-06	 7.61135651787672251958e-06	 7.49358916975545737518e-06	 7.86056951700732093723e-06	 4.68141323152118361784e-06	 4.89661876329476771202e-06	 7.54778964061242650186e-06	 2.48807311269350709114e-07	 2.19564647264549496777e-07	 2.19553370930470562496e-07	 2.19564673155499207800e-07	 
 1.19999999999999973355e+00	 8.23195592292118936445e-08	 8.20355890072300868214e-08	 8.23599757280638540895e-08	 7.11032828544541008767e-06	 7.11130591871888498735e-06	 6.99198549952976590606e-06	 7.30117628163862759526e-06	 4.45330158430964731552e-06	 4.64844026604830839799e-06	 7.05246265412232010842e-06	 2.33643397555724215519e-07	 2.04387429786402391916e-07	 2.04376770552891058890e-07	 2.04387442713153597363e-07	 
 1.21999999999999997335e+00	 7.65398829526422902121e-08	 7.62699626240035359999e-08	 7.65791554903210027821e-08	 6.63601438371184124739e-06	 6.63749752021490483945e-06	 6.51670705433190919830e-06	 6.77310766331887566933e-06	 4.22825993936710691347e-06	 4.40402709417205348455e-06	 6.58329851542841311309e-06	 2.19009988083956380265e-07	 1.89955007156285898399e-07	 1.89944942626696198201e-07	 1.89955009882051925177e-07	 
 1.24000000000000021316e+00	 7.10516025043769837719e-08	 7.07949661264580109000e-08	 7.10896993244652513903e-08	 6.18725110130865669096e-06	 6.18904958303841837508e-06	 6.06693440203967370431e-06	 6.27545590241800801658e-06	 4.00663612675322475520e-06	 4.16389074215192778969e-06	 6.13952438729138430350e-06	 2.04921582778707305198e-07	 1.76257837586997677273e-07	 1.76248344967639912064e-07	 1.76257831949939335536e-07	 
 1.25999999999999978684e+00	 6.58529376688062142121e-08	 6.56091679114985724971e-08	 6.58899380619495444390e-08	 5.76324472032498002420e-06	 5.76520158695505666473e-06	 5.64190551746828611990e-06	 5.80733702435368444843e-06	 3.78920860072352615785e-06	 3.92897924326310556055e-06	 5.72030592723622828083e-06	 1.91402731619627087333e-07	 1.63291248071503771036e-07	 1.63282305182662245318e-07	 1.63291237595120493824e-07	 
 1.28000000000000002665e+00	 6.09417263975735644365e-08	 6.07107651358441675641e-08	 6.09778323548364659622e-08	 5.36329923822379791486e-06	 5.36530060938812753605e-06	 5.24094063665613512206e-06	 5.36794862051675581387e-06	 3.57665105365976899421e-06	 3.70010843825899245541e-06	 5.32489273044473140141e-06	 1.78473102234371355143e-07	 1.51049809048280283710e-07	 1.51041394467253531602e-07	 1.51049799254866183435e-07	 
 1.30000000000000026645e+00	 5.63102756479917960549e-08	 5.60923272491753997319e-08	 5.63457775113181475282e-08	 4.98648462882803332360e-06	 4.98844980659179651147e-06	 4.86309274165345024009e-06	 4.95614131483181813485e-06	 3.36929597779761301452e-06	 3.47769840199270248633e-06	 4.95232239842917564769e-06	 1.66134039689828085552e-07	 1.39514145509806377860e-07	 1.39506238657539416542e-07	 1.39514143401412517257e-07	 
 1.32000000000000006217e+00	 5.19528156365550199252e-08	 5.17478027883571727070e-08	 5.19876733473602512543e-08	 4.63187808615020264578e-06	 4.63376622740813350092e-06	 4.50747097813197960056e-06	 4.57077560219908126874e-06	 3.16785757654683561700e-06	 3.26247994310490575193e-06	 4.60166027898755617233e-06	 1.54394186118486845558e-07	 1.28668162250269969315e-07	 1.28660744075318713209e-07	 1.28668176098224244406e-07	 
 1.34000000000000007994e+00	 4.78639873127121135460e-08	 4.76714942268388535809e-08	 4.78978037473802256617e-08	 4.29868042162047031616e-06	 4.30048498748554937208e-06	 4.17329684357244689902e-06	 4.21085281542557924743e-06	 2.97293172704112170025e-06	 3.05504832284450850217e-06	 4.27210317235858568499e-06	 1.43259154033553385782e-07	 1.18496805125120464038e-07	 1.18489858009130722653e-07	 1.18496844251058165557e-07	 
 1.35999999999999987566e+00	 4.40335846613593172008e-08	 4.38529612394202084826e-08	 4.40657127147786123685e-08	 3.98590005328442128655e-06	 3.98763976501545823152e-06	 3.85955746385012613356e-06	 3.87510486883665747614e-06	 2.78474841341834868438e-06	 2.85561180043840334575e-06	 3.96266546549918760508e-06	 1.32718339823099022030e-07	 1.08973316240483851039e-07	 1.08966823857289184906e-07	 1.08973390663518128428e-07	 
 1.37999999999999989342e+00	 4.04522295399117185559e-08	 4.02829108735701141767e-08	 4.04821699673623177723e-08	 3.69260977730961025001e-06	 3.69430907948002706307e-06	 3.56535005681039398584e-06	 3.56234615021918045219e-06	 2.60377629359096624402e-06	 2.66459660706232335871e-06	 3.67242596720176668723e-06	 1.22766493119470255646e-07	 1.00073697643511403744e-07	 1.00067640333016599100e-07	 1.00073808831433172880e-07	 
 1.40000000000000013323e+00	 3.71115842735571929959e-08	 3.69531365146413869429e-08	 3.71390291426404196672e-08	 3.41803361663674780949e-06	 3.41971857126520154568e-06	 3.28990916765809880633e-06	 3.27157928060240343231e-06	 2.43037322178472457661e-06	 2.48232427889142394858e-06	 3.40061493021434576206e-06	 1.13397625570638284947e-07	 9.17768159292851725985e-08	 9.17711704786813765840e-08	 9.17769566894827157736e-08	 
 1.41999999999999992895e+00	 3.39994728665685880695e-08	 3.38515576971309511176e-08	 3.40242434587436363810e-08	 3.16121962115231794647e-06	 3.16291864407993334132e-06	 3.03224676957327538267e-06	 3.00157753492409115045e-06	 2.26456009226643120889e-06	 2.30877039570758262803e-06	 3.14629355267297377684e-06	 1.04592126206905593261e-07	 8.40520039307554189904e-08	 8.40467450691000739074e-08	 8.40521612891703303713e-08	 
 1.44000000000000016875e+00	 3.11055182133472963834e-08	 3.09676170432695036138e-08	 3.11274900778124587831e-08	 2.92121952705885129991e-06	 2.92298881873642875905e-06	 2.79152145637451200394e-06	 2.75116653712765090494e-06	 2.10657606786542455501e-06	 2.14404650515468405759e-06	 2.90853982646072623490e-06	 9.63342049931082587699e-08	 7.68721610477779820644e-08	 7.68672629393369136222e-08	 7.68723221140176807667e-08	 
 1.45999999999999996447e+00	 2.84210209418132109181e-08	 2.82924216195263807577e-08	 2.84400944108386920337e-08	 2.69724683017422411986e-06	 2.69917078945031844778e-06	 2.56703808996251333542e-06	 2.51938000776825504217e-06	 1.95659036878377338750e-06	 1.98820800747768402920e-06	 2.68659170764287081866e-06	 8.86095964853713334756e-08	 7.02144730905626099064e-08	 7.02099097193125206411e-08	 7.02146260717624745553e-08	 
 1.47999999999999998224e+00	 2.59338999580111908189e-08	 2.58137735763987961040e-08	 2.59499871250916850752e-08	 2.48837391919253240441e-06	 2.49055718001187415445e-06	 2.35787806182825533384e-06	 2.30506489359643209242e-06	 1.81446852554540622613e-06	 1.84102635807600017592e-06	 2.47954620522394570699e-06	 8.13930922705173317760e-08	 6.40480550664771109276e-08	 6.40438007171030992930e-08	 6.40481890350615288099e-08	 
 1.50000000000000000000e+00	 2.36331520105722609966e-08	 2.35208952312230859681e-08	 2.36465806448149898051e-08	 2.29372592315002591309e-06	 2.29622295449336892402e-06	 2.16320628559998999406e-06	 2.10707338170490337617e-06	 1.68020346594881220779e-06	 1.70237812402744900148e-06	 2.28656876715198750978e-06	 7.46646801546201117712e-08	 5.83455682767931284643e-08	 5.83416010317723538559e-08	 5.83456781641009885507e-08	 
 1.52000000000000001776e+00	 2.15097523808796134629e-08	 2.14049934998651381360e-08	 2.15212387501750914200e-08	 2.11260250405235773565e-06	 2.11541731884872450983e-06	 1.98233763181569768870e-06	 1.92448135148852769700e-06	 1.55376013089224931928e-06	 1.57213678583551740721e-06	 2.10699406821311770722e-06	 6.84076878792868392326e-08	 5.30847431775420921102e-08	 5.30810446316701598591e-08	 5.30848292293485471678e-08	 
 1.54000000000000003553e+00	 1.95519264113975777416e-08	 1.94544399690580697387e-08	 1.95624090357434716010e-08	 1.94417014861257007703e-06	 1.94727609268387202361e-06	 1.81438934915598847983e-06	 1.75622620286308335875e-06	 1.43485751077800319552e-06	 1.44994852905230644943e-06	 1.94001759181274296254e-06	 6.25959901198211122437e-08	 4.82363477547277939215e-08	 4.82329020172807635598e-08	 4.82364134557645716117e-08	 
 1.56000000000000027534e+00	 1.77491333920459819309e-08	 1.76584820862277090045e-08	 1.77589745139368556665e-08	 1.78768461714313887702e-06	 1.79100712097307724995e-06	 1.65859470435005600099e-06	 1.60128565630187098072e-06	 1.32329447894479598546e-06	 1.33554965267653185857e-06	 1.78483039755819967458e-06	 5.72065020230191500888e-08	 4.37734378384117876362e-08	 4.37702313476743992264e-08	 4.37734870979545402123e-08	 
 1.58000000000000007105e+00	 1.60930437177128118076e-08	 1.60085648201123984898e-08	 1.61020332904556425621e-08	 1.64257154204346068377e-06	 1.64599672051001861025e-06	 1.51434561557765998550e-06	 1.45886722431859093077e-06	 1.21888921918072724126e-06	 1.22871509555308477606e-06	 1.64079304147559744280e-06	 5.22205822314953624465e-08	 3.96746108565985938898e-08	 3.96716317576124509204e-08	 3.96746474043007499116e-08	 
 1.60000000000000008882e+00	 1.45729465382676833178e-08	 1.44938460635734882552e-08	 1.45805255845372937586e-08	 1.50811504191418682276e-06	 1.51150738617076264352e-06	 1.38084444875250265134e-06	 1.32805702592662175428e-06	 1.12127054851271630600e-06	 1.12903599188632968397e-06	 1.50715627885306737102e-06	 4.76120194498997095035e-08	 3.59127865578041340819e-08	 3.59100242503191632400e-08	 3.59128139000307022405e-08	 
 1.61999999999999988454e+00	 1.31791700519918580609e-08	 1.31048567455765180525e-08	 1.31850282902435595542e-08	 1.38356985973555410596e-06	 1.38685281249216652591e-06	 1.25748720258700757757e-06	 1.20797254197640700191e-06	 1.03016667576625461935e-06	 1.03618278593933692919e-06	 1.38323784294292067408e-06	 4.33577005762873497515e-08	 3.24642191997065452250e-08	 3.24616621022361037129e-08	 3.24642399907395831431e-08	 
 1.64000000000000012434e+00	 1.19043073119592670569e-08	 1.18343862850833090897e-08	 1.19084068622034614005e-08	 1.26836019120585136121e-06	 1.27151386351409798407e-06	 1.14382053441659463881e-06	 1.09795161164285695438e-06	 9.45358748834295531249e-07	 9.49892697105059806419e-07	 1.26852415868394202213e-06	 3.94397780569910400451e-08	 2.93108271622421710321e-08	 2.93084626115118712782e-08	 2.93108433770249955471e-08	 
 1.66000000000000014211e+00	 1.07388854211492009803e-08	 1.06730722211413324353e-08	 1.07413319547353666085e-08	 1.16181045670830532062e-06	 1.16485042961723558142e-06	 1.03917871003100140347e-06	 9.97223978269444048691e-07	 8.66465792548311410508e-07	 8.69750399716242147379e-07	 1.16238255530734718913e-06	 3.58339919743311488382e-08	 2.64292174939936524455e-08	 2.64270324835546942973e-08	 2.64292307128259386930e-08	 
 1.67999999999999993783e+00	 9.67448933807508217544e-09	 9.61262100295099139263e-09	 9.67548252177312474353e-09	 1.06329552225215462181e-06	 1.06625654948937889212e-06	 9.42972168032195148767e-07	 9.05032444637949716475e-07	 7.93200782653928559682e-07	 7.95436244650820956136e-07	 1.06424375495624409954e-06	 3.25189700676978231242e-08	 2.37985412886223039700e-08	 2.37965229986137261152e-08	 2.37985532426681035764e-08	 
 1.70000000000000017764e+00	 8.70491301390419927691e-09	 8.64691204980600681759e-09	 8.70470858645349201980e-09	 9.72357827299159343281e-07	 9.75287976459305531573e-07	 8.54762811862993527790e-07	 8.20827909893393559135e-07	 7.25345948726386218539e-07	 7.26711137031439343919e-07	 9.73694545515895265261e-07	 2.94788745781053383614e-08	 2.14034074610961297835e-08	 2.14015432421541119717e-08	 2.14034201277631754765e-08	 
 1.71999999999999997335e+00	 7.82206120290888003473e-09	 7.76789148502756004697e-09	 7.82093078375507816576e-09	 8.88430994168746037238e-07	 8.91389294312887799855e-07	 7.73941199941757557093e-07	 7.43966934395424843767e-07	 6.62539005774589547144e-07	 6.63194673762368942338e-07	 8.90199939831533469514e-07	 2.66922184710461840091e-08	 1.92236892372126860410e-08	 1.92219668013642203539e-08	 1.92237047385744105956e-08	 
 1.73999999999999999112e+00	 7.01881667142608648499e-09	 6.96838185286145353865e-09	 7.01702641934969613134e-09	 8.11021045894023950772e-07	 8.14051186026176733813e-07	 6.99979057051507139540e-07	 6.73783598193578174470e-07	 6.04471959714396082617e-07	 6.04552924021738587124e-07	 8.13226885826781037849e-07	 2.41400182025017273081e-08	 1.72415474825936908045e-08	 1.72399564825388643430e-08	 1.72415665222014041523e-08	 
 1.76000000000000023093e+00	 6.29013510975580830795e-09	 6.24328386545319005245e-09	 6.28794846922099975579e-09	 7.39783495543420389695e-07	 7.42917663434289069186e-07	 6.32507842051954298649e-07	 6.09808415469718521142e-07	 5.50918777005835656455e-07	 5.50542701426666862991e-07	 7.42396558708434943117e-07	 2.18087991273617093548e-08	 1.54443283750216879080e-08	 1.54428599707111786990e-08	 1.54443504660423929776e-08	 
 1.78000000000000002665e+00	 5.62922574730142364897e-09	 5.58578030708416151361e-09	 5.62689770233917678373e-09	 6.74253019204740024882e-07	 6.77521704057703413306e-07	 5.71010159216574807136e-07	 5.51497620086234707933e-07	 5.01534077587566464080e-07	 5.00805940738383169527e-07	 6.77233064024893908544e-07	 1.96800429703838589545e-08	 1.38150922961478955919e-08	 1.38137386073343969504e-08	 1.38151163616803757189e-08	 
 1.80000000000000004441e+00	 5.03028065368995213203e-09	 4.99006991853424006014e-09	 5.02796198108892641419e-09	 6.13998022124360732501e-07	 6.17384359961844898244e-07	 5.15008801438174162616e-07	 4.98308706145231406620e-07	 4.56021812361306441599e-07	 4.55034660105570410021e-07	 6.17284863570302139229e-07	 1.77377262984794536215e-08	 1.23393116798720013488e-08	 1.23380650721813868773e-08	 1.23393358699639867463e-08	 
 1.81999999999999984013e+00	 4.48938155712629553708e-09	 4.45224348909815636811e-09	 4.48714785666962251889e-09	 5.58728369723403870186e-07	 5.62177831378035504974e-07	 4.64190581712557009965e-07	 4.49874299196321718035e-07	 4.14174206664700072199e-07	 4.13015775895767995439e-07	 5.62247979565317382257e-07	 1.59710805237963504513e-08	 1.10071847017710332737e-08	 1.10060375949315515415e-08	 1.10072065638436444990e-08	 
 1.84000000000000007994e+00	 4.00095147425692005784e-09	 3.96673044043863268927e-09	 3.99884816902658710617e-09	 5.08045839672233822024e-07	 5.11488176470074576366e-07	 4.18125942915613018918e-07	 4.05749413448871748246e-07	 3.75678005016580513466e-07	 3.74432102458128410510e-07	 5.11723322725460332381e-07	 1.43646440466970808278e-08	 9.80482602488629111840e-09	 9.80377112415105119444e-09	 9.80484282976441215656e-09	 
 1.86000000000000009770e+00	 3.56016225193896691297e-09	 3.52865762205710578668e-09	 3.55828213857886261737e-09	 4.61569195778368606527e-07	 4.64952980331618323574e-07	 3.76386285156240277290e-07	 3.65530225904098179346e-07	 3.40308760792263065406e-07	 3.39032506005488056034e-07	 4.65343820428321264678e-07	 1.29045283017175997793e-08	 8.72011928011027803479e-09	 8.71915112854886205199e-09	 8.72013073687463965220e-09	 
 1.87999999999999989342e+00	 3.16391120021203043739e-09	 3.13488551243481292932e-09	 3.16239955442490675416e-09	 4.19054569061388118191e-07	 4.22343598337343666834e-07	 3.38711810884687421183e-07	 3.28955218364687567005e-07	 3.07921223031832037341e-07	 3.06653783786543804431e-07	 4.22875899476546703567e-07	 1.15818700175285997342e-08	 7.74526064277510384055e-09	 7.74437524163857984128e-09	 7.74526837346071611342e-09	 
 1.89999999999999991118e+00	 2.80760729928270490742e-09	 2.78081312586671302074e-09	 2.80664776997906014401e-09	 3.80163096418815432541e-07	 3.83329531206837264672e-07	 3.04761697222989839672e-07	 2.95665317449730719951e-07	 2.78254825329525488734e-07	 2.77026975806970431234e-07	 3.83988962007719149544e-07	 1.03837477627863961455e-08	 6.86881517032214182585e-09	 6.86800948093668847423e-09	 6.86882163242238341909e-09	 
 1.92000000000000015099e+00	 2.48722178980424763682e-09	 2.46253770694434269626e-09	 2.48690793341752909433e-09	 3.44573363894753398201e-07	 3.47608426130227909316e-07	 2.74148959127821280740e-07	 2.65349381597793034297e-07	 2.51106414081259621067e-07	 2.49930564855114802697e-07	 3.48360894807343356710e-07	 9.29836887914505630200e-09	 6.08109995698809585283e-09	 6.08036947681909217835e-09	 6.08110686286799397704e-09	 
 1.93999999999999994671e+00	 2.20029353107113051317e-09	 2.17769704700955879017e-09	 2.20066251971229602112e-09	 3.12091244386214515971e-07	 3.14999498912558126075e-07	 2.46659238544278068545e-07	 2.37809946650140799709e-07	 2.26349981018671090167e-07	 2.25226522835012962981e-07	 3.15794323343342908343e-07	 8.31867322736981493784e-09	 5.37625147662281583872e-09	 5.37559060482692460636e-09	 5.37625998897180783925e-09	 
 1.95999999999999996447e+00	 1.94305792064599822549e-09	 1.92257819126000596485e-09	 1.94414474602476201994e-09	 2.82432491462745062658e-07	 2.85226277179701813162e-07	 2.22034266266794467534e-07	 2.12741145360526453775e-07	 2.03756222461220291919e-07	 2.02680131647334458953e-07	 2.86005307411376083733e-07	 7.43408854445745797512e-09	 4.74504329389264367786e-09	 4.74444638302474275733e-09	 4.74505439820262547581e-09	 
 1.97999999999999998224e+00	 1.71259754755115010307e-09	 1.69417161987227207649e-09	 1.71428546280446066045e-09	 2.55332116751689327437e-07	 2.58018918306747022319e-07	 1.99900511196287323052e-07	 1.89919927225531808970e-07	 1.83149739883399329176e-07	 1.82121620172266324058e-07	 2.58757998800730115558e-07	 6.63559114927858124290e-09	 4.18001826701055081221e-09	 4.17948002205671284728e-09	 4.18003139468367972182e-09	 
 2.00000000000000000000e+00	 1.50728888832994373704e-09	 1.49079089908133926623e-09	 1.50935121662768619998e-09	 2.30638523215550504196e-07	 2.33222696440131321709e-07	 1.80061292456123497203e-07	 1.69205875123505407256e-07	 1.64428939470038077362e-07	 1.63454137401609339296e-07	 2.33921491961091705702e-07	 5.91835613121707234830e-09	 3.67699376963187751553e-09	 3.67650911680090748045e-09	 3.67700717351132908144e-09	 
 2.02000000000000001776e+00	 1.32418944610689118187e-09	 1.30948446601632481419e-09	 1.32636538542396093684e-09	 2.08112188369954713835e-07	 2.10599374274290469427e-07	 1.62317606381611435788e-07	 1.50331218615794747262e-07	 1.47396322271320252188e-07	 1.46481718622142692590e-07	 2.11267488362357179490e-07	 5.27422769323791717752e-09	 3.22863267959072529388e-09	 3.22819690569664266560e-09	 3.22864400828155751198e-09	 
 2.04000000000000003553e+00	 1.16101096584862337053e-09	 1.14789676438763333175e-09	 1.16311834916150697164e-09	 1.87565513591104675694e-07	 1.89956176297464193816e-07	 1.46345966194507472568e-07	 1.33172260801548482149e-07	 1.31918198174512670183e-07	 1.31062455824061409133e-07	 1.90602815538915600568e-07	 4.69555272819555878960e-09	 2.82910582017478983513e-09	 2.82871369200623015067e-09	 2.82911279028328059933e-09	 
 2.06000000000000005329e+00	 1.01659658289667178598e-09	 1.00481794581314552538e-09	 1.01848964810276278675e-09	 1.68902725132117309380e-07	 1.71194465433372241508e-07	 1.31981431761277926284e-07	 1.17651148152057812828e-07	 1.17925660648608151299e-07	 1.17120972268217573302e-07	 1.71829042398228612471e-07	 4.17871915340472209355e-09	 2.47541477724990325350e-09	 2.47506048957775887649e-09	 2.47541483352893534637e-09	 
 2.08000000000000007105e+00	 8.88622413046218090280e-10	 8.77908290199039356547e-10	 8.90153341893836487009e-10	 1.51930169856257760252e-07	 1.54122133390931157166e-07	 1.19066109245029003338e-07	 1.03533312526972268732e-07	 1.05254856897482235154e-07	 1.04489015330665679779e-07	 1.54756231569505490981e-07	 3.71755698243027971923e-09	 2.16174008757502760725e-09	 2.16141778314454674721e-09	 2.16173016587909689785e-09	 
 2.10000000000000053291e+00	 7.75104417391069746545e-10	 7.65315666420240598367e-10	 7.76238876864919587541e-10	 1.36486756573570409823e-07	 1.38584947861554704598e-07	 1.07354237972423783029e-07	 9.07659637662195372460e-08	 9.37868464981467485215e-08	 9.30441194611437723329e-08	 1.39217562018400092382e-07	 3.30557153199734937364e-09	 1.88352986302563870940e-09	 1.88323702626227894366e-09	 1.88351146272642796796e-09	 
 2.12000000000000010658e+00	 6.75101922318909492695e-10	 6.66176196682692549909e-10	 6.75865317574615868674e-10	 1.22494837258005577653e-07	 1.24511874344312212452e-07	 9.67143959681776691576e-08	 7.93168328901108004712e-08	 8.34648398442729945282e-08	 8.27237194856513760700e-08	 1.25133912634609669586e-07	 2.94017690910865556827e-09	 1.63866516672933745239e-09	 1.63840149793922313399e-09	 1.63864285667110050643e-09	 
 2.14000000000000012434e+00	 5.86748222969321762791e-10	 5.78645074726621299229e-10	 5.87166234740112186095e-10	 1.09787590616344581343e-07	 1.11743375824150849026e-07	 8.69987843508149419166e-08	 6.89797359461959194239e-08	 7.41484703860004389905e-08	 7.33795497688889742252e-08	 1.12343853856544716430e-07	 2.61686606665799547220e-09	 1.42256565539215553412e-09	 1.42233192936527381760e-09	 1.42254497942825233292e-09	 
 2.15999999999999969802e+00	 5.08698341139387381560e-10	 5.01354606451007319418e-10	 5.08830154381480616014e-10	 9.82499846942594159224e-08	 1.00152560085036657365e-07	 7.80814225484827565744e-08	 5.97277418219690345921e-08	 6.57450128398659115884e-08	 6.49445667498500290835e-08	 1.00730075852829468448e-07	 2.32677428876651458063e-09	 1.23183686935815568979e-09	 1.23163158325303874285e-09	 1.23182001053143545571e-09	 
 2.18000000000000015987e+00	 4.40417160762120871665e-10	 4.33749893176412432240e-10	 4.40343843404915588904e-10	 8.78343987905093984601e-08	 8.96873067195933059060e-08	 6.98781154972044678797e-08	 5.15510914730386076672e-08	 5.82155740623808066415e-08	 5.73929829272285351609e-08	 9.02471748025289063924e-08	 2.06526703206452374439e-09	 1.06510174707060449688e-09	 1.06492214571216509890e-09	 1.06508918476199602399e-09	 
 2.20000000000000017764e+00	 3.80489431109253792828e-10	 3.74405987107573280838e-10	 3.80292052975325772931e-10	 7.84023466363590191400e-08	 8.02140676440731437502e-08	 6.22292883312046591921e-08	 4.42726075965645363811e-08	 5.14430017312076732986e-08	 5.06053636484124714563e-08	 8.07659152464090107813e-08	 1.82729786060337662785e-09	 9.18821050408523267783e-10	 9.18664519945375353319e-10	 9.18813131548842384552e-10	 
 2.21999999999999975131e+00	 3.27832239647096827869e-10	 3.22273379392198001600e-10	 3.27580600960367087736e-10	 6.98672094503875780955e-08	 7.16376657898635421548e-08	 5.51554113106297410177e-08	 3.78507248203645423521e-08	 4.53653269852036690721e-08	 4.45124893561127636095e-08	 7.21829603821920711518e-08	 1.61262983401203970482e-09	 7.90384050626073942145e-10	 7.90247934540217280429e-10	 7.90380123400199766145e-10	 
 2.24000000000000021316e+00	 2.82062478294858302427e-10	 2.76981809704356764088e-10	 2.81833404963528487518e-10	 6.22003617138259787745e-08	 6.39265398348989315278e-08	 4.86360029048904262616e-08	 3.22776035136563389014e-08	 3.99653461013460217189e-08	 3.90885587250589768489e-08	 6.44626793776130581382e-08	 1.42167756782727045867e-09	 6.78868859487577370667e-10	 6.78750394194460665568e-10	 6.78867708694498359846e-10	 
 2.25999999999999978684e+00	 2.42083736509669134893e-10	 2.37431752738224734917e-10	 2.41967648752302858412e-10	 5.52880657899417513825e-08	 5.69719117499794260740e-08	 4.25016333440822907713e-08	 2.74082319647212671594e-08	 3.51517560559072294790e-08	 3.42294733081960846681e-08	 5.74967917639743835514e-08	 1.25149497004595629321e-09	 5.81547594488475191502e-10	 5.81444281838068888093e-10	 5.81547972046600011352e-10	 
 2.27999999999999980460e+00	 2.07115532847317326571e-10	 2.02873626403807375946e-10	 2.07117119155615164330e-10	 4.90595110132463150201e-08	 5.06942769690532900962e-08	 3.68890258696138248943e-08	 2.31707930313026581178e-08	 3.08498234074918359397e-08	 2.98879894685752275254e-08	 5.12026963443694645777e-08	 1.09964746168945547862e-09	 4.96559291101068313537e-10	 4.96469417632689575781e-10	 4.96560567220575891578e-10	 
 2.30000000000000026645e+00	 1.76927111207460306053e-10	 1.73095682535784687173e-10	 1.77008561373158811043e-10	 4.34978742208460364318e-08	 4.50714864396701891324e-08	 3.18454858310912551745e-08	 1.95472815446894698809e-08	 2.70338941076674746538e-08	 2.60511243514437430835e-08	 4.55551754024221631243e-08	 9.65482140630767692050e-10	 4.23378030379096412200e-10	 4.23300280223759730632e-10	 4.23379822528127527395e-10	 
 2.32000000000000028422e+00	 1.50680154757572784196e-10	 1.47268547306600459253e-10	 1.50799256800543686623e-10	 3.85122029441269170944e-08	 4.00132323703965793213e-08	 2.72208826967729798592e-08	 1.64230506506873817809e-08	 2.36224246364531789697e-08	 2.26326998430974980890e-08	 4.04618974669151319969e-08	 8.46465970232057881377e-10	 3.59950261738932639334e-10	 3.59883736297618227698e-10	 3.59952239237550957842e-10	 
 2.33999999999999985789e+00	 1.27847496493327136263e-10	 1.24832451775376691404e-10	 1.27983681132202570189e-10	 3.40379934723021546812e-08	 3.54602337664913233069e-08	 2.31016079298628742279e-08	 1.37321722717324066761e-08	 2.05855715973405603295e-08	 1.96035273269551538776e-08	 3.58735716981535855786e-08	 7.40502789784526892007e-10	 3.04885117599751295650e-10	 3.04828500915955350735e-10	 3.04887024017601170159e-10	 
 2.36000000000000031974e+00	 1.08315695237172647194e-10	 1.05659708678785250350e-10	 1.08455855064187132465e-10	 3.00630591341765948132e-08	 3.14011031856085438309e-08	 1.95292119571876631184e-08	 1.14604835969860384172e-08	 1.79226376199365992953e-08	 1.69643336840822832888e-08	 3.17839605182168572560e-08	 6.47039414043515807271e-10	 2.57864159794997191452e-10	 2.57815858079739766417e-10	 2.57865682622306572480e-10	 
 2.38000000000000033751e+00	 9.14568823371453338841e-11	 8.91260983640355343157e-11	 9.15887557135116394089e-11	 2.65143662390851964761e-08	 2.77625947011993391226e-08	 1.63785916294970218879e-08	 9.52215612508730863611e-09	 1.55743261597005339216e-08	 1.46524257150718820700e-08	 2.81219498172284144034e-08	 5.63928792413937113312e-10	 2.17344620695320811413e-10	 2.17303168220525687445e-10	 2.17345316935597122006e-10	 
 2.39999999999999991118e+00	 7.68813430747701385064e-11	 7.48466759211519670787e-11	 7.70014807465934658705e-11	 2.33384306724356290854e-08	 2.44976033898372537333e-08	 1.36435529543282806731e-08	 7.86750010558726341761e-09	 1.34965100781976657819e-08	 1.26189493838563700611e-08	 2.48352357510180130802e-08	 4.90163034490970387356e-10	 1.82374807918329895122e-10	 1.82339210945324399396e-10	 1.82374668628350762094e-10	 
 2.41999999999999948486e+00	 6.45233817837618576041e-11	 6.27588948297675097179e-11	 6.46313649939150334655e-11	 2.05269822150239988066e-08	 2.16001490571445014456e-08	 1.13349166617671580450e-08	 6.48831004751414226373e-09	 1.16804801269924057593e-08	 1.08546606383918986266e-08	 2.19154688978444999511e-08	 4.25712738411967158034e-10	 1.52801495635150758033e-10	 1.52770882164992273629e-10	 1.52800654677802037844e-10	 
 2.44000000000000039080e+00	 5.39086105145650547231e-11	 5.23974203262362578639e-11	 5.40036848939094355921e-11	 1.80196936656400375496e-08	 1.90103862798715046469e-08	 9.35312484665921143221e-09	 5.32214595936598556617e-09	 1.00752839550689094330e-08	 9.30768111680740076637e-09	 1.93023208757273488674e-08	 3.68992612900897726513e-10	 1.27480504448278373034e-10	 1.27454106712763970945e-10	 1.27478991327365439879e-10	 
 2.45999999999999996447e+00	 4.47979316864111880789e-11	 4.35087914365670380739e-11	 4.48763187818635211051e-11	 1.57816757845064715564e-08	 1.66939481591672287879e-08	 7.66159030391320898290e-09	 4.33630039270949201917e-09	 8.65893708042573176975e-09	 7.95127683314233135936e-09	 1.69628973769331800371e-08	 3.18929831183974083500e-10	 1.05777447564702454006e-10	 1.05754746871190895592e-10	 1.05775496229860522193e-10	 
 2.47999999999999953815e+00	 3.71797989539449436564e-11	 3.60708355915006437748e-11	 3.72321963615253852915e-11	 1.38117615786747312241e-08	 1.46499468194297960286e-08	 6.25912010903438498983e-09	 3.52822023516824187264e-09	 7.43072593609593100305e-09	 6.78408964008643824273e-09	 1.48966336809532383184e-08	 2.75441843618636481431e-10	 8.76360888922437162248e-11	 8.76166464605937520269e-11	 8.76340903837028436203e-11	 
 2.50000000000000044409e+00	 3.07134447821967802796e-11	 2.97403312133488042895e-11	 3.07208338801846346793e-11	 1.20619688650857013677e-08	 1.28306565027656342765e-08	 5.06920660172435338646e-09	 2.85464774858356070085e-09	 6.34952225147158874502e-09	 5.76586377400438157663e-09	 1.30553851038718988829e-08	 2.37278322768426110354e-10	 7.22177053133082509541e-11	 7.22012018879483331399e-11	 7.22161334335301873119e-11	 
 2.52000000000000001776e+00	 2.52126557334372003262e-11	 2.43559403565321882651e-11	 2.51755391476069494165e-11	 1.05051482963465745721e-08	 1.12086227667140852414e-08	 4.06829907535864257760e-09	 2.29164473451515744996e-09	 5.40180671352094763868e-09	 4.87852758269062298691e-09	 1.14118373597665067501e-08	 2.03749692635973055158e-10	 5.91129609865657983969e-11	 5.90990690560959450690e-11	 5.91118311143780053363e-11	 
 2.54000000000000003553e+00	 2.06726086949102170915e-11	 1.99190043345654490680e-11	 2.05932822748534135128e-11	 9.14141950218176196941e-09	 9.78414602998498487721e-09	 3.25969654902465351373e-09	 1.83831497946404144200e-09	 4.58992677466186376033e-09	 4.12317267625962398345e-09	 9.96541416287081194141e-09	 1.74916036041988374164e-10	 4.83205959554276336343e-11	 4.83089926785184451000e-11	 4.83197477938081434747e-11	 
 2.56000000000000049738e+00	 1.68493736378705343089e-11	 1.61838224534373722598e-11	 1.67143471149531072123e-11	 7.93079673194397294106e-09	 8.51761420477636420705e-09	 2.59015207668864086585e-09	 1.46595727339895194256e-09	 3.88220862482357018540e-09	 3.46916492413729193897e-09	 8.67421212255293569993e-09	 1.49893463003018460672e-10	 3.92408931787035212918e-11	 3.92314000487389133307e-11	 3.92401461680436981968e-11	 
 2.58000000000000007105e+00	 1.36242356520218019092e-11	 1.30400568913218283746e-11	 1.34491129448540976149e-11	 6.85663765326620959355e-09	 7.39129312747816961385e-09	 2.03586804966962336075e-09	 1.15811569719624526012e-09	 3.26635520535465195142e-09	 2.90302476541144397900e-09	 7.52534792775116800925e-09	 1.27996493887374269981e-10	 3.16022332120587901903e-11	 3.15945547457729245328e-11	 3.16015358470712304126e-11	 
 2.60000000000000008882e+00	 1.10008746337586867347e-11	 1.04951349809883041468e-11	 1.08157255596588174224e-11	 5.92049750147057079837e-09	 6.40662914569375146709e-09	 1.59728276082919022754e-09	 9.14569437480585350481e-10	 2.74373457207056695706e-09	 2.42598898491393944855e-09	 6.52246574115435801149e-09	 1.09206703717834696251e-10	 2.54219789120204913815e-11	 2.54157522542631853875e-11	 2.54213002379551166208e-11	 
 2.62000000000000055067e+00	 8.80410911514343298535e-12	 8.37744653623781693076e-12	 8.64030605005842700934e-12	 5.08730576450351537780e-09	 5.52874287012824840047e-09	 1.23765093138699904751e-09	 7.16786095873570699587e-10	 2.28852160179995531768e-09	 2.01410933299153249609e-09	 5.63131526594405818177e-09	 9.27896861613378399303e-11	 2.02818736868654373589e-11	 2.02768094591564774023e-11	 2.02811379588019668811e-11	 
 2.64000000000000012434e+00	 6.97193381776616372169e-12	 6.61637711390437019413e-12	 6.83416010861626595268e-12	 4.35104039810112255614e-09	 4.75055427958844821705e-09	 9.44679442588152262666e-10	 5.55188889393998219427e-10	 1.89543197010322327519e-09	 1.66030727075675390337e-09	 4.84163954217057224085e-09	 7.84786248133118477131e-11	 1.60093197783446116656e-11	 1.60052318412544684948e-11	 1.60085607443156853367e-11	 
 2.66000000000000014211e+00	 5.51690982425263470920e-12	 5.22108480464224114427e-12	 5.40310591475381236032e-12	 3.71514445255388315204e-09	 4.07495305679327704534e-09	 7.20307387567986762341e-10	 4.30289475088598548280e-10	 1.56715605502360059800e-09	 1.36680446220780615275e-09	 4.15530832073144950855e-09	 6.63789082768984620494e-11	 1.26266055165909662016e-11	 1.26233331300757158249e-11	 1.26259139672336643772e-11	 
 2.67999999999999971578e+00	 4.32010324238211407354e-12	 4.07472450235984975794e-12	 4.23101530431117567993e-12	 3.14882550352092693578e-09	 3.47010777667531106065e-09	 5.40441779826865013699e-10	 3.30705037992593198084e-10	 1.28335818419950245797e-09	 1.11537776487921074410e-09	 3.53975846864093087399e-09	 5.59957567975235378359e-11	 9.84982461257832564890e-12	 9.84728778509886802755e-12	 9.84932377287683743310e-12	 
 2.70000000000000017764e+00	 3.33759730647380172763e-12	 3.13569990808579388572e-12	 3.26949943301999569062e-12	 2.65197155297269270502e-09	 2.93730990094021115429e-09	 3.97301479585143424332e-10	 2.50482615212666133350e-10	 1.04124292551775417911e-09	 9.01758023580604377994e-10	 2.99730612095026544597e-09	 4.69874961231655384236e-11	 7.57634796289270334815e-12	 7.57441895074707429964e-12	 7.57601941861329803525e-12	 
 2.72000000000000019540e+00	 2.57862511294108628181e-12	 2.41322315913812745776e-12	 2.52576469657738413012e-12	 2.22877961981371085406e-09	 2.48103423411304194858e-09	 2.92495711210895006465e-10	 1.90028263258463207355e-10	 8.43594311412297312007e-10	 7.28034163687804270325e-10	 2.53291944004459451037e-09	 3.93538755320761930557e-11	 5.82814702487896249383e-12	 5.82666400568782154425e-12	 5.82792434941807334747e-12	 
 2.73999999999999976907e+00	 1.96574568614246990658e-12	 1.83161126046688903886e-12	 1.92309125133201761644e-12	 1.85228475417511390765e-09	 2.07308421911418326430e-09	 2.11605771145669867828e-10	 1.42647230773120000902e-10	 6.75143377841127225416e-10	 5.80493881736912552073e-10	 2.11843213399172948412e-09	 3.26167127359865557698e-11	 4.42170379685909969581e-12	 4.42053605148857311208e-12	 4.42152651547077519442e-12	 
 2.76000000000000023093e+00	 1.47187951689246709053e-12	 1.36446816155439027767e-12	 1.43805315337328526763e-12	 1.52563347295789797142e-09	 1.71767764062103256257e-09	 1.49031450570777730267e-10	 1.05063849569116910781e-10	 5.33685710333372359140e-10	 4.56987637043193862247e-10	 1.75723482849530836896e-09	 2.68227275867138235665e-11	 3.29251653600026158120e-12	 3.29159769725568585822e-12	 3.29237053903773718276e-12	 
 2.77999999999999980460e+00	 1.10387689233902168747e-12	 1.01837202110985317494e-12	 1.07960220478333387682e-12	 1.25325256206750983625e-09	 1.41964522573279918222e-09	 1.05489564583242577438e-10	 7.75762287307416660099e-11	 4.21402229577360668823e-10	 3.59483205134519979846e-10	 1.45394160892366884658e-09	 2.21227089588449180420e-11	 2.45641541128531387186e-12	 2.45568285098357623517e-12	 2.45629865582699665340e-12	 
 2.79999999999999982236e+00	 8.14423883146688789943e-13	 7.47665897284831883283e-13	 8.04871694629432588801e-13	 1.01182460741419803079e-09	 1.15467159790118304912e-09	 7.32692691852502589734e-11	 5.63515714368584123745e-11	 3.27166402453300504428e-10	 2.78230721495170555845e-10	 1.18392220167414000302e-09	 1.83161776885718228039e-11	 1.80295898407112274482e-12	 1.80234726231766698097e-12	 1.80287298702571075121e-12	 
 2.82000000000000028422e+00	 5.86697938102806190229e-13	 5.35477425759683890501e-13	 5.88504321702634460063e-13	 8.06356736367816791253e-10	 9.28032893816021980728e-10	 4.91181579534914441690e-11	 3.98733040323270403035e-11	 2.49686418948645654979e-10	 2.11667540862061248026e-10	 9.52720136151236760865e-10	 1.50872419741338560405e-11	 1.29092813743759872304e-12	 1.29042048822435086158e-12	 1.29086865528058003001e-12	 
 2.83999999999999985789e+00	 4.25194196770741798214e-13	 3.85681023947598780560e-13	 4.31570052351098652301e-13	 6.42394188021721302472e-10	 7.45527526907614404599e-10	 3.33363368475259236900e-11	 2.84388181160444122837e-11	 1.90877107574696973323e-10	 1.61423624287154478025e-10	 7.66171784294862175936e-10	 1.24198190071017733982e-11	 9.29575002620402061503e-13	 9.29168526567530812743e-13	 9.29537983220148673792e-13	 
 2.85999999999999987566e+00	 3.04605109748400663487e-13	 2.73636267044579052418e-13	 3.09435573699938611012e-13	 5.03878237973052782027e-10	 5.90230503123625683751e-10	 2.24096532965865586498e-11	 2.01165854562377259958e-11	 1.43701894826190244705e-10	 1.21572155931859889314e-10	 6.06878141683980664185e-10	 1.01200710233606890789e-11	 6.59403197946869286211e-13	 6.59103738084233491731e-13	 6.59396394014695610640e-13	 
 2.87999999999999989342e+00	 2.10767235826150619037e-13	 1.87047239548473474052e-13	 2.15627275839899274996e-13	 3.86325170840163149893e-10	 4.57335346125393791550e-10	 1.44184916505647305339e-11	 1.37473010026168686356e-11	 1.05127585971919601686e-10	 8.90829286485934698275e-11	 4.70480276764528755405e-10	 8.14384165351443991076e-12	 4.50659803845449683603e-13	 4.50455802329301810636e-13	 4.50676822356440106260e-13	 
 2.90000000000000035527e+00	 1.45176536162283239593e-13	 1.27279121831049024235e-13	 1.53167414335121306058e-13	 2.92280195408027555919e-10	 3.49581307725980190468e-10	 9.36095267913456893296e-12	 9.37155408857280794193e-12	 7.59772809393854258231e-11	 6.45205695947079114649e-11	 3.59892265655445502796e-10	 6.54093318745274034138e-12	 3.06610109845710455339e-13	 3.06480678328682280602e-13	 3.06638713447567761932e-13	 
 2.91999999999999992895e+00	 1.01639242740085036414e-13	 8.62876837906822128841e-14	 1.09012301617193567097e-13	 2.18031100844493228726e-10	 2.63840919319984697510e-10	 6.14664650620470910413e-12	 6.36162104904925111338e-12	 5.44551385156316521730e-11	 4.62626476584059956184e-11	 2.71715880039937539705e-10	 5.27441248617325133206e-12	 2.07806758239561749854e-13	 2.07721786597833722452e-13	 2.07835502318726857145e-13	 
 2.93999999999999994671e+00	 6.87679969001451229742e-14	 5.59085824433899953902e-14	 7.37596856170642976046e-14	 1.57380000978706378247e-10	 1.93319723225501312219e-10	 3.88071930788346466683e-12	 4.12154623943138250913e-12	 3.76392876946789453755e-11	 3.19949435199215187699e-11	 1.99038999276952905528e-10	 4.19758155617007313033e-12	 1.34600425241523556653e-13	 1.34547109499367205542e-13	 1.34629256392523489824e-13	 
 2.96000000000000040856e+00	 4.60119470592395482327e-14	 3.61261631013850941395e-14	 4.70848354120732891179e-14	 1.11716361236679084519e-10	 1.39514003054737444724e-10	 2.50110737330074335713e-12	 2.65403970280666874853e-12	 2.57651580961567978655e-11	 2.19473915574817072089e-11	 1.43413425234473474593e-10	 3.30366633880649795515e-12	 8.69609719866367131526e-14	 8.69280405661991477212e-14	 8.69919129436019797362e-14	 
 2.97999999999999998224e+00	 3.19947885738413033945e-14	 2.32889619062270614337e-14	 3.03288393801812038271e-14	 7.86846395352769650090e-11	 9.94706870166788263925e-11	 1.62325271975128994322e-12	 1.72893717221701715596e-12	 1.75427104152778472974e-11	 1.49377315701938404289e-11	 1.02094204998912009269e-10	 2.54743354579347418168e-12	 5.60489074607874436345e-14	 5.60283818772921402296e-14	 5.60765581425522716568e-14	 
 3.00000000000000000000e+00	 2.11459135731600654006e-14	 1.41107120327079217555e-14	 1.84456170649139974825e-14	 5.31786721695961365682e-11	 6.81356917251413027162e-11	 1.00696011529902071088e-12	 1.07665851024916191306e-12	 1.14234612835417592294e-11	 9.70251485728599625883e-12	 6.97897678319420193428e-11	 1.89575004376698032575e-12	 3.39498161263793270674e-14	 3.39379732337141706720e-14	 3.39717578776627802896e-14	 
 3.02000000000000046185e+00	 1.28535746941359285756e-14	 8.48658475338300146822e-15	 1.12520610780640192452e-14	 3.56379950569648835583e-11	 4.62243268731922490875e-11	 6.40673930830149478265e-13	 6.84356707667629990629e-13	 7.46854926842421594595e-12	 6.30896252767993114368e-12	 4.72456392105427543202e-11	 1.36057530033291551593e-12	 2.04107600705120673197e-14	 2.04041901031388427574e-14	 2.04246298312098735707e-14	 
 3.04000000000000003553e+00	 7.80792034012866085800e-15	 4.94359172159693216738e-15	 6.75229022000076191685e-15	 2.40054968666074372808e-11	 3.13255569084416631896e-11	 4.17515591402390035913e-13	 4.45499559450205245972e-13	 4.91805454979763057862e-12	 4.15185957129380575290e-12	 3.20304445219552600134e-11	 9.26230242070774204031e-13	 1.18851813468643301037e-14	 1.18817023219947311904e-14	 1.18913254323211773919e-14	 
 3.06000000000000005329e+00	 4.25683594886464367951e-15	 2.44263715329087517052e-15	 3.58796863685884349001e-15	 1.55235844639660444800e-11	 2.03339467196353640965e-11	 2.62500285092709796406e-13	 2.79474554486199381514e-13	 3.09243899245215253129e-12	 2.61420282495132309003e-12	 2.08297720730319814139e-11	 5.91213725708144447078e-13	 5.86939796073628791425e-15	 5.86802839987253300739e-15	 5.87053011623807808327e-15	 
 3.08000000000000007105e+00	 2.10863136019598446661e-15	 9.64600063583415773088e-16	 1.68670192092726065848e-15	 9.82510901677275638055e-12	 1.28649918655297626130e-11	 1.63761718474975884526e-13	 1.73779662967919522563e-13	 1.90594264832543401004e-12	 1.61395988995553215395e-12	 1.32115524738628536460e-11	 3.67394344592309673202e-13	 2.31687650931823892241e-15	 2.31667144692245162997e-15	 2.31703782733967375823e-15	 
 3.10000000000000008882e+00	 6.91850222583266487449e-16	 2.87400566301466757294e-16	 5.42670783809152791630e-16	 3.47915900260097100504e-12	 4.55586198081644878077e-12	 5.77311539436655662749e-14	 6.12095026465454249342e-14	 6.69953464510251914655e-13	 5.67584065750826384159e-13	 4.68161093450135558992e-12	 1.29474863574732972459e-13	 6.90142685441132614109e-16	 6.90131914876607249753e-16	 6.90130663288863679600e-16	 
 3.12000000000000010658e+00	 0.00000000000000000000e+00	 0.00000000000000000000e+00	 0.00000000000000000000e+00	 0.00000000000000000000e+00	 0.00000000000000000000e+00	 0.00000000000000000000e+00	 0.00000000000000000000e+00	 0.00000000000000000000e+00	 0.00000000000000000000e+00	 0.00000000000000000000e+00	 0.00000000000000000000e+00	 0.00000000000000000000e+00	 0.00000000000000000000e+00	 0.00000000000000000000e+00	 
 3.13999999999999968026e+00	 2.97501180529648243223e-18	 1.24100927743978442443e-18	 2.33543519601534784445e-18	 1.49152680713923673407e-14	 1.95310751352082398820e-14	 2.47538487614243527849e-16	 2.62461677280601189301e-16	 2.87293121447802858956e-15	 2.43390124638554162735e-15	 2.00696670385100026013e-14	 5.55165252017017715134e-16	 2.98010168187912057256e-18	 2.98004532907566422962e-18	 2.98006182445183580094e-18	 
 3.16000000000000014211e+00	 0.00000000000000000000e+00	 0.00000000000000000000e+00	 0.00000000000000000000e+00	 0.00000000000000000000e+00	 0.00000000000000000000e+00	 0.00000000000000000000e+00	 0.00000000000000000000e+00	 0.00000000000000000000e+00	 0.00000000000000000000e+00	 0.00000000000000000000e+00	 0.00000000000000000000e+00	 0.00000000000000000000e+00	 0.00000000000000000000e+00	 0.00000000000000000000e+00	 
 3.18000000000000015987e+00	 8.11972330405196461053e-21	 3.39054816719084367895e-21	 6.37539656197956923293e-21	 4.06780270975917292659e-17	 5.32665670014885547768e-17	 6.75134065413793440093e-19	 7.15841327272238809373e-19	 7.83581935014345270306e-18	 6.63835106200979128304e-18	 5.47351209077366541217e-17	 1.51415654468038588521e-18	 8.14192563184631041085e-21	 8.14176511960708239836e-21	 8.14182465935503456687e-21	 
 3.19999999999999973355e+00	 0.00000000000000000000e+00	 0.00000000000000000000e+00	 0.00000000000000000000e+00	 0.00000000000000000000e+00	 0.00000000000000000000e+00	 0.00000000000000000000e+00	 0.00000000000000000000e+00	 0.00000000000000000000e+00	 0.00000000000000000000e+00	 0.00000000000000000000e+00	 0.00000000000000000000e+00	 0.00000000000000000000e+00	 0.00000000000000000000e+00	 0.00000000000000000000e+00	 
 3.22000000000000019540e+00	 1.88684349966079390263e-23	 7.88128777623620803565e-24	 1.48158954300180692521e-23	 9.45055659819709478681e-20	 1.23751975194424741533e-19	 1.56853082179739884340e-21	 1.66310962809009759423e-21	 1.82050146392385356308e-20	 1.54229075608591790524e-20	 1.27163572323330031601e-19	 3.51782472029852827388e-21	 1.89258217063537751409e-23	 1.89254440357984834551e-23	 1.89255924841791300390e-23	 
 3.24000000000000021316e+00	 0.00000000000000000000e+00	 0.00000000000000000000e+00	 0.00000000000000000000e+00	 0.00000000000000000000e+00	 0.00000000000000000000e+00	 0.00000000000000000000e+00	 0.00000000000000000000e+00	 0.00000000000000000000e+00	 0.00000000000000000000e+00	 0.00000000000000000000e+00	 0.00000000000000000000e+00	 0.00000000000000000000e+00	 0.00000000000000000000e+00	 0.00000000000000000000e+00	 
 3.25999999999999978684e+00	 4.03664516024074285124e-26	 1.68624676629245429772e-26	 3.16971569166544219721e-26	 2.02168424282058371432e-22	 2.64732985430660121746e-22	 3.35544889149539137046e-24	 3.55777736151448480684e-24	 3.89448169632682879194e-23	 3.29932212276384593432e-23	 2.72031002855530427974e-22	 7.52543980511821917034e-24	 4.04928916002759809950e-26	 4.04920806647287570587e-26	 4.04924046226090967712e-26	 
 3.28000000000000024869e+00	 0.00000000000000000000e+00	 0.00000000000000000000e+00	 0.00000000000000000000e+00	 0.00000000000000000000e+00	 0.00000000000000000000e+00	 0.00000000000000000000e+00	 0.00000000000000000000e+00	 0.00000000000000000000e+00	 0.00000000000000000000e+00	 0.00000000000000000000e+00	 0.00000000000000000000e+00	 0.00000000000000000000e+00	 0.00000000000000000000e+00	 0.00000000000000000000e+00	 
 3.29999999999999982236e+00	 8.11107750811141972904e-29	 3.38835579566305015648e-29	 6.36913173859341390014e-29	 4.06222572173995940501e-25	 5.31935259037769102704e-25	 6.74220204211491567805e-27	 7.14874790401858807558e-27	 7.82530135598361905516e-26	 6.62942833730370311498e-26	 5.46599291230143045686e-25	 1.51210884499157713099e-26	 8.13666983817728585882e-29	 8.13650674191988636843e-29	 8.13657215760512975305e-29	 
 3.31999999999999984013e+00	 0.00000000000000000000e+00	 0.00000000000000000000e+00	 0.00000000000000000000e+00	 0.00000000000000000000e+00	 0.00000000000000000000e+00	 0.00000000000000000000e+00	 0.00000000000000000000e+00	 0.00000000000000000000e+00	 0.00000000000000000000e+00	 0.00000000000000000000e+00	 0.00000000000000000000e+00	 0.00000000000000000000e+00	 0.00000000000000000000e+00	 0.00000000000000000000e+00	 
 3.34000000000000030198e+00	 1.53340732958390203968e-31	 6.40573708401198082658e-32	 1.20409134605862035022e-31	 7.67966398137131760669e-28	 1.00562704526789934843e-27	 1.27461778198011686274e-29	 1.35147557602491191354e-29	 1.47937853643639269895e-28	 1.25329791596402850047e-28	 1.03334947689635088105e-27	 2.85865187428993513681e-29	 1.53824955812406738501e-31	 1.53821872141538965396e-31	 1.53823109481685401756e-31	 
 3.36000000000000031974e+00	 0.00000000000000000000e+00	 0.00000000000000000000e+00	 0.00000000000000000000e+00	 0.00000000000000000000e+00	 0.00000000000000000000e+00	 0.00000000000000000000e+00	 0.00000000000000000000e+00	 0.00000000000000000000e+00	 0.00000000000000000000e+00	 0.00000000000000000000e+00	 0.00000000000000000000e+00	 0.00000000000000000000e+00	 0.00000000000000000000e+00	 0.00000000000000000000e+00	 
 3.37999999999999989342e+00	 2.71708037529546626147e-34	 1.13504473509650100540e-34	 2.13355662388701271568e-34	 1.36078014526063238539e-30	 1.78189738955918622064e-30	 2.25852900140769514758e-32	 2.39471531372421618055e-32	 2.62134983467973681789e-31	 2.22075164648775864462e-31	 1.83101953297935875610e-30	 5.06532094527501984424e-32	 2.72565362508657945242e-34	 2.72559899030523637399e-34	 2.72562090266128775769e-34	 
 3.39999999999999991118e+00	 0.00000000000000000000e+00	 0.00000000000000000000e+00	 0.00000000000000000000e+00	 0.00000000000000000000e+00	 0.00000000000000000000e+00	 0.00000000000000000000e+00	 0.00000000000000000000e+00	 0.00000000000000000000e+00	 0.00000000000000000000e+00	 0.00000000000000000000e+00	 0.00000000000000000000e+00	 0.00000000000000000000e+00	 0.00000000000000000000e+00	 0.00000000000000000000e+00	 
 3.42000000000000037303e+00	 4.48931908395653973883e-37	 1.87538164885982084169e-37	 3.52518493708783697949e-37	 2.24836549063080748226e-33	 2.94416156940924681634e-33	 3.73168144169964197918e-35	 3.95669680189992545527e-35	 4.33115613999047836447e-34	 3.66926311322591987844e-34	 3.02532428091302156163e-33	 8.36923681419852182488e-35	 4.50347073614994574511e-37	 4.50338047633455266081e-37	 4.50341665702205098237e-37	 
 3.43999999999999994671e+00	 0.00000000000000000000e+00	 0.00000000000000000000e+00	 0.00000000000000000000e+00	 0.00000000000000000000e+00	 0.00000000000000000000e+00	 0.00000000000000000000e+00	 0.00000000000000000000e+00	 0.00000000000000000000e+00	 0.00000000000000000000e+00	 0.00000000000000000000e+00	 0.00000000000000000000e+00	 0.00000000000000000000e+00	 0.00000000000000000000e+00	 0.00000000000000000000e+00	 
 3.45999999999999996447e+00	 6.88119940597359901760e-40	 2.87456605738008601532e-40	 5.40337825311989079141e-40	 3.44628619762142847004e-36	 4.51279982755018914921e-36	 5.71990674712858562499e-38	 6.06480929553274941533e-38	 6.63877880302537663591e-37	 5.62423187836520750964e-37	 4.63720579404691296721e-36	 1.28283334573088217849e-37	 6.90287443325834356921e-40	 6.90273609694945195173e-40	 6.90279152513518798026e-40	 
 3.48000000000000042633e+00	 0.00000000000000000000e+00	 0.00000000000000000000e+00	 0.00000000000000000000e+00	 0.00000000000000000000e+00	 0.00000000000000000000e+00	 0.00000000000000000000e+00	 0.00000000000000000000e+00	 0.00000000000000000000e+00	 0.00000000000000000000e+00	 0.00000000000000000000e+00	 0.00000000000000000000e+00	 0.00000000000000000000e+00	 0.00000000000000000000e+00	 0.00000000000000000000e+00	 
 3.50000000000000000000e+00	 9.73864161455753825245e-43	 4.06823290803457044681e-43	 7.64714753072834419365e-43	 4.87737461539067817613e-39	 6.38676363133562433119e-39	 8.09512744815718535347e-41	 8.58325243788515538392e-41	 9.39556543429229136450e-40	 7.95972280200293255674e-40	 6.56282989366560160806e-39	 1.81553648530520845622e-40	 9.76930091172832476982e-43	 9.76910514399629448748e-43	 9.76918355994783548605e-43	 
 3.52000000000000001776e+00	 0.00000000000000000000e+00	 0.00000000000000000000e+00	 0.00000000000000000000e+00	 0.00000000000000000000e+00	 0.00000000000000000000e+00	 0.00000000000000000000e+00	 0.00000000000000000000e+00	 0.00000000000000000000e+00	 0.00000000000000000000e+00	 0.00000000000000000000e+00	 0.00000000000000000000e+00	 0.00000000000000000000e+00	 0.00000000000000000000e+00	 0.00000000000000000000e+00	 
 3.54000000000000047962e+00	 1.26715730254556570885e-45	 5.29343367704543539540e-46	 9.95019338403325005464e-46	 6.34627097788669679587e-42	 8.31023571177744113897e-42	 1.05330990610594932009e-43	 1.11682302675341672138e-43	 1.22251835042970841231e-42	 1.03569149772642867968e-42	 8.53932709285311057287e-42	 2.36231309833835701991e-43	 1.27114517446086304184e-45	 1.27111970299793329050e-45	 1.27112990371236426212e-45	 
 3.56000000000000005329e+00	 0.00000000000000000000e+00	 0.00000000000000000000e+00	 0.00000000000000000000e+00	 0.00000000000000000000e+00	 0.00000000000000000000e+00	 0.00000000000000000000e+00	 0.00000000000000000000e+00	 0.00000000000000000000e+00	 0.00000000000000000000e+00	 0.00000000000000000000e+00	 0.00000000000000000000e+00	 0.00000000000000000000e+00	 0.00000000000000000000e+00	 0.00000000000000000000e+00	 
 3.58000000000000007105e+00	 0.00000000000000000000e+00	 0.00000000000000000000e+00	 0.00000000000000000000e+00	 7.56288372857436603153e-45	 9.90335059694765089531e-45	 1.25523478883546090447e-46	 1.33092369110249336658e-46	 1.45688132769456879167e-45	 1.23423882219953537135e-45	 1.01763600160002831543e-44	 2.81518056692428319550e-46	 0.00000000000000000000e+00	 0.00000000000000000000e+00	 0.00000000000000000000e+00	 
 3.60000000000000053291e+00	 0.00000000000000000000e+00	 0.00000000000000000000e+00	 0.00000000000000000000e+00	 0.00000000000000000000e+00	 0.00000000000000000000e+00	 0.00000000000000000000e+00	 0.00000000000000000000e+00	 0.00000000000000000000e+00	 0.00000000000000000000e+00	 0.00000000000000000000e+00	 0.00000000000000000000e+00	 0.00000000000000000000e+00	 0.00000000000000000000e+00	 0.00000000000000000000e+00	 
 3.62000000000000010658e+00	 0.00000000000000000000e+00	 0.00000000000000000000e+00	 0.00000000000000000000e+00	 0.00000000000000000000e+00	 0.00000000000000000000e+00	 0.00000000000000000000e+00	 0.00000000000000000000e+00	 0.00000000000000000000e+00	 0.00000000000000000000e+00	 0.00000000000000000000e+00	 0.00000000000000000000e+00	 0.00000000000000000000e+00	 0.00000000000000000000e+00	 0.00000000000000000000e+00	 
 3.63999999999999968026e+00	 0.00000000000000000000e+00	 0.00000000000000000000e+00	 0.00000000000000000000e+00	 0.00000000000000000000e+00	 0.00000000000000000000e+00	 0.00000000000000000000e+00	 0.00000000000000000000e+00	 0.00000000000000000000e+00	 0.00000000000000000000e+00	 0.00000000000000000000e+00	 0.00000000000000000000e+00	 0.00000000000000000000e+00	 0.00000000000000000000e+00	 0.00000000000000000000e+00	 
 3.65999999999999969802e+00	 0.00000000000000000000e+00	 0.00000000000000000000e+00	 0.00000000000000000000e+00	 0.00000000000000000000e+00	 0.00000000000000000000e+00	 0.00000000000000000000e+00	 0.00000000000000000000e+00	 0.00000000000000000000e+00	 0.00000000000000000000e+00	 0.00000000000000000000e+00	 0.00000000000000000000e+00	 0.00000000000000000000e+00	 0.00000000000000000000e+00	 0.00000000000000000000e+00	 
 3.68000000000000015987e+00	 0.00000000000000000000e+00	 0.00000000000000000000e+00	 0.00000000000000000000e+00	 0.00000000000000000000e+00	 0.00000000000000000000e+00	 0.00000000000000000000e+00	 0.00000000000000000000e+00	 0.00000000000000000000e+00	 0.00000000000000000000e+00	 0.00000000000000000000e+00	 0.00000000000000000000e+00	 0.00000000000000000000e+00	 0.00000000000000000000e+00	 0.00000000000000000000e+00	 
 3.70000000000000017764e+00	 0.00000000000000000000e+00	 0.00000000000000000000e+00	 0.00000000000000000000e+00	 0.00000000000000000000e+00	 0.00000000000000000000e+00	 0.00000000000000000000e+00	 0.00000000000000000000e+00	 0.00000000000000000000e+00	 0.00000000000000000000e+00	 0.00000000000000000000e+00	 0.00000000000000000000e+00	 0.00000000000000000000e+00	 0.00000000000000000000e+00	 0.00000000000000000000e+00	 
 3.71999999999999975131e+00	 0.00000000000000000000e+00	 0.00000000000000000000e+00	 0.00000000000000000000e+00	 0.00000000000000000000e+00	 0.00000000000000000000e+00	 0.00000000000000000000e+00	 0.00000000000000000000e+00	 0.00000000000000000000e+00	 0.00000000000000000000e+00	 0.00000000000000000000e+00	 0.00000000000000000000e+00	 0.00000000000000000000e+00	 0.00000000000000000000e+00	 0.00000000000000000000e+00	 
 3.74000000000000021316e+00	 0.00000000000000000000e+00	 0.00000000000000000000e+00	 0.00000000000000000000e+00	 0.00000000000000000000e+00	 0.00000000000000000000e+00	 0.00000000000000000000e+00	 0.00000000000000000000e+00	 0.00000000000000000000e+00	 0.00000000000000000000e+00	 0.00000000000000000000e+00	 0.00000000000000000000e+00	 0.00000000000000000000e+00	 0.00000000000000000000e+00	 0.00000000000000000000e+00	 
 3.76000000000000023093e+00	 0.00000000000000000000e+00	 0.00000000000000000000e+00	 0.00000000000000000000e+00	 0.00000000000000000000e+00	 0.00000000000000000000e+00	 0.00000000000000000000e+00	 0.00000000000000000000e+00	 0.00000000000000000000e+00	 0.00000000000000000000e+00	 0.00000000000000000000e+00	 0.00000000000000000000e+00	 0.00000000000000000000e+00	 0.00000000000000000000e+00	 0.00000000000000000000e+00	 
 3.77999999999999980460e+00	 0.00000000000000000000e+00	 0.00000000000000000000e+00	 0.00000000000000000000e+00	 0.00000000000000000000e+00	 0.00000000000000000000e+00	 0.00000000000000000000e+00	 0.00000000000000000000e+00	 0.00000000000000000000e+00	 0.00000000000000000000e+00	 0.00000000000000000000e+00	 0.00000000000000000000e+00	 0.00000000000000000000e+00	 0.00000000000000000000e+00	 0.00000000000000000000e+00	 
 3.80000000000000026645e+00	 0.00000000000000000000e+00	 0.00000000000000000000e+00	 0.00000000000000000000e+00	 0.00000000000000000000e+00	 0.00000000000000000000e+00	 0.00000000000000000000e+00	 0.00000000000000000000e+00	 0.00000000000000000000e+00	 0.00000000000000000000e+00	 0.00000000000000000000e+00	 0.00000000000000000000e+00	 0.00000000000000000000e+00	 0.00000000000000000000e+00	 0.00000000000000000000e+00	 
 3.82000000000000028422e+00	 0.00000000000000000000e+00	 0.00000000000000000000e+00	 0.00000000000000000000e+00	 0.00000000000000000000e+00	 0.00000000000000000000e+00	 0.00000000000000000000e+00	 0.00000000000000000000e+00	 0.00000000000000000000e+00	 0.00000000000000000000e+00	 0.00000000000000000000e+00	 0.00000000000000000000e+00	 0.00000000000000000000e+00	 0.00000000000000000000e+00	 0.00000000000000000000e+00	 
 3.83999999999999985789e+00	 0.00000000000000000000e+00	 0.00000000000000000000e+00	 0.00000000000000000000e+00	 0.00000000000000000000e+00	 0.00000000000000000000e+00	 0.00000000000000000000e+00	 0.00000000000000000000e+00	 0.00000000000000000000e+00	 0.00000000000000000000e+00	 0.00000000000000000000e+00	 0.00000000000000000000e+00	 0.00000000000000000000e+00	 0.00000000000000000000e+00	 0.00000000000000000000e+00	 
 3.86000000000000031974e+00	 0.00000000000000000000e+00	 0.00000000000000000000e+00	 0.00000000000000000000e+00	 0.00000000000000000000e+00	 0.00000000000000000000e+00	 0.00000000000000000000e+00	 0.00000000000000000000e+00	 0.00000000000000000000e+00	 0.00000000000000000000e+00	 0.00000000000000000000e+00	 0.00000000000000000000e+00	 0.00000000000000000000e+00	 0.00000000000000000000e+00	 0.00000000000000000000e+00	 
 3.87999999999999989342e+00	 0.00000000000000000000e+00	 0.00000000000000000000e+00	 0.00000000000000000000e+00	 0.00000000000000000000e+00	 0.00000000000000000000e+00	 0.00000000000000000000e+00	 0.00000000000000000000e+00	 0.00000000000000000000e+00	 0.00000000000000000000e+00	 0.00000000000000000000e+00	 0.00000000000000000000e+00	 0.00000000000000000000e+00	 0.00000000000000000000e+00	 0.00000000000000000000e+00	 
 3.89999999999999991118e+00	 0.00000000000000000000e+00	 0.00000000000000000000e+00	 0.00000000000000000000e+00	 0.00000000000000000000e+00	 0.00000000000000000000e+00	 0.00000000000000000000e+00	 0.00000000000000000000e+00	 0.00000000000000000000e+00	 0.00000000000000000000e+00	 0.00000000000000000000e+00	 0.00000000000000000000e+00	 0.00000000000000000000e+00	 0.00000000000000000000e+00	 0.00000000000000000000e+00	 
 3.91999999999999948486e+00	 0.00000000000000000000e+00	 0.00000000000000000000e+00	 0.00000000000000000000e+00	 0.00000000000000000000e+00	 0.00000000000000000000e+00	 0.00000000000000000000e+00	 0.00000000000000000000e+00	 0.00000000000000000000e+00	 0.00000000000000000000e+00	 0.00000000000000000000e+00	 0.00000000000000000000e+00	 0.00000000000000000000e+00	 0.00000000000000000000e+00	 0.00000000000000000000e+00	 
 3.93999999999999994671e+00	 0.00000000000000000000e+00	 0.00000000000000000000e+00	 0.00000000000000000000e+00	 0.00000000000000000000e+00	 0.00000000000000000000e+00	 0.00000000000000000000e+00	 0.00000000000000000000e+00	 0.00000000000000000000e+00	 0.00000000000000000000e+00	 0.00000000000000000000e+00	 0.00000000000000000000e+00	 0.00000000000000000000e+00	 0.00000000000000000000e+00	 0.00000000000000000000e+00	 
 3.95999999999999996447e+00	 0.00000000000000000000e+00	 0.00000000000000000000e+00	 0.00000000000000000000e+00	 0.00000000000000000000e+00	 0.00000000000000000000e+00	 0.00000000000000000000e+00	 0.00000000000000000000e+00	 0.00000000000000000000e+00	 0.00000000000000000000e+00	 0.00000000000000000000e+00	 0.00000000000000000000e+00	 0.00000000000000000000e+00	 0.00000000000000000000e+00	 0.00000000000000000000e+00	 
 3.97999999999999953815e+00	 0.00000000000000000000e+00	 0.00000000000000000000e+00	 0.00000000000000000000e+00	 0.00000000000000000000e+00	 0.00000000000000000000e+00	 0.00000000000000000000e+00	 0.00000000000000000000e+00	 0.00000000000000000000e+00	 0.00000000000000000000e+00	 0.00000000000000000000e+00	 0.00000000000000000000e+00	 0.00000000000000000000e+00	 0.00000000000000000000e+00	 0.00000000000000000000e+00	 
 4.00000000000000000000e+00	 0.00000000000000000000e+00	 0.00000000000000000000e+00	 0.00000000000000000000e+00	 0.00000000000000000000e+00	 0.00000000000000000000e+00	 0.00000000000000000000e+00	 0.00000000000000000000e+00	 0.00000000000000000000e+00	 0.00000000000000000000e+00	 0.00000000000000000000e+00	 0.00000000000000000000e+00	 0.00000000000000000000e+00	 0.00000000000000000000e+00	 0.00000000000000000000e+00	 
 4.01999999999999957367e+00	 0.00000000000000000000e+00	 0.00000000000000000000e+00	 0.00000000000000000000e+00	 0.00000000000000000000e+00	 0.00000000000000000000e+00	 0.00000000000000000000e+00	 0.00000000000000000000e+00	 0.00000000000000000000e+00	 0.00000000000000000000e+00	 0.00000000000000000000e+00	 0.00000000000000000000e+00	 0.00000000000000000000e+00	 0.00000000000000000000e+00	 0.00000000000000000000e+00	 
 4.04000000000000003553e+00	 0.00000000000000000000e+00	 0.00000000000000000000e+00	 0.00000000000000000000e+00	 0.00000000000000000000e+00	 0.00000000000000000000e+00	 0.00000000000000000000e+00	 0.00000000000000000000e+00	 0.00000000000000000000e+00	 0.00000000000000000000e+00	 0.00000000000000000000e+00	 0.00000000000000000000e+00	 0.00000000000000000000e+00	 0.00000000000000000000e+00	 0.00000000000000000000e+00	 
 4.06000000000000049738e+00	 0.00000000000000000000e+00	 0.00000000000000000000e+00	 0.00000000000000000000e+00	 0.00000000000000000000e+00	 0.00000000000000000000e+00	 0.00000000000000000000e+00	 0.00000000000000000000e+00	 0.00000000000000000000e+00	 0.00000000000000000000e+00	 0.00000000000000000000e+00	 0.00000000000000000000e+00	 0.00000000000000000000e+00	 0.00000000000000000000e+00	 0.00000000000000000000e+00	 
 4.08000000000000007105e+00	 0.00000000000000000000e+00	 0.00000000000000000000e+00	 0.00000000000000000000e+00	 0.00000000000000000000e+00	 0.00000000000000000000e+00	 0.00000000000000000000e+00	 0.00000000000000000000e+00	 0.00000000000000000000e+00	 0.00000000000000000000e+00	 0.00000000000000000000e+00	 0.00000000000000000000e+00	 0.00000000000000000000e+00	 0.00000000000000000000e+00	 0.00000000000000000000e+00	 
 4.09999999999999964473e+00	 0.00000000000000000000e+00	 0.00000000000000000000e+00	 0.00000000000000000000e+00	 0.00000000000000000000e+00	 0.00000000000000000000e+00	 0.00000000000000000000e+00	 0.00000000000000000000e+00	 0.00000000000000000000e+00	 0.00000000000000000000e+00	 0.00000000000000000000e+00	 0.00000000000000000000e+00	 0.00000000000000000000e+00	 0.00000000000000000000e+00	 0.00000000000000000000e+00	 
 4.12000000000000010658e+00	 0.00000000000000000000e+00	 0.00000000000000000000e+00	 0.00000000000000000000e+00	 0.00000000000000000000e+00	 0.00000000000000000000e+00	 0.00000000000000000000e+00	 0.00000000000000000000e+00	 0.00000000000000000000e+00	 0.00000000000000000000e+00	 0.00000000000000000000e+00	 0.00000000000000000000e+00	 0.00000000000000000000e+00	 0.00000000000000000000e+00	 0.00000000000000000000e+00	 
 4.14000000000000056843e+00	 0.00000000000000000000e+00	 0.00000000000000000000e+00	 0.00000000000000000000e+00	 0.00000000000000000000e+00	 0.00000000000000000000e+00	 0.00000000000000000000e+00	 0.00000000000000000000e+00	 0.00000000000000000000e+00	 0.00000000000000000000e+00	 0.00000000000000000000e+00	 0.00000000000000000000e+00	 0.00000000000000000000e+00	 0.00000000000000000000e+00	 0.00000000000000000000e+00	 
 4.16000000000000014211e+00	 0.00000000000000000000e+00	 0.00000000000000000000e+00	 0.00000000000000000000e+00	 0.00000000000000000000e+00	 0.00000000000000000000e+00	 0.00000000000000000000e+00	 0.00000000000000000000e+00	 0.00000000000000000000e+00	 0.00000000000000000000e+00	 0.00000000000000000000e+00	 0.00000000000000000000e+00	 0.00000000000000000000e+00	 0.00000000000000000000e+00	 0.00000000000000000000e+00	 
 4.17999999999999971578e+00	 0.00000000000000000000e+00	 0.00000000000000000000e+00	 0.00000000000000000000e+00	 0.00000000000000000000e+00	 0.00000000000000000000e+00	 0.00000000000000000000e+00	 0.00000000000000000000e+00	 0.00000000000000000000e+00	 0.00000000000000000000e+00	 0.00000000000000000000e+00	 0.00000000000000000000e+00	 0.00000000000000000000e+00	 0.00000000000000000000e+00	 0.00000000000000000000e+00	 
 4.20000000000000017764e+00	 0.00000000000000000000e+00	 0.00000000000000000000e+00	 0.00000000000000000000e+00	 0.00000000000000000000e+00	 0.00000000000000000000e+00	 0.00000000000000000000e+00	 0.00000000000000000000e+00	 0.00000000000000000000e+00	 0.00000000000000000000e+00	 0.00000000000000000000e+00	 0.00000000000000000000e+00	 0.00000000000000000000e+00	 0.00000000000000000000e+00	 0.00000000000000000000e+00	 
 4.21999999999999975131e+00	 0.00000000000000000000e+00	 0.00000000000000000000e+00	 0.00000000000000000000e+00	 0.00000000000000000000e+00	 0.00000000000000000000e+00	 0.00000000000000000000e+00	 0.00000000000000000000e+00	 0.00000000000000000000e+00	 0.00000000000000000000e+00	 0.00000000000000000000e+00	 0.00000000000000000000e+00	 0.00000000000000000000e+00	 0.00000000000000000000e+00	 0.00000000000000000000e+00	 
 4.24000000000000021316e+00	 0.00000000000000000000e+00	 0.00000000000000000000e+00	 0.00000000000000000000e+00	 0.00000000000000000000e+00	 0.00000000000000000000e+00	 0.00000000000000000000e+00	 0.00000000000000000000e+00	 0.00000000000000000000e+00	 0.00000000000000000000e+00	 0.00000000000000000000e+00	 0.00000000000000000000e+00	 0.00000000000000000000e+00	 0.00000000000000000000e+00	 0.00000000000000000000e+00	 
 4.25999999999999978684e+00	 0.00000000000000000000e+00	 0.00000000000000000000e+00	 0.00000000000000000000e+00	 0.00000000000000000000e+00	 0.00000000000000000000e+00	 0.00000000000000000000e+00	 0.00000000000000000000e+00	 0.00000000000000000000e+00	 0.00000000000000000000e+00	 0.00000000000000000000e+00	 0.00000000000000000000e+00	 0.00000000000000000000e+00	 0.00000000000000000000e+00	 0.00000000000000000000e+00	 
 4.28000000000000024869e+00	 0.00000000000000000000e+00	 0.00000000000000000000e+00	 0.00000000000000000000e+00	 0.00000000000000000000e+00	 0.00000000000000000000e+00	 0.00000000000000000000e+00	 0.00000000000000000000e+00	 0.00000000000000000000e+00	 0.00000000000000000000e+00	 0.00000000000000000000e+00	 0.00000000000000000000e+00	 0.00000000000000000000e+00	 0.00000000000000000000e+00	 0.00000000000000000000e+00	 
 4.29999999999999982236e+00	 0.00000000000000000000e+00	 0.00000000000000000000e+00	 0.00000000000000000000e+00	 0.00000000000000000000e+00	 0.00000000000000000000e+00	 0.00000000000000000000e+00	 0.00000000000000000000e+00	 0.00000000000000000000e+00	 0.00000000000000000000e+00	 0.00000000000000000000e+00	 0.00000000000000000000e+00	 0.00000000000000000000e+00	 0.00000000000000000000e+00	 0.00000000000000000000e+00	 
 4.32000000000000028422e+00	 0.00000000000000000000e+00	 0.00000000000000000000e+00	 0.00000000000000000000e+00	 0.00000000000000000000e+00	 0.00000000000000000000e+00	 0.00000000000000000000e+00	 0.00000000000000000000e+00	 0.00000000000000000000e+00	 0.00000000000000000000e+00	 0.00000000000000000000e+00	 0.00000000000000000000e+00	 0.00000000000000000000e+00	 0.00000000000000000000e+00	 0.00000000000000000000e+00	 
 4.33999999999999985789e+00	 0.00000000000000000000e+00	 0.00000000000000000000e+00	 0.00000000000000000000e+00	 0.00000000000000000000e+00	 0.00000000000000000000e+00	 0.00000000000000000000e+00	 0.00000000000000000000e+00	 0.00000000000000000000e+00	 0.00000000000000000000e+00	 0.00000000000000000000e+00	 0.00000000000000000000e+00	 0.00000000000000000000e+00	 0.00000000000000000000e+00	 0.00000000000000000000e+00	 
 4.36000000000000031974e+00	 0.00000000000000000000e+00	 0.00000000000000000000e+00	 0.00000000000000000000e+00	 0.00000000000000000000e+00	 0.00000000000000000000e+00	 0.00000000000000000000e+00	 0.00000000000000000000e+00	 0.00000000000000000000e+00	 0.00000000000000000000e+00	 0.00000000000000000000e+00	 0.00000000000000000000e+00	 0.00000000000000000000e+00	 0.00000000000000000000e+00	 0.00000000000000000000e+00	 
 4.37999999999999989342e+00	 0.00000000000000000000e+00	 0.00000000000000000000e+00	 0.00000000000000000000e+00	 0.00000000000000000000e+00	 0.00000000000000000000e+00	 0.00000000000000000000e+00	 0.00000000000000000000e+00	 0.00000000000000000000e+00	 0.00000000000000000000e+00	 0.00000000000000000000e+00	 0.00000000000000000000e+00	 0.00000000000000000000e+00	 0.00000000000000000000e+00	 0.00000000000000000000e+00	 
 4.40000000000000035527e+00	 0.00000000000000000000e+00	 0.00000000000000000000e+00	 0.00000000000000000000e+00	 0.00000000000000000000e+00	 0.00000000000000000000e+00	 0.00000000000000000000e+00	 0.00000000000000000000e+00	 0.00000000000000000000e+00	 0.00000000000000000000e+00	 0.00000000000000000000e+00	 0.00000000000000000000e+00	 0.00000000000000000000e+00	 0.00000000000000000000e+00	 0.00000000000000000000e+00	 
 4.41999999999999992895e+00	 0.00000000000000000000e+00	 0.00000000000000000000e+00	 0.00000000000000000000e+00	 0.00000000000000000000e+00	 0.00000000000000000000e+00	 0.00000000000000000000e+00	 0.00000000000000000000e+00	 0.00000000000000000000e+00	 0.00000000000000000000e+00	 0.00000000000000000000e+00	 0.00000000000000000000e+00	 0.00000000000000000000e+00	 0.00000000000000000000e+00	 0.00000000000000000000e+00	 
 4.43999999999999950262e+00	 0.00000000000000000000e+00	 0.00000000000000000000e+00	 0.00000000000000000000e+00	 0.00000000000000000000e+00	 0.00000000000000000000e+00	 0.00000000000000000000e+00	 0.00000000000000000000e+00	 0.00000000000000000000e+00	 0.00000000000000000000e+00	 0.00000000000000000000e+00	 0.00000000000000000000e+00	 0.00000000000000000000e+00	 0.00000000000000000000e+00	 0.00000000000000000000e+00	 
 4.45999999999999996447e+00	 0.00000000000000000000e+00	 0.00000000000000000000e+00	 0.00000000000000000000e+00	 0.00000000000000000000e+00	 0.00000000000000000000e+00	 0.00000000000000000000e+00	 0.00000000000000000000e+00	 0.00000000000000000000e+00	 0.00000000000000000000e+00	 0.00000000000000000000e+00	 0.00000000000000000000e+00	 0.00000000000000000000e+00	 0.00000000000000000000e+00	 0.00000000000000000000e+00	 
 4.47999999999999953815e+00	 0.00000000000000000000e+00	 0.00000000000000000000e+00	 0.00000000000000000000e+00	 0.00000000000000000000e+00	 0.00000000000000000000e+00	 0.00000000000000000000e+00	 0.00000000000000000000e+00	 0.00000000000000000000e+00	 0.00000000000000000000e+00	 0.00000000000000000000e+00	 0.00000000000000000000e+00	 0.00000000000000000000e+00	 0.00000000000000000000e+00	 0.00000000000000000000e+00	 
 4.50000000000000000000e+00	 0.00000000000000000000e+00	 0.00000000000000000000e+00	 0.00000000000000000000e+00	 0.00000000000000000000e+00	 0.00000000000000000000e+00	 0.00000000000000000000e+00	 0.00000000000000000000e+00	 0.00000000000000000000e+00	 0.00000000000000000000e+00	 0.00000000000000000000e+00	 0.00000000000000000000e+00	 0.00000000000000000000e+00	 0.00000000000000000000e+00	 0.00000000000000000000e+00	 
 4.52000000000000046185e+00	 0.00000000000000000000e+00	 0.00000000000000000000e+00	 0.00000000000000000000e+00	 0.00000000000000000000e+00	 0.00000000000000000000e+00	 0.00000000000000000000e+00	 0.00000000000000000000e+00	 0.00000000000000000000e+00	 0.00000000000000000000e+00	 0.00000000000000000000e+00	 0.00000000000000000000e+00	 0.00000000000000000000e+00	 0.00000000000000000000e+00	 0.00000000000000000000e+00	 
 4.54000000000000003553e+00	 0.00000000000000000000e+00	 0.00000000000000000000e+00	 0.00000000000000000000e+00	 0.00000000000000000000e+00	 0.00000000000000000000e+00	 0.00000000000000000000e+00	 0.00000000000000000000e+00	 0.00000000000000000000e+00	 0.00000000000000000000e+00	 0.00000000000000000000e+00	 0.00000000000000000000e+00	 0.00000000000000000000e+00	 0.00000000000000000000e+00	 0.00000000000000000000e+00	 
 4.55999999999999960920e+00	 0.00000000000000000000e+00	 0.00000000000000000000e+00	 0.00000000000000000000e+00	 0.00000000000000000000e+00	 0.00000000000000000000e+00	 0.00000000000000000000e+00	 0.00000000000000000000e+00	 0.00000000000000000000e+00	 0.00000000000000000000e+00	 0.00000000000000000000e+00	 0.00000000000000000000e+00	 0.00000000000000000000e+00	 0.00000000000000000000e+00	 0.00000000000000000000e+00	 
 4.58000000000000007105e+00	 0.00000000000000000000e+00	 0.00000000000000000000e+00	 0.00000000000000000000e+00	 0.00000000000000000000e+00	 0.00000000000000000000e+00	 0.00000000000000000000e+00	 0.00000000000000000000e+00	 0.00000000000000000000e+00	 0.00000000000000000000e+00	 0.00000000000000000000e+00	 0.00000000000000000000e+00	 0.00000000000000000000e+00	 0.00000000000000000000e+00	 0.00000000000000000000e+00	 
 4.60000000000000053291e+00	 0.00000000000000000000e+00	 0.00000000000000000000e+00	 0.00000000000000000000e+00	 0.00000000000000000000e+00	 0.00000000000000000000e+00	 0.00000000000000000000e+00	 0.00000000000000000000e+00	 0.00000000000000000000e+00	 0.00000000000000000000e+00	 0.00000000000000000000e+00	 0.00000000000000000000e+00	 0.00000000000000000000e+00	 0.00000000000000000000e+00	 0.00000000000000000000e+00	 
 4.62000000000000010658e+00	 0.00000000000000000000e+00	 0.00000000000000000000e+00	 0.00000000000000000000e+00	 0.00000000000000000000e+00	 0.00000000000000000000e+00	 0.00000000000000000000e+00	 0.00000000000000000000e+00	 0.00000000000000000000e+00	 0.00000000000000000000e+00	 0.00000000000000000000e+00	 0.00000000000000000000e+00	 0.00000000000000000000e+00	 0.00000000000000000000e+00	 0.00000000000000000000e+00	 
 4.63999999999999968026e+00	 0.00000000000000000000e+00	 0.00000000000000000000e+00	 0.00000000000000000000e+00	 0.00000000000000000000e+00	 0.00000000000000000000e+00	 0.00000000000000000000e+00	 0.00000000000000000000e+00	 0.00000000000000000000e+00	 0.00000000000000000000e+00	 0.00000000000000000000e+00	 0.00000000000000000000e+00	 0.00000000000000000000e+00	 0.00000000000000000000e+00	 0.00000000000000000000e+00	 
 4.66000000000000014211e+00	 0.00000000000000000000e+00	 0.00000000000000000000e+00	 0.00000000000000000000e+00	 0.00000000000000000000e+00	 0.00000000000000000000e+00	 0.00000000000000000000e+00	 0.00000000000000000000e+00	 0.00000000000000000000e+00	 0.00000000000000000000e+00	 0.00000000000000000000e+00	 0.00000000000000000000e+00	 0.00000000000000000000e+00	 0.00000000000000000000e+00	 0.00000000000000000000e+00	 
 4.67999999999999971578e+00	 0.00000000000000000000e+00	 0.00000000000000000000e+00	 0.00000000000000000000e+00	 0.00000000000000000000e+00	 0.00000000000000000000e+00	 0.00000000000000000000e+00	 0.00000000000000000000e+00	 0.00000000000000000000e+00	 0.00000000000000000000e+00	 0.00000000000000000000e+00	 0.00000000000000000000e+00	 0.00000000000000000000e+00	 0.00000000000000000000e+00	 0.00000000000000000000e+00	 
 4.69999999999999928946e+00	 0.00000000000000000000e+00	 0.00000000000000000000e+00	 0.00000000000000000000e+00	 0.00000000000000000000e+00	 0.00000000000000000000e+00	 0.00000000000000000000e+00	 0.00000000000000000000e+00	 0.00000000000000000000e+00	 0.00000000000000000000e+00	 0.00000000000000000000e+00	 0.00000000000000000000e+00	 0.00000000000000000000e+00	 0.00000000000000000000e+00	 0.00000000000000000000e+00	 
 4.72000000000000063949e+00	 0.00000000000000000000e+00	 0.00000000000000000000e+00	 0.00000000000000000000e+00	 0.00000000000000000000e+00	 0.00000000000000000000e+00	 0.00000000000000000000e+00	 0.00000000000000000000e+00	 0.00000000000000000000e+00	 0.00000000000000000000e+00	 0.00000000000000000000e+00	 0.00000000000000000000e+00	 0.00000000000000000000e+00	 0.00000000000000000000e+00	 0.00000000000000000000e+00	 
 4.74000000000000021316e+00	 0.00000000000000000000e+00	 0.00000000000000000000e+00	 0.00000000000000000000e+00	 0.00000000000000000000e+00	 0.00000000000000000000e+00	 0.00000000000000000000e+00	 0.00000000000000000000e+00	 0.00000000000000000000e+00	 0.00000000000000000000e+00	 0.00000000000000000000e+00	 0.00000000000000000000e+00	 0.00000000000000000000e+00	 0.00000000000000000000e+00	 0.00000000000000000000e+00	 
 4.75999999999999978684e+00	 0.00000000000000000000e+00	 0.00000000000000000000e+00	 0.00000000000000000000e+00	 0.00000000000000000000e+00	 0.00000000000000000000e+00	 0.00000000000000000000e+00	 0.00000000000000000000e+00	 0.00000000000000000000e+00	 0.00000000000000000000e+00	 0.00000000000000000000e+00	 0.00000000000000000000e+00	 0.00000000000000000000e+00	 0.00000000000000000000e+00	 0.00000000000000000000e+00	 
 4.78000000000000024869e+00	 0.00000000000000000000e+00	 0.00000000000000000000e+00	 0.00000000000000000000e+00	 0.00000000000000000000e+00	 0.00000000000000000000e+00	 0.00000000000000000000e+00	 0.00000000000000000000e+00	 0.00000000000000000000e+00	 0.00000000000000000000e+00	 0.00000000000000000000e+00	 0.00000000000000000000e+00	 0.00000000000000000000e+00	 0.00000000000000000000e+00	 0.00000000000000000000e+00	 
 4.79999999999999982236e+00	 0.00000000000000000000e+00	 0.00000000000000000000e+00	 0.00000000000000000000e+00	 0.00000000000000000000e+00	 0.00000000000000000000e+00	 0.00000000000000000000e+00	 0.00000000000000000000e+00	 0.00000000000000000000e+00	 0.00000000000000000000e+00	 0.00000000000000000000e+00	 0.00000000000000000000e+00	 0.00000000000000000000e+00	 0.00000000000000000000e+00	 0.00000000000000000000e+00	 
 4.81999999999999939604e+00	 0.00000000000000000000e+00	 0.00000000000000000000e+00	 0.00000000000000000000e+00	 0.00000000000000000000e+00	 0.00000000000000000000e+00	 0.00000000000000000000e+00	 0.00000000000000000000e+00	 0.00000000000000000000e+00	 0.00000000000000000000e+00	 0.00000000000000000000e+00	 0.00000000000000000000e+00	 0.00000000000000000000e+00	 0.00000000000000000000e+00	 0.00000000000000000000e+00	 
 4.84000000000000074607e+00	 0.00000000000000000000e+00	 0.00000000000000000000e+00	 0.00000000000000000000e+00	 0.00000000000000000000e+00	 0.00000000000000000000e+00	 0.00000000000000000000e+00	 0.00000000000000000000e+00	 0.00000000000000000000e+00	 0.00000000000000000000e+00	 0.00000000000000000000e+00	 0.00000000000000000000e+00	 0.00000000000000000000e+00	 0.00000000000000000000e+00	 0.00000000000000000000e+00	 
 4.86000000000000031974e+00	 0.00000000000000000000e+00	 0.00000000000000000000e+00	 0.00000000000000000000e+00	 0.00000000000000000000e+00	 0.00000000000000000000e+00	 0.00000000000000000000e+00	 0.00000000000000000000e+00	 0.00000000000000000000e+00	 0.00000000000000000000e+00	 0.00000000000000000000e+00	 0.00000000000000000000e+00	 0.00000000000000000000e+00	 0.00000000000000000000e+00	 0.00000000000000000000e+00	 
 4.87999999999999989342e+00	 0.00000000000000000000e+00	 0.00000000000000000000e+00	 0.00000000000000000000e+00	 0.00000000000000000000e+00	 0.00000000000000000000e+00	 0.00000000000000000000e+00	 0.00000000000000000000e+00	 0.00000000000000000000e+00	 0.00000000000000000000e+00	 0.00000000000000000000e+00	 0.00000000000000000000e+00	 0.00000000000000000000e+00	 0.00000000000000000000e+00	 0.00000000000000000000e+00	 
 4.89999999999999946709e+00	 0.00000000000000000000e+00	 0.00000000000000000000e+00	 0.00000000000000000000e+00	 0.00000000000000000000e+00	 0.00000000000000000000e+00	 0.00000000000000000000e+00	 0.00000000000000000000e+00	 0.00000000000000000000e+00	 0.00000000000000000000e+00	 0.00000000000000000000e+00	 0.00000000000000000000e+00	 0.00000000000000000000e+00	 0.00000000000000000000e+00	 0.00000000000000000000e+00	 
 4.91999999999999992895e+00	 0.00000000000000000000e+00	 0.00000000000000000000e+00	 0.00000000000000000000e+00	 0.00000000000000000000e+00	 0.00000000000000000000e+00	 0.00000000000000000000e+00	 0.00000000000000000000e+00	 0.00000000000000000000e+00	 0.00000000000000000000e+00	 0.00000000000000000000e+00	 0.00000000000000000000e+00	 0.00000000000000000000e+00	 0.00000000000000000000e+00	 0.00000000000000000000e+00	 
 4.93999999999999950262e+00	 0.00000000000000000000e+00	 0.00000000000000000000e+00	 0.00000000000000000000e+00	 0.00000000000000000000e+00	 0.00000000000000000000e+00	 0.00000000000000000000e+00	 0.00000000000000000000e+00	 0.00000000000000000000e+00	 0.00000000000000000000e+00	 0.00000000000000000000e+00	 0.00000000000000000000e+00	 0.00000000000000000000e+00	 0.00000000000000000000e+00	 0.00000000000000000000e+00	 
 4.95999999999999996447e+00	 0.00000000000000000000e+00	 0.00000000000000000000e+00	 0.00000000000000000000e+00	 0.00000000000000000000e+00	 0.00000000000000000000e+00	 0.00000000000000000000e+00	 0.00000000000000000000e+00	 0.00000000000000000000e+00	 0.00000000000000000000e+00	 0.00000000000000000000e+00	 0.00000000000000000000e+00	 0.00000000000000000000e+00	 0.00000000000000000000e+00	 0.00000000000000000000e+00	 
 4.98000000000000042633e+00	 0.00000000000000000000e+00	 0.00000000000000000000e+00	 0.00000000000000000000e+00	 0.00000000000000000000e+00	 0.00000000000000000000e+00	 0.00000000000000000000e+00	 0.00000000000000000000e+00	 0.00000000000000000000e+00	 0.00000000000000000000e+00	 0.00000000000000000000e+00	 0.00000000000000000000e+00	 0.00000000000000000000e+00	 0.00000000000000000000e+00	 0.00000000000000000000e+00	 
 5.00000000000000000000e+00	 0.00000000000000000000e+00	 0.00000000000000000000e+00	 0.00000000000000000000e+00	 0.00000000000000000000e+00	 0.00000000000000000000e+00	 0.00000000000000000000e+00	 0.00000000000000000000e+00	 0.00000000000000000000e+00	 0.00000000000000000000e+00	 0.00000000000000000000e+00	 0.00000000000000000000e+00	 0.00000000000000000000e+00	 0.00000000000000000000e+00	 0.00000000000000000000e+00	 
