 -1.00000000000000000000e+00	 5.30546943399664526509e-07	 5.28069628048215779173e-07	 5.30514312407076598300e-07	 9.12304524663795277355e-05	 9.12338498167325809805e-05	 9.03976664440284442218e-05	 1.00351239420742253386e-04	 3.19606180465910162474e-05	 3.45268133976811675127e-05	 9.06888044030993567676e-05	 1.24541535794605711732e-06	 1.33699597922913384043e-06	 1.33695410496079542979e-06	 1.33699616849550192986e-06	 
 -9.79999999999999982236e-01	 5.44413425281937271389e-07	 5.41873945189822820943e-07	 5.44383369721576832949e-07	 9.35676042996497019360e-05	 9.35711805887478426883e-05	 9.27195145677948859243e-05	 1.02939691511804264491e-04	 3.27429309079811791815e-05	 3.53767343824430084264e-05	 9.30118624599871024992e-05	 1.27771701210196068725e-06	 1.37195786792565359538e-06	 1.37191492503236807275e-06	 1.37195806511613645560e-06	 
 -9.59999999999999964473e-01	 5.58547203407373137868e-07	 5.55944422862428129011e-07	 5.58519845760340310958e-07	 9.59486754430144097488e-05	 9.59524345159625229994e-05	 9.50851226379723161444e-05	 1.05577174954155962334e-04	 3.35392049808406561779e-05	 3.62419344628548071164e-05	 9.53785685079847007960e-05	 1.31063645621213971655e-06	 1.40759402722416760356e-06	 1.40754999571317851040e-06	 1.40759423257163110892e-06	 
 -9.39999999999999946709e-01	 5.72947736850802983264e-07	 5.70280537145118327648e-07	 5.72923205388029131920e-07	 9.83733366218222287161e-05	 9.83772805296765251882e-05	 9.74941715668415428021e-05	 1.08263367094446247806e-04	 3.43493233028605566399e-05	 3.71222989325506233364e-05	 9.77885926357386665994e-05	 1.34417248145491196020e-06	 1.44390306816001571132e-06	 1.44385792819997634048e-06	 1.44390328192344124423e-06	 
 -9.19999999999999928946e-01	 5.87614115050728436317e-07	 5.84881390684001491694e-07	 5.87592548129528027790e-07	 1.00841165486121014504e-04	 1.00845297760840412783e-04	 9.99462515610766654393e-05	 1.10997841551928411803e-04	 3.51731450539889518793e-05	 3.80176875581597108200e-05	 1.00241516193023144795e-04	 1.37832306530293002857e-06	 1.48088264275607157286e-06	 1.48083637464061090516e-06	 1.48088286518445463256e-06	 
 -9.00000000000000022204e-01	 6.02545039970357512366e-07	 5.99745692032498639416e-07	 6.02526592041873346734e-07	 1.03351640471372152293e-04	 1.03355970860728469535e-04	 1.02440856699965255954e-04	 1.13780059954348938107e-04	 3.60105046538277485989e-05	 3.89279334162169002591e-05	 1.02736827377345116817e-04	 1.41308533180222290606e-06	 1.51852939012012392647e-06	 1.51848197420104050685e-06	 1.51852962140027191200e-06	 
 -8.80000000000000115463e-01	 6.17738783872203064500e-07	 6.14871720428134965594e-07	 6.17723628019615040014e-07	 1.05904128831626093447e-04	 1.05908674912870588974e-04	 1.04977371467437926677e-04	 1.16609363422966980399e-04	 3.68612098569945392215e-05	 3.98528414887646119684e-05	 1.05273905755844560421e-04	 1.44845548833824744594e-06	 1.55683884494953234974e-06	 1.55679026164047464545e-06	 1.55683908518557440944e-06	 
 -8.59999999999999986677e-01	 6.33193186823924601905e-07	 6.30257318009652568086e-07	 6.33181497353958591269e-07	 1.08497887793703300129e-04	 1.08502674992388398038e-04	 1.07555075204828105850e-04	 1.19484969407249768856e-04	 3.77250419505025018580e-05	 4.07921889881633333366e-05	 1.07852021190218698063e-04	 1.48442881413192310277e-06	 1.59580541662981663045e-06	 1.59575564643482719431e-06	 1.59580566585278932206e-06	 
 -8.40000000000000079936e-01	 6.48905637063037522760e-07	 6.45899867794744836461e-07	 6.48897564237833297217e-07	 1.11132059039344179550e-04	 1.11137120220007549879e-04	 1.10173138049145279745e-04	 1.22405963937927353630e-04	 3.86017550554546817732e-05	 4.17457246702835458479e-05	 1.10470327711032631425e-04	 1.52099962145989497966e-06	 1.63542233156372059753e-06	 1.63537135511199088856e-06	 1.63542258975007704039e-06	 
 -8.20000000000000062172e-01	 6.64873020667484243732e-07	 6.61796246831474008734e-07	 6.64868681403594553440e-07	 1.13805650456263164031e-04	 1.13811027384677369216e-04	 1.12830600271176246358e-04	 1.25371285485015770880e-04	 3.94910736964975317594e-05	 4.27131661999787291080e-05	 1.13127847872033761517e-04	 1.55816116903065266953e-06	 1.67568151134407310364e-06	 1.67562930939590363439e-06	 1.67568177840282607735e-06	 
 -8.00000000000000044409e-01	 6.81091700012840799889e-07	 6.77942826714787203927e-07	 6.81091178075423735590e-07	 1.16517535489479035090e-04	 1.16523278832669825874e-04	 1.15526361935820782892e-04	 1.28379733670687921649e-04	 4.03926932463084307589e-05	 4.36942004564663051720e-05	 1.15823469193196710984e-04	 1.59590566315328939744e-06	 1.71657357776866395354e-06	 1.71652013125161184465e-06	 1.71657385349718411887e-06	 
 -7.80000000000000026645e-01	 6.97557482720052258298e-07	 6.94335450641704876189e-07	 6.97560831254157957544e-07	 1.19266445867088631051e-04	 1.19272614775075877611e-04	 1.18259172084054627809e-04	 1.31429964924024652619e-04	 4.13062793136213725776e-05	 4.46884828289960327565e-05	 1.18555935933825008408e-04	 1.63422421731484725783e-06	 1.75808779449720593800e-06	 1.75803308455079512876e-06	 1.75808807852245934971e-06	 
 -7.60000000000000008882e-01	 7.14265576233186736463e-07	 7.10969368794711513740e-07	 7.14272808900686685516e-07	 1.22050951803511005425e-04	 1.22057615162905302693e-04	 1.21027617964624409960e-04	 1.34520462435867111869e-04	 4.22314650814124579255e-05	 4.56956345816643719985e-05	 1.21323832308826829829e-04	 1.67310673849482436947e-06	 1.80021189547574218562e-06	 1.80015590346373609439e-06	 1.80021218721474338292e-06	 
 -7.39999999999999991118e-01	 7.31210589540631338617e-07	 7.27839239180557755218e-07	 7.31221690118926385569e-07	 1.24869475122766704963e-04	 1.24876707125417331671e-04	 1.23830137023123680986e-04	 1.37649539609979281720e-04	 4.31678520624501662869e-05	 4.67152432324046247786e-05	 1.24125594186184380749e-04	 1.71254194281811080671e-06	 1.84293208297462690124e-06	 1.84287479057544876902e-06	 1.84293238157470550910e-06	 
 -7.19999999999999973355e-01	 7.48386504108495037956e-07	 7.44939099030985430841e-07	 7.48401442192741865195e-07	 1.27720286067112195070e-04	 1.27728159612137357479e-04	 1.26665013044079550466e-04	 1.40815332592619189269e-04	 4.41150095698660248697e-05	 4.77468618144693570087e-05	 1.26959505401871478427e-04	 1.75251731065133091652e-06	 1.88623295191225197703e-06	 1.88617434123802963074e-06	 1.88623325617771849941e-06	 
 -6.99999999999999955591e-01	 7.65786590760149596673e-07	 7.62262284520798073182e-07	 7.65805319806615671513e-07	 1.30601467666953305032e-04	 1.30610052888375236576e-04	 1.29530340998164995641e-04	 1.44015771482683532572e-04	 4.50724716966667638481e-05	 4.87900060272137271159e-05	 1.29823663575038037539e-04	 1.79301893511490023002e-06	 1.93009728473176642676e-06	 1.93003733837981790640e-06	 1.93009759305164826601e-06	 
 -6.79999999999999937828e-01	 7.83403420360271811088e-07	 7.79801425184941824461e-07	 7.83425884494956892942e-07	 1.33510933503981594562e-04	 1.33520284722899780115e-04	 1.32424034303043036123e-04	 1.47248581702336063569e-04	 4.60397397384877137320e-05	 4.98441578017366629990e-05	 1.32715981982895299884e-04	 1.83403150624802488144e-06	 1.97450605232262493900e-06	 1.97444475361855187128e-06	 1.97450636305696021835e-06	 
 -6.60000000000000031086e-01	 8.01228829437719015092e-07	 7.97548404120135131788e-07	 8.01254973588386028882e-07	 1.36446425376249606213e-04	 1.36456563201152784003e-04	 1.35343817942643285203e-04	 1.50511274028857422111e-04	 4.70162822350386289203e-05	 5.09087656862253825360e-05	 1.35634180886096475513e-04	 1.87553823804155277506e-06	 2.01943831727322960722e-06	 2.01937565059323484136e-06	 2.01943862931263682929e-06	 
 -6.40000000000000013323e-01	 8.19253806181877319332e-07	 8.15494259586194547354e-07	 8.19283578813653678864e-07	 1.39405470383194496830e-04	 1.39416373234765205227e-04	 1.38287193735941310591e-04	 1.53801112635957486566e-04	 4.80015303151139490303e-05	 5.19832389835762960647e-05	 1.38575758354328356639e-04	 1.91752070059514946823e-06	 2.06487096677708056942e-06	 2.06480691772764842921e-06	 2.06487127971711463090e-06	 
 -6.19999999999999884537e-01	 8.37468510583574084869e-07	 8.33629196474510162612e-07	 8.37501865345975071517e-07	 1.42385371856903098116e-04	 1.42396990389021590312e-04	 1.41251455533414815510e-04	 1.57115139586320545729e-04	 4.89948789169542233877e-05	 5.30669496422207320838e-05	 1.41537998855519357114e-04	 1.95995884143899596111e-06	 2.11077872358534230886e-06	 2.11071327905209375899e-06	 2.11077903776176749355e-06	 
 -5.99999999999999977796e-01	 8.55862231874969505272e-07	 8.51942540405285882552e-07	 8.55899129338234812324e-07	 1.45383195411621739517e-04	 1.45395474955075526286e-04	 1.44233683739020520026e-04	 1.60450171771094036001e-04	 4.99956862755973361419e-05	 5.41592319305591368066e-05	 1.44517965286120633446e-04	 2.00283090089131877190e-06	 2.15713402204032133447e-06	 2.15706717020570384012e-06	 2.15713433853585962480e-06	 
 -5.79999999999999849010e-01	 8.74423234886870755796e-07	 8.70422591304477385027e-07	 8.74463646428573366986e-07	 1.48395746226406355719e-04	 1.48408626530757822761e-04	 1.47230698446334742511e-04	 1.63802742216315075320e-04	 5.10032700736092481646e-05	 5.52593778414174562042e-05	 1.47512458216481772994e-04	 2.04611314574844415815e-06	 2.20390664882318236211e-06	 2.20383837934149145980e-06	 2.20390696965272396926e-06	 
 -5.60000000000000053291e-01	 8.93138776808193862152e-07	 8.89056670549291269883e-07	 8.93182725058222391093e-07	 1.51419601668189413544e-04	 1.51433018712593186680e-04	 1.50239082310909508348e-04	 1.67169111852781917572e-04	 5.20169106341993316383e-05	 5.63666403783293998449e-05	 1.50518058996605084412e-04	 2.08977993852242806063e-06	 2.25106386901565618062e-06	 2.25099417283166031322e-06	 2.25106419659642984814e-06	 
 -5.40000000000000035527e-01	 9.11995048124999137135e-07	 9.07831073146534448148e-07	 9.12042662291495246144e-07	 1.54451111011276670873e-04	 1.54464999627525195617e-04	 1.53255176442151398730e-04	 1.70545260086492925190e-04	 5.30358509465087961951e-05	 5.74802335386681998775e-05	 1.53531133294595675300e-04	 2.13380363769857747341e-06	 2.29857030638586497885e-06	 2.29849917543170873145e-06	 2.29857064275392403613e-06	 
 -5.20000000000000017764e-01	 9.30976980839240977942e-07	 9.26730849732720924421e-07	 9.31028523738201477544e-07	 1.57486328087717234597e-04	 1.57500622728085060403e-04	 1.56275021659983231982e-04	 1.73926832864567732688e-04	 5.40592904917889337094e-05	 5.85993258787045407298e-05	 1.56547753726035839515e-04	 2.17815420382791218997e-06	 2.34638738069580332179e-06	 2.34631480792201390978e-06	 2.34638772736639823191e-06	 
 -5.00000000000000000000e-01	 9.50068257247013190917e-07	 9.45739861929278015673e-07	 9.50124191616907856145e-07	 1.60521054834141598281e-04	 1.60535685103077683123e-04	 1.59294409402105569852e-04	 1.77309192625829220276e-04	 5.50863914547067512690e-05	 5.97230482272900650665e-05	 1.59563716373490764111e-04	 2.22279931004311012281e-06	 2.39447341617864457270e-06	 2.39439939615160728338e-06	 2.39447377491464741053e-06	 
 -4.79999999999999926725e-01	 9.69251228822003422814e-07	 9.64840720542128793934e-07	 9.69312302273602787220e-07	 1.63550844264856150376e-04	 1.63565728551689717639e-04	 1.62308887005729234141e-04	 1.80687421493086675843e-04	 5.61162797014892741963e-05	 6.08504951178155567321e-05	 1.62574533589997049067e-04	 2.26770421806779668751e-06	 2.44278347291323186312e-06	 2.44270800262586369023e-06	 2.44278384682155778513e-06	 
 -4.59999999999999964473e-01	 9.88506679321200318824e-07	 9.84014513967005258725e-07	 9.88573985919660007607e-07	 1.66570919873419947925e-04	 1.66585964048186351179e-04	 1.65313669029365755813e-04	 1.84056228447844396224e-04	 5.71480353830641500299e-05	 6.19807138086417920867e-05	 1.65575378636696377531e-04	 2.31283124398221098897e-06	 2.49126868268102410144e-06	 2.49119176188686344481e-06	 2.49126907650775244758e-06	 
 -4.40000000000000002220e-01	 1.00781411520425137526e-06	 1.00324088382521269284e-06	 1.00788878926013145002e-06	 1.69576206604274762335e-04	 1.69591293791984334830e-04	 1.68303677179598492816e-04	 1.87410001906342565990e-04	 5.81807004289634682238e-05	 6.31127088107953377726e-05	 1.68561166611269500418e-04	 2.35813989022578170400e-06	 2.53987651658825079387e-06	 2.53979814784068143760e-06	 2.53987693665402146115e-06	 
 -4.19999999999999984457e-01	 1.02715176819392336629e-06	 1.02249795170967536744e-06	 1.02723454687389537358e-06	 1.72561328710804889712e-04	 1.72576305611307848900e-04	 1.71273541266148734410e-04	 1.90742813434993283787e-04	 5.92132799170821928032e-05	 6.42454420453877943697e-05	 1.71526570211823881735e-04	 2.40358668450366329364e-06	 2.58855062744972941650e-06	 2.58847081606333676837e-06	 2.58855108148540110309e-06	 
 -3.99999999999999911182e-01	 1.04649605951577938349e-06	 1.04176197843696360575e-06	 1.04658717513548908685e-06	 1.75520539502550083303e-04	 1.75535210765075496342e-04	 1.74217519797417269524e-04	 1.94048320695340992953e-04	 6.02447312560031934033e-05	 6.53778244369366011218e-05	 1.74465900434637310882e-04	 2.44912450710163722415e-06	 2.63722991747493637764e-06	 2.63714867182051464504e-06	 2.63723041484957524148e-06	 
 -3.80000000000000004441e-01	 1.06582163146203342876e-06	 1.06100752452364261140e-06	 1.06592100901380612000e-06	 1.78447820350413963305e-04	 1.78461987109039592553e-04	 1.77129611214701129882e-04	 1.97319844703420680743e-04	 6.12739770757540666265e-05	 6.65087307774382447030e-05	 1.77373196201158385421e-04	 2.49470278996103328245e-06	 2.68584894611878331541e-06	 2.68576627704276853540e-06	 2.68584949691801489461e-06	 
 -3.59999999999999931166e-01	 1.08510124533276193443e-06	 1.08020738899698590025e-06	 1.08520879920674004181e-06	 1.81336903257566412232e-04	 1.81350417517411990941e-04	 1.80003580987076296834e-04	 2.00550382658993680282e-04	 6.22999085787662268713e-05	 6.76370035154969244558e-05	 1.80242244225275961757e-04	 2.54026733112978305142e-06	 2.73433778094057508944e-06	 2.73425370088512528029e-06	 2.73433839464415284287e-06	 
 -3.39999999999999968914e-01	 1.10430544401185720091e-06	 1.09933214369314275998e-06	 1.10442107847737356001e-06	 1.84181134905971082482e-04	 1.84193910520371369882e-04	 1.82832813884798654324e-04	 2.03732487620959161565e-04	 6.33213697760446491856e-05	 6.87614344972914458363e-05	 1.83066453938776120287e-04	 2.58575943562824624568e-06	 2.78262082609010757354e-06	 2.78253534902815394237e-06	 2.78262151129664792525e-06	 
 -3.20000000000000006661e-01	 1.12340292243337437475e-06	 1.11835049307494255726e-06	 1.12352641986925182197e-06	 1.86973593311806206719e-04	 1.86985546692553504002e-04	 1.85610414071015573457e-04	 2.06858363986019470025e-04	 6.43371686701323087197e-05	 6.98807741622531309548e-05	 1.85838951203676715739e-04	 2.63111645208029285915e-06	 2.83061759520974318073e-06	 2.83053073699614880765e-06	 2.83061835947435099805e-06	 
 -2.99999999999999933387e-01	 1.14236052803578717135e-06	 1.13722926942512696942e-06	 1.14249139696767668718e-06	 1.89707118191293644003e-04	 1.89718084553093112483e-04	 1.88329229866394384308e-04	 2.09919887858594676148e-04	 6.53460802226971045363e-05	 7.09937335181048609356e-05	 1.88552600946158022696e-04	 2.67627165985017745610e-06	 2.87824265784381790146e-06	 2.87815443669530618396e-06	 2.87824350752004200546e-06	 
 -2.80000000000000026645e-01	 1.16114257373052901453e-06	 1.15593275213795289994e-06	 1.16127999667526447794e-06	 1.92374163091817813268e-04	 1.92383883661235348481e-04	 1.90981723025052487798e-04	 2.12908473030587317614e-04	 6.63468328952168440215e-05	 7.20989718083907851721e-05	 1.91199883165301846378e-04	 2.72115299563754618433e-06	 2.92540405132287705591e-06	 2.92531448788786279909e-06	 2.92540499122196199580e-06	 
 -2.59999999999999953371e-01	 1.17971127592873312608e-06	 1.17442311512055377982e-06	 1.17985394045511622108e-06	 1.94966905285609066372e-04	 1.94975135035305673472e-04	 1.93560112030333018743e-04	 2.15815280160088141708e-04	 6.73381144075067681514e-05	 7.31951040722227970611e-05	 1.93773064441086611534e-04	 2.76568372738407183703e-06	 2.97200456520570536583e-06	 2.97191368298805901318e-06	 2.97200559900326803051e-06	 
 -2.39999999999999907851e-01	 1.19802677283016696440e-06	 1.19266044613752545084e-06	 1.19817265677638715797e-06	 1.97477275401825442787e-04	 1.97483932098025262002e-04	 1.96056413364299151085e-04	 2.18631278240846434018e-04	 6.83185730800702205887e-05	 7.42807027003718493754e-05	 1.96264249065189320302e-04	 2.80978235488231093699e-06	 3.01794184745386715989e-06	 3.01784967335452502390e-06	 3.01794297831869253338e-06	 
 -2.19999999999999945599e-01	 1.21604636304982780046e-06	 1.21060197191006633725e-06	 1.21619261300097037136e-06	 1.99896824021371860092e-04	 1.99902014493197479434e-04	 1.98462274642773744970e-04	 2.21347004268585397175e-04	 6.92868104045349966465e-05	 7.53542871580743615911e-05	 1.98665183941394420065e-04	 2.85336113185815427968e-06	 3.06310630961731746825e-06	 3.06301287414946028632e-06	 3.06310754007899533214e-06	 
 -1.99999999999999983347e-01	 1.23372493985165487015e-06	 1.22820269925570770243e-06	 1.23386819325279622197e-06	 2.02217009455246026287e-04	 2.02220931587520150186e-04	 2.00769202312527219939e-04	 2.23952791333801031100e-04	 7.02413984130130102145e-05	 7.64143407910059739140e-05	 2.00967477806858479819e-04	 2.89632745223567862302e-06	 3.10738276108890259879e-06	 3.10728809856162276935e-06	 3.10738409326310865006e-06	 
 -1.79999999999999993339e-01	 1.25101500554813373507e-06	 1.24541549702398137044e-06	 1.25115185156234466529e-06	 2.04429288431814840197e-04	 2.04432092344023348370e-04	 2.02968632549661804959e-04	 2.26438838188622299343e-04	 7.11808851647210543432e-05	 7.74593156691228041950e-05	 2.03162669689825679375e-04	 2.93858396185305817240e-06	 3.15065063249037133019e-06	 3.15055478118919977419e-06	 3.15065206841080118201e-06	 
 -1.59999999999999920064e-01	 1.26786591285337571928e-06	 1.26219014051214362857e-06	 1.26799291769969347926e-06	 2.06524808637659115220e-04	 2.06526588800255033775e-04	 2.05051686828078635763e-04	 2.28794960759129498975e-04	 7.21037769438361957888e-05	 7.84876140409195336388e-05	 2.05241994434815169411e-04	 2.98002637958476267245e-06	 3.19278156706853459998e-06	 3.19268456948815925153e-06	 3.19278310865775737801e-06	 
 -1.39999999999999902300e-01	 1.28422501148687105760e-06	 1.27847436710587742263e-06	 1.28433896574925879835e-06	 2.08494716719411562079e-04	 2.08495491694173605557e-04	 2.07009495707193306915e-04	 2.31010904806750301749e-04	 7.30085641443739731407e-05	 7.94976096319292222783e-05	 2.07196657381526831406e-04	 3.02054492533067651968e-06	 3.23364214425872688685e-06	 3.23354404692821972649e-06	 3.23364379345296504081e-06	 
 -1.20000000000000009437e-01	 1.30003789104472202851e-06	 1.29421409404153819920e-06	 1.30013613192384839473e-06	 2.10330255005617805086e-04	 2.10329942992398697061e-04	 2.08833300512560105823e-04	 2.33076442857167362693e-04	 7.38937299290033135224e-05	 8.04876542420854241373e-05	 2.09017920353509449203e-04	 3.06002443584609924723e-06	 3.27309446214806864009e-06	 3.27299531533098775064e-06	 3.27309622106856033233e-06	 
 -1.00000000000000005551e-01	 1.31524695047552956621e-06	 1.30935208363234698806e-06	 1.31532747666832706345e-06	 2.12022442157206597330e-04	 2.12020848816745914643e-04	 2.10514116791333979724e-04	 2.34981047082461185632e-04	 7.47577256140111401318e-05	 8.14560561726409751828e-05	 2.10696817612041591020e-04	 3.09834214233547780494e-06	 3.31099273382905418827e-06	 3.31089259163212316410e-06	 3.31099460480095356338e-06	 
 -8.00000000000000155431e-02	 1.32979316986617510357e-06	 1.32382956118136003625e-06	 1.32985450941445407942e-06	 2.13562519666623276899e-04	 2.13559359584412070858e-04	 2.12043122397161527522e-04	 2.36714334714288794116e-04	 7.55989711360676569767e-05	 8.24010880848682019219e-05	 2.12224559633372527288e-04	 3.13537080947978695703e-06	 3.34718744266565215324e-06	 3.34708636251623098087e-06	 3.34718942683303179002e-06	 
 -5.99999999999999630851e-02	 1.34361655367807353818e-06	 1.33758661247954605581e-06	 1.34365756323891162822e-06	 2.14942087853825834027e-04	 2.14937016448987658302e-04	 2.13411775200932546164e-04	 2.38266202923265673188e-04	 7.64158562161181399795e-05	 8.33209897126615113257e-05	 2.13592655814346537874e-04	 3.17097937065757256228e-06	 3.38152638395374325063e-06	 3.38142442587768825193e-06	 3.38152847945791047203e-06	 
 -3.99999999999999383826e-02	 1.35665412253327234159e-06	 1.35056033050560786035e-06	 1.35667404494206998106e-06	 2.16152642458837621628e-04	 2.16145250967320680944e-04	 2.14611412531523287287e-04	 2.39626365903560542385e-04	 7.72067427724547680886e-05	 8.42139606626602759678e-05	 2.14792496783952028151e-04	 3.20502909192186702261e-06	 3.41384993901029931549e-06	 3.41374716552627672931e-06	 3.41385214053896502006e-06	 
 -2.00000000000000281719e-02	 1.36884203828832509342e-06	 1.36268702779159670237e-06	 1.36884036008368855193e-06	 2.17185951913680043868e-04	 2.17175836515741773648e-04	 2.15633757597150337981e-04	 2.40784897576702000294e-04	 7.79699703825065791336e-05	 8.50781437160786030514e-05	 2.15815843433614514783e-04	 3.23737733276726918325e-06	 3.44399671684452692149e-06	 3.44389319329202429486e-06	 3.44399901584913009720e-06	 
 -4.82163733276643543166e-17	 1.38011615538790739518e-06	 1.37390281298189109809e-06	 1.38009240809976514712e-06	 2.18034162782783353220e-04	 2.18021015894195836163e-04	 2.16471063617701934981e-04	 2.41732386264267569247e-04	 7.87038591888402136844e-05	 8.59116202952431735071e-05	 2.16654966047186327152e-04	 3.26787836912799840115e-06	 3.47180504271917483123e-06	 3.47170083770126674025e-06	 3.47180742780412595846e-06	 
 2.00000000000001253164e-02	 1.39040968986223925772e-06	 1.38414117067718257955e-06	 1.39036345881989280830e-06	 2.18689410906054942756e-04	 2.18673030425994851817e-04	 2.17115581758222254277e-04	 2.42459364263084557094e-04	 7.94067080397722440928e-05	 8.67124286319794168555e-05	 2.17302131456212019051e-04	 3.29637900034392497618e-06	 3.49710681168484835088e-06	 3.49700199705692874494e-06	 3.49710926827979499094e-06	 
 4.00000000000001187939e-02	 1.39965610809578284754e-06	 1.39333592926984464355e-06	 1.39958706916042434424e-06	 2.19144377353340118241e-04	 2.19124778694903572926e-04	 2.17560073725615019981e-04	 2.42956990444908037556e-04	 8.00767891010102802161e-05	 8.74785432670613605178e-05	 2.17750138500142677040e-04	 3.32272354853755870987e-06	 3.51973515023775936861e-06	 3.51962980201764162629e-06	 3.51973766272687537429e-06	 
 6.00000000000000255351e-02	 1.40778988456189480150e-06	 1.40142204155469186417e-06	 1.40769784926313270895e-06	 2.19392431672494952685e-04	 2.19369988394756658271e-04	 2.17797941846166123606e-04	 2.43217228473680620489e-04	 8.07123478493180032288e-05	 8.82078694210386258937e-05	 2.17992455049188782728e-04	 3.34675502050245420046e-06	 3.53952644861211933471e-06	 3.53942064814654039256e-06	 3.53952900314629531620e-06	 
 7.99999999999999322764e-02	 1.41474339352960708635e-06	 1.40833239531246009575e-06	 1.41462832594453397765e-06	 2.19427034817733289471e-04	 2.19402503063506403936e-04	 2.17822680523967258763e-04	 2.43232109501708419113e-04	 8.13116128431199010600e-05	 8.88982639985873019772e-05	 2.18022643733126192259e-04	 3.36830950438362648053e-06	 3.55631214571851693150e-06	 3.55620597989752301708e-06	 3.55631473047538243057e-06	 
 9.99999999999999500400e-02	 1.42045082186031993386e-06	 1.41400180335978720839e-06	 1.42031309887511278326e-06	 2.19242581378011351569e-04	 2.19216889169938575210e-04	 2.17628625880837429495e-04	 2.42994598528705504741e-04	 8.18728061711962646404e-05	 8.95475412746350865134e-05	 2.17835118756503346620e-04	 3.38722467804963686658e-06	 3.56992887194354824816e-06	 3.56982243289260687402e-06	 3.56993147744873862956e-06	 
 1.20000000000000023315e-01	 1.42484917023297869893e-06	 1.41836802646580131189e-06	 1.42468990805711110848e-06	 2.18834598729048570827e-04	 2.18808569276592197999e-04	 2.17211129302294624630e-04	 2.42498797112717203502e-04	 8.23941477960319344255e-05	 9.01534740489053434704e-05	 2.17425321674943070136e-04	 3.40334187987327706592e-06	 3.58022105903667386991e-06	 3.58011444367255116596e-06	 3.58022367850731107532e-06	 
 1.40000000000000041078e-01	 1.42787403238193006935e-06	 1.42136747134451149987e-06	 1.42769515531556594289e-06	 2.18198804042146299147e-04	 2.18173149230994884275e-04	 2.16565720642234902597e-04	 2.41738974830614175441e-04	 8.28738491447546238430e-05	 9.07137875564312403222e-05	 2.16788876424392625789e-04	 3.41649690441381669528e-06	 3.58702999934797108991e-06	 3.58692330949360979985e-06	 3.58703262897310947051e-06	 
 1.59999999999999975575e-01	 1.42946568336570579833e-06	 1.42294066653108445893e-06	 1.42926931190335976635e-06	 2.17331932246189258240e-04	 2.17307161808308097091e-04	 2.15689022595117564163e-04	 2.40710745818803028683e-04	 8.33100875960971648006e-05	 9.12261334755411093609e-05	 2.15922549904299217400e-04	 3.42653081719385409513e-06	 3.59020762803581476041e-06	 3.59010097000090681966e-06	 3.59021026613716610440e-06	 
 1.79999999999999937828e-01	 1.42957056878151940034e-06	 1.42303359498460281618e-06	 1.42935823349995932264e-06	 2.16231896854163766668e-04	 2.16208207183308690836e-04	 2.14578934638869815808e-04	 2.39411314890526389244e-04	 8.37010013939501175623e-05	 9.16880824113226462584e-05	 2.14824448015586694357e-04	 3.43329252358601201626e-06	 3.58961987518613093878e-06	 3.58951335921568504976e-06	 3.58962252109215354954e-06	 
 2.00000000000000094369e-01	 1.42813462325024916615e-06	 1.42159167927119947746e-06	 1.42790721944172382024e-06	 2.14896835188781859527e-04	 2.14874098072900836980e-04	 2.13233576570002363645e-04	 2.37838113844036637108e-04	 8.40447201803726641305e-05	 9.20971488943262941084e-05	 2.13492904807081060672e-04	 3.43662699961292580141e-06	 3.58513150010998522720e-06	 3.58502524041788842230e-06	 3.58513415423707584292e-06	 
 2.20000000000000001110e-01	 1.42510979638365349693e-06	 1.41856662475248068315e-06	 1.42486791336367812188e-06	 2.13326160463843151087e-04	 2.13303979826693441892e-04	 2.11652287048337057378e-04	 2.35990042792196783343e-04	 8.43392611391456333871e-05	 9.24506972002849967875e-05	 2.11927514206432281640e-04	 3.43638888305202926338e-06	 3.57662364454442914757e-06	 3.57651775743218788384e-06	 3.57662630709664478151e-06	 
 2.39999999999999963363e-01	 1.42045550839016069949e-06	 1.41391795422883170856e-06	 1.42019985141740276242e-06	 2.11520738462280780308e-04	 2.11498526896711523454e-04	 2.09835786486008710541e-04	 2.33867680256980074683e-04	 8.45825046094306811370e-05	 9.27459163910242825836e-05	 2.10129300256328975819e-04	 3.43244553312396904541e-06	 3.56399776017980054904e-06	 3.56389236170030694910e-06	 3.56400042951142437083e-06	 
 2.59999999999999953371e-01	 1.41413126599522639780e-06	 1.40760527209657694084e-06	 1.41386266198760113578e-06	 2.09481635167476444625e-04	 2.09458610481744298033e-04	 2.07784988138985649269e-04	 2.31471799685744618856e-04	 8.47723044446941395146e-05	 9.29799133490690838310e-05	 2.08099488162984212064e-04	 3.42466195145903187558e-06	 3.54715572106054665262e-06	 3.54705092683063053698e-06	 3.54715839357717402179e-06	 
 2.80000000000000082157e-01	 1.40610503452566358588e-06	 1.39959688603428158648e-06	 1.40582443997435108521e-06	 2.07211321219479162456e-04	 2.07186637904158686176e-04	 2.05502324693917706603e-04	 2.28804860139093888417e-04	 8.49064477815952942542e-05	 9.31496891563716707466e-05	 2.05840537598449231432e-04	 3.41291966615072564536e-06	 3.52602177313531170400e-06	 3.52591769789122362955e-06	 3.52602444368161507698e-06	 
 2.99999999999999988898e-01	 1.39635492133968831308e-06	 1.38987154814025229237e-06	 1.39606343020276292904e-06	 2.04713834361364209295e-04	 2.04686747927334525190e-04	 2.02991938993665423834e-04	 2.25871215307864872885e-04	 8.49826449558261390283e-05	 9.32521291463387182793e-05	 2.03356264851251765597e-04	 3.39712069555136238720e-06	 3.50054694102270864530e-06	 3.50044369814668396846e-06	 3.50054960338891499698e-06	 
 3.20000000000000006661e-01	 1.38485939909422295699e-06	 1.37840839015856938758e-06	 1.38455824726786008625e-06	 2.01993309291065065072e-04	 2.01963175478805251079e-04	 2.00258063154575623611e-04	 2.22675285712503791139e-04	 8.49985694725925917427e-05	 9.32840175223962638331e-05	 2.00650582282683575402e-04	 3.37716607565452682426e-06	 3.47068333438502726735e-06	 3.47058103576665861434e-06	 3.47068598127076291326e-06	 
 3.39999999999999968914e-01	 1.37160805067145159863e-06	 1.36519772012764475168e-06	 1.37129930924711427747e-06	 1.99055234753579325408e-04	 1.99021621357402234663e-04	 1.97306324631759907352e-04	 2.19223219262021081031e-04	 8.49519003028875187809e-05	 9.32419764643814769165e-05	 1.97728916063318478072e-04	 3.35298003029508309242e-06	 3.43641152517849866546e-06	 3.43631027849550140305e-06	 3.43641414669586901516e-06	 
 3.59999999999999931166e-01	 1.35660348051678981832e-06	 1.35024294231270034834e-06	 1.35629089625170499711e-06	 1.95906571665806927439e-04	 1.95869393074316793316e-04	 1.94143871847669011784e-04	 2.15523067837504022758e-04	 8.48403279003232208087e-05	 9.31224454863203255717e-05	 1.94598362192180933264e-04	 3.32451456872167631514e-06	 3.39774537082261736265e-06	 3.39764527631112134588e-06	 3.39774795269015945798e-06	 
 3.80000000000000059952e-01	 1.33984837162994739309e-06	 1.33354754695549055834e-06	 1.33953738873286787853e-06	 1.92554192008515586559e-04	 1.92513702284537901359e-04	 1.90777750280959640817e-04	 2.11582713314550528369e-04	 8.46615019006065192735e-05	 9.29217300071772663939e-05	 1.91265924910632301040e-04	 3.29172112856584400849e-06	 3.35469893614055897130e-06	 3.35460008645778502096e-06	 3.35470145961320117897e-06	 
 4.00000000000000077716e-01	 1.32135935157887882966e-06	 1.31512822260172395401e-06	 1.32105574446425041241e-06	 1.89006524361002968158e-04	 1.88963228881215683768e-04	 1.87216524982771045579e-04	 2.07412034611182245986e-04	 8.44129342722510522291e-05	 9.26361413645340503768e-05	 1.87740104216621269198e-04	 3.25458035470200293784e-06	 3.30731991272511811542e-06	 3.30722239257178131811e-06	 3.30732235707793060310e-06	 
 4.19999999999999984457e-01	 1.30116914269479064180e-06	 1.29501685057726250274e-06	 1.30087735671381449406e-06	 1.85273694448470285919e-04	 1.85228240592389472056e-04	 1.83470412013460163793e-04	 2.03023112369780483729e-04	 8.40919738022849217471e-05	 9.22620129860985706532e-05	 1.84031023660469471607e-04	 3.21310708881700062836e-06	 3.25569464968079212507e-06	 3.25559853547038713628e-06	 3.25569699523616699490e-06	 
 4.39999999999999946709e-01	 1.27930939061112150923e-06	 1.27324424599934368999e-06	 1.27903256347437785601e-06	 1.81365457884130170654e-04	 1.81318629803110895754e-04	 1.79549239332368767942e-04	 1.98427489437996278651e-04	 8.36958944288156706437e-05	 9.17955266457010863592e-05	 1.80148437155850022796e-04	 3.16731428691886736335e-06	 3.19990662905623522418e-06	 3.19981198895272669333e-06	 3.19990885714041720537e-06	 
 4.60000000000000131006e-01	 1.25582656056762272318e-06	 1.24985620236747977490e-06	 1.25556628410159184053e-06	 1.77293040758201607887e-04	 1.77245771589803552881e-04	 1.75464252538848949209e-04	 1.93638682802671518350e-04	 8.32219888452174279443e-05	 9.12330544202903079331e-05	 1.76103574256945670387e-04	 3.11727184117734585080e-06	 3.14007705391815607492e-06	 3.13998395287958423729e-06	 3.14007914801090975520e-06	 
 4.80000000000000037748e-01	 1.23078395204103657854e-06	 1.22491554380322489765e-06	 1.23053999821311682355e-06	 1.73069249656006919668e-04	 1.73022635038104266635e-04	 1.71228214555336382460e-04	 1.88672363566007945859e-04	 8.26675749516273775542e-05	 9.05712056319582628537e-05	 1.71909251759086488878e-04	 3.06311602172879174114e-06	 3.07636995667723138638e-06	 3.07627846254846494547e-06	 3.07637190377049645897e-06	 
 5.00000000000000000000e-01	 1.20424154328826678000e-06	 1.19848178869906862276e-06	 1.20401192618658832653e-06	 1.68706153818617450709e-04	 1.68661443776365336036e-04	 1.66853132746549656651e-04	 1.83543169110377679806e-04	 8.20298676178470839498e-05	 8.98064219276285781099e-05	 1.67577550018301410116e-04	 3.00497676746981500723e-06	 3.00894067977159955193e-06	 3.00885086315094154273e-06	 3.00894247022016695368e-06	 
 5.20000000000000128786e-01	 1.17627522874275048214e-06	 1.17063064421081744906e-06	 1.17605764969705989327e-06	 1.64217298995208613697e-04	 1.64175681115938816015e-04	 1.62352455376332609725e-04	 1.78267283268476620182e-04	 8.13063301294700632596e-05	 8.89357266009176047330e-05	 1.63121792284743276748e-04	 2.94300944797811393574e-06	 2.93798521315023199876e-06	 2.93789714759994093302e-06	 2.93798684184201987674e-06	 
 5.40000000000000035527e-01	 1.14697882633669924338e-06	 1.14145606490265153388e-06	 1.14677237773339335050e-06	 1.59617815542039662201e-04	 1.59580159709375729452e-04	 1.57741173940635691451e-04	 1.72862535212319151732e-04	 8.04947179110109857503e-05	 8.79568312973811884366e-05	 1.58556612743994803033e-04	 2.87739768793731982803e-06	 2.86374531350031837594e-06	 2.86365907582692447863e-06	 2.86374678121547668534e-06	 
 5.60000000000000053291e-01	 1.11643935745049230942e-06	 1.11104519997477693847e-06	 1.11624444651790122539e-06	 1.54921636789186949017e-04	 1.54888518913119747336e-04	 1.53033064027316770273e-04	 1.67345164068705945688e-04	 7.95926508565687198474e-05	 8.68672587158257744535e-05	 1.53895486270969240493e-04	 2.80831240365983873244e-06	 2.78644505716213860608e-06	 2.78636072720149438202e-06	 2.78644637021714153589e-06	 
 5.79999999999999849010e-01	 1.08476054608899478952e-06	 1.07950135527595310702e-06	 1.08457897954789928173e-06	 1.50143746453930529471e-04	 1.50115483797059714099e-04	 1.48242913052938602532e-04	 1.61733204889801635788e-04	 7.85982577482778214722e-05	 8.56655144214424422566e-05	 1.49153147996908280347e-04	 2.73597026584165785071e-06	 2.70634876483098770861e-06	 2.70626642079204905727e-06	 2.70634993266046684906e-06	 
 5.99999999999999977796e-01	 1.05206484009455936320e-06	 1.04694592928018700172e-06	 1.05189992091577683455e-06	 1.45300222283964057058e-04	 1.45276914528005797120e-04	 1.43386558438625080379e-04	 1.56046637409638786409e-04	 7.75102546540610301638e-05	 8.43512431624443553965e-05	 1.44345671580644409121e-04	 2.66063969872061137093e-06	 2.62376577583648253820e-06	 2.62368548893830186056e-06	 2.62376680817719554393e-06	 
 6.20000000000000106581e-01	 1.01846306435803799413e-06	 1.01348877799617762387e-06	 1.01831947763567904730e-06	 1.40405476473216698011e-04	 1.40387026952017721429e-04	 1.38478153695365040167e-04	 1.50303143320546119107e-04	 7.63271628043429671692e-05	 8.29238291907553025113e-05	 1.39487469793882494680e-04	 2.58256541585120761643e-06	 2.53897571112146774828e-06	 2.53889754607756592598e-06	 2.53897661795088675553e-06	 
 6.39999999999999902300e-01	 9.84080703689510882427e-07	 9.79254281451468509967e-07	 9.83963238301563711496e-07	 1.35474608643369059686e-04	 1.35460953490253529661e-04	 1.33532735919760279066e-04	 1.44522041113785373228e-04	 7.50485271841483495307e-05	 8.13840621634425982842e-05	 1.34593748928450306253e-04	 2.50203484414920666746e-06	 2.45229444192830900158e-06	 2.45221845483614754273e-06	 2.45229523282392448342e-06	 
 6.60000000000000031086e-01	 9.49059597331286996812e-07	 9.44383019677026588518e-07	 9.48971682226813208738e-07	 1.30523410448291196564e-04	 1.30514780795788841016e-04	 1.28566259603648353968e-04	 1.38724422530073167228e-04	 7.36750612878546353324e-05	 7.97343393390685965458e-05	 1.29680529629278576626e-04	 2.41938346090557118966e-06	 2.36407824183734342204e-06	 2.36400447779379373054e-06	 2.36407892523599528586e-06	 
 6.80000000000000159872e-01	 9.13524295995396121057e-07	 9.08998409902894081140e-07	 9.13468149501905980181e-07	 1.25565566690840610181e-04	 1.25562460331439133604e-04	 1.23592500799735128484e-04	 1.32928303779156274482e-04	 7.22071635159721603864e-05	 7.79766229667761738651e-05	 1.24761708037684262420e-04	 2.33490893832367701812e-06	 2.27463944220889095668e-06	 2.27456793634004131934e-06	 2.27464002547466035250e-06	 
 6.99999999999999955591e-01	 8.77611297406471392900e-07	 8.73236024729959103303e-07	 8.77587697183858687981e-07	 1.20615582142688461571e-04	 1.20618654920519471040e-04	 1.18626060799267637612e-04	 1.27152481722735084596e-04	 7.06467166970198610183e-05	 7.61147142709823229349e-05	 1.19851799314913074206e-04	 2.24894602121604946136e-06	 2.18432041319964124874e-06	 2.18425119354649493805e-06	 2.18432090613694385840e-06	 
 7.20000000000000084377e-01	 8.41470444102786335976e-07	 8.37245016607647283953e-07	 8.41478460647487245203e-07	 1.15688820397456939909e-04	 1.15698764365360681327e-04	 1.13682407659599884120e-04	 1.21416573376627228505e-04	 6.89972830606470010576e-05	 7.41544999544277194962e-05	 1.14965951498253879598e-04	 2.16187116956108132159e-06	 2.09349705773076853375e-06	 2.09343014852364744764e-06	 2.09349747654703685482e-06	 
 7.39999999999999991118e-01	 8.05228327790760932900e-07	 8.01151372189642045602e-07	 8.05265558659558976846e-07	 1.10798043000811860374e-04	 1.10815585169640582917e-04	 1.08774319105826153460e-04	 1.15736524952200244129e-04	 6.72618663566383850720e-05	 7.21010915743822253417e-05	 1.10116747095990758377e-04	 2.07400705555883997801e-06	 2.00248627767138962874e-06	 2.00242169972162138369e-06	 2.00248664411399976442e-06	 
 7.60000000000000008882e-01	 7.69020557609039448718e-07	 7.65089941064382155401e-07	 7.69083247715715074968e-07	 1.05956551495001155680e-04	 1.05982151481706223330e-04	 1.03915079967674514778e-04	 1.10128999950354791271e-04	 6.54450437038975779734e-05	 6.99616825493272145474e-05	 1.05317136144043814309e-04	 1.98570574226202008382e-06	 1.91162758977189780422e-06	 1.91156535923184208613e-06	 1.91162792709718625409e-06	 
 7.80000000000000137668e-01	 7.32992914105666549701e-07	 7.29205572883692037805e-07	 7.33076081039605005999e-07	 1.01178206726152932404e-04	 1.01211719080437491749e-04	 9.91184998901621915632e-05	 1.04611427814298992922e-04	 6.35531648802196589762e-05	 6.77458169882465141782e-05	 1.00580434511823036130e-04	 1.89735263540933847453e-06	 1.82128599938570742800e-06	 1.82122612639722090424e-06	 1.82128632788517218308e-06	 
 7.99999999999999933387e-01	 6.97262294289480069006e-07	 6.93614374947120120330e-07	 6.97359947830953362070e-07	 9.64738573261862220141e-05	 9.65146237653772453213e-05	 9.43952817599354176981e-05	 9.91970192449661137928e-05	 6.15916411972834064404e-05	 6.54617211315666676667e-05	 9.59170399575188712109e-05	 1.80926329929721596551e-06	 1.73175335705518650633e-06	 1.73169584657691101142e-06	 1.73175369440839231510e-06	 
 8.20000000000000062172e-01	 6.61952318933140740970e-07	 6.58439136313902682108e-07	 6.62058105463823855210e-07	 9.18545927170849450154e-05	 9.19015218213918555880e-05	 8.97563428876487883748e-05	 9.38996960284688186090e-05	 5.95675156416344874291e-05	 6.31193901386597984232e-05	 9.13376581862873561553e-05	 1.72177230179330900957e-06	 1.64333573455895347513e-06	 1.64328058327167711462e-06	 1.64333609457561104866e-06	 
 8.39999999999999857891e-01	 6.27194330189094047677e-07	 6.23810320018506844243e-07	 6.27302236097176354818e-07	 8.73317399813109350969e-05	 8.73833903686841551679e-05	 8.52128109860026604306e-05	 8.87341463559775025377e-05	 5.74896703462919689905e-05	 6.07308283256769189102e-05	 8.68533030093867231426e-05	 1.63523632554755193526e-06	 1.55635563533302364544e-06	 1.55630282823845218338e-06	 1.55635602652994550683e-06	 
 8.60000000000000097700e-01	 5.93085986277367579098e-07	 5.89824868501385853727e-07	 5.93190326910765557012e-07	 8.29133584857863004461e-05	 8.29680074047878653122e-05	 8.07724443681627279424e-05	 8.37103750930161868288e-05	 5.53655270915541828465e-05	 5.83060762179433069862e-05	 8.24717967466828883643e-05	 1.54992891492954352575e-06	 1.47105138338032384953e-06	 1.47100089585860293500e-06	 1.47105180985682970855e-06	 
 8.80000000000000115463e-01	 5.59727980449889348683e-07	 5.56583976540502624375e-07	 5.59823363385300957148e-07	 7.86075829065879084319e-05	 7.86636253219616805562e-05	 7.64434087850995744534e-05	 7.88386388716194998292e-05	 5.32042097145559160932e-05	 5.58564454844170642516e-05	 7.82011635064344310352e-05	 1.46613553017919210565e-06	 1.38767153739824614682e-06	 1.38762333401928503887e-06	 1.38767199973608966659e-06	 
 8.99999999999999911182e-01	 5.27224718571334410668e-07	 5.24193871901937302513e-07	 5.27306011494202654082e-07	 7.44226036616123693161e-05	 7.44789831679747003522e-05	 7.22342875805853217855e-05	 7.41294559193577626841e-05	 5.10167662041018885608e-05	 5.33947255068632897616e-05	 7.40496187210310831406e-05	 1.38415608975481972802e-06	 1.30647673230831934465e-06	 1.30643076548596588522e-06	 1.30647722848887256934e-06	 
 9.20000000000000039968e-01	 4.95644310688543316134e-07	 4.92724135450764092970e-07	 4.95706631802255388839e-07	 7.03632567424363153342e-05	 7.04193797980922454394e-05	 6.81500622022444704860e-05	 6.95885386267380449477e-05	 4.88121159018479059744e-05	 5.09311205878964094241e-05	 7.00220518204399896851e-05	 1.30419807241097989578e-06	 1.22763592709839568352e-06	 1.22759213977390697804e-06	 1.22763645305997067138e-06	 
 9.39999999999999835687e-01	 4.65055932575885177591e-07	 4.62246436339414719971e-07	 4.65097135796516417412e-07	 6.64347200431043724512e-05	 6.64902938455864760646e-05	 6.41962358224225907886e-05	 6.52218259918619080182e-05	 4.66004928013085843513e-05	 4.84767520565527155964e-05	 6.61235864206564092661e-05	 1.22647437708933883379e-06	 1.15132365582228353054e-06	 1.15128198803991852691e-06	 1.15132420619334863699e-06	 
 9.60000000000000075495e-01	 4.35530220914107885192e-07	 4.32835025307304620989e-07	 4.35553560899826713291e-07	 6.26424970102727279820e-05	 6.26973632895751393536e-05	 6.03788380988182273056e-05	 6.10354649634892881295e-05	 4.43936517349652578807e-05	 4.60438461894639369798e-05	 6.23595581858269907768e-05	 1.15120512810127279960e-06	 1.07772119255289977793e-06	 1.07768158842312640418e-06	 1.07772176140526664624e-06	 
 9.80000000000000093259e-01	 4.07101248143078224580e-07	 4.04526744105419951432e-07	 4.07114188044369963606e-07	 5.89886820088907261198e-05	 5.90427963808069368565e-05	 5.67001473587192304305e-05	 5.70309142998320396656e-05	 4.22005759140257948200e-05	 4.36415092008915530002e-05	 5.87319652465244774987e-05	 1.07851473329119373169e-06	 1.00691628490678946680e-06	 1.00687869224951837707e-06	 1.00691686596779711069e-06	 
 9.99999999999999888978e-01	 3.79808340990678483334e-07	 3.77361007787215254452e-07	 3.79820177681701038809e-07	 5.54756592391321149619e-05	 5.55290651903984588370e-05	 5.31630932300496559443e-05	 5.32099386910488323884e-05	 4.00306856897454969250e-05	 4.12793417061609480695e-05	 5.52434057365666243548e-05	 1.00853368175859365902e-06	 9.39003392817002505947e-07	 9.38967756580029166122e-07	 9.39003974067643991954e-07	 
 1.02000000000000001776e+00	 3.53696388488834331568e-07	 3.51380017701080299049e-07	 3.53715821764436595583e-07	 5.21060575992826963327e-05	 5.21588610737709653504e-05	 4.97712419955255623506e-05	 4.95745483062273292123e-05	 3.78940019112383253211e-05	 3.89675996276104310819e-05	 5.18970482914433146166e-05	 9.41399663239284631338e-07	 8.74084144625332661181e-07	 8.74050400080799839338e-07	 8.74084702610208053313e-07	 
 1.04000000000000003553e+00	 3.28773256211308466454e-07	 3.26589504511546293954e-07	 3.28808411197869328977e-07	 4.88792230971370073316e-05	 4.89315838986080831378e-05	 4.65243581658346410821e-05	 4.61224050000906234722e-05	 3.57974689935261264264e-05	 3.67131072205939746516e-05	 4.86927009845721130220e-05	 8.77155825084181307521e-07	 8.12169088041438254447e-07	 8.12137163808044812103e-07	 8.12169590865207251104e-07	 
 1.06000000000000005329e+00	 3.05051940210294449627e-07	 3.02999581887026417333e-07	 3.05107955180835396908e-07	 4.57950625541449332688e-05	 4.58472940016840311401e-05	 4.34227324513628251180e-05	 4.28517366593314356655e-05	 3.37485284752574952192e-05	 3.45227912069783176695e-05	 4.56305378884596862864e-05	 8.15853855101109050231e-07	 7.53279740917391675392e-07	 7.53249567077841337955e-07	 7.53280160210261824847e-07	 
 1.08000000000000007105e+00	 2.82550464464971154043e-07	 2.80624571850666181364e-07	 2.82626974055615248785e-07	 4.28539684665147586136e-05	 4.29066414350559480022e-05	 4.04671235703057049766e-05	 3.97612238085371879921e-05	 3.17552667520159669513e-05	 3.24038043284334819358e-05	 4.27110259699971537900e-05	 7.57554073173774852773e-07	 6.97448064305911514191e-07	 6.97419580737242196883e-07	 6.97448387466019065320e-07	 
 1.09999999999999986677e+00	 2.61251464077123412188e-07	 2.59444425451531780795e-07	 2.61344040728541005652e-07	 4.00532089340411540210e-05	 4.01070936821453888051e-05	 3.76546857215068889245e-05	 3.68456549662745654972e-05	 2.98224655506830500101e-05	 3.03598818486361995278e-05	 3.99315246693925481524e-05	 7.02227650989776482238e-07	 6.44620429721272303542e-07	 6.44593584429573878744e-07	 6.44620655983868795356e-07	 
 1.11999999999999988454e+00	 2.41142998306849302194e-07	 2.39446100803995869226e-07	 2.41244954825209652102e-07	 3.73910344479335820123e-05	 3.74467382369516384611e-05	 3.49837810264537639655e-05	 3.41008815689161423200e-05	 2.79550639182599018932e-05	 2.83948718035526916656e-05	 3.72899555251514019743e-05	 6.49859401736740067287e-07	 5.94760998761743804054e-07	 5.94735745208938636916e-07	 5.94761137329915476820e-07	 
 1.14000000000000012434e+00	 2.22217897688722603863e-07	 2.20622877558609050474e-07	 2.22322026323225878959e-07	 3.48665640455654774529e-05	 3.49241661041665537777e-05	 3.24538796381981196068e-05	 3.15236427016792668753e-05	 2.61582680835031632690e-05	 2.65128127877366607265e-05	 3.47846821845181078067e-05	 6.00446518199198513490e-07	 5.47849918549666565355e-07	 5.47826213158937556551e-07	 5.47849986981257309584e-07	 
 1.15999999999999992006e+00	 2.04437228360785133545e-07	 2.02936271515847050430e-07	 2.04536094960440067131e-07	 3.24758744705635303139e-05	 3.25350711191896383454e-05	 3.00608494331475729314e-05	 2.91071644816588747176e-05	 2.44340836014689823357e-05	 2.47145359601425398423e-05	 3.24112695258893510389e-05	 5.53905029358956927811e-07	 5.03788320774174277252e-07	 5.03766122850958288341e-07	 5.03788342166392959656e-07	 
 1.18000000000000015987e+00	 1.87770373344961893313e-07	 1.86356261123482711411e-07	 1.87857617818736674196e-07	 3.02158213340654647648e-05	 3.02761105678350961486e-05	 2.78018406781924008926e-05	 2.68457284639931689091e-05	 2.27847837393930397365e-05	 2.30012031925259683254e-05	 3.01663820697130312680e-05	 5.10171784822740923640e-07	 4.62498780385241794815e-07	 4.62478046756053352023e-07	 4.62498776184197133845e-07	 
 1.19999999999999973355e+00	 1.72193713048719354268e-07	 1.70859984331906079375e-07	 1.72265347065047447632e-07	 2.80838748095300750718e-05	 2.81447304669693151228e-05	 2.56751328364915630065e-05	 2.47344259637330741259e-05	 2.12129609262960396520e-05	 2.13743207094370979188e-05	 2.80476062320505936296e-05	 4.69201532909276837156e-07	 4.23921974254512344751e-07	 4.23902653998852822596e-07	 4.23921957219058819104e-07	 
 1.21999999999999997335e+00	 1.57654803652629665727e-07	 1.56395607895813227388e-07	 1.57708555971216130011e-07	 2.60746929587551201982e-05	 2.61355950231735481137e-05	 2.36754303079247290301e-05	 2.27652829922020492198e-05	 1.97181693014842562243e-05	 1.98323979197978192987e-05	 2.60497503882508725753e-05	 4.30874297600106712639e-07	 3.87926545567138447766e-07	 3.87908583609703506047e-07	 3.87926522028283849498e-07	 
 1.24000000000000021316e+00	 1.44113078627641150097e-07	 1.42922703387590626659e-07	 1.44147959817770749771e-07	 2.41838922711095292409e-05	 2.42445481477876957253e-05	 2.17989985824432160662e-05	 2.09316331655931369120e-05	 1.83003545225555190785e-05	 1.83744511285731276545e-05	 2.41687278940321848290e-05	 3.95096509125012242515e-07	 3.54409785170785687581e-07	 3.54393121187703485058e-07	 3.54409758751927642031e-07	 
 1.25999999999999978684e+00	 1.31537913361348541823e-07	 1.30410347811635416442e-07	 1.31553849115613190728e-07	 2.24078375498508180640e-05	 2.24683984796674441589e-05	 2.00434604327107953941e-05	 1.92278094386915639538e-05	 1.69598480470006464274e-05	 1.69999577724659998318e-05	 2.24013486682487270691e-05	 3.61796614956071786186e-07	 3.23292812989911061833e-07	 3.23277380193836017833e-07	 3.23292788051660096517e-07	 
 1.28000000000000002665e+00	 1.19872338115444514097e-07	 1.18801440416594005031e-07	 1.19869818742583013883e-07	 2.07404175276774758302e-05	 2.08013608378490342057e-05	 1.84029693011647175734e-05	 1.76455492000409722955e-05	 1.56942973498995712691e-05	 1.57057609905315451388e-05	 2.07418674628883320619e-05	 3.30836566894650757663e-07	 2.94431724137012850402e-07	 2.94417453341815894854e-07	 2.94431705419228542335e-07	 
 1.30000000000000026645e+00	 1.09070541468311837844e-07	 1.08051587325723215492e-07	 1.09051314828796767030e-07	 1.91770425171121991633e-05	 1.92387849065653424203e-05	 1.68730989874816560722e-05	 1.61780633236524298759e-05	 1.45020168479521218276e-05	 1.44896472896019872238e-05	 1.91858243057622387473e-05	 3.02109185296522946351e-07	 2.67714675080591344537e-07	 2.67701493809236336438e-07	 2.67714664495168986630e-07	 
 1.32000000000000006217e+00	 9.90953743849396898558e-08	 9.81265472044573028306e-08	 9.90631363788944292897e-08	 1.77143514316657372598e-05	 1.77768879740117650740e-05	 1.54505806510567056172e-05	 1.48196558335852793806e-05	 1.33818948779790740454e-05	 1.33502088067631864937e-05	 1.77297734891431569637e-05	 2.75531972347855877194e-07	 2.43055434182220147522e-07	 2.43043265719884430868e-07	 2.43055427746640473592e-07	 
 1.34000000000000007994e+00	 8.98872170140688028353e-08	 8.89685478634093154825e-08	 8.98467694631763491477e-08	 1.63465246205564244692e-05	 1.64095805498922933479e-05	 1.41290289131761082221e-05	 1.35623994508461235159e-05	 1.23304520214281110546e-05	 1.22835989949170088420e-05	 1.63678848931832553279e-05	 2.50963247550219782573e-07	 2.20309197760242607243e-07	 2.20297965184492944864e-07	 2.20309187828007959606e-07	 
 1.35999999999999987566e+00	 8.14015781680238290872e-08	 8.05337290668483378364e-08	 8.13575655687199204556e-08	 1.50691221636378932006e-05	 1.51322213980686626618e-05	 1.29038160123396797747e-05	 1.23999697005200880341e-05	 1.13453342484718237870e-05	 1.12869623782450781825e-05	 1.50957169981357939778e-05	 2.28294549531680647670e-07	 1.99365850167425563145e-07	 1.99355481414547187353e-07	 1.99365831190302901216e-07	 
 1.37999999999999989342e+00	 7.36057867300785508730e-08	 7.27889865369727183212e-08	 7.35615541327875062062e-08	 1.38787580705872942607e-05	 1.39412776530117229085e-05	 1.17717161061831692527e-05	 1.13272062026449368106e-05	 1.04251222076740604754e-05	 1.03582323568600436311e-05	 1.39098904019138314706e-05	 2.07442908950203807396e-07	 1.80142054084885231463e-07	 1.80132486701746816080e-07	 1.80142027872834647498e-07	 
 1.40000000000000013323e+00	 6.64456033942024242787e-08	 6.56797106967071083950e-08	 6.64035349298115520920e-08	 1.27697474053051933992e-05	 1.28310044923591752607e-05	 1.07265830167217061025e-05	 1.03369342282430249182e-05	 9.56610713284932397973e-06	 9.49315417698114432515e-06	 1.28047774226655784150e-05	 1.88272708547119049102e-07	 1.62501059279836057539e-07	 1.62492239133833631164e-07	 1.62501032231151999799e-07	 
 1.41999999999999992895e+00	 5.98810443096461613046e-08	 5.91654886648487176787e-08	 5.98425956347209115506e-08	 1.17376913952858461903e-05	 1.17972554449322091533e-05	 9.76385411816220471787e-06	 9.42355939775071753395e-06	 8.76560537683490216651e-06	 8.68867467885243381078e-06	 1.17760505365276709616e-05	 1.70680286611563712745e-07	 1.46341508343729506782e-07	 1.46333387779252092090e-07	 1.46341487926177237224e-07	 
 1.44000000000000016875e+00	 5.38827806391714750902e-08	 5.32164928657895815104e-08	 5.38484608101049986534e-08	 1.07791136093988809236e-05	 1.08370900509411824397e-05	 8.88015036961828320341e-06	 8.58259523100630272860e-06	 8.02172342636381998119e-06	 7.94266397421783079029e-06	 1.08203197947604356810e-05	 1.54585144943628369924e-07	 1.31588397159275848052e-07	 1.31580933683038382790e-07	 1.31588388873599610950e-07	 
 1.45999999999999996447e+00	 4.84015306727351474889e-08	 4.77831283315960342383e-08	 4.83712445280865640079e-08	 9.88848945415938992672e-06	 9.94534770714073774165e-06	 8.06957598329158136473e-06	 7.80769139544692002749e-06	 7.33050530296373663557e-06	 7.25093854503976720363e-06	 9.93216822076942088655e-06	 1.39861654762506762675e-07	 1.18117701794145123166e-07	 1.18110857797417054709e-07	 1.18117709806904935913e-07	 
 1.47999999999999998224e+00	 4.34020520474912618021e-08	 4.28297322309828615100e-08	 4.33749070410050798017e-08	 9.06190027637379156666e-06	 9.11814989551256191251e-06	 7.32777517804150706942e-06	 7.09403792812554607447e-06	 6.68919937934691994036e-06	 6.61055243720303212018e-06	 9.10775008436367957678e-06	 1.26416059417431561804e-07	 1.05840240039700153524e-07	 1.05833979189161008989e-07	 1.05840266260861145937e-07	 
 1.50000000000000000000e+00	 3.88592065537472766525e-08	 3.83306295544003141114e-08	 3.88333081232242355452e-08	 8.29658929762580311896e-06	 8.35250798149517134650e-06	 6.65147400768306602283e-06	 6.43787006836425642508e-06	 6.09594925735626185257e-06	 6.01946773355054884038e-06	 8.34435522068386631856e-06	 1.14176661534671209425e-07	 9.46917997100645803088e-08	 9.46860839649123536144e-08	 9.46918428780187171770e-08	 
 1.52000000000000001776e+00	 3.47294181748571078944e-08	 3.42420048389484060027e-08	 3.47023594286074003223e-08	 7.58772235954930055493e-06	 7.64347366456238745420e-06	 6.03531406111041214476e-06	 5.83364150542304598426e-06	 5.54694876959967431683e-06	 5.47371855848166822867e-06	 7.63723070940433607535e-06	 1.03032777652258004181e-07	 8.45631029186289368533e-08	 8.45578951821050673328e-08	 8.45631600822262914282e-08	 
 1.54000000000000003553e+00	 3.09823198033389692613e-08	 3.05334069623677755845e-08	 3.09523793773396021813e-08	 6.93189076990431221896e-06	 6.98760623635385562212e-06	 5.47514670127676483812e-06	 5.27751998112258031401e-06	 5.03970296251814164901e-06	 4.97050804157115086690e-06	 6.98295962579641623502e-06	 9.29000153239110564908e-08	 7.53782122544293907675e-08	 7.53734754756635129601e-08	 7.53782783136703071847e-08	 
 1.56000000000000027534e+00	 2.75966133913507858389e-08	 2.71835711196767947572e-08	 2.75637719543823503962e-08	 6.32666265914193994989e-06	 6.38250424027542420966e-06	 4.96756143808565681151e-06	 4.76684818340174160437e-06	 4.57266160128759077631e-06	 4.50784554738407058168e-06	 6.37902740321865035437e-06	 8.37104424338115388142e-08	 6.70841040039950577978e-08	 6.70798004361716139495e-08	 6.70841712032730498061e-08	 
 1.58000000000000007105e+00	 2.45343325593824838537e-08	 2.41546498615823867107e-08	 2.44994543681418194452e-08	 5.76764860692672771573e-06	 5.82383388733081955974e-06	 4.50769418816835260700e-06	 4.29700753739772371226e-06	 4.14235801540690466439e-06	 4.08199851587012630511e-06	 5.82105572872134550841e-06	 7.53661155757017400444e-08	 5.95865208862862228638e-08	 5.95826146301490106094e-08	 5.95865803857480433826e-08	 
 1.60000000000000008882e+00	 2.17700551545910998258e-08	 2.14213388917353217318e-08	 2.17342577732158660117e-08	 5.25199097668907670871e-06	 5.30855991538874984713e-06	 4.09153018322614215935e-06	 3.86497542794133244867e-06	 3.74660881225203257718e-06	 3.69059963516299108181e-06	 5.30619409231403944745e-06	 6.77975185167654121770e-08	 5.28224848266161811084e-08	 5.28189432298214953699e-08	 5.28225302641957751238e-08	 
 1.61999999999999988454e+00	 1.92865833290297385944e-08	 1.89665652761938734285e-08	 1.92507710757387790237e-08	 4.77786167199720596891e-06	 4.83447951112134842406e-06	 3.71543258110294622387e-06	 3.46879539705542376532e-06	 3.38411469227872070418e-06	 3.33221285341586562638e-06	 4.83261689603332269432e-06	 6.09527755382107641750e-08	 4.67495492270756665349e-08	 4.67463441582081696524e-08	 4.67495796579506293405e-08	 
 1.64000000000000012434e+00	 1.70516477830292578074e-08	 1.67582298520700342628e-08	 1.70165489362928401242e-08	 4.34146641940411021830e-06	 4.39764370224740007859e-06	 3.37502445350085731400e-06	 3.10443962326407282433e-06	 3.05173105856405718311e-06	 3.00362481805539887220e-06	 4.39659432731276843471e-06	 5.47530109933864205447e-08	 4.12878603177200142894e-08	 4.12849678930752774800e-08	 4.12878773507916435843e-08	 
 1.66000000000000014211e+00	 1.50445850432135597487e-08	 1.47759976300669816128e-08	 1.50111264558527720012e-08	 3.94032405366153792007e-06	 3.99557458702299244475e-06	 3.06667723518052676634e-06	 2.76973447437047298422e-06	 2.74750821102413216618e-06	 2.70285075291271321949e-06	 3.99561562569167328665e-06	 4.91464921506876974804e-08	 3.63868350667375709285e-08	 3.63842320732979543292e-08	 3.63868394652973383880e-08	 
 1.67999999999999993783e+00	 1.32519589480048878074e-08	 1.30069032284209919775e-08	 1.32215564646925632926e-08	 3.57277313858243010891e-06	 3.62673167782028784843e-06	 2.78701407013902411342e-06	 2.46376750638289795917e-06	 2.47026976732156378208e-06	 2.42869799044178003657e-06	 3.62791533316799507023e-06	 4.40979278141892203407e-08	 3.20142271577073712768e-08	 3.20118884155991373052e-08	 3.20142162818866892509e-08	 
 1.70000000000000017764e+00	 1.16468167639669267618e-08	 1.14243013427295550995e-08	 1.16210563006236942291e-08	 3.23536680336550185283e-06	 3.28778415041546160329e-06	 2.53230710555346925022e-06	 2.18317927271107558120e-06	 2.21714833782173231170e-06	 2.17828512698502817411e-06	 3.29005765722045185091e-06	 3.95459644645359075570e-08	 2.81037594083442315402e-08	 2.81016607991367776513e-08	 2.81037287283796760449e-08	 
 1.71999999999999997335e+00	 1.02128827978815714867e-08	 1.00119012425885457923e-08	 1.01925999726638766499e-08	 2.92601023310454142037e-06	 2.97676213734808671187e-06	 2.29964200480610715492e-06	 1.92662985281831575772e-06	 1.98649041148854531481e-06	 1.94989815112711542528e-06	 2.97998258768043670138e-06	 3.54476502532974159100e-08	 2.46150092514166158101e-08	 2.46131286999598451129e-08	 2.46149564246582028267e-08	 
 1.73999999999999999112e+00	 8.94019230082937039533e-09	 8.75948394787552437100e-09	 8.92474194353878484316e-09	 2.64341935165872817006e-06	 2.69252374162479319735e-06	 2.08639815773076881420e-06	 1.69416014792674719313e-06	 1.77739117516194781252e-06	 1.74253312592802415358e-06	 2.69645918319002992987e-06	 3.17694739296655574677e-08	 2.15227368054117256303e-08	 2.15210551323658508489e-08	 2.15226648183133975115e-08	 
 1.76000000000000023093e+00	 7.80667234679323315725e-09	 7.64495934400377708182e-09	 7.79481922097996543428e-09	 2.38459791740491390235e-06	 2.43218194150047980451e-06	 1.88951338470095251044e-06	 1.48292355577136074282e-06	 1.58734655139263875309e-06	 1.55361616428643797468e-06	 2.43657795494096250950e-06	 2.84593764999007080593e-08	 1.87720853965641845930e-08	 1.87705865936609513782e-08	 1.87719989665575119689e-08	 
 1.78000000000000002665e+00	 6.80009880267609445852e-09	 6.65578685658690462406e-09	 6.79059744905104197640e-09	 2.14794613698531051930e-06	 2.19409564739552147741e-06	 1.70707906279347123819e-06	 1.29198786144865618673e-06	 1.41500564565644973441e-06	 1.38190797463441028720e-06	 2.19873603322496471432e-06	 2.54830005571361632062e-08	 1.63319845657859457173e-08	 1.63306537337726954223e-08	 1.63318886748730219173e-08	 
 1.80000000000000004441e+00	 5.91378583668468386960e-09	 5.78471945374738386346e-09	 5.90576262299775234846e-09	 1.93268021419022088979e-06	 1.97733329452114249623e-06	 1.53776773771589581749e-06	 1.12168603344585785787e-06	 1.25968756340374235693e-06	 1.22697685563136233741e-06	 1.98208460239834380825e-06	 2.28145739729650138506e-08	 1.41845659837248177060e-08	 1.41833880356978958004e-08	 1.41844649835524837885e-08	 
 1.81999999999999984013e+00	 5.13004922686601424755e-09	 5.01398011494491006479e-09	 5.12285154523869010246e-09	 1.73628033803080472449e-06	 1.77935023417023452128e-06	 1.37916723147260276913e-06	 9.69369304947249670838e-07	 1.11922367110831117647e-06	 1.08670401316366980267e-06	 1.78413022527140634762e-06	 2.04132977350280544055e-08	 1.22857015297332808541e-08	 1.22846631727528698042e-08	 1.22855989592110485407e-08	 
 1.84000000000000007994e+00	 4.43924350730894136589e-09	 4.33411460528730317164e-09	 4.43242387239674626666e-09	 1.55746465696850130988e-06	 1.59887830195644653430e-06	 1.23059715548137504203e-06	 8.33979358358512261413e-07	 9.92495612893607891873e-07	 9.60082329400228450436e-07	 1.60362376429289044509e-06	 1.82567013768929611221e-08	 1.06118864792552825536e-08	 1.06109756199337031546e-08	 1.06117865463510845845e-08	 
 1.86000000000000009770e+00	 3.83581194894693870997e-09	 3.73995854797565653135e-09	 3.82914300202796231026e-09	 1.39562477881235554454e-06	 1.43534763201857229382e-06	 1.09244508968767607743e-06	 7.15401680521156098758e-07	 8.78948052526809276348e-07	 8.46726517503981775200e-07	 1.43999697604437374584e-06	 1.63313931418547371693e-08	 9.15023552236283266320e-09	 9.14944096640633055236e-09	 9.15014410751916654925e-09	 
 1.87999999999999989342e+00	 3.30534572012912033598e-09	 3.21729487525159490868e-09	 3.29865368905037026549e-09	 1.24855267875852675910e-06	 1.28660705431353693343e-06	 9.62899128823803425714e-07	 6.11039036136549964366e-07	 7.76701359453816291143e-07	 7.44736660084075793272e-07	 1.29110748546729786714e-06	 1.46077295922930563338e-08	 7.86544195820685661155e-09	 7.86475465967462999006e-09	 7.86536524489153544232e-09	 
 1.89999999999999991118e+00	 2.84062971391915660897e-09	 2.75917471236262530652e-09	 2.83361958422281221336e-09	 1.11520316335120110796e-06	 1.15159841387966740851e-06	 8.42278730700395550802e-07	 5.19704070338942373234e-07	 6.84874472878311267134e-07	 6.53291015534929229830e-07	 1.15592094826459402266e-06	 1.30628490831952773842e-08	 6.74021196225605641093e-09	 6.73962176044017870343e-09	 6.74015304815570184676e-09	 
 1.92000000000000015099e+00	 2.43781902470290718869e-09	 2.36211791344225556349e-09	 2.42996912887473129545e-09	 9.95114931028907820194e-07	 1.02980327900164685003e-06	 7.32311368171629108165e-07	 4.40922673986744006150e-07	 6.03084507619417633435e-07	 5.72127201757409542228e-07	 1.03395522158422451516e-06	 1.16748205634782746519e-08	 5.76583351078157220478e-09	 5.76532697369182073879e-09	 5.76578990516478191708e-09	 
 1.93999999999999994671e+00	 2.08564282287298686028e-09	 2.01493587103179829473e-09	 2.07634031845406485082e-09	 8.86375314747013836270e-07	 9.19321134403554170325e-07	 6.31446264979990444959e-07	 3.72372100387726141578e-07	 5.29746996781908181386e-07	 4.99612900940777520959e-07	 9.23328905470002113379e-07	 1.04153396463711446210e-08	 4.91458110346623515396e-09	 4.91414572679607702841e-09	 4.91454895655099564945e-09	 
 1.95999999999999996447e+00	 1.77863090862339197218e-09	 1.71268305094332552249e-09	 1.76804314701809267894e-09	 7.88168327060813910542e-07	 8.19351779419683261824e-07	 5.40019452999824096963e-07	 3.13068858990128652032e-07	 4.64209206125672985356e-07	 4.35094473049912409150e-07	 8.23219939775093617894e-07	 9.27469946839596708133e-09	 4.17415131674687379730e-09	 4.17377675700141121433e-09	 4.17412758705388804840e-09	 
 1.97999999999999998224e+00	 1.51370688212172416039e-09	 1.45315313903618819595e-09	 1.50340276753545169155e-09	 7.00185818001039199032e-07	 7.29607677840952809619e-07	 4.59567196643208574905e-07	 2.62633753151808975510e-07	 4.06251405623482624816e-07	 3.78379868070184489924e-07	 7.33292441447150212527e-07	 8.25214094302576014602e-09	 3.53898785850511545178e-09	 3.53866693485718709947e-09	 3.53897158620411705730e-09	 
 2.00000000000000000000e+00	 1.28199529075248850523e-09	 1.22766044092679236291e-09	 1.27388734935230663628e-09	 6.20797847663512749603e-07	 6.48493229414447628405e-07	 3.88289879952956934521e-07	 2.19215455563501907030e-07	 3.54557875563934406762e-07	 3.28090511068334405350e-07	 6.51936827415588381776e-07	 7.33017017010423495463e-09	 2.98763023520090135010e-09	 2.98735819926858845210e-09	 2.98762147395687450292e-09	 
 2.02000000000000001776e+00	 1.08053445248281048684e-09	 1.03280533811879586253e-09	 1.07561975168885959555e-09	 5.49384181119867006630e-07	 5.75403099652754343017e-07	 3.25807890797142017997e-07	 1.82080996754385846428e-07	 3.08625773086532353889e-07	 2.83691001899678638289e-07	 5.78575657669836042290e-07	 6.50053650018211631540e-09	 2.51162900207547435902e-09	 2.51140068704035252999e-09	 2.51162674133683998092e-09	 
 2.04000000000000003553e+00	 9.08895984940922488381e-10	 8.67306132001535445634e-10	 9.06414841708004847318e-10	 4.85751769741384675193e-07	 5.10152251677979582117e-07	 2.72460639957766075077e-07	 1.50942161212751281330e-07	 2.68290564842432562481e-07	 2.44993317235015260783e-07	 5.13079707819069301079e-07	 5.75839863047095216528e-09	 2.10772678123276820176e-09	 2.10753503252555728756e-09	 2.10772764970584402264e-09	 
 2.06000000000000005329e+00	 7.60570006102281665177e-10	 7.24511534925463609628e-10	 7.59413578846360658108e-10	 4.28521276661767887498e-07	 4.51383414189533791949e-07	 2.26270021203189198830e-07	 1.24384378330769097587e-07	 2.32448728979738696064e-07	 2.10848262408354141114e-07	 4.54112441602569122394e-07	 5.08690280354662780847e-09	 1.75954978979882376459e-09	 1.75938825002060085202e-09	 1.75955008912682605289e-09	 
 2.08000000000000007105e+00	 6.33325093029864428555e-10	 6.02167830569595174857e-10	 6.32583153046873332358e-10	 3.77256144479898447156e-07	 3.98629295192670614376e-07	 1.86654289333979864476e-07	 1.01915268541943884653e-07	 2.00747612366634572379e-07	 1.80867744040774471828e-07	 4.01205563579219316491e-07	 4.48077183926677299493e-09	 1.46150533385586016905e-09	 1.46136852050350330246e-09	 1.46150250987987826118e-09	 
 2.10000000000000053291e+00	 5.26486776338974850007e-10	 4.99616250839378343260e-10	 5.25740838199845715685e-10	 3.31888086601915622779e-07	 3.51757813369015543767e-07	 1.53583189634594493598e-07	 8.33699974456018126243e-08	 1.73121083140923480885e-07	 1.54945685061061028978e-07	 3.54215779562601976110e-07	 3.93925487012654333112e-09	 1.21189111303315180116e-09	 1.21177464790049512395e-09	 1.21188473642874425582e-09	 
 2.12000000000000010658e+00	 4.34911958200565403808e-10	 4.11836337284167503086e-10	 4.33886306944205899822e-10	 2.91271564678044152672e-07	 3.09609995847213377922e-07	 1.25374416019950903334e-07	 6.77147540130153516273e-08	 1.48661453565587654543e-07	 1.32158920345520052011e-07	 3.11988173151738719394e-07	 3.44831008497297551583e-09	 9.98397567120335013121e-10	 9.98298154650333495025e-10	 9.98387377627785812102e-10	 
 2.14000000000000012434e+00	 3.57108248317509806245e-10	 3.37377143997230788253e-10	 3.55723050019360915264e-10	 2.55062639634078540847e-07	 2.71871946055036207454e-07	 1.01561172184354663500e-07	 5.46351144443025057926e-08	 1.27126046286754750075e-07	 1.12265598359543190410e-07	 2.74182811242544142411e-07	 3.00767834556042941183e-09	 8.17442222479832144628e-10	 8.17357446000293850557e-10	 8.17428802875327546882e-10	 
 2.15999999999999969802e+00	 2.92762421667722318192e-10	 2.75941667345504855358e-10	 2.91222620940944459087e-10	 2.23183886528388872151e-07	 2.38524545958641201930e-07	 8.20790943357854333226e-08	 4.40409797969996312355e-08	 1.08501173352051700509e-07	 9.52590944939115717306e-08	 2.40733092613091822769e-07	 2.62334552582094890679e-09	 6.68251307514190724192e-10	 6.68179813252254183865e-10	 6.68236663890341852948e-10	 
 2.18000000000000015987e+00	 2.38043501160100197875e-10	 2.23802747973212765808e-10	 2.36562515588611067026e-10	 1.94656782520070577142e-07	 2.08590781994573001846e-07	 6.56414576449242044529e-08	 3.52015226738182032082e-08	 9.20310104591610976208e-08	 8.04126599232296627751e-08	 2.10654130071974900790e-07	 2.28507777169116199928e-09	 5.41723733675533352681e-10	 5.41664920428447675489e-10	 5.41709682346341653415e-10	 
 2.20000000000000017764e+00	 1.92065954269059434770e-10	 1.80083448402818333910e-10	 1.90771185608009683746e-10	 1.69258514932650115445e-07	 1.81857713568755708406e-07	 5.19636161792733632344e-08	 2.79232177949301880958e-08	 7.76093245483872231728e-08	 6.75589222629333184632e-08	 1.83753541107705766254e-07	 1.98790667871618850641e-09	 4.35699563844542401699e-10	 4.35652384361799670970e-10	 4.35687240202188926552e-10	 
 2.21999999999999975131e+00	 1.54800067853572034018e-10	 1.44726218967189204748e-10	 1.53666848340104498856e-10	 1.46996570686689191369e-07	 1.58351347906057962786e-07	 4.10562909341547860404e-08	 2.21556914592515602840e-08	 6.53554312026054571818e-08	 5.66970092918431647547e-08	 1.60096214086628933237e-07	 1.72738214866216827450e-09	 3.50004506359399671828e-10	 3.49966839055824324351e-10	 3.49993939067163631385e-10	 
 2.24000000000000021316e+00	 1.23464972962921655752e-10	 1.15028514174080183381e-10	 1.22436652797275111292e-10	 1.27036398141101383370e-07	 1.37220444125572240487e-07	 3.19855363006222999866e-08	 1.74039185276521221512e-08	 5.46631507800376300419e-08	 4.72491493068041541728e-08	 1.38841027782329328909e-07	 1.49288161030856158588e-09	 2.78060360116637140283e-10	 2.78030620385318505014e-10	 2.78051394321547440193e-10	 
 2.25999999999999978684e+00	 9.75557948276484079808e-11	 9.04933501750222127281e-11	 9.65718638278441844252e-11	 1.09277551335503219002e-07	 1.18379565537395635134e-07	 2.45856620874633225131e-08	 1.35518418564986083931e-08	 4.54363147255970412677e-08	 3.91192171573283967090e-08	 1.19886279169084424340e-07	 1.28467459560140783422e-09	 2.18652438843521967137e-10	 2.18629117340150005757e-10	 2.18644873380803059985e-10	 
 2.27999999999999980460e+00	 7.71493584299195406208e-11	 7.11826894961873032233e-11	 7.61512971875874853052e-11	 9.38418299951706345988e-08	 1.01984896520600150421e-07	 1.88876754828545055715e-08	 1.05653792643061481859e-08	 3.77208393661766004777e-08	 3.23411712801797746922e-08	 1.03355459784127197180e-07	 1.10711006316756777412e-09	 1.71922057245050502840e-10	 1.71903575893430126187e-10	 1.71915658306243717975e-10	 
 2.30000000000000026645e+00	 6.03038530256227037229e-11	 5.51986212390972470168e-11	 5.92042874051272657683e-11	 8.00041694181467716486e-08	 8.73040070715657452470e-08	 1.42415500686259491946e-08	 8.12469634411858035706e-09	 3.10186471120596114301e-08	 2.64600475170500025791e-08	 8.85043471752122171673e-08	 9.53467010352156982361e-10	 1.33261502583329772856e-10	 1.33246747129937066907e-10	 1.33256070616331712279e-10	 
 2.32000000000000028422e+00	 4.66381929829845495980e-11	 4.22541831764015329578e-11	 4.54425880034460423034e-11	 6.77423503213346121193e-08	 7.42963210478971774782e-08	 1.05519352986261622028e-08	 6.17406057061979519762e-09	 2.52843246716900901874e-08	 2.14415801605097088935e-08	 7.53102187093957321030e-08	 8.21166009504798894763e-10	 1.01969045639868027343e-10	 1.01957156766526937234e-10	 1.01964436242094172346e-10	 
 2.33999999999999985789e+00	 3.60459443679898929962e-11	 3.24018568812425051356e-11	 3.49391261301032420846e-11	 5.72429980222430234720e-08	 6.31183700843710876906e-08	 7.84108141438627393686e-09	 4.70838059988528205773e-09	 2.05888770668685069090e-08	 1.73636677179206503825e-08	 6.39656049959534870284e-08	 7.07677892880146309243e-10	 7.81626616801208981034e-11	 7.81531033132150125829e-11	 7.81588196814253671244e-11	 
 2.36000000000000031974e+00	 2.72129173941286134887e-11	 2.43735247920197634020e-11	 2.63666821480407622557e-11	 4.78608981247615952231e-08	 5.31146416244864927097e-08	 5.68873603807664634202e-09	 3.52972325150048855974e-09	 1.65397760570338444333e-08	 1.38733171693744912216e-08	 5.38076886309357718697e-08	 6.07023658604501129184e-10	 5.87695963210219396145e-11	 5.87620628770688192778e-11	 5.87664955853063779408e-11	 
 2.38000000000000033751e+00	 2.00973569177272460432e-11	 1.80219464015128441788e-11	 1.95763543059493002041e-11	 3.96204746250246578444e-08	 4.42998476212978335083e-08	 4.03901791002165101028e-09	 2.60870746795078191801e-09	 1.31226931238208338368e-08	 1.09506532021624488606e-08	 4.48582295134466835433e-08	 5.18410356811439412424e-10	 4.34325639085722107193e-11	 4.34267407993467773868e-11	 4.34301343070826262632e-11	 
 2.39999999999999991118e+00	 1.49573211535001588049e-11	 1.33945142699158305805e-11	 1.46287277063173086897e-11	 3.27390441355810371044e-08	 3.68757922020531305008e-08	 2.89359384934630244707e-09	 1.94060665987470404932e-09	 1.04133444252084442495e-08	 8.65063933650151174737e-09	 3.73349440661341406432e-08	 4.41912833418476309673e-10	 3.22652904551824569754e-11	 3.22607888137300898948e-11	 3.22633712270420540538e-11	 
 2.41999999999999948486e+00	 1.09289847760337440061e-11	 9.69891878418360284665e-12	 1.06999504302100864554e-11	 2.66457358906811645654e-08	 3.02580934377230874595e-08	 2.01058230535584330752e-09	 1.41006888442074172070e-09	 8.10922152694452616814e-09	 6.70766694713333705389e-09	 3.06492513020092690790e-08	 3.72445263011936839420e-10	 2.33504745815857428171e-11	 2.33470677651675852962e-11	 2.33489511304726786592e-11	 
 2.44000000000000039080e+00	 7.89194352359115754212e-12	 6.86552173787951656931e-12	 7.70278089094695988895e-12	 2.13854944000349249107e-08	 2.45035688867023293162e-08	 1.36147261680230001701e-09	 1.00491376466544650923e-09	 6.20875762702108558718e-09	 5.11605379921847882681e-09	 2.48475002361616676137e-08	 3.10968966153236912110e-10	 1.65189841672477092869e-11	 1.65164627577273727050e-11	 1.65177728349767201024e-11	 
 2.45999999999999996447e+00	 5.79366993960778570468e-12	 4.92352165184644378202e-12	 5.63988154809646725822e-12	 1.71710031012958922792e-08	 1.98517382475082356600e-08	 9.40508078214730639385e-10	 7.25357780815875019219e-10	 4.77379648134649063067e-09	 3.92157682993331162321e-09	 2.01496100264138686733e-08	 2.60544498115252946839e-10	 1.18402201464637114946e-11	 1.18383746490384558830e-11	 1.18392878102267558939e-11	 
 2.47999999999999953815e+00	 4.19272394251458110299e-12	 3.42372143417049251441e-12	 4.07213787306692660771e-12	 1.35215094133573003196e-08	 1.58072718322136765940e-08	 6.28108952871642480547e-10	 5.08634006777736645549e-10	 3.58581654408578897004e-09	 2.93850993581792719019e-09	 1.60566599230987392477e-08	 2.17543846397851272110e-10	 8.22883859664594124917e-12	 8.22758580928638281162e-12	 8.22818019732335975714e-12	 
 2.50000000000000044409e+00	 3.02178091954433087893e-12	 2.31840474726418596426e-12	 2.90723508330458722059e-12	 1.04340012283012448725e-08	 1.23610693736751436958e-08	 4.09436085229506345617e-10	 3.47954592963981434490e-10	 2.63195583693789044312e-09	 2.15461461785446158597e-09	 1.25635533069105752961e-08	 1.81113774846005720917e-10	 5.56929608128318867092e-12	 5.56852310485315221762e-12	 5.56887616014204108842e-12	 
 2.52000000000000001776e+00	 2.21395967802744974344e-12	 1.58374795853864398857e-12	 2.03027156681654719639e-12	 7.99018430363899078551e-09	 9.58600346118252322968e-09	 2.73362407535837235321e-10	 2.39793631664314581133e-10	 1.92408364523233584530e-09	 1.57703329311378209432e-09	 9.75162050058897082723e-09	 1.50236163993985206435e-10	 3.80343622948680499320e-12	 3.80294799152287185757e-12	 3.80315280644009463742e-12	 
 2.54000000000000003553e+00	 1.56071667439142785204e-12	 1.03941103125136971531e-12	 1.34665225518483735643e-12	 5.97173827738792253473e-09	 7.26680028220284336552e-09	 1.76371782965602142619e-10	 1.59647743998029761546e-10	 1.36738641672486971277e-09	 1.12254569371550883115e-09	 7.39340543459497188509e-09	 1.24028466606436082891e-10	 2.49548154796243349379e-12	 2.49517958507894417016e-12	 2.49529892017778811677e-12	 
 2.56000000000000049738e+00	 1.07197348573467532215e-12	 6.64162431149015968471e-13	 8.53264450517375608973e-13	 4.36549247158745557820e-09	 5.39068383373527606343e-09	 1.12619244982524896675e-10	 1.04306246636329253311e-10	 9.50818252657186910551e-10	 7.81972736556191453371e-10	 5.48127642809027275202e-09	 1.01472039668732247398e-10	 1.59411733199451137356e-12	 1.59392599571765887538e-12	 1.59400572995710837219e-12	 
 2.58000000000000007105e+00	 7.92423381800747497646e-13	 4.33532353259346537986e-13	 5.55998456539131401848e-13	 3.17604417819622817397e-09	 3.96441793171753500157e-09	 7.44665857190322166296e-11	 6.97667375763249396376e-11	 6.63257228591739181784e-10	 5.46452062055136006722e-10	 4.03448091180953206758e-09	 8.05629896602704711969e-11	 1.04016599148150695965e-12	 1.04004776774863457836e-12	 1.04010081111623734678e-12	 
 2.60000000000000008882e+00	 5.68434916881874124566e-13	 2.67577408314465623450e-13	 3.43657810676090348200e-13	 2.23299754397630005653e-09	 2.81997297919475598122e-09	 4.72189953075338167802e-11	 4.46999046857575570450e-11	 4.45521568870565773988e-10	 3.66691279531345693751e-10	 2.87323012059850873467e-09	 6.17063541247206268743e-11	 6.41681692369402858642e-13	 6.41618819240284823670e-13	 6.41651261548397487925e-13	 
 2.62000000000000055067e+00	 3.90410715768766513424e-13	 1.58691719710027778781e-13	 2.05749162672713386279e-13	 1.52709589895539161938e-09	 1.95041548984799640311e-09	 2.95478563318009303335e-11	 2.80965355326729221059e-11	 2.92182311898861101066e-10	 2.39376728596104997125e-10	 1.98927693730063544765e-09	 4.53350666771944115212e-11	 3.80374256095973463971e-13	 3.80348304222982924606e-13	 3.80365855271776131768e-13	 
 2.64000000000000012434e+00	 2.47690892832273946601e-13	 9.51617782443995753293e-14	 1.26081037889443283648e-13	 1.05359843853575821533e-09	 1.35751226850388915778e-09	 1.94371429709943154974e-11	 1.84676907502477875158e-11	 1.95720375343928063612e-10	 1.60976849344387632721e-10	 1.38225441194340590186e-09	 3.25533666235138221295e-11	 2.28052784762577247566e-13	 2.28042250348520355441e-13	 2.28050329243214458184e-13	 
 2.66000000000000014211e+00	 1.45845301236212633188e-13	 4.95507291077423406355e-14	 6.90716343957851337123e-14	 6.98098544112497479027e-10	 9.07101651630192671469e-10	 1.22665973323775297013e-11	 1.16657975172744368256e-11	 1.25584850665112836531e-10	 1.03592534308930907825e-10	 9.20888076076789515407e-10	 2.23140426108067616881e-11	 1.18733057034754423226e-13	 1.18730691844232880307e-13	 1.18733047127559972532e-13	 
 2.67999999999999971578e+00	 8.09787547706177926826e-14	 2.05276942510718873379e-14	 3.27821517542057954498e-14	 4.50372709162361696948e-10	 5.88027661667131863618e-10	 7.67252914840873122649e-12	 7.32358060864403348752e-12	 7.89697846821020942345e-11	 6.51524184981977022060e-11	 5.94386477535435306851e-10	 1.45805385103418130187e-11	 4.92003116625694574797e-14	 4.92003353018511606594e-14	 4.92003109708473190276e-14	 
 2.70000000000000017764e+00	 4.42524033675975355233e-14	 5.81303466155950194660e-15	 1.36053509124939229344e-14	 2.88319856298824075881e-10	 3.76534655822397075253e-10	 4.85943796002342505953e-12	 4.62821121235867613126e-12	 4.97399845011934875705e-11	 4.12239734442061673442e-11	 3.79942992573315629170e-10	 9.31824841297168812740e-12	 1.39324536566784084199e-14	 1.39324531713203784634e-14	 1.39324536790469885278e-14	 
 2.72000000000000019540e+00	 1.63594200623683303194e-14	 0.00000000000000000000e+00	 3.13653317464267394405e-15	 1.25165998486110544926e-10	 1.63506432404318278434e-10	 2.08933493359704800880e-12	 1.98622314550971526717e-12	 2.12845491190773719867e-11	 1.77105397147144033101e-11	 1.64731374084377993997e-10	 4.04007165343593692500e-12	 0.00000000000000000000e+00	 0.00000000000000000000e+00	 0.00000000000000000000e+00	 
 2.73999999999999976907e+00	 0.00000000000000000000e+00	 8.23966663893983517527e-18	 0.00000000000000000000e+00	 0.00000000000000000000e+00	 0.00000000000000000000e+00	 0.00000000000000000000e+00	 0.00000000000000000000e+00	 0.00000000000000000000e+00	 0.00000000000000000000e+00	 0.00000000000000000000e+00	 0.00000000000000000000e+00	 1.97485155740106468790e-17	 1.97485153141300081629e-17	 1.97485155980997040743e-17	 
 2.76000000000000023093e+00	 1.32824916749489311415e-17	 0.00000000000000000000e+00	 2.45404751602294030214e-18	 1.02532659695051030973e-13	 1.33941956019012844346e-13	 1.71068550823840616674e-15	 1.62610499438472342486e-15	 1.74228911944038680456e-14	 1.45002788384195282511e-14	 1.34934802845702529313e-13	 3.30930201657717393214e-15	 0.00000000000000000000e+00	 0.00000000000000000000e+00	 0.00000000000000000000e+00	 
 2.77999999999999980460e+00	 0.00000000000000000000e+00	 1.10583933533019138136e-20	 0.00000000000000000000e+00	 0.00000000000000000000e+00	 0.00000000000000000000e+00	 0.00000000000000000000e+00	 0.00000000000000000000e+00	 0.00000000000000000000e+00	 0.00000000000000000000e+00	 0.00000000000000000000e+00	 0.00000000000000000000e+00	 2.65043329657156493717e-20	 2.65043327557689488170e-20	 2.65043329953520278748e-20	 
 2.79999999999999982236e+00	 1.71829643491235004713e-20	 0.00000000000000000000e+00	 3.14803851858213842258e-21	 1.32903439169217174371e-16	 1.73616874573032628925e-16	 2.21716047108653842749e-18	 2.10749409472906950097e-18	 2.25799889765337692954e-17	 1.87931433808077811742e-17	 1.74900786848713304239e-16	 4.28947458080165232384e-18	 0.00000000000000000000e+00	 0.00000000000000000000e+00	 0.00000000000000000000e+00	 
 2.82000000000000028422e+00	 0.00000000000000000000e+00	 1.65119268066356588630e-23	 0.00000000000000000000e+00	 0.00000000000000000000e+00	 0.00000000000000000000e+00	 0.00000000000000000000e+00	 0.00000000000000000000e+00	 0.00000000000000000000e+00	 0.00000000000000000000e+00	 0.00000000000000000000e+00	 0.00000000000000000000e+00	 3.95751535850247463781e-23	 3.95751533370325604662e-23	 3.95751536279501148953e-23	 
 2.83999999999999985789e+00	 2.62527738293331685838e-23	 0.00000000000000000000e+00	 4.78782558080175837347e-24	 2.03269387341144833021e-19	 2.65539046112381606762e-19	 3.39084306619609712239e-21	 3.22308696304727044434e-21	 3.45320004293245093291e-20	 2.87413998846893162381e-20	 2.67500253229843204765e-19	 6.56049320164938577896e-21	 0.00000000000000000000e+00	 0.00000000000000000000e+00	 0.00000000000000000000e+00	 
 2.85999999999999987566e+00	 0.00000000000000000000e+00	 2.80268144479311552587e-26	 0.00000000000000000000e+00	 0.00000000000000000000e+00	 0.00000000000000000000e+00	 0.00000000000000000000e+00	 0.00000000000000000000e+00	 0.00000000000000000000e+00	 0.00000000000000000000e+00	 0.00000000000000000000e+00	 0.00000000000000000000e+00	 6.71735956105613115964e-26	 6.71735952260011931047e-26	 6.71735956826667434860e-26	 
 2.87999999999999989342e+00	 4.64808221378238924685e-26	 0.00000000000000000000e+00	 8.46072165508137461729e-27	 3.60049394221706640286e-22	 4.70347444576404441416e-22	 6.00602703453284790931e-24	 5.70886231852064987187e-24	 6.11640301442977038066e-23	 5.09080714393589731616e-23	 4.73819485591572696953e-22	 1.16205100918691986858e-23	 0.00000000000000000000e+00	 0.00000000000000000000e+00	 0.00000000000000000000e+00	 
 2.90000000000000035527e+00	 0.00000000000000000000e+00	 5.32404126056440248561e-29	 0.00000000000000000000e+00	 0.00000000000000000000e+00	 0.00000000000000000000e+00	 0.00000000000000000000e+00	 0.00000000000000000000e+00	 0.00000000000000000000e+00	 0.00000000000000000000e+00	 0.00000000000000000000e+00	 0.00000000000000000000e+00	 1.27604582409070156114e-28	 1.27604581698812769691e-28	 1.27604582545611086603e-28	 
 2.91999999999999992895e+00	 9.19976779255053104224e-29	 0.00000000000000000000e+00	 1.67344654292849336596e-29	 7.12744674408449168531e-25	 9.31088130176939592121e-25	 1.18892757694481507586e-26	 1.13010019995141539403e-26	 1.21077189186908256854e-25	 1.00775381800716906892e-25	 9.37959993599575777618e-25	 2.30036411725990671379e-26	 0.00000000000000000000e+00	 0.00000000000000000000e+00	 0.00000000000000000000e+00	 
 2.93999999999999994671e+00	 0.00000000000000000000e+00	 1.10412475683278029466e-31	 0.00000000000000000000e+00	 0.00000000000000000000e+00	 0.00000000000000000000e+00	 0.00000000000000000000e+00	 0.00000000000000000000e+00	 0.00000000000000000000e+00	 0.00000000000000000000e+00	 0.00000000000000000000e+00	 0.00000000000000000000e+00	 2.64632394229579280655e-31	 2.64632392764203597661e-31	 2.64632394512564455242e-31	 
 2.96000000000000040856e+00	 1.97098030225246051248e-31	 0.00000000000000000000e+00	 3.58447893947400173777e-32	 1.52707517066153542335e-27	 1.99488220890707534532e-27	 2.54730343595810640087e-29	 2.42126323849917880416e-29	 2.59410193097296064106e-28	 2.15913420923384084229e-28	 2.00960451494673471131e-27	 4.92859197792679968368e-29	 0.00000000000000000000e+00	 0.00000000000000000000e+00	 0.00000000000000000000e+00	 
 2.97999999999999998224e+00	 0.00000000000000000000e+00	 2.43805939413590588864e-34	 0.00000000000000000000e+00	 0.00000000000000000000e+00	 0.00000000000000000000e+00	 0.00000000000000000000e+00	 0.00000000000000000000e+00	 0.00000000000000000000e+00	 0.00000000000000000000e+00	 0.00000000000000000000e+00	 0.00000000000000000000e+00	 5.84344740631370223425e-34	 5.84344737389350848302e-34	 5.84344741256332061762e-34	 
 3.00000000000000000000e+00	 4.45070609454809978789e-34	 0.00000000000000000000e+00	 8.09383297704320681061e-35	 3.44834963142726770957e-30	 4.50472351722426531805e-30	 5.75216486532061042096e-32	 5.46754802909838437749e-32	 5.85784080399265021390e-31	 4.87562463860834595768e-31	 4.53796815768642597963e-30	 1.11294502411242042538e-31	 0.00000000000000000000e+00	 0.00000000000000000000e+00	 0.00000000000000000000e+00	 
 3.02000000000000046185e+00	 0.00000000000000000000e+00	 5.60474489598421601973e-37	 0.00000000000000000000e+00	 0.00000000000000000000e+00	 0.00000000000000000000e+00	 0.00000000000000000000e+00	 0.00000000000000000000e+00	 0.00000000000000000000e+00	 0.00000000000000000000e+00	 0.00000000000000000000e+00	 0.00000000000000000000e+00	 1.34332379664148200739e-36	 1.34332378916364194952e-36	 1.34332379807863277049e-36	 
 3.04000000000000003553e+00	 1.03625156942064316323e-36	 0.00000000000000000000e+00	 1.88449214867623544588e-37	 8.02872718527110260427e-33	 1.04882624808222991667e-32	 1.33926580674777618213e-34	 1.27299902791401387208e-34	 1.36387021415407837555e-33	 1.13518259282858556753e-33	 1.05656655337343056579e-32	 2.59124887644204709159e-34	 0.00000000000000000000e+00	 0.00000000000000000000e+00	 0.00000000000000000000e+00	 
 3.06000000000000005329e+00	 0.00000000000000000000e+00	 1.31550927929890740301e-39	 0.00000000000000000000e+00	 0.00000000000000000000e+00	 0.00000000000000000000e+00	 0.00000000000000000000e+00	 0.00000000000000000000e+00	 0.00000000000000000000e+00	 0.00000000000000000000e+00	 0.00000000000000000000e+00	 0.00000000000000000000e+00	 3.15296227036930502210e-39	 3.15296225276563944487e-39	 3.15296227374347144680e-39	 
 3.08000000000000007105e+00	 2.44231256854193830689e-39	 0.00000000000000000000e+00	 4.44159388301789664154e-40	 1.89225993110449784809e-35	 2.47193835935512191682e-35	 3.15646501383539329108e-37	 3.00028348931278327550e-37	 3.21445460833552653141e-36	 2.67546904713926302533e-36	 2.49018128587735003553e-35	 6.10721534129987507851e-37	 0.00000000000000000000e+00	 0.00000000000000000000e+00	 0.00000000000000000000e+00	 
 3.10000000000000008882e+00	 0.00000000000000000000e+00	 3.10029843806503898122e-42	 0.00000000000000000000e+00	 0.00000000000000000000e+00	 0.00000000000000000000e+00	 0.00000000000000000000e+00	 0.00000000000000000000e+00	 0.00000000000000000000e+00	 0.00000000000000000000e+00	 0.00000000000000000000e+00	 0.00000000000000000000e+00	 7.43067658613986066005e-42	 7.43067654456033383342e-42	 7.43067659409361162740e-42	 
 3.12000000000000010658e+00	 5.73682480785999371752e-42	 0.00000000000000000000e+00	 1.04331853114966007373e-42	 4.44477064265095781132e-38	 5.80638991600184654661e-38	 7.41429121311067427051e-40	 7.04743324928096924147e-40	 7.55050511539465736103e-39	 6.28446915445446332487e-39	 5.84924133379413025843e-38	 1.43453718137705492947e-39	 0.00000000000000000000e+00	 0.00000000000000000000e+00	 0.00000000000000000000e+00	 
 3.13999999999999968026e+00	 0.00000000000000000000e+00	 7.23198411994560036694e-45	 0.00000000000000000000e+00	 0.00000000000000000000e+00	 0.00000000000000000000e+00	 0.00000000000000000000e+00	 0.00000000000000000000e+00	 0.00000000000000000000e+00	 0.00000000000000000000e+00	 0.00000000000000000000e+00	 0.00000000000000000000e+00	 1.73333426245685927749e-44	 1.73333425274265625905e-44	 1.73333426431249721615e-44	 
 3.16000000000000014211e+00	 1.32521621234247279294e-44	 0.00000000000000000000e+00	 2.41011570309521526890e-45	 1.02674635148729427062e-40	 1.34128172479291055463e-40	 1.71270878776511696249e-42	 1.62796427994514470439e-42	 1.74417448464625792432e-41	 1.45171876698909298119e-41	 1.35118048052097903742e-40	 3.31379494922211121975e-42	 0.00000000000000000000e+00	 0.00000000000000000000e+00	 0.00000000000000000000e+00	 
 3.18000000000000015987e+00	 0.00000000000000000000e+00	 0.00000000000000000000e+00	 0.00000000000000000000e+00	 0.00000000000000000000e+00	 0.00000000000000000000e+00	 0.00000000000000000000e+00	 0.00000000000000000000e+00	 0.00000000000000000000e+00	 0.00000000000000000000e+00	 0.00000000000000000000e+00	 0.00000000000000000000e+00	 0.00000000000000000000e+00	 0.00000000000000000000e+00	 0.00000000000000000000e+00	 
 3.19999999999999973355e+00	 0.00000000000000000000e+00	 0.00000000000000000000e+00	 0.00000000000000000000e+00	 2.30580646636961094184e-43	 3.01217146746131656191e-43	 3.84630094467444101319e-45	 3.65598678318357367588e-45	 3.91696499102930950192e-44	 3.26018489485267386934e-44	 3.03440156674107302554e-43	 7.44192558551790416261e-45	 0.00000000000000000000e+00	 0.00000000000000000000e+00	 0.00000000000000000000e+00	 
 3.22000000000000019540e+00	 0.00000000000000000000e+00	 0.00000000000000000000e+00	 0.00000000000000000000e+00	 0.00000000000000000000e+00	 0.00000000000000000000e+00	 0.00000000000000000000e+00	 0.00000000000000000000e+00	 0.00000000000000000000e+00	 0.00000000000000000000e+00	 0.00000000000000000000e+00	 0.00000000000000000000e+00	 0.00000000000000000000e+00	 0.00000000000000000000e+00	 0.00000000000000000000e+00	 
 3.24000000000000021316e+00	 0.00000000000000000000e+00	 0.00000000000000000000e+00	 0.00000000000000000000e+00	 4.98399657110331370980e-46	 6.51080324912417035445e-46	 0.00000000000000000000e+00	 0.00000000000000000000e+00	 0.00000000000000000000e+00	 0.00000000000000000000e+00	 6.55885365104830587089e-46	 0.00000000000000000000e+00	 0.00000000000000000000e+00	 0.00000000000000000000e+00	 0.00000000000000000000e+00	 
 3.25999999999999978684e+00	 0.00000000000000000000e+00	 0.00000000000000000000e+00	 0.00000000000000000000e+00	 0.00000000000000000000e+00	 0.00000000000000000000e+00	 0.00000000000000000000e+00	 0.00000000000000000000e+00	 0.00000000000000000000e+00	 0.00000000000000000000e+00	 0.00000000000000000000e+00	 0.00000000000000000000e+00	 0.00000000000000000000e+00	 0.00000000000000000000e+00	 0.00000000000000000000e+00	 
 3.28000000000000024869e+00	 0.00000000000000000000e+00	 0.00000000000000000000e+00	 0.00000000000000000000e+00	 0.00000000000000000000e+00	 0.00000000000000000000e+00	 0.00000000000000000000e+00	 0.00000000000000000000e+00	 0.00000000000000000000e+00	 0.00000000000000000000e+00	 0.00000000000000000000e+00	 0.00000000000000000000e+00	 0.00000000000000000000e+00	 0.00000000000000000000e+00	 0.00000000000000000000e+00	 
 3.29999999999999982236e+00	 0.00000000000000000000e+00	 0.00000000000000000000e+00	 0.00000000000000000000e+00	 0.00000000000000000000e+00	 0.00000000000000000000e+00	 0.00000000000000000000e+00	 0.00000000000000000000e+00	 0.00000000000000000000e+00	 0.00000000000000000000e+00	 0.00000000000000000000e+00	 0.00000000000000000000e+00	 0.00000000000000000000e+00	 0.00000000000000000000e+00	 0.00000000000000000000e+00	 
 3.31999999999999984013e+00	 0.00000000000000000000e+00	 0.00000000000000000000e+00	 0.00000000000000000000e+00	 0.00000000000000000000e+00	 0.00000000000000000000e+00	 0.00000000000000000000e+00	 0.00000000000000000000e+00	 0.00000000000000000000e+00	 0.00000000000000000000e+00	 0.00000000000000000000e+00	 0.00000000000000000000e+00	 0.00000000000000000000e+00	 0.00000000000000000000e+00	 0.00000000000000000000e+00	 
 3.34000000000000030198e+00	 0.00000000000000000000e+00	 0.00000000000000000000e+00	 0.00000000000000000000e+00	 0.00000000000000000000e+00	 0.00000000000000000000e+00	 0.00000000000000000000e+00	 0.00000000000000000000e+00	 0.00000000000000000000e+00	 0.00000000000000000000e+00	 0.00000000000000000000e+00	 0.00000000000000000000e+00	 0.00000000000000000000e+00	 0.00000000000000000000e+00	 0.00000000000000000000e+00	 
 3.36000000000000031974e+00	 0.00000000000000000000e+00	 0.00000000000000000000e+00	 0.00000000000000000000e+00	 0.00000000000000000000e+00	 0.00000000000000000000e+00	 0.00000000000000000000e+00	 0.00000000000000000000e+00	 0.00000000000000000000e+00	 0.00000000000000000000e+00	 0.00000000000000000000e+00	 0.00000000000000000000e+00	 0.00000000000000000000e+00	 0.00000000000000000000e+00	 0.00000000000000000000e+00	 
 3.37999999999999989342e+00	 0.00000000000000000000e+00	 0.00000000000000000000e+00	 0.00000000000000000000e+00	 0.00000000000000000000e+00	 0.00000000000000000000e+00	 0.00000000000000000000e+00	 0.00000000000000000000e+00	 0.00000000000000000000e+00	 0.00000000000000000000e+00	 0.00000000000000000000e+00	 0.00000000000000000000e+00	 0.00000000000000000000e+00	 0.00000000000000000000e+00	 0.00000000000000000000e+00	 
 3.39999999999999991118e+00	 0.00000000000000000000e+00	 0.00000000000000000000e+00	 0.00000000000000000000e+00	 0.00000000000000000000e+00	 0.00000000000000000000e+00	 0.00000000000000000000e+00	 0.00000000000000000000e+00	 0.00000000000000000000e+00	 0.00000000000000000000e+00	 0.00000000000000000000e+00	 0.00000000000000000000e+00	 0.00000000000000000000e+00	 0.00000000000000000000e+00	 0.00000000000000000000e+00	 
 3.42000000000000037303e+00	 0.00000000000000000000e+00	 0.00000000000000000000e+00	 0.00000000000000000000e+00	 0.00000000000000000000e+00	 0.00000000000000000000e+00	 0.00000000000000000000e+00	 0.00000000000000000000e+00	 0.00000000000000000000e+00	 0.00000000000000000000e+00	 0.00000000000000000000e+00	 0.00000000000000000000e+00	 0.00000000000000000000e+00	 0.00000000000000000000e+00	 0.00000000000000000000e+00	 
 3.43999999999999994671e+00	 0.00000000000000000000e+00	 0.00000000000000000000e+00	 0.00000000000000000000e+00	 0.00000000000000000000e+00	 0.00000000000000000000e+00	 0.00000000000000000000e+00	 0.00000000000000000000e+00	 0.00000000000000000000e+00	 0.00000000000000000000e+00	 0.00000000000000000000e+00	 0.00000000000000000000e+00	 0.00000000000000000000e+00	 0.00000000000000000000e+00	 0.00000000000000000000e+00	 
 3.45999999999999996447e+00	 0.00000000000000000000e+00	 0.00000000000000000000e+00	 0.00000000000000000000e+00	 0.00000000000000000000e+00	 0.00000000000000000000e+00	 0.00000000000000000000e+00	 0.00000000000000000000e+00	 0.00000000000000000000e+00	 0.00000000000000000000e+00	 0.00000000000000000000e+00	 0.00000000000000000000e+00	 0.00000000000000000000e+00	 0.00000000000000000000e+00	 0.00000000000000000000e+00	 
 3.48000000000000042633e+00	 0.00000000000000000000e+00	 0.00000000000000000000e+00	 0.00000000000000000000e+00	 0.00000000000000000000e+00	 0.00000000000000000000e+00	 0.00000000000000000000e+00	 0.00000000000000000000e+00	 0.00000000000000000000e+00	 0.00000000000000000000e+00	 0.00000000000000000000e+00	 0.00000000000000000000e+00	 0.00000000000000000000e+00	 0.00000000000000000000e+00	 0.00000000000000000000e+00	 
 3.50000000000000000000e+00	 0.00000000000000000000e+00	 0.00000000000000000000e+00	 0.00000000000000000000e+00	 0.00000000000000000000e+00	 0.00000000000000000000e+00	 0.00000000000000000000e+00	 0.00000000000000000000e+00	 0.00000000000000000000e+00	 0.00000000000000000000e+00	 0.00000000000000000000e+00	 0.00000000000000000000e+00	 0.00000000000000000000e+00	 0.00000000000000000000e+00	 0.00000000000000000000e+00	 
 3.52000000000000001776e+00	 0.00000000000000000000e+00	 0.00000000000000000000e+00	 0.00000000000000000000e+00	 0.00000000000000000000e+00	 0.00000000000000000000e+00	 0.00000000000000000000e+00	 0.00000000000000000000e+00	 0.00000000000000000000e+00	 0.00000000000000000000e+00	 0.00000000000000000000e+00	 0.00000000000000000000e+00	 0.00000000000000000000e+00	 0.00000000000000000000e+00	 0.00000000000000000000e+00	 
 3.54000000000000047962e+00	 0.00000000000000000000e+00	 0.00000000000000000000e+00	 0.00000000000000000000e+00	 0.00000000000000000000e+00	 0.00000000000000000000e+00	 0.00000000000000000000e+00	 0.00000000000000000000e+00	 0.00000000000000000000e+00	 0.00000000000000000000e+00	 0.00000000000000000000e+00	 0.00000000000000000000e+00	 0.00000000000000000000e+00	 0.00000000000000000000e+00	 0.00000000000000000000e+00	 
 3.56000000000000005329e+00	 0.00000000000000000000e+00	 0.00000000000000000000e+00	 0.00000000000000000000e+00	 0.00000000000000000000e+00	 0.00000000000000000000e+00	 0.00000000000000000000e+00	 0.00000000000000000000e+00	 0.00000000000000000000e+00	 0.00000000000000000000e+00	 0.00000000000000000000e+00	 0.00000000000000000000e+00	 0.00000000000000000000e+00	 0.00000000000000000000e+00	 0.00000000000000000000e+00	 
 3.58000000000000007105e+00	 0.00000000000000000000e+00	 0.00000000000000000000e+00	 0.00000000000000000000e+00	 0.00000000000000000000e+00	 0.00000000000000000000e+00	 0.00000000000000000000e+00	 0.00000000000000000000e+00	 0.00000000000000000000e+00	 0.00000000000000000000e+00	 0.00000000000000000000e+00	 0.00000000000000000000e+00	 0.00000000000000000000e+00	 0.00000000000000000000e+00	 0.00000000000000000000e+00	 
 3.60000000000000053291e+00	 0.00000000000000000000e+00	 0.00000000000000000000e+00	 0.00000000000000000000e+00	 0.00000000000000000000e+00	 0.00000000000000000000e+00	 0.00000000000000000000e+00	 0.00000000000000000000e+00	 0.00000000000000000000e+00	 0.00000000000000000000e+00	 0.00000000000000000000e+00	 0.00000000000000000000e+00	 0.00000000000000000000e+00	 0.00000000000000000000e+00	 0.00000000000000000000e+00	 
 3.62000000000000010658e+00	 0.00000000000000000000e+00	 0.00000000000000000000e+00	 0.00000000000000000000e+00	 0.00000000000000000000e+00	 0.00000000000000000000e+00	 0.00000000000000000000e+00	 0.00000000000000000000e+00	 0.00000000000000000000e+00	 0.00000000000000000000e+00	 0.00000000000000000000e+00	 0.00000000000000000000e+00	 0.00000000000000000000e+00	 0.00000000000000000000e+00	 0.00000000000000000000e+00	 
 3.63999999999999968026e+00	 0.00000000000000000000e+00	 0.00000000000000000000e+00	 0.00000000000000000000e+00	 0.00000000000000000000e+00	 0.00000000000000000000e+00	 0.00000000000000000000e+00	 0.00000000000000000000e+00	 0.00000000000000000000e+00	 0.00000000000000000000e+00	 0.00000000000000000000e+00	 0.00000000000000000000e+00	 0.00000000000000000000e+00	 0.00000000000000000000e+00	 0.00000000000000000000e+00	 
 3.65999999999999969802e+00	 0.00000000000000000000e+00	 0.00000000000000000000e+00	 0.00000000000000000000e+00	 0.00000000000000000000e+00	 0.00000000000000000000e+00	 0.00000000000000000000e+00	 0.00000000000000000000e+00	 0.00000000000000000000e+00	 0.00000000000000000000e+00	 0.00000000000000000000e+00	 0.00000000000000000000e+00	 0.00000000000000000000e+00	 0.00000000000000000000e+00	 0.00000000000000000000e+00	 
 3.68000000000000015987e+00	 0.00000000000000000000e+00	 0.00000000000000000000e+00	 0.00000000000000000000e+00	 0.00000000000000000000e+00	 0.00000000000000000000e+00	 0.00000000000000000000e+00	 0.00000000000000000000e+00	 0.00000000000000000000e+00	 0.00000000000000000000e+00	 0.00000000000000000000e+00	 0.00000000000000000000e+00	 0.00000000000000000000e+00	 0.00000000000000000000e+00	 0.00000000000000000000e+00	 
 3.70000000000000017764e+00	 0.00000000000000000000e+00	 0.00000000000000000000e+00	 0.00000000000000000000e+00	 0.00000000000000000000e+00	 0.00000000000000000000e+00	 0.00000000000000000000e+00	 0.00000000000000000000e+00	 0.00000000000000000000e+00	 0.00000000000000000000e+00	 0.00000000000000000000e+00	 0.00000000000000000000e+00	 0.00000000000000000000e+00	 0.00000000000000000000e+00	 0.00000000000000000000e+00	 
 3.71999999999999975131e+00	 0.00000000000000000000e+00	 0.00000000000000000000e+00	 0.00000000000000000000e+00	 0.00000000000000000000e+00	 0.00000000000000000000e+00	 0.00000000000000000000e+00	 0.00000000000000000000e+00	 0.00000000000000000000e+00	 0.00000000000000000000e+00	 0.00000000000000000000e+00	 0.00000000000000000000e+00	 0.00000000000000000000e+00	 0.00000000000000000000e+00	 0.00000000000000000000e+00	 
 3.74000000000000021316e+00	 0.00000000000000000000e+00	 0.00000000000000000000e+00	 0.00000000000000000000e+00	 0.00000000000000000000e+00	 0.00000000000000000000e+00	 0.00000000000000000000e+00	 0.00000000000000000000e+00	 0.00000000000000000000e+00	 0.00000000000000000000e+00	 0.00000000000000000000e+00	 0.00000000000000000000e+00	 0.00000000000000000000e+00	 0.00000000000000000000e+00	 0.00000000000000000000e+00	 
 3.76000000000000023093e+00	 0.00000000000000000000e+00	 0.00000000000000000000e+00	 0.00000000000000000000e+00	 0.00000000000000000000e+00	 0.00000000000000000000e+00	 0.00000000000000000000e+00	 0.00000000000000000000e+00	 0.00000000000000000000e+00	 0.00000000000000000000e+00	 0.00000000000000000000e+00	 0.00000000000000000000e+00	 0.00000000000000000000e+00	 0.00000000000000000000e+00	 0.00000000000000000000e+00	 
 3.77999999999999980460e+00	 0.00000000000000000000e+00	 0.00000000000000000000e+00	 0.00000000000000000000e+00	 0.00000000000000000000e+00	 0.00000000000000000000e+00	 0.00000000000000000000e+00	 0.00000000000000000000e+00	 0.00000000000000000000e+00	 0.00000000000000000000e+00	 0.00000000000000000000e+00	 0.00000000000000000000e+00	 0.00000000000000000000e+00	 0.00000000000000000000e+00	 0.00000000000000000000e+00	 
 3.80000000000000026645e+00	 0.00000000000000000000e+00	 0.00000000000000000000e+00	 0.00000000000000000000e+00	 0.00000000000000000000e+00	 0.00000000000000000000e+00	 0.00000000000000000000e+00	 0.00000000000000000000e+00	 0.00000000000000000000e+00	 0.00000000000000000000e+00	 0.00000000000000000000e+00	 0.00000000000000000000e+00	 0.00000000000000000000e+00	 0.00000000000000000000e+00	 0.00000000000000000000e+00	 
 3.82000000000000028422e+00	 0.00000000000000000000e+00	 0.00000000000000000000e+00	 0.00000000000000000000e+00	 0.00000000000000000000e+00	 0.00000000000000000000e+00	 0.00000000000000000000e+00	 0.00000000000000000000e+00	 0.00000000000000000000e+00	 0.00000000000000000000e+00	 0.00000000000000000000e+00	 0.00000000000000000000e+00	 0.00000000000000000000e+00	 0.00000000000000000000e+00	 0.00000000000000000000e+00	 
 3.83999999999999985789e+00	 0.00000000000000000000e+00	 0.00000000000000000000e+00	 0.00000000000000000000e+00	 0.00000000000000000000e+00	 0.00000000000000000000e+00	 0.00000000000000000000e+00	 0.00000000000000000000e+00	 0.00000000000000000000e+00	 0.00000000000000000000e+00	 0.00000000000000000000e+00	 0.00000000000000000000e+00	 0.00000000000000000000e+00	 0.00000000000000000000e+00	 0.00000000000000000000e+00	 
 3.86000000000000031974e+00	 0.00000000000000000000e+00	 0.00000000000000000000e+00	 0.00000000000000000000e+00	 0.00000000000000000000e+00	 0.00000000000000000000e+00	 0.00000000000000000000e+00	 0.00000000000000000000e+00	 0.00000000000000000000e+00	 0.00000000000000000000e+00	 0.00000000000000000000e+00	 0.00000000000000000000e+00	 0.00000000000000000000e+00	 0.00000000000000000000e+00	 0.00000000000000000000e+00	 
 3.87999999999999989342e+00	 0.00000000000000000000e+00	 0.00000000000000000000e+00	 0.00000000000000000000e+00	 0.00000000000000000000e+00	 0.00000000000000000000e+00	 0.00000000000000000000e+00	 0.00000000000000000000e+00	 0.00000000000000000000e+00	 0.00000000000000000000e+00	 0.00000000000000000000e+00	 0.00000000000000000000e+00	 0.00000000000000000000e+00	 0.00000000000000000000e+00	 0.00000000000000000000e+00	 
 3.89999999999999991118e+00	 0.00000000000000000000e+00	 0.00000000000000000000e+00	 0.00000000000000000000e+00	 0.00000000000000000000e+00	 0.00000000000000000000e+00	 0.00000000000000000000e+00	 0.00000000000000000000e+00	 0.00000000000000000000e+00	 0.00000000000000000000e+00	 0.00000000000000000000e+00	 0.00000000000000000000e+00	 0.00000000000000000000e+00	 0.00000000000000000000e+00	 0.00000000000000000000e+00	 
 3.91999999999999948486e+00	 0.00000000000000000000e+00	 0.00000000000000000000e+00	 0.00000000000000000000e+00	 0.00000000000000000000e+00	 0.00000000000000000000e+00	 0.00000000000000000000e+00	 0.00000000000000000000e+00	 0.00000000000000000000e+00	 0.00000000000000000000e+00	 0.00000000000000000000e+00	 0.00000000000000000000e+00	 0.00000000000000000000e+00	 0.00000000000000000000e+00	 0.00000000000000000000e+00	 
 3.93999999999999994671e+00	 0.00000000000000000000e+00	 0.00000000000000000000e+00	 0.00000000000000000000e+00	 0.00000000000000000000e+00	 0.00000000000000000000e+00	 0.00000000000000000000e+00	 0.00000000000000000000e+00	 0.00000000000000000000e+00	 0.00000000000000000000e+00	 0.00000000000000000000e+00	 0.00000000000000000000e+00	 0.00000000000000000000e+00	 0.00000000000000000000e+00	 0.00000000000000000000e+00	 
 3.95999999999999996447e+00	 0.00000000000000000000e+00	 0.00000000000000000000e+00	 0.00000000000000000000e+00	 0.00000000000000000000e+00	 0.00000000000000000000e+00	 0.00000000000000000000e+00	 0.00000000000000000000e+00	 0.00000000000000000000e+00	 0.00000000000000000000e+00	 0.00000000000000000000e+00	 0.00000000000000000000e+00	 0.00000000000000000000e+00	 0.00000000000000000000e+00	 0.00000000000000000000e+00	 
 3.97999999999999953815e+00	 0.00000000000000000000e+00	 0.00000000000000000000e+00	 0.00000000000000000000e+00	 0.00000000000000000000e+00	 0.00000000000000000000e+00	 0.00000000000000000000e+00	 0.00000000000000000000e+00	 0.00000000000000000000e+00	 0.00000000000000000000e+00	 0.00000000000000000000e+00	 0.00000000000000000000e+00	 0.00000000000000000000e+00	 0.00000000000000000000e+00	 0.00000000000000000000e+00	 
 4.00000000000000000000e+00	 0.00000000000000000000e+00	 0.00000000000000000000e+00	 0.00000000000000000000e+00	 0.00000000000000000000e+00	 0.00000000000000000000e+00	 0.00000000000000000000e+00	 0.00000000000000000000e+00	 0.00000000000000000000e+00	 0.00000000000000000000e+00	 0.00000000000000000000e+00	 0.00000000000000000000e+00	 0.00000000000000000000e+00	 0.00000000000000000000e+00	 0.00000000000000000000e+00	 
 4.01999999999999957367e+00	 0.00000000000000000000e+00	 0.00000000000000000000e+00	 0.00000000000000000000e+00	 0.00000000000000000000e+00	 0.00000000000000000000e+00	 0.00000000000000000000e+00	 0.00000000000000000000e+00	 0.00000000000000000000e+00	 0.00000000000000000000e+00	 0.00000000000000000000e+00	 0.00000000000000000000e+00	 0.00000000000000000000e+00	 0.00000000000000000000e+00	 0.00000000000000000000e+00	 
 4.04000000000000003553e+00	 0.00000000000000000000e+00	 0.00000000000000000000e+00	 0.00000000000000000000e+00	 0.00000000000000000000e+00	 0.00000000000000000000e+00	 0.00000000000000000000e+00	 0.00000000000000000000e+00	 0.00000000000000000000e+00	 0.00000000000000000000e+00	 0.00000000000000000000e+00	 0.00000000000000000000e+00	 0.00000000000000000000e+00	 0.00000000000000000000e+00	 0.00000000000000000000e+00	 
 4.06000000000000049738e+00	 0.00000000000000000000e+00	 0.00000000000000000000e+00	 0.00000000000000000000e+00	 0.00000000000000000000e+00	 0.00000000000000000000e+00	 0.00000000000000000000e+00	 0.00000000000000000000e+00	 0.00000000000000000000e+00	 0.00000000000000000000e+00	 0.00000000000000000000e+00	 0.00000000000000000000e+00	 0.00000000000000000000e+00	 0.00000000000000000000e+00	 0.00000000000000000000e+00	 
 4.08000000000000007105e+00	 0.00000000000000000000e+00	 0.00000000000000000000e+00	 0.00000000000000000000e+00	 0.00000000000000000000e+00	 0.00000000000000000000e+00	 0.00000000000000000000e+00	 0.00000000000000000000e+00	 0.00000000000000000000e+00	 0.00000000000000000000e+00	 0.00000000000000000000e+00	 0.00000000000000000000e+00	 0.00000000000000000000e+00	 0.00000000000000000000e+00	 0.00000000000000000000e+00	 
 4.09999999999999964473e+00	 0.00000000000000000000e+00	 0.00000000000000000000e+00	 0.00000000000000000000e+00	 0.00000000000000000000e+00	 0.00000000000000000000e+00	 0.00000000000000000000e+00	 0.00000000000000000000e+00	 0.00000000000000000000e+00	 0.00000000000000000000e+00	 0.00000000000000000000e+00	 0.00000000000000000000e+00	 0.00000000000000000000e+00	 0.00000000000000000000e+00	 0.00000000000000000000e+00	 
 4.12000000000000010658e+00	 0.00000000000000000000e+00	 0.00000000000000000000e+00	 0.00000000000000000000e+00	 0.00000000000000000000e+00	 0.00000000000000000000e+00	 0.00000000000000000000e+00	 0.00000000000000000000e+00	 0.00000000000000000000e+00	 0.00000000000000000000e+00	 0.00000000000000000000e+00	 0.00000000000000000000e+00	 0.00000000000000000000e+00	 0.00000000000000000000e+00	 0.00000000000000000000e+00	 
 4.14000000000000056843e+00	 0.00000000000000000000e+00	 0.00000000000000000000e+00	 0.00000000000000000000e+00	 0.00000000000000000000e+00	 0.00000000000000000000e+00	 0.00000000000000000000e+00	 0.00000000000000000000e+00	 0.00000000000000000000e+00	 0.00000000000000000000e+00	 0.00000000000000000000e+00	 0.00000000000000000000e+00	 0.00000000000000000000e+00	 0.00000000000000000000e+00	 0.00000000000000000000e+00	 
 4.16000000000000014211e+00	 0.00000000000000000000e+00	 0.00000000000000000000e+00	 0.00000000000000000000e+00	 0.00000000000000000000e+00	 0.00000000000000000000e+00	 0.00000000000000000000e+00	 0.00000000000000000000e+00	 0.00000000000000000000e+00	 0.00000000000000000000e+00	 0.00000000000000000000e+00	 0.00000000000000000000e+00	 0.00000000000000000000e+00	 0.00000000000000000000e+00	 0.00000000000000000000e+00	 
 4.17999999999999971578e+00	 0.00000000000000000000e+00	 0.00000000000000000000e+00	 0.00000000000000000000e+00	 0.00000000000000000000e+00	 0.00000000000000000000e+00	 0.00000000000000000000e+00	 0.00000000000000000000e+00	 0.00000000000000000000e+00	 0.00000000000000000000e+00	 0.00000000000000000000e+00	 0.00000000000000000000e+00	 0.00000000000000000000e+00	 0.00000000000000000000e+00	 0.00000000000000000000e+00	 
 4.20000000000000017764e+00	 0.00000000000000000000e+00	 0.00000000000000000000e+00	 0.00000000000000000000e+00	 0.00000000000000000000e+00	 0.00000000000000000000e+00	 0.00000000000000000000e+00	 0.00000000000000000000e+00	 0.00000000000000000000e+00	 0.00000000000000000000e+00	 0.00000000000000000000e+00	 0.00000000000000000000e+00	 0.00000000000000000000e+00	 0.00000000000000000000e+00	 0.00000000000000000000e+00	 
 4.21999999999999975131e+00	 0.00000000000000000000e+00	 0.00000000000000000000e+00	 0.00000000000000000000e+00	 0.00000000000000000000e+00	 0.00000000000000000000e+00	 0.00000000000000000000e+00	 0.00000000000000000000e+00	 0.00000000000000000000e+00	 0.00000000000000000000e+00	 0.00000000000000000000e+00	 0.00000000000000000000e+00	 0.00000000000000000000e+00	 0.00000000000000000000e+00	 0.00000000000000000000e+00	 
 4.24000000000000021316e+00	 0.00000000000000000000e+00	 0.00000000000000000000e+00	 0.00000000000000000000e+00	 0.00000000000000000000e+00	 0.00000000000000000000e+00	 0.00000000000000000000e+00	 0.00000000000000000000e+00	 0.00000000000000000000e+00	 0.00000000000000000000e+00	 0.00000000000000000000e+00	 0.00000000000000000000e+00	 0.00000000000000000000e+00	 0.00000000000000000000e+00	 0.00000000000000000000e+00	 
 4.25999999999999978684e+00	 0.00000000000000000000e+00	 0.00000000000000000000e+00	 0.00000000000000000000e+00	 0.00000000000000000000e+00	 0.00000000000000000000e+00	 0.00000000000000000000e+00	 0.00000000000000000000e+00	 0.00000000000000000000e+00	 0.00000000000000000000e+00	 0.00000000000000000000e+00	 0.00000000000000000000e+00	 0.00000000000000000000e+00	 0.00000000000000000000e+00	 0.00000000000000000000e+00	 
 4.28000000000000024869e+00	 0.00000000000000000000e+00	 0.00000000000000000000e+00	 0.00000000000000000000e+00	 0.00000000000000000000e+00	 0.00000000000000000000e+00	 0.00000000000000000000e+00	 0.00000000000000000000e+00	 0.00000000000000000000e+00	 0.00000000000000000000e+00	 0.00000000000000000000e+00	 0.00000000000000000000e+00	 0.00000000000000000000e+00	 0.00000000000000000000e+00	 0.00000000000000000000e+00	 
 4.29999999999999982236e+00	 0.00000000000000000000e+00	 0.00000000000000000000e+00	 0.00000000000000000000e+00	 0.00000000000000000000e+00	 0.00000000000000000000e+00	 0.00000000000000000000e+00	 0.00000000000000000000e+00	 0.00000000000000000000e+00	 0.00000000000000000000e+00	 0.00000000000000000000e+00	 0.00000000000000000000e+00	 0.00000000000000000000e+00	 0.00000000000000000000e+00	 0.00000000000000000000e+00	 
 4.32000000000000028422e+00	 0.00000000000000000000e+00	 0.00000000000000000000e+00	 0.00000000000000000000e+00	 0.00000000000000000000e+00	 0.00000000000000000000e+00	 0.00000000000000000000e+00	 0.00000000000000000000e+00	 0.00000000000000000000e+00	 0.00000000000000000000e+00	 0.00000000000000000000e+00	 0.00000000000000000000e+00	 0.00000000000000000000e+00	 0.00000000000000000000e+00	 0.00000000000000000000e+00	 
 4.33999999999999985789e+00	 0.00000000000000000000e+00	 0.00000000000000000000e+00	 0.00000000000000000000e+00	 0.00000000000000000000e+00	 0.00000000000000000000e+00	 0.00000000000000000000e+00	 0.00000000000000000000e+00	 0.00000000000000000000e+00	 0.00000000000000000000e+00	 0.00000000000000000000e+00	 0.00000000000000000000e+00	 0.00000000000000000000e+00	 0.00000000000000000000e+00	 0.00000000000000000000e+00	 
 4.36000000000000031974e+00	 0.00000000000000000000e+00	 0.00000000000000000000e+00	 0.00000000000000000000e+00	 0.00000000000000000000e+00	 0.00000000000000000000e+00	 0.00000000000000000000e+00	 0.00000000000000000000e+00	 0.00000000000000000000e+00	 0.00000000000000000000e+00	 0.00000000000000000000e+00	 0.00000000000000000000e+00	 0.00000000000000000000e+00	 0.00000000000000000000e+00	 0.00000000000000000000e+00	 
 4.37999999999999989342e+00	 0.00000000000000000000e+00	 0.00000000000000000000e+00	 0.00000000000000000000e+00	 0.00000000000000000000e+00	 0.00000000000000000000e+00	 0.00000000000000000000e+00	 0.00000000000000000000e+00	 0.00000000000000000000e+00	 0.00000000000000000000e+00	 0.00000000000000000000e+00	 0.00000000000000000000e+00	 0.00000000000000000000e+00	 0.00000000000000000000e+00	 0.00000000000000000000e+00	 
 4.40000000000000035527e+00	 0.00000000000000000000e+00	 0.00000000000000000000e+00	 0.00000000000000000000e+00	 0.00000000000000000000e+00	 0.00000000000000000000e+00	 0.00000000000000000000e+00	 0.00000000000000000000e+00	 0.00000000000000000000e+00	 0.00000000000000000000e+00	 0.00000000000000000000e+00	 0.00000000000000000000e+00	 0.00000000000000000000e+00	 0.00000000000000000000e+00	 0.00000000000000000000e+00	 
 4.41999999999999992895e+00	 0.00000000000000000000e+00	 0.00000000000000000000e+00	 0.00000000000000000000e+00	 0.00000000000000000000e+00	 0.00000000000000000000e+00	 0.00000000000000000000e+00	 0.00000000000000000000e+00	 0.00000000000000000000e+00	 0.00000000000000000000e+00	 0.00000000000000000000e+00	 0.00000000000000000000e+00	 0.00000000000000000000e+00	 0.00000000000000000000e+00	 0.00000000000000000000e+00	 
 4.43999999999999950262e+00	 0.00000000000000000000e+00	 0.00000000000000000000e+00	 0.00000000000000000000e+00	 0.00000000000000000000e+00	 0.00000000000000000000e+00	 0.00000000000000000000e+00	 0.00000000000000000000e+00	 0.00000000000000000000e+00	 0.00000000000000000000e+00	 0.00000000000000000000e+00	 0.00000000000000000000e+00	 0.00000000000000000000e+00	 0.00000000000000000000e+00	 0.00000000000000000000e+00	 
 4.45999999999999996447e+00	 0.00000000000000000000e+00	 0.00000000000000000000e+00	 0.00000000000000000000e+00	 0.00000000000000000000e+00	 0.00000000000000000000e+00	 0.00000000000000000000e+00	 0.00000000000000000000e+00	 0.00000000000000000000e+00	 0.00000000000000000000e+00	 0.00000000000000000000e+00	 0.00000000000000000000e+00	 0.00000000000000000000e+00	 0.00000000000000000000e+00	 0.00000000000000000000e+00	 
 4.47999999999999953815e+00	 0.00000000000000000000e+00	 0.00000000000000000000e+00	 0.00000000000000000000e+00	 0.00000000000000000000e+00	 0.00000000000000000000e+00	 0.00000000000000000000e+00	 0.00000000000000000000e+00	 0.00000000000000000000e+00	 0.00000000000000000000e+00	 0.00000000000000000000e+00	 0.00000000000000000000e+00	 0.00000000000000000000e+00	 0.00000000000000000000e+00	 0.00000000000000000000e+00	 
 4.50000000000000000000e+00	 0.00000000000000000000e+00	 0.00000000000000000000e+00	 0.00000000000000000000e+00	 0.00000000000000000000e+00	 0.00000000000000000000e+00	 0.00000000000000000000e+00	 0.00000000000000000000e+00	 0.00000000000000000000e+00	 0.00000000000000000000e+00	 0.00000000000000000000e+00	 0.00000000000000000000e+00	 0.00000000000000000000e+00	 0.00000000000000000000e+00	 0.00000000000000000000e+00	 
 4.52000000000000046185e+00	 0.00000000000000000000e+00	 0.00000000000000000000e+00	 0.00000000000000000000e+00	 0.00000000000000000000e+00	 0.00000000000000000000e+00	 0.00000000000000000000e+00	 0.00000000000000000000e+00	 0.00000000000000000000e+00	 0.00000000000000000000e+00	 0.00000000000000000000e+00	 0.00000000000000000000e+00	 0.00000000000000000000e+00	 0.00000000000000000000e+00	 0.00000000000000000000e+00	 
 4.54000000000000003553e+00	 0.00000000000000000000e+00	 0.00000000000000000000e+00	 0.00000000000000000000e+00	 0.00000000000000000000e+00	 0.00000000000000000000e+00	 0.00000000000000000000e+00	 0.00000000000000000000e+00	 0.00000000000000000000e+00	 0.00000000000000000000e+00	 0.00000000000000000000e+00	 0.00000000000000000000e+00	 0.00000000000000000000e+00	 0.00000000000000000000e+00	 0.00000000000000000000e+00	 
 4.55999999999999960920e+00	 0.00000000000000000000e+00	 0.00000000000000000000e+00	 0.00000000000000000000e+00	 0.00000000000000000000e+00	 0.00000000000000000000e+00	 0.00000000000000000000e+00	 0.00000000000000000000e+00	 0.00000000000000000000e+00	 0.00000000000000000000e+00	 0.00000000000000000000e+00	 0.00000000000000000000e+00	 0.00000000000000000000e+00	 0.00000000000000000000e+00	 0.00000000000000000000e+00	 
 4.58000000000000007105e+00	 0.00000000000000000000e+00	 0.00000000000000000000e+00	 0.00000000000000000000e+00	 0.00000000000000000000e+00	 0.00000000000000000000e+00	 0.00000000000000000000e+00	 0.00000000000000000000e+00	 0.00000000000000000000e+00	 0.00000000000000000000e+00	 0.00000000000000000000e+00	 0.00000000000000000000e+00	 0.00000000000000000000e+00	 0.00000000000000000000e+00	 0.00000000000000000000e+00	 
 4.60000000000000053291e+00	 0.00000000000000000000e+00	 0.00000000000000000000e+00	 0.00000000000000000000e+00	 0.00000000000000000000e+00	 0.00000000000000000000e+00	 0.00000000000000000000e+00	 0.00000000000000000000e+00	 0.00000000000000000000e+00	 0.00000000000000000000e+00	 0.00000000000000000000e+00	 0.00000000000000000000e+00	 0.00000000000000000000e+00	 0.00000000000000000000e+00	 0.00000000000000000000e+00	 
 4.62000000000000010658e+00	 0.00000000000000000000e+00	 0.00000000000000000000e+00	 0.00000000000000000000e+00	 0.00000000000000000000e+00	 0.00000000000000000000e+00	 0.00000000000000000000e+00	 0.00000000000000000000e+00	 0.00000000000000000000e+00	 0.00000000000000000000e+00	 0.00000000000000000000e+00	 0.00000000000000000000e+00	 0.00000000000000000000e+00	 0.00000000000000000000e+00	 0.00000000000000000000e+00	 
 4.63999999999999968026e+00	 0.00000000000000000000e+00	 0.00000000000000000000e+00	 0.00000000000000000000e+00	 0.00000000000000000000e+00	 0.00000000000000000000e+00	 0.00000000000000000000e+00	 0.00000000000000000000e+00	 0.00000000000000000000e+00	 0.00000000000000000000e+00	 0.00000000000000000000e+00	 0.00000000000000000000e+00	 0.00000000000000000000e+00	 0.00000000000000000000e+00	 0.00000000000000000000e+00	 
 4.66000000000000014211e+00	 0.00000000000000000000e+00	 0.00000000000000000000e+00	 0.00000000000000000000e+00	 0.00000000000000000000e+00	 0.00000000000000000000e+00	 0.00000000000000000000e+00	 0.00000000000000000000e+00	 0.00000000000000000000e+00	 0.00000000000000000000e+00	 0.00000000000000000000e+00	 0.00000000000000000000e+00	 0.00000000000000000000e+00	 0.00000000000000000000e+00	 0.00000000000000000000e+00	 
 4.67999999999999971578e+00	 0.00000000000000000000e+00	 0.00000000000000000000e+00	 0.00000000000000000000e+00	 0.00000000000000000000e+00	 0.00000000000000000000e+00	 0.00000000000000000000e+00	 0.00000000000000000000e+00	 0.00000000000000000000e+00	 0.00000000000000000000e+00	 0.00000000000000000000e+00	 0.00000000000000000000e+00	 0.00000000000000000000e+00	 0.00000000000000000000e+00	 0.00000000000000000000e+00	 
 4.69999999999999928946e+00	 0.00000000000000000000e+00	 0.00000000000000000000e+00	 0.00000000000000000000e+00	 0.00000000000000000000e+00	 0.00000000000000000000e+00	 0.00000000000000000000e+00	 0.00000000000000000000e+00	 0.00000000000000000000e+00	 0.00000000000000000000e+00	 0.00000000000000000000e+00	 0.00000000000000000000e+00	 0.00000000000000000000e+00	 0.00000000000000000000e+00	 0.00000000000000000000e+00	 
 4.72000000000000063949e+00	 0.00000000000000000000e+00	 0.00000000000000000000e+00	 0.00000000000000000000e+00	 0.00000000000000000000e+00	 0.00000000000000000000e+00	 0.00000000000000000000e+00	 0.00000000000000000000e+00	 0.00000000000000000000e+00	 0.00000000000000000000e+00	 0.00000000000000000000e+00	 0.00000000000000000000e+00	 0.00000000000000000000e+00	 0.00000000000000000000e+00	 0.00000000000000000000e+00	 
 4.74000000000000021316e+00	 0.00000000000000000000e+00	 0.00000000000000000000e+00	 0.00000000000000000000e+00	 0.00000000000000000000e+00	 0.00000000000000000000e+00	 0.00000000000000000000e+00	 0.00000000000000000000e+00	 0.00000000000000000000e+00	 0.00000000000000000000e+00	 0.00000000000000000000e+00	 0.00000000000000000000e+00	 0.00000000000000000000e+00	 0.00000000000000000000e+00	 0.00000000000000000000e+00	 
 4.75999999999999978684e+00	 0.00000000000000000000e+00	 0.00000000000000000000e+00	 0.00000000000000000000e+00	 0.00000000000000000000e+00	 0.00000000000000000000e+00	 0.00000000000000000000e+00	 0.00000000000000000000e+00	 0.00000000000000000000e+00	 0.00000000000000000000e+00	 0.00000000000000000000e+00	 0.00000000000000000000e+00	 0.00000000000000000000e+00	 0.00000000000000000000e+00	 0.00000000000000000000e+00	 
 4.78000000000000024869e+00	 0.00000000000000000000e+00	 0.00000000000000000000e+00	 0.00000000000000000000e+00	 0.00000000000000000000e+00	 0.00000000000000000000e+00	 0.00000000000000000000e+00	 0.00000000000000000000e+00	 0.00000000000000000000e+00	 0.00000000000000000000e+00	 0.00000000000000000000e+00	 0.00000000000000000000e+00	 0.00000000000000000000e+00	 0.00000000000000000000e+00	 0.00000000000000000000e+00	 
 4.79999999999999982236e+00	 0.00000000000000000000e+00	 0.00000000000000000000e+00	 0.00000000000000000000e+00	 0.00000000000000000000e+00	 0.00000000000000000000e+00	 0.00000000000000000000e+00	 0.00000000000000000000e+00	 0.00000000000000000000e+00	 0.00000000000000000000e+00	 0.00000000000000000000e+00	 0.00000000000000000000e+00	 0.00000000000000000000e+00	 0.00000000000000000000e+00	 0.00000000000000000000e+00	 
 4.81999999999999939604e+00	 0.00000000000000000000e+00	 0.00000000000000000000e+00	 0.00000000000000000000e+00	 0.00000000000000000000e+00	 0.00000000000000000000e+00	 0.00000000000000000000e+00	 0.00000000000000000000e+00	 0.00000000000000000000e+00	 0.00000000000000000000e+00	 0.00000000000000000000e+00	 0.00000000000000000000e+00	 0.00000000000000000000e+00	 0.00000000000000000000e+00	 0.00000000000000000000e+00	 
 4.84000000000000074607e+00	 0.00000000000000000000e+00	 0.00000000000000000000e+00	 0.00000000000000000000e+00	 0.00000000000000000000e+00	 0.00000000000000000000e+00	 0.00000000000000000000e+00	 0.00000000000000000000e+00	 0.00000000000000000000e+00	 0.00000000000000000000e+00	 0.00000000000000000000e+00	 0.00000000000000000000e+00	 0.00000000000000000000e+00	 0.00000000000000000000e+00	 0.00000000000000000000e+00	 
 4.86000000000000031974e+00	 0.00000000000000000000e+00	 0.00000000000000000000e+00	 0.00000000000000000000e+00	 0.00000000000000000000e+00	 0.00000000000000000000e+00	 0.00000000000000000000e+00	 0.00000000000000000000e+00	 0.00000000000000000000e+00	 0.00000000000000000000e+00	 0.00000000000000000000e+00	 0.00000000000000000000e+00	 0.00000000000000000000e+00	 0.00000000000000000000e+00	 0.00000000000000000000e+00	 
 4.87999999999999989342e+00	 0.00000000000000000000e+00	 0.00000000000000000000e+00	 0.00000000000000000000e+00	 0.00000000000000000000e+00	 0.00000000000000000000e+00	 0.00000000000000000000e+00	 0.00000000000000000000e+00	 0.00000000000000000000e+00	 0.00000000000000000000e+00	 0.00000000000000000000e+00	 0.00000000000000000000e+00	 0.00000000000000000000e+00	 0.00000000000000000000e+00	 0.00000000000000000000e+00	 
 4.89999999999999946709e+00	 0.00000000000000000000e+00	 0.00000000000000000000e+00	 0.00000000000000000000e+00	 0.00000000000000000000e+00	 0.00000000000000000000e+00	 0.00000000000000000000e+00	 0.00000000000000000000e+00	 0.00000000000000000000e+00	 0.00000000000000000000e+00	 0.00000000000000000000e+00	 0.00000000000000000000e+00	 0.00000000000000000000e+00	 0.00000000000000000000e+00	 0.00000000000000000000e+00	 
 4.91999999999999992895e+00	 0.00000000000000000000e+00	 0.00000000000000000000e+00	 0.00000000000000000000e+00	 0.00000000000000000000e+00	 0.00000000000000000000e+00	 0.00000000000000000000e+00	 0.00000000000000000000e+00	 0.00000000000000000000e+00	 0.00000000000000000000e+00	 0.00000000000000000000e+00	 0.00000000000000000000e+00	 0.00000000000000000000e+00	 0.00000000000000000000e+00	 0.00000000000000000000e+00	 
 4.93999999999999950262e+00	 0.00000000000000000000e+00	 0.00000000000000000000e+00	 0.00000000000000000000e+00	 0.00000000000000000000e+00	 0.00000000000000000000e+00	 0.00000000000000000000e+00	 0.00000000000000000000e+00	 0.00000000000000000000e+00	 0.00000000000000000000e+00	 0.00000000000000000000e+00	 0.00000000000000000000e+00	 0.00000000000000000000e+00	 0.00000000000000000000e+00	 0.00000000000000000000e+00	 
 4.95999999999999996447e+00	 0.00000000000000000000e+00	 0.00000000000000000000e+00	 0.00000000000000000000e+00	 0.00000000000000000000e+00	 0.00000000000000000000e+00	 0.00000000000000000000e+00	 0.00000000000000000000e+00	 0.00000000000000000000e+00	 0.00000000000000000000e+00	 0.00000000000000000000e+00	 0.00000000000000000000e+00	 0.00000000000000000000e+00	 0.00000000000000000000e+00	 0.00000000000000000000e+00	 
 4.98000000000000042633e+00	 0.00000000000000000000e+00	 0.00000000000000000000e+00	 0.00000000000000000000e+00	 0.00000000000000000000e+00	 0.00000000000000000000e+00	 0.00000000000000000000e+00	 0.00000000000000000000e+00	 0.00000000000000000000e+00	 0.00000000000000000000e+00	 0.00000000000000000000e+00	 0.00000000000000000000e+00	 0.00000000000000000000e+00	 0.00000000000000000000e+00	 0.00000000000000000000e+00	 
 5.00000000000000000000e+00	 0.00000000000000000000e+00	 0.00000000000000000000e+00	 0.00000000000000000000e+00	 0.00000000000000000000e+00	 0.00000000000000000000e+00	 0.00000000000000000000e+00	 0.00000000000000000000e+00	 0.00000000000000000000e+00	 0.00000000000000000000e+00	 0.00000000000000000000e+00	 0.00000000000000000000e+00	 0.00000000000000000000e+00	 0.00000000000000000000e+00	 0.00000000000000000000e+00	 
