 -1.00000000000000000000e+00	 1.25351864220563992063e-06	 1.23373901989372830857e-06	 1.25138658065014862810e-06	 8.46370523589522910125e-04	 8.47812389147508901378e-04	 8.25749988362768335207e-04	 9.37337449058605297336e-04	 4.81768875188713803764e-04	 5.55230900234657091807e-04	 8.45818033821864496968e-04	 2.78035583245344084202e-06	 3.12433804381911847862e-06	 3.12433181365496736394e-06	 3.12433771408631700113e-06	 
 -9.79999999999999982236e-01	 1.28665378288095318055e-06	 1.26632979356838158163e-06	 1.28442639085570121935e-06	 8.67791003665773007063e-04	 8.69260608036228417557e-04	 8.46714378161219608128e-04	 9.61841574046933423664e-04	 4.94826790125166759635e-04	 5.70365464555536811828e-04	 8.67226136926901479060e-04	 2.85269818589410119325e-06	 3.20655228584144629547e-06	 3.20654587346979580071e-06	 3.20655194818117706727e-06	 
 -9.59999999999999964473e-01	 1.32043194251399455049e-06	 1.29955241802565238936e-06	 1.31810620584352208837e-06	 8.89606780693317860352e-04	 8.91104571740163227400e-04	 8.68066811836380801230e-04	 9.86815337705430721538e-04	 5.08146158934255740176e-04	 5.85804591958239036231e-04	 8.89029248277005456139e-04	 2.92641953247090856773e-06	 3.29035335746998806335e-06	 3.29034675894905136032e-06	 3.29035301149155629048e-06	 
 -9.39999999999999946709e-01	 1.35484815312150413242e-06	 1.33340178079829542619e-06	 1.35242056991261292043e-06	 9.11812507191676262057e-04	 9.13339069957986226730e-04	 8.89801833247884279426e-04	 1.01225441521990509181e-03	 5.21727118750145500529e-04	 6.01548320082929163614e-04	 9.11221906244767633140e-04	 3.00150618251930463251e-06	 3.37572734195919419418e-06	 3.37572055329762625103e-06	 3.37572698695348295144e-06	 
 -9.19999999999999928946e-01	 1.38989585357888022622e-06	 1.36787126452837662290e-06	 1.38736269574326605005e-06	 9.34401590079445769181e-04	 9.35957598449864490268e-04	 9.11912994904351577319e-04	 1.03815319588816592361e-03	 5.35569376859999974651e-04	 6.17596186226876679888e-04	 9.33797456047009500138e-04	 3.07794100918391901574e-06	 3.46265635401085998879e-06	 3.46264937110235900317e-06	 3.46265598925334736277e-06	 
 -9.00000000000000022204e-01	 1.42556669735239657853e-06	 1.40295251435757333093e-06	 1.42292412730590015297e-06	 9.57366083234515168228e-04	 9.58952287579949982574e-04	 9.34392633263152780181e-04	 1.06450466319655840525e-03	 5.49672214312599315481e-04	 6.33947209139368739877e-04	 9.56747908844492373805e-04	 3.15570290318441110653e-06	 3.55111796753432557000e-06	 3.55111078611532240279e-06	 3.55111759243913242362e-06	 
 -8.80000000000000115463e-01	 1.46185033206587858710e-06	 1.43863518879450381331e-06	 1.45909441354320380909e-06	 9.80696561157945716908e-04	 9.82313804567378715676e-04	 9.57231657888405547581e-04	 1.09130025091201264716e-03	 5.64034467278717930976e-04	 6.50599848887545295639e-04	 9.80063789711993699552e-04	 3.23476620588222509996e-06	 3.64108459482356503170e-06	 3.64107721044526307292e-06	 3.64108420899148812504e-06	 
 -8.59999999999999986677e-01	 1.49873410482475998972e-06	 1.47490688658884464898e-06	 1.49586093395014269001e-06	 1.00438216671062106357e-03	 1.00603142863831939574e-03	 9.80419669932000668183e-04	 1.11852971717930926333e-03	 5.78654663264907683992e-04	 6.67551997150644667138e-04	 1.00373416644086244434e-03	 3.31510048320490784219e-06	 3.73252340380091425672e-06	 3.73251581194736793600e-06	 3.73252300680115136226e-06	 
 -8.40000000000000079936e-01	 1.53620291257142026484e-06	 1.51175291816854025147e-06	 1.53320870846901889922e-06	 1.02841040826510575143e-03	 1.03009284118877274782e-03	 1.00394474121917880345e-03	 1.14618099297693820313e-03	 5.93530928547003275297e-04	 6.84800921399200917920e-04	 1.02774645243907682655e-03	 3.39667003380474276427e-06	 3.82539568139588175130e-06	 3.82538787754214323211e-06	 3.82539527265626888943e-06	 
 -8.20000000000000062172e-01	 1.57423898386981724356e-06	 1.54915604012248002916e-06	 1.57112015894420471910e-06	 1.05276695481575045463e-03	 1.05448391800095925969e-03	 1.02779320243413102576e-03	 1.17423999840448613739e-03	 6.08660899213453389540e-04	 7.02343188740479863405e-04	 1.05208620500953802836e-03	 3.47943332053532635302e-06	 3.91965611973907742473e-06	 3.91964809936654314730e-06	 3.91965569851482826581e-06	 
 -8.00000000000000044409e-01	 1.61282230113482323443e-06	 1.58709657196479653959e-06	 1.60957489810501494530e-06	 1.07743618768964288281e-03	 1.07918891546713723202e-03	 1.05194982961868597170e-03	 1.20269038646608305947e-03	 6.24041749050405886688e-04	 7.20174653207288572275e-04	 1.07673790822865474669e-03	 3.56334321664936373036e-06	 4.01525325915323278830e-06	 4.01524501796049665175e-06	 4.01525282471373482851e-06	 
 -7.80000000000000026645e-01	 1.65193009929791232492e-06	 1.62555202927890878125e-06	 1.64854947869951992352e-06	 1.10240076892546574189e-03	 1.10419018449356746113e-03	 1.07639756840763344860e-03	 1.23151338439107110867e-03	 6.39670137217413056936e-04	 7.38290385619816630705e-04	 1.10168445018839471911e-03	 3.64834618642339144086e-06	 4.11212848772948730720e-06	 4.11212002177350167482e-06	 4.11212803945778292359e-06	 
 -7.60000000000000008882e-01	 1.69153637721901599033e-06	 1.66449673814126321305e-06	 1.68801707909717838509e-06	 1.12764126940556553766e-03	 1.12946790157540731363e-03	 1.10111727798839357031e-03	 1.26068758110667376686e-03	 6.55542146118019545577e-04	 7.56684576288758339521e-04	 1.12690668685661520530e-03	 3.73438143793309285486e-06	 4.21021502086680926482e-06	 4.21020632666233340832e-06	 4.21021455829827971000e-06	 
 -7.39999999999999991118e-01	 1.73161292480864620620e-06	 1.70390192070193459629e-06	 1.72794952241885257569e-06	 1.15313618003204691395e-03	 1.15500025900861359555e-03	 1.12608776856177217503e-03	 1.29018912963421326576e-03	 6.71652982261769330996e-04	 7.75350629392646028062e-04	 1.15238352764739744247e-03	 3.82138145989695890436e-06	 4.30943802568663451039e-06	 4.30942909996696220187e-06	 4.30943754827926933063e-06	 
 -7.19999999999999973355e-01	 1.77212853515172499510e-06	 1.74373526920586972970e-06	 1.76831608376968473101e-06	 1.17886167855466884868e-03	 1.18076314487451498360e-03	 1.15128555429014367041e-03	 1.31999133487649086306e-03	 6.87997037238411443885e-04	 7.94281032427870807046e-04	 1.17809168610634299769e-03	 3.90927093772455782901e-06	 4.40971356991120658648e-06	 4.40970440953643327727e-06	 4.40971307692513944302e-06	 
 -6.99999999999999955591e-01	 1.81304831368434636704e-06	 1.78396049573148488510e-06	 1.80908250615708716555e-06	 1.20479139989772060168e-03	 1.20672984449491662272e-03	 1.17668461204985838435e-03	 1.35006423844182183759e-03	 7.04567887516608835040e-04	 8.13467206095676775499e-04	 1.20400544413689497558e-03	 3.99796567915320306193e-06	 4.51094751157319011467e-06	 4.51093811355017157270e-06	 4.51094700202806592139e-06	 
 -6.79999999999999937828e-01	 1.85433230504162802211e-06	 1.82453768641912458284e-06	 1.85020758145055202695e-06	 1.23089640765440891390e-03	 1.23287145317078601983e-03	 1.20225643598681529792e-03	 1.38037531900293353529e-03	 7.21358459646353491167e-04	 8.32899300368331236590e-04	 1.23009665966092068996e-03	 4.08737382810431079834e-06	 4.61303641017504218456e-06	 4.61302677137855633027e-06	 4.61303588352653639373e-06	 
 -6.60000000000000031086e-01	 1.89593560031285997928e-06	 1.86542268505405699058e-06	 1.89164407906440874587e-06	 1.25714493510812761953e-03	 1.25915643371933127365e-03	 1.22796974313267278148e-03	 1.41088882087714588727e-03	 7.38360884680974390894e-04	 8.52566154520255229179e-04	 1.25633451622806768117e-03	 4.17739435598675354832e-06	 4.71586594943711226956e-06	 4.71585606644798525049e-06	 4.71586540597041325122e-06	 
 -6.40000000000000013323e-01	 1.93780825513526172064e-06	 1.90656648566892072506e-06	 1.93333923049360843565e-06	 1.28350212831008928319e-03	 1.28555022653746033566e-03	 1.25379019098247686433e-03	 1.44156514559036345348e-03	 7.55566338607477068316e-04	 8.72455188800728151724e-04	 1.28268528034895085664e-03	 4.26791565752582680981e-06	 4.81930939921001723044e-06	 4.81929926823239964247e-06	 4.81930884024092714068e-06	 
 -6.19999999999999884537e-01	 1.97989486325282746418e-06	 1.94791571343182602725e-06	 1.97524008837059374827e-06	 1.30993116300207458440e-03	 1.31201613963325227664e-03	 1.27968158910878081549e-03	 1.47236180578775048208e-03	 7.72965055883073366011e-04	 8.92552370522325944080e-04	 1.30911176923080769564e-03	 4.35881704496838151569e-06	 4.92322902341710239249e-06	 4.92321864080625212117e-06	 4.92322845055207427293e-06	 
 -5.99999999999999977796e-01	 2.02213412028442707824e-06	 1.98941187284943961846e-06	 2.01729074819856278071e-06	 1.33639248409082866953e-03	 1.33851469170721847947e-03	 1.30560510145757958066e-03	 1.50323260802995295471e-03	 7.90546226890510980376e-04	 9.12842063343300195132e-04	 1.33557327630977416139e-03	 4.44996698402214932357e-06	 5.02747409575968382363e-06	 5.02746345829545350107e-06	 5.02747351056041264791e-06	 
 -5.79999999999999849010e-01	 2.06445829191997973518e-06	 2.03099062650173975265e-06	 2.05943018208797340841e-06	 1.36284318370536805878e-03	 1.36500306803649705881e-03	 1.33151859808783149842e-03	 1.53412694305271840416e-03	 8.08297856097364578534e-04	 9.33306812055181085792e-04	 1.36202544795481386534e-03	 4.54122149254886831222e-06	 5.13187903459357434095e-06	 5.13186813957268372699e-06	 5.13187843853819104729e-06	 
 -5.60000000000000053291e-01	 2.10679601577071690910e-06	 2.07258279699150132385e-06	 2.10158944828762377175e-06	 1.38923832045429840147e-03	 1.39143579361392880772e-03	 1.35737715825204742319e-03	 1.56498985929359171396e-03	 8.26206577439525134340e-04	 9.53927481031511636904e-04	 1.38842284860999482486e-03	 4.63242607325995518481e-06	 5.23626624035310907207e-06	 5.23625508437888743853e-06	 5.23626563177699063122e-06	 
 -5.40000000000000035527e-01	 2.14907043765317432642e-06	 2.11411332251022771592e-06	 2.14369229171503853200e-06	 1.41553009092158636230e-03	 1.41776416981747319448e-03	 1.38313257806443531961e-03	 1.59576156579800351211e-03	 8.44257600711340321260e-04	 9.74682989131315743493e-04	 1.41471756808845931797e-03	 4.72341364103835639895e-06	 5.34044334269705944605e-06	 5.34043192100053681112e-06	 5.34044271491904883335e-06	 
 -5.20000000000000017764e-01	 2.19119765623035595779e-06	 2.15550031828789383337e-06	 2.18565540859057859862e-06	 1.44166716536793635024e-03	 1.44393580320089460686e-03	 1.40873295007121722422e-03	 1.62637695374524089351e-03	 8.62434577966930964073e-04	 9.95549988334928741274e-04	 1.44085813986334371900e-03	 4.81400269499197618555e-06	 5.44420077615348042626e-06	 5.44418908228560881568e-06	 5.44420011640346837155e-06	 
 -5.00000000000000000000e-01	 2.23308744166252918839e-06	 2.19665717802528897396e-06	 2.22739241694995556797e-06	 1.46759519213982263935e-03	 1.46989570656703028712e-03	 1.43412339916906459401e-03	 1.65676843863899001669e-03	 8.80719832415708813074e-04	 1.01650319549531956663e-03	 1.46679000519802488732e-03	 4.90400266660247686237e-06	 5.54731729043554186177e-06	 5.54730531892561837823e-06	 5.54731658619716899006e-06	 
 -4.79999999999999926725e-01	 2.27464221244821512925e-06	 2.23749102572188480115e-06	 2.26881151280135164383e-06	 1.49325634408426963749e-03	 1.49558556747683940417e-03	 1.45924549542807840963e-03	 1.68686426715917428196e-03	 8.99094099648892241053e-04	 1.03751500371431762057e-03	 1.49245506907027787949e-03	 4.99321036386973714466e-06	 5.64955599193058787937e-06	 5.64954373969052775587e-06	 5.64955523409874636899e-06	 
 -4.59999999999999964473e-01	 2.31575609666356042768e-06	 2.27790142883107857980e-06	 2.30981361148109589861e-06	 1.51858893355636911417e-03	 1.52094315829118080508e-03	 1.48403676885443302005e-03	 1.71658718571163822902e-03	 9.17536227204539516639e-04	 1.05855505312594491869e-03	 1.51779132206057015830e-03	 5.08140711000072243608e-06	 5.75066109279267095752e-06	 5.75064855962610993402e-06	 5.75066027653735786763e-06	 
 -4.40000000000000002220e-01	 2.35631968649916016042e-06	 2.31778317135708040515e-06	 2.35029362925217933023e-06	 1.54352850290730885321e-03	 1.54590437875302597580e-03	 1.50843323843421767833e-03	 1.74585544306566113268e-03	 9.36022712672501203818e-04	 1.07959053588887869159e-03	 1.54273366881513035627e-03	 5.16836505456936539125e-06	 5.85036476806480566602e-06	 5.85035195692337319580e-06	 5.85036389223268060684e-06	 
 -4.19999999999999984457e-01	 2.39621728334827383873e-06	 2.35702442823287110300e-06	 2.39013932741307957933e-06	 1.56800714655158722304e-03	 1.57040216957435307954e-03	 1.53236809343307691170e-03	 1.77458192601968271079e-03	 9.54527687701751384117e-04	 1.10058577387679365489e-03	 1.56721334907056978475e-03	 5.25384329890997907553e-06	 5.94838266681738604729e-06	 5.94836958425121162838e-06	 5.94838173409593887078e-06	 
 -3.99999999999999911182e-01	 2.43532475286884934418e-06	 2.39550530720785263171e-06	 2.42923034227689647147e-06	 1.59195296546753295441e-03	 1.59436566436896927541e-03	 1.55577067365695437783e-03	 1.80267345254213123482e-03	 9.73022745040302058234e-04	 1.12150174366867157356e-03	 1.59115746511939042986e-03	 5.33758486076320894765e-06	 6.04441034625499009985e-06	 6.04439700302874271431e-06	 6.04440936392502210019e-06	 
 -3.80000000000000004441e-01	 2.47351626130044695298e-06	 2.43310144089808211913e-06	 2.46744079794674985159e-06	 1.61529310518707157687e-03	 1.61772188112646922963e-03	 1.57856835602206103594e-03	 1.83003473722452851720e-03	 9.91477134783631461334e-04	 1.14229602446388827340e-03	 1.61449184698220465743e-03	 5.41932430234912008657e-06	 6.13813265819155251085e-06	 6.13811906514249694649e-06	 6.13813163319111902933e-06	 
 -3.59999999999999931166e-01	 2.51066076811052079625e-06	 2.46968185892591446528e-06	 2.50463758588632848750e-06	 1.63795229668728219152e-03	 1.64039487848780798571e-03	 1.60068561751402008153e-03	 1.85656627762077535912e-03	 1.00985741731174122511e-03	 1.16292247203831256193e-03	 1.63713964223707831788e-03	 5.49878346514398313875e-06	 6.22921831977550998193e-06	 6.22920448578076497829e-06	 6.22921725629309238096e-06	 
 -3.39999999999999968914e-01	 2.54661937652834006543e-06	 2.50510733997089965624e-06	 2.54067900933759479025e-06	 1.65985172915019524829e-03	 1.66230507753867338787e-03	 1.62204328607742031230e-03	 1.88216275873139080727e-03	 1.02812701549320002943e-03	 1.18333077367410548220e-03	 1.65902022982100682581e-03	 5.57566818717223540718e-06	 6.31731573159224888184e-06	 6.31730166305572995663e-06	 6.31731463048348088123e-06	 
 -3.20000000000000006661e-01	 2.58125234976813437596e-06	 2.53923707489616402698e-06	 2.57542212485642881028e-06	 1.68091255365848289346e-03	 1.68337293268953328181e-03	 1.64256291922347313558e-03	 1.90671756159846959855e-03	 1.04624667916656871255e-03	 1.20346759801222388982e-03	 1.68005442413138869964e-03	 5.64968352463273301793e-06	 6.40206982612930434101e-06	 6.40205552686801046401e-06	 6.40206868676014196918e-06	 
 -2.99999999999999933387e-01	 2.61441567424457886924e-06	 2.57192529475470164864e-06	 2.60871902415384710643e-06	 1.70105434852060042120e-03	 1.70351730838235273548e-03	 1.66216486618144042124e-03	 1.93012052992231220722e-03	 1.06417397910724327061e-03	 1.22327570346398824611e-03	 1.70016215485857113271e-03	 5.72052643018143621708e-06	 6.48311365073495522997e-06	 6.48309912160433207966e-06	 6.48311247167679695325e-06	 
 -2.80000000000000026645e-01	 2.64595847608765000455e-06	 2.60301874431996894049e-06	 2.64041406211192538036e-06	 1.72019389453655882800e-03	 1.72265419420035426068e-03	 1.68076674190299410472e-03	 1.95225628449954423556e-03	 1.08186271494982032444e-03	 1.24269308006768231141e-03	 1.71926066693462407942e-03	 5.78788023750496238043e-06	 6.56006205009040495654e-06	 6.56004728842402923738e-06	 6.56006082898845767695e-06	 
 -2.59999999999999953371e-01	 2.67573086100504036730e-06	 2.63236505745792990894e-06	 2.67035456444452735597e-06	 1.73824628129322670753e-03	 1.74070127162990182824e-03	 1.69828613067492598110e-03	 1.97300844167087267161e-03	 1.09926366655335120553e-03	 1.26165471167864230717e-03	 1.73726793665043605271e-03	 5.85143323561019487462e-06	 6.63253303832221748955e-06	 6.63251804091367393179e-06	 6.63253177479464298963e-06	 
 -2.39999999999999907851e-01	 2.70358029795889787404e-06	 2.65980878850463474421e-06	 2.69838578447631920106e-06	 1.75512460098916690289e-03	 1.75757603224961970155e-03	 1.71463957029908617424e-03	 1.99225764445809050765e-03	 1.11632392065424664376e-03	 1.28009138497358482267e-03	 1.75410134406616216064e-03	 5.91087029630364633315e-06	 6.70013780985198285645e-06	 6.70012257426680898421e-06	 6.70013650701700248845e-06	 
 -2.19999999999999945599e-01	 2.72934884339871461120e-06	 2.68518841867427703461e-06	 2.72434713508405732275e-06	 1.77073957179869770698e-03	 1.77319421500865873585e-03	 1.72974161981191785348e-03	 2.00988003257659454681e-03	 1.13298613304721245906e-03	 1.29792862797114280995e-03	 1.76967650633974549722e-03	 5.96586641542920997428e-06	 6.76247315132905849538e-06	 6.76245767601637086353e-06	 6.76247181633296302736e-06	 
 -1.99999999999999983347e-01	 2.75287609255675012692e-06	 2.70834690051883548011e-06	 2.74807381776245182944e-06	 1.78500781959257427689e-03	 1.78747233540694290717e-03	 1.74350788301166708359e-03	 2.02575883336991334135e-03	 1.14919043942491726391e-03	 1.31508983216120493333e-03	 1.78391193382249090872e-03	 6.01611072219714312833e-06	 6.81914804973438919497e-06	 6.81913233536370382086e-06	 6.81914669101750026326e-06	 
 -1.79999999999999993339e-01	 2.77399800036926060754e-06	 2.72912687103691286089e-06	 2.76939616904508553488e-06	 1.79784831184894261340e-03	 1.80032689784654221891e-03	 1.75585395541317493447e-03	 2.03977909182610859379e-03	 1.16487322915643392619e-03	 1.33149442852329488035e-03	 1.79672725399427865058e-03	 6.06129607001747707304e-06	 6.86977177248524183026e-06	 6.86975582273786469957e-06	 6.86977039862479547678e-06	 
 -1.59999999999999920064e-01	 2.79254577271484113815e-06	 2.74736692693038335472e-06	 2.78813897396088122713e-06	 1.80917945744259785895e-03	 1.81167351180938781229e-03	 1.76669436304501361636e-03	 2.05182358721948867458e-03	 1.17996602040421560108e-03	 1.34705641564491856131e-03	 1.80804157714460644359e-03	 6.10111064417098628943e-06	 6.91394446695861443448e-06	 6.91392828890180390615e-06	 6.91394308663416912820e-06	 
 -1.39999999999999902300e-01	 2.80835668501390486757e-06	 2.76291727095014228493e-06	 2.80414552357992665147e-06	 1.81892325563700598887e-03	 1.82143328985754282198e-03	 1.77594758954675402234e-03	 2.06178545574497518525e-03	 1.19439755045872941612e-03	 1.36168951932674124443e-03	 1.81777488110000618945e-03	 6.13515291035342344195e-06	 6.95129612673566375580e-06	 6.95127972726781962962e-06	 6.95129474234629971235e-06	 
 -1.20000000000000009437e-01	 2.82126921634011562287e-06	 2.77563266969125551527e-06	 2.81726638198679002381e-06	 1.82700387062360749928e-03	 1.82953028803567322239e-03	 1.78353414104644560426e-03	 2.06956261372729429654e-03	 1.20809242302422157472e-03	 1.37530441077001797968e-03	 1.82584790518769434810e-03	 6.16297310999210245808e-06	 6.98146923871661400886e-06	 6.98145262292441138452e-06	 6.98146784299338585424e-06	 
 -1.00000000000000005551e-01	 2.83111909691890381073e-06	 2.78536677436616134196e-06	 2.82735079476443182029e-06	 1.83334605228689228457e-03	 1.83588913577740304658e-03	 1.78937466511230099803e-03	 2.07505308010990513479e-03	 1.22096989712087273215e-03	 1.38780662633488835987e-03	 1.83218157169519118774e-03	 6.18410267045864923442e-06	 7.00410454697798568792e-06	 7.00408771786491022275e-06	 7.00410312184885256939e-06	 
 -8.00000000000000155431e-02	 2.83778880205693924600e-06	 2.79199011945040887996e-06	 2.83426903143450388027e-06	 1.83788025648656491197e-03	 1.84043948314338632992e-03	 1.79340240624637652957e-03	 2.07816648401545683508e-03	 1.23295185635020681722e-03	 1.39910669629891349676e-03	 1.83670635984285691641e-03	 6.19822690015398123921e-06	 7.01888500299170729453e-06	 7.01886796101136291949e-06	 7.01888352575550605823e-06	 
 -5.99999999999999630851e-02	 2.84118384777981957258e-06	 2.79538206737732757029e-06	 2.83790219069427698494e-06	 1.84054079585608881472e-03	 1.84311447725163954706e-03	 1.79555769392150742052e-03	 2.07881917146964271745e-03	 1.24395867530405386525e-03	 1.40911499117551421677e-03	 1.83935829987604774344e-03	 6.20510004986654749027e-06	 7.02551633615356186253e-06	 7.02549907879259514707e-06	 7.02551478191142444589e-06	 
 -3.99999999999999383826e-02	 2.84121418054774421610e-06	 2.79542379097531233916e-06	 2.83813360460205186907e-06	 1.84126368767046537725e-03	 1.84384886026788788645e-03	 1.79578307570320565463e-03	 2.07692949310030660834e-03	 1.25390620049630960309e-03	 1.41773808177469572318e-03	 1.84007528404169233734e-03	 6.20448273582061081665e-06	 7.02370970036325962486e-06	 7.02369222181284058945e-06	 7.02370804187000451419e-06	 
 -2.00000000000000281719e-02	 2.83780437047283341526e-06	 2.79202017674909988419e-06	 2.83487403415429657557e-06	 1.84000045325704024608e-03	 1.84259270179353289339e-03	 1.79402804113487374799e-03	 2.07243589196710268491e-03	 1.26271278227415694601e-03	 1.42488819708124392523e-03	 1.83880793460392054188e-03	 6.19618765579367989889e-06	 7.01323607673366524910e-06	 7.01321837798663339847e-06	 7.01323429386888028565e-06	 
 -4.82163733276643543166e-17	 2.83089013840236890379e-06	 2.78508987151326090653e-06	 2.82805014540294878515e-06	 1.83671191361271888415e-03	 1.83930520947252142301e-03	 1.79024749094291676411e-03	 2.06528873741719911153e-03	 1.27029550172396451906e-03	 1.43047831575779686372e-03	 1.83551490509479674901e-03	 6.18005933608626035857e-06	 6.99390176726735686734e-06	 6.99388386092912946759e-06	 6.99389985165840766463e-06	 
 2.00000000000001253164e-02	 2.82041303056116416577e-06	 2.77455594402517544871e-06	 2.81759384466739000517e-06	 1.83136237557576342198e-03	 1.83394896371313702831e-03	 1.78439924548047176844e-03	 2.05544241971101007693e-03	 1.27656746784893791215e-03	 1.43441869959918871444e-03	 1.83015815866524275170e-03	 6.15595399528271513601e-06	 6.96552489790475533272e-06	 6.96550680906799226738e-06	 6.96552285388828456225e-06	 
 4.00000000000001187939e-02	 2.80632580159098634704e-06	 2.76036687259342193536e-06	 2.80345342873305997344e-06	 1.82392750026123774340e-03	 1.82649829429070201768e-03	 1.77645250451269830737e-03	 2.04287125123827750101e-03	 1.28144879545396390107e-03	 1.43663063265746086296e-03	 1.82271113035667757171e-03	 6.12378100714739723951e-06	 6.92798766707664021676e-06	 6.92796943520495293488e-06	 6.92798550663756184173e-06	 
 6.00000000000000255351e-02	 2.78859130478034866732e-06	 2.74248708064370621981e-06	 2.78558936636151178328e-06	 1.81439121915882763808e-03	 1.81693590738017879752e-03	 1.76638435138605259973e-03	 2.02756250161641215016e-03	 1.28486075242738003246e-03	 1.43703923784418963715e-03	 1.81315545083097075067e-03	 6.08348493228830825122e-06	 6.88121302609693942585e-06	 6.88119470657960975230e-06	 6.88121076712457573977e-06	 
 7.99999999999999322764e-02	 2.76717800470143962299e-06	 2.72088665682228089766e-06	 2.76396768297716219766e-06	 1.80274146764631800280e-03	 1.80524844766938720279e-03	 1.75417533007699607932e-03	 2.00950823612904222806e-03	 1.28672168194062137847e-03	 1.43556834165117644733e-03	 1.80147661171420835589e-03	 6.03502413396961132915e-06	 6.82513869371882662837e-06	 6.82512035874583160891e-06	 6.82513636033408574227e-06	 
 9.99999999999999500400e-02	 2.74208232859342898144e-06	 2.69557173669145166972e-06	 2.73858191425826305574e-06	 1.78897846619590120652e-03	 1.79143803427250065084e-03	 1.73982236801229449286e-03	 1.98873109096605943033e-03	 1.28696175783193271849e-03	 1.43215967710673321850e-03	 1.78767679546373912773e-03	 5.97842982039476857385e-06	 6.75979059331933833274e-06	 6.75977231442128814455e-06	 6.75978821264916527825e-06	 
 1.20000000000000023315e-01	 2.71331845138861579687e-06	 2.66657004801971701796e-06	 2.70944308287157578364e-06	 1.77311139838613263456e-03	 1.77551719909261663567e-03	 1.72333288831711230540e-03	 1.96527207520249972209e-03	 1.28551500324160889940e-03	 1.42676269227973357735e-03	 1.77176910722941791457e-03	 5.91377873990842683268e-06	 6.68524830035233462281e-06	 6.68523014093250579816e-06	 6.68524590128908082902e-06	 
 1.40000000000000041078e-01	 2.68090609030593421237e-06	 2.63391528982970876823e-06	 2.67656762820374214510e-06	 1.75515328128700385385e-03	 1.75750246764601802604e-03	 1.70471789304572104821e-03	 1.93917706897171228386e-03	 1.28231371592891357780e-03	 1.41932703319567945360e-03	 1.75377066548366013048e-03	 5.84116132489318265735e-06	 6.60160651545650719175e-06	 6.60158853038009093081e-06	 6.60160412870555067750e-06	 
 1.59999999999999975575e-01	 2.64491437753453478602e-06	 2.59767510931498100415e-06	 2.64002095845607444099e-06	 1.73513238307449759422e-03	 1.73742288855532542313e-03	 1.68400879566416267034e-03	 1.91051495548854558156e-03	 1.27730892134149311840e-03	 1.40982799787039481988e-03	 1.73370818450579501115e-03	 5.76074196111940435507e-06	 6.50904477023491722509e-06	 6.50902699996972573457e-06	 6.50904242553960139871e-06	 
 1.79999999999999937828e-01	 2.60543994975413846293e-06	 2.55793809386328677990e-06	 2.59989564236069579966e-06	 1.71308719783329278970e-03	 1.71531663686478826926e-03	 1.66124943196072657851e-03	 1.87936984271979898309e-03	 1.27045912802461547289e-03	 1.39825279537296714299e-03	 1.71161618070342033161e-03	 5.67273133529966138398e-06	 6.40779529282766146256e-06	 6.40777776040653058748e-06	 6.40779301776903334199e-06	 
 2.00000000000000094369e-01	 2.56258398085558136196e-06	 2.51479691880577236744e-06	 2.55628850454056689986e-06	 1.68905924655938784011e-03	 1.69122489852166382578e-03	 1.63648652765394976051e-03	 1.84582887166129250289e-03	 1.26172228789274919712e-03	 1.38458990447442231372e-03	 1.68753204477995301727e-03	 5.57734947102236711315e-06	 6.29810050893676977378e-06	 6.29808321954006577516e-06	 6.29809832889099709922e-06	 
 2.20000000000000001110e-01	 2.51647588196910313278e-06	 2.46838153308316527522e-06	 2.50934203281153279870e-06	 1.66310629849481992314e-03	 1.66520575539727154132e-03	 1.60978412222589342337e-03	 1.81000843657842087030e-03	 1.25108131515402854969e-03	 1.36885591219196409325e-03	 1.66151489786302286600e-03	 5.47489568513754142217e-06	 6.18029261507920682977e-06	 6.18027556560016278191e-06	 6.18029054217580564107e-06	 
 2.39999999999999963363e-01	 2.46726315771916331418e-06	 2.41884354680517281523e-06	 2.45922423571860076022e-06	 1.63529642951046783224e-03	 1.63732787109215896168e-03	 1.58121707315870782019e-03	 1.77204216338312813862e-03	 1.23852979173010024905e-03	 1.35108082405354648289e-03	 1.63363644643936068226e-03	 5.36571625445656010000e-06	 6.05475675046844061771e-06	 6.05473993313406470959e-06	 6.05475477867209618371e-06	 
 2.59999999999999953371e-01	 2.41509401103926585355e-06	 2.36633489662827023749e-06	 2.40610356172347988343e-06	 1.60569910116074095370e-03	 1.60766129445834467238e-03	 1.55086127619828381165e-03	 1.73206360956683434044e-03	 1.22406126255771279671e-03	 1.33129563679498775196e-03	 1.60396979997638397530e-03	 5.25015835910970810415e-06	 5.92187859126940132026e-06	 5.92186199358490048276e-06	 5.92187669630710128248e-06	 
 2.80000000000000082157e-01	 2.36010243359652666084e-06	 2.31104113567529639639e-06	 2.35015711563509973112e-06	 1.57439989152893334082e-03	 1.57629069208804740120e-03	 1.51880053655668000034e-03	 1.69022827422652234877e-03	 1.20770418956820139653e-03	 1.30956380394310644734e-03	 1.57260964408515281979e-03	 5.12863353720606227011e-06	 5.78212767244758797284e-06	 5.78211127794970288841e-06	 5.78212582176848551377e-06	 
 2.99999999999999988898e-01	 2.30242081984305104470e-06	 2.25316643906005611671e-06	 2.29157042846994879739e-06	 1.54149390908086322133e-03	 1.54330962891586825556e-03	 1.48512463844862230462e-03	 1.64670467698002772824e-03	 1.18950214914478468071e-03	 1.28596392465515495414e-03	 1.53966263477543579240e-03	 5.00159065575316071485e-06	 5.63602012377063751891e-06	 5.63600391218975795140e-06	 5.63601828033367861732e-06	 
 3.20000000000000006661e-01	 2.24217771652998634860e-06	 2.19290967416295171769e-06	 2.23052397888222252924e-06	 1.50707515824316626470e-03	 1.50881054929878979931e-03	 1.44992165107965336433e-03	 1.60165691973324173653e-03	 1.16949822255139695114e-03	 1.26057388949947827249e-03	 1.50523430855884583421e-03	 4.86946732409049633949e-06	 5.48405841145422877640e-06	 5.48404235866853690138e-06	 5.48405653373828526250e-06	 
 3.39999999999999968914e-01	 2.17959524581767633906e-06	 2.13049901253146615294e-06	 2.16725485863890289769e-06	 1.47125391414220274729e-03	 1.47290986190009849481e-03	 1.41330459860743162803e-03	 1.55527008921491050573e-03	 1.14776238267941060010e-03	 1.23349474984107997967e-03	 1.46943694156685547916e-03	 4.73276964056118199734e-06	 5.32681465102220864325e-06	 5.32679873994341529622e-06	 5.32681270839377493784e-06	 
 3.59999999999999931166e-01	 2.11493546309647140538e-06	 2.06617725655695962103e-06	 2.10202569385903739274e-06	 1.43414899799696468966e-03	 1.43573569331068018329e-03	 1.37539825919477795221e-03	 1.50774026158511059541e-03	 1.12437601398893052135e-03	 1.20483810748736683977e-03	 1.43238764961323107247e-03	 4.59203786062396507019e-06	 5.16489615648650302661e-06	 5.16488038139313781810e-06	 5.16489413537032692668e-06	 
 3.80000000000000059952e-01	 2.04844773950469929408e-06	 2.00017490851825706827e-06	 2.03508613419697931100e-06	 1.39587488691527523629e-03	 1.39741167509780132502e-03	 1.33632207371633515008e-03	 1.45925393453260904969e-03	 1.09941763061370306916e-03	 1.17471162726068517439e-03	 1.39419930043890578746e-03	 4.44778575689094525573e-06	 4.99887915747938782419e-06	 4.99886352352669147690e-06	 4.99887706071269936019e-06	 
 4.00000000000000077716e-01	 1.98042287257739576845e-06	 1.93274711751176657618e-06	 1.96672594756661374107e-06	 1.35656252732764960427e-03	 1.35806909560172005963e-03	 1.29621150570929824335e-03	 1.41001473706508151026e-03	 1.07299423371584232677e-03	 1.14324620124513698025e-03	 1.35499854826558424441e-03	 4.30058143653353330268e-06	 4.82939997357085667795e-06	 4.82938450309985087722e-06	 4.82939781902663379560e-06	 
 4.19999999999999984457e-01	 1.91116849233036112932e-06	 1.86415917809556651287e-06	 1.89725132111212148600e-06	 1.31635022651522756720e-03	 1.31784320053484759090e-03	 1.25520886493769899886e-03	 1.36023399295480255412e-03	 1.04522382615240827519e-03	 1.11058198317880727282e-03	 1.31491837758306051066e-03	 4.15101600490083793530e-06	 4.65711974658499325313e-06	 4.65710448164141433059e-06	 4.65711756671761672869e-06	 
 4.39999999999999946709e-01	 1.84097032584489531526e-06	 1.79465630735987439021e-06	 1.82694642707931764115e-06	 1.27536810465057447866e-03	 1.27686120440492008495e-03	 1.21344693269858370024e-03	 1.31010802632421986293e-03	 1.01621790102169522012e-03	 1.07685101141662955757e-03	 1.27408386150444251014e-03	 3.99963739079598153191e-06	 4.48264919606942305541e-06	 4.48263419731935379800e-06	 4.48264703715704025265e-06	 
 4.60000000000000131006e-01	 1.77009394613717514353e-06	 1.72449840339553896941e-06	 1.75607188224328848112e-06	 1.23375631801041826113e-03	 1.23526178964130598642e-03	 1.17106671534282676117e-03	 1.25983637178810298045e-03	 9.86108429756983335263e-04	 1.04219998871079091995e-03	 1.23263478533060656488e-03	 3.84703180018879254955e-06	 4.30663368285546302303e-06	 4.30661901572591023353e-06	 4.30663159096747850621e-06	 
 4.80000000000000037748e-01	 1.69879531731717444950e-06	 1.65394900485531020340e-06	 1.68487761672458318218e-06	 1.19165851824425930890e-03	 1.19318772655793931339e-03	 1.12821151054589012726e-03	 1.20961932810688724792e-03	 9.55033804023098197022e-04	 1.00677999335322581123e-03	 1.19071629588535753130e-03	 3.69379673857934250558e-06	 4.12972697911992225146e-06	 4.12971270856536693271e-06	 4.12972499483649105410e-06	 
 5.00000000000000000000e-01	 1.62730383152131690310e-06	 1.58324413437775969638e-06	 1.61358746429880712185e-06	 1.14920632031172208036e-03	 1.15076985205584824030e-03	 1.08501096372494096332e-03	 1.15963804342541078156e-03	 9.23121559710193828607e-04	 9.70729581952021114075e-04	 1.14846156370276559870e-03	 3.54047034791847417396e-06	 3.95251407321950644282e-06	 3.95250026377481540482e-06	 3.95251223207767817951e-06	 
 5.20000000000000128786e-01	 1.55584707654144895666e-06	 1.51263335724080459895e-06	 1.54242883840902527040e-06	 1.10653949649772869769e-03	 1.10814637140126777057e-03	 1.04160896913787787837e-03	 1.11006531840802578036e-03	 8.90521771690292633997e-04	 9.34196234386479068719e-04	 1.10600235249730719476e-03	 3.38760334094733712551e-06	 3.77561411369476666069e-06	 3.77560080971256030252e-06	 3.77561243403545669965e-06	 
 5.40000000000000035527e-01	 1.48464810282631996780e-06	 1.44236715428856529561e-06	 1.47162684996197352596e-06	 1.06379934880216383934e-03	 1.06545678535905339636e-03	 9.98152549109062670399e-04	 1.06106946428549957402e-03	 8.57390145322924133835e-04	 8.97328132956609885590e-04	 1.06346844449042073760e-03	 3.23574369265451706315e-06	 3.59964879980988537142e-06	 3.59963601837396866514e-06	 3.59964727849110376886e-06	 
 5.60000000000000053291e-01	 1.41389808714324626529e-06	 1.37266132735574431570e-06	 1.40137451563162084969e-06	 1.02111141279173970285e-03	 1.02282505187534038769e-03	 9.54770373747029061327e-04	 1.01279750667860875095e-03	 8.23866500970116982273e-04	 8.60256803954151838716e-04	 1.02097474960179904896e-03	 3.08536737651156592902e-06	 3.42515317545371565146e-06	 3.42514090881138491920e-06	 3.42515178981743948855e-06	 
 5.79999999999999849010e-01	 1.34384320961811285887e-06	 1.30373681368212487666e-06	 1.33186337955172522476e-06	 9.78602641774033946837e-04	 9.80375851873706034151e-04	 9.11598744431235522880e-04	 9.65379393145123377434e-04	 7.90099492719234714790e-04	 8.23124258229544140779e-04	 9.78646260839644704932e-04	 2.93697001065525987432e-06	 3.25267108670135528836e-06	 3.25265931096882971618e-06	 3.25266979654391577136e-06	 
 5.99999999999999977796e-01	 1.27474376257648382745e-06	 1.23581076055939130881e-06	 1.26327936083985235907e-06	 9.36398080343749626697e-04	 9.38231782646105133203e-04	 8.68773394590676524205e-04	 9.18937377159080429935e-04	 7.56236934217781992494e-04	 7.86072550388939249831e-04	 9.36609326849309584313e-04	 2.79104446584219372305e-06	 3.08273566386793224000e-06	 3.08272434253955589768e-06	 3.08273441243496458756e-06	 
 6.20000000000000106581e-01	 1.20681587150337866419e-06	 1.16906020099548669287e-06	 1.19577164985465583949e-06	 8.94604199851966263267e-04	 8.96497191687958155416e-04	 8.26407764221276570395e-04	 8.73572541403319288711e-04	 7.22406873292842427112e-04	 7.49222934517417568992e-04	 8.94971728407271613359e-04	 2.64800021224598664885e-06	 2.91578041771596148550e-06	 2.91576950297730260053e-06	 2.91577913339061316683e-06	 
 6.39999999999999902300e-01	 1.14024127039373511222e-06	 1.10366889305692700994e-06	 1.12953472144464931339e-06	 8.53334294851313367170e-04	 8.55283447647522758993e-04	 7.84626344166125901970e-04	 8.29360733252609903625e-04	 6.88741271441447645320e-04	 7.12708822775533624820e-04	 8.53847686324475251170e-04	 2.50825518420354650576e-06	 2.75225883000319060829e-06	 2.75224828928454486865e-06	 2.75225746346628471391e-06	 
 6.60000000000000031086e-01	 1.07518288133473190135e-06	 1.03981663640305679245e-06	 1.06477262310873114160e-06	 8.12701152054382089558e-04	 8.14701562340897837526e-04	 7.43553439238734455857e-04	 7.86368093431188638388e-04	 6.55368697729920529453e-04	 6.76663343378850401164e-04	 8.13350760033685086722e-04	 2.37222010636862218409e-06	 2.59261583438932346053e-06	 2.59260565942929265804e-06	 2.59261437124599372021e-06	 
 6.80000000000000159872e-01	 1.01176136341251999698e-06	 9.77638577204049003880e-07	 1.00164195845893073256e-06	 7.72796027973721177430e-04	 7.74841320283346356862e-04	 7.03287085416202137171e-04	 7.44642029801456878726e-04	 6.22395119227725219894e-04	 6.41194800623060782302e-04	 7.73573058154089455637e-04	 2.24021583471390288038e-06	 2.43718490956176276886e-06	 2.43717511330210994153e-06	 2.43718336578760156274e-06	 
 6.99999999999999955591e-01	 9.50138394728299211377e-07	 9.17272490413715707263e-07	 9.40306716124827595478e-07	 7.33710826252249610074e-04	 7.35793973186851086275e-04	 6.63933173971694378344e-04	 7.04209599598818207153e-04	 5.89930561541905651435e-04	 6.06411948639031211754e-04	 7.34608681619935391556e-04	 2.11251777430614861558e-06	 2.28630708080193213394e-06	 2.28629768668755390334e-06	 2.28630548173304339084e-06	 
 7.20000000000000084377e-01	 8.90483407029632006269e-07	 8.58850983933839223058e-07	 8.80926337492279813912e-07	 6.95534664414279384624e-04	 6.97648320119903715165e-04	 6.25595925181530944544e-04	 6.65091242845814128830e-04	 5.58081517859229008297e-04	 5.72418933470326962709e-04	 6.96549399005827701674e-04	 1.98937898205839207251e-06	 2.14031091280467521725e-06	 2.14030195061181078677e-06	 2.14030928525381657879e-06	 
 7.39999999999999991118e-01	 8.32914111106350646391e-07	 8.02459694758820132433e-07	 8.23609640163169322291e-07	 6.58333711866508327140e-04	 6.60470382629882554922e-04	 5.88350489302743792641e-04	 6.27291138998703804407e-04	 5.26929728654999276170e-04	 5.39293578056788676205e-04	 6.59463943796222162343e-04	 1.87097049978045254555e-06	 1.99940754130324288573e-06	 1.99939904628659741303e-06	 1.99940591317875490066e-06	 
 7.60000000000000008882e-01	 7.77504772800142493411e-07	 7.48183461964548844038e-07	 7.68444824134339630590e-07	 6.22173336599591035243e-04	 6.24327015325237539949e-04	 5.52275148247608274610e-04	 5.90807796199231270891e-04	 4.96561301828105658776e-04	 5.07114702797478006900e-04	 6.23418670968999477297e-04	 1.75742189468065864119e-06	 1.86380647415472161157e-06	 1.86379846836083095482e-06	 1.86380487579540592091e-06	 
 7.80000000000000137668e-01	 7.24310591304821301889e-07	 6.96102171179405105432e-07	 7.15508220982418492497e-07	 5.87116189912827591418e-04	 5.89282896503241326695e-04	 5.17445377815410633739e-04	 5.55639069923707039876e-04	 4.67059262366690088660e-04	 4.75957367944035262836e-04	 5.88476709158574739882e-04	 1.64884899458965886412e-06	 1.73370502621436438571e-06	 1.73369751274746326561e-06	 1.73370349087581700678e-06	 
 7.99999999999999933387e-01	 6.73344614831343383769e-07	 6.46248913911508493796e-07	 6.64830212103224496867e-07	 5.53201621500709205155e-04	 5.55379294188849330187e-04	 4.83906704460445311663e-04	 5.21766760962870412323e-04	 4.38480548957481512402e-04	 4.45869717551743117382e-04	 5.54678123800139157538e-04	 1.54529730630722840071e-06	 1.60918344445760961582e-06	 1.60917641080315639009e-06	 1.60918200779651192030e-06	 
 8.20000000000000062172e-01	 6.24642585436325326117e-07	 5.98661879650300097514e-07	 6.16440368014209762983e-07	 5.20469751896269496559e-04	 5.22657794876044373526e-04	 4.51707613940524263518e-04	 4.89183703598230590175e-04	 4.10876431903286045214e-04	 4.16897907675482196511e-04	 5.22059957983133857140e-04	 1.44681367953475606777e-06	 1.49033463937006840166e-06	 1.49032806962426435573e-06	 1.49033333250449170679e-06	 
 8.39999999999999857891e-01	 5.78245750787380302791e-07	 5.53378331748092752627e-07	 5.70365991096512582309e-07	 4.88959514526108424658e-04	 4.91158635710640923376e-04	 4.20895013418150990957e-04	 4.57887582588887534669e-04	 3.84292967083209628058e-04	 3.89084626976304902637e-04	 4.90657007273288445735e-04	 1.35345270064859047865e-06	 1.37724921254298975736e-06	 1.37724309188001477456e-06	 1.37724806017384459667e-06	 
 8.60000000000000097700e-01	 5.34149257171017176278e-07	 5.10389377692704096354e-07	 5.26590304633955612172e-07	 4.58686739595612759206e-04	 4.60898996886668975252e-04	 3.91486273691011178039e-04	 4.27857131937783039064e-04	 3.58751773285447320659e-04	 3.62446717606134392094e-04	 4.60481950184901027770e-04	 1.26520534616687066905e-06	 1.26990228963530568104e-06	 1.26989660442099556984e-06	 1.26990131142474033057e-06	 
 8.80000000000000115463e-01	 4.92331496919526515933e-07	 4.69693834941429267188e-07	 4.85113648595907033502e-07	 4.29668017170315265970e-04	 4.31889664377787618841e-04	 3.63507488423475114050e-04	 3.99070461348196637349e-04	 3.34280703256269900482e-04	 3.37007597504598377727e-04	 4.31547412190658456928e-04	 1.18196621366906964666e-06	 1.16829038866633558647e-06	 1.16828512653741544820e-06	 1.16828959915168408183e-06	 
 8.99999999999999911182e-01	 4.52766258145991450962e-07	 4.31292863394071704672e-07	 4.45941861751909515256e-07	 4.01920086885076879163e-04	 4.04139512349013666284e-04	 3.36986706470764215381e-04	 3.71506592643759821996e-04	 3.10907723862013864354e-04	 3.12791461141656470645e-04	 4.03866149321766606650e-04	 1.10361726034153304661e-06	 1.07241645565383126532e-06	 1.07241160552181481034e-06	 1.07241586484319318359e-06	 
 9.20000000000000039968e-01	 4.15388822453165992705e-07	 3.95143238724179682105e-07	 4.09035710111217878679e-07	 3.75437634687779333165e-04	 3.77636871841540518093e-04	 3.11922853922034332922e-04	 3.45125387994589039650e-04	 2.88636223588183008296e-04	 2.89796762548840520189e-04	 3.77429848831786470074e-04	 1.03001010877972529173e-06	 9.82171787150682645023e-07	 9.82167339349331523204e-07	 9.82171401925659216824e-07	 
 9.39999999999999835687e-01	 3.80184683285134425503e-07	 3.61205805972665157858e-07	 3.74357585323001349753e-07	 3.50214954208881185539e-04	 3.52376200696899151768e-04	 2.88310992752086330156e-04	 3.19901478221613769833e-04	 2.67470875970380120301e-04	 2.68017676288423922163e-04	 3.52230884292358068909e-04	 9.61223068416087821804e-07	 8.97459312873898486236e-07	 8.97455252073056352751e-07	 8.97459131374316209182e-07	 
 9.60000000000000075495e-01	 3.47156360389507701233e-07	 3.29445671212007312578e-07	 3.41873287475067999574e-07	 3.26247785416984537824e-04	 3.28355466182711421431e-04	 2.66146936388361146815e-04	 2.95814745326439059413e-04	 2.47416511304523762532e-04	 2.47447797982656980675e-04	 3.28263457745732348085e-04	 8.97422973724838686977e-07	 8.18192818501045029972e-07	 8.18189121903075278146e-07	 8.18192829216439246739e-07	 
 9.80000000000000093259e-01	 3.16257570814511620796e-07	 2.99788065299537513507e-07	 3.11508739608031583004e-07	 3.03511834670184871450e-04	 3.05552243897487876834e-04	 2.45402676995941382027e-04	 2.72821912295350885429e-04	 2.28455414642706340069e-04	 2.28058870117598284097e-04	 3.05502189240869533038e-04	 8.38699213335287420709e-07	 7.44185356318651396606e-07	 7.44181995920803503011e-07	 7.44185541058872886121e-07	 
 9.99999999999999888978e-01	 2.87440084112415961500e-07	 2.72165607578689978521e-07	 2.83176984564412347687e-07	 2.81976819930666953301e-04	 2.83947102084919833151e-04	 2.26041888105021394634e-04	 2.50901585080290845040e-04	 2.10568983753985154413e-04	 2.09824102822968295255e-04	 2.83926445078774229280e-04	 7.84752899773766625844e-07	 6.75269183448402128198e-07	 6.75266132036966829442e-07	 6.75269515851530240805e-07	 
 1.02000000000000001776e+00	 2.60659160917696329758e-07	 2.46519303145166808749e-07	 2.56794497688487245235e-07	 2.61614184758097946450e-04	 2.63524438610376757555e-04	 2.08031405032453879829e-04	 2.30038289276873487424e-04	 1.93740203471161657155e-04	 1.92720092943653544589e-04	 2.63519983033515194266e-04	 7.35211864010307771241e-07	 6.11297469859185334018e-07	 6.11294702858948186034e-07	 6.11297915692019388146e-07	 
 1.04000000000000003553e+00	 2.35830296552801418380e-07	 2.22754901023770335260e-07	 2.32248471281497176602e-07	 2.42379056791306905045e-04	 2.44249898925337038773e-04	 1.91321685628144123317e-04	 2.10187786383697877007e-04	 1.77932734102480576057e-04	 1.76704296461131787769e-04	 2.44247916002639415840e-04	 6.89759870324786374801e-07	 5.52034143428397866003e-07	 5.52031638812229594234e-07	 5.52034663364243782808e-07	 
 1.06000000000000005329e+00	 2.12882087067155192023e-07	 2.00791688944954583633e-07	 2.09501931013867180085e-07	 2.24242137240996682697e-04	 2.26084812451691059788e-04	 1.75853139331407399030e-04	 1.91353205879017510861e-04	 1.63117033567742258189e-04	 1.61735575680341567935e-04	 2.26079305781360913406e-04	 6.48066919341192652790e-07	 4.97277514438579523547e-07	 4.97275252893971064830e-07	 4.97278070387439067507e-07	 
 1.08000000000000007105e+00	 1.91754863145402143751e-07	 1.80561424538919260729e-07	 1.88545192482520027930e-07	 2.07182988806154993675e-04	 2.08994001936396489637e-04	 1.61572452043880156105e-04	 1.73548205293638059055e-04	 1.49268963527460056268e-04	 1.47777882704699324015e-04	 2.08988611336253171050e-04	 6.09860400068127182269e-07	 4.46856996416483586642e-07	 4.46854961125024396580e-07	 4.46857553142798091651e-07	 
 1.09999999999999986677e+00	 1.72353781023701499597e-07	 1.61963861705743886795e-07	 1.69319690965825133130e-07	 1.91162699429637102317e-04	 1.92927375852404041140e-04	 1.48417782901311622826e-04	 1.56745431651187522044e-04	 1.36346224536449897331e-04	 1.34778967247267472077e-04	 1.92933266568253531867e-04	 5.74924770650454554232e-07	 4.00520944764329152165e-07	 4.00519121286261749556e-07	 4.00521469547325291859e-07	 
 1.11999999999999988454e+00	 1.54585503972446685971e-07	 1.44913391007897243099e-07	 1.51733344329039242564e-07	 1.76142087588386286661e-04	 1.77847558556873326955e-04	 1.36309186513667505818e-04	 1.40960527466533808074e-04	 1.24312170199403790403e-04	 1.22693112480222400913e-04	 1.77874561142208692998e-04	 5.42784815518574842180e-07	 3.58056320068197914382e-07	 3.58054695810320095260e-07	 3.58056794603000884238e-07	 
 1.14000000000000012434e+00	 1.38368739741257635997e-07	 1.29338784845831062040e-07	 1.35695116184166187229e-07	 1.62087247792061522758e-04	 1.63726221206200083175e-04	 1.25173806084147201233e-04	 1.26216194759795272140e-04	 1.13136366509535024345e-04	 1.11482120779471860408e-04	 1.63780367153902340358e-04	 5.12956565704334883893e-07	 3.19286324779007362491e-07	 3.19284888695049859271e-07	 3.19286746913104161481e-07	 
 1.15999999999999992006e+00	 1.23596641159339298095e-07	 1.15140275333972083523e-07	 1.21091059473968493390e-07	 1.48949213308889350524e-04	 1.50518685808550964833e-04	 1.14939163164494792145e-04	 1.12485758462208950293e-04	 1.02772122968752732046e-04	 1.01092731647203841428e-04	 1.50603374056509936195e-04	 4.85063956268232604336e-07	 2.83961334320501204746e-07	 2.83960077078712413682e-07	 2.83961713140925559639e-07	 
 1.18000000000000015987e+00	 1.10149832713129667409e-07	 1.02230595465638201809e-07	 1.07830934081121172562e-07	 1.36681309267329615439e-04	 1.38184812606461276995e-04	 1.05521192480089831371e-04	 9.97753292035512457953e-05	 9.31786789154323444274e-05	 9.14846237580974400161e-05	 1.38301118443093457120e-04	 4.58761897025023271378e-07	 2.51863469002171174498e-07	 2.51862376468557897026e-07	 2.51863810132259307997e-07	 
 1.19999999999999973355e+00	 9.79208332542391329889e-08	 9.05374043012190857298e-08	 9.58441652657585302199e-08	 1.25243795898969377013e-04	 1.26691453641010210720e-04	 9.68455099692919728349e-05	 8.80960410889359017608e-05	 8.43223293174445400660e-05	 8.26265183712638598586e-05	 1.26838601339394858392e-04	 4.33763184892300396516e-07	 2.22812135765915312029e-07	 2.22811187717502722620e-07	 2.22812437368324356638e-07	 
 1.21999999999999997335e+00	 8.67895063993080135454e-08	 7.99640748259213038477e-08	 8.50363398437089187702e-08	 1.14583519206397206288e-04	 1.15990599121400147749e-04	 8.88413955469285430153e-05	 7.74077737963213698786e-05	 7.61546996838135219340e-05	 7.44708940789054311699e-05	 1.16166725194958634607e-04	 4.09837514580708640362e-07	 1.96564942998955706238e-07	 1.96564115820124039982e-07	 1.96565198041063089043e-07	 
 1.24000000000000021316e+00	 7.66858275555641425984e-08	 7.04273606211295330642e-08	 7.52901242643475422869e-08	 1.04661896801858095686e-04	 1.06043716290659775542e-04	 8.14327779167320911979e-05	 6.76891943785098922125e-05	 6.86402124687861020947e-05	 6.69758535967433256669e-05	 1.06241034766748441574e-04	 3.86927293822539783747e-07	 1.72912648670517741214e-07	 1.72911915402406337505e-07	 1.72912850517579396152e-07	 
 1.25999999999999978684e+00	 6.75640603648596815502e-08	 6.18599103289202613739e-08	 6.64989967622466738807e-08	 9.54502435781416137296e-05	 9.68211297390899683964e-05	 7.45532532592578332927e-05	 5.89247642383334247992e-05	 6.17523290454124188431e-05	 6.01070859387597966617e-05	 9.70251059980416837459e-05	 3.65035801997653305376e-07	 1.51685761442965017550e-07	 1.51685091965850742666e-07	 1.51685905186629414919e-07	 
 1.28000000000000002665e+00	 5.93499363223848672052e-08	 5.41738710744465672884e-08	 5.85511968684712078191e-08	 8.69041325289057032350e-05	 8.82785400824201492258e-05	 6.81387609425101651141e-05	 5.10549234420182762497e-05	 5.54492702152176167242e-05	 5.38164692653250381692e-05	 8.84697940014501557886e-05	 3.44147371355595932695e-07	 1.32663168734230951260e-07	 1.32662531208455464321e-07	 1.32663250140072920432e-07	 
 1.30000000000000026645e+00	 5.19919082737511194856e-08	 4.72960209307246416651e-08	 5.13810007481665621657e-08	 7.89895745725678133722e-05	 8.03743643493606049061e-05	 6.21302939677101086170e-05	 4.40283689571911059633e-05	 4.96945638542359958241e-05	 4.80689364520117071861e-05	 8.05409679297771664841e-05	 3.24152833597558458140e-07	 1.15660718286111637900e-07	 1.15660095310898604501e-07	 1.15660741784411926544e-07	 
 1.32000000000000006217e+00	 4.54536503227463457911e-08	 4.11689765064145378687e-08	 4.49458244896424376783e-08	 7.16811013407967504091e-05	 7.30748093847958651035e-05	 5.64769376298506257071e-05	 3.78029029900452199489e-05	 4.44594786292934956518e-05	 4.28386731811261032296e-05	 7.32145045520715307633e-05	 3.04927107366621382129e-07	 1.00534141385830880042e-07	 1.00533531878890238402e-07	 1.00534120839016446119e-07	 
 1.34000000000000007994e+00	 3.96722483672535533194e-08	 3.57172943923858845345e-08	 3.91803411581350726775e-08	 6.49377087827428435421e-05	 6.63341767310397746257e-05	 5.11232801295717726397e-05	 3.23053813247489815964e-05	 3.97030468950892886882e-05	 3.80851757365297311137e-05	 6.64511194390874769967e-05	 2.86349557344856654014e-07	 8.70939116322073463563e-08	 8.70933240993158920088e-08	 8.70938660043440374366e-08	 
 1.35999999999999987566e+00	 3.45597453756994400181e-08	 3.08793812045757618274e-08	 3.40311790605815794060e-08	 5.87296197525431960492e-05	 6.01192908028197703319e-05	 4.60536907950371404968e-05	 2.74758365718266747246e-05	 3.53860255124630761940e-05	 3.37743630656178994145e-05	 6.02175536335104041809e-05	 2.68520918830060279545e-07	 7.51843459634026093124e-08	 7.51837927934299825588e-08	 7.51842946891919718395e-08	 
 1.37999999999999989342e+00	 3.00376953502544891026e-08	 2.66082982991324991927e-08	 2.94573884989839013587e-08	 5.30358720757742274046e-05	 5.44066767477348442635e-05	 4.12614253777523061180e-05	 2.32679175876726932175e-05	 3.14768800598780825232e-05	 2.98799641393496016688e-05	 5.44884638622606520949e-05	 2.51586761117364403520e-07	 6.46865431287287043889e-08	 6.46860385879555522072e-08	 6.46865051617200763232e-08	 
 1.40000000000000013323e+00	 2.60250008586805301745e-08	 2.28412000492310571327e-08	 2.53993206617034229324e-08	 4.78203624052199620701e-05	 4.91592918190603592296e-05	 3.67169231399847953456e-05	 1.96126620603291412044e-05	 2.79354317600735108464e-05	 2.63635365982807237325e-05	 4.92254479487546178123e-05	 2.35622476972124516630e-07	 5.54424749700116756010e-08	 5.54420341979917133996e-08	 5.54424688893793913610e-08	 
 1.41999999999999992895e+00	 2.24523194028972868311e-08	 1.95285384018887717699e-08	 2.18177835858054593180e-08	 4.30504992867439845064e-05	 4.43467360060846834736e-05	 3.24447090642857239500e-05	 1.64518947137888584789e-05	 2.47339140721427537041e-05	 2.31982171746179841423e-05	 4.43983146114116270322e-05	 2.20405199652874653376e-07	 4.73269088724187046735e-08	 4.73265377915088643958e-08	 4.73269409838763658018e-08	 
 1.44000000000000016875e+00	 1.92659554822311406702e-08	 1.66339050641285680559e-08	 1.86867961889628613189e-08	 3.87016218574050076848e-05	 3.99467978930373194212e-05	 2.84743624712599726104e-05	 1.37415681140849870747e-05	 2.18535522024144730335e-05	 2.03656890721954747210e-05	 3.99854298859705887354e-05	 2.05654994696851546303e-07	 4.02476787434722580195e-08	 4.02473735090300077676e-08	 4.02477426373197602781e-08	 
 1.45999999999999996447e+00	 1.64051803816448704047e-08	 1.41066740824145294815e-08	 1.59607718784181148775e-08	 3.47376374479454582615e-05	 3.59252872820697141871e-05	 2.47946716864759401455e-05	 1.14225432145707898418e-05	 1.92646384687444474713e-05	 1.78351427147233003554e-05	 3.59528363137939983331e-05	 1.91127687231862635348e-07	 3.40779858065643080687e-08	 3.40777378519471558314e-08	 3.40780688674396825472e-08	 
 1.47999999999999998224e+00	 1.38667148718188493602e-08	 1.19069637446868431059e-08	 1.35796358950981041104e-08	 3.11275749373863367688e-05	 3.22554262226846711237e-05	 2.14270518651696026716e-05	 9.44660908966707036261e-06	 1.69424609724803221884e-05	 1.55789750109427197454e-05	 3.22742540613482495554e-05	 1.76939978204063995778e-07	 2.87174401436639012380e-08	 2.87172395999233950722e-08	 2.87175287840242917203e-08	 
 1.50000000000000000000e+00	 1.16616416789215143722e-08	 1.00061255089240602417e-08	 1.14921245876522808792e-08	 2.78489239428041740422e-05	 2.89187003456187919509e-05	 1.83939461437825783668e-05	 7.77881765065386478870e-06	 1.48692796592380121237e-05	 1.35766972723181280193e-05	 2.89317047071582229389e-05	 1.63259038304407413788e-07	 2.40938382170985927972e-08	 2.40936749949814781995e-08	 2.40939190884918857004e-08	 
 1.52000000000000001776e+00	 9.76699076857961664937e-09	 8.36364205079940772510e-09	 9.64474908515685843710e-09	 2.48692641282016153957e-05	 2.58854991247469555418e-05	 1.56764275145830170332e-05	 6.37360454695418645650e-06	 1.30186919588804003478e-05	 1.17993973179698302369e-05	 2.58958882463484816705e-05	 1.50126780093555001698e-07	 2.01063223952592046178e-08	 2.01061869634055841934e-08	 2.01063825833799142861e-08	 
 1.54000000000000003553e+00	 8.14553425168630880680e-09	 6.94996171597678464858e-09	 8.01930334311437201963e-09	 2.21657869625114515753e-05	 2.31315095169303146564e-05	 1.32671316504016636930e-05	 5.19296197532038926437e-06	 1.13682409037306816354e-05	 1.02245405865501866013e-05	 2.31409844235660763052e-05	 1.37670876046552284838e-07	 1.66806494086462175397e-08	 1.66805329343593230090e-08	 1.66806817391925106607e-08	 
 1.56000000000000027534e+00	 6.76568575292419836172e-09	 5.74508348449335837976e-09	 6.60923389158053958957e-09	 1.97239820665180973561e-05	 2.06400937811393879093e-05	 1.11623043678694048957e-05	 4.20981860270113686650e-06	 9.90196601015045292139e-06	 8.83677374839693562038e-06	 2.06487479540815365233e-05	 1.26007100729492928194e-07	 1.37663970977528462506e-08	 1.37662910596145534776e-08	 1.37663996244078439689e-08	 
 1.58000000000000007105e+00	 5.58865663396868156833e-09	 4.71824896897314303297e-09	 5.38730138745147306208e-09	 1.75184783472314106506e-05	 1.83850960717948110317e-05	 9.32977179152849675351e-06	 3.39056180062595196066e-06	 8.59698927897788120489e-06	 7.61305307272817307653e-06	 1.83920858059146462087e-05	 1.15150327586980958662e-07	 1.12874226889886125495e-08	 1.12873188098057045097e-08	 1.12873950721821912567e-08	 
 1.60000000000000008882e+00	 4.58686426217694950566e-09	 3.84726302563138483328e-09	 4.34136604987505752631e-09	 1.55283920395187491055e-05	 1.63460274058359207843e-05	 7.74606241965972387904e-06	 2.71089214959334526660e-06	 7.43852551043290288475e-06	 6.53575101860758874681e-06	 1.63507032073328698540e-05	 1.05030948853424597583e-07	 9.18854639211644574386e-09	 9.18844030892795293678e-09	 9.18849170298990274754e-09	 
 1.61999999999999988454e+00	 3.74243883084776594552e-09	 3.11758793388344657492e-09	 3.46542186235118336962e-09	 1.37397874770205171856e-05	 1.45095828238503753518e-05	 6.39567209339987060657e-06	 2.15498772574090856821e-06	 6.41771774449667764702e-06	 5.59327281881106513076e-06	 1.45116677356350009794e-05	 9.55696477959536094979e-08	 7.43358304698559753956e-09	 7.43347385886174633592e-09	 7.43350704129419433140e-09	 
 1.64000000000000012434e+00	 3.02905372264435623763e-09	 2.50592438029024861638e-09	 2.73551401436926361067e-09	 1.21298589447230686629e-05	 1.28536503018098281802e-05	 5.24523061849853318900e-06	 1.70070909086467391186e-06	 5.51767737709858459018e-06	 4.76720914397182344419e-06	 1.28529943573758863079e-05	 8.66594554404091475708e-08	 5.96539833600192068025e-09	 5.96528594406281285925e-09	 5.96530640677703455214e-09	 
 1.66000000000000014211e+00	 2.43386861297964539796e-09	 1.99617704804575759366e-09	 2.13763225091520967325e-09	 1.06831114036098334522e-05	 1.13609325404068144902e-05	 4.27080785981626158469e-06	 1.33111875689234848000e-06	 4.72526403253414857493e-06	 4.04550881399438380626e-06	 1.13585852320259520084e-05	 7.83637383239194167521e-08	 4.74424360673388552006e-09	 4.74413136496262592805e-09	 4.74414299775348027752e-09	 
 1.67999999999999993783e+00	 1.95107786850265840827e-09	 1.57833649466519342563e-09	 1.66416898383089288698e-09	 9.39055061949293256901e-06	 1.00203594811941413271e-05	 3.45742821596549695744e-06	 1.03525976355033499530e-06	 4.03199512809455916666e-06	 3.42116586151738603740e-06	 1.00186329802670761420e-05	 7.07696148900134045411e-08	 3.74533777820222080342e-09	 3.74523214868677236462e-09	 3.74523760729387127131e-09	 
 1.70000000000000017764e+00	 1.56450515540120103723e-09	 1.23543429954925612029e-09	 1.29516727679092910130e-09	 8.23407383597442641245e-06	 8.81268932309490818345e-06	 2.77786988233786484692e-06	 7.98223019729558162536e-07	 3.42316652549273570238e-06	 2.88038878661392584358e-06	 8.81470226239253583779e-06	 6.38732957540037325855e-08	 2.92739093066955428159e-09	 2.92729877960629052209e-09	 2.92729980037922710589e-09	 
 1.71999999999999997335e+00	 1.25492186792637473482e-09	 9.56102737718729384984e-10	 1.01129907491554375033e-09	 7.19939999231240356224e-06	 7.72723768881025289490e-06	 2.21300903967204324249e-06	 6.09152156732144267850e-07	 2.89048672250765184398e-06	 2.41292579727199212096e-06	 7.73388758301789710191e-06	 5.75977672246854609247e-08	 2.26234698032315996271e-09	 2.26227192916311490508e-09	 2.26227015850894591533e-09	 
 1.73999999999999999112e+00	 1.00899658388125405928e-09	 7.33619234944890849483e-10	 8.00347213752017755138e-10	 6.27760084995220548140e-06	 6.75868923121597877274e-06	 1.75141518267908970162e-06	 4.61391388208987840178e-07	 2.42964804541334498790e-06	 2.01258084652005555626e-06	 6.76863475584684305773e-06	 5.18758270374671609530e-08	 1.73349773202400826515e-09	 1.73344063424213712121e-09	 1.73343785274559991275e-09	 
 1.76000000000000023093e+00	 8.13446971269069454279e-10	 5.56147095565133901435e-10	 6.48911818266194205322e-10	 5.45214452675153148098e-06	 5.89219702740495756741e-06	 1.37302991157109269630e-06	 3.45640932783283562859e-07	 2.02956102746081153609e-06	 1.66807556274203075939e-06	 5.90310895049195496879e-06	 4.66272863558609971819e-08	 1.31222626683521158430e-09	 1.31218738271820907475e-09	 1.31218518563277409190e-09	 
 1.78000000000000002665e+00	 6.53554506349940966177e-10	 4.15694684483066424729e-10	 5.38260325297485540331e-10	 4.71521300556131669964e-06	 5.11815077818892512476e-06	 1.06458767496335885265e-06	 2.55507047479326863707e-07	 1.68395981593250229367e-06	 1.37299251274316677078e-06	 5.12878303793386579838e-06	 4.17557247922773873123e-08	 9.79266395911111154177e-10	 9.79243059818711172970e-10	 9.79241983175958464696e-10	 
 1.80000000000000004441e+00	 5.19064671097312762070e-10	 3.07681023373819869614e-10	 4.55745546116668400904e-10	 4.06342150189746856238e-06	 4.43128864266460441166e-06	 8.18644615725296884787e-07	 1.87301792273750306919e-07	 1.38974861882192792622e-06	 1.12415887452339295494e-06	 4.44153612016292202957e-06	 3.71770062157246650314e-08	 7.23582129399623909410e-10	 7.23569291107076255408e-10	 7.23569001762740606670e-10	 
 1.81999999999999984013e+00	 4.01581368929957221087e-10	 2.24319263425705376138e-10	 3.94938579606243587686e-10	 3.48400745915689090491e-06	 3.81800734324568420653e-06	 6.21414180864112386754e-07	 1.35567351281352834408e-07	 1.13796606535169886417e-06	 9.13339231776915891765e-07	 3.82830184664309914575e-06	 3.27806613124129373824e-08	 5.26539629874729833891e-10	 5.26532568647835783277e-10	 5.26532524090980742187e-10	 
 1.84000000000000007994e+00	 3.03227642686617467078e-10	 1.60564137420399310894e-10	 3.44993880360607145355e-10	 2.97049297456857584954e-06	 3.27217659503219413325e-06	 4.64710472419814517883e-07	 9.65310485384449029650e-08	 9.23665746522194844869e-07	 7.35587427432852703887e-07	 3.28240293085483321914e-06	 2.86713853408618135322e-08	 3.76081938598517779243e-10	 3.76077937138207611456e-10	 3.76077885736986126826e-10	 
 1.86000000000000009770e+00	 2.27331263850967913826e-10	 1.13676592873672517733e-10	 2.97646474548250212360e-10	 2.51983242510466594325e-06	 2.79119267110720710326e-06	 3.44383752327117370073e-07	 6.80833971246617025176e-08	 7.44524499370431079695e-07	 5.88462362655063102508e-07	 2.80060837323099912956e-06	 2.49538606087490213891e-08	 2.65663593012617699810e-10	 2.65661513325923098523e-10	 2.65661476408327772677e-10	 
 1.87999999999999989342e+00	 1.70269864982271235129e-10	 7.90207825289212827207e-11	 2.48465075237493069344e-10	 2.12031414239750038835e-06	 2.36339623821797356501e-06	 2.51512529389562756648e-07	 4.72197034992610482152e-08	 5.93381948060174659053e-07	 4.65599202630899736242e-07	 2.37093871726130561939e-06	 2.16023205030382195663e-08	 1.84241101247771209602e-10	 1.84240544156534423927e-10	 1.84240612847971738684e-10	 
 1.89999999999999991118e+00	 1.27185690689431422961e-10	 5.36685573902970500323e-11	 2.00971104246033469658e-10	 1.76910867342288346982e-06	 1.98580872526486709609e-06	 1.80453370882874299487e-07	 3.20357966322834310770e-08	 4.67093701308671684391e-07	 3.63888104757813817927e-07	 1.99098466935323248632e-06	 1.86148291231930343434e-08	 1.24815763248368221793e-10	 1.24816260509884289528e-10	 1.24816430760159863185e-10	 
 1.92000000000000015099e+00	 9.49895270643045601127e-11	 3.61049198227386391658e-11	 1.58370507749591413743e-10	 1.46602812082687267845e-06	 1.65811508141417901833e-06	 1.28354291163089903329e-07	 2.15459363042418758624e-08	 3.64541239105589170200e-07	 2.82096299012207054658e-07	 1.66087485139277192061e-06	 1.59994811207236000996e-08	 8.37577555825128592411e-11	 8.37586676847839028421e-11	 8.37588486539872524035e-11	 
 1.93999999999999994671e+00	 7.04639870161824598799e-11	 2.38848554703410779494e-11	 1.19616663692777219909e-10	 1.20127564709376750637e-06	 1.37031553650657214122e-06	 8.98323830973587937863e-08	 1.42713977515605418450e-08	 2.80334771107432065683e-07	 2.15628140099837479116e-07	 1.37056700162632866303e-06	 1.37040701404854077977e-08	 5.52742344918181483634e-11	 5.52750762889044317708e-11	 5.52751791750469767073e-11	 
 1.95999999999999996447e+00	 5.09263359659039998483e-11	 1.54246352679117096939e-11	 8.66866069938528713070e-11	 9.73014399303974579749e-07	 1.12059400051923856403e-06	 6.15792435099028159498e-08	 9.23705700559137555812e-09	 2.12184911348670245459e-07	 1.62242159156165134079e-07	 1.11878373970413232228e-06	 1.16870257663125077143e-08	 3.56085573403791555670e-11	 3.56091564042063794630e-11	 3.56091708917885489137e-11	 
 1.97999999999999998224e+00	 3.46766780471399423622e-11	 9.92219596552747979077e-12	 6.12290987364057226125e-11	 7.81649167785777652495e-07	 9.09394282614073939796e-07	 4.20111035714056017555e-08	 5.94403324772809219862e-09	 1.59410507748845770315e-07	 1.21118824971557071664e-07	 9.06433697261070762793e-07	 9.92725766638148193394e-09	 2.28558548859838710246e-11	 2.28562481045310609206e-11	 2.28562214851562202597e-11	 
 2.00000000000000000000e+00	 1.97614733392567176721e-11	 6.31467470946786009521e-12	 4.13514389367554457044e-11	 6.18699321090661933234e-07	 7.28008575498879997088e-07	 2.83532361747234069535e-08	 3.76064558815757288892e-09	 1.18155659050580833687e-07	 8.90668367564078070457e-08	 7.24825132975221678770e-07	 8.36816692272132246560e-09	 1.45221469636557152405e-11	 1.45223975494250947280e-11	 1.45223691997400855419e-11	 
 2.02000000000000001776e+00	 8.74222971486438211951e-12	 3.92768867590238280188e-12	 2.54514564984215332807e-11	 4.80908022739174849962e-07	 5.72858246269573422744e-07	 1.87601584160570561157e-08	 2.30965968207326315342e-09	 8.58714728979660508698e-08	 6.41144610097990385817e-08	 5.70019173678275220719e-07	 6.99760422360622715026e-09	 9.02404270636865168213e-12	 9.02418414050056090741e-12	 9.02416779844791377084e-12	 
 2.04000000000000003553e+00	 3.47036448288464311467e-12	 2.43372280219269450229e-12	 1.33896526220985290015e-11	 3.68181388153570207815e-07	 4.43845734678464792055e-07	 1.23591130073370056564e-08	 1.41496976612586168979e-09	 6.15246220915229243688e-08	 4.55213481129972453486e-08	 4.41615064125731659635e-07	 5.81321955490784225081e-09	 5.59108628335867102483e-12	 5.59113720836697142040e-12	 5.59112966307896103177e-12	 
 2.06000000000000005329e+00	 8.27725598518661727488e-13	 1.48069493349956033116e-12	 7.08841300752845408800e-12	 2.77096295921033682815e-07	 3.38354647103393795987e-07	 8.08827307253015778020e-09	 8.67204737786079923001e-10	 4.32246371430557567948e-08	 3.18749318379344836795e-08	 3.36601275912544436757e-07	 4.75592028739857084547e-09	 3.40314301908116537597e-12	 3.40315584075482023459e-12	 3.40315312103168732456e-12	 
 2.08000000000000007105e+00	 1.74416938103438558390e-13	 8.55039132523269123628e-13	 4.04196485766376440611e-12	 2.04053824125245791018e-07	 2.52693187255968209959e-07	 5.19988829114211676130e-09	 5.27558416722828884938e-10	 2.95624457858470357844e-08	 2.17924242989473221254e-08	 2.51167845348701715916e-07	 3.83056033684862334924e-09	 1.96641817462450622034e-12	 1.96642087966584807166e-12	 1.96642030091737095350e-12	 
 2.10000000000000053291e+00	 3.44980966855496049469e-14	 4.59896453124746112022e-13	 2.39616838238667212890e-12	 1.47882678170324506539e-07	 1.85625958517926134484e-07	 3.34347835638426434928e-09	 3.28823342306961644512e-10	 1.99663814307232456083e-08	 1.46490795309730665432e-08	 1.84097201536450104515e-07	 3.05392629221513574391e-09	 1.05759801397735842845e-12	 1.05759854950935106253e-12	 1.05759843417269381827e-12	 
 2.12000000000000010658e+00	 6.40172345776130543123e-15	 2.07714242446032519343e-13	 1.41390524572268324726e-12	 1.05170589657102432416e-07	 1.33556434956123003116e-07	 2.13959409155666858109e-09	 2.06642609835563955937e-10	 1.32539699317861763686e-08	 9.70033767787639206560e-09	 1.32167967772320123676e-07	 2.40481338195437162363e-09	 4.76763243840494421888e-13	 4.76763343288483192061e-13	 4.76763321762631047087e-13	 
 2.14000000000000012434e+00	 1.11345105962916238991e-15	 6.18472424218265576318e-14	 8.09097308975331629567e-13	 7.28047325473164299420e-08	 9.32942846796117759171e-08	 1.34678823214330172261e-09	 1.28690656964801947842e-10	 8.55823072668605294426e-09	 6.27470646987764130207e-09	 9.22944431034434467690e-08	 1.82900269525274638285e-09	 1.41000142633233130514e-13	 1.41000159939502851879e-13	 1.41000156179262546592e-13	 
 2.15999999999999969802e+00	 1.81256454126966584252e-16	 1.04647844380107140808e-14	 4.78753891867603074376e-13	 4.96490239200481939604e-08	 6.38348550528609760144e-08	 8.58846764227762325675e-10	 8.16248258073397921436e-11	 5.51635485085481441821e-09	 4.06701533263224294045e-09	 6.34431128274032932389e-08	 1.30784631731933421247e-09	 2.38551369212792360749e-14	 2.38551397396625156290e-14	 2.38551391255555338946e-14	 
 2.18000000000000015987e+00	 2.75642761332979470342e-17	 1.63782173418833957547e-15	 2.98008969025498975316e-13	 3.32020093090883258072e-08	 4.27120046376828186838e-08	 5.48259933138083077677e-10	 5.19979087975494090091e-11	 3.54125915937050998284e-09	 2.61730213744288866686e-09	 4.26971795136241455302e-08	 8.91814131002156958376e-10	 3.73321570898446023934e-15	 3.73321613771227285755e-15	 3.73321604409935461443e-15	 
 2.20000000000000017764e+00	 3.90682551079849020778e-18	 2.37100849820910915793e-16	 1.87782705422260400090e-13	 2.12450518726414125009e-08	 2.73205063044150170124e-08	 3.40201691452361191278e-10	 3.22618214077825271292e-11	 2.20475212872554012240e-09	 1.62804452565766637565e-09	 2.74455334921821653975e-08	 5.71812403336722362160e-10	 5.40410436040136532590e-16	 5.40410496818967257814e-16	 5.40410483527608624003e-16	 
 2.21999999999999975131e+00	 5.14670242254419775099e-19	 3.17191073177899816171e-17	 1.10651886260458598153e-13	 1.26283419644758175195e-08	 1.62621031299200012985e-08	 1.99712101589859411234e-10	 1.89385711209222221201e-11	 1.29531885220525842114e-09	 9.56283667066484340613e-10	 1.63337392272550739020e-08	 3.38282150847207076075e-10	 7.22924168501993801325e-17	 7.22924248581931749505e-17	 7.22924231050594401107e-17	 
 2.24000000000000021316e+00	 6.28156521145542722251e-20	 3.91424804813032282888e-18	 4.51773688113105142340e-14	 5.17659109596049919991e-09	 6.67214277238854255481e-09	 8.14740437899043048773e-11	 7.72610003141636446346e-12	 5.28523832860411291122e-10	 3.90170165396613891201e-10	 6.69759788501889042657e-09	 1.38227100659494226130e-10	 8.92085642489693402538e-18	 8.92085740237832738165e-18	 8.92085718822181239499e-18	 
 2.25999999999999978684e+00	 7.07678151806642310253e-21	 4.44409868731815646087e-19	 5.40426795677471391462e-15	 6.19270340565877604652e-10	 7.98188514154932964737e-10	 9.74607735820683780657e-12	 9.24210352763913709607e-13	 6.32232079500725345997e-11	 4.66729987106703467708e-11	 8.01230733076983539699e-10	 1.65354847799048002259e-11	 1.01281990826913481732e-18	 1.01282001839950016036e-18	 1.01281999425855821981e-18	 
 2.27999999999999980460e+00	 7.32817061541208742343e-22	 4.62651059260368225972e-20	 5.83852900146997802105e-16	 6.69053728000523669290e-11	 8.62360353441321922760e-11	 1.05291355864000290986e-12	 9.98466826306476590488e-14	 6.83030865230090731330e-12	 5.04230712391179715842e-12	 8.65644879184867940452e-11	 1.78644146427167410152e-12	 1.05437554096889190322e-19	 1.05437565501650582703e-19	 1.05437563000854949042e-19	 
 2.30000000000000026645e+00	 6.94137711515621007892e-23	 4.39779085475722707179e-21	 5.69631333312053150114e-17	 6.52771524088026514675e-12	 8.41377302181506316244e-12	 1.02726048988765187601e-13	 9.74140212567053226111e-15	 6.66390562726813966487e-13	 4.91946253166573092831e-13	 8.44580341211872403176e-12	 1.74294154690113901568e-13	 1.00223991299143423761e-20	 1.00224002102216986412e-20	 1.00223999732884689781e-20	 
 2.32000000000000028422e+00	 5.98102022945775764925e-24	 3.79776060506172319189e-22	 5.00870817653402213929e-18	 5.73983997734530249683e-13	 7.39827761900890924274e-13	 9.03255633004425594467e-15	 8.56547677651412294662e-16	 5.85948396852849442960e-14	 4.32561725070475331591e-14	 7.42643247214262201401e-13	 1.53255872862413399923e-14	 8.65489143827730496440e-22	 8.65489236913241704723e-22	 8.65489216495605989810e-22	 
 2.33999999999999985789e+00	 4.65803093748047252814e-25	 2.96149115063722252998e-23	 3.95406709513562796614e-19	 4.53129846902688395557e-14	 5.84055830989611054696e-14	 7.13062798237616287429e-16	 6.76189818330546393237e-17	 4.62569258582756001506e-15	 3.41480112829522187128e-15	 5.86277983379770582480e-14	 1.20986544114818656219e-15	 6.74904806551624377945e-23	 6.74904879046974234646e-23	 6.74904863145088018905e-23	 
 2.36000000000000031974e+00	 3.25451912132285028225e-26	 2.07044228903693303533e-24	 2.78701174401950798828e-20	 3.19389402452285312557e-15	 4.11673369481436788080e-15	 5.02599130372579529235e-17	 4.76609364473132468934e-18	 3.26040024739927019551e-16	 2.40690816463328324866e-16	 4.13239405230216920869e-15	 8.52771966364674088431e-17	 4.71839240366724939179e-24	 4.71839291018277077949e-24	 4.71839279907968206498e-24	 
 2.38000000000000033751e+00	 2.02212756670840414119e-27	 1.28663409494894570090e-25	 1.74100260283430941602e-21	 1.99518481010370644712e-16	 2.57167322586133537807e-16	 3.13965422357872516256e-18	 2.97730038461845636174e-19	 2.03671908332698722648e-17	 1.50355633445297447808e-17	 2.58145499165667511005e-16	 5.32714140074618083360e-18	 2.93214463638926691447e-25	 2.93214495109946223038e-25	 2.93214488207138547080e-25	 
 2.39999999999999991118e+00	 1.10558478346196075528e-28	 7.03358632919984238841e-27	 9.54763844974321742076e-23	 1.09416026280208820476e-17	 1.41030756619845277515e-17	 1.72178145491498156896e-19	 1.63274685223965831328e-20	 1.11693375475837902655e-18	 8.24548048991953730537e-19	 1.41567151014651923884e-17	 2.92140107924551739657e-19	 1.60290191919288694382e-26	 1.60290209125670595256e-26	 1.60290205351879028616e-26	 
 2.41999999999999948486e+00	 5.25105801960145310577e-30	 3.33953629954252144707e-28	 4.54110743732827164557e-24	 5.20412237749497171956e-19	 6.70780682152263790789e-19	 8.18924063659484318739e-21	 7.76576887347052037970e-22	 5.31242813452050687027e-20	 3.92176538258772205697e-20	 6.73331804495020852251e-19	 1.38949576506458842576e-20	 7.61055527675686702181e-28	 7.61055609397690867319e-28	 7.61055591475286820196e-28	 
 2.44000000000000039080e+00	 2.13190454950949329880e-31	 1.35522922419969479136e-29	 1.84427429994514463028e-25	 2.11354567442784565490e-20	 2.72423624489808351489e-20	 3.32588522059569050748e-22	 3.15390120500289301018e-23	 2.15752936235669145475e-21	 1.59274132703373457086e-21	 2.73459681729517617639e-20	 5.64314317204078661554e-22	 3.08846829254404966419e-29	 3.08846862432729487106e-29	 3.08846855156963036006e-29	 
 2.45999999999999996447e+00	 7.24584084605825187947e-33	 4.60378557094096851825e-31	 6.26596957422864804931e-27	 7.18082874491683500656e-22	 9.25566734882191507228e-22	 1.12997796185043550586e-23	 1.07154595657923374647e-24	 7.33026100056337535092e-23	 5.41137921706716926559e-23	 9.29086716071982699440e-22	 1.91727256207878092819e-23	 1.04916980960609022726e-30	 1.04916992236998332900e-30	 1.04916989764355642332e-30	 
 2.47999999999999953815e+00	 2.00431308446659095419e-34	 1.27281642197151567859e-32	 1.73190443565542151922e-28	 1.98477016911756782050e-23	 2.55825246963821657882e-23	 3.12324177974564470404e-25	 2.96173661909257238852e-26	 2.02607290228649193213e-24	 1.49569691675565493357e-24	 2.56798158195318028238e-23	 5.29931173787988213207e-25	 2.90065999703809838583e-32	 2.90066030895697056209e-32	 2.90066024056562850205e-32	 
 2.50000000000000044409e+00	 4.33374795555387700923e-36	 2.75069048682049585404e-34	 3.74093654845990451894e-30	 4.28712906307301348811e-25	 5.52585809325965976085e-25	 6.74624389415016780065e-27	 6.39739061202981493730e-28	 4.37634440366980052269e-26	 3.23072522965501034865e-26	 5.54687307795129851973e-25	 1.14465819604977870713e-26	 6.26863749822087921389e-34	 6.26863817264780667879e-34	 6.26863802478311944199e-34	 
 2.52000000000000001776e+00	 6.87738169964216340336e-38	 4.36305052811368234537e-36	 5.92998767789641180708e-32	 6.79578872284937449913e-27	 8.75937297324527737941e-27	 1.06938851828899173923e-28	 1.01408964697562852562e-29	 6.93721188462683294572e-28	 5.12122069827607299783e-28	 8.79268517579334237320e-27	 1.81446748849997203403e-28	 9.94310542452451373752e-36	 9.94310649478610925334e-36	 9.94310626015156305894e-36	 
 2.54000000000000003553e+00	 7.15428992385400926874e-40	 4.53667947680387284331e-38	 6.16175036239083943896e-34	 7.06138694646533890571e-29	 9.10171297510523421513e-29	 1.11118370279778433535e-30	 1.05372357490558346469e-31	 7.20834048917064411384e-30	 5.32137453845580999809e-30	 9.13632725346341152033e-29	 1.88538224115080774451e-30	 1.03388027914753173468e-37	 1.03388039048192117349e-37	 1.03388036607537477736e-37	 
 2.56000000000000049738e+00	 3.73486208416314486840e-42	 2.36738076640277538483e-40	 3.21318501226876536948e-36	 3.68231949790107291709e-31	 4.74629322522390171029e-31	 5.79452095192240288091e-33	 5.49488202128312002293e-34	 3.75895350015839148691e-32	 2.77495209638335304405e-32	 4.76434371348986790213e-31	 9.83175295750869846977e-33	 5.39511363825430771633e-40	 5.39511421946522725788e-40	 5.39511409205968525567e-40	 
 2.58000000000000007105e+00	 1.19713217993503000098e-45	 7.58535377169721021092e-44	 1.02886353314774347068e-39	 1.17908016971093858313e-34	 1.51976488358696351911e-34	 1.85540883635439348352e-36	 1.75946428883662189034e-37	 1.20361896796841379827e-35	 8.88541184636511287224e-36	 1.52554468865181939798e-34	 3.14813186412547929648e-36	 1.72865616692871625299e-43	 1.72865635322238856320e-43	 1.72865631238737432327e-43	 
 2.60000000000000008882e+00	 0.00000000000000000000e+00	 0.00000000000000000000e+00	 0.00000000000000000000e+00	 0.00000000000000000000e+00	 0.00000000000000000000e+00	 0.00000000000000000000e+00	 0.00000000000000000000e+00	 0.00000000000000000000e+00	 0.00000000000000000000e+00	 0.00000000000000000000e+00	 0.00000000000000000000e+00	 0.00000000000000000000e+00	 0.00000000000000000000e+00	 0.00000000000000000000e+00	 
 2.62000000000000055067e+00	 0.00000000000000000000e+00	 0.00000000000000000000e+00	 3.81825306105915953262e-44	 4.37572431822365634134e-39	 5.64005022061989254036e-39	 6.88567674488102048529e-41	 6.52961339779389828605e-42	 4.46679487771482328935e-40	 3.29749809234453303295e-40	 5.66150007704250882302e-39	 1.16831431987427999944e-40	 0.00000000000000000000e+00	 0.00000000000000000000e+00	 0.00000000000000000000e+00	 
 2.64000000000000012434e+00	 0.00000000000000000000e+00	 0.00000000000000000000e+00	 0.00000000000000000000e+00	 0.00000000000000000000e+00	 0.00000000000000000000e+00	 0.00000000000000000000e+00	 0.00000000000000000000e+00	 0.00000000000000000000e+00	 0.00000000000000000000e+00	 0.00000000000000000000e+00	 0.00000000000000000000e+00	 0.00000000000000000000e+00	 0.00000000000000000000e+00	 0.00000000000000000000e+00	 
 2.66000000000000014211e+00	 0.00000000000000000000e+00	 0.00000000000000000000e+00	 0.00000000000000000000e+00	 9.18699228598243625655e-43	 1.18414893263410575999e-42	 1.44567393207174458432e-44	 1.37091708797833188623e-45	 9.37820474348996728924e-44	 6.92322198475499608654e-44	 1.18865244832270827666e-42	 2.45291917207276933929e-44	 0.00000000000000000000e+00	 0.00000000000000000000e+00	 0.00000000000000000000e+00	 
 2.67999999999999971578e+00	 0.00000000000000000000e+00	 0.00000000000000000000e+00	 0.00000000000000000000e+00	 0.00000000000000000000e+00	 0.00000000000000000000e+00	 0.00000000000000000000e+00	 0.00000000000000000000e+00	 0.00000000000000000000e+00	 0.00000000000000000000e+00	 0.00000000000000000000e+00	 0.00000000000000000000e+00	 0.00000000000000000000e+00	 0.00000000000000000000e+00	 0.00000000000000000000e+00	 
 2.70000000000000017764e+00	 0.00000000000000000000e+00	 0.00000000000000000000e+00	 0.00000000000000000000e+00	 4.30683751658388281637e-46	 5.55125824044681283226e-46	 0.00000000000000000000e+00	 0.00000000000000000000e+00	 0.00000000000000000000e+00	 0.00000000000000000000e+00	 5.57237075032122483868e-46	 0.00000000000000000000e+00	 0.00000000000000000000e+00	 0.00000000000000000000e+00	 0.00000000000000000000e+00	 
 2.72000000000000019540e+00	 0.00000000000000000000e+00	 0.00000000000000000000e+00	 0.00000000000000000000e+00	 0.00000000000000000000e+00	 0.00000000000000000000e+00	 0.00000000000000000000e+00	 0.00000000000000000000e+00	 0.00000000000000000000e+00	 0.00000000000000000000e+00	 0.00000000000000000000e+00	 0.00000000000000000000e+00	 0.00000000000000000000e+00	 0.00000000000000000000e+00	 0.00000000000000000000e+00	 
 2.73999999999999976907e+00	 0.00000000000000000000e+00	 0.00000000000000000000e+00	 0.00000000000000000000e+00	 0.00000000000000000000e+00	 0.00000000000000000000e+00	 0.00000000000000000000e+00	 0.00000000000000000000e+00	 0.00000000000000000000e+00	 0.00000000000000000000e+00	 0.00000000000000000000e+00	 0.00000000000000000000e+00	 0.00000000000000000000e+00	 0.00000000000000000000e+00	 0.00000000000000000000e+00	 
 2.76000000000000023093e+00	 0.00000000000000000000e+00	 0.00000000000000000000e+00	 0.00000000000000000000e+00	 0.00000000000000000000e+00	 0.00000000000000000000e+00	 0.00000000000000000000e+00	 0.00000000000000000000e+00	 0.00000000000000000000e+00	 0.00000000000000000000e+00	 0.00000000000000000000e+00	 0.00000000000000000000e+00	 0.00000000000000000000e+00	 0.00000000000000000000e+00	 0.00000000000000000000e+00	 
 2.77999999999999980460e+00	 0.00000000000000000000e+00	 0.00000000000000000000e+00	 0.00000000000000000000e+00	 0.00000000000000000000e+00	 0.00000000000000000000e+00	 0.00000000000000000000e+00	 0.00000000000000000000e+00	 0.00000000000000000000e+00	 0.00000000000000000000e+00	 0.00000000000000000000e+00	 0.00000000000000000000e+00	 0.00000000000000000000e+00	 0.00000000000000000000e+00	 0.00000000000000000000e+00	 
 2.79999999999999982236e+00	 0.00000000000000000000e+00	 0.00000000000000000000e+00	 0.00000000000000000000e+00	 0.00000000000000000000e+00	 0.00000000000000000000e+00	 0.00000000000000000000e+00	 0.00000000000000000000e+00	 0.00000000000000000000e+00	 0.00000000000000000000e+00	 0.00000000000000000000e+00	 0.00000000000000000000e+00	 0.00000000000000000000e+00	 0.00000000000000000000e+00	 0.00000000000000000000e+00	 
 2.82000000000000028422e+00	 0.00000000000000000000e+00	 0.00000000000000000000e+00	 0.00000000000000000000e+00	 0.00000000000000000000e+00	 0.00000000000000000000e+00	 0.00000000000000000000e+00	 0.00000000000000000000e+00	 0.00000000000000000000e+00	 0.00000000000000000000e+00	 0.00000000000000000000e+00	 0.00000000000000000000e+00	 0.00000000000000000000e+00	 0.00000000000000000000e+00	 0.00000000000000000000e+00	 
 2.83999999999999985789e+00	 0.00000000000000000000e+00	 0.00000000000000000000e+00	 0.00000000000000000000e+00	 0.00000000000000000000e+00	 0.00000000000000000000e+00	 0.00000000000000000000e+00	 0.00000000000000000000e+00	 0.00000000000000000000e+00	 0.00000000000000000000e+00	 0.00000000000000000000e+00	 0.00000000000000000000e+00	 0.00000000000000000000e+00	 0.00000000000000000000e+00	 0.00000000000000000000e+00	 
 2.85999999999999987566e+00	 0.00000000000000000000e+00	 0.00000000000000000000e+00	 0.00000000000000000000e+00	 0.00000000000000000000e+00	 0.00000000000000000000e+00	 0.00000000000000000000e+00	 0.00000000000000000000e+00	 0.00000000000000000000e+00	 0.00000000000000000000e+00	 0.00000000000000000000e+00	 0.00000000000000000000e+00	 0.00000000000000000000e+00	 0.00000000000000000000e+00	 0.00000000000000000000e+00	 
 2.87999999999999989342e+00	 0.00000000000000000000e+00	 0.00000000000000000000e+00	 0.00000000000000000000e+00	 0.00000000000000000000e+00	 0.00000000000000000000e+00	 0.00000000000000000000e+00	 0.00000000000000000000e+00	 0.00000000000000000000e+00	 0.00000000000000000000e+00	 0.00000000000000000000e+00	 0.00000000000000000000e+00	 0.00000000000000000000e+00	 0.00000000000000000000e+00	 0.00000000000000000000e+00	 
 2.90000000000000035527e+00	 0.00000000000000000000e+00	 0.00000000000000000000e+00	 0.00000000000000000000e+00	 0.00000000000000000000e+00	 0.00000000000000000000e+00	 0.00000000000000000000e+00	 0.00000000000000000000e+00	 0.00000000000000000000e+00	 0.00000000000000000000e+00	 0.00000000000000000000e+00	 0.00000000000000000000e+00	 0.00000000000000000000e+00	 0.00000000000000000000e+00	 0.00000000000000000000e+00	 
 2.91999999999999992895e+00	 0.00000000000000000000e+00	 0.00000000000000000000e+00	 0.00000000000000000000e+00	 0.00000000000000000000e+00	 0.00000000000000000000e+00	 0.00000000000000000000e+00	 0.00000000000000000000e+00	 0.00000000000000000000e+00	 0.00000000000000000000e+00	 0.00000000000000000000e+00	 0.00000000000000000000e+00	 0.00000000000000000000e+00	 0.00000000000000000000e+00	 0.00000000000000000000e+00	 
 2.93999999999999994671e+00	 0.00000000000000000000e+00	 0.00000000000000000000e+00	 0.00000000000000000000e+00	 0.00000000000000000000e+00	 0.00000000000000000000e+00	 0.00000000000000000000e+00	 0.00000000000000000000e+00	 0.00000000000000000000e+00	 0.00000000000000000000e+00	 0.00000000000000000000e+00	 0.00000000000000000000e+00	 0.00000000000000000000e+00	 0.00000000000000000000e+00	 0.00000000000000000000e+00	 
 2.96000000000000040856e+00	 0.00000000000000000000e+00	 0.00000000000000000000e+00	 0.00000000000000000000e+00	 0.00000000000000000000e+00	 0.00000000000000000000e+00	 0.00000000000000000000e+00	 0.00000000000000000000e+00	 0.00000000000000000000e+00	 0.00000000000000000000e+00	 0.00000000000000000000e+00	 0.00000000000000000000e+00	 0.00000000000000000000e+00	 0.00000000000000000000e+00	 0.00000000000000000000e+00	 
 2.97999999999999998224e+00	 0.00000000000000000000e+00	 0.00000000000000000000e+00	 0.00000000000000000000e+00	 0.00000000000000000000e+00	 0.00000000000000000000e+00	 0.00000000000000000000e+00	 0.00000000000000000000e+00	 0.00000000000000000000e+00	 0.00000000000000000000e+00	 0.00000000000000000000e+00	 0.00000000000000000000e+00	 0.00000000000000000000e+00	 0.00000000000000000000e+00	 0.00000000000000000000e+00	 
 3.00000000000000000000e+00	 0.00000000000000000000e+00	 0.00000000000000000000e+00	 0.00000000000000000000e+00	 0.00000000000000000000e+00	 0.00000000000000000000e+00	 0.00000000000000000000e+00	 0.00000000000000000000e+00	 0.00000000000000000000e+00	 0.00000000000000000000e+00	 0.00000000000000000000e+00	 0.00000000000000000000e+00	 0.00000000000000000000e+00	 0.00000000000000000000e+00	 0.00000000000000000000e+00	 
 3.02000000000000046185e+00	 0.00000000000000000000e+00	 0.00000000000000000000e+00	 0.00000000000000000000e+00	 0.00000000000000000000e+00	 0.00000000000000000000e+00	 0.00000000000000000000e+00	 0.00000000000000000000e+00	 0.00000000000000000000e+00	 0.00000000000000000000e+00	 0.00000000000000000000e+00	 0.00000000000000000000e+00	 0.00000000000000000000e+00	 0.00000000000000000000e+00	 0.00000000000000000000e+00	 
 3.04000000000000003553e+00	 0.00000000000000000000e+00	 0.00000000000000000000e+00	 0.00000000000000000000e+00	 0.00000000000000000000e+00	 0.00000000000000000000e+00	 0.00000000000000000000e+00	 0.00000000000000000000e+00	 0.00000000000000000000e+00	 0.00000000000000000000e+00	 0.00000000000000000000e+00	 0.00000000000000000000e+00	 0.00000000000000000000e+00	 0.00000000000000000000e+00	 0.00000000000000000000e+00	 
 3.06000000000000005329e+00	 0.00000000000000000000e+00	 0.00000000000000000000e+00	 0.00000000000000000000e+00	 0.00000000000000000000e+00	 0.00000000000000000000e+00	 0.00000000000000000000e+00	 0.00000000000000000000e+00	 0.00000000000000000000e+00	 0.00000000000000000000e+00	 0.00000000000000000000e+00	 0.00000000000000000000e+00	 0.00000000000000000000e+00	 0.00000000000000000000e+00	 0.00000000000000000000e+00	 
 3.08000000000000007105e+00	 0.00000000000000000000e+00	 0.00000000000000000000e+00	 0.00000000000000000000e+00	 0.00000000000000000000e+00	 0.00000000000000000000e+00	 0.00000000000000000000e+00	 0.00000000000000000000e+00	 0.00000000000000000000e+00	 0.00000000000000000000e+00	 0.00000000000000000000e+00	 0.00000000000000000000e+00	 0.00000000000000000000e+00	 0.00000000000000000000e+00	 0.00000000000000000000e+00	 
 3.10000000000000008882e+00	 0.00000000000000000000e+00	 0.00000000000000000000e+00	 0.00000000000000000000e+00	 0.00000000000000000000e+00	 0.00000000000000000000e+00	 0.00000000000000000000e+00	 0.00000000000000000000e+00	 0.00000000000000000000e+00	 0.00000000000000000000e+00	 0.00000000000000000000e+00	 0.00000000000000000000e+00	 0.00000000000000000000e+00	 0.00000000000000000000e+00	 0.00000000000000000000e+00	 
 3.12000000000000010658e+00	 0.00000000000000000000e+00	 0.00000000000000000000e+00	 0.00000000000000000000e+00	 0.00000000000000000000e+00	 0.00000000000000000000e+00	 0.00000000000000000000e+00	 0.00000000000000000000e+00	 0.00000000000000000000e+00	 0.00000000000000000000e+00	 0.00000000000000000000e+00	 0.00000000000000000000e+00	 0.00000000000000000000e+00	 0.00000000000000000000e+00	 0.00000000000000000000e+00	 
 3.13999999999999968026e+00	 0.00000000000000000000e+00	 0.00000000000000000000e+00	 0.00000000000000000000e+00	 0.00000000000000000000e+00	 0.00000000000000000000e+00	 0.00000000000000000000e+00	 0.00000000000000000000e+00	 0.00000000000000000000e+00	 0.00000000000000000000e+00	 0.00000000000000000000e+00	 0.00000000000000000000e+00	 0.00000000000000000000e+00	 0.00000000000000000000e+00	 0.00000000000000000000e+00	 
 3.16000000000000014211e+00	 0.00000000000000000000e+00	 0.00000000000000000000e+00	 0.00000000000000000000e+00	 0.00000000000000000000e+00	 0.00000000000000000000e+00	 0.00000000000000000000e+00	 0.00000000000000000000e+00	 0.00000000000000000000e+00	 0.00000000000000000000e+00	 0.00000000000000000000e+00	 0.00000000000000000000e+00	 0.00000000000000000000e+00	 0.00000000000000000000e+00	 0.00000000000000000000e+00	 
 3.18000000000000015987e+00	 0.00000000000000000000e+00	 0.00000000000000000000e+00	 0.00000000000000000000e+00	 0.00000000000000000000e+00	 0.00000000000000000000e+00	 0.00000000000000000000e+00	 0.00000000000000000000e+00	 0.00000000000000000000e+00	 0.00000000000000000000e+00	 0.00000000000000000000e+00	 0.00000000000000000000e+00	 0.00000000000000000000e+00	 0.00000000000000000000e+00	 0.00000000000000000000e+00	 
 3.19999999999999973355e+00	 0.00000000000000000000e+00	 0.00000000000000000000e+00	 0.00000000000000000000e+00	 0.00000000000000000000e+00	 0.00000000000000000000e+00	 0.00000000000000000000e+00	 0.00000000000000000000e+00	 0.00000000000000000000e+00	 0.00000000000000000000e+00	 0.00000000000000000000e+00	 0.00000000000000000000e+00	 0.00000000000000000000e+00	 0.00000000000000000000e+00	 0.00000000000000000000e+00	 
 3.22000000000000019540e+00	 0.00000000000000000000e+00	 0.00000000000000000000e+00	 0.00000000000000000000e+00	 0.00000000000000000000e+00	 0.00000000000000000000e+00	 0.00000000000000000000e+00	 0.00000000000000000000e+00	 0.00000000000000000000e+00	 0.00000000000000000000e+00	 0.00000000000000000000e+00	 0.00000000000000000000e+00	 0.00000000000000000000e+00	 0.00000000000000000000e+00	 0.00000000000000000000e+00	 
 3.24000000000000021316e+00	 0.00000000000000000000e+00	 0.00000000000000000000e+00	 0.00000000000000000000e+00	 0.00000000000000000000e+00	 0.00000000000000000000e+00	 0.00000000000000000000e+00	 0.00000000000000000000e+00	 0.00000000000000000000e+00	 0.00000000000000000000e+00	 0.00000000000000000000e+00	 0.00000000000000000000e+00	 0.00000000000000000000e+00	 0.00000000000000000000e+00	 0.00000000000000000000e+00	 
 3.25999999999999978684e+00	 0.00000000000000000000e+00	 0.00000000000000000000e+00	 0.00000000000000000000e+00	 0.00000000000000000000e+00	 0.00000000000000000000e+00	 0.00000000000000000000e+00	 0.00000000000000000000e+00	 0.00000000000000000000e+00	 0.00000000000000000000e+00	 0.00000000000000000000e+00	 0.00000000000000000000e+00	 0.00000000000000000000e+00	 0.00000000000000000000e+00	 0.00000000000000000000e+00	 
 3.28000000000000024869e+00	 0.00000000000000000000e+00	 0.00000000000000000000e+00	 0.00000000000000000000e+00	 0.00000000000000000000e+00	 0.00000000000000000000e+00	 0.00000000000000000000e+00	 0.00000000000000000000e+00	 0.00000000000000000000e+00	 0.00000000000000000000e+00	 0.00000000000000000000e+00	 0.00000000000000000000e+00	 0.00000000000000000000e+00	 0.00000000000000000000e+00	 0.00000000000000000000e+00	 
 3.29999999999999982236e+00	 0.00000000000000000000e+00	 0.00000000000000000000e+00	 0.00000000000000000000e+00	 0.00000000000000000000e+00	 0.00000000000000000000e+00	 0.00000000000000000000e+00	 0.00000000000000000000e+00	 0.00000000000000000000e+00	 0.00000000000000000000e+00	 0.00000000000000000000e+00	 0.00000000000000000000e+00	 0.00000000000000000000e+00	 0.00000000000000000000e+00	 0.00000000000000000000e+00	 
 3.31999999999999984013e+00	 0.00000000000000000000e+00	 0.00000000000000000000e+00	 0.00000000000000000000e+00	 0.00000000000000000000e+00	 0.00000000000000000000e+00	 0.00000000000000000000e+00	 0.00000000000000000000e+00	 0.00000000000000000000e+00	 0.00000000000000000000e+00	 0.00000000000000000000e+00	 0.00000000000000000000e+00	 0.00000000000000000000e+00	 0.00000000000000000000e+00	 0.00000000000000000000e+00	 
 3.34000000000000030198e+00	 0.00000000000000000000e+00	 0.00000000000000000000e+00	 0.00000000000000000000e+00	 0.00000000000000000000e+00	 0.00000000000000000000e+00	 0.00000000000000000000e+00	 0.00000000000000000000e+00	 0.00000000000000000000e+00	 0.00000000000000000000e+00	 0.00000000000000000000e+00	 0.00000000000000000000e+00	 0.00000000000000000000e+00	 0.00000000000000000000e+00	 0.00000000000000000000e+00	 
 3.36000000000000031974e+00	 0.00000000000000000000e+00	 0.00000000000000000000e+00	 0.00000000000000000000e+00	 0.00000000000000000000e+00	 0.00000000000000000000e+00	 0.00000000000000000000e+00	 0.00000000000000000000e+00	 0.00000000000000000000e+00	 0.00000000000000000000e+00	 0.00000000000000000000e+00	 0.00000000000000000000e+00	 0.00000000000000000000e+00	 0.00000000000000000000e+00	 0.00000000000000000000e+00	 
 3.37999999999999989342e+00	 0.00000000000000000000e+00	 0.00000000000000000000e+00	 0.00000000000000000000e+00	 0.00000000000000000000e+00	 0.00000000000000000000e+00	 0.00000000000000000000e+00	 0.00000000000000000000e+00	 0.00000000000000000000e+00	 0.00000000000000000000e+00	 0.00000000000000000000e+00	 0.00000000000000000000e+00	 0.00000000000000000000e+00	 0.00000000000000000000e+00	 0.00000000000000000000e+00	 
 3.39999999999999991118e+00	 0.00000000000000000000e+00	 0.00000000000000000000e+00	 0.00000000000000000000e+00	 0.00000000000000000000e+00	 0.00000000000000000000e+00	 0.00000000000000000000e+00	 0.00000000000000000000e+00	 0.00000000000000000000e+00	 0.00000000000000000000e+00	 0.00000000000000000000e+00	 0.00000000000000000000e+00	 0.00000000000000000000e+00	 0.00000000000000000000e+00	 0.00000000000000000000e+00	 
 3.42000000000000037303e+00	 0.00000000000000000000e+00	 0.00000000000000000000e+00	 0.00000000000000000000e+00	 0.00000000000000000000e+00	 0.00000000000000000000e+00	 0.00000000000000000000e+00	 0.00000000000000000000e+00	 0.00000000000000000000e+00	 0.00000000000000000000e+00	 0.00000000000000000000e+00	 0.00000000000000000000e+00	 0.00000000000000000000e+00	 0.00000000000000000000e+00	 0.00000000000000000000e+00	 
 3.43999999999999994671e+00	 0.00000000000000000000e+00	 0.00000000000000000000e+00	 0.00000000000000000000e+00	 0.00000000000000000000e+00	 0.00000000000000000000e+00	 0.00000000000000000000e+00	 0.00000000000000000000e+00	 0.00000000000000000000e+00	 0.00000000000000000000e+00	 0.00000000000000000000e+00	 0.00000000000000000000e+00	 0.00000000000000000000e+00	 0.00000000000000000000e+00	 0.00000000000000000000e+00	 
 3.45999999999999996447e+00	 0.00000000000000000000e+00	 0.00000000000000000000e+00	 0.00000000000000000000e+00	 0.00000000000000000000e+00	 0.00000000000000000000e+00	 0.00000000000000000000e+00	 0.00000000000000000000e+00	 0.00000000000000000000e+00	 0.00000000000000000000e+00	 0.00000000000000000000e+00	 0.00000000000000000000e+00	 0.00000000000000000000e+00	 0.00000000000000000000e+00	 0.00000000000000000000e+00	 
 3.48000000000000042633e+00	 0.00000000000000000000e+00	 0.00000000000000000000e+00	 0.00000000000000000000e+00	 0.00000000000000000000e+00	 0.00000000000000000000e+00	 0.00000000000000000000e+00	 0.00000000000000000000e+00	 0.00000000000000000000e+00	 0.00000000000000000000e+00	 0.00000000000000000000e+00	 0.00000000000000000000e+00	 0.00000000000000000000e+00	 0.00000000000000000000e+00	 0.00000000000000000000e+00	 
 3.50000000000000000000e+00	 0.00000000000000000000e+00	 0.00000000000000000000e+00	 0.00000000000000000000e+00	 0.00000000000000000000e+00	 0.00000000000000000000e+00	 0.00000000000000000000e+00	 0.00000000000000000000e+00	 0.00000000000000000000e+00	 0.00000000000000000000e+00	 0.00000000000000000000e+00	 0.00000000000000000000e+00	 0.00000000000000000000e+00	 0.00000000000000000000e+00	 0.00000000000000000000e+00	 
 3.52000000000000001776e+00	 0.00000000000000000000e+00	 0.00000000000000000000e+00	 0.00000000000000000000e+00	 0.00000000000000000000e+00	 0.00000000000000000000e+00	 0.00000000000000000000e+00	 0.00000000000000000000e+00	 0.00000000000000000000e+00	 0.00000000000000000000e+00	 0.00000000000000000000e+00	 0.00000000000000000000e+00	 0.00000000000000000000e+00	 0.00000000000000000000e+00	 0.00000000000000000000e+00	 
 3.54000000000000047962e+00	 0.00000000000000000000e+00	 0.00000000000000000000e+00	 0.00000000000000000000e+00	 0.00000000000000000000e+00	 0.00000000000000000000e+00	 0.00000000000000000000e+00	 0.00000000000000000000e+00	 0.00000000000000000000e+00	 0.00000000000000000000e+00	 0.00000000000000000000e+00	 0.00000000000000000000e+00	 0.00000000000000000000e+00	 0.00000000000000000000e+00	 0.00000000000000000000e+00	 
 3.56000000000000005329e+00	 0.00000000000000000000e+00	 0.00000000000000000000e+00	 0.00000000000000000000e+00	 0.00000000000000000000e+00	 0.00000000000000000000e+00	 0.00000000000000000000e+00	 0.00000000000000000000e+00	 0.00000000000000000000e+00	 0.00000000000000000000e+00	 0.00000000000000000000e+00	 0.00000000000000000000e+00	 0.00000000000000000000e+00	 0.00000000000000000000e+00	 0.00000000000000000000e+00	 
 3.58000000000000007105e+00	 0.00000000000000000000e+00	 0.00000000000000000000e+00	 0.00000000000000000000e+00	 0.00000000000000000000e+00	 0.00000000000000000000e+00	 0.00000000000000000000e+00	 0.00000000000000000000e+00	 0.00000000000000000000e+00	 0.00000000000000000000e+00	 0.00000000000000000000e+00	 0.00000000000000000000e+00	 0.00000000000000000000e+00	 0.00000000000000000000e+00	 0.00000000000000000000e+00	 
 3.60000000000000053291e+00	 0.00000000000000000000e+00	 0.00000000000000000000e+00	 0.00000000000000000000e+00	 0.00000000000000000000e+00	 0.00000000000000000000e+00	 0.00000000000000000000e+00	 0.00000000000000000000e+00	 0.00000000000000000000e+00	 0.00000000000000000000e+00	 0.00000000000000000000e+00	 0.00000000000000000000e+00	 0.00000000000000000000e+00	 0.00000000000000000000e+00	 0.00000000000000000000e+00	 
 3.62000000000000010658e+00	 0.00000000000000000000e+00	 0.00000000000000000000e+00	 0.00000000000000000000e+00	 0.00000000000000000000e+00	 0.00000000000000000000e+00	 0.00000000000000000000e+00	 0.00000000000000000000e+00	 0.00000000000000000000e+00	 0.00000000000000000000e+00	 0.00000000000000000000e+00	 0.00000000000000000000e+00	 0.00000000000000000000e+00	 0.00000000000000000000e+00	 0.00000000000000000000e+00	 
 3.63999999999999968026e+00	 0.00000000000000000000e+00	 0.00000000000000000000e+00	 0.00000000000000000000e+00	 0.00000000000000000000e+00	 0.00000000000000000000e+00	 0.00000000000000000000e+00	 0.00000000000000000000e+00	 0.00000000000000000000e+00	 0.00000000000000000000e+00	 0.00000000000000000000e+00	 0.00000000000000000000e+00	 0.00000000000000000000e+00	 0.00000000000000000000e+00	 0.00000000000000000000e+00	 
 3.65999999999999969802e+00	 0.00000000000000000000e+00	 0.00000000000000000000e+00	 0.00000000000000000000e+00	 0.00000000000000000000e+00	 0.00000000000000000000e+00	 0.00000000000000000000e+00	 0.00000000000000000000e+00	 0.00000000000000000000e+00	 0.00000000000000000000e+00	 0.00000000000000000000e+00	 0.00000000000000000000e+00	 0.00000000000000000000e+00	 0.00000000000000000000e+00	 0.00000000000000000000e+00	 
 3.68000000000000015987e+00	 0.00000000000000000000e+00	 0.00000000000000000000e+00	 0.00000000000000000000e+00	 0.00000000000000000000e+00	 0.00000000000000000000e+00	 0.00000000000000000000e+00	 0.00000000000000000000e+00	 0.00000000000000000000e+00	 0.00000000000000000000e+00	 0.00000000000000000000e+00	 0.00000000000000000000e+00	 0.00000000000000000000e+00	 0.00000000000000000000e+00	 0.00000000000000000000e+00	 
 3.70000000000000017764e+00	 0.00000000000000000000e+00	 0.00000000000000000000e+00	 0.00000000000000000000e+00	 0.00000000000000000000e+00	 0.00000000000000000000e+00	 0.00000000000000000000e+00	 0.00000000000000000000e+00	 0.00000000000000000000e+00	 0.00000000000000000000e+00	 0.00000000000000000000e+00	 0.00000000000000000000e+00	 0.00000000000000000000e+00	 0.00000000000000000000e+00	 0.00000000000000000000e+00	 
 3.71999999999999975131e+00	 0.00000000000000000000e+00	 0.00000000000000000000e+00	 0.00000000000000000000e+00	 0.00000000000000000000e+00	 0.00000000000000000000e+00	 0.00000000000000000000e+00	 0.00000000000000000000e+00	 0.00000000000000000000e+00	 0.00000000000000000000e+00	 0.00000000000000000000e+00	 0.00000000000000000000e+00	 0.00000000000000000000e+00	 0.00000000000000000000e+00	 0.00000000000000000000e+00	 
 3.74000000000000021316e+00	 0.00000000000000000000e+00	 0.00000000000000000000e+00	 0.00000000000000000000e+00	 0.00000000000000000000e+00	 0.00000000000000000000e+00	 0.00000000000000000000e+00	 0.00000000000000000000e+00	 0.00000000000000000000e+00	 0.00000000000000000000e+00	 0.00000000000000000000e+00	 0.00000000000000000000e+00	 0.00000000000000000000e+00	 0.00000000000000000000e+00	 0.00000000000000000000e+00	 
 3.76000000000000023093e+00	 0.00000000000000000000e+00	 0.00000000000000000000e+00	 0.00000000000000000000e+00	 0.00000000000000000000e+00	 0.00000000000000000000e+00	 0.00000000000000000000e+00	 0.00000000000000000000e+00	 0.00000000000000000000e+00	 0.00000000000000000000e+00	 0.00000000000000000000e+00	 0.00000000000000000000e+00	 0.00000000000000000000e+00	 0.00000000000000000000e+00	 0.00000000000000000000e+00	 
 3.77999999999999980460e+00	 0.00000000000000000000e+00	 0.00000000000000000000e+00	 0.00000000000000000000e+00	 0.00000000000000000000e+00	 0.00000000000000000000e+00	 0.00000000000000000000e+00	 0.00000000000000000000e+00	 0.00000000000000000000e+00	 0.00000000000000000000e+00	 0.00000000000000000000e+00	 0.00000000000000000000e+00	 0.00000000000000000000e+00	 0.00000000000000000000e+00	 0.00000000000000000000e+00	 
 3.80000000000000026645e+00	 0.00000000000000000000e+00	 0.00000000000000000000e+00	 0.00000000000000000000e+00	 0.00000000000000000000e+00	 0.00000000000000000000e+00	 0.00000000000000000000e+00	 0.00000000000000000000e+00	 0.00000000000000000000e+00	 0.00000000000000000000e+00	 0.00000000000000000000e+00	 0.00000000000000000000e+00	 0.00000000000000000000e+00	 0.00000000000000000000e+00	 0.00000000000000000000e+00	 
 3.82000000000000028422e+00	 0.00000000000000000000e+00	 0.00000000000000000000e+00	 0.00000000000000000000e+00	 0.00000000000000000000e+00	 0.00000000000000000000e+00	 0.00000000000000000000e+00	 0.00000000000000000000e+00	 0.00000000000000000000e+00	 0.00000000000000000000e+00	 0.00000000000000000000e+00	 0.00000000000000000000e+00	 0.00000000000000000000e+00	 0.00000000000000000000e+00	 0.00000000000000000000e+00	 
 3.83999999999999985789e+00	 0.00000000000000000000e+00	 0.00000000000000000000e+00	 0.00000000000000000000e+00	 0.00000000000000000000e+00	 0.00000000000000000000e+00	 0.00000000000000000000e+00	 0.00000000000000000000e+00	 0.00000000000000000000e+00	 0.00000000000000000000e+00	 0.00000000000000000000e+00	 0.00000000000000000000e+00	 0.00000000000000000000e+00	 0.00000000000000000000e+00	 0.00000000000000000000e+00	 
 3.86000000000000031974e+00	 0.00000000000000000000e+00	 0.00000000000000000000e+00	 0.00000000000000000000e+00	 0.00000000000000000000e+00	 0.00000000000000000000e+00	 0.00000000000000000000e+00	 0.00000000000000000000e+00	 0.00000000000000000000e+00	 0.00000000000000000000e+00	 0.00000000000000000000e+00	 0.00000000000000000000e+00	 0.00000000000000000000e+00	 0.00000000000000000000e+00	 0.00000000000000000000e+00	 
 3.87999999999999989342e+00	 0.00000000000000000000e+00	 0.00000000000000000000e+00	 0.00000000000000000000e+00	 0.00000000000000000000e+00	 0.00000000000000000000e+00	 0.00000000000000000000e+00	 0.00000000000000000000e+00	 0.00000000000000000000e+00	 0.00000000000000000000e+00	 0.00000000000000000000e+00	 0.00000000000000000000e+00	 0.00000000000000000000e+00	 0.00000000000000000000e+00	 0.00000000000000000000e+00	 
 3.89999999999999991118e+00	 0.00000000000000000000e+00	 0.00000000000000000000e+00	 0.00000000000000000000e+00	 0.00000000000000000000e+00	 0.00000000000000000000e+00	 0.00000000000000000000e+00	 0.00000000000000000000e+00	 0.00000000000000000000e+00	 0.00000000000000000000e+00	 0.00000000000000000000e+00	 0.00000000000000000000e+00	 0.00000000000000000000e+00	 0.00000000000000000000e+00	 0.00000000000000000000e+00	 
 3.91999999999999948486e+00	 0.00000000000000000000e+00	 0.00000000000000000000e+00	 0.00000000000000000000e+00	 0.00000000000000000000e+00	 0.00000000000000000000e+00	 0.00000000000000000000e+00	 0.00000000000000000000e+00	 0.00000000000000000000e+00	 0.00000000000000000000e+00	 0.00000000000000000000e+00	 0.00000000000000000000e+00	 0.00000000000000000000e+00	 0.00000000000000000000e+00	 0.00000000000000000000e+00	 
 3.93999999999999994671e+00	 0.00000000000000000000e+00	 0.00000000000000000000e+00	 0.00000000000000000000e+00	 0.00000000000000000000e+00	 0.00000000000000000000e+00	 0.00000000000000000000e+00	 0.00000000000000000000e+00	 0.00000000000000000000e+00	 0.00000000000000000000e+00	 0.00000000000000000000e+00	 0.00000000000000000000e+00	 0.00000000000000000000e+00	 0.00000000000000000000e+00	 0.00000000000000000000e+00	 
 3.95999999999999996447e+00	 0.00000000000000000000e+00	 0.00000000000000000000e+00	 0.00000000000000000000e+00	 0.00000000000000000000e+00	 0.00000000000000000000e+00	 0.00000000000000000000e+00	 0.00000000000000000000e+00	 0.00000000000000000000e+00	 0.00000000000000000000e+00	 0.00000000000000000000e+00	 0.00000000000000000000e+00	 0.00000000000000000000e+00	 0.00000000000000000000e+00	 0.00000000000000000000e+00	 
 3.97999999999999953815e+00	 0.00000000000000000000e+00	 0.00000000000000000000e+00	 0.00000000000000000000e+00	 0.00000000000000000000e+00	 0.00000000000000000000e+00	 0.00000000000000000000e+00	 0.00000000000000000000e+00	 0.00000000000000000000e+00	 0.00000000000000000000e+00	 0.00000000000000000000e+00	 0.00000000000000000000e+00	 0.00000000000000000000e+00	 0.00000000000000000000e+00	 0.00000000000000000000e+00	 
 4.00000000000000000000e+00	 0.00000000000000000000e+00	 0.00000000000000000000e+00	 0.00000000000000000000e+00	 0.00000000000000000000e+00	 0.00000000000000000000e+00	 0.00000000000000000000e+00	 0.00000000000000000000e+00	 0.00000000000000000000e+00	 0.00000000000000000000e+00	 0.00000000000000000000e+00	 0.00000000000000000000e+00	 0.00000000000000000000e+00	 0.00000000000000000000e+00	 0.00000000000000000000e+00	 
 4.01999999999999957367e+00	 0.00000000000000000000e+00	 0.00000000000000000000e+00	 0.00000000000000000000e+00	 0.00000000000000000000e+00	 0.00000000000000000000e+00	 0.00000000000000000000e+00	 0.00000000000000000000e+00	 0.00000000000000000000e+00	 0.00000000000000000000e+00	 0.00000000000000000000e+00	 0.00000000000000000000e+00	 0.00000000000000000000e+00	 0.00000000000000000000e+00	 0.00000000000000000000e+00	 
 4.04000000000000003553e+00	 0.00000000000000000000e+00	 0.00000000000000000000e+00	 0.00000000000000000000e+00	 0.00000000000000000000e+00	 0.00000000000000000000e+00	 0.00000000000000000000e+00	 0.00000000000000000000e+00	 0.00000000000000000000e+00	 0.00000000000000000000e+00	 0.00000000000000000000e+00	 0.00000000000000000000e+00	 0.00000000000000000000e+00	 0.00000000000000000000e+00	 0.00000000000000000000e+00	 
 4.06000000000000049738e+00	 0.00000000000000000000e+00	 0.00000000000000000000e+00	 0.00000000000000000000e+00	 0.00000000000000000000e+00	 0.00000000000000000000e+00	 0.00000000000000000000e+00	 0.00000000000000000000e+00	 0.00000000000000000000e+00	 0.00000000000000000000e+00	 0.00000000000000000000e+00	 0.00000000000000000000e+00	 0.00000000000000000000e+00	 0.00000000000000000000e+00	 0.00000000000000000000e+00	 
 4.08000000000000007105e+00	 0.00000000000000000000e+00	 0.00000000000000000000e+00	 0.00000000000000000000e+00	 0.00000000000000000000e+00	 0.00000000000000000000e+00	 0.00000000000000000000e+00	 0.00000000000000000000e+00	 0.00000000000000000000e+00	 0.00000000000000000000e+00	 0.00000000000000000000e+00	 0.00000000000000000000e+00	 0.00000000000000000000e+00	 0.00000000000000000000e+00	 0.00000000000000000000e+00	 
 4.09999999999999964473e+00	 0.00000000000000000000e+00	 0.00000000000000000000e+00	 0.00000000000000000000e+00	 0.00000000000000000000e+00	 0.00000000000000000000e+00	 0.00000000000000000000e+00	 0.00000000000000000000e+00	 0.00000000000000000000e+00	 0.00000000000000000000e+00	 0.00000000000000000000e+00	 0.00000000000000000000e+00	 0.00000000000000000000e+00	 0.00000000000000000000e+00	 0.00000000000000000000e+00	 
 4.12000000000000010658e+00	 0.00000000000000000000e+00	 0.00000000000000000000e+00	 0.00000000000000000000e+00	 0.00000000000000000000e+00	 0.00000000000000000000e+00	 0.00000000000000000000e+00	 0.00000000000000000000e+00	 0.00000000000000000000e+00	 0.00000000000000000000e+00	 0.00000000000000000000e+00	 0.00000000000000000000e+00	 0.00000000000000000000e+00	 0.00000000000000000000e+00	 0.00000000000000000000e+00	 
 4.14000000000000056843e+00	 0.00000000000000000000e+00	 0.00000000000000000000e+00	 0.00000000000000000000e+00	 0.00000000000000000000e+00	 0.00000000000000000000e+00	 0.00000000000000000000e+00	 0.00000000000000000000e+00	 0.00000000000000000000e+00	 0.00000000000000000000e+00	 0.00000000000000000000e+00	 0.00000000000000000000e+00	 0.00000000000000000000e+00	 0.00000000000000000000e+00	 0.00000000000000000000e+00	 
 4.16000000000000014211e+00	 0.00000000000000000000e+00	 0.00000000000000000000e+00	 0.00000000000000000000e+00	 0.00000000000000000000e+00	 0.00000000000000000000e+00	 0.00000000000000000000e+00	 0.00000000000000000000e+00	 0.00000000000000000000e+00	 0.00000000000000000000e+00	 0.00000000000000000000e+00	 0.00000000000000000000e+00	 0.00000000000000000000e+00	 0.00000000000000000000e+00	 0.00000000000000000000e+00	 
 4.17999999999999971578e+00	 0.00000000000000000000e+00	 0.00000000000000000000e+00	 0.00000000000000000000e+00	 0.00000000000000000000e+00	 0.00000000000000000000e+00	 0.00000000000000000000e+00	 0.00000000000000000000e+00	 0.00000000000000000000e+00	 0.00000000000000000000e+00	 0.00000000000000000000e+00	 0.00000000000000000000e+00	 0.00000000000000000000e+00	 0.00000000000000000000e+00	 0.00000000000000000000e+00	 
 4.20000000000000017764e+00	 0.00000000000000000000e+00	 0.00000000000000000000e+00	 0.00000000000000000000e+00	 0.00000000000000000000e+00	 0.00000000000000000000e+00	 0.00000000000000000000e+00	 0.00000000000000000000e+00	 0.00000000000000000000e+00	 0.00000000000000000000e+00	 0.00000000000000000000e+00	 0.00000000000000000000e+00	 0.00000000000000000000e+00	 0.00000000000000000000e+00	 0.00000000000000000000e+00	 
 4.21999999999999975131e+00	 0.00000000000000000000e+00	 0.00000000000000000000e+00	 0.00000000000000000000e+00	 0.00000000000000000000e+00	 0.00000000000000000000e+00	 0.00000000000000000000e+00	 0.00000000000000000000e+00	 0.00000000000000000000e+00	 0.00000000000000000000e+00	 0.00000000000000000000e+00	 0.00000000000000000000e+00	 0.00000000000000000000e+00	 0.00000000000000000000e+00	 0.00000000000000000000e+00	 
 4.24000000000000021316e+00	 0.00000000000000000000e+00	 0.00000000000000000000e+00	 0.00000000000000000000e+00	 0.00000000000000000000e+00	 0.00000000000000000000e+00	 0.00000000000000000000e+00	 0.00000000000000000000e+00	 0.00000000000000000000e+00	 0.00000000000000000000e+00	 0.00000000000000000000e+00	 0.00000000000000000000e+00	 0.00000000000000000000e+00	 0.00000000000000000000e+00	 0.00000000000000000000e+00	 
 4.25999999999999978684e+00	 0.00000000000000000000e+00	 0.00000000000000000000e+00	 0.00000000000000000000e+00	 0.00000000000000000000e+00	 0.00000000000000000000e+00	 0.00000000000000000000e+00	 0.00000000000000000000e+00	 0.00000000000000000000e+00	 0.00000000000000000000e+00	 0.00000000000000000000e+00	 0.00000000000000000000e+00	 0.00000000000000000000e+00	 0.00000000000000000000e+00	 0.00000000000000000000e+00	 
 4.28000000000000024869e+00	 0.00000000000000000000e+00	 0.00000000000000000000e+00	 0.00000000000000000000e+00	 0.00000000000000000000e+00	 0.00000000000000000000e+00	 0.00000000000000000000e+00	 0.00000000000000000000e+00	 0.00000000000000000000e+00	 0.00000000000000000000e+00	 0.00000000000000000000e+00	 0.00000000000000000000e+00	 0.00000000000000000000e+00	 0.00000000000000000000e+00	 0.00000000000000000000e+00	 
 4.29999999999999982236e+00	 0.00000000000000000000e+00	 0.00000000000000000000e+00	 0.00000000000000000000e+00	 0.00000000000000000000e+00	 0.00000000000000000000e+00	 0.00000000000000000000e+00	 0.00000000000000000000e+00	 0.00000000000000000000e+00	 0.00000000000000000000e+00	 0.00000000000000000000e+00	 0.00000000000000000000e+00	 0.00000000000000000000e+00	 0.00000000000000000000e+00	 0.00000000000000000000e+00	 
 4.32000000000000028422e+00	 0.00000000000000000000e+00	 0.00000000000000000000e+00	 0.00000000000000000000e+00	 0.00000000000000000000e+00	 0.00000000000000000000e+00	 0.00000000000000000000e+00	 0.00000000000000000000e+00	 0.00000000000000000000e+00	 0.00000000000000000000e+00	 0.00000000000000000000e+00	 0.00000000000000000000e+00	 0.00000000000000000000e+00	 0.00000000000000000000e+00	 0.00000000000000000000e+00	 
 4.33999999999999985789e+00	 0.00000000000000000000e+00	 0.00000000000000000000e+00	 0.00000000000000000000e+00	 0.00000000000000000000e+00	 0.00000000000000000000e+00	 0.00000000000000000000e+00	 0.00000000000000000000e+00	 0.00000000000000000000e+00	 0.00000000000000000000e+00	 0.00000000000000000000e+00	 0.00000000000000000000e+00	 0.00000000000000000000e+00	 0.00000000000000000000e+00	 0.00000000000000000000e+00	 
 4.36000000000000031974e+00	 0.00000000000000000000e+00	 0.00000000000000000000e+00	 0.00000000000000000000e+00	 0.00000000000000000000e+00	 0.00000000000000000000e+00	 0.00000000000000000000e+00	 0.00000000000000000000e+00	 0.00000000000000000000e+00	 0.00000000000000000000e+00	 0.00000000000000000000e+00	 0.00000000000000000000e+00	 0.00000000000000000000e+00	 0.00000000000000000000e+00	 0.00000000000000000000e+00	 
 4.37999999999999989342e+00	 0.00000000000000000000e+00	 0.00000000000000000000e+00	 0.00000000000000000000e+00	 0.00000000000000000000e+00	 0.00000000000000000000e+00	 0.00000000000000000000e+00	 0.00000000000000000000e+00	 0.00000000000000000000e+00	 0.00000000000000000000e+00	 0.00000000000000000000e+00	 0.00000000000000000000e+00	 0.00000000000000000000e+00	 0.00000000000000000000e+00	 0.00000000000000000000e+00	 
 4.40000000000000035527e+00	 0.00000000000000000000e+00	 0.00000000000000000000e+00	 0.00000000000000000000e+00	 0.00000000000000000000e+00	 0.00000000000000000000e+00	 0.00000000000000000000e+00	 0.00000000000000000000e+00	 0.00000000000000000000e+00	 0.00000000000000000000e+00	 0.00000000000000000000e+00	 0.00000000000000000000e+00	 0.00000000000000000000e+00	 0.00000000000000000000e+00	 0.00000000000000000000e+00	 
 4.41999999999999992895e+00	 0.00000000000000000000e+00	 0.00000000000000000000e+00	 0.00000000000000000000e+00	 0.00000000000000000000e+00	 0.00000000000000000000e+00	 0.00000000000000000000e+00	 0.00000000000000000000e+00	 0.00000000000000000000e+00	 0.00000000000000000000e+00	 0.00000000000000000000e+00	 0.00000000000000000000e+00	 0.00000000000000000000e+00	 0.00000000000000000000e+00	 0.00000000000000000000e+00	 
 4.43999999999999950262e+00	 0.00000000000000000000e+00	 0.00000000000000000000e+00	 0.00000000000000000000e+00	 0.00000000000000000000e+00	 0.00000000000000000000e+00	 0.00000000000000000000e+00	 0.00000000000000000000e+00	 0.00000000000000000000e+00	 0.00000000000000000000e+00	 0.00000000000000000000e+00	 0.00000000000000000000e+00	 0.00000000000000000000e+00	 0.00000000000000000000e+00	 0.00000000000000000000e+00	 
 4.45999999999999996447e+00	 0.00000000000000000000e+00	 0.00000000000000000000e+00	 0.00000000000000000000e+00	 0.00000000000000000000e+00	 0.00000000000000000000e+00	 0.00000000000000000000e+00	 0.00000000000000000000e+00	 0.00000000000000000000e+00	 0.00000000000000000000e+00	 0.00000000000000000000e+00	 0.00000000000000000000e+00	 0.00000000000000000000e+00	 0.00000000000000000000e+00	 0.00000000000000000000e+00	 
 4.47999999999999953815e+00	 0.00000000000000000000e+00	 0.00000000000000000000e+00	 0.00000000000000000000e+00	 0.00000000000000000000e+00	 0.00000000000000000000e+00	 0.00000000000000000000e+00	 0.00000000000000000000e+00	 0.00000000000000000000e+00	 0.00000000000000000000e+00	 0.00000000000000000000e+00	 0.00000000000000000000e+00	 0.00000000000000000000e+00	 0.00000000000000000000e+00	 0.00000000000000000000e+00	 
 4.50000000000000000000e+00	 0.00000000000000000000e+00	 0.00000000000000000000e+00	 0.00000000000000000000e+00	 0.00000000000000000000e+00	 0.00000000000000000000e+00	 0.00000000000000000000e+00	 0.00000000000000000000e+00	 0.00000000000000000000e+00	 0.00000000000000000000e+00	 0.00000000000000000000e+00	 0.00000000000000000000e+00	 0.00000000000000000000e+00	 0.00000000000000000000e+00	 0.00000000000000000000e+00	 
 4.52000000000000046185e+00	 0.00000000000000000000e+00	 0.00000000000000000000e+00	 0.00000000000000000000e+00	 0.00000000000000000000e+00	 0.00000000000000000000e+00	 0.00000000000000000000e+00	 0.00000000000000000000e+00	 0.00000000000000000000e+00	 0.00000000000000000000e+00	 0.00000000000000000000e+00	 0.00000000000000000000e+00	 0.00000000000000000000e+00	 0.00000000000000000000e+00	 0.00000000000000000000e+00	 
 4.54000000000000003553e+00	 0.00000000000000000000e+00	 0.00000000000000000000e+00	 0.00000000000000000000e+00	 0.00000000000000000000e+00	 0.00000000000000000000e+00	 0.00000000000000000000e+00	 0.00000000000000000000e+00	 0.00000000000000000000e+00	 0.00000000000000000000e+00	 0.00000000000000000000e+00	 0.00000000000000000000e+00	 0.00000000000000000000e+00	 0.00000000000000000000e+00	 0.00000000000000000000e+00	 
 4.55999999999999960920e+00	 0.00000000000000000000e+00	 0.00000000000000000000e+00	 0.00000000000000000000e+00	 0.00000000000000000000e+00	 0.00000000000000000000e+00	 0.00000000000000000000e+00	 0.00000000000000000000e+00	 0.00000000000000000000e+00	 0.00000000000000000000e+00	 0.00000000000000000000e+00	 0.00000000000000000000e+00	 0.00000000000000000000e+00	 0.00000000000000000000e+00	 0.00000000000000000000e+00	 
 4.58000000000000007105e+00	 0.00000000000000000000e+00	 0.00000000000000000000e+00	 0.00000000000000000000e+00	 0.00000000000000000000e+00	 0.00000000000000000000e+00	 0.00000000000000000000e+00	 0.00000000000000000000e+00	 0.00000000000000000000e+00	 0.00000000000000000000e+00	 0.00000000000000000000e+00	 0.00000000000000000000e+00	 0.00000000000000000000e+00	 0.00000000000000000000e+00	 0.00000000000000000000e+00	 
 4.60000000000000053291e+00	 0.00000000000000000000e+00	 0.00000000000000000000e+00	 0.00000000000000000000e+00	 0.00000000000000000000e+00	 0.00000000000000000000e+00	 0.00000000000000000000e+00	 0.00000000000000000000e+00	 0.00000000000000000000e+00	 0.00000000000000000000e+00	 0.00000000000000000000e+00	 0.00000000000000000000e+00	 0.00000000000000000000e+00	 0.00000000000000000000e+00	 0.00000000000000000000e+00	 
 4.62000000000000010658e+00	 0.00000000000000000000e+00	 0.00000000000000000000e+00	 0.00000000000000000000e+00	 0.00000000000000000000e+00	 0.00000000000000000000e+00	 0.00000000000000000000e+00	 0.00000000000000000000e+00	 0.00000000000000000000e+00	 0.00000000000000000000e+00	 0.00000000000000000000e+00	 0.00000000000000000000e+00	 0.00000000000000000000e+00	 0.00000000000000000000e+00	 0.00000000000000000000e+00	 
 4.63999999999999968026e+00	 0.00000000000000000000e+00	 0.00000000000000000000e+00	 0.00000000000000000000e+00	 0.00000000000000000000e+00	 0.00000000000000000000e+00	 0.00000000000000000000e+00	 0.00000000000000000000e+00	 0.00000000000000000000e+00	 0.00000000000000000000e+00	 0.00000000000000000000e+00	 0.00000000000000000000e+00	 0.00000000000000000000e+00	 0.00000000000000000000e+00	 0.00000000000000000000e+00	 
 4.66000000000000014211e+00	 0.00000000000000000000e+00	 0.00000000000000000000e+00	 0.00000000000000000000e+00	 0.00000000000000000000e+00	 0.00000000000000000000e+00	 0.00000000000000000000e+00	 0.00000000000000000000e+00	 0.00000000000000000000e+00	 0.00000000000000000000e+00	 0.00000000000000000000e+00	 0.00000000000000000000e+00	 0.00000000000000000000e+00	 0.00000000000000000000e+00	 0.00000000000000000000e+00	 
 4.67999999999999971578e+00	 0.00000000000000000000e+00	 0.00000000000000000000e+00	 0.00000000000000000000e+00	 0.00000000000000000000e+00	 0.00000000000000000000e+00	 0.00000000000000000000e+00	 0.00000000000000000000e+00	 0.00000000000000000000e+00	 0.00000000000000000000e+00	 0.00000000000000000000e+00	 0.00000000000000000000e+00	 0.00000000000000000000e+00	 0.00000000000000000000e+00	 0.00000000000000000000e+00	 
 4.69999999999999928946e+00	 0.00000000000000000000e+00	 0.00000000000000000000e+00	 0.00000000000000000000e+00	 0.00000000000000000000e+00	 0.00000000000000000000e+00	 0.00000000000000000000e+00	 0.00000000000000000000e+00	 0.00000000000000000000e+00	 0.00000000000000000000e+00	 0.00000000000000000000e+00	 0.00000000000000000000e+00	 0.00000000000000000000e+00	 0.00000000000000000000e+00	 0.00000000000000000000e+00	 
 4.72000000000000063949e+00	 0.00000000000000000000e+00	 0.00000000000000000000e+00	 0.00000000000000000000e+00	 0.00000000000000000000e+00	 0.00000000000000000000e+00	 0.00000000000000000000e+00	 0.00000000000000000000e+00	 0.00000000000000000000e+00	 0.00000000000000000000e+00	 0.00000000000000000000e+00	 0.00000000000000000000e+00	 0.00000000000000000000e+00	 0.00000000000000000000e+00	 0.00000000000000000000e+00	 
 4.74000000000000021316e+00	 0.00000000000000000000e+00	 0.00000000000000000000e+00	 0.00000000000000000000e+00	 0.00000000000000000000e+00	 0.00000000000000000000e+00	 0.00000000000000000000e+00	 0.00000000000000000000e+00	 0.00000000000000000000e+00	 0.00000000000000000000e+00	 0.00000000000000000000e+00	 0.00000000000000000000e+00	 0.00000000000000000000e+00	 0.00000000000000000000e+00	 0.00000000000000000000e+00	 
 4.75999999999999978684e+00	 0.00000000000000000000e+00	 0.00000000000000000000e+00	 0.00000000000000000000e+00	 0.00000000000000000000e+00	 0.00000000000000000000e+00	 0.00000000000000000000e+00	 0.00000000000000000000e+00	 0.00000000000000000000e+00	 0.00000000000000000000e+00	 0.00000000000000000000e+00	 0.00000000000000000000e+00	 0.00000000000000000000e+00	 0.00000000000000000000e+00	 0.00000000000000000000e+00	 
 4.78000000000000024869e+00	 0.00000000000000000000e+00	 0.00000000000000000000e+00	 0.00000000000000000000e+00	 0.00000000000000000000e+00	 0.00000000000000000000e+00	 0.00000000000000000000e+00	 0.00000000000000000000e+00	 0.00000000000000000000e+00	 0.00000000000000000000e+00	 0.00000000000000000000e+00	 0.00000000000000000000e+00	 0.00000000000000000000e+00	 0.00000000000000000000e+00	 0.00000000000000000000e+00	 
 4.79999999999999982236e+00	 0.00000000000000000000e+00	 0.00000000000000000000e+00	 0.00000000000000000000e+00	 0.00000000000000000000e+00	 0.00000000000000000000e+00	 0.00000000000000000000e+00	 0.00000000000000000000e+00	 0.00000000000000000000e+00	 0.00000000000000000000e+00	 0.00000000000000000000e+00	 0.00000000000000000000e+00	 0.00000000000000000000e+00	 0.00000000000000000000e+00	 0.00000000000000000000e+00	 
 4.81999999999999939604e+00	 0.00000000000000000000e+00	 0.00000000000000000000e+00	 0.00000000000000000000e+00	 0.00000000000000000000e+00	 0.00000000000000000000e+00	 0.00000000000000000000e+00	 0.00000000000000000000e+00	 0.00000000000000000000e+00	 0.00000000000000000000e+00	 0.00000000000000000000e+00	 0.00000000000000000000e+00	 0.00000000000000000000e+00	 0.00000000000000000000e+00	 0.00000000000000000000e+00	 
 4.84000000000000074607e+00	 0.00000000000000000000e+00	 0.00000000000000000000e+00	 0.00000000000000000000e+00	 0.00000000000000000000e+00	 0.00000000000000000000e+00	 0.00000000000000000000e+00	 0.00000000000000000000e+00	 0.00000000000000000000e+00	 0.00000000000000000000e+00	 0.00000000000000000000e+00	 0.00000000000000000000e+00	 0.00000000000000000000e+00	 0.00000000000000000000e+00	 0.00000000000000000000e+00	 
 4.86000000000000031974e+00	 0.00000000000000000000e+00	 0.00000000000000000000e+00	 0.00000000000000000000e+00	 0.00000000000000000000e+00	 0.00000000000000000000e+00	 0.00000000000000000000e+00	 0.00000000000000000000e+00	 0.00000000000000000000e+00	 0.00000000000000000000e+00	 0.00000000000000000000e+00	 0.00000000000000000000e+00	 0.00000000000000000000e+00	 0.00000000000000000000e+00	 0.00000000000000000000e+00	 
 4.87999999999999989342e+00	 0.00000000000000000000e+00	 0.00000000000000000000e+00	 0.00000000000000000000e+00	 0.00000000000000000000e+00	 0.00000000000000000000e+00	 0.00000000000000000000e+00	 0.00000000000000000000e+00	 0.00000000000000000000e+00	 0.00000000000000000000e+00	 0.00000000000000000000e+00	 0.00000000000000000000e+00	 0.00000000000000000000e+00	 0.00000000000000000000e+00	 0.00000000000000000000e+00	 
 4.89999999999999946709e+00	 0.00000000000000000000e+00	 0.00000000000000000000e+00	 0.00000000000000000000e+00	 0.00000000000000000000e+00	 0.00000000000000000000e+00	 0.00000000000000000000e+00	 0.00000000000000000000e+00	 0.00000000000000000000e+00	 0.00000000000000000000e+00	 0.00000000000000000000e+00	 0.00000000000000000000e+00	 0.00000000000000000000e+00	 0.00000000000000000000e+00	 0.00000000000000000000e+00	 
 4.91999999999999992895e+00	 0.00000000000000000000e+00	 0.00000000000000000000e+00	 0.00000000000000000000e+00	 0.00000000000000000000e+00	 0.00000000000000000000e+00	 0.00000000000000000000e+00	 0.00000000000000000000e+00	 0.00000000000000000000e+00	 0.00000000000000000000e+00	 0.00000000000000000000e+00	 0.00000000000000000000e+00	 0.00000000000000000000e+00	 0.00000000000000000000e+00	 0.00000000000000000000e+00	 
 4.93999999999999950262e+00	 0.00000000000000000000e+00	 0.00000000000000000000e+00	 0.00000000000000000000e+00	 0.00000000000000000000e+00	 0.00000000000000000000e+00	 0.00000000000000000000e+00	 0.00000000000000000000e+00	 0.00000000000000000000e+00	 0.00000000000000000000e+00	 0.00000000000000000000e+00	 0.00000000000000000000e+00	 0.00000000000000000000e+00	 0.00000000000000000000e+00	 0.00000000000000000000e+00	 
 4.95999999999999996447e+00	 0.00000000000000000000e+00	 0.00000000000000000000e+00	 0.00000000000000000000e+00	 0.00000000000000000000e+00	 0.00000000000000000000e+00	 0.00000000000000000000e+00	 0.00000000000000000000e+00	 0.00000000000000000000e+00	 0.00000000000000000000e+00	 0.00000000000000000000e+00	 0.00000000000000000000e+00	 0.00000000000000000000e+00	 0.00000000000000000000e+00	 0.00000000000000000000e+00	 
 4.98000000000000042633e+00	 0.00000000000000000000e+00	 0.00000000000000000000e+00	 0.00000000000000000000e+00	 0.00000000000000000000e+00	 0.00000000000000000000e+00	 0.00000000000000000000e+00	 0.00000000000000000000e+00	 0.00000000000000000000e+00	 0.00000000000000000000e+00	 0.00000000000000000000e+00	 0.00000000000000000000e+00	 0.00000000000000000000e+00	 0.00000000000000000000e+00	 0.00000000000000000000e+00	 
 5.00000000000000000000e+00	 0.00000000000000000000e+00	 0.00000000000000000000e+00	 0.00000000000000000000e+00	 0.00000000000000000000e+00	 0.00000000000000000000e+00	 0.00000000000000000000e+00	 0.00000000000000000000e+00	 0.00000000000000000000e+00	 0.00000000000000000000e+00	 0.00000000000000000000e+00	 0.00000000000000000000e+00	 0.00000000000000000000e+00	 0.00000000000000000000e+00	 0.00000000000000000000e+00	 
