 -1.00000000000000000000e+00	 7.34729728334449173876e-09	 7.32850130392059174951e-09	 7.34671361137672209500e-09	 9.22040499993597996308e-07	 9.22013142116852057564e-07	 9.22311965142297444838e-07	 9.30667172994788812213e-07	 3.10421862482424624973e-07	 2.92848768372510700081e-07	 9.14726546326659371107e-07	 1.06583931124605724362e-08	 1.86477404312681245569e-08	 1.86457560995592487356e-08	 1.86476674650409824159e-08	 
 -9.79999999999999982236e-01	 7.52981908358041570702e-09	 7.51057146178046153622e-09	 7.52925910499161048206e-09	 9.45537471511774308653e-07	 9.45522387532131920896e-07	 9.45801498706185602124e-07	 9.54338836554755302565e-07	 3.18284069941194746516e-07	 3.00264505743085222867e-07	 9.38055068208197124788e-07	 1.09184633552806533937e-08	 1.91114189599145854103e-08	 1.91093862680647882572e-08	 1.91113464340317153188e-08	 
 -9.59999999999999964473e-01	 7.71565759351915681187e-09	 7.69595056656055606560e-09	 7.71512270673257785555e-09	 9.69473333549088610458e-07	 9.69471061099482056653e-07	 9.69729487223099512262e-07	 9.78451660472880511318e-07	 3.26292052800541027136e-07	 3.07817704857758868084e-07	 9.61819754924345800422e-07	 1.11831565251513647541e-08	 1.95835328514438464199e-08	 1.95814509472670274442e-08	 1.95834608324868654581e-08	 
 -9.39999999999999946709e-01	 7.90478946347404776193e-09	 7.88461530380429521040e-09	 7.90428101756438232008e-09	 9.93844673345073461977e-07	 9.93855718633462707011e-07	 9.94092507046272316244e-07	 1.00300210066546970376e-06	 3.34444538868911721944e-07	 3.15507156278350700791e-07	 9.86017171883047192492e-07	 1.14524326962026267582e-08	 2.00640228501579336311e-08	 2.00618908821823852238e-08	 2.00639514032372155894e-08	 
 -9.19999999999999928946e-01	 8.09718562301047644602e-09	 8.07653663503806510524e-09	 8.09670488326066345661e-09	 1.01864711810135649893e-06	 1.01867194105161676059e-06	 1.01888617828339535291e-06	 1.02798563590427038187e-06	 3.42739922074787442815e-07	 3.23331334254879141489e-07	 1.01064291051136196636e-06	 1.17262437395325266752e-08	 2.05528150474741678501e-08	 2.05506321641644696425e-08	 2.05527442344897356959e-08	 
 -9.00000000000000022204e-01	 8.29281112225335998381e-09	 8.27167959210227306666e-09	 8.29235925314333292097e-09	 1.04387528875970004639e-06	 1.04391427544327825992e-06	 1.04410512627014617506e-06	 1.05339673338821643209e-06	 3.51176247203505637929e-07	 3.31288381497201511494e-07	 1.03569154996112832412e-06	 1.20045330899776041049e-08	 2.10498203653814413911e-08	 2.10475857144031661738e-08	 2.10497502434336654531e-08	 
 -8.80000000000000115463e-01	 8.49162505081417365535e-09	 8.47000307248876699009e-09	 8.49120314592124929889e-09	 1.06952277174957503449e-06	 1.06957617465535412019e-06	 1.06974297340735257728e-06	 1.07922885291541373294e-06	 3.59751202677731437547e-07	 3.39376100444006623924e-07	 1.06115665055910906278e-06	 1.22872355633903576562e-08	 2.15549340756782105406e-08	 2.15526468032267995449e-08	 2.15548646958952336686e-08	 
 -8.59999999999999986677e-01	 8.69357996529509981513e-09	 8.67145937173567312392e-09	 8.69318901481480594490e-09	 1.09558198320229085772e-06	 1.09564988385172523817e-06	 1.09579218718851870955e-06	 1.10547427669171962127e-06	 3.68462070074431322870e-07	 3.47591907077709648137e-07	 1.08703058826976826992e-06	 1.25742766856413666339e-08	 2.20680345433254098954e-08	 2.20656937922654895628e-08	 2.20679659482488729127e-08	 
 -8.40000000000000079936e-01	 8.89862156198782083695e-09	 8.87599393238989560751e-09	 8.89826238705670519948e-09	 1.12204408435063738717e-06	 1.12212642462096128474e-06	 1.12224398742651521465e-06	 1.13212403065960431222e-06	 3.77305707881339343083e-07	 3.55932816124390423805e-07	 1.11330452439663746728e-06	 1.28655723383896707822e-08	 2.25889826351506851600e-08	 2.25865875460310276798e-08	 2.25889148556447150417e-08	 
 -8.20000000000000062172e-01	 9.10668814115067202771e-09	 9.08354501202133579865e-09	 9.10636124325968316876e-09	 1.14889886861565874503e-06	 1.14899566500197928081e-06	 1.14908821066521620663e-06	 1.15916778762723063932e-06	 3.86278547326238033841e-07	 3.64395438898321297349e-07	 1.13996843590916858154e-06	 1.31610282184179227029e-08	 2.31176210271003895789e-08	 2.31151707467460761385e-08	 2.31175540781139829521e-08	 
 -8.00000000000000044409e-01	 9.31771041353828455075e-09	 9.29404326051963479581e-09	 9.31741588458479300992e-09	 1.17613467552862092942e-06	 1.17624604416344920550e-06	 1.17631325341598229846e-06	 1.18659376744046384868e-06	 3.95376528641844393020e-07	 3.72975920673113861001e-07	 1.16701088535610260356e-06	 1.34605394523257474951e-08	 2.36537729608046439170e-08	 2.36512666422666927117e-08	 2.36537068367851821752e-08	 
 -7.80000000000000026645e-01	 9.53161115198008828699e-09	 9.50741149551139292768e-09	 9.53134874709805414929e-09	 1.20373837519254306859e-06	 1.20386452172044172593e-06	 1.20390603607347238452e-06	 1.21438870689155350343e-06	 4.04595085754731841286e-07	 3.81669926164503326131e-07	 1.19441897345888354469e-06	 1.37639902447313849910e-08	 2.41972416102539517017e-08	 2.41946784146486863755e-08	 2.41971762806431794079e-08	 
 -7.60000000000000008882e-01	 9.74830459641387110711e-09	 9.72356443220874217910e-09	 9.74807423644785038467e-09	 1.23169545842156664279e-06	 1.23183657393328293139e-06	 1.23185203836793871494e-06	 1.24253791158476650656e-06	 4.13929151212406209188e-07	 3.90472644453667072185e-07	 1.22217834248137297663e-06	 1.40712533003724417907e-08	 2.47478092653264463164e-08	 2.47451883686079478918e-08	 2.47477446705199089782e-08	 
 -7.39999999999999991118e-01	 9.96769615862870667691e-09	 9.94240807220439216378e-09	 9.96749799027949533465e-09	 1.25998970504354938874e-06	 1.26014596340251342957e-06	 1.26013502610280991020e-06	 1.27102496586072038404e-06	 4.23373071586997519835e-07	 3.99378708201113830445e-07	 1.25027294185520651006e-06	 1.43821893236333989204e-08	 2.53052359011244442140e-08	 2.53025564955527205786e-08	 2.53051719457952705460e-08	 
 -7.19999999999999973355e-01	 1.01896830964003172538e-08	 1.01638401818905327699e-08	 1.01895173742453384939e-08	 1.28860313595321263134e-06	 1.28877471781680734772e-06	 1.28873702001955574163e-06	 1.29983173177601732687e-06	 4.32920595867518944476e-07	 4.08382182028320687636e-07	 1.27868499177961443041e-06	 1.46966468860671591409e-08	 2.58692587537969514091e-08	 2.58665200482117043198e-08	 2.58691953010830831149e-08	 
 -6.99999999999999955591e-01	 1.04141565852229395828e-08	 1.03877518491456626371e-08	 1.04140230875785221230e-08	 1.31751603923416219150e-06	 1.31770322579065406314e-06	 1.31763836612077645640e-06	 1.32893849784785445122e-06	 4.42564897730227517090e-07	 4.17476582364226436231e-07	 1.30739503762467056302e-06	 1.50144623794495114336e-08	 2.64395920550535974248e-08	 2.64367932719904492083e-08	 2.64395289234126665287e-08	 
 -6.79999999999999937828e-01	 1.06409985912967649323e-08	 1.06140248978119133352e-08	 1.06408965169312349310e-08	 1.34670666909238959633e-06	 1.34690986761632539479e-06	 1.34681739065611462692e-06	 1.35832355976940110291e-06	 4.52298460789106288683e-07	 4.26654769487034323274e-07	 1.33638162535146210532e-06	 1.53354587836089747903e-08	 2.70159246240678300414e-08	 2.70130649998359495314e-08	 2.70158615787361716475e-08	 
 -6.60000000000000031086e-01	 1.08700807054807283151e-08	 1.08425309593817734028e-08	 1.08700086718140143725e-08	 1.37615124244066317653e-06	 1.37637093714554778221e-06	 1.37625038487974268151e-06	 1.38796315037157857108e-06	 4.62113064117827203739e-07	 4.35908941725170436533e-07	 1.36562122564133006173e-06	 1.56594457128029456083e-08	 2.75979193043629003959e-08	 2.75949980960537538939e-08	 2.75978560640694038347e-08	 
 -6.40000000000000013323e-01	 1.11012613160933151673e-08	 1.10731292737136303093e-08	 1.11012176370941348598e-08	 1.40582410716531292581e-06	 1.40606061325576385402e-06	 1.40591174122112629872e-06	 1.41783142943414587016e-06	 4.71999805438949068488e-07	 4.45230678497800728600e-07	 1.39508821055039247905e-06	 1.59862197973196922179e-08	 2.81852123690488557451e-08	 2.81822288795828720094e-08	 2.81851486529425122192e-08	 
 -6.19999999999999884537e-01	 1.13343874144605119213e-08	 1.13056678616924639382e-08	 1.13343700613927722586e-08	 1.43569725555692878844e-06	 1.43595067618460861491e-06	 1.43577350371825746932e-06	 1.44790019268831845133e-06	 4.81948972184554054078e-07	 4.54610796708005771533e-07	 1.42475456363580297262e-06	 1.63155628013493118229e-08	 2.87774108819612129563e-08	 2.87743644673562192444e-08	 2.87773464150513699325e-08	 
 -5.99999999999999977796e-01	 1.15692950746228968714e-08	 1.15399836093640592501e-08	 1.15693017003410675308e-08	 1.46574028799634360399e-06	 1.46601052956996507831e-06	 1.46580533329286225602e-06	 1.47813886307867848630e-06	 4.91950062065197311628e-07	 4.64039349089479117029e-07	 1.45458990035493519227e-06	 1.66472416783329958694e-08	 2.93740961521340686366e-08	 2.93709862253719299348e-08	 2.93740306728518234829e-08	 
 -5.79999999999999849010e-01	 1.18058110319083921465e-08	 1.17759028149673314004e-08	 1.18058391634430671534e-08	 1.49592052006462697057e-06	 1.49620746340857315545e-06	 1.49597461826039655374e-06	 1.50851466909415744880e-06	 5.01991906427445531166e-07	 4.73505685966471607813e-07	 1.48456172610353136935e-06	 1.69810089495826513435e-08	 2.99748336233006938105e-08	 2.99716596490957263320e-08	 2.99747668965383505970e-08	 
 -5.60000000000000053291e-01	 1.20437495667783038253e-08	 1.20132391372405942002e-08	 1.20437966243192571111e-08	 1.52620252318140082898e-06	 1.52650602359612850202e-06	 1.52624601397793557756e-06	 1.53899211474868266556e-06	 5.12062426778860036267e-07	 4.82998281658289953984e-07	 1.51463480970300752004e-06	 1.73166005480962567616e-08	 3.05791593182064618847e-08	 3.05759208188918289793e-08	 3.05790911458412771692e-08	 
 -5.40000000000000035527e-01	 1.22829131266544148827e-08	 1.22517945959753611638e-08	 1.22829763825602606003e-08	 1.55654820183175870390e-06	 1.55686806621041131171e-06	 1.55658144305462237488e-06	 1.56953303348394575313e-06	 5.22148639336004086725e-07	 4.92504760511139442798e-07	 1.54477124335752243338e-06	 1.76537356155566457036e-08	 3.11865746114336345270e-08	 3.11832711820134629524e-08	 3.11865048435957808475e-08	 
 -5.20000000000000017764e-01	 1.25230942729333708624e-08	 1.24913625070995709881e-08	 1.25231706565775612363e-08	 1.58691722095261136793e-06	 1.58725312563028116893e-06	 1.58694032290005207261e-06	 1.60009695176329780338e-06	 5.32236741892635973707e-07	 5.02012037260993678757e-07	 1.57493082529916362935e-06	 1.79921162034870366737e-08	 3.17965335563544704324e-08	 3.17931649028703102704e-08	 3.17964621039535981144e-08	 
 -5.00000000000000000000e-01	 1.27640720862001168889e-08	 1.27317228355022829577e-08	 1.27641581549236645159e-08	 1.61726618238660711492e-06	 1.61761765149401709475e-06	 1.61727894700147461036e-06	 1.63064033969210681716e-06	 5.42311903801302867313e-07	 5.11506054703974944008e-07	 1.60507027994665266926e-06	 1.83314253940163016230e-08	 3.24084520442995186510e-08	 3.24050180011792522810e-08	 3.24083788956657967000e-08	 
 -4.79999999999999926725e-01	 1.30056106801098903829e-08	 1.29726406937136848069e-08	 1.30057026160562228298e-08	 1.64754878765936067443e-06	 1.64791508468954052135e-06	 1.64755063969282604100e-06	 1.66111667608368558492e-06	 5.52358307961950281612e-07	 5.20971812377198482940e-07	 1.63514347875205131104e-06	 1.86713296383454542414e-08	 3.30217090886458883673e-08	 3.30182096210644840817e-08	 3.30216342997881991326e-08	 
 -4.59999999999999964473e-01	 1.32474557199749401860e-08	 1.32138628157336743942e-08	 1.32475493970440378586e-08	 1.67771649542243360345e-06	 1.67809629447095177595e-06	 1.67770640082974370445e-06	 1.69147685273722456743e-06	 5.62359338662768230438e-07	 5.30393515785324180526e-07	 1.66510224920391805345e-06	 1.90114849937810441191e-08	 3.36356512385978079922e-08	 3.36320864055789964801e-08	 3.36355748550909312543e-08	 
 -4.40000000000000002220e-01	 1.34893361008467472271e-08	 1.34551193268220794882e-08	 1.34894270782216196242e-08	 1.70771745704243389705e-06	 1.70810873373527247885e-06	 1.70769383426526705357e-06	 1.72166837403063571442e-06	 5.72297262745585429268e-07	 5.39754305249196191434e-07	 1.69489514741025504918e-06	 1.93515282208220537478e-08	 3.42495823424613346527e-08	 3.42459523045557310560e-08	 3.42495043956950541224e-08	 
 -4.19999999999999984457e-01	 1.37309643669131221551e-08	 1.36961242463896988354e-08	 1.37310481146709823305e-08	 1.73749661943191692785e-06	 1.73789680828906161942e-06	 1.73745742225656121128e-06	 1.75163552610526227019e-06	 5.82153310509200259879e-07	 5.49036344708653675109e-07	 1.72446757320719904872e-06	 1.96910744261984061210e-08	 3.48627647351064008361e-08	 3.48590697688310871595e-08	 3.48626852488452383177e-08	 
 -3.99999999999999911182e-01	 1.39720381803794991198e-08	 1.39365771639511217019e-08	 1.39721109015502439258e-08	 1.76699621883339976571e-06	 1.76740306615720202438e-06	 1.76693946980734320467e-06	 1.78132004983223505452e-06	 5.91907960214768349580e-07	 5.58221123296458436946e-07	 1.75376229178032502751e-06	 2.00297111659121965998e-08	 3.54744234138945331053e-08	 3.54706639429900430429e-08	 3.54743424372941531035e-08	 
 -3.80000000000000004441e-01	 1.42122362049562637314e-08	 1.41761589677947717925e-08	 1.42122950643345874425e-08	 1.79615491213536664214e-06	 1.79656657097135636507e-06	 1.79607873968900974438e-06	 1.81066006259556204917e-06	 6.01540524572815897341e-07	 5.67289028568979732040e-07	 1.78271854308130280170e-06	 2.03670018830159358532e-08	 3.60837353746612202236e-08	 3.60799119858548686292e-08	 3.60836529871270572509e-08	 
 -3.59999999999999931166e-01	 1.44512192147164532190e-08	 1.44145328579457442837e-08	 1.44512626086349044957e-08	 1.82490804782120814036e-06	 1.82532317045053523683e-06	 1.82481079215934728649e-06	 1.83959052876274986688e-06	 6.11029285966446368241e-07	 5.76219472588812621855e-07	 1.81127238076413181762e-06	 2.07024871135136997443e-08	 3.66898322395395467110e-08	 3.66859456935258618007e-08	 3.66897485703436317427e-08	 
 -3.39999999999999968914e-01	 1.46886332898999532770e-08	 1.46513472864822291540e-08	 1.46886612142423374617e-08	 1.85318857350977306614e-06	 1.85360638327944579899e-06	 1.85306906161061143156e-06	 1.86804467922221985772e-06	 6.20351907199317071787e-07	 5.84991275308451513225e-07	 1.83935774690024520192e-06	 2.10356876730419442271e-08	 3.72918080209071676819e-08	 3.72878592503922573949e-08	 3.72917233061314731346e-08	 
 -3.20000000000000006661e-01	 1.49241035743394099327e-08	 1.48862300696250699381e-08	 1.49241179803356931055e-08	 1.88092574807235554275e-06	 1.88134616167244203204e-06	 1.88078340082068639362e-06	 1.89595216929576036038e-06	 6.29484899365690201884e-07	 5.93582167749981207172e-07	 1.86690501690281859569e-06	 2.13660975691824852029e-08	 3.78887040129503869268e-08	 3.78846941378553597655e-08	 3.78886186159073153266e-08	 
 -2.99999999999999933387e-01	 1.51572374721873448892e-08	 1.51187903888780675804e-08	 1.51572414991370427225e-08	 1.90804597337621984073e-06	 1.90846949417287445479e-06	 1.90788069054203334682e-06	 1.92323972818000315792e-06	 6.38403829015800041775e-07	 6.01968987678634288399e-07	 1.89384154265169963718e-06	 2.16931868618571893222e-08	 3.84795136236719254801e-08	 3.84754439491784149240e-08	 3.84794280149340849805e-08	 
 -2.80000000000000026645e-01	 1.53876330271220419785e-08	 1.53486241348574620980e-08	 1.53876273838563284753e-08	 1.93447507809018897897e-06	 1.93490209229152445447e-06	 1.93428654547852327481e-06	 1.94983296380821997701e-06	 6.47083888008530591196e-07	 6.10128217247082225951e-07	 1.92009319137922090356e-06	 2.20164088913034098854e-08	 3.90631954750045589057e-08	 3.90590674454459025920e-08	 3.90631101095791096442e-08	 
 -2.59999999999999953371e-01	 1.56148670211136413571e-08	 1.55753052644061620290e-08	 1.56148494702735321074e-08	 1.96013558207993851182e-06	 1.96056633389211423587e-06	 1.95992323324969045488e-06	 1.97565417700444194391e-06	 6.55499211146239507052e-07	 6.18035339653024312859e-07	 1.94558244448264859155e-06	 2.23351884984755855614e-08	 3.96386521870866651743e-08	 3.96344673889915060361e-08	 3.96385674953436427300e-08	 
 -2.39999999999999907851e-01	 1.58384958684002383407e-08	 1.57983881222194608011e-08	 1.58384621384636662204e-08	 1.98494758634386221109e-06	 1.98538217975934335585e-06	 1.98471070192257048920e-06	 2.00062309130555100874e-06	 6.63623164604707142931e-07	 6.25665118356629023788e-07	 1.97022923144629493391e-06	 2.26489258698658808152e-08	 4.02047362434662636181e-08	 4.02004964389376169415e-08	 4.02046526506354113378e-08	 
 -2.19999999999999945599e-01	 1.60580579906473228113e-08	 1.60174134278104175422e-08	 1.60580062958512269502e-08	 2.00883108543409860273e-06	 2.00926955708076159995e-06	 2.00856924404064821383e-06	 2.02465876235371331732e-06	 6.71429085586832036426e-07	 6.32992311721789250537e-07	 1.99395311754380189059e-06	 2.29570060147806921306e-08	 4.07602652945930934586e-08	 4.07559725304446643134e-08	 4.07601833120402585843e-08	 
 -1.99999999999999983347e-01	 1.62730684389053629563e-08	 1.62318988191554749356e-08	 1.62729999887307919651e-08	 2.03170329094025044314e-06	 2.03214559889899081034e-06	 2.03141642140231640584e-06	 2.04767735106989504345e-06	 6.78889434622843202823e-07	 6.39990854663128518375e-07	 2.01667074631598148334e-06	 2.32587843279056980616e-08	 4.13039982989370017032e-08	 4.12996549341630854624e-08	 4.13039185357356906927e-08	 
 -1.79999999999999993339e-01	 1.64830220782037394334e-08	 1.64413418608629878398e-08	 1.64829406366114079989e-08	 2.05347972429936690084e-06	 2.05392590286758925232e-06	 2.05316802780122905584e-06	 2.06959351055270722829e-06	 6.85976199229142563957e-07	 6.46634247099519185940e-07	 2.03829712049061563390e-06	 2.35535928457871397880e-08	 4.18346456281280748157e-08	 4.18302543088739188524e-08	 4.18345687746675592507e-08	 
 -1.59999999999999920064e-01	 1.66874015687957113155e-08	 1.66452275777352832855e-08	 1.66873106281966040470e-08	 2.07407690878773837262e-06	 2.07452763917867502938e-06	 2.07374044658028799430e-06	 2.09032383116523820125e-06	 6.92661876744583503966e-07	 6.52896497755117618525e-07	 2.05874879077516944139e-06	 2.38407554965188613651e-08	 4.23508945482438080312e-08	 4.23464580507737633458e-08	 4.23508212895921595522e-08	 
 -1.39999999999999902300e-01	 1.68856654571611638114e-08	 1.68430171064545775048e-08	 1.68855681546294290706e-08	 2.09340930884130534413e-06	 2.09386601499261434110e-06	 2.09304797877160835804e-06	 2.10978290681987467849e-06	 6.98918363292057494872e-07	 6.58751057371814921318e-07	 2.07794020495369745986e-06	 2.41195671097566246727e-08	 4.28513737831826251174e-08	 4.28468950062309358980e-08	 4.28513047916727286811e-08	 
 -1.20000000000000009437e-01	 1.70772568687816731165e-08	 1.70341559538067130853e-08	 1.70771559886380172582e-08	 2.11139074420353958989e-06	 2.11185562232580763647e-06	 2.11100450033418923462e-06	 2.12788503871284485387e-06	 7.04717486371909521564e-07	 6.64171324971481975330e-07	 2.09578542908937922465e-06	 2.43893006779342449073e-08	 4.33346715568781665543e-08	 4.33301535084874876919e-08	 4.33346074868469046769e-08	 
 -1.00000000000000005551e-01	 1.72616250225743666231e-08	 1.72180944302883126945e-08	 1.72615232129013502635e-08	 2.12793773792668705698e-06	 2.12841360308947392222e-06	 2.12752741625844488311e-06	 2.14454828822881134569e-06	 7.10032250945164859273e-07	 6.69131828548169571726e-07	 2.11220226672636149893e-06	 2.46492248764786776855e-08	 4.37993803807639507316e-08	 4.37948261510300179522e-08	 4.37993218684410701194e-08	 
 -8.00000000000000155431e-02	 1.74381979261684995085e-08	 1.73942615955444652067e-08	 1.74380976563104509467e-08	 2.14296567424832958110e-06	 2.14345603170411239618e-06	 2.14253311039271990483e-06	 2.15968982326055991224e-06	 7.14835413069588677562e-07	 6.73606873183739492505e-07	 2.12710751154208093364e-06	 2.48985802943937175870e-08	 4.42440396206726150186e-08	 4.42394523666393776494e-08	 4.42439872761134855163e-08	 
 -5.99999999999999630851e-02	 1.76063916952613103243e-08	 1.75620748092234470293e-08	 1.76062952032586784463e-08	 2.15639091414921129424e-06	 2.15689963280788222355e-06	 2.15593888207685277023e-06	 2.17322751505784490981e-06	 7.19100147394913684010e-07	 6.77571173152732234798e-07	 2.14041905831702428440e-06	 2.51365941239041631377e-08	 4.46671608694540519019e-08	 4.46625438271378614234e-08	 4.46671152631970513066e-08	 
 -3.99999999999999383826e-02	 1.77656334591196710713e-08	 1.77209632062715297253e-08	 1.77655426752102472611e-08	 2.16813570645677201811e-06	 2.16866569968536174575e-06	 2.16766739053477985213e-06	 2.18508352143305267811e-06	 7.22801556116510248912e-07	 6.81001275337008353004e-07	 2.15206077547258701872e-06	 2.53625158725951255416e-08	 4.50672905218344024964e-08	 4.50626470847422197476e-08	 4.50672521584704842833e-08	 
 -2.00000000000000281719e-02	 1.79153323890890430549e-08	 1.78703380598214396036e-08	 1.79152488771526695039e-08	 2.17812236703167806125e-06	 2.17867546154019041521e-06	 2.17764139831988215031e-06	 2.19518006794476273362e-06	 7.25914883801059067349e-07	 6.83873873464878590329e-07	 2.16195673656868562194e-06	 2.55755724107793242825e-08	 4.54429314950060211420e-08	 4.54382652126525461793e-08	 4.54429007996931293807e-08	 
 -4.82163733276643543166e-17	 1.80548917704672239875e-08	 1.80096041031099294384e-08	 1.80548157603640422289e-08	 2.18627575386139202121e-06	 2.18685282691923610558e-06	 2.18578602510187934311e-06	 2.20344227361467855114e-06	 7.28416334698126086893e-07	 6.86166577532575016284e-07	 2.17003322270503676557e-06	 2.57749637441328228476e-08	 4.57925698156082466848e-08	 4.57878843813860496358e-08	 4.57925471092163518120e-08	 
 2.00000000000001253164e-02	 1.81837386812814126036e-08	 1.81381873741427379206e-08	 1.81836658852152453234e-08	 2.19252881420262795496e-06	 2.19313062087828118134e-06	 2.19203374543810222330e-06	 2.20980455917155309885e-06	 7.30284863167016960907e-07	 6.87859591068941777004e-07	 2.17622308157349826226e-06	 2.59598526172675953167e-08	 4.61147402040623100354e-08	 4.61100394167095876440e-08	 4.61147256507466817792e-08	 
 4.00000000000001187939e-02	 1.83012865247407801183e-08	 1.82554999085577418356e-08	 1.83012075354437242906e-08	 2.19681571659450460387e-06	 2.19744287585817451612e-06	 2.19631819238570362109e-06	 2.21420273685651853814e-06	 7.31499949722046915440e-07	 6.88933623411685728597e-07	 2.18046030962624580311e-06	 2.61293722482089345628e-08	 4.64079429447732262620e-08	 4.64032306999353023258e-08	 4.64079365289533553021e-08	 
 6.00000000000000255351e-02	 1.84069479594746787080e-08	 1.83609542685671748657e-08	 1.84068487213801707724e-08	 2.19907522425788697114e-06	 2.19972780521317812512e-06	 2.19857732571408458336e-06	 2.21657666696851943114e-06	 7.32042582443740687205e-07	 6.89370865530043042164e-07	 2.18268288671994861803e-06	 2.62826861658927066829e-08	 4.66706832737507614241e-08	 4.66659635227725096283e-08	 4.66706847746887830625e-08	 
 7.99999999999999322764e-02	 1.85001668202495770630e-08	 1.84539993521088671597e-08	 1.85000317346710921416e-08	 2.19925812361985117510e-06	 2.19993426984863511738e-06	 2.19876038357987662770e-06	 2.21687590807980761820e-06	 7.31897337507991609432e-07	 6.89157064180235272484e-07	 2.18283892394278910976e-06	 2.64191336508475692401e-08	 4.69015686048068029524e-08	 4.68968452339724764514e-08	 4.69015775661246805484e-08	 
 9.99999999999999500400e-02	 1.85803769961256971228e-08	 1.85340745775987840313e-08	 1.85801887805297058545e-08	 2.19731756029373480140e-06	 2.19801331627541655922e-06	 2.19681881803336351682e-06	 2.21505227832771162466e-06	 7.31049637328625309755e-07	 6.88278789152182671562e-07	 2.18087860046436806034e-06	 2.65380505780137795824e-08	 4.70991848203356627166e-08	 4.70944616239447210605e-08	 4.70992005217690873504e-08	 
 1.20000000000000023315e-01	 1.86470227258762779483e-08	 1.86006296082935741939e-08	 1.86467633363116146994e-08	 2.19321177571345380319e-06	 2.19392170412581767320e-06	 2.19270991704546625562e-06	 2.21106396449176237527e-06	 7.29486922734317486457e-07	 6.86724533991173261908e-07	 2.17675865915831736388e-06	 2.66387724888337894370e-08	 4.72621465710610204597e-08	 4.72574272505609663799e-08	 4.72621680556971781021e-08	 
 1.40000000000000041078e-01	 1.86996087118025385891e-08	 1.86531730625061980209e-08	 1.86992628328656313671e-08	 2.18690954265517730384e-06	 2.18762931151202183209e-06	 2.18640442373642060288e-06	 2.20488431269624975936e-06	 7.27201049074422214290e-07	 6.84486944315569154304e-07	 2.17045217822466296500e-06	 2.67206431685973820216e-08	 4.73892215409816488288e-08	 4.73845097677020345511e-08	 4.73892477774862526520e-08	 
 1.59999999999999975575e-01	 1.87376350548590929137e-08	 1.86912092287789723328e-08	 1.87371904244684612142e-08	 2.17838234844103745209e-06	 2.17910882297739179193e-06	 2.17787594899157227352e-06	 2.19648976431956328406e-06	 7.24184918798628312714e-07	 6.81559670050921176069e-07	 2.16193524878254532694e-06	 2.67830001573074275760e-08	 4.74791692299860438339e-08	 4.74744686278755425668e-08	 4.74791991061493137303e-08	 
 1.79999999999999937828e-01	 1.87606230005076413776e-08	 1.87142643931198322110e-08	 1.87600728403295950392e-08	 2.16761024009009306058e-06	 2.16834096444319601594e-06	 2.16710570912327318447e-06	 2.18586335361395917953e-06	 7.20433869204797696144e-07	 6.77938692414221624776e-07	 2.15119137433481146700e-06	 2.68252085422010365819e-08	 4.75308081183286785549e-08	 4.75261222526795340971e-08	 4.75308404830018563288e-08	 
 2.00000000000000094369e-01	 1.87681784053987666517e-08	 1.87219516587812823469e-08	 1.87675288443312180060e-08	 2.15459425501323160939e-06	 2.15532543465939150967e-06	 2.15409223959037069796e-06	 2.17300138631669411909e-06	 7.15948385313666008156e-07	 6.73624902068549437093e-07	 2.13822029663690361446e-06	 2.68467441712012900491e-08	 4.75431809041406782611e-08	 4.75385132857612223868e-08	 4.75432147254714370282e-08	 
 2.20000000000000001110e-01	 1.87599073757834148896e-08	 1.87138849409850616675e-08	 1.87591786356206604576e-08	 2.13933870343467814239e-06	 2.14006512452410604914e-06	 2.13883719592991479938e-06	 2.15790320143304155555e-06	 7.10730026547418230253e-07	 6.68620215899366983831e-07	 2.12302492279883362456e-06	 2.68470835015286932375e-08	 4.75153352880982821378e-08	 4.75106893581621422961e-08	 4.75153696650022391134e-08	 
 2.39999999999999963363e-01	 1.87354504430381609349e-08	 1.86897088258842519508e-08	 1.87346714448475753428e-08	 2.12185517816677718833e-06	 2.12257085638405825319e-06	 2.12135030901054871946e-06	 2.14057603013156239424e-06	 7.04783030220606417364e-07	 6.62929082963335520299e-07	 2.10561581825548313761e-06	 2.68257427859929922223e-08	 4.74463982756185533871e-08	 4.74417774001500446984e-08	 4.74464323478367719792e-08	 
 2.59999999999999953371e-01	 1.86945660619604603629e-08	 1.86491717691548772742e-08	 1.86937532929504468143e-08	 2.10216955394333164951e-06	 2.10287016542985005576e-06	 2.10165872796232728860e-06	 2.12104423931313428064e-06	 6.98117261069491083456e-07	 6.56561219063910355432e-07	 2.08601941412708197365e-06	 2.67823744640373829972e-08	 4.73357580828083927914e-08	 4.73311655719414069083e-08	 4.73357906999868765546e-08	 
 2.80000000000000082157e-01	 1.86370168518042029785e-08	 1.85920256044916240196e-08	 1.86361734411172370686e-08	 2.08031021022024232271e-06	 2.08099316203555255052e-06	 2.07979215962032035762e-06	 2.09933469934238441996e-06	 6.90743462824065028518e-07	 6.49527170515585961885e-07	 2.06426465156255065211e-06	 2.67166357973792899769e-08	 4.71828137574537037164e-08	 4.71782528542062988102e-08	 4.71828434555913209978e-08	 
 2.99999999999999988898e-01	 1.85626034495005804500e-08	 1.85180615690994015412e-08	 1.85617216365261865165e-08	 2.05631427300297404885e-06	 2.05697799583176715662e-06	 2.05578874090007086432e-06	 2.07548283966571959130e-06	 6.82675106060745871926e-07	 6.41840071972117718722e-07	 2.04038923017790157013e-06	 2.66282359626032813734e-08	 4.69870654813630204397e-08	 4.69825394229871639203e-08	 4.69870905619020610115e-08	 
 3.20000000000000006661e-01	 1.84712464291249362848e-08	 1.84271974987254390083e-08	 1.84703181953350303713e-08	 2.03023893600803437742e-06	 2.03088027330333035570e-06	 2.02970543297016234942e-06	 2.04954364909493235203e-06	 6.73931542927234349986e-07	 6.33518620133024454288e-07	 2.01445092353165156065e-06	 2.65170508840897200653e-08	 4.67483325631934401906e-08	 4.67438448154231415571e-08	 4.67483514178712758133e-08	 
 3.39999999999999968914e-01	 1.83628693969752603466e-08	 1.83193540898631419788e-08	 1.83618864274889945907e-08	 2.00214266165887720214e-06	 2.00275681382078472127e-06	 2.00160045442893810228e-06	 2.02157340274744402316e-06	 6.64532564872915116462e-07	 6.24581919535931163911e-07	 1.98650878379375176672e-06	 2.63829619916489994700e-08	 4.64664431124349743235e-08	 4.64619973801036578697e-08	 4.64664542249464204620e-08	 
 3.59999999999999931166e-01	 1.82374320372194269417e-08	 1.81944887044592770199e-08	 1.82363844821614568033e-08	 1.97209124608654807212e-06	 1.97267229338611441167e-06	 1.97153983376804846210e-06	 1.99163710282447543556e-06	 6.54500569354251297708e-07	 6.15051517801715561848e-07	 1.95662855859613890488e-06	 2.62259120234783283565e-08	 4.61413407212582477177e-08	 4.61369409822507116465e-08	 4.61413427302999214031e-08	 
 3.80000000000000059952e-01	 1.80950087134902954109e-08	 1.80526758175823414695e-08	 1.80938811592599998527e-08	 1.94016715433132936599e-06	 1.94071000455401987866e-06	 1.93960788913507142811e-06	 1.95982120011712654571e-06	 6.43863972840154144934e-07	 6.04954559021380959235e-07	 1.92489048529798755305e-06	 2.60460388360809826048e-08	 4.57733362534700138743e-08	 4.57689868445983693467e-08	 4.57733281576454585514e-08	 
 4.00000000000000077716e-01	 1.79356698071701569545e-08	 1.78939859507591227836e-08	 1.79344409445452809569e-08	 1.90645199438012573713e-06	 1.90695237233413516267e-06	 1.90588810762745362239e-06	 1.92621146243877381076e-06	 6.32650953380524952331e-07	 5.94317945975190674087e-07	 1.89137391268144121338e-06	 2.58434814354806780198e-08	 4.53627360895703617650e-08	 4.53584417263825071766e-08	 4.53627172593943835097e-08	 
 4.19999999999999984457e-01	 1.77595512769148970054e-08	 1.77185559941408700713e-08	 1.77581978051806349408e-08	 1.87103448471705098294e-06	 1.87148854105653038298e-06	 1.87047030335138365768e-06	 1.89089938163724739972e-06	 6.20891907098094599929e-07	 5.83170651000026607971e-07	 1.85616488903457283357e-06	 2.56184411613804756136e-08	 4.49099715237847238551e-08	 4.49057372728106221052e-08	 4.49099417779551083845e-08	 
 4.39999999999999946709e-01	 1.75670155148745414892e-08	 1.75267518507976203416e-08	 1.75655259579469327863e-08	 1.83402243096280412129e-06	 1.83442542328985675508e-06	 1.83346061700016291745e-06	 1.85399042712866457678e-06	 6.08622901727300864441e-07	 5.71546908589279616724e-07	 1.81936737543166050915e-06	 2.53713246456211650087e-08	 4.44158943586605023170e-08	 4.44117254929310909299e-08	 4.44158541805410015825e-08	 
 4.60000000000000131006e-01	 1.73584131202752357377e-08	 1.73189278306977259459e-08	 1.73567880293013277914e-08	 1.79552002904168770539e-06	 1.79586629041858985397e-06	 1.79496158915753422570e-06	 1.81558664389635606538e-06	 5.95878875309075766082e-07	 5.59479864764410085326e-07	 1.78108170217983535622e-06	 2.51025283635142825160e-08	 4.38813256749603897867e-08	 4.38772276943487065635e-08	 4.38812762328115282018e-08	 
 4.80000000000000037748e-01	 1.71341311073592176611e-08	 1.70954726967213359889e-08	 1.71323819484085600643e-08	 1.75563655510755805692e-06	 1.75592034343978330771e-06	 1.75508069460954607764e-06	 1.77579571328581053516e-06	 5.82696405189884913339e-07	 5.47004234650646155731e-07	 1.74141467610752410509e-06	 2.48125111596302458849e-08	 4.33071999368519892981e-08	 4.33031783909156887677e-08	 4.33071429293314203611e-08	 
 5.00000000000000000000e-01	 1.68946964524487988146e-08	 1.68569081750945187152e-08	 1.68928410841723573330e-08	 1.71449755531082972970e-06	 1.71471596901603018465e-06	 1.71394126358316808491e-06	 1.73474326052644463660e-06	 5.69117107225864714595e-07	 5.34159559650174498168e-07	 1.70049424919464632844e-06	 2.45019575474909648314e-08	 4.26948788735930486681e-08	 4.26909387263492563088e-08	 4.26948159537185502911e-08	 
 5.20000000000000128786e-01	 1.66406075476333929769e-08	 1.66037275486701377495e-08	 1.66386703721421535468e-08	 1.67222168235094474349e-06	 1.67237457134767340544e-06	 1.67165974942581533849e-06	 1.69254824605738541214e-06	 5.55180425687369492062e-07	 5.20983304147366016125e-07	 1.65844138611215273876e-06	 2.41715239582031825049e-08	 4.20456516729356045065e-08	 4.20417973174943969094e-08	 4.20455844561312699747e-08	 
 5.40000000000000035527e-01	 1.63724082144708402916e-08	 1.63364677840656642376e-08	 1.63704179036259490743e-08	 1.62893078199072545891e-06	 1.62902070081359389602e-06	 1.62835660543316245567e-06	 1.64933343088338713904e-06	 5.40926867837255782561e-07	 5.07513889497127126000e-07	 1.61538021690275378464e-06	 2.38219255736314268798e-08	 4.13609167508824740158e-08	 4.13571519529572722501e-08	 4.13608467758813321208e-08	 
 5.60000000000000053291e-01	 1.60908426342780612508e-08	 1.60558603885006246030e-08	 1.60888240596109026821e-08	 1.58476143300834308372e-06	 1.58479349164262616526e-06	 1.58416976874788502341e-06	 1.60523796994427517254e-06	 5.26401553111302641347e-07	 4.93793932047728558828e-07	 1.57144957546325528874e-06	 2.34541227811611457291e-08	 4.06425586015155440640e-08	 4.06388863021744189013e-08	 4.06424871809788468468e-08	 
 5.79999999999999849010e-01	 1.57966044964828416947e-08	 1.57625865713943945674e-08	 1.57945789046088881679e-08	 1.53983973540801714174e-06	 1.53982151282942478572e-06	 1.53922660443866943206e-06	 1.56039079106722293923e-06	 5.11646308515144428110e-07	 4.79862917334873632264e-07	 1.52677772724465925030e-06	 2.30690234622777935294e-08	 3.98923331732743679491e-08	 3.98887555107418407451e-08	 3.98922614033499339933e-08	 
 5.99999999999999977796e-01	 1.54904117137940099139e-08	 1.54573559655269816516e-08	 1.54883994345021643036e-08	 1.49429324677121830166e-06	 1.49423455399722936454e-06	 1.49365579517463049510e-06	 1.51492183399540791462e-06	 4.96703287279273545291e-07	 4.65760618802081148417e-07	 1.48149437259683406963e-06	 2.26675733271650939183e-08	 3.91120679171567912183e-08	 3.91085863372849363023e-08	 3.91119967370248924466e-08	 
 6.20000000000000106581e-01	 1.51731488526715534090e-08	 1.51410587356766342378e-08	 1.51711778083272746318e-08	 1.44826335688868009874e-06	 1.44817543363339524176e-06	 1.44759952333965553569e-06	 1.46897293085795066458e-06	 4.81618308663769107923e-07	 4.51530191719988671123e-07	 1.43574298338521558785e-06	 2.22509357335975448578e-08	 3.83040446558658870410e-08	 3.83006602625854786150e-08	 3.83039750251162064414e-08	 
 6.39999999999999902300e-01	 1.48456233460908098736e-08	 1.48145078782541025779e-08	 1.48437291277682067742e-08	 1.40187729620026324742e-06	 1.40177279300993522507e-06	 1.40118572769744589645e-06	 1.42267223226373452448e-06	 4.66432806910363049193e-07	 4.37210634458173626425e-07	 1.38965281950425508649e-06	 2.18201918022541046587e-08	 3.74703481812921317229e-08	 3.74670617565146226345e-08	 3.74702810878056497683e-08	 
 6.60000000000000031086e-01	 1.45086622119573251654e-08	 1.44785330509177248203e-08	 1.45068832400910318606e-08	 1.35526236518085458722e-06	 1.35515380163516626929e-06	 1.35454210935020522150e-06	 1.37614673741131355431e-06	 4.51187954208430874837e-07	 4.22840681521752259709e-07	 1.34335076244913882970e-06	 2.13764474713164478561e-08	 3.66131042622166628934e-08	 3.66099162759646325109e-08	 3.66130407205537604607e-08	 
 6.80000000000000159872e-01	 1.41632868577126804565e-08	 1.41341488308310137671e-08	 1.41616480895128685495e-08	 1.30855951212726938956e-06	 1.30845412905365698581e-06	 1.30780913235114585663e-06	 1.32953236391283440065e-06	 4.35927940197343223327e-07	 4.08461835481703433748e-07	 1.29696928841871825441e-06	 2.09210323267469293474e-08	 3.57349017780890051550e-08	 3.57318124069261272263e-08	 3.57348428030184596957e-08	 
 6.99999999999999955591e-01	 1.38104103927818443407e-08	 1.37822619425102291712e-08	 1.38089241343645174938e-08	 1.26189194953966868044e-06	 1.26179210775759960021e-06	 1.26110949914631936017e-06	 1.28294825640476227431e-06	 4.20691583568327147446e-07	 3.94110520127307629511e-07	 1.25062373760593599191e-06	 2.04551605772570546249e-08	 3.48380547055465039977e-08	 3.48350638563105098603e-08	 3.48380013240537631348e-08	 
 7.20000000000000084377e-01	 1.34509449112877461261e-08	 1.34237785700608947422e-08	 1.34496129544513793610e-08	 1.21537973343043917361e-06	 1.21528413690213083447e-06	 1.21456383149243463930e-06	 1.23651072030772332811e-06	 4.05516890811634688126e-07	 3.79822421287730120577e-07	 1.20442869785311133920e-06	 1.99800480828325427106e-08	 3.39248748206722237164e-08	 3.39219821439657217797e-08	 3.39248279548147684917e-08	 
 7.39999999999999991118e-01	 1.30859755234694128605e-08	 1.30597790218804722194e-08	 1.30847948743216438206e-08	 1.16914950283302996109e-06	 1.16905663355348465606e-06	 1.16830287267362850951e-06	 1.19034243382646480502e-06	 3.90443995857925718647e-07	 3.65635280932000954343e-07	 1.15851241433465671965e-06	 1.94971085768184757797e-08	 3.29981103820057818196e-08	 3.29953152988131826712e-08	 3.29980704417496034945e-08	 
 7.60000000000000008882e-01	 1.27164470672888843594e-08	 1.26912036829770677222e-08	 1.27154102665755076258e-08	 1.12330759975081364775e-06	 1.12321572336519832647e-06	 1.12243669409220796289e-06	 1.14454680670326770876e-06	 3.75506892252311640569e-07	 3.51581035734107333317e-07	 1.11298266499734633523e-06	 1.90076077154715427223e-08	 3.20601536007831480117e-08	 3.20574553281805760561e-08	 3.20601205209813147214e-08	 
 7.80000000000000137668e-01	 1.23432859507839250995e-08	 1.23189731357060244144e-08	 1.23423782414033497018e-08	 1.07795568218183728003e-06	 1.07786333687953706513e-06	 1.07707020023279486244e-06	 1.09922428385249365379e-06	 3.60738396551414045896e-07	 3.37690559576428596453e-07	 1.06794288645751860567e-06	 1.85127864453535914974e-08	 3.11133438377706177145e-08	 3.11107414317770366598e-08	 3.11133171330967756990e-08	 
 7.99999999999999933387e-01	 1.19675771902462659773e-08	 1.19441619957157318104e-08	 1.19667670786377735775e-08	 1.03319838035653412757e-06	 1.03310596586796105875e-06	 1.03231011449122966435e-06	 1.05448263549510921315e-06	 3.46172622262243429572e-07	 3.23996050483148871257e-07	 1.02350086544806569952e-06	 1.80140414652570775818e-08	 3.01603989555408270101e-08	 3.01578914328440991612e-08	 3.01603778460499633482e-08	 
 8.20000000000000062172e-01	 1.15902347070289807479e-08	 1.15676743896686268362e-08	 1.15894748331192309890e-08	 9.89118418460708721761e-07	 9.89028015129499540699e-07	 9.88241122308921605209e-07	 1.01040828742231684952e-06	 3.31837062518619607815e-07	 3.10523447159919305144e-07	 9.79742216057568755027e-07	 1.75125935459544561864e-08	 2.92036042629749417350e-08	 2.92011906208327181970e-08	 2.92035876902552438575e-08	 
 8.39999999999999857891e-01	 1.12121386825561415649e-08	 1.11903850039515922526e-08	 1.12113741480612056976e-08	 9.45796116884803845222e-07	 9.45711125315273518480e-07	 9.44943226758312220639e-07	 9.67082442323689900945e-07	 3.17758017349670726190e-07	 2.97297579899754237794e-07	 9.36747656533040309694e-07	 1.70096287457208041662e-08	 2.82451724329176172373e-08	 2.82428516337470127346e-08	 2.82451591957484738888e-08	 
 8.60000000000000097700e-01	 1.08343122557044582400e-08	 1.08133250404394985914e-08	 1.08335066713509067138e-08	 9.03321384646790291489e-07	 9.03245590727776090300e-07	 9.02498683147697692776e-07	 9.24586334544375884700e-07	 3.03962734212583294600e-07	 2.84344159984717904032e-07	 8.94599801768596422165e-07	 1.65064851798478998624e-08	 2.72877135679215757821e-08	 2.72854844829289109515e-08	 2.72877027480427215364e-08	 
 8.80000000000000115463e-01	 1.04575800866212901868e-08	 1.04373261747729128673e-08	 1.04567133035746132345e-08	 8.61760322595522619183e-07	 8.61697907285092626845e-07	 8.60966885315180684241e-07	 8.82979397093272269572e-07	 2.90471639403500498816e-07	 2.71682474393851668562e-07	 8.53358353730544285214e-07	 1.60043020183452803391e-08	 2.63333314660913054862e-08	 2.63311929087449861417e-08	 2.63333223927349472801e-08	 
 8.99999999999999911182e-01	 1.00827291307947328367e-08	 1.00631824159217948647e-08	 1.00817935145881912648e-08	 8.21174866953097628594e-07	 8.21130033915437166230e-07	 8.20405547642543436595e-07	 8.42318552817475232566e-07	 2.77304115940680459631e-07	 2.59330769119300054754e-07	 8.13081753922043834369e-07	 1.55041578249941341285e-08	 2.53840376469803842367e-08	 2.53819884234011660255e-08	 2.53840299916844398171e-08	 
 9.20000000000000039968e-01	 9.71069753109685548923e-09	 9.69184127105031379778e-09	 9.70968990278828291647e-09	 7.81629783044613647648e-07	 7.81605481810633017648e-07	 7.80881765782150049981e-07	 8.02666590895346004413e-07	 2.64480073137560900187e-07	 2.47307483625953573451e-07	 7.73839340699808761939e-07	 1.50072129755421371096e-08	 2.44422364509366512108e-08	 2.44402754943990766428e-08	 2.44422305948842672385e-08	 
 9.39999999999999835687e-01	 9.34219989348529199501e-09	 9.32402570152075458166e-09	 9.34112082886222203691e-09	 7.43165996975364299511e-07	 7.43164167407163728642e-07	 7.42438446242886800746e-07	 7.64063682107743533636e-07	 2.52012713188622470869e-07	 2.35624821015123620847e-07	 7.35676010665593632022e-07	 1.45144201718072528886e-08	 2.35097623979133513235e-08	 2.35078887943283621038e-08	 2.35097593653455357328e-08	 
 9.60000000000000075495e-01	 8.97790519034013909357e-09	 8.96041095670966392740e-09	 8.97676112671953341510e-09	 7.05822744523742710341e-07	 7.05843745786688790254e-07	 7.05115613727637431046e-07	 7.26548501500430155127e-07	 2.39914504442135384764e-07	 2.24294355621218781591e-07	 6.98633777892454340635e-07	 1.40266827772416080236e-08	 2.25883209084129577698e-08	 2.25865336413173201230e-08	 2.25883220287820275873e-08	 
 9.80000000000000093259e-01	 8.61861750825506046521e-09	 8.60180254355850365180e-09	 8.61742845324768190900e-09	 6.69645644079632100598e-07	 6.69686054050213743749e-07	 6.68956432682757686943e-07	 6.90165985358388996413e-07	 2.28197933925974523505e-07	 2.13327634363448244089e-07	 6.62758162476800553440e-07	 1.35450049040217750651e-08	 2.16799140172438755234e-08	 2.16782111430789641991e-08	 2.16799199413000945253e-08	 
 9.99999999999999888978e-01	 8.26489946176134704985e-09	 8.24876471175185692090e-09	 8.26369749917836143597e-09	 6.34656456867972503525e-07	 6.34709641503938617481e-07	 6.33980524419427909907e-07	 6.54938263126367851898e-07	 2.16869222697195670229e-07	 2.02730421558690128620e-07	 6.28070999944113414330e-07	 1.30701786194046873127e-08	 2.07859373362743744077e-08	 2.07843161382020354759e-08	 2.07859481433085927394e-08	 
 1.02000000000000001776e+00	 7.91727746048857799152e-09	 7.90182302988918713173e-09	 7.91610164752360457072e-09	 6.00875644245436470967e-07	 6.00932749693525101230e-07	 6.00207235948422659932e-07	 6.20886198713521994932e-07	 2.05934355901922416290e-07	 1.92508292044662160811e-07	 5.94591614721441318275e-07	 1.26029613540156381292e-08	 1.99076933163649232035e-08	 1.99061504557662352100e-08	 1.99077085178996061655e-08	 
 1.04000000000000003553e+00	 7.57643333355543879982e-09	 7.56165030776972520918e-09	 7.57531524021496826495e-09	 5.68326599540258318497e-07	 5.68379004749444267920e-07	 5.67661711355640548891e-07	 5.88033479699291262860e-07	 1.95398900412094098142e-07	 1.82666225800287102967e-07	 5.62338129301381344459e-07	 1.21442269580245318653e-08	 1.90468564948513208252e-08	 1.90453883096882892376e-08	 1.90468748795940001444e-08	 
 1.06000000000000005329e+00	 7.24279147246778427412e-09	 7.22866364444594216247e-09	 7.24175701898990119922e-09	 5.37010276556800295214e-07	 5.37049398968199046410e-07	 5.36346228534809969344e-07	 5.56382168534754438008e-07	 1.85262874852080974644e-07	 1.73204181744436678888e-07	 5.31307261959110310032e-07	 1.16946406463081840020e-08	 1.82044572559666652804e-08	 1.82030598099213731590e-08	 1.82044769772946054844e-08	 
 1.08000000000000007105e+00	 6.91674014955637795856e-09	 6.90324672179530162271e-09	 6.91580752970176652799e-09	 5.06927775648026291031e-07	 5.06946239648976830318e-07	 5.06263551471506235715e-07	 5.25934402902794163911e-07	 1.75526784146826905945e-07	 1.64122565618881397174e-07	 5.01497657333283279606e-07	 1.12547800597191777078e-08	 1.73814432918993765442e-08	 1.73801125478685071978e-08	 1.73814621755630998297e-08	 
 1.09999999999999986677e+00	 6.59880312991119687404e-09	 6.58592484150638646422e-09	 6.59797281720297878147e-09	 4.78080918011777303202e-07	 4.78076743634621377553e-07	 4.77418911794416812149e-07	 4.96693172285235328766e-07	 1.66190627782759563680e-07	 1.55420842343854145064e-07	 4.72912939394814852864e-07	 1.08251222520146275775e-08	 1.65791133603536489926e-08	 1.65778457435318521824e-08	 1.65791297787787020096e-08	 
 1.11999999999999988454e+00	 6.28924152163778435609e-09	 6.27696065125783855498e-09	 6.28849947504884975702e-09	 4.50451352814082248313e-07	 4.50426817660838097127e-07	 4.49796693043257640748e-07	 4.68641764126377884301e-07	 1.57249719208935785712e-07	 1.47094421143926910646e-07	 4.45536284982693239063e-07	 1.04059862821895122743e-08	 1.57981046660144959376e-08	 1.57968969780744555737e-08	 1.57981174017148823417e-08	 
 1.14000000000000012434e+00	 5.98829152773043167210e-09	 5.97659256336232971564e-09	 5.98761855606655957145e-09	 4.24025435773106588235e-07	 4.23985177398933884733e-07	 4.23384811843858325697e-07	 4.41767561202393292955e-07	 1.48700474752307638426e-07	 1.39139848518429392347e-07	 4.19354802171907092036e-07	 9.99768910224182464757e-09	 1.50390041571637351940e-08	 1.50378535517494183670e-08	 1.50390124674523178322e-08	 
 1.15999999999999992006e+00	 5.69631758764221663318e-09	 5.68518972835780466461e-09	 5.69571399841895510529e-09	 3.98797001159169638267e-07	 3.98743700408971022645e-07	 3.98175808105735569269e-07	 4.16064528459172215139e-07	 1.40538295009949906383e-07	 1.31552390146609621722e-07	 3.94361291460440509372e-07	 9.60059344825227293141e-09	 1.43027514301205802045e-08	 1.43016555536111130489e-08	 1.43027554920570533335e-08	 
 1.18000000000000015987e+00	 5.41341017186878541943e-09	 5.40284707667386708382e-09	 5.41289242466324180331e-09	 3.74739410357104970956e-07	 3.74674182431273901404e-07	 3.74142123619917062369e-07	 3.91506475929625609069e-07	 1.32754642395371949374e-07	 1.24324077716909744250e-07	 3.70528394784406581119e-07	 9.21490045606222538431e-09	 1.35895894788209034305e-08	 1.35885463945045059411e-08	 1.35895902079305160294e-08	 
 1.19999999999999973355e+00	 5.13964542810399516518e-09	 5.12964367054476428900e-09	 5.13923810743317437859e-09	 3.51829388034007259130e-07	 3.51753465784365511698e-07	 3.51259635710875772102e-07	 3.68072206381364667967e-07	 1.25342381394482213112e-07	 1.17448225128333779360e-07	 3.47833405367496601645e-07	 8.84077608596735834171e-09	 1.28997155613474894861e-08	 1.28987236213917937225e-08	 1.28997142950479852800e-08	 
 1.21999999999999997335e+00	 4.87523697008013535079e-09	 4.86579172940582340649e-09	 4.87495251886897615891e-09	 3.30044323141751408033e-07	 3.29963629400976510022e-07	 3.29504361030781094202e-07	 3.45747694920292438237e-07	 1.18292543488150880184e-07	 1.10915531065635476083e-07	 3.26258082214231826401e-07	 8.47831393325254550156e-09	 1.22336415022357422410e-08	 1.22326991171484792626e-08	 1.22336392618375242070e-08	 
 1.24000000000000021316e+00	 4.62012576528943246421e-09	 4.61123224198590892427e-09	 4.61996800511537828100e-09	 3.09344018531409683781e-07	 3.09268227217217036493e-07	 3.08835164321400760680e-07	 3.24499473486712776062e-07	 1.11593460778532797056e-07	 1.04714901638016681673e-07	 3.05765839971225723425e-07	 8.12749428348426802531e-09	 1.15911973405819980628e-08	 1.15903030104775747420e-08	 1.15911949263225433922e-08	 
 1.25999999999999978684e+00	 4.37426499619230989014e-09	 4.36591523695082164597e-09	 4.37423055114792968647e-09	 2.89696845028109896977e-07	 2.89636916916284535727e-07	 2.89219815560546137574e-07	 3.04300097243202402288e-07	 1.05235739466528869214e-07	 9.88374675642231517937e-08	 2.86327095616591275337e-07	 7.78829172539630960140e-09	 1.09722393432003205383e-08	 1.09713916111622897092e-08	 1.09722374631680661817e-08	 
 1.28000000000000002665e+00	 4.13776288483196355075e-09	 4.12993400549172493984e-09	 4.13784028078197628696e-09	 2.71079978592466977892e-07	 2.71041507356605990415e-07	 2.70635228634928956528e-07	 2.85127161586185747587e-07	 9.92081659816757431819e-08	 9.32718112685448929242e-08	 2.67917318814203106574e-07	 7.46057671450805360881e-09	 1.03769811388280430519e-08	 1.03761784436164796697e-08	 1.03769806318878834023e-08	 
 1.30000000000000026645e+00	 3.91045498252507524729e-09	 3.90311333749799388691e-09	 3.91062682057418004792e-09	 2.53452987692343415281e-07	 2.53437859987961376542e-07	 2.53040905596906124995e-07	 2.66940511193441712663e-07	 9.34979279553716055626e-08	 8.80059707295309066778e-08	 2.50495338402101206915e-07	 7.14415401164254191171e-09	 9.80496108673572704897e-09	 9.80420184003701513666e-09	 9.80496293705295884823e-09	 
 1.32000000000000006217e+00	 3.69220623636238289994e-09	 3.68531514427068315789e-09	 3.69245418384045235810e-09	 2.36783722441403885752e-07	 2.36791506393768175322e-07	 2.36404315515216904022e-07	 2.49707747201063873895e-07	 8.80949489548384227437e-08	 8.30304712293301314569e-08	 2.34027806372372591797e-07	 6.83886569912952170924e-09	 9.25581794201521661526e-09	 9.25510061264783455553e-09	 9.25582322493724076054e-09	 
 1.34000000000000007994e+00	 3.48303355407615912717e-09	 3.47657232551761864618e-09	 3.48335140606725523171e-09	 2.21044977782946435469e-07	 2.21074744767554612112e-07	 2.20696613789955241584e-07	 2.33401239339783011855e-07	 8.29867666005083212908e-08	 7.83320355261551855826e-08	 2.18483572481862136620e-07	 6.54448487984929260529e-09	 8.72962948320558040398e-09	 8.72895279769058596465e-09	 8.72963913790142081595e-09	 
 1.35999999999999987566e+00	 3.28268227121557671424e-09	 3.27664283681870203932e-09	 3.28307327310234730263e-09	 2.06193664345421569869e-07	 2.06244302893259466671e-07	 2.05873605473107001096e-07	 2.17976902564046368731e-07	 7.81603899518914849391e-08	 7.38982409364769677080e-08	 2.03817184583307528854e-07	 6.26073837778471380121e-09	 8.22577819385401738814e-09	 8.22514114688842151782e-09	 8.22579313921702382927e-09	 
 1.37999999999999989342e+00	 3.09095823263422492296e-09	 3.08533604994014645156e-09	 3.09142867381674453720e-09	 1.92196464483046450390e-07	 1.92266436137980531486e-07	 1.91901228353905002001e-07	 2.03401496777302715463e-07	 7.36057430138675555227e-08	 6.97194822728392569385e-08	 1.89993858115919041172e-07	 5.98739653792982678224e-09	 7.74377656567189835188e-09	 7.74317821727897165766e-09	 7.74379751831006276344e-09	 
 1.40000000000000013323e+00	 2.90785858147306247573e-09	 2.90263015134428717632e-09	 2.90840215630025367417e-09	 1.79024677306677115757e-07	 1.79110963678154343574e-07	 1.78750562402785219489e-07	 1.89651785038161584570e-07	 6.93092871981561690924e-08	 6.57814755131923028227e-08	 1.76984475400777736180e-07	 5.72413456256273065660e-09	 7.28355612721652022935e-09	 7.28299500862143865625e-09	 7.28358284521145171021e-09	 
 1.41999999999999992895e+00	 2.73309661317148160292e-09	 2.72822538826080079046e-09	 2.73369844527998965723e-09	 1.66635219555888463101e-07	 1.66733828827102395099e-07	 1.66378302404018456408e-07	 1.76687146112243326324e-07	 6.52581090700091121798e-08	 6.20720623387558468155e-08	 1.64745957756566190062e-07	 5.47059435414725484241e-09	 6.84434837431862542369e-09	 6.84382271713804789831e-09	 6.84437997320077699962e-09	 
 1.44000000000000016875e+00	 2.56644569116763119021e-09	 2.56188839622765857178e-09	 2.56708588003219999403e-09	 1.54995520541007301563e-07	 1.55101496898587560868e-07	 1.54751616304726103121e-07	 1.64475905402587317893e-07	 6.14424368174040344216e-08	 5.85820210106753529214e-08	 1.53245750387309455678e-07	 5.22650316993484582867e-09	 6.42555547657533331282e-09	 6.42506331427655995633e-09	 6.42559065624331952327e-09	 
 1.45999999999999996447e+00	 2.40782982949766336247e-09	 2.40354959590694315008e-09	 2.40848977791754310734e-09	 1.44076038194397083639e-07	 1.44183134797547136226e-07	 1.43840848095773567266e-07	 1.52989469267478236202e-07	 5.78483552072391310065e-08	 5.52965119007882803157e-08	 1.42454545545153215260e-07	 4.99159522845492635166e-09	 6.02699124368206031832e-09	 6.02653049671080069344e-09	 6.02702860848372399633e-09	 
 1.47999999999999998224e+00	 2.25689643466127188981e-09	 2.25285990841793666230e-09	 2.25755778065067499764e-09	 1.33834588291352117653e-07	 1.33935401076650909854e-07	 1.33603473514543376078e-07	 1.42184106213527568098e-07	 5.44635218151148929471e-08	 5.22038991612563785786e-08	 1.32330459645834794434e-07	 4.76553629558836509522e-09	 5.64776488409491974822e-09	 5.64733342851633075721e-09	 5.64780292394766328500e-09	 
 1.50000000000000000000e+00	 2.11338158058254898044e-09	 2.10956049240324114176e-09	 2.11402639097332175020e-09	 1.24239994523936422521e-07	 1.24327452701745035981e-07	 1.24008362114020399408e-07	 1.32028812215298890982e-07	 5.12788192701934688617e-08	 4.92955306646536669517e-08	 1.22842667634914291274e-07	 4.54802565589322792400e-09	 5.28721405494976279344e-09	 5.28680977428156364953e-09	 5.28725123793701864445e-09	 
 1.52000000000000001776e+00	 1.97719682524945572948e-09	 1.97357881341409326182e-09	 1.97781112971298413275e-09	 1.15262298015943739966e-07	 1.15334576986296377654e-07	 1.15027378096643821892e-07	 1.22502687351974004266e-07	 4.82805231334987228956e-08	 4.65566460636855196926e-08	 1.13962442386135440862e-07	 4.33865449476807010650e-09	 4.94513936197580628820e-09	 4.94476034913631373729e-09	 4.94517456011900631046e-09	 
 1.54000000000000003553e+00	 1.84796695809001916408e-09	 1.84455029502115015584e-09	 1.84853824792621474508e-09	 1.06860618054399735272e-07	 1.06919038169911432597e-07	 1.06620439582768926877e-07	 1.13567924329361459685e-07	 4.54570841770110609804e-08	 4.39762838414480458341e-08	 1.05649734162576219314e-07	 4.13694272730221282974e-09	 4.62060610300238172370e-09	 4.62025059982919778049e-09	 4.62063836357495881720e-09	 
 1.56000000000000027534e+00	 1.72542527605027086163e-09	 1.72221218866474812530e-09	 1.72594148912016371366e-09	 9.90058130742622933583e-08	 9.90537528015086008053e-08	 9.87595504246314612197e-08	 1.05197791103242142331e-07	 4.28002688838044065785e-08	 4.15465607816395553670e-08	 9.78766579062862471035e-08	 3.94251962255794159536e-09	 4.31294325335304402795e-09	 4.31260957727183534881e-09	 4.31297180184161547873e-09	 
 1.58000000000000007105e+00	 1.60950468182380528323e-09	 1.60648799464031660298e-09	 1.60995548042988288742e-09	 9.16699195920708125564e-08	 9.17120942891999622158e-08	 9.14203143214503351237e-08	 9.73713350720784305498e-08	 4.02975837248000618412e-08	 3.92541467906302430904e-08	 9.06189947212788000367e-08	 3.75515086588896214351e-09	 4.02196151267597264772e-09	 4.02164804211109067472e-09	 4.02198613911621237253e-09	 
 1.60000000000000008882e+00	 1.49983303421546691277e-09	 1.49700019779910313413e-09	 1.50020741518147752829e-09	 8.48146566742918852040e-08	 8.48569369904811230187e-08	 8.45666448745786418290e-08	 9.00520993512133373464e-08	 3.79386502558829895449e-08	 3.70891815958970985673e-08	 8.38411556148832352120e-08	 3.57439472848402803279e-09	 3.74670553414901503537e-09	 3.74641067612424174558e-09	 3.74672631869994886335e-09	 
 1.61999999999999988454e+00	 1.39614983207016305022e-09	 1.39348592472131525890e-09	 1.39643996215885394084e-09	 7.84152273909432597736e-08	 7.84634043871128791873e-08	 7.81741540609501071514e-08	 8.32153836529703742083e-08	 3.57162622605037631372e-08	 3.50446344957202317986e-08	 7.75193109244166005381e-08	 3.39989293684363739289e-09	 3.48652263645730108223e-09	 3.48624486308630008421e-09	 3.48653981814510854532e-09	 
 1.64000000000000012434e+00	 1.29837543900162874714e-09	 1.29586807055603233606e-09	 1.29859197988702314507e-09	 7.24532408773324183217e-08	 7.25089543451270116616e-08	 7.22205811669601969189e-08	 7.68413804974117024145e-08	 3.36196304919167602432e-08	 3.31090281136035009070e-08	 7.16322078671619430408e-08	 3.23152986344639436226e-09	 3.24127047872705835614e-09	 3.24100860360272366451e-09	 3.24128438719154657422e-09	 
 1.66000000000000014211e+00	 1.20612173454270058377e-09	 1.20375989986189884344e-09	 1.20628639764450608276e-09	 6.68979204761504480269e-08	 6.69606995666178790476e-08	 6.66728976057337360658e-08	 7.08958729487251029746e-08	 3.16394120153859120324e-08	 3.12732067857989942746e-08	 6.61479601887509210527e-08	 3.06883154672775344136e-09	 3.01000788671521444008e-09	 3.00976091667276868021e-09	 3.01001888258867484602e-09	 
 1.67999999999999993783e+00	 1.11913891638765725744e-09	 1.11691280124925395174e-09	 1.11927765434644964683e-09	 6.17294010458956019534e-08	 6.17974731291434764962e-08	 6.15100623094147823529e-08	 6.53566155828875760844e-08	 2.97693096217035611146e-08	 2.95309867762217906353e-08	 6.10461354751982843820e-08	 2.91143349014835627126e-09	 2.79210789631231957997e-09	 2.79187500318060182890e-09	 2.79211640125252987141e-09	 
 1.70000000000000017764e+00	 1.03739502902506708682e-09	 1.03529771254793514453e-09	 1.03752383039954379896e-09	 5.69289114006185338729e-08	 5.69993456220540288101e-08	 5.67134309704426279011e-08	 6.02051689518404790510e-08	 2.80009680345747699892e-08	 2.78749725666685894616e-08	 5.63074197926414284341e-08	 2.75947537831135685721e-09	 2.58739847706652372308e-09	 2.58717916496335058009e-09	 2.58740507954243291029e-09	 
 1.71999999999999997335e+00	 9.60527134584405587906e-10	 9.58553544166306722114e-10	 9.60658061058413071048e-10	 5.24677046206330597116e-08	 5.25367186379645482464e-08	 5.22539262449418134537e-08	 5.54095515519147209634e-08	 2.63259994227320383679e-08	 2.62974610594853721229e-08	 5.19031151426842867148e-08	 2.61250558215264103821e-09	 2.39491345926452276146e-09	 2.39470747519187314243e-09	 2.39491887619905608752e-09	 
 1.73999999999999999112e+00	 8.88305155474882872365e-10	 8.86451648879983888103e-10	 8.88447119994846623313e-10	 4.83282202351819387206e-08	 4.83919244431453270311e-08	 4.81136449043793497972e-08	 5.09505397275879206087e-08	 2.47390187726897586499e-08	 2.47933097537855004549e-08	 4.78156670388582775647e-08	 2.47017884907745817001e-09	 2.21406041132985089851e-09	 2.21386763197056044053e-09	 2.21406539821930117248e-09	 
 1.76000000000000023093e+00	 8.20675061513734544733e-10	 8.18939640111266148634e-10	 8.20827731987039378892e-10	 4.44926038956027388700e-08	 4.45494606625865253022e-08	 4.42750343480399769496e-08	 4.68144478776415730903e-08	 2.32351629996660423226e-08	 2.33590656846422606980e-08	 4.40271683164595510000e-08	 2.33288148242772535224e-09	 2.04476152284994867228e-09	 2.04458171308173204717e-09	 2.04476654539539809906e-09	 
 1.78000000000000002665e+00	 7.57263117893276932167e-10	 7.55645720493662146232e-10	 7.57421633869745271170e-10	 4.09346986708160196379e-08	 4.09840921889066323612e-08	 4.07113181539532626376e-08	 4.29733902484637368947e-08	 2.18071927440901178413e-08	 2.19879462771730237372e-08	 4.05115988303321210190e-08	 2.20016171052063941703e-09	 1.88610707134651664457e-09	 1.88594006124526960460e-09	 1.88611251428400978004e-09	 
 1.80000000000000004441e+00	 6.97857688834652603816e-10	 6.96358686652818530070e-10	 6.98015611517115439952e-10	 3.76395621788034712837e-08	 3.76815847087615610672e-08	 3.74077722144534757730e-08	 3.94114476049121410026e-08	 2.04505847724833594269e-08	 2.06754290723070925600e-08	 3.72542338420613953314e-08	 2.07169373225921241665e-09	 1.73757241376356922801e-09	 1.73741797736670720609e-09	 1.73757857693400852354e-09	 
 1.81999999999999984013e+00	 6.42456361951304992742e-10	 6.41071458516420479828e-10	 6.42610403742556699329e-10	 3.45917576647747520188e-08	 3.46281733842260261721e-08	 3.43528523565571914610e-08	 3.61169237731037961630e-08	 1.91636318298968489348e-08	 1.94216311488230684198e-08	 3.42407101932972353472e-08	 1.94812511238041105147e-09	 1.59910758988273586683e-09	 1.59896489629421486895e-09	 1.59911439943927931480e-09	 
 1.84000000000000007994e+00	 5.90721986035265190446e-10	 5.89445701275955501858e-10	 5.90870057850413399918e-10	 3.17681303630766150863e-08	 3.18016988171550037031e-08	 3.15248212955930301827e-08	 3.30646217134342920707e-08	 1.79397999444890469046e-08	 1.82201143594138145777e-08	 3.14485489375523481320e-08	 1.82901807834341829702e-09	 1.46984543814418555437e-09	 1.46971340356799573300e-09	 1.46985265438393757731e-09	 
 1.86000000000000009770e+00	 5.42472447916893221747e-10	 5.41297562913885641511e-10	 5.42612854272052989542e-10	 2.91568572022068567640e-08	 2.91903058161390814227e-08	 2.89118478989957966864e-08	 3.02414287038475696860e-08	 1.67751497157573433996e-08	 1.70670408390154125531e-08	 2.88661914585401774490e-08	 1.71406672214969282178e-09	 1.34931903705216808993e-09	 1.34919646722826774108e-09	 1.34932635606030278303e-09	 
 1.87999999999999989342e+00	 4.97682922425927654147e-10	 4.96596220586339880114e-10	 4.97814434887848751229e-10	 2.67474412312188447607e-08	 2.67805490670418887205e-08	 2.65007931703710427287e-08	 2.76387910726268876661e-08	 1.56707472895224264595e-08	 1.59674475296950944702e-08	 2.64831272072864822990e-08	 1.60404482170534878372e-09	 1.23745902374229450674e-09	 1.23734486944727147404e-09	 1.23746623134848826609e-09	 
 1.89999999999999991118e+00	 4.56025880941875745192e-10	 4.55010271688511559310e-10	 4.56147144080093134970e-10	 2.45211097129856820224e-08	 2.45522522075859854627e-08	 2.42709123003495462640e-08	 2.52349676736143499017e-08	 1.46204588390545784596e-08	 1.49161929170245313932e-08	 2.42807267397367422448e-08	 1.49848151958061521913e-09	 1.13343555670937940254e-09	 1.13332876342972213208e-09	 1.13344244922872513558e-09	 
 1.92000000000000015099e+00	 4.17338940990746749968e-10	 4.16377087676827191028e-10	 4.17449553248189530234e-10	 2.24686711539917464463e-08	 2.24958205522317994101e-08	 2.22124801707637593639e-08	 2.30195482693134259590e-08	 1.36208471414860169866e-08	 1.39101868093269578531e-08	 2.22500586958622287366e-08	 1.39708714855041137052e-09	 1.03684112713328024615e-09	 1.03674071802618946142e-09	 1.03684750085260858032e-09	 
 1.93999999999999994671e+00	 3.81583212629830681066e-10	 3.80669846264489053033e-10	 3.81687839149492011493e-10	 2.05790401355334156737e-08	 2.06017001078882062202e-08	 2.03175775397137382875e-08	 2.09848487431564961354e-08	 1.26754691731480695947e-08	 1.29555788181545945485e-08	 2.03810441737861069206e-08	 1.30071604678522832478e-09	 9.47599826959796488889e-10	 9.47505483050646746856e-10	 9.47605573067088427101e-10	 
 1.95999999999999996447e+00	 3.48448689454979356407e-10	 3.47582731196158653869e-10	 3.48555336589415279609e-10	 1.88350755979502436532e-08	 1.88531085220760310922e-08	 1.85695184179338601917e-08	 1.91118347245041681057e-08	 1.17786566236239992160e-08	 1.20471858416882087524e-08	 1.86573650580857708625e-08	 1.20889338948034317209e-09	 8.64941561483110782082e-10	 8.64853255816368214348e-10	 8.64946564925567390529e-10	 
 1.97999999999999998224e+00	 3.17796198770484121512e-10	 3.16977878450801391287e-10	 3.17912330863093309824e-10	 1.72293909742616834994e-08	 1.72429225386212921560e-08	 1.69609271621240900440e-08	 1.73921298850779309581e-08	 1.09274254649629097754e-08	 1.11821345897502465746e-08	 1.70719045774781201682e-08	 1.12134865822343843881e-09	 7.88521820247741858662e-10	 7.88439584079847730617e-10	 7.88525958705691325603e-10	 
 2.00000000000000000000e+00	 2.89584170666377696641e-10	 2.88812692184373581369e-10	 2.89704611970202413169e-10	 1.57537411761879651462e-08	 1.57638738267327014874e-08	 1.54837286238726949172e-08	 1.58176926128440877013e-08	 1.01261573572571223748e-08	 1.03663366430732414230e-08	 1.56152996941067839302e-08	 1.03879286370298631160e-09	 7.18233579256952789868e-10	 7.18157066704376788384e-10	 7.18236834493750738706e-10	 
 2.02000000000000001776e+00	 2.63526905164929096667e-10	 2.62801272970826442811e-10	 2.63640581910358353196e-10	 1.43937502299904318407e-08	 1.44021053159683273301e-08	 1.41228799403369099174e-08	 1.43714920619640399083e-08	 9.36928120213961980668e-09	 9.59434764431032473923e-09	 1.42732476934392990657e-08	 9.60697799290078570553e-10	 6.53365716456763108401e-10	 6.53294453608386201684e-10	 6.53368053205527830388e-10	 
 2.04000000000000003553e+00	 2.39512570503811521672e-10	 2.38831746216389056151e-10	 2.39606940452849517589e-10	 1.31438809214066585477e-08	 1.31521879643168772177e-08	 1.28725762918020870373e-08	 1.30469993424925169554e-08	 8.65420762033847298663e-09	 8.86358387208391217242e-09	 1.30402513481343333573e-08	 8.86809160715873061710e-10	 5.93637727089888286788e-10	 5.93571210853349362161e-10	 5.93639113496374157262e-10	 
 2.06000000000000005329e+00	 2.17515164756334004063e-10	 2.16877516463905265715e-10	 2.17587988302139580513e-10	 1.19975047356884430688e-08	 1.20061893974374714875e-08	 1.17269946065029627622e-08	 1.18380909227950651834e-08	 7.98535046577315810763e-09	 8.17948231024905055661e-09	 1.19091240101715992370e-08	 8.17687665428175295701e-10	 5.38949355191113262683e-10	 5.38887256312703745301e-10	 5.38949917343288854099e-10	 
 2.08000000000000007105e+00	 1.97287493750368044118e-10	 1.96691362817411111144e-10	 1.97337958211031879580e-10	 1.09423672846157898349e-08	 1.09515909265736632490e-08	 1.06734314094689060996e-08	 1.07304906733416894401e-08	 7.35742942412591423452e-09	 7.53680271382325168793e-09	 1.08677679823545324861e-08	 7.52797426161876843195e-10	 4.88672420686423377125e-10	 4.88614455572097369046e-10	 4.88672313809216849112e-10	 
 2.10000000000000053291e+00	 1.78743154230770614496e-10	 1.78186611840413378640e-10	 1.78770935688633905821e-10	 9.97436903666816449288e-09	 9.98425344349618075778e-09	 9.70744833036352335875e-09	 9.71940342371492613067e-09	 6.76821348842388196970e-09	 6.93333013369286889385e-09	 9.91218996365241733919e-09	 6.91907695227237899954e-10	 4.42588557869986673634e-10	 4.42534456319654237472e-10	 4.42587949329342263364e-10	 
 2.12000000000000010658e+00	 1.61830618015565399887e-10	 1.61310306831792085119e-10	 1.61839203429712333293e-10	 9.08839240303367437462e-09	 9.09894359355792020552e-09	 8.82390335339995709382e-09	 8.79933663674693921397e-09	 6.22041058178658204154e-09	 6.37232292925043022597e-09	 9.03737388085438214146e-09	 6.35321610458769846896e-10	 4.00572289899500356811e-10	 4.00521834806984470336e-10	 4.00571323090169472820e-10	 
 2.14000000000000012434e+00	 1.46327358082925153958e-10	 1.45838852438587491393e-10	 1.46320843908572516364e-10	 8.27411699106702617488e-09	 8.28543109661398035127e-09	 8.01140558560105530899e-09	 7.95817937657161144444e-09	 5.70861023315640064403e-09	 5.84843611283614957573e-09	 8.23339236546750669189e-09	 5.82466642237425204985e-10	 3.62068096603394248127e-10	 3.62021090780885798293e-10	 3.62066919718300801255e-10	 
 2.15999999999999969802e+00	 1.32167231097070115249e-10	 1.31706084143906955013e-10	 1.32150212435090510912e-10	 7.52868679965487894482e-09	 7.54081853363468029965e-09	 7.26667153783453082975e-09	 7.19245341672087184728e-09	 5.23093563360865597377e-09	 5.35978336376752060626e-09	 7.49740747876596109731e-09	 5.33145179986974488652e-10	 3.26911493782597711129e-10	 3.26867759096654125631e-10	 3.26910261630504851672e-10	 
 2.18000000000000015987e+00	 1.19302749151918978081e-10	 1.18868755893354529238e-10	 1.19279705821840520309e-10	 6.84833383802551265143e-09	 6.86076665577311956848e-09	 6.58773390492003591399e-09	 6.49744024263366540438e-09	 4.78955604290979753005e-09	 4.90820873893006144284e-09	 6.82482909309139250586e-09	 4.87610950448864004242e-10	 2.94986078716637389385e-10	 2.94945501996149992496e-10	 2.94984864030436590808e-10	 
 2.20000000000000017764e+00	 1.07542338259699857680e-10	 1.07136729258850685540e-10	 1.07518903375179968469e-10	 6.22473532515668942325e-09	 6.23664202989910322713e-09	 5.96554049455688957302e-09	 5.86290139715421344052e-09	 4.37959726635481489922e-09	 4.48862535497800539779e-09	 6.20706809904449882292e-09	 4.45354287624663603735e-10	 2.65816142508266686880e-10	 2.65778684746218011198e-10	 2.65815022088164375079e-10	 
 2.21999999999999975131e+00	 9.68385074500422650302e-11	 9.64630793567410480174e-11	 9.68209810445783132260e-11	 5.65596799253103639818e-09	 5.66643796361600902404e-09	 5.39784257734117718557e-09	 5.28650108576902616435e-09	 3.99965318009336805041e-09	 4.09955780130348194005e-09	 5.64215609594176121669e-09	 4.06227102350314966959e-10	 2.39284595621948749589e-10	 2.39250237706033680840e-10	 2.39283652692038520790e-10	 
 2.24000000000000021316e+00	 8.71511656103290479325e-11	 8.68057027459022808839e-11	 8.71411863791013033678e-11	 5.13769371306671261791e-09	 5.14675964066390691392e-09	 4.88180586162641687463e-09	 4.76522462401121397677e-09	 3.65049003457962239350e-09	 3.74189556316696286737e-09	 5.12719513187109314897e-09	 3.70302538595225528318e-10	 2.15285024543817108507e-10	 2.15253560432619796499e-10	 2.15284266595663692575e-10	 
 2.25999999999999978684e+00	 7.83186536178088291890e-11	 7.80038299155753129134e-11	 7.83187186356679740173e-11	 4.66259119577026456191e-09	 4.67041323501523112712e-09	 4.40938327266973640353e-09	 4.29110950360715383747e-09	 3.32763806733305574389e-09	 3.41102766158539780799e-09	 4.65532703970958385462e-09	 3.37101933423155618259e-10	 1.93416963793373689970e-10	 1.93388188489792515392e-10	 1.93416405695002296450e-10	 
 2.27999999999999980460e+00	 7.03090808578432151162e-11	 7.00256600443093301440e-11	 7.03216524228076764712e-11	 4.22933137695941254955e-09	 4.23612132472107806495e-09	 3.97895674187080216669e-09	 3.86275860714902463771e-09	 3.03006619204666967004e-09	 3.10589439757798091141e-09	 4.22534943099933492808e-09	 3.06514703886067332817e-10	 1.73601305198336349956e-10	 1.73575006746985667905e-10	 1.73600957525043565554e-10	 
 2.30000000000000026645e+00	 6.30900717391530026954e-11	 6.28341190289105673223e-11	 6.31108683140268403997e-11	 3.83530916382017571410e-09	 3.84136728592437200260e-09	 3.58890161888783712037e-09	 3.47631437698700540654e-09	 2.75772872676657464010e-09	 2.82670075450305172787e-09	 3.83426752172434106771e-09	 2.78556759961695032684e-10	 1.55742945299575928376e-10	 1.55718877711082295701e-10	 1.55742732358308995793e-10	 
 2.32000000000000028422e+00	 5.65295678029800475663e-11	 5.62958095127615065414e-11	 5.65518288629322599469e-11	 3.47462871337323661005e-09	 3.48041355623442457746e-09	 3.23253249893871835487e-09	 3.12510383843345851059e-09	 2.50660231110803465287e-09	 2.56942171481495090143e-09	 3.47637091839563773222e-09	 2.52805656050230442850e-10	 1.39509215421050064083e-10	 1.39487109164400446734e-10	 1.39509015671706896586e-10	 
 2.33999999999999985789e+00	 5.06075651670010288282e-11	 5.03902639062797746977e-11	 5.06237226216699273605e-11	 3.14651467702925226453e-09	 3.15254606453305818108e-09	 2.90879233653097483131e-09	 2.80826292883701135817e-09	 2.27596458093609320785e-09	 2.33334191792120165041e-09	 3.15094299008488047723e-09	 2.29184989738534207492e-10	 1.24849177599307214407e-10	 1.24828746134555567205e-10	 1.24848849573453727663e-10	 
 2.36000000000000031974e+00	 4.52866768644269140625e-11	 4.50846958716986494516e-11	 4.52974278518525238422e-11	 2.84879854917999257224e-09	 2.85499427551210958515e-09	 2.61638829569773041724e-09	 2.52292142694610725781e-09	 2.06569610024811366090e-09	 2.11805783243558169260e-09	 2.85542814315657365983e-09	 2.07677822536971917033e-10	 1.11681657793167142078e-10	 1.11662768283097485703e-10	 1.11681199635232456155e-10	 
 2.38000000000000033751e+00	 4.04552494498495413726e-11	 4.02679960365463776889e-11	 4.04621898695835890417e-11	 2.57667285038911158574e-09	 2.58288186875851267483e-09	 2.34971012447090734638e-09	 2.26366204281326277705e-09	 1.87235313782517050878e-09	 1.91997597337632777618e-09	 2.58508725052841803577e-09	 1.87915476682505697359e-10	 9.97306596959098023972e-11	 9.97131861631271783445e-11	 9.97300557847872188133e-11	 
 2.39999999999999991118e+00	 3.61004331376622938901e-11	 3.59274181373877863042e-11	 3.61054316390938204346e-11	 2.32971986699117160708e-09	 2.33579511635449418369e-09	 2.10810266838346480607e-09	 2.03002113164885163828e-09	 1.69547674203622747618e-09	 1.73860580725391546754e-09	 2.33951803047941352944e-09	 1.69847827409704708907e-10	 8.89647185780575469018e-11	 8.89485288891438758721e-11	 8.89639484372397360829e-11	 
 2.41999999999999948486e+00	 3.22022637069606156675e-11	 3.20427940620036271579e-11	 3.22061231286102377436e-11	 2.10597284821184809715e-09	 2.11201361937479251748e-09	 1.89069817557619822886e-09	 1.82023817837730869958e-09	 1.53476025204020505986e-09	 1.57382309113891971759e-09	 2.11689221204542764982e-09	 1.53461734803611973597e-10	 7.93314835694706917956e-11	 7.93164976061113894622e-11	 7.93306044034276673940e-11	 
 2.44000000000000039080e+00	 2.86707943948693340664e-11	 2.85244319151991090731e-11	 2.86746632198358685834e-11	 1.90134315423880902843e-09	 1.90765422186548202094e-09	 1.69292042001646812326e-09	 1.63018210236439269050e-09	 1.38722969298138582370e-09	 1.42262484002481546691e-09	 1.91331397609482555846e-09	 1.38447844375123635623e-10	 7.06078155085611494630e-11	 7.05939542049146032531e-11	 7.06069018674905488983e-11	 
 2.45999999999999996447e+00	 2.54992366145864750120e-11	 2.53655591931683451629e-11	 2.55044088746347275906e-11	 1.71559763742201219377e-09	 1.72256491066640363529e-09	 1.51443918316264510578e-09	 1.45972933664510767846e-09	 1.25260314451394189560e-09	 1.28473340769729260444e-09	 1.72860287737894072563e-09	 1.24777575585541597607e-10	 6.27768904739535173393e-11	 6.27640738945215579526e-11	 6.27760301379040081780e-11	 
 2.47999999999999953815e+00	 2.26723062012323934727e-11	 2.25498826726261079305e-11	 2.26780126260130233356e-11	 1.54781764239119445083e-09	 1.55521253762382669528e-09	 1.35447490845388604018e-09	 1.30692712567059911502e-09	 1.13074463458533460145e-09	 1.15986855481795463034e-09	 1.56154674618266843561e-09	 1.12422345347913368670e-10	 5.57981184578012195756e-11	 5.57862992959176713173e-11	 5.57973272233580995100e-11	 
 2.50000000000000044409e+00	 2.01186370837441100154e-11	 2.00054655914165150692e-11	 2.01233911743148499091e-11	 1.39485997300854723987e-09	 1.40238390877925875907e-09	 1.20939027491347192696e-09	 1.16840331916118190890e-09	 1.01921631629088622076e-09	 1.04547362336693353366e-09	 1.40906128614466631272e-09	 1.01119220965854674100e-10	 4.94928336464162926460e-11	 4.94819895404265926828e-11	 4.94921430799032218737e-11	 
 2.52000000000000001776e+00	 1.78356505462657881963e-11	 1.77294177028572818478e-11	 1.78376659005664409258e-11	 1.25674075930610839596e-09	 1.26403898084226830001e-09	 1.07911674286066109481e-09	 1.04412833122890831856e-09	 9.17898218121978996903e-10	 9.41395182585255510913e-10	 1.27115071621854817410e-09	 9.08520313653374534030e-11	 4.38538852730020199027e-11	 4.38440052531898127969e-11	 4.38533398733179594749e-11	 
 2.54000000000000003553e+00	 1.58081741062030379388e-11	 1.57090302048634850252e-11	 1.58084984604003444497e-11	 1.13219902829218315805e-09	 1.13922234624937910232e-09	 9.62871634504613886434e-10	 9.32952817349358786284e-10	 8.26475104180838835904e-10	 8.47508865016136652417e-10	 1.14661614184520739153e-09	 8.16094056392551314711e-11	 3.88490886466365245356e-11	 3.88401035757838934915e-11	 3.88486819902912280343e-11	 
 2.56000000000000049738e+00	 1.39788675523157668343e-11	 1.38874423298659555596e-11	 1.39793554521483537687e-11	 1.01864973641228800921e-09	 1.02534531657840236290e-09	 8.57985536864088542200e-10	 8.32182698981416459863e-10	 7.42897039360387281799e-10	 7.61734724118712543743e-10	 1.03289571818542483058e-09	 7.31770847662347686883e-11	 3.43369208791514853655e-11	 3.43287849624592632717e-11	 3.43366790843255285354e-11	 
 2.58000000000000007105e+00	 1.23468864449258112672e-11	 1.22641222833193970321e-11	 1.23499183756803481974e-11	 9.16158374464632440283e-10	 9.22461424778945469598e-10	 7.64636312355503356477e-10	 7.41848468478049696664e-10	 6.67107938477784713715e-10	 6.84031521912475504185e-10	 9.30031523918297477443e-10	 6.55502841056574129454e-11	 3.03158993551431809762e-11	 3.03085723697835120149e-11	 3.03158625263297512735e-11	 
 2.60000000000000008882e+00	 1.09037755961152650972e-11	 1.08290456382395447982e-11	 1.09087404434363550410e-11	 8.23933785865227068313e-10	 8.29873110085760171226e-10	 6.81520124837258189227e-10	 6.61263565476942837539e-10	 5.98947518270903006624e-10	 6.14148764034102721910e-10	 8.37366829284377015022e-10	 5.87101554862624163721e-11	 2.67621210785197800115e-11	 2.67555170246468352547e-11	 2.67622317340730288398e-11	 
 2.62000000000000055067e+00	 9.60439211888223928500e-12	 9.53745967053305167181e-12	 9.61080344028022691026e-12	 7.39897416559491324333e-10	 7.45540346229061534575e-10	 6.06667698364730957271e-10	 5.88289853568807779605e-10	 5.36709148061845140615e-10	 5.50334457172455249527e-10	 7.52859433655033160991e-10	 5.24826245167251611837e-11	 2.35646012655838297940e-11	 2.35586320450981221642e-11	 2.35647895907531995325e-11	 
 2.64000000000000012434e+00	 8.44911529703251576782e-12	 8.38987880650544826576e-12	 8.45641148234990803663e-12	 6.64147660648580784800e-10	 6.69585555288393532737e-10	 5.40334800619778840566e-10	 5.22985540416471950551e-10	 4.80372906278859362390e-10	 4.92568145944834020433e-10	 6.76606223262597533617e-10	 4.68686299556602688566e-11	 2.07247358599041881245e-11	 2.07193020602722906859e-11	 2.07249156431442006833e-11	 
 2.66000000000000014211e+00	 7.43263788281336117102e-12	 7.38005182048329303832e-12	 7.44022556015380837386e-12	 5.96148267701342006180e-10	 6.01365628491013425915e-10	 4.81367842235596388894e-10	 4.64854318240332338804e-10	 4.29908677501716626707e-10	 4.40831509032318130530e-10	 6.08050471207661576712e-10	 4.18515497035986322441e-11	 1.82262648655370743060e-11	 1.82213264068258776635e-11	 1.82264363109393883940e-11	 
 2.67999999999999971578e+00	 6.52046928244982363294e-12	 6.47335838503662066670e-12	 6.52723011321553295035e-12	 5.34239071252876294588e-10	 5.39237692342205785238e-10	 4.28399439036737916125e-10	 4.12067208769314775095e-10	 3.83926037867561960141e-10	 3.93716979837134806544e-10	 5.45508300840031366936e-10	 3.72895408622433195069e-11	 1.59832199812181115567e-11	 1.59787465580590086356e-11	 1.59833836043943591949e-11	 
 2.70000000000000017764e+00	 5.71396936569648738185e-12	 5.67089724199361224971e-12	 5.71835245824206676580e-12	 4.78530002565348055860e-10	 4.83317285959368877049e-10	 3.81735808443868194530e-10	 3.64593005521074440228e-10	 3.42436292283504484641e-10	 3.51251517995980534915e-10	 4.89057808870236646464e-10	 3.31850295579103594550e-11	 1.39982615525819698203e-11	 1.39942241658457776569e-11	 1.39984182346532969325e-11	 
 2.72000000000000019540e+00	 5.00744701093817468447e-12	 4.96809847662624772008e-12	 5.01005132609965544163e-12	 4.28642420499983020748e-10	 4.33220153144943817108e-10	 3.40249425599258192656e-10	 3.22527824021602087400e-10	 3.05409529480450088682e-10	 3.13359380865259841350e-10	 4.38477276284878546009e-10	 2.95324678067557876435e-11	 1.22602401938671694285e-11	 1.22565954748167309371e-11	 1.22603885639556738994e-11	 
 2.73999999999999976907e+00	 4.37432899706600150471e-12	 4.33825023564737367314e-12	 4.37573620373906106392e-12	 3.83240561084191341294e-10	 3.87651404785833688943e-10	 3.02994673039315437244e-10	 2.84282461258831759183e-10	 2.71684296472377396614e-10	 2.78894900449226659710e-10	 3.92464477065769105192e-10	 2.62190298474041666040e-11	 1.07027719752219662971e-11	 1.06994748141615112073e-11	 1.07029098981795309967e-11	 
 2.76000000000000023093e+00	 3.81579575369796174664e-12	 3.78241973946687575792e-12	 3.81674893530910679239e-12	 3.42416881743505291178e-10	 3.46728809253179440220e-10	 2.70252744207097233702e-10	 2.49766958644402825298e-10	 2.41257955775486313565e-10	 2.47884010308753593028e-10	 3.51140408147248816624e-10	 2.32491923441321563860e-11	 9.32841205735789050014e-12	 9.32540958754307004716e-12	 9.32853668710752123579e-12	 
 2.77999999999999980460e+00	 3.32915210563894375898e-12	 3.29842506522950951112e-12	 3.32982798074800153991e-12	 3.05969138827674579359e-10	 3.10154225858125089501e-10	 2.41110697735000060693e-10	 2.19420094453666501958e-10	 2.14258275043536258519e-10	 2.20331372190388097170e-10	 3.14194292206081708711e-10	 2.06195981177156427856e-11	 8.13204602011088718917e-12	 8.12931997048411197893e-12	 8.13216062096602222142e-12	 
 2.79999999999999982236e+00	 2.89434879611451313993e-12	 2.86628126141464705116e-12	 2.89519306917311405099e-12	 2.72833447237535985235e-10	 2.76892681102944232785e-10	 2.14890347490552916481e-10	 1.91885030144715464162e-10	 1.89776018924259180174e-10	 1.95306412368394494064e-10	 2.80583028169665851069e-10	 1.82471157095869302460e-11	 7.06395807977032052464e-12	 7.06149882451606327296e-12	 7.06407141106051289032e-12	 
 2.82000000000000028422e+00	 2.51255276105633538068e-12	 2.48723083391478210430e-12	 2.51423888583273201296e-12	 2.43089656015974401440e-10	 2.47033176256856224238e-10	 1.91800054849131832323e-10	 1.67062818974027454326e-10	 1.67845400221050604168e-10	 1.72827116680713500964e-10	 2.50394870308501333705e-10	 1.61408344243578991590e-11	 6.12713135374609575087e-12	 6.12493423798487269336e-12	 6.12725702327026172414e-12	 
 2.83999999999999985789e+00	 2.18173009864563098172e-12	 2.15892172275943514036e-12	 2.18396263546079160521e-12	 2.16622812930038782029e-10	 2.20430355068240939798e-10	 1.71185816850563839408e-10	 1.45457014065940540550e-10	 1.48471956540399727896e-10	 1.52953540565882219233e-10	 2.23502206401607507015e-10	 1.42794166673025349543e-11	 5.31605538230299832286e-12	 5.31409407799495963405e-12	 5.31618789248444595936e-12	 
 2.85999999999999987566e+00	 1.88685190386989630681e-12	 1.86642798818978280712e-12	 1.88937413847335370738e-12	 1.92593376902946286525e-10	 1.96272786793150431537e-10	 1.52388317190521907135e-10	 1.25924616846718378278e-10	 1.30936192698877391535e-10	 1.34927734014230521367e-10	 1.99122195739785323351e-10	 1.25953534557506145646e-11	 4.59358060261321485931e-12	 4.59183869362727495667e-12	 4.59371890048050157409e-12	 
 2.87999999999999989342e+00	 1.62879643325448485322e-12	 1.61066060319297943339e-12	 1.63126674742350214685e-12	 1.71066840047350553593e-10	 1.74638456851874323435e-10	 1.35410548860539805468e-10	 1.08369562107959389279e-10	 1.15263284314284695526e-10	 1.18753768497368303394e-10	 1.77364444010464767115e-10	 1.10916425732423668650e-11	 3.96189113421725785137e-12	 3.96035404038060366449e-12	 3.96203515930258583152e-12	 
 2.90000000000000035527e+00	 1.40666342820472684798e-12	 1.39056282150067734398e-12	 1.40903746226567177998e-12	 1.51977105031264019071e-10	 1.55422902105009854578e-10	 1.20306285961514941387e-10	 9.32996452226657365578e-11	 1.01497974537437899385e-10	 1.04545001210263114218e-10	 1.58012893064823548485e-10	 9.77061618450371881649e-12	 3.41860709371789126519e-12	 3.41725075652820696892e-12	 3.41875051286755217296e-12	 
 2.91999999999999992895e+00	 1.20944596633180912703e-12	 1.19519166098555026641e-12	 1.21160864095722797199e-12	 1.34647847034166513778e-10	 1.37986164713976669739e-10	 1.06360796100401621124e-10	 7.98238028255334240838e-11	 8.90930074763055991881e-11	 9.16976408007873199266e-11	 1.40434220525233147856e-10	 8.58091369093777610015e-12	 2.93651459505211718709e-12	 2.93532187356361452722e-12	 2.93664617972974505750e-12	 
 2.93999999999999994671e+00	 1.03790754290827765212e-12	 1.02529794312583437746e-12	 1.03967282435553963335e-12	 1.19112821728271921732e-10	 1.22381851212196678662e-10	 9.34236072198588620733e-11	 6.79058358024960253438e-11	 7.80840902113047083295e-11	 8.02157990194609556728e-11	 1.24677615221874890739e-10	 7.52676458281311786076e-12	 2.51744498565686658266e-12	 2.51639819788760107349e-12	 2.51754685744979913825e-12	 
 2.96000000000000040856e+00	 8.91243621754492060840e-13	 8.80085590051990541019e-13	 8.92686315400470849390e-13	 1.05407934335864846135e-10	 1.08573190165836503123e-10	 8.20544982303523674448e-11	 5.78077504277751471060e-11	 6.84592021841529645050e-11	 7.01991970648275492477e-11	 1.10721564749616356350e-10	 6.60452717263996921251e-12	 2.15949741868235835695e-12	 2.15857862154356471185e-12	 2.15957606208540613310e-12	 
 2.97999999999999998224e+00	 7.61579700854637011714e-13	 7.51678390221717305133e-13	 7.62714403153098297161e-13	 9.30188976741247557394e-11	 9.60510308484487514117e-11	 7.14952833919419649465e-11	 4.88728121432783671645e-11	 5.97885110966315568596e-11	 6.11751151022075543637e-11	 9.80639396688411448494e-11	 5.77470051235868006392e-12	 1.84311532313570862895e-12	 1.84231069783472555297e-12	 1.84317258467580908505e-12	 
 3.00000000000000000000e+00	 6.49530245796722816798e-13	 6.40637151405522895945e-13	 6.50350875549147003844e-13	 8.19909263159925429221e-11	 8.48459220826836375005e-11	 6.15188277899748034677e-11	 4.10961082945482509897e-11	 5.20837726408646118974e-11	 5.31465701423190442609e-11	 8.67414071825573333549e-11	 5.03955130744391365672e-12	 1.56967843584193336401e-12	 1.56897276068154874684e-12	 1.56971494273652463076e-12	 
 3.02000000000000046185e+00	 5.54378546735348421778e-13	 5.46417970983550471648e-13	 5.54963135766295961735e-13	 7.23028074722131100952e-11	 7.49803505354138908760e-11	 5.29722075928930196232e-11	 3.45923999485294128961e-11	 4.53981899809679070113e-11	 4.61994246704865319308e-11	 7.67606774664215289697e-11	 4.40030212391030561880e-12	 1.33784751297151736198e-12	 1.33722878866315594684e-12	 1.33786814387892907576e-12	 
 3.04000000000000003553e+00	 4.70498120420949759793e-13	 4.63405417747138243659e-13	 4.70918672651491280947e-13	 6.35745174505325768314e-11	 6.60696878686830601119e-11	 4.52039487876536907685e-11	 2.89027426482195292802e-11	 3.94117644671255453449e-11	 3.99803025415986842236e-11	 6.77560014051877077165e-11	 3.82715242469526845069e-12	 1.13373110002616007722e-12	 1.13318968556643660349e-12	 1.13373687163601476332e-12	 
 3.06000000000000005329e+00	 3.98242998961973798377e-13	 3.91954277830583334049e-13	 3.98598172737476286919e-13	 5.58492175543340988436e-11	 5.81498494595140661541e-11	 3.80917013068591796389e-11	 2.40404381941753554830e-11	 3.41452866100317421923e-11	 3.45023070812414575441e-11	 5.97792691635976851483e-11	 3.32201308783493470298e-12	 9.58231616638175960820e-13	 9.57756586532236447075e-13	 9.58221929455755823047e-13	 
 3.08000000000000007105e+00	 3.37418641372776386037e-13	 3.31847787543388389562e-13	 3.37707250595364820808e-13	 4.90860111589248731309e-11	 5.12055535083145727896e-11	 3.21416898362265538766e-11	 2.00222567178130142649e-11	 2.96023177269922185863e-11	 2.97979157786322917403e-11	 5.27622846662458137826e-11	 2.88540772515670369250e-12	 8.10707092155209940001e-13	 8.10290763297696257986e-13	 8.10687006854827800046e-13	 
 3.10000000000000008882e+00	 2.84104252062007231795e-13	 2.79160398203596629384e-13	 2.84279248703392721315e-13	 4.29912607083793128698e-11	 4.49518040512363731719e-11	 2.68749071963050510853e-11	 1.65430250266653108634e-11	 2.55471591004934195468e-11	 2.56134070964250594384e-11	 4.64123603996052896310e-11	 2.49511837310325006200e-12	 6.81485692862588476816e-13	 6.81122357245355131816e-13	 6.81458194040462749143e-13	 
 3.12000000000000010658e+00	 2.38573626831353374451e-13	 2.34135239568274575348e-13	 2.38536747621447200716e-13	 3.75834348321535119489e-11	 3.94190912981509929893e-11	 2.22603010846413774950e-11	 1.36196664502608497053e-11	 2.19930340876658969475e-11	 2.19659295520048309755e-11	 4.07405471491701897001e-11	 2.15236483694630789072e-12	 5.71189200858553855886e-13	 5.70872824221474091518e-13	 5.71157653569846989829e-13	 
 3.13999999999999968026e+00	 2.00570612786743464710e-13	 1.96608025139840075880e-13	 2.00394275871200223748e-13	 3.28778058542636237709e-11	 3.45877745720605223792e-11	 1.84688418773925453654e-11	 1.12293965962271325424e-11	 1.89488193452177862116e-11	 1.88544171597733880614e-11	 3.57848603559907272006e-11	 1.85825587997858790165e-12	 4.79323600769491610285e-13	 4.79048249652326015302e-13	 4.79290337905777794793e-13	 
 3.16000000000000014211e+00	 1.67375850343420022718e-13	 1.63875047790001831674e-13	 1.67098892254560226477e-13	 2.86577110515092811714e-11	 3.02459492153955759551e-11	 1.51767290451716788627e-11	 9.17077754290832577535e-12	 1.62396535699953228510e-11	 1.60964174736016175954e-11	 3.13283314833293829259e-11	 1.59681565881520074845e-12	 3.99257041950854669475e-13	 3.99018025480170894770e-13	 3.99225137403478641376e-13	 
 3.18000000000000015987e+00	 1.39105237435592727929e-13	 1.36068117392458678286e-13	 1.38771341142677703041e-13	 2.49440013566601395270e-11	 2.64146671239933705988e-11	 1.23843780783377318161e-11	 7.45033570708237440555e-12	 1.38716259659532133192e-11	 1.37018399780113559607e-11	 2.73930618066999354007e-11	 1.36929059783558828149e-12	 3.31335822038752570812e-13	 3.31127701265930567083e-13	 3.31310308017774890566e-13	 
 3.19999999999999973355e+00	 1.15784587730531293749e-13	 1.13146813712136951953e-13	 1.15423669437948833066e-13	 2.17277826250237725945e-11	 2.30844394795444210650e-11	 1.01243738088332640312e-11	 6.06440016711470854463e-12	 1.18613429338533291376e-11	 1.16762594092998682628e-11	 2.39680759347946737677e-11	 1.17522753858601263964e-12	 2.75376183550482281507e-13	 2.75195447166086216343e-13	 2.75355631632275029881e-13	 
 3.22000000000000019540e+00	 9.55814069468200217775e-14	 9.32728519738450522708e-14	 9.52257044188536419053e-14	 1.88522695575750079857e-11	 2.00962048993958321445e-11	 8.18046330981212502154e-12	 4.88342380974452282880e-12	 1.00827007256146176682e-11	 9.89053250085218312905e-12	 2.08926252747857724438e-11	 1.00268842974014692991e-12	 2.26877671989947542887e-13	 2.26722849983908900167e-13	 2.26862116536255301674e-13	 
 3.24000000000000021316e+00	 7.85896824840576131963e-14	 7.65066191872149219133e-14	 7.82898479107196027581e-14	 1.63326496821679486399e-11	 1.74613190746159200384e-11	 6.54929227502798636773e-12	 3.91249560875838827896e-12	 8.54085310502659894420e-12	 8.35202881826129845363e-12	 1.81786899895074065485e-11	 8.51754329040609426021e-13	 1.85990176015952425253e-13	 1.85860928043994444235e-13	 1.85980408490156295970e-13	 
 3.25999999999999978684e+00	 6.47283189590920956485e-14	 6.28692783655246250237e-14	 6.44749513864604840116e-14	 1.41610890589220036622e-11	 1.51839471332332898177e-11	 5.25620920017436528970e-12	 3.14175969346034194715e-12	 7.24358048334728917384e-12	 7.06165912036551616777e-12	 1.58293892198824280478e-11	 7.24438023219819637634e-13	 1.52752550853119356976e-13	 1.52644400918300114982e-13	 1.52746840329849698372e-13	 
 3.28000000000000024869e+00	 5.27591099025613555687e-14	 5.11365856798601062909e-14	 5.25617131833442745647e-14	 1.22171972859554443089e-11	 1.31422282800020585494e-11	 4.16016053669270102864e-12	 2.49113437567890385284e-12	 6.10004078354221377946e-12	 5.92747195049587569347e-12	 1.37202252334229883902e-11	 6.12075286367069077017e-13	 1.24172046165721336953e-13	 1.24082375133622051523e-13	 1.24169449024052211994e-13	 
 3.29999999999999982236e+00	 4.26794851094860481723e-14	 4.13315236544105032518e-14	 4.25634885474847662938e-14	 1.05019491284091643075e-11	 1.13383002044212989308e-11	 3.25947187247940650945e-12	 1.96267437561658909002e-12	 5.11092563133391118820e-12	 4.95099023145368597834e-12	 1.18522665159266723770e-11	 5.14841265541262381053e-13	 1.00308071179476525274e-13	 1.00234257510125439454e-13	 1.00307562508249804042e-13	 
 3.31999999999999984013e+00	 3.46051490040335148771e-14	 3.34817497555260355592e-14	 3.45434654990014484619e-14	 9.03689577423914164207e-12	 9.79146701821083634139e-12	 2.56153903131010433946e-12	 1.55068829932696675372e-12	 4.28860102972759237106e-12	 4.14187034404958680121e-12	 1.02483195138963089632e-11	 4.33671516313969026943e-13	 8.12138314552435504339e-14	 8.11528884542646158479e-14	 8.12145260963088167325e-14	 
 3.34000000000000030198e+00	 2.77163150626103675584e-14	 2.67905057840432299713e-14	 2.76878927661838150081e-14	 7.72846134055633980353e-12	 8.40680037100941930120e-12	 1.97920739652972501449e-12	 1.20750501856699913707e-12	 3.56672200844723618535e-12	 3.43462219106159153395e-12	 8.81000362170327277424e-12	 3.62345757659527315014e-13	 6.49486821268917990101e-14	 6.48979990327704499350e-14	 6.49485702553858126857e-14	 
 3.36000000000000031974e+00	 2.20118055862228462521e-14	 2.12577162737634961382e-14	 2.19859563551679763649e-14	 6.57269653066288702312e-12	 7.18033798922911012717e-12	 1.51068381375403686894e-12	 9.34339328991896137744e-13	 2.94269515683626406012e-12	 2.82841134367241408307e-12	 7.53172737332618221563e-12	 3.00753402608787045046e-13	 5.15173225575173729307e-14	 5.14732789201451853997e-14	 5.15125147570061289660e-14	 
 3.37999999999999989342e+00	 1.75309281940427391827e-14	 1.69149782537919239235e-14	 1.75070295770685622029e-14	 5.59699769347585037568e-12	 6.14020768188011151630e-12	 1.15743937882432638718e-12	 7.25313886634295095002e-13	 2.43260179575322301277e-12	 2.33370946311823980990e-12	 6.44681571059987741481e-12	 2.50096476192755870523e-13	 4.09784090157730231312e-14	 4.09404884723038168554e-14	 4.09711395111219300892e-14	 
 3.39999999999999991118e+00	 1.37627847186379211123e-14	 1.32584410049654517930e-14	 1.37216996243123796946e-14	 4.72757920755024561100e-12	 5.21055234613361523165e-12	 8.68023739375451000045e-13	 5.52971166427494624813e-13	 1.98848152986246985293e-12	 1.90369428456800903404e-12	 5.47767642454689939644e-12	 2.06060070835698601303e-13	 3.21087834187510214388e-14	 3.20765197566112011416e-14	 3.21004893034682494833e-14	 
 3.42000000000000037303e+00	 1.07074897413597390518e-14	 1.02796323564777957425e-14	 1.06072877664449265922e-14	 3.95619496647074922901e-12	 4.38242407530038424799e-12	 6.40391699174548300434e-13	 4.17039317894850412311e-13	 1.60712554169554154078e-12	 1.53536381249157896663e-12	 4.61643139448205337479e-12	 1.68638816303476266951e-13	 2.48896569147995295382e-14	 2.48626133410844917657e-14	 2.48823306436830468659e-14	 
 3.43999999999999994671e+00	 8.35881363946766637892e-15	 7.99830436759643057890e-15	 8.23195920633661268901e-15	 3.31656210149211200669e-12	 3.69204122397693791740e-12	 4.74773543824106306775e-13	 3.15876731690246932853e-13	 1.30227687989670767569e-12	 1.24161169315828592704e-12	 3.89674382868019440072e-12	 1.38317537412298258858e-13	 1.93618792855234351475e-14	 1.93393079837954916864e-14	 1.93554815531078847984e-14	 
 3.45999999999999996447e+00	 6.41287041650887983090e-15	 6.11037152174770915950e-15	 6.28510662269984400840e-15	 2.75141165265512499205e-12	 3.07953309159648240423e-12	 3.42774050386197701190e-13	 2.34612278703394279187e-13	 1.04053240802006774365e-12	 9.90359906949535677395e-13	 3.25686261362005001925e-12	 1.12224580857000497675e-13	 1.47880464326683906538e-14	 1.47696077156083902542e-14	 1.47829642895800222142e-14	 
 3.48000000000000042633e+00	 4.86556679151108878364e-15	 4.60844932588269935622e-15	 4.77704961808786808032e-15	 2.25312308627948507145e-12	 2.53618870449574033877e-12	 2.43136920594254207059e-13	 1.73586534992610601857e-13	 8.19483339755606385412e-13	 7.80004733728158205784e-13	 2.68705152950620534525e-12	 9.03437762430550610863e-14	 1.11501563216838634369e-14	 1.11356858530102672475e-14	 1.11472772853032874965e-14	 
 3.50000000000000000000e+00	 3.70661789569019082710e-15	 3.49076166531421517440e-15	 3.64451105717572288663e-15	 1.84941789228926386918e-12	 2.09343093442138525455e-12	 1.73489584729387507813e-13	 1.28989755247189490038e-13	 6.47579116898877881435e-13	 6.16344347456052639792e-13	 2.22184052535453620633e-12	 7.29328885329153210677e-14	 8.44368190602251088128e-15	 8.43229755592982622780e-15	 8.44216091009757473246e-15	 
 3.52000000000000001776e+00	 2.75731875715432808561e-15	 2.58397116042625058401e-15	 2.71850609655963755361e-15	 1.49625089584357547226e-12	 1.70542558326026679894e-12	 1.19801282301372596709e-13	 9.34827146878108273498e-14	 5.02868253068232668821e-13	 4.78432694290125566560e-13	 1.81290571546221227647e-12	 5.82716589948349033585e-14	 6.24822628587896069655e-15	 6.23954534191006283672e-15	 6.24764775498538957984e-15	 
 3.54000000000000047962e+00	 2.00404518840079905778e-15	 1.88056647462956783125e-15	 1.98898327193567378760e-15	 1.18603714828848337507e-12	 1.36504423104289993168e-12	 8.13288892686257524572e-14	 6.68376654480343776253e-14	 3.83917688666072351239e-13	 3.64707819221865009726e-13	 1.45179911295176281963e-12	 4.65285772147937694107e-14	 4.54538690565766944531e-15	 4.53917722493793344843e-15	 4.54532635212332080074e-15	 
 3.56000000000000005329e+00	 1.46509327910703007420e-15	 1.37623207011248022785e-15	 1.46332891114498570696e-15	 9.43529941466573863622e-13	 1.09612843610162512530e-12	 5.56014949653686718420e-14	 4.80629140274843035591e-14	 2.94376869861578235499e-13	 2.79260732562335099392e-13	 1.16642865272771080509e-12	 3.72430705789866863092e-14	 3.32501099567039390072e-15	 3.32053407450537829235e-15	 3.32522564386952819764e-15	 
 3.58000000000000007105e+00	 1.04147665767563428420e-15	 9.80540596927232398596e-16	 1.04850156466394514816e-15	 7.38597934848770646567e-13	 8.66873554362863924424e-13	 3.66915693218021252021e-14	 3.35612832861493351576e-14	 2.20991774683243659987e-13	 2.09480943774916843472e-13	 9.23136938391044056660e-13	 2.93358783419409749371e-14	 2.36784532648140590025e-15	 2.36473263506814613270e-15	 2.36821031170762099426e-15	 
 3.60000000000000053291e+00	 7.28995759865009221810e-16	 6.90909628373753074410e-16	 7.41205362270614744933e-16	 5.69175261643411052453e-13	 6.74494224839248779397e-13	 2.44101029584517064965e-14	 2.32176270142930038311e-14	 1.63081706733878770441e-13	 1.54924280850113919486e-13	 7.19098629237456597450e-13	 2.27092814017035311601e-14	 1.66757925535444536894e-15	 1.66549811655112860883e-15	 1.66797830219079418286e-15	 
 3.62000000000000010658e+00	 5.07604407166010196308e-16	 4.83496030640968410618e-16	 5.19328853104565060495e-16	 4.33876711408842482173e-13	 5.19097408290727471109e-13	 1.62327955756788461909e-14	 1.59477742580604253458e-14	 1.19435468110441159887e-13	 1.13306033795869385240e-13	 5.54015171385474711261e-13	 1.77285488413708855646e-14	 1.16640166991778913288e-15	 1.16499032776204299098e-15	 1.16682248857231306622e-15	 
 3.63999999999999968026e+00	 3.39363951444993088768e-16	 3.24793168989055934996e-16	 3.49733000704897920267e-16	 3.21339026476919739800e-13	 3.88660583224998285573e-13	 1.03271498173748498033e-14	 1.04803938355108560572e-14	 8.46026050086627199118e-14	 8.00098255398743197875e-14	 4.15226305491902728411e-13	 1.36518555048200688650e-14	 7.83131843965736527051e-16	 7.82192967136049410820e-16	 7.83576199995395318590e-16	 
 3.65999999999999969802e+00	 2.28129360159137736902e-16	 2.18932365567954024349e-16	 2.39146330078174607984e-16	 2.35372834576128689432e-13	 2.87448928257148049425e-13	 6.70452707449218404383e-15	 6.95568576103380458445e-15	 5.96271784133143791813e-14	 5.63613319618872636819e-14	 3.07166679933394729178e-13	 1.04432286897577725017e-14	 5.27747416848584912050e-16	 5.27078007301319209608e-16	 5.28230669036840656687e-16	 
 3.68000000000000015987e+00	 1.52087652567097773101e-16	 1.46244092105439004357e-16	 1.65335228435025626161e-16	 1.70008701148744456783e-13	 2.09781933789891841495e-13	 4.36910923744525251174e-15	 4.59521345557702192014e-15	 4.16001850901147734673e-14	 3.92706136551430712446e-14	 2.24259824234723734233e-13	 7.94998951183238082466e-15	 3.52521541736832516795e-16	 3.52029216672993790694e-16	 3.52980839173909263196e-16	 
 3.70000000000000017764e+00	 9.62210565486308349497e-17	 9.26663874841992217498e-17	 1.10977005745768850876e-16	 1.17974284176034588498e-13	 1.47395387322516566448e-13	 2.72375409603218444644e-15	 2.89098971323046046601e-15	 2.77645985396873225891e-14	 2.61821930441138668271e-14	 1.57504124688218838763e-13	 5.92196767247125813882e-15	 2.23410990005866102586e-16	 2.23054814307212557806e-16	 2.23807968816702827046e-16	 
 3.71999999999999975131e+00	 6.15203229993246860586e-17	 5.92623546803125237230e-17	 7.47567428931456454260e-17	 8.15300585702157325753e-14	 1.02850217006662306261e-13	 1.74330047348045200808e-15	 1.86328541989978349223e-15	 1.85565432743464005260e-14	 1.75633143162760931800e-14	 1.09404904255442608698e-13	 4.42849906302045083189e-15	 1.42897425080214073735e-16	 1.42653079953919674665e-16	 1.43179014692315351265e-16	 
 3.74000000000000021316e+00	 3.89115083823709361283e-17	 3.74644497902466579588e-17	 4.84374431655963190577e-17	 5.56723987738898666146e-14	 7.08105147537880600522e-14	 1.12261029906713634130e-15	 1.20537364385414328261e-15	 1.23460171248782210971e-14	 1.16815330258909881863e-14	 7.52471178885737720788e-14	 3.19927609185368242032e-15	 9.03512359863010095103e-17	 9.01897987477987491866e-17	 9.05413879162573682371e-17	 
 3.76000000000000023093e+00	 2.29065102353592413673e-17	 2.20141409993341064813e-17	 2.87538444064743760429e-17	 3.62237738288641158527e-14	 4.64740401147763032175e-14	 6.93026337698985934078e-16	 7.45982943169739366158e-16	 7.80976196500375158651e-15	 7.37939802641810795895e-15	 4.94255564055578996633e-14	 2.17817502591073275040e-15	 5.31000586548752489596e-17	 5.30036646403997203307e-17	 5.32186856584349708912e-17	 
 3.77999999999999980460e+00	 1.34523591914273362672e-17	 1.28743649647456150738e-17	 1.72522240563174906825e-17	 2.39628661795772600066e-14	 3.09213237748729285352e-14	 4.45904945594342306265e-16	 4.78894108430806591542e-16	 4.98708811845193372962e-15	 4.75754166942433199826e-15	 3.28468243284857364817e-14	 1.43353521617323347268e-15	 3.10528885196727419613e-17	 3.10009143806852590553e-17	 3.11310655953665810249e-17	 
 3.80000000000000026645e+00	 7.38459599518652676315e-18	 7.00270403172500280981e-18	 9.90437983842945676565e-18	 1.60635763865314871270e-14	 2.07849903724187012472e-14	 2.90996989871926060434e-16	 3.11185963448447388664e-16	 3.19037789842617670965e-15	 3.09354201357941909051e-15	 2.20712233867980198141e-14	 9.47714381112262293734e-16	 1.68873112297550548453e-17	 1.68614555678148823796e-17	 1.69386414002098264832e-17	 
 3.82000000000000028422e+00	 3.11129520614753405597e-18	 2.89298391267884327014e-18	 4.55772918962041374600e-18	 9.26357331579585747557e-15	 1.19936600401555855748e-14	 1.63554039038213366568e-16	 1.73837210851285184506e-16	 1.73762179603386916510e-15	 1.72361313175455192979e-15	 1.27372394558583094287e-14	 5.34613433796446351994e-16	 6.97319667510394371195e-18	 6.96402284168159173047e-18	 7.00186395220656347672e-18	 
 3.83999999999999985789e+00	 5.64164291632238537507e-19	 5.25305821604636657155e-19	 8.21567445752823813470e-19	 1.64812133791357472907e-15	 2.13377427811167049783e-15	 2.91380278157367037205e-17	 3.09801349665101185716e-17	 3.10093879533945974124e-16	 3.07214281421961357822e-16	 2.26605072369193735211e-15	 9.52256077647776235878e-17	 1.26623109041342694138e-18	 1.26454582175258688897e-18	 1.27134004968687928901e-18	 
 3.86000000000000031974e+00	 0.00000000000000000000e+00	 0.00000000000000000000e+00	 0.00000000000000000000e+00	 0.00000000000000000000e+00	 0.00000000000000000000e+00	 0.00000000000000000000e+00	 0.00000000000000000000e+00	 0.00000000000000000000e+00	 0.00000000000000000000e+00	 0.00000000000000000000e+00	 0.00000000000000000000e+00	 0.00000000000000000000e+00	 0.00000000000000000000e+00	 0.00000000000000000000e+00	 
 3.87999999999999989342e+00	 3.58912250088340716091e-22	 3.34185763644988422108e-22	 5.22703872892395377468e-22	 1.04874095099059980677e-18	 1.35777460225746565537e-18	 1.85409626656496473390e-20	 1.97130472843599869285e-20	 1.97313420050861878413e-19	 1.95483963973858012055e-19	 1.44194555093923573977e-18	 6.05936152691980141289e-20	 8.05542636595191894251e-22	 8.04470655985579688180e-22	 8.08793530676740764755e-22	 
 3.89999999999999991118e+00	 0.00000000000000000000e+00	 0.00000000000000000000e+00	 0.00000000000000000000e+00	 0.00000000000000000000e+00	 0.00000000000000000000e+00	 0.00000000000000000000e+00	 0.00000000000000000000e+00	 0.00000000000000000000e+00	 0.00000000000000000000e+00	 0.00000000000000000000e+00	 0.00000000000000000000e+00	 0.00000000000000000000e+00	 0.00000000000000000000e+00	 0.00000000000000000000e+00	 
 3.91999999999999948486e+00	 1.85906274036356734882e-25	 1.73098005328444017524e-25	 2.70750046351792815809e-25	 5.43246329501704076040e-22	 7.03325385762212385467e-22	 9.60415621566577926016e-24	 1.02112828208347634123e-23	 1.02207202742763154971e-22	 1.01259903147290883669e-22	 7.46925833812256137563e-22	 3.13873055668534085572e-23	 4.17246411180196467195e-25	 4.16691175554447222799e-25	 4.18930361766405998795e-25	 
 3.93999999999999994671e+00	 0.00000000000000000000e+00	 0.00000000000000000000e+00	 0.00000000000000000000e+00	 0.00000000000000000000e+00	 0.00000000000000000000e+00	 0.00000000000000000000e+00	 0.00000000000000000000e+00	 0.00000000000000000000e+00	 0.00000000000000000000e+00	 0.00000000000000000000e+00	 0.00000000000000000000e+00	 0.00000000000000000000e+00	 0.00000000000000000000e+00	 0.00000000000000000000e+00	 
 3.95999999999999996447e+00	 8.41707037140023008827e-29	 7.83715917803914531665e-29	 1.22584840648832929047e-28	 2.45961971514955723587e-25	 3.18439889962283018826e-25	 4.34840588100109618636e-27	 4.62328951667311254809e-27	 4.62755914252697139086e-26	 4.58467190428397585565e-26	 3.38180571656866205977e-25	 1.42110097932224830283e-26	 1.88911852428492936830e-28	 1.88660466267232532805e-28	 1.89674282691192019074e-28	 
 3.97999999999999953815e+00	 0.00000000000000000000e+00	 0.00000000000000000000e+00	 0.00000000000000000000e+00	 0.00000000000000000000e+00	 0.00000000000000000000e+00	 0.00000000000000000000e+00	 0.00000000000000000000e+00	 0.00000000000000000000e+00	 0.00000000000000000000e+00	 0.00000000000000000000e+00	 0.00000000000000000000e+00	 0.00000000000000000000e+00	 0.00000000000000000000e+00	 0.00000000000000000000e+00	 
 4.00000000000000000000e+00	 3.39303018819465695143e-32	 3.15926069703373792115e-32	 4.94155231434493721250e-32	 9.91503599858579162849e-29	 1.28367119049506456588e-28	 1.75289715121784476889e-30	 1.86370623762031745935e-30	 1.86542751489235844108e-29	 1.84813900617806737852e-29	 1.36324835722585811117e-28	 5.72863689367181627218e-30	 7.61528224826633052968e-32	 7.60514853941088028691e-32	 7.64601677255363480467e-32	 
 4.01999999999999957367e+00	 0.00000000000000000000e+00	 0.00000000000000000000e+00	 0.00000000000000000000e+00	 0.00000000000000000000e+00	 0.00000000000000000000e+00	 0.00000000000000000000e+00	 0.00000000000000000000e+00	 0.00000000000000000000e+00	 0.00000000000000000000e+00	 0.00000000000000000000e+00	 0.00000000000000000000e+00	 0.00000000000000000000e+00	 0.00000000000000000000e+00	 0.00000000000000000000e+00	 
 4.04000000000000003553e+00	 1.22247351086187169309e-35	 1.13824903367268746642e-35	 1.78038832449858059611e-35	 3.57227395434626292101e-32	 4.62492031174700379236e-32	 6.31548907352700247826e-34	 6.71472194973579178544e-34	 6.72092495393517258148e-33	 6.65863513016546159652e-33	 4.91162772690885740830e-32	 2.06396265917836788096e-33	 2.74370763820871648180e-35	 2.74005656104371289128e-35	 2.75478093835430248460e-35	 
 4.06000000000000049738e+00	 0.00000000000000000000e+00	 0.00000000000000000000e+00	 0.00000000000000000000e+00	 0.00000000000000000000e+00	 0.00000000000000000000e+00	 0.00000000000000000000e+00	 0.00000000000000000000e+00	 0.00000000000000000000e+00	 0.00000000000000000000e+00	 0.00000000000000000000e+00	 0.00000000000000000000e+00	 0.00000000000000000000e+00	 0.00000000000000000000e+00	 0.00000000000000000000e+00	 
 4.08000000000000007105e+00	 3.93555533466099776334e-39	 3.66440896312768590919e-39	 5.73166708154529137114e-39	 1.15003273765743944058e-35	 1.48891429192734619793e-35	 2.03316448376047737555e-37	 2.16169082659695226130e-37	 2.16368818569492431087e-36	 2.14363466817772157460e-36	 1.58121485785744623355e-35	 6.64457719307874083602e-37	 8.83292373677377341640e-39	 8.82116966521200934079e-39	 8.86857234826990101001e-39	 
 4.09999999999999964473e+00	 0.00000000000000000000e+00	 0.00000000000000000000e+00	 0.00000000000000000000e+00	 0.00000000000000000000e+00	 0.00000000000000000000e+00	 0.00000000000000000000e+00	 0.00000000000000000000e+00	 0.00000000000000000000e+00	 0.00000000000000000000e+00	 0.00000000000000000000e+00	 0.00000000000000000000e+00	 0.00000000000000000000e+00	 0.00000000000000000000e+00	 0.00000000000000000000e+00	 
 4.12000000000000010658e+00	 1.13070241939639904925e-42	 1.05280101041385082810e-42	 1.64673231131993566327e-42	 3.30408871599540080475e-39	 4.27770856876718858901e-39	 5.84136129159339941046e-41	 6.21062271325549954072e-41	 6.21636204254846648222e-40	 6.15874674619674981959e-40	 4.54289167570456662685e-39	 1.90901304861355542395e-40	 2.53773832538814306885e-42	 2.53436132454855795438e-42	 2.54798031161229331690e-42	 
 4.14000000000000056843e+00	 0.00000000000000000000e+00	 0.00000000000000000000e+00	 0.00000000000000000000e+00	 0.00000000000000000000e+00	 0.00000000000000000000e+00	 0.00000000000000000000e+00	 0.00000000000000000000e+00	 0.00000000000000000000e+00	 0.00000000000000000000e+00	 0.00000000000000000000e+00	 0.00000000000000000000e+00	 0.00000000000000000000e+00	 0.00000000000000000000e+00	 0.00000000000000000000e+00	 
 4.16000000000000014211e+00	 2.89524790657275579874e-46	 2.69577577486547159578e-46	 4.21657934924011339326e-46	 8.46035532241890187265e-43	 1.09533785246371634959e-42	 1.49572244199031386714e-44	 1.59027451034642550686e-44	 1.59174424897469331329e-43	 1.57699131129391680876e-43	 1.16323988185687204159e-42	 4.88816472941886841646e-44	 6.49806891121281592621e-46	 6.48942184148440656942e-46	 6.52429425189052589509e-46	 
 4.17999999999999971578e+00	 0.00000000000000000000e+00	 0.00000000000000000000e+00	 0.00000000000000000000e+00	 0.00000000000000000000e+00	 0.00000000000000000000e+00	 0.00000000000000000000e+00	 0.00000000000000000000e+00	 0.00000000000000000000e+00	 0.00000000000000000000e+00	 0.00000000000000000000e+00	 0.00000000000000000000e+00	 0.00000000000000000000e+00	 0.00000000000000000000e+00	 0.00000000000000000000e+00	 
 4.20000000000000017764e+00	 0.00000000000000000000e+00	 0.00000000000000000000e+00	 0.00000000000000000000e+00	 1.92839296612230961305e-46	 2.49663486582740116717e-46	 0.00000000000000000000e+00	 0.00000000000000000000e+00	 0.00000000000000000000e+00	 0.00000000000000000000e+00	 2.65140590104534416332e-46	 0.00000000000000000000e+00	 0.00000000000000000000e+00	 0.00000000000000000000e+00	 0.00000000000000000000e+00	 
 4.21999999999999975131e+00	 0.00000000000000000000e+00	 0.00000000000000000000e+00	 0.00000000000000000000e+00	 0.00000000000000000000e+00	 0.00000000000000000000e+00	 0.00000000000000000000e+00	 0.00000000000000000000e+00	 0.00000000000000000000e+00	 0.00000000000000000000e+00	 0.00000000000000000000e+00	 0.00000000000000000000e+00	 0.00000000000000000000e+00	 0.00000000000000000000e+00	 0.00000000000000000000e+00	 
 4.24000000000000021316e+00	 0.00000000000000000000e+00	 0.00000000000000000000e+00	 0.00000000000000000000e+00	 0.00000000000000000000e+00	 0.00000000000000000000e+00	 0.00000000000000000000e+00	 0.00000000000000000000e+00	 0.00000000000000000000e+00	 0.00000000000000000000e+00	 0.00000000000000000000e+00	 0.00000000000000000000e+00	 0.00000000000000000000e+00	 0.00000000000000000000e+00	 0.00000000000000000000e+00	 
 4.25999999999999978684e+00	 0.00000000000000000000e+00	 0.00000000000000000000e+00	 0.00000000000000000000e+00	 0.00000000000000000000e+00	 0.00000000000000000000e+00	 0.00000000000000000000e+00	 0.00000000000000000000e+00	 0.00000000000000000000e+00	 0.00000000000000000000e+00	 0.00000000000000000000e+00	 0.00000000000000000000e+00	 0.00000000000000000000e+00	 0.00000000000000000000e+00	 0.00000000000000000000e+00	 
 4.28000000000000024869e+00	 0.00000000000000000000e+00	 0.00000000000000000000e+00	 0.00000000000000000000e+00	 0.00000000000000000000e+00	 0.00000000000000000000e+00	 0.00000000000000000000e+00	 0.00000000000000000000e+00	 0.00000000000000000000e+00	 0.00000000000000000000e+00	 0.00000000000000000000e+00	 0.00000000000000000000e+00	 0.00000000000000000000e+00	 0.00000000000000000000e+00	 0.00000000000000000000e+00	 
 4.29999999999999982236e+00	 0.00000000000000000000e+00	 0.00000000000000000000e+00	 0.00000000000000000000e+00	 0.00000000000000000000e+00	 0.00000000000000000000e+00	 0.00000000000000000000e+00	 0.00000000000000000000e+00	 0.00000000000000000000e+00	 0.00000000000000000000e+00	 0.00000000000000000000e+00	 0.00000000000000000000e+00	 0.00000000000000000000e+00	 0.00000000000000000000e+00	 0.00000000000000000000e+00	 
 4.32000000000000028422e+00	 0.00000000000000000000e+00	 0.00000000000000000000e+00	 0.00000000000000000000e+00	 0.00000000000000000000e+00	 0.00000000000000000000e+00	 0.00000000000000000000e+00	 0.00000000000000000000e+00	 0.00000000000000000000e+00	 0.00000000000000000000e+00	 0.00000000000000000000e+00	 0.00000000000000000000e+00	 0.00000000000000000000e+00	 0.00000000000000000000e+00	 0.00000000000000000000e+00	 
 4.33999999999999985789e+00	 0.00000000000000000000e+00	 0.00000000000000000000e+00	 0.00000000000000000000e+00	 0.00000000000000000000e+00	 0.00000000000000000000e+00	 0.00000000000000000000e+00	 0.00000000000000000000e+00	 0.00000000000000000000e+00	 0.00000000000000000000e+00	 0.00000000000000000000e+00	 0.00000000000000000000e+00	 0.00000000000000000000e+00	 0.00000000000000000000e+00	 0.00000000000000000000e+00	 
 4.36000000000000031974e+00	 0.00000000000000000000e+00	 0.00000000000000000000e+00	 0.00000000000000000000e+00	 0.00000000000000000000e+00	 0.00000000000000000000e+00	 0.00000000000000000000e+00	 0.00000000000000000000e+00	 0.00000000000000000000e+00	 0.00000000000000000000e+00	 0.00000000000000000000e+00	 0.00000000000000000000e+00	 0.00000000000000000000e+00	 0.00000000000000000000e+00	 0.00000000000000000000e+00	 
 4.37999999999999989342e+00	 0.00000000000000000000e+00	 0.00000000000000000000e+00	 0.00000000000000000000e+00	 0.00000000000000000000e+00	 0.00000000000000000000e+00	 0.00000000000000000000e+00	 0.00000000000000000000e+00	 0.00000000000000000000e+00	 0.00000000000000000000e+00	 0.00000000000000000000e+00	 0.00000000000000000000e+00	 0.00000000000000000000e+00	 0.00000000000000000000e+00	 0.00000000000000000000e+00	 
 4.40000000000000035527e+00	 0.00000000000000000000e+00	 0.00000000000000000000e+00	 0.00000000000000000000e+00	 0.00000000000000000000e+00	 0.00000000000000000000e+00	 0.00000000000000000000e+00	 0.00000000000000000000e+00	 0.00000000000000000000e+00	 0.00000000000000000000e+00	 0.00000000000000000000e+00	 0.00000000000000000000e+00	 0.00000000000000000000e+00	 0.00000000000000000000e+00	 0.00000000000000000000e+00	 
 4.41999999999999992895e+00	 0.00000000000000000000e+00	 0.00000000000000000000e+00	 0.00000000000000000000e+00	 0.00000000000000000000e+00	 0.00000000000000000000e+00	 0.00000000000000000000e+00	 0.00000000000000000000e+00	 0.00000000000000000000e+00	 0.00000000000000000000e+00	 0.00000000000000000000e+00	 0.00000000000000000000e+00	 0.00000000000000000000e+00	 0.00000000000000000000e+00	 0.00000000000000000000e+00	 
 4.43999999999999950262e+00	 0.00000000000000000000e+00	 0.00000000000000000000e+00	 0.00000000000000000000e+00	 0.00000000000000000000e+00	 0.00000000000000000000e+00	 0.00000000000000000000e+00	 0.00000000000000000000e+00	 0.00000000000000000000e+00	 0.00000000000000000000e+00	 0.00000000000000000000e+00	 0.00000000000000000000e+00	 0.00000000000000000000e+00	 0.00000000000000000000e+00	 0.00000000000000000000e+00	 
 4.45999999999999996447e+00	 0.00000000000000000000e+00	 0.00000000000000000000e+00	 0.00000000000000000000e+00	 0.00000000000000000000e+00	 0.00000000000000000000e+00	 0.00000000000000000000e+00	 0.00000000000000000000e+00	 0.00000000000000000000e+00	 0.00000000000000000000e+00	 0.00000000000000000000e+00	 0.00000000000000000000e+00	 0.00000000000000000000e+00	 0.00000000000000000000e+00	 0.00000000000000000000e+00	 
 4.47999999999999953815e+00	 0.00000000000000000000e+00	 0.00000000000000000000e+00	 0.00000000000000000000e+00	 0.00000000000000000000e+00	 0.00000000000000000000e+00	 0.00000000000000000000e+00	 0.00000000000000000000e+00	 0.00000000000000000000e+00	 0.00000000000000000000e+00	 0.00000000000000000000e+00	 0.00000000000000000000e+00	 0.00000000000000000000e+00	 0.00000000000000000000e+00	 0.00000000000000000000e+00	 
 4.50000000000000000000e+00	 0.00000000000000000000e+00	 0.00000000000000000000e+00	 0.00000000000000000000e+00	 0.00000000000000000000e+00	 0.00000000000000000000e+00	 0.00000000000000000000e+00	 0.00000000000000000000e+00	 0.00000000000000000000e+00	 0.00000000000000000000e+00	 0.00000000000000000000e+00	 0.00000000000000000000e+00	 0.00000000000000000000e+00	 0.00000000000000000000e+00	 0.00000000000000000000e+00	 
 4.52000000000000046185e+00	 0.00000000000000000000e+00	 0.00000000000000000000e+00	 0.00000000000000000000e+00	 0.00000000000000000000e+00	 0.00000000000000000000e+00	 0.00000000000000000000e+00	 0.00000000000000000000e+00	 0.00000000000000000000e+00	 0.00000000000000000000e+00	 0.00000000000000000000e+00	 0.00000000000000000000e+00	 0.00000000000000000000e+00	 0.00000000000000000000e+00	 0.00000000000000000000e+00	 
 4.54000000000000003553e+00	 0.00000000000000000000e+00	 0.00000000000000000000e+00	 0.00000000000000000000e+00	 0.00000000000000000000e+00	 0.00000000000000000000e+00	 0.00000000000000000000e+00	 0.00000000000000000000e+00	 0.00000000000000000000e+00	 0.00000000000000000000e+00	 0.00000000000000000000e+00	 0.00000000000000000000e+00	 0.00000000000000000000e+00	 0.00000000000000000000e+00	 0.00000000000000000000e+00	 
 4.55999999999999960920e+00	 0.00000000000000000000e+00	 0.00000000000000000000e+00	 0.00000000000000000000e+00	 0.00000000000000000000e+00	 0.00000000000000000000e+00	 0.00000000000000000000e+00	 0.00000000000000000000e+00	 0.00000000000000000000e+00	 0.00000000000000000000e+00	 0.00000000000000000000e+00	 0.00000000000000000000e+00	 0.00000000000000000000e+00	 0.00000000000000000000e+00	 0.00000000000000000000e+00	 
 4.58000000000000007105e+00	 0.00000000000000000000e+00	 0.00000000000000000000e+00	 0.00000000000000000000e+00	 0.00000000000000000000e+00	 0.00000000000000000000e+00	 0.00000000000000000000e+00	 0.00000000000000000000e+00	 0.00000000000000000000e+00	 0.00000000000000000000e+00	 0.00000000000000000000e+00	 0.00000000000000000000e+00	 0.00000000000000000000e+00	 0.00000000000000000000e+00	 0.00000000000000000000e+00	 
 4.60000000000000053291e+00	 0.00000000000000000000e+00	 0.00000000000000000000e+00	 0.00000000000000000000e+00	 0.00000000000000000000e+00	 0.00000000000000000000e+00	 0.00000000000000000000e+00	 0.00000000000000000000e+00	 0.00000000000000000000e+00	 0.00000000000000000000e+00	 0.00000000000000000000e+00	 0.00000000000000000000e+00	 0.00000000000000000000e+00	 0.00000000000000000000e+00	 0.00000000000000000000e+00	 
 4.62000000000000010658e+00	 0.00000000000000000000e+00	 0.00000000000000000000e+00	 0.00000000000000000000e+00	 0.00000000000000000000e+00	 0.00000000000000000000e+00	 0.00000000000000000000e+00	 0.00000000000000000000e+00	 0.00000000000000000000e+00	 0.00000000000000000000e+00	 0.00000000000000000000e+00	 0.00000000000000000000e+00	 0.00000000000000000000e+00	 0.00000000000000000000e+00	 0.00000000000000000000e+00	 
 4.63999999999999968026e+00	 0.00000000000000000000e+00	 0.00000000000000000000e+00	 0.00000000000000000000e+00	 0.00000000000000000000e+00	 0.00000000000000000000e+00	 0.00000000000000000000e+00	 0.00000000000000000000e+00	 0.00000000000000000000e+00	 0.00000000000000000000e+00	 0.00000000000000000000e+00	 0.00000000000000000000e+00	 0.00000000000000000000e+00	 0.00000000000000000000e+00	 0.00000000000000000000e+00	 
 4.66000000000000014211e+00	 0.00000000000000000000e+00	 0.00000000000000000000e+00	 0.00000000000000000000e+00	 0.00000000000000000000e+00	 0.00000000000000000000e+00	 0.00000000000000000000e+00	 0.00000000000000000000e+00	 0.00000000000000000000e+00	 0.00000000000000000000e+00	 0.00000000000000000000e+00	 0.00000000000000000000e+00	 0.00000000000000000000e+00	 0.00000000000000000000e+00	 0.00000000000000000000e+00	 
 4.67999999999999971578e+00	 0.00000000000000000000e+00	 0.00000000000000000000e+00	 0.00000000000000000000e+00	 0.00000000000000000000e+00	 0.00000000000000000000e+00	 0.00000000000000000000e+00	 0.00000000000000000000e+00	 0.00000000000000000000e+00	 0.00000000000000000000e+00	 0.00000000000000000000e+00	 0.00000000000000000000e+00	 0.00000000000000000000e+00	 0.00000000000000000000e+00	 0.00000000000000000000e+00	 
 4.69999999999999928946e+00	 0.00000000000000000000e+00	 0.00000000000000000000e+00	 0.00000000000000000000e+00	 0.00000000000000000000e+00	 0.00000000000000000000e+00	 0.00000000000000000000e+00	 0.00000000000000000000e+00	 0.00000000000000000000e+00	 0.00000000000000000000e+00	 0.00000000000000000000e+00	 0.00000000000000000000e+00	 0.00000000000000000000e+00	 0.00000000000000000000e+00	 0.00000000000000000000e+00	 
 4.72000000000000063949e+00	 0.00000000000000000000e+00	 0.00000000000000000000e+00	 0.00000000000000000000e+00	 0.00000000000000000000e+00	 0.00000000000000000000e+00	 0.00000000000000000000e+00	 0.00000000000000000000e+00	 0.00000000000000000000e+00	 0.00000000000000000000e+00	 0.00000000000000000000e+00	 0.00000000000000000000e+00	 0.00000000000000000000e+00	 0.00000000000000000000e+00	 0.00000000000000000000e+00	 
 4.74000000000000021316e+00	 0.00000000000000000000e+00	 0.00000000000000000000e+00	 0.00000000000000000000e+00	 0.00000000000000000000e+00	 0.00000000000000000000e+00	 0.00000000000000000000e+00	 0.00000000000000000000e+00	 0.00000000000000000000e+00	 0.00000000000000000000e+00	 0.00000000000000000000e+00	 0.00000000000000000000e+00	 0.00000000000000000000e+00	 0.00000000000000000000e+00	 0.00000000000000000000e+00	 
 4.75999999999999978684e+00	 0.00000000000000000000e+00	 0.00000000000000000000e+00	 0.00000000000000000000e+00	 0.00000000000000000000e+00	 0.00000000000000000000e+00	 0.00000000000000000000e+00	 0.00000000000000000000e+00	 0.00000000000000000000e+00	 0.00000000000000000000e+00	 0.00000000000000000000e+00	 0.00000000000000000000e+00	 0.00000000000000000000e+00	 0.00000000000000000000e+00	 0.00000000000000000000e+00	 
 4.78000000000000024869e+00	 0.00000000000000000000e+00	 0.00000000000000000000e+00	 0.00000000000000000000e+00	 0.00000000000000000000e+00	 0.00000000000000000000e+00	 0.00000000000000000000e+00	 0.00000000000000000000e+00	 0.00000000000000000000e+00	 0.00000000000000000000e+00	 0.00000000000000000000e+00	 0.00000000000000000000e+00	 0.00000000000000000000e+00	 0.00000000000000000000e+00	 0.00000000000000000000e+00	 
 4.79999999999999982236e+00	 0.00000000000000000000e+00	 0.00000000000000000000e+00	 0.00000000000000000000e+00	 0.00000000000000000000e+00	 0.00000000000000000000e+00	 0.00000000000000000000e+00	 0.00000000000000000000e+00	 0.00000000000000000000e+00	 0.00000000000000000000e+00	 0.00000000000000000000e+00	 0.00000000000000000000e+00	 0.00000000000000000000e+00	 0.00000000000000000000e+00	 0.00000000000000000000e+00	 
 4.81999999999999939604e+00	 0.00000000000000000000e+00	 0.00000000000000000000e+00	 0.00000000000000000000e+00	 0.00000000000000000000e+00	 0.00000000000000000000e+00	 0.00000000000000000000e+00	 0.00000000000000000000e+00	 0.00000000000000000000e+00	 0.00000000000000000000e+00	 0.00000000000000000000e+00	 0.00000000000000000000e+00	 0.00000000000000000000e+00	 0.00000000000000000000e+00	 0.00000000000000000000e+00	 
 4.84000000000000074607e+00	 0.00000000000000000000e+00	 0.00000000000000000000e+00	 0.00000000000000000000e+00	 0.00000000000000000000e+00	 0.00000000000000000000e+00	 0.00000000000000000000e+00	 0.00000000000000000000e+00	 0.00000000000000000000e+00	 0.00000000000000000000e+00	 0.00000000000000000000e+00	 0.00000000000000000000e+00	 0.00000000000000000000e+00	 0.00000000000000000000e+00	 0.00000000000000000000e+00	 
 4.86000000000000031974e+00	 0.00000000000000000000e+00	 0.00000000000000000000e+00	 0.00000000000000000000e+00	 0.00000000000000000000e+00	 0.00000000000000000000e+00	 0.00000000000000000000e+00	 0.00000000000000000000e+00	 0.00000000000000000000e+00	 0.00000000000000000000e+00	 0.00000000000000000000e+00	 0.00000000000000000000e+00	 0.00000000000000000000e+00	 0.00000000000000000000e+00	 0.00000000000000000000e+00	 
 4.87999999999999989342e+00	 0.00000000000000000000e+00	 0.00000000000000000000e+00	 0.00000000000000000000e+00	 0.00000000000000000000e+00	 0.00000000000000000000e+00	 0.00000000000000000000e+00	 0.00000000000000000000e+00	 0.00000000000000000000e+00	 0.00000000000000000000e+00	 0.00000000000000000000e+00	 0.00000000000000000000e+00	 0.00000000000000000000e+00	 0.00000000000000000000e+00	 0.00000000000000000000e+00	 
 4.89999999999999946709e+00	 0.00000000000000000000e+00	 0.00000000000000000000e+00	 0.00000000000000000000e+00	 0.00000000000000000000e+00	 0.00000000000000000000e+00	 0.00000000000000000000e+00	 0.00000000000000000000e+00	 0.00000000000000000000e+00	 0.00000000000000000000e+00	 0.00000000000000000000e+00	 0.00000000000000000000e+00	 0.00000000000000000000e+00	 0.00000000000000000000e+00	 0.00000000000000000000e+00	 
 4.91999999999999992895e+00	 0.00000000000000000000e+00	 0.00000000000000000000e+00	 0.00000000000000000000e+00	 0.00000000000000000000e+00	 0.00000000000000000000e+00	 0.00000000000000000000e+00	 0.00000000000000000000e+00	 0.00000000000000000000e+00	 0.00000000000000000000e+00	 0.00000000000000000000e+00	 0.00000000000000000000e+00	 0.00000000000000000000e+00	 0.00000000000000000000e+00	 0.00000000000000000000e+00	 
 4.93999999999999950262e+00	 0.00000000000000000000e+00	 0.00000000000000000000e+00	 0.00000000000000000000e+00	 0.00000000000000000000e+00	 0.00000000000000000000e+00	 0.00000000000000000000e+00	 0.00000000000000000000e+00	 0.00000000000000000000e+00	 0.00000000000000000000e+00	 0.00000000000000000000e+00	 0.00000000000000000000e+00	 0.00000000000000000000e+00	 0.00000000000000000000e+00	 0.00000000000000000000e+00	 
 4.95999999999999996447e+00	 0.00000000000000000000e+00	 0.00000000000000000000e+00	 0.00000000000000000000e+00	 0.00000000000000000000e+00	 0.00000000000000000000e+00	 0.00000000000000000000e+00	 0.00000000000000000000e+00	 0.00000000000000000000e+00	 0.00000000000000000000e+00	 0.00000000000000000000e+00	 0.00000000000000000000e+00	 0.00000000000000000000e+00	 0.00000000000000000000e+00	 0.00000000000000000000e+00	 
 4.98000000000000042633e+00	 0.00000000000000000000e+00	 0.00000000000000000000e+00	 0.00000000000000000000e+00	 0.00000000000000000000e+00	 0.00000000000000000000e+00	 0.00000000000000000000e+00	 0.00000000000000000000e+00	 0.00000000000000000000e+00	 0.00000000000000000000e+00	 0.00000000000000000000e+00	 0.00000000000000000000e+00	 0.00000000000000000000e+00	 0.00000000000000000000e+00	 0.00000000000000000000e+00	 
 5.00000000000000000000e+00	 0.00000000000000000000e+00	 0.00000000000000000000e+00	 0.00000000000000000000e+00	 0.00000000000000000000e+00	 0.00000000000000000000e+00	 0.00000000000000000000e+00	 0.00000000000000000000e+00	 0.00000000000000000000e+00	 0.00000000000000000000e+00	 0.00000000000000000000e+00	 0.00000000000000000000e+00	 0.00000000000000000000e+00	 0.00000000000000000000e+00	 0.00000000000000000000e+00	 
