 -1.00000000000000000000e+00	 1.67691644990805095572e-09	 1.67316167392125800169e-09	 1.67712609331344764950e-09	 2.18378257367023350753e-07	 2.18397451132553788937e-07	 2.18113472664453864480e-07	 2.18033297954636435819e-07	 8.25588700995316089002e-08	 7.76138169070349251666e-08	 2.16811965000797853657e-07	 2.31758414687626062563e-09	 4.26198855304465913887e-09	 4.26140390749409069677e-09	 4.26200353185417680836e-09	 
 -9.79999999999999982236e-01	 1.71839861546612900751e-09	 1.71455339691594278926e-09	 1.71861782000507207933e-09	 2.23931407676424672099e-07	 2.23949620163067092029e-07	 2.23658357653775711295e-07	 2.23572848065303689992e-07	 8.46529881334113352799e-08	 7.95831429098592513002e-08	 2.22324964471778931020e-07	 2.37427450212661280107e-09	 4.36742342438055013951e-09	 4.36682402413299566891e-09	 4.36743895123424574806e-09	 
 -9.59999999999999964473e-01	 1.76063086234062960824e-09	 1.75669360111595781191e-09	 1.76085992411971608166e-09	 2.29588071316079896880e-07	 2.29605258343679257260e-07	 2.29306574760845352745e-07	 2.29215557968763268490e-07	 8.67860177408832704729e-08	 8.15890747219394892737e-08	 2.27940734601399272795e-07	 2.43197571025295289545e-09	 4.47476463728855815261e-09	 4.47415020628628558656e-09	 4.47478072541147143434e-09	 
 -9.39999999999999946709e-01	 1.80360770874852709427e-09	 1.79957679574288986975e-09	 1.80384696262866545665e-09	 2.35347454630647292174e-07	 2.35363577449283364703e-07	 2.35057336907736926254e-07	 2.34960634004820680758e-07	 8.89576398155023267448e-08	 8.36313123139038686814e-08	 2.33658503194764914702e-07	 2.49067923083155227070e-09	 4.58399796227231301741e-09	 4.58336822235673682152e-09	 4.58401462428070772690e-09	 
 -9.19999999999999928946e-01	 1.84732215538802605242e-09	 1.84319596130053823218e-09	 1.84757192893148652334e-09	 2.41208557886652735253e-07	 2.41223572998351861992e-07	 2.40909641508619328992e-07	 2.40807072693343811898e-07	 9.11674538221959300360e-08	 8.57094788697960612733e-08	 2.39477282669595702788e-07	 2.55037478464557323754e-09	 4.69510601691223112480e-09	 4.69446068962000016698e-09	 4.69512326405167897491e-09	 
 -9.00000000000000022204e-01	 1.89176566066101995730e-09	 1.88754252394408022506e-09	 1.89202624186838751968e-09	 2.47170154912310956008e-07	 2.47184007561882638087e-07	 2.46862253726032697732e-07	 2.46753642226343335730e-07	 9.34149703382555963724e-08	 8.78231137781740039571e-08	 2.45395854528222936775e-07	 2.61105025939870743546e-09	 4.80806805869865130009e-09	 4.80740686632935125135e-09	 4.80808590019411532747e-09	 
 -8.80000000000000115463e-01	 1.93692801473217525255e-09	 1.93260622193161533659e-09	 1.93719962904916218913e-09	 2.53230768036734262213e-07	 2.53243389793079828607e-07	 2.52913685489774229245e-07	 2.52798859595855362867e-07	 9.56996019050865193420e-08	 8.99716640430881875162e-08	 2.51412749835038820573e-07	 2.67269158538485584005e-09	 4.92285971925939716700e-09	 4.92218238508036290265e-09	 4.92287816173891431983e-09	 
 -8.59999999999999986677e-01	 1.98279779851903562123e-09	 1.97837563575973482930e-09	 1.98308064330242233070e-09	 2.59388661776520798158e-07	 2.59399979175955037552e-07	 2.59062200500509046957e-07	 2.58940990090108058949e-07	 9.80206631808872705406e-08	 9.21544838268930822297e-08	 2.57526236171139680157e-07	 2.73528270331887621756e-09	 5.03945274507870471606e-09	 5.03875899634206068399e-09	 5.03947179527404039132e-09	 
 -8.40000000000000079936e-01	 2.02936217559646503077e-09	 2.02483795940375065817e-09	 2.02965643734578840935e-09	 2.65641821541352709300e-07	 2.65651761161263461508e-07	 2.65305789397677530798e-07	 2.65178024428466721080e-07	 1.00377361725260591034e-07	 9.43708259146581839623e-08	 2.63734298226868053960e-07	 2.79880547040189361988e-09	 5.15781486582372636524e-09	 5.15710443598353337562e-09	 5.15783453225088612172e-09	 
 -8.20000000000000062172e-01	 2.07660662995001431171e-09	 2.07197871477226174829e-09	 2.07691248137213247460e-09	 2.71987926932057779916e-07	 2.71996416490053687082e-07	 2.71642139189879209763e-07	 2.71507650482031017701e-07	 1.02768786710265293324e-07	 9.66198312415284769956e-08	 2.70034612978970866601e-07	 2.86323952782963389752e-09	 5.27790959313288252519e-09	 5.27718222323266539927e-09	 5.27792988665560736908e-09	 
 -8.00000000000000044409e-01	 2.12451544345792305916e-09	 2.11978226912436343075e-09	 2.12483306587401464567e-09	 2.78424351970417942021e-07	 2.78431342546609190848e-07	 2.78068640266989964188e-07	 2.77927257017980077892e-07	 1.05193910410886285869e-07	 9.89005299683160136789e-08	 2.76424578092615184438e-07	 2.92856227066747111016e-09	 5.39969618613284756842e-09	 5.39895162441830338542e-09	 5.39971711842059626312e-09	 
 -7.80000000000000026645e-01	 2.17307146447515600559e-09	 2.16823159279672279507e-09	 2.17340106241205259485e-09	 2.84948137360814316019e-07	 2.84953619841183886410e-07	 2.84582357147982689160e-07	 2.84433905527676582269e-07	 1.07651576968946479330e-07	 1.01211830911775697543e-07	 2.82901275556280885818e-07	 2.99474874941387867546e-09	 5.52312942901455768913e-09	 5.52236743124066230511e-09	 5.52315101170419146445e-09	 
 -7.60000000000000008882e-01	 2.22225582199276756297e-09	 2.21730796137649231365e-09	 2.22259762896367850144e-09	 2.91555955826105346411e-07	 2.91559971472555233231e-07	 2.91179992542593121251e-07	 2.91024295460106428136e-07	 1.10140488664130729721e-07	 1.03552508613439421540e-07	 2.89461427548336506888e-07	 3.06177152016074105985e-09	 5.64815930292320484309e-09	 5.64737963351215821506e-09	 5.64818154758473219176e-09	 
 -7.39999999999999991118e-01	 2.27204744682677287817e-09	 2.26699034354061396391e-09	 2.27240165862671069643e-09	 2.98244148719172861848e-07	 2.98246745301139388666e-07	 2.97857898486936153089e-07	 2.97694770307033302770e-07	 1.12659212214730202047e-07	 1.05921209294509573666e-07	 2.96101393391267581945e-07	 3.12960060009512888566e-09	 5.77473107854112991117e-09	 5.77393350829388979489e-09	 5.77475399352091074732e-09	 
 -7.19999999999999973355e-01	 2.32242314334952257322e-09	 2.31725551611444420193e-09	 2.32278987351641678936e-09	 3.05008682370180224662e-07	 3.05009888095973564613e-07	 3.04612041214198344872e-07	 3.04441283876230530688e-07	 1.15206164184847383416e-07	 1.08316436972758519385e-07	 3.02817138692435248551e-07	 3.19820336441564443549e-09	 5.90278503097213122549e-09	 5.90196933589230627387e-09	 5.90280861911961002628e-09	 
 -6.99999999999999955591e-01	 2.37335763345803077473e-09	 2.36807815556477421681e-09	 2.37373689231809768545e-09	 3.11845095459955432006e-07	 3.11844912852211014427e-07	 3.11437958201878701689e-07	 3.11259358728104806260e-07	 1.17779593378044137648e-07	 1.10736536704572453039e-07	 3.09604196908206666375e-07	 3.26754437382419483110e-09	 6.03225601460301880121e-09	 6.03142197592782828028e-09	 6.03228027187917189723e-09	 
 -6.79999999999999937828e-01	 2.42482264290170996851e-09	 2.41942997264305697871e-09	 2.42521444530812683966e-09	 3.18748513988701084982e-07	 3.18746905925357833946e-07	 3.18330758274351234415e-07	 3.18144095476635491693e-07	 1.20377590653258771044e-07	 1.13179705541472746881e-07	 3.16457726479119659487e-07	 3.33758531243850884610e-09	 6.16307107446516758680e-09	 6.16221848026856289775e-09	 6.16309599403669895113e-09	 
 -6.60000000000000031086e-01	 2.47678705538508638322e-09	 2.47127984838567775375e-09	 2.47719148744018787515e-09	 3.25713609743414068695e-07	 3.25710486597432969896e-07	 3.25285084166388747774e-07	 3.25090132160005539898e-07	 1.22998071190156799037e-07	 1.15643975147795802842e-07	 3.23372455715599931629e-07	 3.40828487150422765705e-09	 6.29514983772201596977e-09	 6.29427848396534478352e-09	 6.29517541222412219137e-09	 
 -6.40000000000000013323e-01	 2.52921699337468029269e-09	 2.52359389292994086372e-09	 2.52963423480790552787e-09	 3.32734549893943458083e-07	 3.32729757186446517559e-07	 3.32295066330935534120e-07	 3.32091594355621293447e-07	 1.25638753335794599922e-07	 1.18127191121860381088e-07	 3.30342617301346578121e-07	 3.47959853796393873056e-09	 6.42840471856542333732e-09	 6.42751440947099676684e-09	 6.42843094032439536846e-09	 
 -6.19999999999999884537e-01	 2.58207722075848891170e-09	 2.57633687408950457142e-09	 2.58250746719165493046e-09	 3.39805013482606589116e-07	 3.39798405754118882215e-07	 3.39354399677644357923e-07	 3.39142158837175493235e-07	 1.28297176625779369026e-07	 1.20627029610594511046e-07	 3.37361962616969079175e-07	 3.55147887640052666392e-09	 6.56274475594174948037e-09	 6.56183530628793079085e-09	 6.56277161700298593528e-09	 
 -5.99999999999999977796e-01	 2.63533053624472219782e-09	 2.62947160098099744528e-09	 2.63577395496138082675e-09	 3.46918143079282256630e-07	 3.46909629651571205817e-07	 3.46456275701824163947e-07	 3.46234989596611457671e-07	 1.30970679304621068291e-07	 1.23140976142236256980e-07	 3.44423715387678760513e-07	 3.62387528009884535964e-09	 6.69807395913683627794e-09	 6.69714519596792164740e-09	 6.69810145139446098043e-09	 
 -5.79999999999999849010e-01	 2.68893701784634054530e-09	 2.68295815685866424719e-09	 2.68939374097476335273e-09	 3.54066486401882621775e-07	 3.54056046138007063742e-07	 3.53593302637879646624e-07	 3.53362662101905690725e-07	 1.33656371984611491198e-07	 1.25666300838955837725e-07	 3.51520516004138317900e-07	 3.69673359136741721258e-09	 6.83428926468114949702e-09	 6.83334102838448207817e-09	 6.83431738016342270621e-09	 
 -5.60000000000000053291e-01	 2.74285426319048799129e-09	 2.73675417320607786701e-09	 2.74332444956476957964e-09	 3.61242084744264464737e-07	 3.61229764185534841455e-07	 3.60757532569082847496e-07	 3.60517215846843645877e-07	 1.36351167459571779130e-07	 1.28200086836703265439e-07	 3.58644457818971601332e-07	 3.76999642618099151370e-09	 6.97128129124013119726e-09	 6.97031343596136232856e-09	 6.97131002486961648124e-09	 
 -5.40000000000000035527e-01	 2.79703715885758732350e-09	 2.79081458755272843858e-09	 2.79752103406979262770e-09	 3.68436395404844990212e-07	 3.68422314680142088011e-07	 3.67940404684796313981e-07	 3.67690088875377720862e-07	 1.39051752548757488394e-07	 1.30739203520864658809e-07	 3.65787027182891205473e-07	 3.84360288737470709064e-09	 7.10893369028415543576e-09	 7.10794608462445946334e-09	 7.10896304195472634910e-09	 
 -5.20000000000000017764e-01	 2.85143753794709863776e-09	 2.84509128841766873492e-09	 2.85193541119488349012e-09	 3.75640201375682175783e-07	 3.75624569559008156821e-07	 3.75132678167029627823e-07	 3.74872040904329653397e-07	 1.41754555758635783080e-07	 1.33280275815722564257e-07	 3.72939032575004701916e-07	 3.91748812141187755459e-09	 7.24712221595762217186e-09	 7.24611474400833809561e-09	 7.24715219197055202382e-09	 
 -5.00000000000000000000e-01	 2.90600423867499103606e-09	 2.89953318490747595782e-09	 2.90651634385407832729e-09	 3.82843684313404865968e-07	 3.82826799920672591665e-07	 3.82324595273435619739e-07	 3.82053291480824059366e-07	 1.44455796499961522466e-07	 1.35819730538384657587e-07	 3.80090767146210950000e-07	 3.99158332821383015992e-09	 7.38571813540009451798e-09	 7.38469069994171714322e-09	 7.38574874207474292190e-09	 
 -4.79999999999999926725e-01	 2.96068290395045894059e-09	 2.95408600322933135885e-09	 2.96120929761435045774e-09	 3.90036347992105392637e-07	 3.90018606722506736065e-07	 3.89505775487916201638e-07	 3.89223422257186744063e-07	 1.47151449424862706223e-07	 1.38353762668715153840e-07	 3.87231903006178974688e-07	 4.06581553874100537422e-09	 7.52458670219168301610e-09	 7.52353922728560510119e-09	 7.52461794213115592682e-09	 
 -4.59999999999999964473e-01	 3.01541564923992542185e-09	 3.00869195193629093022e-09	 3.01595616864684800740e-09	 3.97206930074916016316e-07	 3.97188841216548158048e-07	 3.96665095447678683211e-07	 3.96371265760748696565e-07	 1.49837204339391959629e-07	 1.40878297460420896427e-07	 3.94351371178268278997e-07	 4.14010720608275330807e-09	 7.66358528140411144879e-09	 7.66251771438627621951e-09	 7.66361715267079535687e-09	 
 -4.40000000000000002220e-01	 3.07014273032910028984e-09	 3.06329162292740237845e-09	 3.07069729726052724366e-09	 4.04343709861867446236e-07	 4.04325698478282798286e-07	 4.03790849523542383210e-07	 4.03485128362841310570e-07	 1.52508534256660071758e-07	 1.43389056116206758570e-07	 4.01437535685892901544e-07	 4.21437907518966609738e-09	 7.80255958083925846258e-09	 7.80147191066331238481e-09	 7.80259209733605437924e-09	 
 -4.19999999999999984457e-01	 3.12480179701717756958e-09	 3.11782317259174023526e-09	 3.12537060605579021367e-09	 4.11434352398704267842e-07	 4.11416632935219690629e-07	 4.10870645023431773144e-07	 4.10552664367722740088e-07	 1.55160653502004327357e-07	 1.45881515663731096492e-07	 4.08478084262591595940e-07	 4.28854900589546484309e-09	 7.94134445820811442988e-09	 7.94023672885757174185e-09	 7.94137766325929184312e-09	 
 -3.99999999999999911182e-01	 3.17932697077483741608e-09	 3.17222132601063731968e-09	 3.17991055441765008768e-09	 4.18465735519049244770e-07	 4.18448263006519179529e-07	 4.17891285385771197717e-07	 4.17560736137202354976e-07	 1.57788471500781493346e-07	 1.48350864727556924190e-07	 4.15459906574515309031e-07	 4.36253054087270383133e-09	 8.07976449196267270596e-09	 8.07863681099988826039e-09	 8.07979846488780974388e-09	 
 -3.80000000000000004441e-01	 3.23364721394658383221e-09	 3.22641561381331027228e-09	 3.23424614247889262976e-09	 4.25424157423780164317e-07	 4.25406777499380612890e-07	 4.24839013184470862842e-07	 4.24495614597349228037e-07	 1.60386689759106403235e-07	 1.50792096662302574312e-07	 4.22369276113618151124e-07	 4.43623035659721516554e-09	 8.21763577227589123667e-09	 8.21648830304477480542e-09	 8.21767060372633823186e-09	 
 -3.59999999999999931166e-01	 3.28768667622113243286e-09	 3.28033077566205408555e-09	 3.28830138560324190841e-09	 4.32295220792801078570e-07	 4.32277746161348533192e-07	 4.31699379728847239151e-07	 4.31342864769226733681e-07	 1.62949751535380657376e-07	 1.53199961466964035548e-07	 4.29191740457589226798e-07	 4.50954889855352463292e-09	 8.35476467702607142490e-09	 8.35359763725508386912e-09	 8.35480045536709799667e-09	 
 -3.39999999999999968914e-01	 3.34136490507912309382e-09	 3.33388703942352335549e-09	 3.34199566226823505722e-09	 4.39063706346521826187e-07	 4.39045912381654091561e-07	 4.38457102453551354729e-07	 4.38087220695896330339e-07	 1.65471787187951776224e-07	 1.55568913591133266242e-07	 4.35912000966879949316e-07	 4.58238083895326090869e-09	 8.49094615013781815447e-09	 8.48975981787411881695e-09	 8.49098295976398709952e-09	 
 -3.20000000000000006661e-01	 3.39459883371441794013e-09	 3.38700174063285177916e-09	 3.39524579887260963256e-09	 4.45713840718206427788e-07	 4.45695557757587065948e-07	 4.45096337870112406947e-07	 4.44713069879227748447e-07	 1.67946754879707265689e-07	 1.57893246687210233283e-07	 4.42514386759698382842e-07	 4.65461650959053418656e-09	 8.62596750906618093236e-09	 8.62476221290282453554e-09	 8.62600542953576327071e-09	 
 -2.99999999999999933387e-01	 3.44730183208950781783e-09	 3.43958850742162249606e-09	 3.44796508384553210216e-09	 4.52229164948314375913e-07	 4.52210337048728960719e-07	 4.51600546496556775755e-07	 4.51204246415313608586e-07	 1.70368377909362420929e-07	 1.60167033818029369252e-07	 4.48982648829044043349e-07	 4.72614108192783812757e-09	 8.75960649397536631638e-09	 8.75838260914255196760e-09	 8.75964559861716565341e-09	 
 -2.80000000000000026645e-01	 3.49938250534142154736e-09	 3.49155620278551821767e-09	 3.50006202469979695780e-09	 4.58592392899472148692e-07	 4.58573100378171337386e-07	 4.57952347260376854230e-07	 4.57543807922034537129e-07	 1.72730077327967451678e-07	 1.62384063162289392111e-07	 4.55299737874863067894e-07	 4.79683340159405284831e-09	 8.89162874918077629385e-09	 8.89038669998459761555e-09	 8.89166910291356492033e-09	 
 -2.59999999999999953371e-01	 3.55074627591703188435e-09	 3.54281046190579732308e-09	 3.55144214430971760545e-09	 4.64786010572763414450e-07	 4.64766317429804296277e-07	 4.64134175030396377901e-07	 4.63714305682474205639e-07	 1.75025164725286525998e-07	 1.64538017217348650463e-07	 4.61448424193965191398e-07	 4.86656814676554876053e-09	 9.02179155411162552293e-09	 9.02053181701687187963e-09	 9.02183321156013138209e-09	 
 -2.39999999999999907851e-01	 3.60129457916964571416e-09	 3.59325290181502231151e-09	 3.60200710090136336834e-09	 4.70792034453311720035e-07	 4.70771900606841226918e-07	 4.70128016512913539821e-07	 4.69697665710568558353e-07	 1.77246765009044081888e-07	 1.66622401005056092017e-07	 4.67411052054313531728e-07	 4.93521473070161556627e-09	 9.14984189132082903231e-09	 9.14856499794302684635e-09	 9.14988489453538075078e-09	 
 -2.19999999999999945599e-01	 3.65092381182231431077e-09	 3.64278008236460750479e-09	 3.65165355816499580214e-09	 4.76591752928195813664e-07	 4.76571016077657322082e-07	 4.75915127578061970324e-07	 4.75475061954675109042e-07	 1.79387733591406902817e-07	 1.68630465041380141490e-07	 4.73169276598247262703e-07	 5.00263581991908312006e-09	 9.27551393188718598049e-09	 9.27422047188350729179e-09	 9.27555830738987240754e-09	 
 -1.99999999999999983347e-01	 3.69952776161335859854e-09	 3.69128602391846957279e-09	 3.70027502825370256502e-09	 4.82166332391521039267e-07	 4.82144691062008765356e-07	 4.81476597601662098488e-07	 4.81027545057836681847e-07	 1.81440918453904770176e-07	 1.70555453808271299882e-07	 4.78704388510441219025e-07	 5.06869108665485254275e-09	 9.39853538458211219089e-09	 9.39722600387070626102e-09	 9.39858113886498260917e-09	 
 -1.79999999999999993339e-01	 3.74699648988431410099e-09	 3.73866105537224599637e-09	 3.74776096761709145818e-09	 4.87496584884601598835e-07	 4.87473578624720540176e-07	 4.86793131978690992817e-07	 4.86335798215685878831e-07	 1.83399061788080588600e-07	 1.72390512547517095874e-07	 4.83997188539984784168e-07	 5.13323552106167044160e-09	 9.51862459965040883785e-09	 9.51730000045793360237e-09	 9.51867171487161914902e-09	 
 -1.59999999999999920064e-01	 3.79321495348222885763e-09	 3.78479039807376833036e-09	 3.79399561744008513463e-09	 4.92562719509020983377e-07	 4.92537706456957471903e-07	 4.91844819459403830081e-07	 4.91379876588491198388e-07	 1.85254693927845076788e-07	 1.74128586647997453759e-07	 4.89027852610289484223e-07	 5.19611733408855063197e-09	 9.63548704990878563296e-09	 9.63414799267349386494e-09	 9.63553547948617083873e-09	 
 -1.39999999999999902300e-01	 3.83806599203937563256e-09	 3.82955756498755379328e-09	 3.83886203014856894094e-09	 4.97345226996937910205e-07	 4.97317328385481257463e-07	 4.96612047548358236417e-07	 4.96140232971689557463e-07	 1.87000463304267263374e-07	 1.75762742096187527021e-07	 4.93776744640682022651e-07	 5.25718230602043199308e-09	 9.74882420708323396578e-09	 9.74747153396437107247e-09	 9.74887393425129392449e-09	 
 -1.20000000000000009437e-01	 3.88142898573911465598e-09	 3.87284286658336873947e-09	 3.88224033499408521350e-09	 5.01824549257806561448e-07	 5.01792603548064159764e-07	 5.01075158815544969903e-07	 5.00597330980741411065e-07	 1.88629015790638832984e-07	 1.77286048267149670717e-07	 4.98224109673127818815e-07	 5.31627185374491304335e-09	 9.85832967497057399507e-09	 9.85696432553733237083e-09	 9.85838074785761323624e-09	 
 -1.00000000000000005551e-01	 3.92317825480365986544e-09	 3.91452165663150567952e-09	 3.92400573598163064210e-09	 5.05980723654910691756e-07	 5.05943251849828238855e-07	 5.05214081479875388492e-07	 5.04731230389889803832e-07	 1.90132862792737528139e-07	 1.78691449634237607249e-07	 5.02349744506512963406e-07	 5.37322069785841408766e-09	 9.96368471383948719131e-09	 9.96230773287903698909e-09	 9.96373725671958900641e-09	 
 -8.00000000000000155431e-02	 3.96318839327761332942e-09	 3.95446891539642601853e-09	 3.96403282882144299204e-09	 5.09794319478891898949e-07	 5.09749859621127870439e-07	 5.09009527132831132313e-07	 5.08522672546461355255e-07	 1.91504807930212437583e-07	 1.79972169027167995558e-07	 5.06134308374443570183e-07	 5.42786388077368004541e-09	 1.00645714545937534924e-08	 1.00631839197232477773e-08	 1.00646255786688326878e-08	 
 -5.99999999999999630851e-02	 4.00133199112915018367e-09	 3.99255726506425686919e-09	 4.00219372068328451875e-09	 5.13246089017632599578e-07	 5.13193383446386834317e-07	 5.12442539389550029066e-07	 5.11952673565562082480e-07	 1.92737789638759844718e-07	 1.81121559161759166276e-07	 5.09558823306887431913e-07	 5.48003376166522784117e-09	 1.01606672856910813084e-08	 1.01592702659521147185e-08	 1.01607230389180257752e-08	 
 -3.99999999999999383826e-02	 4.03747711562576675561e-09	 4.02865474844396160323e-09	 4.03835591605054605600e-09	 5.16316584272088108925e-07	 5.16254612942608579782e-07	 5.15494002271824126554e-07	 5.15002079536296227356e-07	 1.93824705969658957985e-07	 1.82132936847738432939e-07	 5.12604134392526646771e-07	 5.52955663888920645721e-09	 1.02516386950996765579e-08	 1.02502332406921500307e-08	 1.02516960515778334258e-08	 
 -2.00000000000000281719e-02	 4.07149591248726802772e-09	 4.06263282237910855740e-09	 4.07239050510280067463e-09	 5.18987748792876149398e-07	 5.18915656231777816359e-07	 5.18145979418145427410e-07	 5.17652873598673118847e-07	 1.94758945322452965305e-07	 1.83000083120930570464e-07	 5.15252216963315909727e-07	 5.57626205892201947651e-09	 1.03371595540912507837e-08	 1.03357467246220328434e-08	 1.03372184517864316985e-08	 
 -4.82163733276643543166e-17	 4.10326096932890064847e-09	 4.09436295454067482060e-09	 4.10416868214035487486e-09	 5.21242297072663457714e-07	 5.21159365825698055583e-07	 5.20381199448810902475e-07	 5.19887672695012507456e-07	 1.95534184844971548533e-07	 1.83717053605085037036e-07	 5.17485672401225246931e-07	 5.61997880898433029725e-09	 1.04169033206799327271e-08	 1.04154841974937583358e-08	 1.04169636793642507281e-08	 
 2.00000000000001253164e-02	 4.13264149898665615820e-09	 4.12371303572729524120e-09	 4.13355807967477002730e-09	 5.23063032249822163959e-07	 5.22968701223289508361e-07	 5.22182480429750137554e-07	 5.21689165606138256106e-07	 1.96144160762110572764e-07	 1.84277961612344808840e-07	 5.19287166049471147655e-07	 5.66053061685018221831e-09	 1.04905348383797113941e-08	 1.04891105204699401473e-08	 1.04905965574180091986e-08	 
 4.00000000000001187939e-02	 4.15950176620632408071e-09	 4.15054701019931539451e-09	 4.16042220790144869255e-09	 5.24434511107718712103e-07	 5.24328417883245788501e-07	 5.23534538228065395333e-07	 5.23041896667273867459e-07	 1.96583305010380232007e-07	 1.84677587823063124281e-07	 5.20641297578645292339e-07	 5.69774760404865841685e-09	 1.05577320414467034132e-08	 1.05563036659807195249e-08	 1.05577950339089739894e-08	 
 6.00000000000000255351e-02	 4.18370140393815847429e-09	 4.17472468906375008088e-09	 4.18462034565951912264e-09	 5.25342376325891010522e-07	 5.25224391790091403068e-07	 5.24423259670575546465e-07	 5.23931546794609922870e-07	 1.96846493426186589040e-07	 1.84911139286681274086e-07	 5.21533845255294522839e-07	 5.73146122819869455981e-09	 1.06181764239059079833e-08	 1.06167451765741241680e-08	 1.06182406358486364010e-08	 
 7.99999999999999322764e-02	 4.20509552389935151892e-09	 4.19610135846504547610e-09	 4.20600722600215493443e-09	 5.25772594261802335041e-07	 5.25642845862550892759e-07	 5.24834877499528500338e-07	 5.24344119753663825434e-07	 1.96928750575799943733e-07	 1.84973966186537944906e-07	 5.21950914971512768968e-07	 5.76149904651874888609e-09	 1.06715432947627435459e-08	 1.06701104099128160358e-08	 1.06716087098454615319e-08	 
 9.99999999999999500400e-02	 4.22356891788561041700e-09	 4.21456217204114169924e-09	 4.22446682908330328188e-09	 5.25713755321916171628e-07	 5.25572350121645963619e-07	 5.24758091577733173762e-07	 5.24268230235507088897e-07	 1.96826021911515357082e-07	 1.84862296390507089778e-07	 5.21880924591568738779e-07	 5.78769994934331843953e-09	 1.07175299035581813813e-08	 1.07160966956223360566e-08	 1.07175965645181430844e-08	 
 1.20000000000000023315e-01	 4.23902128786302383064e-09	 4.23000730102600290611e-09	 4.23989777872877006312e-09	 5.25156106926520936028e-07	 5.25002985749882375662e-07	 5.24183181293176285357e-07	 5.23694141875546815318e-07	 1.96534854033336866689e-07	 1.84572931739508079190e-07	 5.21313772144148462813e-07	 5.80990724285943677592e-09	 1.07558426807553965310e-08	 1.07544105628499621872e-08	 1.07559107042215610755e-08	 
 1.40000000000000041078e-01	 4.25135266095607940905e-09	 4.24233727066409419163e-09	 4.25219892080805372113e-09	 5.24090436554207115920e-07	 5.23925359107371967646e-07	 5.23100965635445095249e-07	 5.22612654929208098260e-07	 1.96052009272915544656e-07	 1.84102880413775573893e-07	 5.20239857954175060477e-07	 5.82796170980946904905e-09	 1.07861844986329308625e-08	 1.07847549886405072650e-08	 1.07862540835197147481e-08	 
 1.59999999999999975575e-01	 4.26046283918546142101e-09	 4.25145372479913881782e-09	 4.26127236314521518565e-09	 5.22510128340301494580e-07	 5.22332902856277449556e-07	 5.21504748578341148636e-07	 5.21017528253475796270e-07	 1.95375375531803889928e-07	 1.83450216948430051321e-07	 5.18653084681333892997e-07	 5.84172166127900394893e-09	 1.08082951588175986062e-08	 1.08068697630823538201e-08	 1.08083664978274656400e-08	 
 1.79999999999999937828e-01	 4.26625118520383718842e-09	 4.25725865045358637440e-09	 4.26702170863390747780e-09	 5.20410269255165507967e-07	 5.20220872797530140505e-07	 5.19389474544299658067e-07	 5.18904424606116211795e-07	 1.94503573606785966970e-07	 1.82613711809479139779e-07	 5.16549543648357332579e-07	 5.85105354669015782468e-09	 1.08219325452988464389e-08	 1.08205126955831797087e-08	 1.08220057786575120864e-08	 
 2.00000000000000094369e-01	 4.26861631750555893755e-09	 4.25965352730071163116e-09	 4.26935023957850286074e-09	 5.17786533190916041169e-07	 5.17585122043452530149e-07	 5.16750661846261333906e-07	 5.16269628229314454302e-07	 1.93435467648715943389e-07	 1.81592366886127124238e-07	 5.13925973871411985138e-07	 5.85582273875242754068e-09	 1.08268541187513272792e-08	 1.08254411609724699191e-08	 1.08269293289076154324e-08	 
 2.20000000000000001110e-01	 4.26747796772068157693e-09	 4.25855764616655708012e-09	 4.26817864628849562285e-09	 5.14637948929659875332e-07	 5.14424987009422720242e-07	 5.13587550864378582250e-07	 5.13112601791321345772e-07	 1.92171197967358590421e-07	 1.80386382863499526576e-07	 5.10782167425183485126e-07	 5.85591802757872767011e-09	 1.08228636355579252094e-08	 1.08214587797126795595e-08	 1.08229407519624749265e-08	 
 2.39999999999999963363e-01	 4.26276650750182740495e-09	 4.25389922283617340080e-09	 4.26343641314627229082e-09	 5.10965646823632772616e-07	 5.10741982905792545207e-07	 5.09901677158520550207e-07	 5.09434835406114809388e-07	 1.90711720329280177883e-07	 1.78996728786733694791e-07	 5.07119892008911351820e-07	 5.85123973286065234742e-09	 1.08097885253741946923e-08	 1.08083928121405705919e-08	 1.08098672686575388642e-08	 
 2.59999999999999953371e-01	 4.25441276143036597317e-09	 4.24560673664464373172e-09	 4.25505340845162397448e-09	 5.06771288667845236153e-07	 5.06538175871345789337e-07	 5.05695125841926906642e-07	 5.05238366991515901660e-07	 1.89058206509430341285e-07	 1.77424577325867911227e-07	 5.02941476394904425015e-07	 5.84168817613099635306e-09	 1.07874577918874273957e-08	 1.07860720760122151230e-08	 1.07875376563418773614e-08	 
 2.80000000000000082157e-01	 4.24236919771569054495e-09	 4.23363127907371932879e-09	 4.24298210036415510897e-09	 5.02060871552215367869e-07	 5.01819426242039200089e-07	 5.00973916959319111763e-07	 5.00529077365263406838e-07	 1.87213244062729971613e-07	 1.75672429025773790616e-07	 4.98252460955743360733e-07	 5.82719368942756838566e-09	 1.07557560942666032253e-08	 1.07543811793106534449e-08	 1.07558365140486532037e-08	 
 2.99999999999999988898e-01	 4.22659926769823068878e-09	 4.21793535176468249106e-09	 4.22718642462758411524e-09	 4.96842961751181257930e-07	 4.96593888793214164919e-07	 4.95746439651070579818e-07	 4.95315166329476128179e-07	 1.85180288663583829048e-07	 1.73743600423110191066e-07	 4.93060377558290467003e-07	 5.80770157256745558473e-09	 1.07145965732131380270e-08	 1.07132332761954720673e-08	 1.07146770032421988634e-08	 
 3.20000000000000006661e-01	 4.20706698754206678873e-09	 4.19848194886681670313e-09	 4.20763091880278080231e-09	 4.91126474933968860859e-07	 4.90870051971158664673e-07	 4.90021422869352331430e-07	 4.89605169441998256118e-07	 1.82962923162922029986e-07	 1.71641525811663677145e-07	 4.87373068223848481892e-07	 5.78315756194800041780e-09	 1.06638942360084489903e-08	 1.06625433865154796219e-08	 1.06639741525289885198e-08	 
 3.39999999999999968914e-01	 4.18376181187523544023e-09	 4.17526093351472363438e-09	 4.18430507792360585132e-09	 4.84923766173356654732e-07	 4.84660719216202950609e-07	 4.83811549331592749051e-07	 4.83411762791718623384e-07	 1.80566210589838325726e-07	 1.69371044114146281573e-07	 4.81202804747497101186e-07	 5.75354411259370408933e-09	 1.06036319780557523426e-08	 1.06022945195513476493e-08	 1.06037109805100141312e-08	 
 3.59999999999999931166e-01	 4.15668572857829888165e-09	 4.14827542136274359884e-09	 4.15721069805350564655e-09	 4.78249197128795048644e-07	 4.77981144927044331219e-07	 4.77131770631712301605e-07	 4.76749984690118001664e-07	 1.77996071287084817901e-07	 1.66937807743466490560e-07	 4.74564350968310793120e-07	 5.71886169927594436918e-09	 1.05338265156030379249e-08	 1.05325035589914487797e-08	 1.05339043808653465808e-08	 
 3.80000000000000059952e-01	 4.12584055226512870629e-09	 4.11752840935491585520e-09	 4.12634940088076758429e-09	 4.71117057319669881142e-07	 4.70846532107318522376e-07	 4.69996977351267837962e-07	 4.69634819747800564035e-07	 1.75258396919512339525e-07	 1.64347438514061896713e-07	 4.67472406693290308887e-07	 5.67911068462913677489e-09	 1.04544947621006649312e-08	 1.04531875942922151585e-08	 1.04545714530585183704e-08	 
 4.00000000000000077716e-01	 4.09125585150749997546e-09	 4.08305072767980969142e-09	 4.09175157419706089249e-09	 4.63545859889490955357e-07	 4.63275420069175340279e-07	 4.62425591906138892782e-07	 4.62084965522326179219e-07	 1.72360553883536557188e-07	 1.61606953912584073357e-07	 4.59945616709512772175e-07	 5.63432778852763071091e-09	 1.03657247628555835681e-08	 1.03644347545639357550e-08	 1.03658003823498277572e-08	 
 4.19999999999999984457e-01	 4.05297404864561909516e-09	 4.04488613933425055785e-09	 4.05346098535680345153e-09	 4.55556330263410635866e-07	 4.55288134550485603954e-07	 4.54437913510260996638e-07	 4.54121093903761907195e-07	 1.69310696318469600369e-07	 1.58724117317647771047e-07	 4.52004707953732522100e-07	 5.58456657071144698379e-09	 1.02676379802285851768e-08	 1.02663665440297719407e-08	 1.02677127526665341116e-08	 
 4.39999999999999946709e-01	 4.01103551295247384650e-09	 4.00307642342367943222e-09	 4.01151941509100165275e-09	 4.47168552076913226950e-07	 4.46904364669009928037e-07	 4.46053598053690165379e-07	 4.45763247867598975358e-07	 1.66116729633322962027e-07	 1.55706452384558546412e-07	 4.43669771053254197043e-07	 5.52987816817860479930e-09	 1.01603513209916196296e-08	 1.01590999156344288508e-08	 1.01604255978664163182e-08	 
 4.60000000000000131006e-01	 3.96551871749279308211e-09	 3.95769723081894226405e-09	 3.96600265133172332680e-09	 4.38406455958211657475e-07	 4.38148052431970726348e-07	 4.37296982774385726289e-07	 4.37035659071982637131e-07	 1.62787980800608390107e-07	 1.52562804392018909678e-07	 4.34964914627715374732e-07	 5.47035985547840155499e-09	 1.00439011523746200377e-08	 1.00426710568535283938e-08	 1.00439751481428570961e-08	 
 4.80000000000000037748e-01	 3.91651883765752897622e-09	 3.90883882931418938971e-09	 3.91700116480747674953e-09	 4.29295770650148576883e-07	 4.29045137676625941197e-07	 4.28194611116167890824e-07	 4.27964536405679725321e-07	 1.59334452829789991238e-07	 1.49302647384436663319e-07	 4.25916136045953129576e-07	 5.40612892667571891724e-09	 9.91827679911523149995e-09	 9.91706900106271951858e-09	 9.91835046124973731044e-09	 
 5.00000000000000000000e-01	 3.86412623758614529154e-09	 3.85658659480979400279e-09	 3.86460052718303865376e-09	 4.19860854754118809461e-07	 4.19620197706042746196e-07	 4.18771652842432123309e-07	 4.18574738718794386001e-07	 1.55765626087530068535e-07	 1.45934956187871578841e-07	 4.16548073134588352756e-07	 5.33729670593873860383e-09	 9.78344740149848995643e-09	 9.78226259169022017265e-09	 9.78352040329564913428e-09	 
 5.20000000000000128786e-01	 3.80846372683409376558e-09	 3.80106254108772332156e-09	 3.80892249699258272616e-09	 4.10130537916586974605e-07	 4.09901511276521753576e-07	 4.09056648385299989854e-07	 4.08894362530544590359e-07	 1.52092297678788779842e-07	 1.42469936509772813862e-07	 4.06888912924612307624e-07	 5.26402344936826732764e-09	 9.63984779683434017579e-09	 9.63868662214792849600e-09	 9.63991976779412473520e-09	 
 5.40000000000000035527e-01	 3.74966637492038181919e-09	 3.74240290348928844575e-09	 3.75010282897607168498e-09	 4.00135480956097012243e-07	 3.99918827950519227704e-07	 3.99079457455643784560e-07	 3.98952766451004053218e-07	 1.48325793757056519442e-07	 1.38918288104866264942e-07	 3.96968244543893748597e-07	 5.18648858677100914849e-09	 9.48812556970744059490e-09	 9.48698875319661440052e-09	 9.48819620312006571366e-09	 
 5.60000000000000053291e-01	 3.68786019996392518842e-09	 3.68073484453933850526e-09	 3.68826817719271059274e-09	 3.89904110319717083038e-07	 3.89699695981262583553e-07	 3.88867737221435492893e-07	 3.88777141768580831518e-07	 1.44476606601963529178e-07	 1.35289917373339174038e-07	 3.86813467349773875412e-07	 5.10486035935676868056e-09	 9.32890270640693813211e-09	 9.32779104989094081477e-09	 9.32897175706836135336e-09	 
 5.79999999999999849010e-01	 3.62320485904694131418e-09	 3.61622028753605518712e-09	 3.62357973827594600822e-09	 3.79468121881456587057e-07	 3.79275131835885476058e-07	 3.78452386521651199846e-07	 3.78398741068786684642e-07	 1.40556355199959513317e-07	 1.31595775200294400606e-07	 3.76455131510860384069e-07	 5.01935236753844000480e-09	 9.16267417072174644022e-09	 9.16158843931230031786e-09	 9.16274133341067460170e-09	 
 5.99999999999999977796e-01	 3.55587063533478489307e-09	 3.54903232093728258241e-09	 3.55620974327745724190e-09	 3.68860210017505474035e-07	 3.68677240695457920250e-07	 3.67865292644339914440e-07	 3.67850195890009778743e-07	 1.36577000982335627164e-07	 1.27847127531604287390e-07	 3.65924731989579903225e-07	 4.93019292047142356064e-09	 8.98986367669331372571e-09	 8.98880454647899821222e-09	 8.98992852739201332960e-09	 
 6.20000000000000106581e-01	 3.48601338462260310977e-09	 3.47932959539498347189e-09	 3.48631593382800397849e-09	 3.58109946189621756535e-07	 3.57935025409193881014e-07	 3.57135253098153350077e-07	 3.57161050438686728331e-07	 1.32549347302270423310e-07	 1.24054141579069722344e-07	 3.55250692748819612977e-07	 4.83759240476409129673e-09	 8.81085915089288941031e-09	 8.80982721535436176281e-09	 8.81092114475245301085e-09	 
 6.39999999999999902300e-01	 3.41382799932091384524e-09	 3.40730520668033214770e-09	 3.41409323065659721448e-09	 3.47248951281166970971e-07	 3.47080042401300230632e-07	 3.46293847129968673895e-07	 3.46363153442551568874e-07	 1.28485109674951031117e-07	 1.20227841443542227000e-07	 3.44464234065638444356e-07	 4.74180865754037639443e-09	 8.62614257151037578293e-09	 8.62513830662202141360e-09	 8.62620123470636460471e-09	 
 6.60000000000000031086e-01	 3.33952001594799678001e-09	 3.33316080652564847266e-09	 3.33974633257588319228e-09	 3.36309047840895090917e-07	 3.36144270588828580876e-07	 3.35373185812691509391e-07	 3.35488688803038532903e-07	 1.24396161463866766785e-07	 1.16379399499039642674e-07	 3.33597110720901292251e-07	 4.64311205477876957288e-09	 8.43622137576522734368e-09	 8.43524512584202509274e-09	 8.43627639101619882286e-09	 
 6.80000000000000159872e-01	 3.26327412096428103517e-09	 3.25707734821475157651e-09	 3.26345908230338642272e-09	 3.25318122138968745999e-07	 3.25155729374136834779e-07	 3.24401418664754608713e-07	 3.24565936162018955539e-07	 1.20292907251762237111e-07	 1.12518596333275151928e-07	 3.22677131033820063741e-07	 4.54174716686891992593e-09	 8.24155104606420874386e-09	 8.24060303293128770442e-09	 8.24160224345479283278e-09	 
 6.99999999999999955591e-01	 3.18530791620511235378e-09	 3.17927299382175455353e-09	 3.18545108235281211261e-09	 3.14305422492613110092e-07	 3.14144928158118090510e-07	 3.13408834550705409886e-07	 3.13624676220047083044e-07	 1.16186506931241721733e-07	 1.08655919967737671076e-07	 3.11734755067997095002e-07	 4.43800422036156391222e-09	 8.04266953918336213373e-09	 8.04174992188527481711e-09	 8.04271689108691585884e-09	 
 7.20000000000000084377e-01	 3.10584432789196014680e-09	 3.09997316782014939351e-09	 3.10594852482661090515e-09	 3.03299914563981510782e-07	 3.03142580128210230704e-07	 3.02425778914262878437e-07	 3.02694497796624560825e-07	 1.12088144409997851412e-07	 1.04801880435285045989e-07	 3.00800717275959734788e-07	 4.33218196327776135885e-09	 7.84012855708950017500e-09	 7.83923746073366305463e-09	 7.84017217400589526754e-09	 
 7.39999999999999991118e-01	 3.02507873177384745364e-09	 3.01937565381102811385e-09	 3.02514989501611315712e-09	 2.92325916986629462413e-07	 2.92174627336796874159e-07	 2.91477861733621518756e-07	 2.91800390734249124895e-07	 1.08007257202500922551e-07	 1.00965334740386071310e-07	 2.89900979373860199028e-07	 4.22454489821469141416e-09	 7.63441070044326388220e-09	 7.63354822356390798141e-09	 7.63445082359036769895e-09	 
 7.60000000000000008882e-01	 2.94323682000743403955e-09	 2.93770602253299064650e-09	 2.94328112246232541814e-09	 2.81411141948720562540e-07	 2.81268769022563751387e-07	 2.80592408684486953969e-07	 2.80969458693034998772e-07	 1.03953907327418533471e-07	 9.71557227429293263465e-08	 2.79063631191372219895e-07	 4.11539362959228022729e-09	 7.42608276479687615884e-09	 7.42524892423072517877e-09	 7.42611962721004655974e-09	 
 7.80000000000000137668e-01	 2.86054614260779087981e-09	 2.85519061215644204090e-09	 2.86056874922448487344e-09	 2.70583781536443682874e-07	 2.70452480968923621628e-07	 2.69796514584080357790e-07	 2.70228787570178374455e-07	 9.99380917703685945791e-08	 9.33824226340633383762e-08	 2.68316697417961835842e-07	 4.00503019138514122412e-09	 7.21572005964708983921e-09	 7.21491476873764980787e-09	 7.21575382542309751215e-09	 
 7.99999999999999933387e-01	 2.77720001748950557012e-09	 2.77202168276410771309e-09	 2.77720519590902844507e-09	 2.59866521856340188014e-07	 2.59747829847422098700e-07	 2.59111901812908751875e-07	 2.59600191728011927260e-07	 9.59678354021757562682e-08	 8.96529478649350234812e-08	 2.57682757079427507603e-07	 3.89371449904116281506e-09	 7.00381112181032949748e-09	 7.00303420372407057254e-09	 7.00384189052060144565e-09	 
 8.20000000000000062172e-01	 2.69339311008581744550e-09	 2.68839334109495391584e-09	 2.69338461158139574734e-09	 2.49283549448408577445e-07	 2.49178212266596775397e-07	 2.48562114763319240963e-07	 2.49106500829828855679e-07	 9.20516232044795684850e-08	 8.59752476529341660871e-08	 2.47184992984445855203e-07	 3.78173781878913747104e-09	 6.79090614382297261642e-09	 6.79015738919387672351e-09	 6.79093409601668022700e-09	 
 8.39999999999999857891e-01	 2.60930766326873558515e-09	 2.60448753302132012539e-09	 2.60928893339851847129e-09	 2.38858687266973572821e-07	 2.38766621777254728571e-07	 2.38170504385231560226e-07	 2.38770057479797744833e-07	 8.81978121804687732363e-08	 8.23571544426220200809e-08	 2.36845889255886929282e-07	 3.66938864363724842102e-09	 6.57754933845956538257e-09	 6.57682853256507073313e-09	 6.57757479873186961018e-09	 
 8.60000000000000097700e-01	 2.52508742980952423265e-09	 2.52044781768939144307e-09	 2.52506167286468006845e-09	 2.28609790715483846410e-07	 2.28530192982475901685e-07	 2.27954527742966515916e-07	 2.28607538242697779158e-07	 8.44126358787343620089e-08	 7.88044938342949452645e-08	 2.26682154758890825128e-07	 3.55690633172549323874e-09	 6.36418320039035855174e-09	 6.36349013176246863834e-09	 6.36420662776874809447e-09	 
 8.80000000000000115463e-01	 2.44095869446111570898e-09	 2.43650088536503948358e-09	 2.44093105756374002843e-09	 2.18555432175699242878e-07	 2.18487364982956046186e-07	 2.17932954602406220899e-07	 2.18637193907002575109e-07	 8.07027225551603776603e-08	 7.53234661703977786843e-08	 2.16711738394913088610e-07	 3.44456611702262243625e-09	 6.15131727456799559029e-09	 6.15065166063981221491e-09	 6.15133914425702864274e-09	 
 8.99999999999999911182e-01	 2.35716742534801064640e-09	 2.35289340085104268161e-09	 2.35714593174056434087e-09	 2.08713622158353078125e-07	 2.08656268824205864442e-07	 2.08124249222804282306e-07	 2.08877126271996604834e-07	 7.70745934940142710361e-08	 7.19201759735009725991e-08	 2.06952280262027308707e-07	 3.33264103042299247468e-09	 5.93945435801712004773e-09	 5.93881581701750679183e-09	 5.93947511443446581914e-09	 
 9.20000000000000039968e-01	 2.27390802288644625972e-09	 2.26982052113338733017e-09	 2.27390338830010639146e-09	 1.99096224558302143279e-07	 1.99048882631483728401e-07	 1.98540705619110614726e-07	 1.99339438578945229211e-07	 7.35325662828020413646e-08	 6.85986464555169588475e-08	 1.97415354727989571914e-07	 3.22134842160826393781e-09	 5.72898134083517735390e-09	 5.72836941111311978393e-09	 5.72900140683198825240e-09	 
 9.39999999999999835687e-01	 2.19137568079058668350e-09	 2.18747443508144430926e-09	 2.19139534897040236445e-09	 1.89716698953581824274e-07	 1.89678725298916096365e-07	 1.89195864956017346557e-07	 1.90037576582333240036e-07	 7.00813578449733621459e-08	 6.53632536178741843653e-08	 1.88114338922082575786e-07	 3.11093907980463115646e-09	 5.52035819026519922595e-09	 5.51977224108763363494e-09	 5.52037777275138811926e-09	 
 9.60000000000000075495e-01	 2.10975095313819872420e-09	 2.10603126240799746149e-09	 2.10979679962306920856e-09	 1.80588510990764035066e-07	 1.80559294755851865613e-07	 1.80103148815393688173e-07	 1.80984934130257601274e-07	 6.67256641978628566972e-08	 6.22183497570013293241e-08	 1.79062707430393444109e-07	 3.00166035465089853745e-09	 5.31403916713620250040e-09	 5.31347836621694831795e-09	 5.31405818538343402125e-09	 
 9.80000000000000093259e-01	 2.02916379504575932240e-09	 2.02561712571468094169e-09	 2.02923288247942925947e-09	 1.71718797277214304700e-07	 1.71697766654991498186e-07	 1.71269716988857946788e-07	 1.72188793429831975489e-07	 6.34679610776040737886e-08	 5.91661966733466359760e-08	 1.70267641914190795995e-07	 2.89369937714119904985e-09	 5.11035006470466303878e-09	 5.10981340594417200002e-09	 5.11036818291391923799e-09	 
 9.99999999999999888978e-01	 1.94976202441319509618e-09	 1.94637807464669571286e-09	 1.94984751707992997193e-09	 1.63116804458035337150e-07	 1.63102795540644188512e-07	 1.62703816608830626254e-07	 1.63657467217022302664e-07	 6.03110824568943987157e-08	 5.62093677983389009407e-08	 1.61737994267635008683e-07	 2.78725762096136408907e-09	 4.90966858915915952240e-09	 4.90915500836335195245e-09	 4.90968536465712635777e-09	 
 1.02000000000000001776e+00	 1.87168737417507776290e-09	 1.86845492700762815807e-09	 1.87177901500491818744e-09	 1.54792246169495600363e-07	 1.54783263521116657104e-07	 1.54413812237266794631e-07	 1.55399388255090224231e-07	 5.72579405329203307096e-08	 5.33505071550562804360e-08	 1.53482920150677287716e-07	 2.68252708229511317376e-09	 4.71235948017351210346e-09	 4.71186789834557956638e-09	 4.71237442281492144854e-09	 
 1.04000000000000003553e+00	 1.79502906665045861362e-09	 1.79193603176129087675e-09	 1.79511346168188806343e-09	 1.46748414519728674183e-07	 1.46741750886166052475e-07	 1.46401911998404548636e-07	 1.47416998541512578820e-07	 5.43092822102317352329e-08	 5.05902258643254894607e-08	 1.45505273891123383802e-07	 2.57963979193890731491e-09	 4.51865299195436907181e-09	 4.51818231442592618903e-09	 4.51866555697969696347e-09	 
 1.06000000000000005329e+00	 1.71990250105988326584e-09	 1.71693937518587107685e-09	 1.71997057815169377488e-09	 1.38989152142560671149e-07	 1.38982554503049947043e-07	 1.38671494646204932852e-07	 1.39714026193889962231e-07	 5.14662099220551148394e-08	 4.79294962763045209308e-08	 1.37808699880413331238e-07	 2.47875428834484078254e-09	 4.32884687052666580574e-09	 4.32839615545100740641e-09	 4.32885679982355750953e-09	 
 1.08000000000000007105e+00	 1.64642158018600065398e-09	 1.64358261294836997359e-09	 1.64647122953146391277e-09	 1.31518552689433114425e-07	 1.31510631397256497141e-07	 1.31226444074085348804e-07	 1.32294775016723195332e-07	 4.87300419883127456883e-08	 4.53695099985900189569e-08	 1.30397178594004363585e-07	 2.38002723705937851552e-09	 4.14323536779978033150e-09	 4.14280387917116597770e-09	 4.14324280679994153806e-09	 
 1.09999999999999986677e+00	 1.57464521837461299102e-09	 1.57192780835198338870e-09	 1.57468009213397292373e-09	 1.24334733574284862979e-07	 1.24324773203729390488e-07	 1.24064705034396798448e-07	 1.25157763945385756409e-07	 4.61000407105519003099e-08	 4.29095214959924122655e-08	 1.23268738955975326645e-07	 2.28355496664952731517e-09	 3.96197225750405473072e-09	 3.96155943506086703396e-09	 3.96197768815331333686e-09	 
 1.11999999999999988454e+00	 1.50465864573444468586e-09	 1.50206142122998489646e-09	 1.50468387803990365421e-09	 1.17437130946205526550e-07	 1.17425002737024862464e-07	 1.17186002936448268318e-07	 1.18302370116669313925e-07	 4.35758822715386802756e-08	 4.05491968347600793647e-08	 1.16422854403772105293e-07	 2.18945277173329065102e-09	 3.78527430770639201330e-09	 3.78487966957029770602e-09	 3.78527822817117331050e-09	 
 1.14000000000000012434e+00	 1.43654751251487849806e-09	 1.43406952984144081582e-09	 1.43656800679706129394e-09	 1.10826147749206087783e-07	 1.10812227905495574344e-07	 1.10591151352180873486e-07	 1.11728783480690735432e-07	 4.11576288070518581368e-08	 3.82885776341206748005e-08	 1.09859974356434856346e-07	 2.09783516349429857349e-09	 3.61335832348123922045e-09	 3.61298142308170705857e-09	 3.61336112719812408314e-09	 
 1.15999999999999992006e+00	 1.37034144548863458287e-09	 1.36798225513650328905e-09	 1.37036203488164604536e-09	 1.04496529938237747278e-07	 1.04481594331377280233e-07	 1.04275201127319309233e-07	 1.05431827481414386839e-07	 3.88434236207717444714e-08	 3.61258939952091035523e-08	 1.03574860203601317206e-07	 2.00875975540623526823e-09	 3.44629941557911365479e-09	 3.44593984684471805118e-09	 3.44630141666887139622e-09	 
 1.18000000000000015987e+00	 1.30609146335928601074e-09	 1.30385001929606277083e-09	 1.30611551547088126063e-09	 9.84446181359102974050e-08	 9.84294666547213664425e-08	 9.82354183649940674180e-08	 9.94083762600193020945e-08	 3.66317849855115090617e-08	 3.40597544315660754724e-08	 9.75648756798137247664e-08	 1.92229144575648656500e-09	 3.28422144512550251326e-09	 3.28387880056685370781e-09	 3.28422288965079568359e-09	 
 1.19999999999999973355e+00	 1.24384764890003143038e-09	 1.24172200339305035542e-09	 1.24387671272827645070e-09	 9.26680136245091604453e-08	 9.26533385897112839881e-08	 9.24704770101891479501e-08	 9.36567237323153085762e-08	 3.45216868895348194045e-08	 3.20892106139293853260e-08	 9.18289289068486254340e-08	 1.83849227352376842670e-09	 3.12724486601388241911e-09	 3.12691872462147904950e-09	 3.12724594625754775525e-09	 
 1.21999999999999997335e+00	 1.18360180723453392308e-09	 1.18158947098583919698e-09	 1.18363605788362829778e-09	 8.71587028670831013068e-08	 8.71451294396944408487e-08	 8.69732124391556618884e-08	 8.81696856672174977051e-08	 3.25102603658059498371e-08	 3.02115745852134247834e-08	 8.63600407607402877543e-08	 1.75736966080476674452e-09	 2.97534422022286392864e-09	 2.97503416732507241209e-09	 2.97534509021844342191e-09	 
 1.24000000000000021316e+00	 1.12537260634646737057e-09	 1.12347184452915524786e-09	 1.12541311890359710609e-09	 8.19106500488300058060e-08	 8.18984429646509349561e-08	 8.17379439740422873317e-08	 8.29412091700360723776e-08	 3.05951266175237560850e-08	 2.84245727690070322649e-08	 8.11522677172772804081e-08	 1.67894306295036255722e-09	 2.82856494090319239411e-09	 2.82827057323532097690e-09	 2.82856572909325297512e-09	 
 1.25999999999999978684e+00	 1.06918347907689602471e-09	 1.06739382707817522671e-09	 1.06923307151139118792e-09	 7.69196003386965478691e-08	 7.69085929734539840884e-08	 7.67605911474467377664e-08	 7.79667594436979718345e-08	 2.87745636369885832501e-08	 2.67265436126120543684e-08	 7.62011170835059039262e-08	 1.60323794586281243488e-09	 2.68696642022155996875e-09	 2.68668735248937889534e-09	 2.68696723993451788695e-09	 
 1.28000000000000002665e+00	 1.01500036124149166314e-09	 1.01332264683359727125e-09	 1.01506338409772202901e-09	 7.21759702256615490372e-08	 7.21656703575987085325e-08	 7.20317841407952095040e-08	 7.32368744385136308399e-08	 2.70451735222611763230e-08	 2.51142654852148473565e-08	 7.14968968043469351390e-08	 1.53023236549055624404e-09	 2.55046315776115824211e-09	 2.55019904193263471654e-09	 2.55046411556150894444e-09	 
 1.30000000000000026645e+00	 9.62820517713296037900e-10	 9.61253035715614152149e-10	 9.62899060901523061005e-10	 6.76725233973024880810e-08	 6.76626651771948762918e-08	 6.75435784529825829774e-08	 6.87441098822990796569e-08	 2.54040448743548762479e-08	 2.35849533687245003537e-08	 6.70321578328656211390e-08	 1.45990397279441690545e-09	 2.41903947515717981684e-09	 2.41878989820524476786e-09	 2.41904068175228956889e-09	 
 1.32000000000000006217e+00	 9.12650254534732666058e-10	 9.11187685742598665361e-10	 9.12743049862036131718e-10	 6.34041972166176943830e-08	 6.33949162582785626978e-08	 6.32899744124237876499e-08	 6.44831333517532501021e-08	 2.38490423594156084254e-08	 2.21365597445332090747e-08	 6.28016375639542473316e-08	 1.39223861911868682369e-09	 2.29270055355871082684e-09	 2.29246501196563916024e-09	 2.29270213195434730044e-09	 
 1.34000000000000007994e+00	 8.64438224770677945397e-10	 8.63072688511969480692e-10	 8.64541536112873087840e-10	 5.93607850816649600031e-08	 5.93525193708544014497e-08	 5.92601470778058456775e-08	 6.04438745809144665561e-08	 2.23765146661586166834e-08	 2.07656365262550935391e-08	 5.87950678778637913708e-08	 1.32718447988196015065e-09	 2.17130872190787771753e-09	 2.17108666680312772257e-09	 2.17131081328112285672e-09	 
 1.35999999999999987566e+00	 8.18165009479663049077e-10	 8.16887930643881773494e-10	 8.18275629787519803960e-10	 5.55340404213902611403e-08	 5.55271952837154235590e-08	 5.54456623333889689380e-08	 5.66183380661482237738e-08	 2.09833374725265459871e-08	 1.94692063583716130094e-08	 5.50039688607760870508e-08	 1.26469800996848794730e-09	 2.05480974659208844416e-09	 2.05460058449508806330e-09	 2.05481245762981575877e-09	 
 1.37999999999999989342e+00	 7.73823013735931550734e-10	 7.72625706566480051839e-10	 7.73939208447901577193e-10	 5.19179978776437959524e-08	 5.19128474600410278846e-08	 5.18405262871183034199e-08	 5.30008503986942899933e-08	 1.96672708612829597792e-08	 1.82451321991520684480e-08	 5.14221251241425109089e-08	 1.20475216289888227823e-09	 1.94318079728298770850e-09	 1.94298389466044104097e-09	 1.94318419066986756496e-09	 
 1.40000000000000013323e+00	 7.31347228969454168167e-10	 7.30220825690960655670e-10	 7.31468342433506328618e-10	 4.85018643763406521527e-08	 4.84986156667157291298e-08	 4.84339500606615477095e-08	 4.95811801931676538517e-08	 1.84246934840211249138e-08	 1.70900126384908813303e-08	 4.80386474923448497693e-08	 1.14728793008233172360e-09	 1.83625444609544230873e-09	 1.83606915649898311059e-09	 1.83625856248952270511e-09	 
 1.41999999999999992895e+00	 6.90704543282701894711e-10	 6.89642486535256434670e-10	 6.90829962503267642830e-10	 4.52778537970026547082e-08	 4.52762878162088194973e-08	 4.52181832798521919309e-08	 4.63512373195042972771e-08	 1.72523934078563572130e-08	 1.60008037700780672831e-08	 4.48453776422859395894e-08	 1.09225160054450582479e-09	 1.73395132001708922158e-09	 1.73377701077314617825e-09	 1.73395609368071904598e-09	 
 1.44000000000000016875e+00	 6.51876116721987158063e-10	 6.50874628371058029597e-10	 6.52004903329541172916e-10	 4.22409082258594077047e-08	 4.22402998180375593281e-08	 4.21881806865429261895e-08	 4.33054178112328882194e-08	 1.61480880782054088560e-08	 1.49753465323572803270e-08	 4.18368184383349255037e-08	 1.03961016244467975404e-09	 1.63623018056568423285e-09	 1.63606623575830355374e-09	 1.63623542085197183108e-09	 
 1.45999999999999996447e+00	 6.14786105122130035828e-10	 6.13843417653261260035e-10	 6.14917113878211001948e-10	 3.93810769005776500879e-08	 3.93803276823967027020e-08	 3.93339934691960483773e-08	 4.04337133712080014070e-08	 1.51082783871114289798e-08	 1.40103843436144009044e-08	 3.90027400399508367833e-08	 9.89305987341640130418e-10	 1.54290380700953129073e-09	 1.54274963479709921324e-09	 1.54290922983763363021e-09	 
 1.47999999999999998224e+00	 5.79395106551269701050e-10	 5.78509008493500448227e-10	 5.79526918474937541538e-10	 3.66903171779770191451e-08	 3.66887802651504568988e-08	 3.66476753412155998880e-08	 3.77280322231213714292e-08	 1.41297530327595919718e-08	 1.31028786675747409927e-08	 3.63354587847795208306e-08	 9.41262623540566082088e-10	 1.45386952337485863946e-09	 1.45372454022170216847e-09	 1.45387489349624732771e-09	 
 1.50000000000000000000e+00	 5.45681209547562226002e-10	 5.44848290185671615690e-10	 5.45812080492740594220e-10	 3.41631533430301113086e-08	 3.41608203692745345934e-08	 3.41238211028983706383e-08	 3.51828061674701224008e-08	 1.32102622641357380150e-08	 1.22507054979839925068e-08	 3.38299744391211870793e-08	 8.95423765148100605017e-10	 1.36906707182162819332e-09	 1.36893068897970757989e-09	 1.36907223324668174960e-09	 
 1.52000000000000001776e+00	 5.13564458984154531831e-10	 5.12780540870327995170e-10	 5.13692334987917239688e-10	 3.17896667282894380591e-08	 3.17869382789977160370e-08	 3.17525134077125065433e-08	 3.27882641599936714225e-08	 1.23465136688531974295e-08	 1.14508304655874749923e-08	 3.14766845905455836142e-08	 8.51722447620742133344e-10	 1.28829107040970019403e-09	 1.28816270145847147460e-09	 1.28829590910388191371e-09	 
 1.54000000000000003553e+00	 4.82999519277719970743e-10	 4.82260387295967802606e-10	 4.83121641455299019658e-10	 2.95619592443893775313e-08	 2.95591771403390461870e-08	 2.95261884219495052227e-08	 3.05365033616824343301e-08	 1.15354520636241375686e-08	 1.07003479529571879948e-08	 2.92678656777330949477e-08	 8.10065563074459675767e-10	 1.21142546129849226796e-09	 1.21130458343921709522e-09	 1.21142987851490506015e-09	 
 1.56000000000000027534e+00	 4.53959691896333284631e-10	 4.53261205386036750206e-10	 4.54072362584390096087e-10	 2.74748381748501169925e-08	 2.74721601568520929036e-08	 2.74400061529751476540e-08	 2.84221510686749529545e-08	 1.07750133676702080811e-08	 9.99729519243794619178e-09	 2.71984083485775438827e-08	 7.70383767159579053530e-10	 1.13840198911984125218e-09	 1.13828814554805876515e-09	 1.13840588257476741996e-09	 
 1.58000000000000007105e+00	 4.26360276008666209096e-10	 4.25698225459813511528e-10	 4.26458772933398392284e-10	 2.55189038792099030928e-08	 2.55163808281306695379e-08	 2.54847472904028322397e-08	 2.64357227632760133277e-08	 1.00622377784820369516e-08	 9.33897561073028677517e-09	 2.52589775889094973913e-08	 7.32607632145139172242e-10	 1.06900564515866890635e-09	 1.06889842845236982326e-09	 1.06900889453899937379e-09	 
 1.60000000000000008882e+00	 4.00154869745333309532e-10	 3.99526441452478829073e-10	 4.00237055557533657783e-10	 2.36869392432153887861e-08	 2.36845233009501644122e-08	 2.36533451042189181829e-08	 2.45708106726914258371e-08	 9.39427413065405880302e-09	 8.72266147060630672086e-09	 2.34425792957461642520e-08	 6.96645741291434506096e-10	 1.00312040112112655254e-09	 1.00301943845203023191e-09	 1.00312292781576504054e-09	 
 1.61999999999999988454e+00	 3.75317663422015248380e-10	 3.74721617241528747307e-10	 3.75384530206745643176e-10	 2.19744642329293466632e-08	 2.19720211904992747525e-08	 2.19414281292107420340e-08	 2.28237176434277257016e-08	 8.76925687661371461134e-09	 8.14656861014204979806e-09	 2.17449644944368835742e-08	 6.62434687143137121587e-10	 9.40682624718271497772e-10	 9.40587563970377029244e-10	 9.40684394690358107764e-10	 
 1.64000000000000012434e+00	 3.51763234629031488497e-10	 3.51199381105232532249e-10	 3.51817578346106395527e-10	 2.03728789287239287902e-08	 2.03702065891197652844e-08	 2.03404425768096185940e-08	 2.11862459506720016013e-08	 8.18458376845930861295e-09	 7.60837627066919312103e-09	 2.01577162731611437964e-08	 6.29916078639312029162e-10	 8.81477055288842735011e-10	 8.81387566530075686461e-10	 8.81478044980817906323e-10	 
 1.66000000000000014211e+00	 3.29448322672858732143e-10	 3.28916215783458100042e-10	 3.29492447342724801229e-10	 1.88758706622112230635e-08	 1.88728716660479781378e-08	 1.88442210087512739220e-08	 1.96525945788951456029e-08	 7.63764123492405522946e-09	 7.10549457420631259922e-09	 1.86746896422501659858e-08	 5.98996570747430601505e-10	 8.25397932513713833533e-10	 8.25313730398414113126e-10	 8.25398171544780658721e-10	 
 1.67999999999999993783e+00	 3.08351598180558772722e-10	 3.07850270929536344898e-10	 3.08386815247979529879e-10	 1.74798273894127164122e-08	 1.74765337128527722406e-08	 1.74493193792796770690e-08	 1.82194682630565831748e-08	 7.12678843497749708157e-09	 6.63625535065874281794e-09	 1.72924466821789284385e-08	 5.69610426003720798986e-10	 7.72395627802706075497e-10	 7.72316470650293175707e-10	 7.72395200962841087345e-10	 
 1.70000000000000017764e+00	 2.88389867570175731520e-10	 2.87918192832190602554e-10	 2.88416865080189386909e-10	 1.61770769200379800669e-08	 1.61735863312780335128e-08	 1.61481956813991279438e-08	 1.68792344928973959104e-08	 6.64980715256863789246e-09	 6.19867940798948706314e-09	 1.60035404620754064095e-08	 5.41704681130027940865e-10	 7.22263295277959095274e-10	 7.22188985239860139028e-10	 7.22262314209737512353e-10	 
 1.71999999999999997335e+00	 2.69520657873062022001e-10	 2.69077227044771614320e-10	 2.69539654121232212129e-10	 1.49620097509616975885e-08	 1.49583892500561521718e-08	 1.49350325192720904974e-08	 1.56266402327625587839e-08	 6.20426147881841117963e-09	 5.79036265780249514084e-09	 1.48019042006010162292e-08	 5.15181543335737453710e-10	 6.74886581252483174523e-10	 6.74816902798610192438e-10	 6.74885155413947399453e-10	 
 1.73999999999999999112e+00	 2.51723522618016247810e-10	 2.51306655721361384537e-10	 2.51734324898259940003e-10	 1.38316151381228824618e-08	 1.38278815555945079634e-08	 1.38065831642384347027e-08	 1.44589049247746996782e-08	 5.78864795961407627271e-09	 5.40979942214186960453e-09	 1.36839862166013999615e-08	 4.89969885448627318692e-10	 6.30205437971554193239e-10	 6.30140146062275767374e-10	 6.30203673439520867158e-10	 
 1.76000000000000023093e+00	 2.34915399807719833048e-10	 2.34523313147979226499e-10	 2.34917335641406362313e-10	 1.27790181784200496122e-08	 1.27751527727890063323e-08	 1.27558725504180456102e-08	 1.33690263538536952742e-08	 5.40106310137651799417e-09	 5.05536065391647148984e-09	 1.26426741177853060982e-08	 4.66016186404332622621e-10	 5.88004903625706484610e-10	 5.87943753230652311164e-10	 5.88002908957134496722e-10	 
 1.78000000000000002665e+00	 2.19058504177593874447e-10	 2.18689942998606894521e-10	 2.19052505140686181381e-10	 1.17993341559215313489e-08	 1.17953209195827751924e-08	 1.17777428988479280731e-08	 1.23525079921279985561e-08	 5.03932077715665482834e-09	 4.72489475876910925156e-09	 1.16731143738811978720e-08	 4.43233003356633840694e-10	 5.48194640615844172371e-10	 5.48137409569313703549e-10	 5.48192561583418261244e-10	 
 1.80000000000000004441e+00	 2.04137719557563173280e-10	 2.03792048767884113247e-10	 2.04126674330693706212e-10	 1.08901993382873062523e-08	 1.08860292817764055105e-08	 1.08695211348812554358e-08	 1.14072767395212815055e-08	 4.70212902113510930018e-09	 4.41711283674826253551e-09	 1.07729775414239272729e-08	 4.21559113635630644841e-10	 5.10743094448915908522e-10	 5.10689585500392813211e-10	 5.10741134800164047807e-10	 
 1.81999999999999984013e+00	 1.90072780442032599663e-10	 1.89749895250086931498e-10	 1.90060928416747014999e-10	 1.00455904339193677542e-08	 1.00412433183536275407e-08	 1.00249202121184422843e-08	 1.05271042289272015422e-08	 4.38790618149382236412e-09	 4.13074272177010226464e-09	 9.93621972115816931947e-09	 4.00945535666816150868e-10	 4.75451313247013216223e-10	 4.75401362770110092873e-10	 4.75449744922472857422e-10	 
 1.84000000000000007994e+00	 1.76831991704438891322e-10	 1.76531180294288908802e-10	 1.76822115990084815352e-10	 9.26092906216234166930e-09	 9.25649032418387533121e-09	 9.23981465750975605776e-09	 9.70790774111304895289e-09	 4.09471965680238055755e-09	 3.86379977302465399184e-09	 9.15863559015162316241e-09	 3.81312648042289999539e-10	 4.42235295870369257597e-10	 4.42188716462409325577e-10	 4.42234269871150829216e-10	 
 1.86000000000000009770e+00	 1.64406490901456423796e-10	 1.64126316049566057220e-10	 1.64399849604397459614e-10	 8.53397782790825997792e-09	 8.52966075637751239788e-09	 8.51244962197964117939e-09	 8.94789552271325951350e-09	 3.82146640612500249417e-09	 3.61509137051462574020e-09	 8.43834818149287373382e-09	 3.62602051764311675833e-10	 4.11067738014807497412e-10	 4.11024308135653301988e-10	 4.11067283678896827071e-10	 
 1.87999999999999989342e+00	 1.52720250866490890537e-10	 1.52459001219815668569e-10	 1.52717729882587307013e-10	 7.85916988760254685081e-09	 7.85528621462171279578e-09	 7.83743142393428359072e-09	 8.24135500175474602616e-09	 3.56682263493114439602e-09	 3.38356604274198737713e-09	 7.76998802560180631922e-09	 3.44758248163152047759e-10	 3.81753675868011470818e-10	 3.81713168393871702756e-10	 3.81753791587043228362e-10	 
 1.89999999999999991118e+00	 1.41743023546966937528e-10	 1.41499212580292648419e-10	 1.41744633287030559957e-10	 7.23296384194521153092e-09	 7.22964053763228296387e-09	 7.21131680589429888175e-09	 7.58491957129538081582e-09	 3.32912063638903747390e-09	 3.16748864074419447141e-09	 7.14998801562512146727e-09	 3.27718018874730379154e-10	 3.54219683553175377449e-10	 3.54181878471360312919e-10	 3.54220285395151127816e-10	 
 1.92000000000000015099e+00	 1.31466732033722227698e-10	 1.31239098923279005335e-10	 1.31471695611284807442e-10	 6.65404896466104788882e-09	 6.65121915626155855903e-09	 6.63289805087162369975e-09	 6.97741685266815948305e-09	 3.10744046355750917454e-09	 2.96583105749628439759e-09	 6.57698277674810211318e-09	 3.11432473424674064623e-10	 3.28448661985864314186e-10	 3.28413336942725821006e-10	 3.28449578138082541735e-10	 
 1.93999999999999994671e+00	 1.21816304965209538232e-10	 1.21603718676419048544e-10	 1.21823483269652401036e-10	 6.11771746142587295143e-09	 6.11523267540290707248e-09	 6.09757467091120477782e-09	 6.41382242934363668640e-09	 2.90063865288208379199e-09	 2.77768918516983852136e-09	 6.04629681075722776103e-09	 2.95833676702614996378e-10	 3.04252179250637024954e-10	 3.04219106939578687972e-10	 3.04253174261177722106e-10	 
 1.95999999999999996447e+00	 1.12768267152639693335e-10	 1.12569711346692332673e-10	 1.12776873229586882209e-10	 5.62100724991003931315e-09	 5.61881821541651795712e-09	 5.60204158877527770099e-09	 5.89116631280032766932e-09	 2.70736110282932867011e-09	 2.60165546955974818656e-09	 5.55489868401935686202e-09	 2.80890838405098086757e-10	 2.81570464009250980837e-10	 2.81539489527564369443e-10	 2.81571417608073471028e-10	 
 1.97999999999999998224e+00	 1.04320919223956542046e-10	 1.04135427283131029850e-10	 1.04330504170942066152e-10	 5.16302527542550403250e-09	 5.16120238402549862178e-09	 5.14505803565277914354e-09	 5.40850427965997844091e-09	 2.52690397030084448728e-09	 2.43691022213382877658e-09	 5.10181350372813203744e-09	 2.66579042701722828363e-10	 2.60398414674560699653e-10	 2.60369453893649604844e-10	 2.60399319953008873064e-10	 
 2.00000000000000000000e+00	 9.64031011948941288584e-11	 9.62297600782342678678e-11	 9.64133260812893527382e-11	 4.73974465870752376751e-09	 4.73844599694257075629e-09	 4.72240914815801825690e-09	 4.96124999039919256856e-09	 2.35824407960523745551e-09	 2.28259942156099513443e-09	 4.68299854103896384032e-09	 2.52821081125743301343e-10	 2.40555452536806334629e-10	 2.40528473579677199607e-10	 2.40556348432022455294e-10	 
 2.02000000000000001776e+00	 8.89951171572635990983e-11	 8.88334360228356242766e-11	 8.90059272358786611778e-11	 4.34847174003317849827e-09	 4.34768583131118191928e-09	 4.33144375950708709019e-09	 4.54708556171914676750e-09	 2.20032112420623175006e-09	 2.13770916616596479477e-09	 4.29590413189509685606e-09	 2.39605896774537413044e-10	 2.21995063238535452061e-10	 2.21970000260712372279e-10	 2.21995968453180418940e-10	 
 2.04000000000000003553e+00	 8.20979028254173059532e-11	 8.19478723279409219170e-11	 8.21095356919895456523e-11	 3.98842514447482450954e-09	 3.98795333091737329787e-09	 3.97137510522492695363e-09	 4.16556097725309206450e-09	 2.05260379977723994705e-09	 2.00167011343715511311e-09	 3.93989897744221322075e-09	 2.26915532958691895759e-10	 2.04723404400122661009e-10	 2.04700156727653944959e-10	 2.04724312256294933110e-10	 
 2.06000000000000005329e+00	 7.56423336740053417257e-11	 7.55044894847726465972e-11	 7.56553215343714652588e-11	 3.65603825150810781615e-09	 3.65557021945351213724e-09	 3.63845427946510823011e-09	 3.81263427150256664694e-09	 1.91407310380405882280e-09	 1.87359466290990767449e-09	 3.61156550545129930258e-09	 2.14644695921898813124e-10	 1.88569027921153566449e-10	 1.88547504704841341088e-10	 1.88569922829471897859e-10	 
 2.08000000000000007105e+00	 6.96163027322149650487e-11	 6.94900373945691064489e-11	 6.96303617428836617704e-11	 3.34908983149578111612e-09	 3.34850836258066390806e-09	 3.33083318469735796800e-09	 3.48641393454565906721e-09	 1.78404427045033157027e-09	 1.75288864041183944769e-09	 3.30860606536913344276e-09	 2.02826936428475008817e-10	 1.73495943770745038381e-10	 1.73476021450071609898e-10	 1.73496802441438967647e-10	 
 2.10000000000000053291e+00	 6.40277983605015374276e-11	 6.39112484849774524000e-11	 6.40416959434420451818e-11	 3.06707543048400140042e-09	 3.06644961412853827418e-09	 3.04834705684202321122e-09	 3.18670977326146775101e-09	 1.66223140755364521816e-09	 1.63925006899235008642e-09	 3.03047334218586506235e-09	 1.91477044637711940396e-10	 1.59519032427250876465e-10	 1.59500544253910762179e-10	 1.59519818129662958943e-10	 
 2.12000000000000010658e+00	 5.88139683317196444194e-11	 5.87044812208105622242e-11	 5.88256972133618002787e-11	 2.80684617365017865729e-09	 2.80632849390425016131e-09	 2.78789883419367399612e-09	 2.90992256869897134122e-09	 1.54759077580588967360e-09	 1.53170152697341602114e-09	 2.77416458147598427029e-09	 1.80474241485052698383e-10	 1.46477306015470478003e-10	 1.46460055615206394554e-10	 1.46477959237440500724e-10	 
 2.14000000000000012434e+00	 5.39619048781695320477e-11	 5.38581521265290505242e-11	 5.39707370155752367858e-11	 2.56678271951606524127e-09	 2.56643106797128640922e-09	 2.54777599955231623691e-09	 2.65461979948915229800e-09	 1.43979838508322251064e-09	 1.43005016251212718026e-09	 2.53783335425645341431e-09	 1.69881091809172091347e-10	 1.34341975141810740159e-10	 1.34325835221464913147e-10	 1.34342479617155850176e-10	 
 2.15999999999999969802e+00	 4.94782679372759364273e-11	 4.93800672959524874214e-11	 4.94846003113668408942e-11	 2.34679946218525884867e-09	 2.34658432293444906086e-09	 2.32780663485396338379e-09	 2.42094269501597516080e-09	 1.33881385843379914869e-09	 1.33425832576144889697e-09	 2.32117439554632962713e-09	 1.59732386544675991062e-10	 1.23133606867575971038e-10	 1.23118504586707369044e-10	 1.23133984931332052611e-10	 
 2.18000000000000015987e+00	 4.53030273923867112186e-11	 4.52105414392067912231e-11	 4.53075374098182234487e-11	 2.14427770254112412612e-09	 2.14414440183081431554e-09	 2.12526357714697381407e-09	 2.20585812128956172405e-09	 1.24357684092143427254e-09	 1.24325368267320773060e-09	 2.12155352855012380677e-09	 1.49891900342944839734e-10	 1.12702983175588193153e-10	 1.12688861709890804871e-10	 1.12703267220917441074e-10	 
 2.20000000000000017764e+00	 4.14279938782494745034e-11	 4.13411685767163832294e-11	 4.14311507024218762046e-11	 1.95777904871197302060e-09	 1.95771462001223995597e-09	 1.93879250756649201910e-09	 2.00798819616127651929e-09	 1.15398878738893351734e-09	 1.15715651516108623707e-09	 1.93764685650814916685e-09	 1.40441318178627979583e-10	 1.03026813256232759841e-10	 1.03013623084749803400e-10	 1.03027029379649899209e-10	 
 2.21999999999999975131e+00	 3.78639575374989009376e-11	 3.77825468589319021056e-11	 3.78660973098558893452e-11	 1.78724606995355967580e-09	 1.78728328701283804605e-09	 1.76842342596606778994e-09	 1.82740932156641462782e-09	 1.07014691713410310869e-09	 1.07614734858518617946e-09	 1.76948460130095305694e-09	 1.31431034201542318262e-10	 9.41300767214806635953e-11	 9.41177739066616261287e-11	 9.41302505024306457829e-11	 
 2.24000000000000021316e+00	 3.45577058130152492912e-11	 3.44814460526859713652e-11	 3.45591849548429205441e-11	 1.63039546430217144807e-09	 1.63061181099049751401e-09	 1.61185246487631839532e-09	 1.66144550819918204466e-09	 9.90937565293084878733e-10	 9.99094313805100382633e-10	 1.61489199170083137078e-09	 1.22715397365896199247e-10	 8.58783601732331027431e-11	 8.58669137181791246340e-11	 8.58785264983089883726e-11	 
 2.25999999999999978684e+00	 3.15000222063524314229e-11	 3.14286650410200222394e-11	 3.15010345135289142311e-11	 1.48614074501774189537e-09	 1.48653959014199811589e-09	 1.46791640974641079160e-09	 1.50900160336197670363e-09	 9.16484951112743263255e-10	 9.26302765114847523121e-10	 1.47273205474870510862e-09	 1.14384152924671424247e-10	 7.82494087887103764718e-11	 7.82387719979610981299e-11	 7.82495840100479246269e-11	 
 2.27999999999999980460e+00	 2.87004668175003594741e-11	 2.86337830214056782196e-11	 2.87010981316217373960e-11	 1.35462480758584313309e-09	 1.35513856488125579710e-09	 1.33667240644841016666e-09	 1.37026342818725721996e-09	 8.47061657160500426647e-10	 8.58105720832246791475e-10	 1.34309464810354513148e-09	 1.06499485900133290250e-10	 7.12684685840900383414e-11	 7.12585766331359961866e-11	 7.12686568790614220598e-11	 
 2.30000000000000026645e+00	 2.61113268177928142566e-11	 2.60491345428797741821e-11	 2.61116369118436291889e-11	 1.23398885546491186170e-09	 1.23451445690780213057e-09	 1.21609526661628369103e-09	 1.24289850680333973951e-09	 7.81601452953523357600e-10	 7.93387212985724930621e-10	 1.22418388887512015052e-09	 9.89183313899090740980e-11	 6.48169989014599591890e-11	 6.48077782222792023575e-11	 6.48172081938905986927e-11	 
 2.32000000000000028422e+00	 2.37242160816722115027e-11	 2.36663532385650849822e-11	 2.37243770130976616438e-11	 1.12323807379142827266e-09	 1.12374604300411123655e-09	 1.10534895785066923306e-09	 1.12610101190903133852e-09	 7.20252602708690256881e-10	 7.32478905082220015916e-10	 1.11498414660935987848e-09	 9.17180429339987893342e-11	 5.88716175655658824647e-11	 5.88630230919004876686e-11	 5.88718431942094549261e-11	 
 2.33999999999999985789e+00	 2.15486673981548434061e-11	 2.14950322899251033726e-11	 2.15490599137597256098e-11	 1.02247679008206101052e-09	 1.02300449152445315890e-09	 1.00464402493907545710e-09	 1.02018498567532582759e-09	 6.63317787893591931350e-10	 6.75771952558586613749e-10	 1.01555856384584096474e-09	 8.49587023846751709744e-11	 5.34543270429773549427e-11	 5.34463390488268560396e-11	 5.34545496740123952962e-11	 
 2.36000000000000031974e+00	 1.95429390741902085572e-11	 1.94936248363108740079e-11	 1.95443200129840509844e-11	 9.30121139399974041512e-10	 9.30756769980888595460e-10	 9.12272310078236754864e-10	 9.23192840955694628165e-10	 6.09788214424566151170e-10	 6.22239073914420084472e-10	 9.24344631703163415416e-10	 7.85038106279774289959e-11	 4.84595637195263060590e-11	 4.84521866679072956693e-11	 4.84597486077945392481e-11	 
 2.38000000000000033751e+00	 1.76993277382310056978e-11	 1.76541429475979650679e-11	 1.77017911033999846165e-11	 8.45402052625828842605e-10	 8.46170684182320317969e-10	 8.27554229731205411335e-10	 8.34469423992785426327e-10	 5.59800111956512874499e-10	 5.72107360994419811352e-10	 8.40608526611296135316e-10	 7.24145119526841111181e-11	 4.38697427322385981566e-11	 4.38629536383738487618e-11	 4.38698807461047581262e-11	 
 2.39999999999999991118e+00	 1.60269054871118885479e-11	 1.59853897880542896536e-11	 1.60299487736857833486e-11	 7.68488574933746721822e-10	 7.69371569029025272629e-10	 7.50716045268374644299e-10	 7.54373529973260311229e-10	 5.13668687064065416240e-10	 5.25724669034500458087e-10	 7.64517459846290837309e-10	 6.67476091708333451407e-11	 3.97094939027977313156e-11	 3.97032475803100090950e-11	 3.97095958877603445941e-11	 
 2.41999999999999948486e+00	 1.44897885711248185538e-11	 1.44513603790460038609e-11	 1.44925657030652884600e-11	 6.98053927945622311476e-10	 6.99047723643468544811e-10	 6.80289737185586430322e-10	 6.81363740433841575140e-10	 4.70486898846352954475e-10	 4.82155654969497609602e-10	 6.94744179650754037067e-10	 6.13814891972933284688e-11	 3.58909433941839122531e-11	 3.58851979696809986922e-11	 3.58910251689689676245e-11	 
 2.44000000000000039080e+00	 1.30812140452969431258e-11	 1.30455356267781201127e-11	 1.30834167751412190361e-11	 6.33510024085182108869e-10	 6.34584503568657528432e-10	 6.15773869474585222503e-10	 6.14748434990086477548e-10	 4.30334327462176541921e-10	 4.41551867911119658481e-10	 6.30752520891127645476e-10	 5.63550204806950757033e-11	 3.23941371294687530830e-11	 3.23888540028914113998e-11	 3.23942038682398164157e-11	 
 2.45999999999999996447e+00	 1.18099779300013554629e-11	 1.17768548084582600186e-11	 1.18116447629377674330e-11	 5.75073317236370717823e-10	 5.76156717334425336914e-10	 5.57434682621283838316e-10	 5.54735798491394713933e-10	 3.93508583680250830157e-10	 4.04243083964522160166e-10	 5.72777038957083868233e-10	 5.17169358618246603354e-11	 2.92389021904766310375e-11	 2.92340398559591412242e-11	 2.92389494545117274189e-11	 
 2.47999999999999953815e+00	 1.06466460894268120625e-11	 1.06158821721659078089e-11	 1.06477639224352046382e-11	 5.21679075505363117206e-10	 5.22639149383773505912e-10	 5.04034012286882811628e-10	 4.99987362190826908969e-10	 3.59243332674447272616e-10	 3.69444868017667193334e-10	 5.19753172964150591319e-10	 4.73655124254979857254e-11	 2.63514232525790431989e-11	 2.63469377211047098788e-11	 2.63514362033173949973e-11	 
 2.50000000000000044409e+00	 9.58399206375466114980e-12	 9.55544407450384658189e-12	 9.58465240260758159591e-12	 4.72809671609854381599e-10	 4.73610520271330979650e-10	 4.55191916486659565699e-10	 4.50063260053678066005e-10	 3.27522570236389395004e-10	 3.37178650038802217109e-10	 4.71205062153362258145e-10	 4.33157886582879256281e-11	 2.37141912935913865935e-11	 2.37100528703512808781e-11	 2.37141721477792730424e-11	 
 2.52000000000000001776e+00	 8.62903811513149606642e-12	 8.60260640023478376294e-12	 8.62948632253636221636e-12	 4.28631766007307102526e-10	 4.29306886149080397273e-10	 4.11188001929086401393e-10	 4.05256350790092914352e-10	 2.98580036911615292691e-10	 3.07693919542221227612e-10	 4.27333760450039669465e-10	 3.96036195118299135785e-11	 2.13451207472387599004e-11	 2.13413091793667361297e-11	 2.13450901082746095081e-11	 
 2.54000000000000003553e+00	 7.75737226523690697951e-12	 7.73302667115892090698e-12	 7.75808963856269475282e-12	 3.88228724402172758148e-10	 3.88828272322529431295e-10	 3.71019106363059150907e-10	 3.64501980592962522781e-10	 2.71764841645133614410e-10	 2.80322753277904458835e-10	 3.87283867252712487393e-10	 3.61427470066228344389e-11	 1.91835537635140987256e-11	 1.91800597197426371348e-11	 1.91835532032950525751e-11	 
 2.56000000000000049738e+00	 6.96297730003572864808e-12	 6.94061835246755713554e-12	 6.96407209961122453831e-12	 3.51257840120138863225e-10	 3.51806936495594549351e-10	 3.34348207981390595037e-10	 3.27420303309439548577e-10	 2.47025139451463123568e-10	 2.55037529534360892993e-10	 3.50659587738091303835e-10	 3.29367439289729532395e-11	 1.72142040274709183410e-11	 1.72110089113487293431e-11	 1.72142426047495170429e-11	 
 2.58000000000000007105e+00	 6.25216780468398327101e-12	 6.23163982603775683628e-12	 6.25345842891570802040e-12	 3.17932164470107515041e-10	 3.18447132903248602068e-10	 3.01403889696502028321e-10	 2.94266482062306688552e-10	 2.24561129843782021040e-10	 2.32051115545645677961e-10	 3.17643778417470143071e-10	 3.00145270617873972942e-11	 1.54526363738319884682e-11	 1.54497119727414915207e-11	 1.54526979937772097527e-11	 
 2.60000000000000008882e+00	 5.60512778418448108059e-12	 5.58629448355600100646e-12	 5.60628909864657077778e-12	 2.87519948214839951662e-10	 2.88038078442868942534e-10	 2.71344820806493995664e-10	 2.64221601918354766624e-10	 2.03835102449450130782e-10	 2.10814383100867383285e-10	 2.87564497711966132305e-10	 2.73039699650869774845e-11	 1.38495572659953989421e-11	 1.38468739359909234745e-11	 1.38496141492837031559e-11	 
 2.62000000000000055067e+00	 5.01677037307673565911e-12	 4.99950279548628164039e-12	 5.01769565660547363083e-12	 2.59729222605499692585e-10	 2.60259821742529231277e-10	 2.43927972302748721587e-10	 2.36938406189283825650e-10	 1.84771375555528164035e-10	 1.91260892933714332991e-10	 2.60081706775636388496e-10	 2.48024231186109181757e-11	 1.23922156373769586871e-11	 1.23897521522561668472e-11	 1.23922593563176282549e-11	 
 2.64000000000000012434e+00	 4.49249746471299716847e-12	 4.47664501516999549519e-12	 4.49320372529017884500e-12	 2.34738419953769186703e-10	 2.35271214399420594360e-10	 2.19366067204732913108e-10	 2.12605360461193012424e-10	 1.67535831751156201419e-10	 1.73560397467202217263e-10	 2.35332218807174607190e-10	 2.25337484928605145961e-11	 1.10939768596633199567e-11	 1.10917144954100345309e-11	 1.10940121542100212833e-11	 
 2.66000000000000014211e+00	 4.01633298038317168443e-12	 4.00170923696498124001e-12	 4.01677752439938242104e-12	 2.11953468410549216366e-10	 2.12476187661522678285e-10	 1.96936122672878616841e-10	 1.90565983279818846949e-10	 1.51689275058179409112e-10	 1.57256537598652367419e-10	 2.12736076619250273699e-10	 2.04385013517030503492e-11	 9.91499886784789170024e-12	 9.91291774732605349411e-12	 9.91503481980654689648e-12	 
 2.67999999999999971578e+00	 3.58421407749326379229e-12	 3.57069752908386490726e-12	 3.58440561962532770048e-12	 1.91152665072795604032e-10	 1.91658278169435503563e-10	 1.76496264994357743184e-10	 1.70566319706723663692e-10	 1.37149410898854049760e-10	 1.42281947747405315678e-10	 1.92085161282278767840e-10	 1.85107667425289249397e-11	 8.84527111017747613139e-12	 8.84335653159946180720e-12	 8.84531069979163570856e-12	 
 2.70000000000000017764e+00	 3.20077763714768554959e-12	 3.18825443528334660546e-12	 3.20075868820370717945e-12	 1.72504774465915969975e-10	 1.72984715868236088478e-10	 1.58272514865916088363e-10	 1.52777572757400440045e-10	 1.24051682795810798282e-10	 1.28785234047339653504e-10	 1.73548485069994145025e-10	 1.67699853765775201356e-11	 7.89635766048172166774e-12	 7.89459590624896013244e-12	 7.89640074220999566965e-12	 
 2.72000000000000019540e+00	 2.85329531676239756725e-12	 2.84154899632067031503e-12	 2.85306273938812691648e-12	 1.55558818371126142766e-10	 1.55989411258258451833e-10	 1.41697740290366632146e-10	 1.36677811716359034833e-10	 1.12031352528368018815e-10	 1.16401613180921409419e-10	 1.56691240392566912316e-10	 1.51666342834010539172e-11	 7.03645481149793038690e-12	 7.03482948349283210165e-12	 7.03650473958370639879e-12	 
 2.73999999999999976907e+00	 2.53856610861374385684e-12	 2.52751039641972989635e-12	 2.53814984567775386357e-12	 1.40111761565212767925e-10	 1.40489783418613989096e-10	 1.26633732115671116699e-10	 1.22082581391984080872e-10	 1.01021886429323120294e-10	 1.05055340330602760395e-10	 1.41309396962114335046e-10	 1.36949178892953478242e-11	 6.25775889609412014985e-12	 6.25625919302303060226e-12	 6.25781547257511791342e-12	 
 2.76000000000000023093e+00	 2.26048723725803090438e-12	 2.25011736768335747080e-12	 2.25996461134529770060e-12	 1.26285051744200183526e-10	 1.26624332141471192277e-10	 1.13258289841389927053e-10	 1.09148434743065307453e-10	 9.11438322954102982076e-11	 9.48620977544793447507e-11	 1.27511337487449984203e-10	 1.23717275096106888278e-11	 5.57007131653967492078e-12	 5.56868887051347730042e-12	 5.57013111086569068662e-12	 
 2.77999999999999980460e+00	 2.00901675956239528729e-12	 1.99931012809895457791e-12	 2.00852819252235420449e-12	 1.13706680745070913884e-10	 1.14038299136692974225e-10	 1.01125339759273771046e-10	 9.74904446196723152553e-11	 8.21038111242603534622e-11	 8.55159181731241473833e-11	 1.14906744301910288018e-10	 1.11566544919891591568e-11	 4.94843011334092866669e-12	 4.94715611902408968516e-12	 4.94848763913003967166e-12	 
 2.79999999999999982236e+00	 1.78167497160285168450e-12	 1.77261534324056409008e-12	 1.78126588246164267799e-12	 1.02240842629214354238e-10	 1.02574165622712688120e-10	 9.01215381213525953955e-11	 8.69421243863080388196e-11	 7.38408519978764862925e-11	 7.69637187893791169110e-11	 1.03394796990563679807e-10	 1.00439210074027220811e-11	 4.38664188678899409317e-12	 4.38546927116043911545e-12	 4.38669502461506681098e-12	 
 2.82000000000000028422e+00	 1.58166120470099710589e-12	 1.57325870022101611631e-12	 1.58132687699158666694e-12	 9.20045716882920643943e-11	 9.23364134799484718322e-11	 8.03964680278141854763e-11	 7.76136052510473231390e-11	 6.64537595826860365587e-11	 6.93108647967488693132e-11	 9.31128452105127836787e-11	 9.04758984054174398033e-12	 3.89268824194000850102e-12	 3.89161061399897745223e-12	 3.89273585642711970736e-12	 
 2.83999999999999985789e+00	 1.40101739485570857339e-12	 1.39337112015618643117e-12	 1.40078905673200213368e-12	 8.27063493789841813803e-11	 8.30400365449949902971e-11	 7.16217203967842110844e-11	 6.92022418607568934073e-11	 5.97040518688378583618e-11	 6.23088816848842565113e-11	 8.37820760689350125300e-11	 8.13456572017865672942e-12	 3.44701832992665807251e-12	 3.44603106294833130278e-12	 3.44705463828263058526e-12	 
 2.85999999999999987566e+00	 1.23799046141768740529e-12	 1.23109115026242851744e-12	 1.23786361782011510693e-12	 7.42387290492886587181e-11	 7.45737681335470801020e-11	 6.36861809578265851461e-11	 6.15936358188452060221e-11	 5.35442946990894980330e-11	 5.59138590580697871194e-11	 7.52852513312974395840e-11	 7.30012493475963607582e-12	 3.04501603985552282914e-12	 3.04411366056909684195e-12	 3.04504023354166233658e-12	 
 2.87999999999999989342e+00	 1.09531583629076316316e-12	 1.08907115557823017003e-12	 1.09524690825861165659e-12	 6.66963507183744503616e-11	 6.70298409038648160054e-11	 5.66992525462305236270e-11	 5.48841946791804295417e-11	 4.80590208276565287059e-11	 5.02155310129954670246e-11	 6.77133187363078499513e-11	 6.55646053342853344014e-12	 2.69326452858519743577e-12	 2.69244025550883620764e-12	 2.69327902941833662608e-12	 
 2.90000000000000035527e+00	 9.67011092127218213917e-13	 9.61291501936827545263e-13	 9.66892679413422220970e-13	 5.98454890850727010643e-11	 6.01817947624460079902e-11	 5.04263316263470686712e-11	 4.88428578763205281483e-11	 4.30579888306774471416e-11	 4.50187883601342195558e-11	 6.08580897555020381853e-11	 5.87779149992114056338e-12	 2.37678289558230456740e-12	 2.37603059140469422740e-12	 2.37678819759395311940e-12	 
 2.91999999999999992895e+00	 8.51534356332249135133e-13	 8.46278662247916647865e-13	 8.51344092892236248073e-13	 5.36103238479753663116e-11	 5.39488812380413050375e-11	 4.47670043971811238741e-11	 4.33826140030761164273e-11	 3.85023688995760669303e-11	 4.02829081798498356752e-11	 5.46218241013143551959e-11	 5.25916023774401031843e-12	 2.09194809996395453541e-12	 2.09126255582095193621e-12	 2.09194557028391420990e-12	 
 2.93999999999999994671e+00	 7.50915507357254886466e-13	 7.46107067117090503187e-13	 7.50703842346103268014e-13	 4.80743148626414552934e-11	 4.84104500979626949792e-11	 3.98002796093866136468e-11	 3.85755828914405647962e-11	 3.44618809576307135977e-11	 3.60787781673041018496e-11	 4.90714177907252980459e-11	 4.71006315753569457116e-12	 1.84393206064375316779e-12	 1.84330805018211487214e-12	 1.84392488601447336266e-12	 
 2.96000000000000040856e+00	 6.60510678130113199369e-13	 6.56182429195686777502e-13	 6.60431315692014348504e-13	 4.30636490392159001806e-11	 4.33954029782090600664e-11	 3.53704631629226748835e-11	 3.42213355182741753637e-11	 3.07866596515938738495e-11	 3.22499474711600156308e-11	 4.40364158464037041621e-11	 4.21019081935208057892e-12	 1.62132129406197749082e-12	 1.62075538684492426548e-12	 1.62131662538006553300e-12	 
 2.97999999999999998224e+00	 5.79276693398025906322e-13	 5.75410735287051230261e-13	 5.79360459626089028829e-13	 3.85112186586715043898e-11	 3.88368003270523825803e-11	 3.13841485125511535943e-11	 3.02809794734721410474e-11	 2.74448733513362019131e-11	 2.87660511267108959077e-11	 3.94539012647970188249e-11	 3.75540186758506918498e-12	 1.42140116111485965590e-12	 1.42088921394775950495e-12	 1.42140085515139718590e-12	 
 3.00000000000000000000e+00	 5.08898004656297046658e-13	 5.05429492239231158402e-13	 5.09084050580530442556e-13	 3.44778399324321204560e-11	 3.47947766225808753265e-11	 2.78911984619900626024e-11	 2.68290115926997796187e-11	 2.44920310489266220805e-11	 2.56864406792372861427e-11	 3.53837515002080963228e-11	 3.35324627135569985169e-12	 1.24823563379086179770e-12	 1.24777150420944590283e-12	 1.24823775690777565665e-12	 
 3.02000000000000046185e+00	 4.45968361685231015333e-13	 4.42792085085856638599e-13	 4.46148176712740949793e-13	 3.08262700852262446041e-11	 3.11350879312003479412e-11	 2.47917259575833708300e-11	 2.37055680272274467405e-11	 2.18057481839752931595e-11	 2.28881485133690403929e-11	 3.16848332734921013168e-11	 2.98706669386565061716e-12	 1.09325920974221626754e-12	 1.09283255089051764341e-12	 1.09325914130710062260e-12	 
 3.04000000000000003553e+00	 3.89593313073712512999e-13	 3.86664601902607012790e-13	 3.89731888070261944767e-13	 2.75099355819952463959e-11	 2.78100478896077816321e-11	 2.20067713716664249005e-11	 2.08837425839982963831e-11	 1.93659827828707804722e-11	 2.03468481399404829207e-11	 2.83181728448295419007e-11	 2.65430699020670389793e-12	 9.54411332913407837071e-13	 9.54017618004478276605e-13	 9.54407899532976137357e-13	 
 3.06000000000000005329e+00	 3.40982076287369261536e-13	 3.38291075263002318116e-13	 3.41084707563079436347e-13	 2.45798754784730768200e-11	 2.48692204176206655843e-11	 1.95663774813965685260e-11	 1.84228123300651112980e-11	 1.72210674019432624966e-11	 1.81100179969833919279e-11	 2.53379054314011161752e-11	 2.36164368211238297042e-12	 8.34784143864061433385e-13	 8.34422678249661251726e-13	 8.34778452450287009224e-13	 
 3.08000000000000007105e+00	 2.97524729170456917017e-13	 2.95061072177922102582e-13	 2.97566420505478012587e-13	 2.19295291494132026720e-11	 2.22071671405048338829e-11	 1.74052847999109777878e-11	 1.61832670570344665930e-11	 1.52764539799906458666e-11	 1.60800094955960774686e-11	 2.26340991798409022571e-11	 2.09662005867606443198e-12	 7.27897127553314108972e-13	 7.27570274185366093603e-13	 7.27890143083513482571e-13	 
 3.10000000000000008882e+00	 2.58653224744269881087e-13	 2.56404851262866163796e-13	 2.58633589672961444283e-13	 1.95247323260534030772e-11	 1.97901856230731053902e-11	 1.54633697497158562217e-11	 1.41597251058696969384e-11	 1.35147861983206947550e-11	 1.42394690875838828874e-11	 2.01767130015784456722e-11	 1.85656259793453425528e-12	 6.32337377409751919661e-13	 6.32044135697814638505e-13	 6.32329604086933166687e-13	 
 3.12000000000000010658e+00	 2.25351699288837239966e-13	 2.23304744797846570454e-13	 2.25292277940181218897e-13	 1.74063006222719460352e-11	 1.76592429079431272878e-11	 1.37583843052374190999e-11	 1.24087465423521312413e-11	 1.19735803796003857500e-11	 1.26271039748421026687e-11	 1.80096107278035461778e-11	 1.64638335031717611882e-12	 5.50538150477571734211e-13	 5.50274807121343681068e-13	 5.50529926989339419125e-13	 
 3.13999999999999968026e+00	 1.95725367832229294446e-13	 1.93872195862720879690e-13	 1.95661755074544088681e-13	 1.54910458441724551721e-11	 1.57350623263961103594e-11	 1.22347985165296570846e-11	 1.08097445184148051760e-11	 1.05791397871610566587e-11	 1.11645531059981579330e-11	 1.60532725889593822690e-11	 1.45660958169390291217e-12	 4.77788689102982501207e-13	 4.77551216267507002109e-13	 4.77780022670436569335e-13	 
 3.16000000000000014211e+00	 1.69315677162023062457e-13	 1.67644543809843117735e-13	 1.69259925262209195941e-13	 1.37547802893188310713e-11	 1.39906862638351938046e-11	 1.08603034204582275607e-11	 9.36762739288186147719e-12	 9.31857403047466564858e-12	 9.84067804934447119299e-12	 1.42797274525319569651e-11	 1.28509683926442172434e-12	 4.12966597714230025660e-13	 4.12752433861094783573e-13	 4.12957625121363139319e-13	 
 3.18000000000000015987e+00	 1.46831685485748546406e-13	 1.45324252645531086244e-13	 1.46781306245564787588e-13	 1.22301586007835747661e-11	 1.24568746720337621148e-11	 9.65325598262236928424e-12	 8.13486796743489055465e-12	 8.22178791486034478661e-12	 8.68767930174112874996e-12	 1.27203086413236940494e-11	 1.13562269699920573661e-12	 3.57830244659343962306e-13	 3.57637313064704846972e-13	 3.57821381887865934169e-13	 
 3.19999999999999973355e+00	 1.26903236198653747613e-13	 1.25531082324869799463e-13	 1.26850226400102180166e-13	 1.08501359383575436833e-11	 1.10709565739465878682e-11	 8.55931941550610035019e-12	 7.01619446569401855709e-12	 7.23187074790887164926e-12	 7.64393764433234958462e-12	 1.13175597117121402827e-11	 1.00091408965263834717e-12	 3.08945440756506525506e-13	 3.08771886784821111653e-13	 3.08937865276806059894e-13	 
 3.22000000000000019540e+00	 1.09192759253201506715e-13	 1.07941257917882639987e-13	 1.09135327716782991680e-13	 9.59979055180085917986e-12	 9.81515834234112805369e-12	 7.56754626237146496183e-12	 6.01346965095179087096e-12	 6.33919473560532350122e-12	 6.70150966248813956512e-12	 1.00481392304890651204e-11	 8.79407597925319663205e-13	 2.65514163378881143908e-13	 2.65358435386156755741e-13	 2.65508157240198546966e-13	 
 3.24000000000000021316e+00	 9.42170336018288878736e-14	 9.30779446427401465369e-14	 9.41579822802279650702e-14	 8.50707602597399816803e-12	 8.71484378431182924614e-12	 6.69802317925852085944e-12	 5.16815930227765278508e-12	 5.56729897271456835780e-12	 5.88631984940586724430e-12	 8.93382657550130189786e-12	 7.74072312236676538048e-13	 2.28837263414693228821e-13	 2.28697704983941167754e-13	 2.28832548192536956542e-13	 
 3.25999999999999978684e+00	 8.10019570566411121652e-14	 7.99544163071011802615e-14	 8.09429938577577993151e-14	 7.52224754394679929086e-12	 7.72056269523772604600e-12	 5.88318436388845908307e-12	 4.40843735044827315506e-12	 4.87336825670452914983e-12	 5.15167177868508257500e-12	 7.92526058113308423067e-12	 6.79453012649259470692e-13	 1.96460353563210950311e-13	 1.96335969979334424706e-13	 1.96457337858803556249e-13	 
 3.28000000000000024869e+00	 6.92979415912188518395e-14	 6.83329657289043843226e-14	 6.92400720370711012951e-14	 6.63237918443918817712e-12	 6.82051404655876214570e-12	 5.13754226277364535323e-12	 3.73275050814880189351e-12	 4.24957952814723026020e-12	 4.49068808097610388460e-12	 7.01121639623870113588e-12	 5.94333995039699011717e-13	 1.67798281710532042972e-13	 1.67687935632953505337e-13	 1.67796911419984329541e-13	 
 3.29999999999999982236e+00	 5.94687092719290978721e-14	 5.85867383354489508182e-14	 5.94128264159661204640e-14	 5.85790783000331137455e-12	 6.03541856687893636362e-12	 4.49288507994540454539e-12	 3.17187534369592261202e-12	 3.71364759976725110763e-12	 3.92293743337121196130e-12	 6.21299136292172452862e-12	 5.20991026145387836299e-13	 1.43779271344154194345e-13	 1.43681468642464591115e-13	 1.43779081117010288457e-13	 
 3.31999999999999984013e+00	 5.08009844601781356166e-14	 5.00150315806214829832e-14	 5.07458152565153086785e-14	 5.16027377946170351653e-12	 5.32742735425350703689e-12	 3.88026787126435942688e-12	 2.67477316735928112121e-12	 3.23326471866097508602e-12	 3.41263148968023869478e-12	 5.49637184651981830882e-12	 4.55724065882230678703e-13	 1.22666468265922740354e-13	 1.22580922933631993961e-13	 1.22667376817640332443e-13	 
 3.34000000000000030198e+00	 4.31425124712751117695e-14	 4.24517105539672710349e-14	 4.30881459219473080710e-14	 4.53080385500135435101e-12	 4.68780047113266138803e-12	 3.32041358691204223809e-12	 2.23690160821415794285e-12	 2.80272491261883411299e-12	 2.95492657752922533997e-12	 4.84951603074176259196e-12	 3.97286145632872708583e-13	 1.04046256194435685370e-13	 1.03972093801110381094e-13	 1.04048087873234898621e-13	 
 3.36000000000000031974e+00	 3.67694385864603424935e-14	 3.61624243801266686002e-14	 3.67182653536055284274e-14	 3.98588854525098935849e-12	 4.13265112924404724313e-12	 2.84892966360237837774e-12	 1.87915413197068099454e-12	 2.43562563932619719193e-12	 2.56516820659084611128e-12	 4.28620724993210353441e-12	 3.47079566196188834948e-13	 8.85751959674743624441e-14	 8.85107389407319264674e-14	 8.85775656370483627023e-14	 
 3.37999999999999989342e+00	 3.11796184842715290274e-14	 3.06562263627493094746e-14	 3.11448192526434875211e-14	 3.49715937947996663425e-12	 3.63393311002859175645e-12	 2.41139000508057632787e-12	 1.56783292423561874073e-12	 2.10896158306169339731e-12	 2.21797907728069414290e-12	 3.77893427965336994520e-12	 3.01861929405371878116e-13	 7.50402594801072207836e-14	 7.49842043973226312587e-14	 7.50425794492345611681e-14	 
 3.39999999999999991118e+00	 2.62635457416335184744e-14	 2.58179026780329812678e-14	 2.62475850894427544659e-14	 3.05751483863268160668e-12	 3.18461291844991313823e-12	 2.01806427233663274639e-12	 1.29664686163495400295e-12	 1.81757181685206189155e-12	 1.90832554605160164068e-12	 3.32097460091243147477e-12	 2.61258185858254797186e-13	 6.31535946028111507236e-14	 6.31049743575072985182e-14	 6.31556610711120597999e-14	 
 3.42000000000000037303e+00	 2.22143471701231465837e-14	 2.18329984069157793486e-14	 2.22111744788144721757e-14	 2.67899135484753329858e-12	 2.79668140025920414808e-12	 1.69640234097798010037e-12	 1.07807623895159316078e-12	 1.57087605433875457661e-12	 1.64669329733853750418e-12	 2.92426858057713361398e-12	 2.26711310597610784288e-13	 5.33716293146879881448e-14	 5.33293951041309837847e-14	 5.33734811285771728789e-14	 
 3.43999999999999994671e+00	 1.86952989011838050019e-14	 1.83639674633159347668e-14	 1.87014158600546483795e-14	 2.34156560762259169743e-12	 2.45039810888221639794e-12	 1.41152203989025105943e-12	 8.89882995672654866014e-13	 1.35239122660735304804e-12	 1.41502126956132512740e-12	 2.56940963071657719705e-12	 1.95981568835848827619e-13	 4.48621417360338284396e-14	 4.48255594645248220540e-14	 4.48638969111698346998e-14	 
 3.45999999999999996447e+00	 1.56198016851977934692e-14	 1.53306427071886406163e-14	 1.56327631401644742051e-14	 2.03913659360045235467e-12	 2.13956149406534370334e-12	 1.16164502027993451529e-12	 7.27261126275726081318e-13	 1.15823263993379488780e-12	 1.20931198599655395991e-12	 2.25024164953973301405e-12	 1.68580901295541886537e-13	 3.74255500847504865327e-14	 3.73940103085718694155e-14	 3.74272402246895440777e-14	 
 3.48000000000000042633e+00	 1.31114423768216252598e-14	 1.28589131495834672014e-14	 1.31278770877657301384e-14	 1.77996021691466186109e-12	 1.87235786646463657789e-12	 9.61415112446536549027e-13	 5.98053225905610708651e-13	 9.95047079407529318099e-13	 1.03688758252522377351e-12	 1.97478596520438300355e-12	 1.45434311927345858576e-13	 3.13708965390125631294e-14	 3.13436445140765592442e-14	 3.13724640520268418647e-14	 
 3.50000000000000000000e+00	 1.09437386682698427103e-14	 1.07204122709343621370e-14	 1.09538527532829209737e-14	 1.54914676371557065432e-12	 1.63420557715053633801e-12	 7.87743834593179414026e-13	 4.87549453513659035088e-13	 8.50298095931403443876e-13	 8.84453756997595760527e-13	 1.72727562216709359388e-12	 1.24877902706792669056e-13	 2.61365910728872178677e-14	 2.61129272832351077141e-14	 2.61376946578448616612e-14	 
 3.52000000000000001776e+00	 9.05874476513474935755e-15	 8.86070450851593705173e-15	 9.06009979334918221682e-15	 1.34262794646732802504e-12	 1.42081705996776580295e-12	 6.37519359982701310620e-13	 3.92725220002430106597e-13	 7.21896416379110569543e-13	 7.49518523138444448378e-13	 1.50457331703175342823e-12	 1.06600323830775994499e-13	 2.15873157531330161842e-14	 2.15667880203109160189e-14	 2.15878950642508650490e-14	 
 3.54000000000000047962e+00	 7.53807982638990629815e-15	 7.36316107104782670842e-15	 7.53414687973873255521e-15	 1.16665610029934988748e-12	 1.23830253249039098482e-12	 5.19556813352742772689e-13	 3.18712100321996726932e-13	 6.15142740042760581350e-13	 6.37596359267975983704e-13	 1.31366870030558694546e-12	 9.13008829404739934887e-14	 1.79271380116734437873e-14	 1.79093340279865283175e-14	 1.79273746772897027044e-14	 
 3.56000000000000005329e+00	 6.22411822876712733130e-15	 6.07042665250039258315e-15	 6.22006608039746602195e-15	 1.01011928916947255276e-12	 1.07556054738721354606e-12	 4.18655142042929617592e-13	 2.56270306152650628971e-13	 5.21225111476807164973e-13	 5.39549312085908321603e-13	 1.14295776071056289670e-12	 7.77356072595522590217e-14	 1.47709255851281043011e-14	 1.47555382468084189265e-14	 1.47710054046680862037e-14	 
 3.58000000000000007105e+00	 5.08557758444292667998e-15	 4.95136928926822260844e-15	 5.08315286014267185691e-15	 8.70354413474315712171e-13	 9.29936311849964745898e-13	 3.32376856647397474459e-13	 2.03247955316478563417e-13	 4.38429641942454484872e-13	 4.53312281848682589053e-13	 9.89923310411177486397e-13	 6.57157235671873209710e-14	 1.20406142442731773388e-14	 1.20273913354230950342e-14	 1.20406181945987631890e-14	 
 3.60000000000000053291e+00	 4.18160485859313901309e-15	 4.06464583695244282087e-15	 4.18009110482713715352e-15	 7.52089490301220574310e-13	 8.06186236162198806064e-13	 2.66177691873237064450e-13	 1.62643095154428224730e-13	 3.70345111210291218196e-13	 3.82499740836467570067e-13	 8.59618994563047205086e-13	 5.57724300741761205053e-14	 9.87875065463713001876e-15	 9.86738510713089442995e-15	 9.87869756089767225141e-15	 
 3.62000000000000010658e+00	 3.40879596345117695478e-15	 3.30629077306205924226e-15	 3.40549165431709982067e-15	 6.46986384509814673449e-13	 6.95591132839947679641e-13	 2.10298934115321972893e-13	 1.29012872993391419695e-13	 3.10589655281845218914e-13	 3.20494377853931321422e-13	 7.43172250239387138790e-13	 4.70069989368646445373e-14	 8.03150468579692581887e-15	 8.02174475278435555989e-15	 8.03126095885972058712e-15	 
 3.63999999999999968026e+00	 2.74503204144392585788e-15	 2.65532759570254624741e-15	 2.73934122571670521164e-15	 5.53374772069959989738e-13	 5.96747597346144167023e-13	 1.63103187222734909129e-13	 1.00816174456526617699e-13	 2.58139317292941252196e-13	 2.66141701236880571676e-13	 6.39023471561862279356e-13	 3.92851122235650346787e-14	 6.44677012111869036600e-15	 6.43843144723902520475e-15	 6.44632261070593399215e-15	 
 3.65999999999999969802e+00	 2.22705637346947475652e-15	 2.14900841284416549491e-15	 2.22014346662328995496e-15	 4.74836667655862313742e-13	 5.13540042499218071175e-13	 1.27894947172159714004e-13	 7.95891874202350958454e-14	 2.15619609076454765745e-13	 2.22129893137921306892e-13	 5.51084793637490361598e-13	 3.29923238559530691441e-14	 5.21495352921052005749e-15	 5.20784058383493816077e-15	 5.21440810716850191886e-15	 
 3.68000000000000015987e+00	 1.78634274837289751898e-15	 1.71960807444564407445e-15	 1.77750516309481418655e-15	 4.04765968735917579504e-13	 4.39440546656250720067e-13	 9.86188242598199194343e-14	 6.19684647793205591286e-14	 1.78381153256109745189e-13	 1.83712810826378163776e-13	 4.72189398607200905488e-13	 2.76221266989329540454e-14	 4.17103117189367326613e-15	 4.16510296083234137552e-15	 4.17044799930094787092e-15	 
 3.70000000000000017764e+00	 1.41056944815450829202e-15	 1.35432381404490203096e-15	 1.39999636707020386142e-15	 3.42437732020317151565e-13	 3.73489637882742739585e-13	 7.42522869638149100284e-14	 4.72657275399311981490e-14	 1.45870083472374938451e-13	 1.50224658405146411892e-13	 4.01715654728446999946e-13	 2.29673213873435708434e-14	 3.28341606784677096037e-15	 3.27856931238904914972e-15	 3.28282924036061304847e-15	 
 3.71999999999999975131e+00	 1.12414865822872365188e-15	 1.07680584357637407878e-15	 1.11326001395652542846e-15	 2.90808129521616895577e-13	 3.18559159871198989376e-13	 5.67105545238466688553e-14	 3.65221595506712601914e-14	 1.20036317451981515340e-13	 1.23610818910178051256e-13	 3.42951101702933344027e-13	 1.91863341674957803326e-14	 2.60946060974390527391e-15	 2.60547824533175131969e-15	 2.60890356426296410144e-15	 
 3.74000000000000021316e+00	 8.82688468711615045248e-16	 8.44348194343653363119e-16	 8.74469856323228394373e-16	 2.44446980666610382944e-13	 2.69191309493466092744e-13	 4.24026769323962095090e-14	 2.78501719447759752770e-14	 9.78391197935108461642e-14	 1.00666120128649764890e-13	 2.90019495063318980971e-13	 1.57781872542310710587e-14	 2.04531403555020381941e-15	 2.04207605787796511397e-15	 2.04482470531009087310e-15	 
 3.76000000000000023093e+00	 6.79057415322342475536e-16	 6.48980945315545519615e-16	 6.74205755109289913187e-16	 2.03285526966524796223e-13	 2.25262347993272718159e-13	 3.07166698537468043823e-14	 2.07567933169777330475e-14	 7.87127726705648315106e-14	 8.08719307169832378532e-14	 2.42862814688561618760e-13	 1.27706831856246181873e-14	 1.57139407280742889346e-15	 1.56879871869462946443e-15	 1.57098256124531739289e-15	 
 3.77999999999999980460e+00	 5.28695202704381897751e-16	 5.04833736223368725204e-16	 5.25880176239510462992e-16	 1.69884394184755144984e-13	 1.89344067547418915580e-13	 2.26873989076520616373e-14	 1.57137281988146743416e-14	 6.37871423346064559760e-14	 6.54585349180267983566e-14	 2.04275516286794422041e-13	 1.04104199922732652640e-14	 1.22190079126845426786e-15	 1.21980799897812512411e-15	 1.22155734732999629214e-15	 
 3.80000000000000026645e+00	 4.05463843817183174999e-16	 3.86048702237183760052e-16	 4.03134317302973328013e-16	 1.39992497947315637274e-13	 1.56987354030306425246e-13	 1.63829441553881633162e-14	 1.17030167025951642371e-14	 5.06181267826945809985e-14	 5.20152926928883691453e-14	 1.69540674281124929361e-13	 8.37666477303790872052e-15	 9.34032917600321197527e-16	 9.32366611004153097387e-16	 9.33785002611944141175e-16	 
 3.82000000000000028422e+00	 3.03663459679435924884e-16	 2.87756448250890480420e-16	 3.01277592299626052656e-16	 1.13662234410724185566e-13	 1.28345980389182010967e-13	 1.13843686309161707185e-14	 8.46993440274267368354e-15	 3.92366152648245271855e-14	 4.04499563021091732080e-14	 1.38793031168939167910e-13	 6.62905585156045171320e-15	 6.95910986241890925713e-16	 6.94608127193905897931e-16	 6.95756565493521850950e-16	 
 3.83999999999999985789e+00	 2.30813085835849586678e-16	 2.17849639519715444190e-16	 2.28634110195677567911e-16	 9.28990034561345184876e-14	 1.05578505547463069767e-13	 8.11666189409212689503e-15	 6.25082922884018986481e-15	 3.07564293010252939954e-14	 3.17971735520435726618e-14	 1.14308198034531310423e-13	 5.29399337007488188119e-15	 5.26643388709665833466e-16	 5.25618827570049629266e-16	 5.26548262157022077116e-16	 
 3.86000000000000031974e+00	 1.70832832674000543677e-16	 1.61406847104083032137e-16	 1.70418492869450719992e-16	 7.44270930403055203857e-14	 8.53771844203444200620e-14	 5.65531373833995513450e-15	 4.52753983424438429121e-15	 2.36765209625315160117e-14	 2.45222720556372619753e-14	 9.24654239933820373081e-14	 4.17162807923667674690e-15	 3.90010422120131992429e-16	 3.89272843491342166296e-16	 3.90010869868773227096e-16	 
 3.87999999999999989342e+00	 1.21719539900937724684e-16	 1.15611947689649570531e-16	 1.23273468221027319261e-16	 5.83445811724294653104e-14	 6.77538802296864549791e-14	 3.76682329519218479745e-15	 3.16678970092922409526e-15	 1.77654481528058018517e-14	 1.84247177232646327792e-14	 7.33636506421283861044e-14	 3.22423827425716047339e-15	 2.79183638136546969536e-16	 2.78701960490232151400e-16	 2.79274298235276606630e-16	 
 3.89999999999999991118e+00	 8.86543717433311500006e-17	 8.45723492680512380291e-17	 9.09548382217893211934e-17	 4.61971015756421076569e-14	 5.42427923150976901478e-14	 2.59289867330301093034e-15	 2.27003840124122924275e-15	 1.35287657800534610113e-14	 1.40482331897651546467e-14	 5.87225404132582383088e-14	 2.52078816297026051679e-15	 2.04121643704116005566e-16	 2.03797748489732121837e-16	 2.04243985701844975961e-16	 
 3.91999999999999948486e+00	 6.33137816099816949889e-17	 6.06777939161991726351e-17	 6.60070224205102020252e-17	 3.59111641356650866589e-14	 4.26587683664831672285e-14	 1.74578805408961987418e-15	 1.59296468446293373226e-15	 1.01045672517606591783e-14	 1.05218750357606005614e-14	 4.61407661703705489133e-14	 1.94478180122823009232e-15	 1.46389971044256056853e-16	 1.46174811060896199716e-16	 1.46523751351564562170e-16	 
 3.93999999999999994671e+00	 4.33937741642389404906e-17	 4.18098449778015823458e-17	 4.62052364089878566388e-17	 2.71203495114994043805e-14	 3.26565505832109628674e-14	 1.11563122605914567704e-15	 1.06807524979774578656e-15	 7.29212724666195729553e-15	 7.62481736237527477750e-15	 3.52858934503237230011e-14	 1.46564577396718803446e-15	 1.00831451117283915919e-16	 1.00694573121497623018e-16	 1.00966050991593043155e-16	 
 3.95999999999999996447e+00	 3.00531769890922847965e-17	 2.90473981334945824358e-17	 3.25738587472835761299e-17	 2.03155780558940703213e-14	 2.47707116433962065785e-14	 7.33215616634549684785e-16	 7.25891787755479133390e-16	 5.27086690753645065945e-15	 5.52233474658631238444e-15	 2.68048942955479017781e-14	 1.11198847575566823043e-15	 7.00306275702379799356e-17	 6.99407927106756721761e-17	 7.01584511452230118143e-17	 
 3.97999999999999953815e+00	 2.04889214063906064042e-17	 1.98561048786799559595e-17	 2.31335514044984585823e-17	 1.49784989409140958490e-14	 1.85117768738707529058e-14	 4.77636637313146580874e-16	 4.87688267457464086398e-16	 3.75220759895651444128e-15	 3.93117879709435740098e-15	 2.00675890567284661563e-14	 8.32888869572551199664e-16	 4.78592525882791883767e-17	 4.78022102381216681313e-17	 4.79723793886806134721e-17	 
 4.00000000000000000000e+00	 1.33393669169282127408e-17	 1.29581604510184532627e-17	 1.60887343737933229604e-17	 1.06630373369189296881e-14	 1.33899906368472609494e-14	 2.98246017916772168792e-16	 3.14240486691400133678e-16	 2.56598011241375730402e-15	 2.68629120172578498112e-15	 1.45485235698796365284e-14	 6.09019409995885490495e-16	 3.12271641501087998563e-17	 3.11933927287413565176e-17	 3.13211846433232028997e-17	 
 4.01999999999999957367e+00	 8.81452019142569892513e-18	 8.57175329222120017591e-18	 1.10628410068118888320e-17	 7.57844460733433970133e-15	 9.63052402442198131394e-15	 1.92906462225989641650e-16	 2.08452079061539005113e-16	 1.75549316242687385326e-15	 1.84946110502186572460e-15	 1.04823257705952058581e-14	 4.58062353794790893599e-16	 2.06576405415676969173e-17	 2.06358116236583123743e-17	 2.07269864504852613321e-17	 
 4.04000000000000003553e+00	 5.71722113673188833258e-18	 5.56366778258243969492e-18	 7.31026904029048220210e-18	 5.29601167723899584364e-15	 6.80308737139003479421e-15	 1.23726494770780569306e-16	 1.36038185641854451108e-16	 1.17581004146619528123e-15	 1.24901041236955108223e-15	 7.41576866608883674705e-15	 3.42504828500900270139e-16	 1.34072612992725606280e-17	 1.33932902113041723852e-17	 1.34553150717647256965e-17	 
 4.06000000000000049738e+00	 3.50055095123882776970e-18	 3.40720196959586671049e-18	 4.46578198915434284077e-18	 3.53857209561023030200e-15	 4.59882039191554595120e-15	 7.60446868858401871541e-17	 8.44222977855327328591e-17	 7.47282086863130705390e-16	 8.02445172073104898656e-16	 5.01879284032783869137e-15	 2.49663402430309835445e-16	 8.20850593892536955461e-18	 8.19994901011905600811e-18	 8.23901854020291249933e-18	 
 4.08000000000000007105e+00	 2.19370835042428811863e-18	 2.13358838271196896674e-18	 2.81571039952027725230e-18	 2.37342785036613794228e-15	 3.12030747669195525337e-15	 4.89004773195018553543e-17	 5.46357424013475092911e-17	 4.93523447810321364485e-16	 5.30509693927638530733e-16	 3.40273507693705924167e-15	 1.79758030100684778500e-16	 5.13787595200367913727e-18	 5.13245370138572496048e-18	 5.15839637799278831182e-18	 
 4.09999999999999964473e+00	 1.32725917283781718710e-18	 1.28854849569634326632e-18	 1.72810550547795517254e-18	 1.58113068720366242052e-15	 2.09177957245318181533e-15	 3.13213341895840280388e-17	 3.50672373461965661384e-17	 3.21043147700690958964e-16	 3.46152897931752679941e-16	 2.28246509896434936924e-15	 1.24158462325242372348e-16	 3.10185142611460605316e-18	 3.09850382494178813135e-18	 3.11568284960680049205e-18	 
 4.12000000000000010658e+00	 7.24399843523418196206e-19	 7.00136931839163427335e-19	 9.76036581292073472173e-19	 1.01684834414018287926e-15	 1.34689730054171526856e-15	 1.93742162990077833185e-17	 2.16104448245505351734e-17	 1.97759275060741910281e-16	 2.15243387317816473275e-16	 1.47235739626084328967e-15	 7.98494484640842121971e-17	 1.68498523840137576757e-18	 1.68308435792885957990e-18	 1.69401737310818808843e-18	 
 4.14000000000000056843e+00	 3.76806814480454355986e-19	 3.60566045580886126005e-19	 5.45593391855608360536e-19	 6.84472863754172713652e-16	 9.06867121445188255846e-16	 1.26485645672221259211e-17	 1.40239868150731254644e-17	 1.22202518581918919395e-16	 1.37712828907121969161e-16	 9.91111472616283597222e-16	 5.18328196508909498845e-17	 8.67889808900658882875e-19	 8.66847374615197526200e-19	 8.73673171309053541345e-19	 
 4.16000000000000014211e+00	 1.42005329375558042574e-19	 1.34865572033727923254e-19	 2.16283858665206934858e-19	 3.01841023260774501991e-16	 3.99968690832962034313e-16	 5.49083589994417096115e-18	 6.06897114605194065242e-18	 5.15263169378607632193e-17	 5.91690002735234087614e-17	 4.37086924017454346592e-16	 2.24490416959387587209e-17	 3.24659388385053010239e-19	 3.24251286567770467672e-19	 3.27147159337226382943e-19	 
 4.17999999999999971578e+00	 0.00000000000000000000e+00	 0.00000000000000000000e+00	 0.00000000000000000000e+00	 0.00000000000000000000e+00	 0.00000000000000000000e+00	 0.00000000000000000000e+00	 0.00000000000000000000e+00	 0.00000000000000000000e+00	 0.00000000000000000000e+00	 0.00000000000000000000e+00	 0.00000000000000000000e+00	 0.00000000000000000000e+00	 0.00000000000000000000e+00	 0.00000000000000000000e+00	 
 4.20000000000000017764e+00	 3.63377241618231199928e-23	 3.45113966532180259797e-23	 5.53378958866816248445e-23	 7.72094629003312701303e-20	 1.02310011068681122952e-19	 1.40457751583766095228e-21	 1.55247751150762646922e-21	 1.31814962241249563699e-20	 1.51360105345796941923e-20	 1.11804691892423287901e-19	 5.74258269039525585289e-21	 8.30786215469503404296e-23	 8.29742023638109344989e-23	 8.37150160517635572937e-23	 
 4.21999999999999975131e+00	 0.00000000000000000000e+00	 0.00000000000000000000e+00	 0.00000000000000000000e+00	 0.00000000000000000000e+00	 0.00000000000000000000e+00	 0.00000000000000000000e+00	 0.00000000000000000000e+00	 0.00000000000000000000e+00	 0.00000000000000000000e+00	 0.00000000000000000000e+00	 0.00000000000000000000e+00	 0.00000000000000000000e+00	 0.00000000000000000000e+00	 0.00000000000000000000e+00	 
 4.24000000000000021316e+00	 7.53309406061497290617e-27	 7.15451585354900768198e-27	 1.14716247647936491359e-26	 1.60046713157182984624e-23	 2.12077369303201575184e-23	 2.91155913069298487876e-25	 3.21814757516454242498e-25	 2.73244588281116435280e-24	 3.13757245032636579114e-24	 2.31758805953844670725e-23	 1.19038570098778813623e-24	 1.72229272678133117615e-26	 1.72012808604549065935e-26	 1.73548466105030546688e-26	 
 4.25999999999999978684e+00	 0.00000000000000000000e+00	 0.00000000000000000000e+00	 0.00000000000000000000e+00	 0.00000000000000000000e+00	 0.00000000000000000000e+00	 0.00000000000000000000e+00	 0.00000000000000000000e+00	 0.00000000000000000000e+00	 0.00000000000000000000e+00	 0.00000000000000000000e+00	 0.00000000000000000000e+00	 0.00000000000000000000e+00	 0.00000000000000000000e+00	 0.00000000000000000000e+00	 
 4.28000000000000024869e+00	 1.35533916818516489290e-30	 1.28722737971490926196e-30	 2.06393869884839413119e-30	 2.87947482685765180955e-27	 3.81558249419939279063e-27	 5.23833046855312066287e-29	 5.78993095488816291023e-29	 4.91609506445984129363e-28	 5.64496873682074204537e-28	 4.16968040482748280062e-27	 2.14168251636034829579e-28	 3.09871746494164608326e-30	 3.09482290535611333105e-30	 3.12245175246711054567e-30	 
 4.29999999999999982236e+00	 0.00000000000000000000e+00	 0.00000000000000000000e+00	 0.00000000000000000000e+00	 0.00000000000000000000e+00	 0.00000000000000000000e+00	 0.00000000000000000000e+00	 0.00000000000000000000e+00	 0.00000000000000000000e+00	 0.00000000000000000000e+00	 0.00000000000000000000e+00	 0.00000000000000000000e+00	 0.00000000000000000000e+00	 0.00000000000000000000e+00	 0.00000000000000000000e+00	 
 4.32000000000000028422e+00	 2.15514068371462515756e-34	 2.04683531767777749352e-34	 3.28189323750191689007e-34	 4.57868722904791042281e-31	 6.06720318471570645312e-31	 8.32953158626031678597e-33	 9.20663805885830875705e-33	 7.81714106887505512134e-32	 8.97613186738312313700e-32	 6.63025849121332455737e-31	 3.40551484182881226622e-32	 4.92730689792066224596e-34	 4.92111411290837061117e-34	 4.96504707063349080279e-34	 
 4.33999999999999985789e+00	 0.00000000000000000000e+00	 0.00000000000000000000e+00	 0.00000000000000000000e+00	 0.00000000000000000000e+00	 0.00000000000000000000e+00	 0.00000000000000000000e+00	 0.00000000000000000000e+00	 0.00000000000000000000e+00	 0.00000000000000000000e+00	 0.00000000000000000000e+00	 0.00000000000000000000e+00	 0.00000000000000000000e+00	 0.00000000000000000000e+00	 0.00000000000000000000e+00	 
 4.36000000000000031974e+00	 3.04125115289670918797e-38	 2.88841423523313033289e-38	 4.63128678652471091151e-38	 6.46129105143602975363e-35	 8.56183526136710374197e-35	 1.17543535870051956900e-36	 1.29920956819690878724e-36	 1.10312779436030202549e-35	 1.26668110610538934941e-35	 9.35640015798009110190e-35	 4.80574725107584949918e-36	 6.95322349735315800264e-38	 6.94448447012453130550e-38	 7.00648114306205239718e-38	 
 4.37999999999999989342e+00	 0.00000000000000000000e+00	 0.00000000000000000000e+00	 0.00000000000000000000e+00	 0.00000000000000000000e+00	 0.00000000000000000000e+00	 0.00000000000000000000e+00	 0.00000000000000000000e+00	 0.00000000000000000000e+00	 0.00000000000000000000e+00	 0.00000000000000000000e+00	 0.00000000000000000000e+00	 0.00000000000000000000e+00	 0.00000000000000000000e+00	 0.00000000000000000000e+00	 
 4.40000000000000035527e+00	 3.80948648960653890921e-42	 3.61804152092460246562e-42	 5.80118020741544970455e-42	 8.09347482090822158423e-39	 1.07246365721971815214e-38	 1.47236105117026916947e-40	 1.62740164561034553451e-40	 1.38178705917708232341e-39	 1.58665595353666333527e-39	 1.17199161252299260892e-38	 6.01972254453665690164e-40	 8.70964111677469463863e-42	 8.69869455718566558237e-42	 8.77635211646894893921e-42	 
 4.41999999999999992895e+00	 0.00000000000000000000e+00	 0.00000000000000000000e+00	 0.00000000000000000000e+00	 0.00000000000000000000e+00	 0.00000000000000000000e+00	 0.00000000000000000000e+00	 0.00000000000000000000e+00	 0.00000000000000000000e+00	 0.00000000000000000000e+00	 0.00000000000000000000e+00	 0.00000000000000000000e+00	 0.00000000000000000000e+00	 0.00000000000000000000e+00	 0.00000000000000000000e+00	 
 4.43999999999999950262e+00	 4.23241579911912146252e-46	 4.01971605509451202046e-46	 6.44523316199635854626e-46	 8.99203628907745471474e-43	 1.19153174114485522134e-42	 1.63582652086695860106e-44	 1.80808004897688242790e-44	 1.53519605003675700641e-43	 1.76281046326794759263e-43	 1.30210958243084557432e-42	 6.68804803484815559984e-44	 9.67658444426047904836e-46	 9.66442258906812497539e-46	 9.75070186731577595076e-46	 
 4.45999999999999996447e+00	 0.00000000000000000000e+00	 0.00000000000000000000e+00	 0.00000000000000000000e+00	 0.00000000000000000000e+00	 0.00000000000000000000e+00	 0.00000000000000000000e+00	 0.00000000000000000000e+00	 0.00000000000000000000e+00	 0.00000000000000000000e+00	 0.00000000000000000000e+00	 0.00000000000000000000e+00	 0.00000000000000000000e+00	 0.00000000000000000000e+00	 0.00000000000000000000e+00	 
 4.47999999999999953815e+00	 0.00000000000000000000e+00	 0.00000000000000000000e+00	 0.00000000000000000000e+00	 0.00000000000000000000e+00	 1.17315706047921435430e-46	 0.00000000000000000000e+00	 0.00000000000000000000e+00	 0.00000000000000000000e+00	 0.00000000000000000000e+00	 1.28202967330359795698e-46	 0.00000000000000000000e+00	 0.00000000000000000000e+00	 0.00000000000000000000e+00	 0.00000000000000000000e+00	 
 4.50000000000000000000e+00	 0.00000000000000000000e+00	 0.00000000000000000000e+00	 0.00000000000000000000e+00	 0.00000000000000000000e+00	 0.00000000000000000000e+00	 0.00000000000000000000e+00	 0.00000000000000000000e+00	 0.00000000000000000000e+00	 0.00000000000000000000e+00	 0.00000000000000000000e+00	 0.00000000000000000000e+00	 0.00000000000000000000e+00	 0.00000000000000000000e+00	 0.00000000000000000000e+00	 
 4.52000000000000046185e+00	 0.00000000000000000000e+00	 0.00000000000000000000e+00	 0.00000000000000000000e+00	 0.00000000000000000000e+00	 0.00000000000000000000e+00	 0.00000000000000000000e+00	 0.00000000000000000000e+00	 0.00000000000000000000e+00	 0.00000000000000000000e+00	 0.00000000000000000000e+00	 0.00000000000000000000e+00	 0.00000000000000000000e+00	 0.00000000000000000000e+00	 0.00000000000000000000e+00	 
 4.54000000000000003553e+00	 0.00000000000000000000e+00	 0.00000000000000000000e+00	 0.00000000000000000000e+00	 0.00000000000000000000e+00	 0.00000000000000000000e+00	 0.00000000000000000000e+00	 0.00000000000000000000e+00	 0.00000000000000000000e+00	 0.00000000000000000000e+00	 0.00000000000000000000e+00	 0.00000000000000000000e+00	 0.00000000000000000000e+00	 0.00000000000000000000e+00	 0.00000000000000000000e+00	 
 4.55999999999999960920e+00	 0.00000000000000000000e+00	 0.00000000000000000000e+00	 0.00000000000000000000e+00	 0.00000000000000000000e+00	 0.00000000000000000000e+00	 0.00000000000000000000e+00	 0.00000000000000000000e+00	 0.00000000000000000000e+00	 0.00000000000000000000e+00	 0.00000000000000000000e+00	 0.00000000000000000000e+00	 0.00000000000000000000e+00	 0.00000000000000000000e+00	 0.00000000000000000000e+00	 
 4.58000000000000007105e+00	 0.00000000000000000000e+00	 0.00000000000000000000e+00	 0.00000000000000000000e+00	 0.00000000000000000000e+00	 0.00000000000000000000e+00	 0.00000000000000000000e+00	 0.00000000000000000000e+00	 0.00000000000000000000e+00	 0.00000000000000000000e+00	 0.00000000000000000000e+00	 0.00000000000000000000e+00	 0.00000000000000000000e+00	 0.00000000000000000000e+00	 0.00000000000000000000e+00	 
 4.60000000000000053291e+00	 0.00000000000000000000e+00	 0.00000000000000000000e+00	 0.00000000000000000000e+00	 0.00000000000000000000e+00	 0.00000000000000000000e+00	 0.00000000000000000000e+00	 0.00000000000000000000e+00	 0.00000000000000000000e+00	 0.00000000000000000000e+00	 0.00000000000000000000e+00	 0.00000000000000000000e+00	 0.00000000000000000000e+00	 0.00000000000000000000e+00	 0.00000000000000000000e+00	 
 4.62000000000000010658e+00	 0.00000000000000000000e+00	 0.00000000000000000000e+00	 0.00000000000000000000e+00	 0.00000000000000000000e+00	 0.00000000000000000000e+00	 0.00000000000000000000e+00	 0.00000000000000000000e+00	 0.00000000000000000000e+00	 0.00000000000000000000e+00	 0.00000000000000000000e+00	 0.00000000000000000000e+00	 0.00000000000000000000e+00	 0.00000000000000000000e+00	 0.00000000000000000000e+00	 
 4.63999999999999968026e+00	 0.00000000000000000000e+00	 0.00000000000000000000e+00	 0.00000000000000000000e+00	 0.00000000000000000000e+00	 0.00000000000000000000e+00	 0.00000000000000000000e+00	 0.00000000000000000000e+00	 0.00000000000000000000e+00	 0.00000000000000000000e+00	 0.00000000000000000000e+00	 0.00000000000000000000e+00	 0.00000000000000000000e+00	 0.00000000000000000000e+00	 0.00000000000000000000e+00	 
 4.66000000000000014211e+00	 0.00000000000000000000e+00	 0.00000000000000000000e+00	 0.00000000000000000000e+00	 0.00000000000000000000e+00	 0.00000000000000000000e+00	 0.00000000000000000000e+00	 0.00000000000000000000e+00	 0.00000000000000000000e+00	 0.00000000000000000000e+00	 0.00000000000000000000e+00	 0.00000000000000000000e+00	 0.00000000000000000000e+00	 0.00000000000000000000e+00	 0.00000000000000000000e+00	 
 4.67999999999999971578e+00	 0.00000000000000000000e+00	 0.00000000000000000000e+00	 0.00000000000000000000e+00	 0.00000000000000000000e+00	 0.00000000000000000000e+00	 0.00000000000000000000e+00	 0.00000000000000000000e+00	 0.00000000000000000000e+00	 0.00000000000000000000e+00	 0.00000000000000000000e+00	 0.00000000000000000000e+00	 0.00000000000000000000e+00	 0.00000000000000000000e+00	 0.00000000000000000000e+00	 
 4.69999999999999928946e+00	 0.00000000000000000000e+00	 0.00000000000000000000e+00	 0.00000000000000000000e+00	 0.00000000000000000000e+00	 0.00000000000000000000e+00	 0.00000000000000000000e+00	 0.00000000000000000000e+00	 0.00000000000000000000e+00	 0.00000000000000000000e+00	 0.00000000000000000000e+00	 0.00000000000000000000e+00	 0.00000000000000000000e+00	 0.00000000000000000000e+00	 0.00000000000000000000e+00	 
 4.72000000000000063949e+00	 0.00000000000000000000e+00	 0.00000000000000000000e+00	 0.00000000000000000000e+00	 0.00000000000000000000e+00	 0.00000000000000000000e+00	 0.00000000000000000000e+00	 0.00000000000000000000e+00	 0.00000000000000000000e+00	 0.00000000000000000000e+00	 0.00000000000000000000e+00	 0.00000000000000000000e+00	 0.00000000000000000000e+00	 0.00000000000000000000e+00	 0.00000000000000000000e+00	 
 4.74000000000000021316e+00	 0.00000000000000000000e+00	 0.00000000000000000000e+00	 0.00000000000000000000e+00	 0.00000000000000000000e+00	 0.00000000000000000000e+00	 0.00000000000000000000e+00	 0.00000000000000000000e+00	 0.00000000000000000000e+00	 0.00000000000000000000e+00	 0.00000000000000000000e+00	 0.00000000000000000000e+00	 0.00000000000000000000e+00	 0.00000000000000000000e+00	 0.00000000000000000000e+00	 
 4.75999999999999978684e+00	 0.00000000000000000000e+00	 0.00000000000000000000e+00	 0.00000000000000000000e+00	 0.00000000000000000000e+00	 0.00000000000000000000e+00	 0.00000000000000000000e+00	 0.00000000000000000000e+00	 0.00000000000000000000e+00	 0.00000000000000000000e+00	 0.00000000000000000000e+00	 0.00000000000000000000e+00	 0.00000000000000000000e+00	 0.00000000000000000000e+00	 0.00000000000000000000e+00	 
 4.78000000000000024869e+00	 0.00000000000000000000e+00	 0.00000000000000000000e+00	 0.00000000000000000000e+00	 0.00000000000000000000e+00	 0.00000000000000000000e+00	 0.00000000000000000000e+00	 0.00000000000000000000e+00	 0.00000000000000000000e+00	 0.00000000000000000000e+00	 0.00000000000000000000e+00	 0.00000000000000000000e+00	 0.00000000000000000000e+00	 0.00000000000000000000e+00	 0.00000000000000000000e+00	 
 4.79999999999999982236e+00	 0.00000000000000000000e+00	 0.00000000000000000000e+00	 0.00000000000000000000e+00	 0.00000000000000000000e+00	 0.00000000000000000000e+00	 0.00000000000000000000e+00	 0.00000000000000000000e+00	 0.00000000000000000000e+00	 0.00000000000000000000e+00	 0.00000000000000000000e+00	 0.00000000000000000000e+00	 0.00000000000000000000e+00	 0.00000000000000000000e+00	 0.00000000000000000000e+00	 
 4.81999999999999939604e+00	 0.00000000000000000000e+00	 0.00000000000000000000e+00	 0.00000000000000000000e+00	 0.00000000000000000000e+00	 0.00000000000000000000e+00	 0.00000000000000000000e+00	 0.00000000000000000000e+00	 0.00000000000000000000e+00	 0.00000000000000000000e+00	 0.00000000000000000000e+00	 0.00000000000000000000e+00	 0.00000000000000000000e+00	 0.00000000000000000000e+00	 0.00000000000000000000e+00	 
 4.84000000000000074607e+00	 0.00000000000000000000e+00	 0.00000000000000000000e+00	 0.00000000000000000000e+00	 0.00000000000000000000e+00	 0.00000000000000000000e+00	 0.00000000000000000000e+00	 0.00000000000000000000e+00	 0.00000000000000000000e+00	 0.00000000000000000000e+00	 0.00000000000000000000e+00	 0.00000000000000000000e+00	 0.00000000000000000000e+00	 0.00000000000000000000e+00	 0.00000000000000000000e+00	 
 4.86000000000000031974e+00	 0.00000000000000000000e+00	 0.00000000000000000000e+00	 0.00000000000000000000e+00	 0.00000000000000000000e+00	 0.00000000000000000000e+00	 0.00000000000000000000e+00	 0.00000000000000000000e+00	 0.00000000000000000000e+00	 0.00000000000000000000e+00	 0.00000000000000000000e+00	 0.00000000000000000000e+00	 0.00000000000000000000e+00	 0.00000000000000000000e+00	 0.00000000000000000000e+00	 
 4.87999999999999989342e+00	 0.00000000000000000000e+00	 0.00000000000000000000e+00	 0.00000000000000000000e+00	 0.00000000000000000000e+00	 0.00000000000000000000e+00	 0.00000000000000000000e+00	 0.00000000000000000000e+00	 0.00000000000000000000e+00	 0.00000000000000000000e+00	 0.00000000000000000000e+00	 0.00000000000000000000e+00	 0.00000000000000000000e+00	 0.00000000000000000000e+00	 0.00000000000000000000e+00	 
 4.89999999999999946709e+00	 0.00000000000000000000e+00	 0.00000000000000000000e+00	 0.00000000000000000000e+00	 0.00000000000000000000e+00	 0.00000000000000000000e+00	 0.00000000000000000000e+00	 0.00000000000000000000e+00	 0.00000000000000000000e+00	 0.00000000000000000000e+00	 0.00000000000000000000e+00	 0.00000000000000000000e+00	 0.00000000000000000000e+00	 0.00000000000000000000e+00	 0.00000000000000000000e+00	 
 4.91999999999999992895e+00	 0.00000000000000000000e+00	 0.00000000000000000000e+00	 0.00000000000000000000e+00	 0.00000000000000000000e+00	 0.00000000000000000000e+00	 0.00000000000000000000e+00	 0.00000000000000000000e+00	 0.00000000000000000000e+00	 0.00000000000000000000e+00	 0.00000000000000000000e+00	 0.00000000000000000000e+00	 0.00000000000000000000e+00	 0.00000000000000000000e+00	 0.00000000000000000000e+00	 
 4.93999999999999950262e+00	 0.00000000000000000000e+00	 0.00000000000000000000e+00	 0.00000000000000000000e+00	 0.00000000000000000000e+00	 0.00000000000000000000e+00	 0.00000000000000000000e+00	 0.00000000000000000000e+00	 0.00000000000000000000e+00	 0.00000000000000000000e+00	 0.00000000000000000000e+00	 0.00000000000000000000e+00	 0.00000000000000000000e+00	 0.00000000000000000000e+00	 0.00000000000000000000e+00	 
 4.95999999999999996447e+00	 0.00000000000000000000e+00	 0.00000000000000000000e+00	 0.00000000000000000000e+00	 0.00000000000000000000e+00	 0.00000000000000000000e+00	 0.00000000000000000000e+00	 0.00000000000000000000e+00	 0.00000000000000000000e+00	 0.00000000000000000000e+00	 0.00000000000000000000e+00	 0.00000000000000000000e+00	 0.00000000000000000000e+00	 0.00000000000000000000e+00	 0.00000000000000000000e+00	 
 4.98000000000000042633e+00	 0.00000000000000000000e+00	 0.00000000000000000000e+00	 0.00000000000000000000e+00	 0.00000000000000000000e+00	 0.00000000000000000000e+00	 0.00000000000000000000e+00	 0.00000000000000000000e+00	 0.00000000000000000000e+00	 0.00000000000000000000e+00	 0.00000000000000000000e+00	 0.00000000000000000000e+00	 0.00000000000000000000e+00	 0.00000000000000000000e+00	 0.00000000000000000000e+00	 
 5.00000000000000000000e+00	 0.00000000000000000000e+00	 0.00000000000000000000e+00	 0.00000000000000000000e+00	 0.00000000000000000000e+00	 0.00000000000000000000e+00	 0.00000000000000000000e+00	 0.00000000000000000000e+00	 0.00000000000000000000e+00	 0.00000000000000000000e+00	 0.00000000000000000000e+00	 0.00000000000000000000e+00	 0.00000000000000000000e+00	 0.00000000000000000000e+00	 0.00000000000000000000e+00	 
