 -1.00000000000000000000e+00	 1.32248406451817456871e-06	 1.30821004404964887617e-06	 1.32197179786259980348e-06	 5.00891825891287053446e-04	 5.01364142243354809873e-04	 4.92060542193326587446e-04	 5.33832266225080969216e-04	 2.35599400091402708156e-04	 2.70774279934970921527e-04	 4.99938623393031108047e-04	 3.31635560373518660391e-06	 3.31605008961660695422e-06	 3.31600787818243955175e-06	 3.31604809021243824972e-06	 
 -9.79999999999999982236e-01	 1.35783386597698163941e-06	 1.34322804853970229342e-06	 1.35734785674947896453e-06	 5.13608282045499402180e-04	 5.14084979821736922506e-04	 5.04600469064070259774e-04	 5.47652818506479425673e-04	 2.41820564093883242978e-04	 2.78013044072436858126e-04	 5.12621439489679563313e-04	 3.40481582444074915716e-06	 3.40462024960156878724e-06	 3.40457693496703968090e-06	 3.40461823064003274688e-06	 
 -9.59999999999999964473e-01	 1.39387939896656361458e-06	 1.37893606492023268836e-06	 1.39342072625795909898e-06	 5.26560420869205507433e-04	 5.27041384645976539527e-04	 5.17373791275563851659e-04	 5.61735277413617740613e-04	 2.48163021372479607619e-04	 2.85394734666493885000e-04	 5.25539074522078392820e-04	 3.49501200027567694018e-06	 3.49493128108055204920e-06	 3.49488684214776755340e-06	 3.49492924323271391359e-06	 
 -9.39999999999999946709e-01	 1.43061787362510824580e-06	 1.41533113078416158730e-06	 1.43018733979653306062e-06	 5.39745309928044169658e-04	 5.40230371330098772982e-04	 5.30377633446857746358e-04	 5.76076823055247130671e-04	 2.54626673347024335466e-04	 2.92919303395117668846e-04	 5.38688544052246453750e-04	 3.58693531916578660568e-06	 3.58697494336644294539e-06	 3.58692935929021911325e-06	 3.58697288781402463725e-06	 
 -9.19999999999999928946e-01	 1.46804511204061620621e-06	 1.45240886299673905401e-06	 1.46764313317438016955e-06	 5.53159341607589120221e-04	 5.53648290652385957275e-04	 5.43608468680196327272e-04	 5.90673969153892230652e-04	 2.61211259966937642263e-04	 3.00586508573230442795e-04	 5.52066212991562574840e-04	 3.68057324123700848703e-06	 3.68073930954152462507e-06	 3.68069255969390630881e-06	 3.68073723781778706904e-06	 
 -9.00000000000000022204e-01	 1.50615543823730708329e-06	 1.49016334409916315770e-06	 1.50578190952092988566e-06	 5.66798181434087348408e-04	 5.67290784266937225117e-04	 5.57062074838351756895e-04	 6.05522530256543908313e-04	 2.67916349772448568033e-04	 3.08395903129241141967e-04	 5.65667754926856003461e-04	 3.77590920511651230893e-06	 3.77620846845218277989e-06	 3.77616053235397922827e-06	 3.77620638219995315344e-06	 
 -8.80000000000000115463e-01	 1.54494149541428115343e-06	 1.52858690538415432409e-06	 1.54459564917309774066e-06	 5.80656673259995204095e-04	 5.81152671574182151486e-04	 5.70733418112163949296e-04	 6.20617446962151166588e-04	 2.74741330554767590119e-04	 3.16346813832304237391e-04	 5.79488029454069790425e-04	 3.87292202212779298234e-06	 3.87336197150631336803e-06	 3.87331282885681129507e-06	 3.87335987246585728371e-06	 
 -8.59999999999999986677e-01	 1.58439402326167986745e-06	 1.56767010643116075617e-06	 1.58407466095195850430e-06	 5.94728832196510259246e-04	 5.95228008236036690466e-04	 5.84616637441399511314e-04	 6.35952728760526709434e-04	 2.81685408701807854428e-04	 3.24438341352053258391e-04	 5.93521076211058688614e-04	 3.97158583747867990768e-06	 3.97217477630239228388e-06	 3.97212440690829912199e-06	 3.97217266615545893012e-06	 
 -8.40000000000000079936e-01	 1.62450166761695855610e-06	 1.60740160833801650823e-06	 1.62420751010898283620e-06	 6.09007790572505198004e-04	 6.09510056736166068794e-04	 5.98704987640841430376e-04	 6.51521375486744627921e-04	 2.88747601448315635922e-04	 3.32669348640795550440e-04	 6.07760062416167119205e-04	 4.07186979761582297282e-06	 4.07261691699575894773e-06	 4.07256530066220580100e-06	 4.07261479715209659885e-06	 
 -8.20000000000000062172e-01	 1.66525086052000518149e-06	 1.64776786914260682729e-06	 1.66498056214416431716e-06	 6.23485662204983025723e-04	 6.23991098494879417070e-04	 6.12990711332894819968e-04	 6.67315265572367404684e-04	 2.95926717022616532059e-04	 3.41038429612457801195e-04	 6.22197149175460618824e-04	 4.17373722487976387411e-06	 4.17465271714094409111e-06	 4.17459983363688189831e-06	 4.17465058862206431711e-06	 
 -8.00000000000000044409e-01	 1.70662586262632189058e-06	 1.68875309638428099292e-06	 1.70637783453344498040e-06	 6.38153611304842277238e-04	 6.38662387331758265620e-04	 6.27465146944076600406e-04	 6.83325175282685319533e-04	 3.03221340893210797654e-04	 3.49543887383841928463e-04	 6.36823533148206909205e-04	 4.27714541282737678118e-06	 4.27824071614092326987e-06	 4.27818654548621361052e-06	 4.27823857965028608641e-06	 
 -7.80000000000000026645e-01	 1.74860863057163674698e-06	 1.73033908218838105397e-06	 1.74838079765656146456e-06	 6.53001816630857396390e-04	 6.53514076193413670675e-04	 6.42118706993241843833e-04	 6.99540712794428530194e-04	 3.10629822075693200721e-04	 3.58183712228797297532e-04	 6.51629402323551242156e-04	 4.38204515840682256515e-06	 4.38333326074446909260e-06	 4.38327778360515804101e-06	 4.38333111678718481008e-06	 
 -7.60000000000000008882e-01	 1.79117838616882515168e-06	 1.77250484350705940120e-06	 1.79096809962296000480e-06	 6.68019246768249228691e-04	 6.68535099345532826155e-04	 6.56940620777915896926e-04	 7.15950104219583187068e-04	 3.18150259936288159774e-04	 3.66955559575330434504e-04	 6.66603737523754186732e-04	 4.48837986390039305173e-06	 4.48987553687143869349e-06	 4.48981873468465775609e-06	 4.48987338568383119827e-06	 
 -7.39999999999999991118e-01	 1.83431139566957689463e-06	 1.81522660038517376450e-06	 1.83411564349245758290e-06	 6.83193662460179177050e-04	 6.83713180332496078644e-04	 6.71918945655800817392e-04	 7.32540276316650173713e-04	 3.25780506943900338614e-04	 3.75856800773332667444e-04	 6.81734395142067316209e-04	 4.59608554892533226324e-06	 4.59780550931799715525e-06	 4.59774736424612523558e-06	 4.59780335076027467080e-06	 
 -7.19999999999999973355e-01	 1.87798071044119677109e-06	 1.85847758289835728706e-06	 1.87779642634910039274e-06	 6.98511550030171766285e-04	 6.99034766245291028924e-04	 6.87040505977349735128e-04	 7.49296800478360235792e-04	 3.33518158078028627289e-04	 3.84884522017478881810e-04	 6.97008070210876004569e-04	 4.70509035616623129584e-06	 4.70705342661548933062e-06	 4.70699392145054303842e-06	 4.70705126004003926459e-06	 
 -6.99999999999999955591e-01	 1.92215585828685761832e-06	 1.90222755223814328137e-06	 1.92197997322170289694e-06	 7.13957932267708433524e-04	 7.14484830934082647616e-04	 7.02290702235739230409e-04	 7.66203590582316580726e-04	 3.41360517819507675290e-04	 3.94035435280899260305e-04	 7.12410041115731714097e-04	 4.81531320709861033547e-06	 4.81754059863623792267e-06	 4.81747971686834148213e-06	 4.81753842275656037677e-06	 
 -6.79999999999999937828e-01	 1.96680264920520319114e-06	 1.94644281071374826981e-06	 1.96663235868384760871e-06	 7.29516478951133351231e-04	 7.30047053380509809034e-04	 7.17653478320457089736e-04	 7.83243097114388127540e-04	 3.49304605724224076328e-04	 4.03305840025149065203e-04	 7.27924144486273767309e-04	 4.92666396135495234665e-06	 4.92917940100889415182e-06	 4.92911712683836571473e-06	 4.92917721406388142078e-06	 
 -6.60000000000000031086e-01	 2.01188286839637781695e-06	 1.99108597585614017388e-06	 2.01171598798203371200e-06	 7.45169468387976252459e-04	 7.45703802485338392535e-04	 7.33111234794236185999e-04	 8.00396280268878728206e-04	 3.57347144022303732456e-04	 4.12691588849026583241e-04	 7.43532693272894369164e-04	 5.03904286243162872192e-06	 5.04187269243062011572e-06	 5.04180901076250755191e-06	 5.04187049243725541464e-06	 
 -6.40000000000000013323e-01	 2.05735379359458153136e-06	 2.03611535930878649313e-06	 2.05718897350260658053e-06	 7.60897476454488129981e-04	 7.61435765686145648624e-04	 7.48644647543034191285e-04	 8.17642182924695399594e-04	 3.65484515220306752266e-04	 4.22188061311223666525e-04	 7.59216294259388397789e-04	 5.15233877651741753228e-06	 5.15551224634271861046e-06	 5.15544714283317117356e-06	 5.15551003107175521777e-06	 
 -6.19999999999999884537e-01	 2.10316863396360085038e-06	 2.08148517848922517766e-06	 2.10300558639828522682e-06	 7.76679540841517684381e-04	 7.77222095404277515951e-04	 7.64232958229892132655e-04	 8.34957993382843210138e-04	 3.73712745858197363698e-04	 4.31790141855121979882e-04	 7.74954074853238632226e-04	 5.26642976152973435504e-06	 5.26997933684822551505e-06	 5.26991279783599259393e-06	 5.26997710351614206541e-06	 
 -5.99999999999999977796e-01	 2.14927637937976667262e-06	 2.12714535176440849260e-06	 2.14911614220289848171e-06	 7.92493135757340824189e-04	 7.93040379807456925244e-04	 7.79853989759229059009e-04	 8.52318966258307003300e-04	 3.82027482566913844254e-04	 4.41492182150549181564e-04	 7.90723679058114871897e-04	 5.38118253506581625876e-06	 5.38514423572990942856e-06	 5.38507624812576039613e-06	 5.38514198058824547017e-06	 
 -5.79999999999999849010e-01	 2.19562064109130254037e-06	 2.17304058285802598113e-06	 2.19546590118751473622e-06	 8.08313796129697388453e-04	 8.08866288235045088548e-04	 7.95483651614411991712e-04	 8.69698088207406785552e-04	 3.90423956334701410635e-04	 4.51287938845155458222e-04	 8.06500835377712893201e-04	 5.49645005669434922859e-06	 5.50086384253584918786e-06	 5.50079439380192527885e-06	 5.50086156068231005891e-06	 
 -5.60000000000000053291e-01	 2.24214030476597843503e-06	 2.21911069637367526196e-06	 2.24199465998666133909e-06	 8.24115381620453275706e-04	 8.24673801657612305475e-04	 8.11096228728285417904e-04	 8.87066253619193077762e-04	 3.98896988882735717939e-04	 4.61170593034987928976e-04	 8.22259598872178833033e-04	 5.61207247600288978002e-06	 5.61698259757652624484e-06	 5.61691167559720021864e-06	 5.61698028207184195881e-06	 
 -5.40000000000000035527e-01	 2.28876941704137790618e-06	 2.26529043150541212456e-06	 2.28863630776938594853e-06	 8.39870083490518257868e-04	 8.40435209801706334908e-04	 8.26664398501787732812e-04	 9.04392213895494588571e-04	 4.07440969823716738537e-04	 4.71132716363698695293e-04	 8.37972352329574565744e-04	 5.72787662025245746536e-06	 5.73333198647970906876e-06	 5.73325957938418601708e-06	 5.73332962719927617239e-06	 
 -5.20000000000000017764e-01	 2.33543574550633477964e-06	 2.31150830559084208442e-06	 2.33531835799552152749e-06	 8.55547951119078908290e-04	 8.56120672304120505780e-04	 8.42158738718475140088e-04	 9.21642114082264329172e-04	 4.16049786093687634907e-04	 4.81166149494905760493e-04	 8.53609357211831802116e-04	 5.84367296230774275979e-06	 5.84972761406375837880e-06	 5.84965371011344914277e-06	 5.84972519706169608565e-06	 
 -5.00000000000000000000e-01	 2.38206118994383415739e-06	 2.35768715352869782874e-06	 2.38196298842785689751e-06	 8.71117419726177778967e-04	 8.71698595551942032565e-04	 8.57547838006823067054e-04	 9.38780062868900143022e-04	 4.24716829501780798479e-04	 4.91262038206305862859e-04	 8.69139008012840717440e-04	 5.95925716034565496336e-06	 5.96597070382799784838e-06	 5.96589529181311932623e-06	 5.96596821318765583648e-06	 
 -4.79999999999999926725e-01	 2.42856155876121455672e-06	 2.40374395086658536430e-06	 2.42848701898395311527e-06	 8.86545410512253723688e-04	 8.87135681907525288151e-04	 8.72798255573451983204e-04	 9.55768211962276575608e-04	 4.33434967161789685801e-04	 5.01410794640610134321e-04	 8.84527839931970407718e-04	 6.07440965123730918450e-06	 6.08184771020238201165e-06	 6.08177077999231342808e-06	 6.08184513066694015462e-06	 
 -4.59999999999999964473e-01	 2.47484525429461589804e-06	 2.44958839899923192223e-06	 2.47480003710071479219e-06	 9.01796624434308144794e-04	 9.02396362759089664882e-04	 8.87874199718386553602e-04	 9.72565927791557661639e-04	 4.42196451815097873669e-04	 5.11601936087709282738e-04	 8.99740074033067221623e-04	 6.18889186070201313428e-06	 6.19712664952053385987e-06	 6.19704819214049865871e-06	 6.19712396687099491478e-06	 
 -4.40000000000000002220e-01	 2.52081534600040958866e-06	 2.49512408702818191825e-06	 2.52080557731850458594e-06	 9.16834017880235104675e-04	 9.17443448887220679676e-04	 9.02738360933895878264e-04	 9.89130376199545864602e-04	 4.50992946301501400255e-04	 5.21824094373213396431e-04	 9.14738462873785317109e-04	 6.30244972824899547033e-06	 6.31156005839444927779e-06	 6.31148006724704928739e-06	 6.31155726005437636380e-06	 
 -4.19999999999999984457e-01	 2.56636986710708843467e-06	 2.54024849303710754578e-06	 2.56640113579181073305e-06	 9.31618898082503272412e-04	 9.32238279864070558574e-04	 9.17352114619203419174e-04	 1.00541661747645481167e-03	 4.59815490971422291891e-04	 5.32064956546043064424e-04	 9.29484501267863107848e-04	 6.41481389980242448182e-06	 6.42488503247609436234e-06	 6.42480350494943911534e-06	 6.42488210824413013568e-06	 
 -3.99999999999999911182e-01	 2.61139897461961728803e-06	 2.58485096021938450103e-06	 2.61147614732956049043e-06	 9.46110300447959703604e-04	 9.46739927989208849592e-04	 9.31674536911710686297e-04	 1.02137679088970621116e-03	 4.68654378790753581036e-04	 5.42311095002765168258e-04	 9.43937439274709650522e-04	 6.52569405843053952881e-06	 6.53681814053735344789e-06	 6.53673507863839603325e-06	 6.53681508324023930552e-06	 
 -3.80000000000000004441e-01	 2.65578495696610598711e-06	 2.62881415884111900426e-06	 2.65591340743101047981e-06	 9.60265834939890957148e-04	 9.60906145668811518049e-04	 9.45663354926364898255e-04	 1.03696112165987692350e-03	 4.77499147559419046330e-04	 5.52547966618123563391e-04	 9.58054987551069849733e-04	 6.63478316540857334001e-06	 6.64705926695110502932e-06	 6.64697467671752001200e-06	 6.64705607131833346398e-06	 
 -3.59999999999999931166e-01	 2.69940188626469504697e-06	 2.67201418272786386744e-06	 2.69958916539530004299e-06	 9.74041914764166793204e-04	 9.74693627380050688774e-04	 9.59275206760007112007e-04	 1.05211816603726043655e-03	 4.86338527363189255213e-04	 5.62759834648324328704e-04	 9.71793501771026622428e-04	 6.74175790593366711627e-06	 6.75529194137029466915e-06	 6.75520583194318538294e-06	 6.75528860240176751275e-06	 
 -3.39999999999999968914e-01	 2.74211468308143838178e-06	 2.71431825504222019020e-06	 2.74237088746081953991e-06	 9.87392821945092197602e-04	 9.88056979653770608985e-04	 9.72464601442581751296e-04	 1.06679363800015305011e-03	 4.95160317742799976036e-04	 5.72929567890805035470e-04	 9.85107186911981591929e-04	 6.84627243106079625708e-06	 6.86117748087269306589e-06	 6.86108986477915418136e-06	 6.86117399393470048686e-06	 
 -3.20000000000000006661e-01	 2.78378323690805499666e-06	 2.75558755529680139544e-06	 2.78411941468646352226e-06	 1.00027184629534050646e-03	 1.00094966013608891418e-03	 9.85184933737724569461e-04	 1.08093164930980973129e-03	 5.03951485774836141669e-04	 5.83039025341489797194e-04	 9.97949401367618973285e-04	 6.94796647770307679559e-06	 6.96436230035757221840e-06	 6.96427319349811977392e-06	 6.96435866042861830233e-06	 
 -2.99999999999999933387e-01	 2.82426332758035252270e-06	 2.79567775436230411181e-06	 2.82468929582402251044e-06	 1.01263162251895625331e-03	 1.01332425397699277432e-03	 9.97388781580708233543e-04	 1.09447504644279180498e-03	 5.12698133903060748046e-04	 5.93069080971190794663e-04	 1.01027304488720127799e-03	 7.04646708182660898973e-06	 7.06447936942736866756e-06	 7.06438879098722268549e-06	 7.06447557008539614508e-06	 
 -2.80000000000000026645e-01	 2.86340190589644165564e-06	 2.83443552149397851736e-06	 2.86392592415952916034e-06	 1.02442296979145535014e-03	 1.02513151521448444593e-03	 1.00902686557289861941e-03	 1.10736407387645552185e-03	 5.21385259344805691156e-04	 6.02999064840654551596e-04	 1.02202923322267796857e-03	 7.14137892911570728769e-06	 7.16113932341093841069e-06	 7.16104729607571814328e-06	 7.16113535661070807009e-06	 
 -2.59999999999999953371e-01	 2.90104056762942312354e-06	 2.87170291564802092043e-06	 2.90166959332136072163e-06	 1.03559662370484575553e-03	 1.03632194116259554462e-03	 1.02004959506383358070e-03	 1.11953808655592171838e-03	 5.29996615809247371282e-04	 6.12806592118585635905e-04	 1.03316857208727978269e-03	 7.23229660028083857587e-06	 7.25394175123599148814e-06	 7.25384830202418956252e-06	 7.25393760838667664388e-06	 
 -2.39999999999999907851e-01	 2.93701633538098024333e-06	 2.90731843037506855706e-06	 2.93775642834377083889e-06	 1.04610376447745144490e-03	 1.04684625173261688751e-03	 1.03040753700704311099e-03	 1.13093604294579744632e-03	 5.38514598052627089034e-04	 6.22467413198453996953e-04	 1.04364154654235769502e-03	 7.31880764753604524660e-06	 7.34247795637821427104e-06	 7.34238311767042557638e-06	 7.34247362980079548836e-06	 
 -2.19999999999999945599e-01	 2.97115771174553811701e-06	 2.94111215003898968800e-06	 2.97201383457878701624e-06	 1.05589432105107150842e-03	 1.05665384967878529278e-03	 1.04004989939084058724e-03	 1.14149476042236012151e-03	 5.46920168616337907738e-04	 6.31955305093203538805e-04	 1.05339728680553740628e-03	 7.40047938521200196076e-06	 7.42631863365348474131e-06	 7.42622244366169825699e-06	 7.42631411678799677558e-06	 
 -1.99999999999999983347e-01	 3.00329055941257816586e-06	 2.97291164810459401666e-06	 3.00426614941688558311e-06	 1.06491863705949867114e-03	 1.06569445363979397462e-03	 1.04892639561161870633e-03	 1.15115209628031283685e-03	 5.55193101739155452611e-04	 6.41242312874253615751e-04	 1.06238595330942955236e-03	 7.47687487290445738713e-06	 7.50502897113299888033e-06	 7.50493147488683032368e-06	 7.50502425917481250968e-06	 
 -1.79999999999999993339e-01	 3.03323960880833638193e-06	 3.00254350484556662413e-06	 3.03433606804083829292e-06	 1.07312797329440351435e-03	 1.07391858915688483134e-03	 1.05698780124493835371e-03	 1.15984786893720201451e-03	 5.63311955790776752728e-04	 6.50298690644462735327e-04	 1.07055944748872316694e-03	 7.54755716918432063205e-06	 7.57817260750826209666e-06	 7.57807385801713056042e-06	 7.57816769818563749765e-06	 
 -1.59999999999999920064e-01	 3.06082229055107259781e-06	 3.02982713043295552886e-06	 3.06203866965798160321e-06	 1.08047291808833567997e-03	 1.08127602638002440552e-03	 1.06418414843330072679e-03	 1.16752066157746535284e-03	 5.71253622161245673029e-04	 6.59092372527029309211e-04	 1.07786907438414030283e-03	 7.61207279812170438084e-06	 7.64529592217646292239e-06	 7.64519598113497873739e-06	 7.64529081614039234883e-06	 
 -1.39999999999999902300e-01	 3.08585718723081413464e-06	 3.05458320673700570587e-06	 3.08719070490046633778e-06	 1.08690528429164490198e-03	 1.08771810619312579542e-03	 1.07046684791219353511e-03	 1.17411111416787202269e-03	 5.78993511016745931660e-04	 6.67589744811946284204e-04	 1.08426742692044678074e-03	 7.66997474662615970440e-06	 7.70594945185881529434e-06	 7.70584839016315333699e-06	 7.70594415435155685767e-06	 
 -1.20000000000000009437e-01	 3.10816625276400225282e-06	 3.07663590850472335448e-06	 3.10961303354497761085e-06	 1.09237864627502218214e-03	 1.09319839726635032774e-03	 1.07578928677943565749e-03	 1.17956283622053562619e-03	 5.86505489939576074576e-04	 6.75755711662108906126e-04	 1.08970891961310029257e-03	 7.72082863594507494876e-06	 7.75969358356300725906e-06	 7.75959148180510493629e-06	 7.75968810646797919959e-06	 
 -1.00000000000000005551e-01	 3.12756614156069793028e-06	 3.09580424828713297075e-06	 3.12912110000186317863e-06	 1.09684650208609975504e-03	 1.09767040373189993414e-03	 1.08010474651056248389e-03	 1.18381907562085681579e-03	 5.93761444872292916929e-04	 6.83552658032276052105e-04	 1.09414796877989458843e-03	 7.76418923354129083343e-06	 7.80607664900983489668e-06	 7.80597359820224567274e-06	 7.80607101166210244733e-06	 
 -8.00000000000000155431e-02	 3.14388109720784411822e-06	 3.11191379281885879365e-06	 3.14553722187043098077e-06	 1.10026583525204592340e-03	 1.10109128885764245495e-03	 1.08336976027209597184e-03	 1.18682721492909307691e-03	 6.00731888786270131798e-04	 6.90941247657268428628e-04	 1.09754257164275653008e-03	 7.79963120192877907536e-06	 7.84466485131583668542e-06	 7.84456094926096739921e-06	 7.84465907512086432394e-06	 
 -5.99999999999999630851e-02	 3.15694626887894694899e-06	 3.12479966721158913343e-06	 3.15869374066164717178e-06	 1.10259803882417238216e-03	 1.10342284223753899636e-03	 1.08554497866211957860e-03	 1.18853992121732547106e-03	 6.07385987579572698448e-04	 6.97880475883555766864e-04	 1.09985523416629166898e-03	 7.82675704353474068181e-06	 7.87504997586129582411e-06	 7.87494532237021402192e-06	 7.87504407727438922868e-06	 
 -3.99999999999999383826e-02	 3.16659437054908318357e-06	 3.13429442362850945209e-06	 3.16842029885376194997e-06	 1.10380523498363304971e-03	 1.10462762529117794648e-03	 1.08659170065611692529e-03	 1.18891042736348579931e-03	 6.13690698040537875764e-04	 7.04326572434396669387e-04	 1.10104927240454986657e-03	 7.84516517593771995904e-06	 7.89681839227706971552e-06	 7.89671308887094147775e-06	 7.89681238216376085747e-06	 
 -2.00000000000000281719e-02	 3.17267071931851986542e-06	 3.14024387316069933639e-06	 3.17456116524205672123e-06	 1.10385391989545290567e-03	 1.10467254916434627805e-03	 1.08647647783400333292e-03	 1.18789769945559483058e-03	 6.19611728980139328700e-04	 7.10235627281043981063e-04	 1.10109193076287996925e-03	 7.85449180644260273117e-06	 7.90959093999638423165e-06	 7.90948509037439888986e-06	 7.90958482618179895289e-06	 
 -4.82163733276643543166e-17	 3.17503684593006528197e-06	 3.14251089954706281884e-06	 3.17697942953152974820e-06	 1.10271578542333313112e-03	 1.10352967713215244401e-03	 1.08517217903854996074e-03	 1.18546760060882021802e-03	 6.25113630777923332503e-04	 7.15564079605438040435e-04	 1.09995506595149546668e-03	 7.85442100421947056487e-06	 7.91303253290917058731e-06	 7.91292624361281784269e-06	 7.91302632353984476969e-06	 
 2.00000000000001253164e-02	 3.17355445895627834383e-06	 3.14095857587747684850e-06	 3.17553853361229750346e-06	 1.10036379573644075083e-03	 1.10117237400004629871e-03	 1.08265300294945474371e-03	 1.18158722886073071570e-03	 6.30158568411567183640e-04	 7.20265897247070793069e-04	 1.09761180182030185053e-03	 7.84463972878066234900e-06	 7.90680951643911505901e-06	 7.90670289669919727966e-06	 7.90680321997655547990e-06	 
 4.00000000000001187939e-02	 3.16810491636271204650e-06	 3.13546907737138651074e-06	 3.17012354777812503326e-06	 1.09677760264452060952e-03	 1.09758055740622980680e-03	 1.07889855533262776603e-03	 1.17623211833232932388e-03	 6.34708028097512159428e-04	 7.24295598666756484767e-04	 1.09404154967373363691e-03	 7.82488573835197011080e-06	 7.89063756363767466063e-06	 7.89053072903157830731e-06	 7.89063119258391652085e-06	 
 6.00000000000000255351e-02	 3.15859346408188578024e-06	 3.12594778414878400182e-06	 3.16064584192473214987e-06	 1.09194463282518360557e-03	 1.09274174268122526744e-03	 1.07389459530325150592e-03	 1.16938767102602470677e-03	 6.38723054503964387738e-04	 7.27608815088745010391e-04	 1.08923100134164529441e-03	 7.79495780884690436666e-06	 7.86429201798698182600e-06	 7.86418509503323657388e-06	 7.86428559351939210093e-06	 
 7.99999999999999322764e-02	 3.14492759547674867839e-06	 3.11230224656347187069e-06	 3.14701943303794896210e-06	 1.08585396661134512414e-03	 1.08664510404837930287e-03	 1.06762839844013347063e-03	 1.16104089950157989344e-03	 6.42162278403975378752e-04	 7.30159035507564309689e-04	 1.08316845406290795419e-03	 7.75466194622090394437e-06	 7.82755445237658552726e-06	 7.82744757895645966884e-06	 7.82754800489877319576e-06	 
 9.99999999999999500400e-02	 3.12703694700904902916e-06	 3.09446635931706414769e-06	 3.12918261041420446878e-06	 1.07850148308224732044e-03	 1.07928683308663553135e-03	 1.06009441590801541631e-03	 1.15118964178871630022e-03	 6.44984754192620170221e-04	 7.31901378983403332751e-04	 1.07584909013326286524e-03	 7.70387282840478958572e-06	 7.78027315636413723985e-06	 7.78016647567153375850e-06	 7.78026672176806634469e-06	 
 1.20000000000000023315e-01	 3.10487692001827117987e-06	 3.07240497563465844505e-06	 3.10710192338042511201e-06	 1.06989063944677199880e-03	 1.07067096662917136604e-03	 1.05129517266218624853e-03	 1.13984412595056388076e-03	 6.47150415492003740388e-04	 7.32793280506235131071e-04	 1.06727579603401118505e-03	 7.64254523484421112662e-06	 7.72237455740821640191e-06	 7.72226821038977008645e-06	 7.72236817231465338029e-06	 
 1.40000000000000041078e-01	 3.07840544222514652376e-06	 3.04608584744247386903e-06	 3.08074697520559717085e-06	 1.06002636110091690014e-03	 1.06080303187657269855e-03	 1.04123455431434403136e-03	 1.12701596593839901972e-03	 6.48616951519620770633e-04	 7.32790380696184628050e-04	 1.05745290399784181920e-03	 7.57064204192068704075e-06	 7.65379273923216105397e-06	 7.65368686426052264433e-06	 7.65378644100743921359e-06	 
 1.59999999999999975575e-01	 3.04762156989554172610e-06	 3.01550973313939517194e-06	 3.05011460836748214698e-06	 1.04892077207593384554e-03	 1.04969604285249230695e-03	 1.02992474166536886367e-03	 1.11272752369437431114e-03	 6.49344489882913147513e-04	 7.31853914589785173317e-04	 1.04639247883896429475e-03	 7.48820929585201528768e-06	 7.57454493374218668962e-06	 7.57443966377242061748e-06	 7.57453875793726392606e-06	 
 1.79999999999999937828e-01	 3.01257229757452630516e-06	 2.98071530941623246888e-06	 3.01523251735042817736e-06	 1.03659383891513369111e-03	 1.03737119773703880508e-03	 1.01738710574042295030e-03	 1.09701307159327924624e-03	 6.49296395212429133456e-04	 7.29952100538997557949e-04	 1.03411509051441470423e-03	 7.39538795736022511000e-06	 7.48474366277563472210e-06	 7.48463912201749855874e-06	 7.48473764001770537206e-06	 
 2.00000000000000094369e-01	 2.97330636859194071073e-06	 2.94174280816182352511e-06	 2.97612977139069550701e-06	 1.02306628845779084939e-03	 1.02385048508268471784e-03	 1.00364369079063218797e-03	 1.07990716284801823235e-03	 6.48434205748194231016e-04	 7.27052140291127189584e-04	 1.02064208576626452331e-03	 7.29232242229437175408e-06	 7.38450526740960557637e-06	 7.38440157098138121966e-06	 7.38449942331817808734e-06	 
 2.20000000000000001110e-01	 2.92990637904801200071e-06	 2.89866870432842332612e-06	 2.93287759387426192522e-06	 1.00836782699270221392e-03	 1.00916334702428407873e-03	 9.88725120478535328405e-04	 1.06145637173647115065e-03	 6.46724106672314424590e-04	 7.23128744972645494914e-04	 1.00600385950212452627e-03	 7.17924594714400124868e-06	 7.27403680786581796381e-06	 7.27393406446438733979e-06	 7.27403116417809472624e-06	 
 2.39999999999999963363e-01	 2.88249270944588201313e-06	 2.85161027478190939210e-06	 2.88559526134516086300e-06	 9.92538006386950270865e-04	 9.93347217922712971347e-04	 9.72671361755709736920e-04	 1.04172049303624322802e-03	 6.44138006697121310272e-04	 7.18165611258588659771e-04	 9.90240729174868576298e-04	 7.05649117972102026707e-06	 7.15364725885145669236e-06	 7.15354557415973403702e-06	 7.15364183485928816522e-06	 
 2.59999999999999953371e-01	 2.83118320425563131407e-06	 2.80068222866025926210e-06	 2.83439955710471646352e-06	 9.75615915176146876811e-04	 9.76439072738279111377e-04	 9.55521750023513539649e-04	 1.02075766814326484785e-03	 6.40646408383345618807e-04	 7.12145785033458560490e-04	 9.73392564402385837390e-04	 6.92438264359350917827e-06	 7.02363860996161506724e-06	 7.02353808651275992176e-06	 7.02363342256795282991e-06	 
 2.80000000000000082157e-01	 2.77613690105766929578e-06	 2.74603753426187764512e-06	 2.77944349388659460437e-06	 9.57649093741680954364e-04	 9.58485391502196569860e-04	 9.37323190320140829310e-04	 9.98638061679350038519e-04	 6.36227139329638489811e-04	 7.05061816513773901953e-04	 9.55506587397415819117e-04	 6.78333637823961668246e-06	 6.88440776860504147016e-06	 6.88430850786266826136e-06	 6.88440282816516315248e-06	 
 2.99999999999999988898e-01	 2.71755879856281937711e-06	 2.68787167282149265109e-06	 2.72092013632368120527e-06	 9.38694176587890694377e-04	 9.39543026443539781162e-04	 9.18130627028803519840e-04	 9.75444919325345782997e-04	 6.30866721505986575644e-04	 6.96917327544782226785e-04	 9.36637799017580002618e-04	 6.63386947933451539330e-06	 6.73645689286606716726e-06	 6.73635899778970386988e-06	 6.73645219826420421991e-06	 
 3.20000000000000006661e-01	 2.65564410996215431179e-06	 2.62637049472354599646e-06	 2.65901304645528441454e-06	 9.18805514284388373351e-04	 9.19666552191992299654e-04	 8.97996499697352153560e-04	 9.51257062162020922309e-04	 6.24550453362395126267e-04	 6.87715028090536283252e-04	 9.16838964235914101811e-04	 6.47647238721445312571e-06	 6.58026307254100354554e-06	 6.58016664740906687846e-06	 6.58025861149748216293e-06	 
 3.39999999999999968914e-01	 2.59062003652684990507e-06	 2.56175588033529695462e-06	 2.59394544965286956209e-06	 8.98045911111089228615e-04	 8.98918533279432184491e-04	 8.76981605932824733254e-04	 9.26163463790587019632e-04	 6.17273739775589850264e-04	 6.77469745527516445383e-04	 8.96171511437954563736e-04	 6.31172218842241414347e-06	 6.41639187138953090677e-06	 6.41629702198839763940e-06	 6.41638762675971390464e-06	 
 3.59999999999999931166e-01	 2.52274846158452762689e-06	 2.49428923837164091202e-06	 2.52598438261974005172e-06	 8.76487246761867679415e-04	 8.77370061017671313761e-04	 8.55155720610263864016e-04	 9.00263945316621201805e-04	 6.09043714202917052004e-04	 6.66210204412132165480e-04	 8.74706205836941075998e-04	 6.14029063991209601218e-06	 6.24550569253556163695e-06	 6.24541252641982200331e-06	 6.24550164982259786061e-06	 
 3.80000000000000059952e-01	 2.45227208810855466255e-06	 2.42421265843567095363e-06	 2.45537739914647242683e-06	 8.54196768769192177340e-04	 8.55087631337638235871e-04	 8.32583683593502137804e-04	 8.73650570894566659043e-04	 5.99865878587568248335e-04	 6.53963110659042719947e-04	 8.52509243537347832786e-04	 5.96279821327173757320e-06	 6.06821743837816942837e-06	 6.06812606465556546184e-06	 6.06821358565149478366e-06	 
 4.00000000000000077716e-01	 2.37945639215772646960e-06	 2.35179951291826207105e-06	 2.38240453159086463760e-06	 8.31248135853948893342e-04	 8.32144395059939887514e-04	 8.09338270459787102740e-04	 8.46424034174241804625e-04	 5.89757667373537290689e-04	 6.40767200231381591283e-04	 8.29653495209610046708e-04	 5.77994011346491484455e-06	 5.88521663577313132410e-06	 5.88512716614062468860e-06	 5.88521296948426899103e-06	 
 4.19999999999999984457e-01	 2.30459093039022877087e-06	 2.27735718983812515125e-06	 2.30738118078497597636e-06	 8.07721737938349166989e-04	 8.08620521865722422655e-04	 7.85500778417125527890e-04	 8.18694198247268772016e-04	 5.78750143201534994301e-04	 6.26674792623247551258e-04	 8.06218876192631725766e-04	 5.59249253328507841035e-06	 5.69727596625055904012e-06	 5.69718851623972611352e-06	 5.69727249800279398159e-06	 
 4.39999999999999946709e-01	 2.22793572836539084122e-06	 2.20116228791450153947e-06	 2.23059157299960920628e-06	 7.83690725767873289619e-04	 7.84588960717414168194e-04	 7.61144672641294391287e-04	 7.90559523834628375197e-04	 5.66871369806993337555e-04	 6.11734032295155327752e-04	 7.82278115050603667542e-04	 5.40115182609308088131e-06	 5.50508993411068024937e-06	 5.50500462276161375619e-06	 5.50508668977937907303e-06	 
 4.60000000000000131006e-01	 2.14978305175913694759e-06	 2.12351656496710455499e-06	 2.15233799958598417826e-06	 7.59235066881806114347e-04	 7.60128886987136297322e-04	 7.36350153953929773172e-04	 7.62125266774152138223e-04	 5.54162518355617839637e-04	 5.96005037727533591198e-04	 7.57910454952745492666e-04	 5.20667188363672676032e-06	 5.30941458642449364594e-06	 5.30933152812402949980e-06	 5.30941159518359880200e-06	 
 4.80000000000000037748e-01	 2.07046062423594591064e-06	 2.04474905037920853495e-06	 2.07294181357965052437e-06	 7.34442041216220730011e-04	 7.35326107846719740843e-04	 7.11204644884702390749e-04	 7.33503896364479210553e-04	 5.40679583910542603184e-04	 5.79561355396512271204e-04	 7.33202104981621016581e-04	 5.00986864160490789173e-06	 5.11107257274703318976e-06	 5.11099186785280896903e-06	 5.11106985438884083717e-06	 
 5.00000000000000000000e-01	 1.99025347159305870967e-06	 1.96514583852975863285e-06	 1.99268222882486176288e-06	 7.09388746293568533789e-04	 7.10256344486459904007e-04	 6.85784594797854678977e-04	 7.04792862646805968151e-04	 5.26473071769468906923e-04	 5.62469251623983921770e-04	 7.08229193219439469992e-04	 4.81144887560400961578e-06	 4.91077816292553070749e-06	 4.91069989897580789600e-06	 4.91077572883877575173e-06	 
 5.20000000000000128786e-01	 1.90946909697077664019e-06	 1.88501226044404427271e-06	 1.91186265947816622440e-06	 6.84155070719469327566e-04	 6.85000442204817855570e-04	 6.60172234857213315225e-04	 6.76092193501445760072e-04	 5.11606092316542167622e-04	 5.44804839489763915138e-04	 6.83071711845993222341e-04	 4.61216362055134245775e-06	 4.70929209941310663950e-06	 4.70921634833060305937e-06	 4.70928995173349371862e-06	 
 5.40000000000000035527e-01	 1.82843967884570382328e-06	 1.80467463945758230492e-06	 1.83081315091233745254e-06	 6.58823736834451638943e-04	 6.59644739852261407197e-04	 6.34456047450173386826e-04	 6.47504501551494048017e-04	 4.96155940126405403667e-04	 5.26655238231968770950e-04	 6.57813711112427120312e-04	 4.41281205717177947638e-06	 4.50742574570266034981e-06	 4.50735256063549673890e-06	 4.50742387633618995347e-06	 
 5.60000000000000053291e-01	 1.74744217554027507936e-06	 1.72440460700321051174e-06	 1.74980882823324154020e-06	 6.33464842422861102236e-04	 6.34262640438187853993e-04	 6.08710322950603262629e-04	 6.19114661667122820679e-04	 4.80190938938403286823e-04	 5.08096662253378203097e-04	 6.32526537330024992388e-04	 4.21405622247797797576e-06	 4.30585308299479232910e-06	 4.30578250041137930838e-06	 4.30585147490575655707e-06	 
 5.79999999999999849010e-01	 1.66677490536500470216e-06	 1.64448797262260635909e-06	 1.66913839939134710722e-06	 6.08153303525101052163e-04	 6.08930896995542769896e-04	 5.83013871835184622344e-04	 5.91007986448953285055e-04	 4.63787103792338774484e-04	 4.89213327670786181714e-04	 6.07285868966508067535e-04	 4.01659149992716097436e-06	 4.10528260539425636033e-06	 4.10521464609113319804e-06	 4.10528123351952882686e-06	 
 5.99999999999999977796e-01	 1.58676005764711988115e-06	 1.56522630848940779698e-06	 1.58910566172321393908e-06	 5.82969290445548059612e-04	 5.83729873383562474116e-04	 5.57450449327726634680e-04	 5.63270132950919092361e-04	 4.47029127928713241810e-04	 4.70098464814999597930e-04	 5.82172096639729796941e-04	 3.82115028811306452542e-06	 3.90646112855516425738e-06	 3.90639579877352720690e-06	 3.90645996080106723758e-06	 
 6.20000000000000106581e-01	 1.50765221160559949745e-06	 1.48685610238815253964e-06	 1.50994919456710960749e-06	 5.57977579065119396427e-04	 5.58724532599652666358e-04	 5.32086611707110177828e-04	 5.35967183041250708371e-04	 4.29989279298630426226e-04	 4.50830626372186315121e-04	 5.57250242175443997669e-04	 3.62830344050605585319e-06	 3.70997247669382517710e-06	 3.70990977018912627567e-06	 3.70997147501062393484e-06	 
 6.39999999999999902300e-01	 1.42970599986914738995e-06	 1.40962383272814601956e-06	 1.43191513189485615596e-06	 5.33246272326737139405e-04	 5.33982814373449112856e-04	 5.06991827265954671418e-04	 5.09167378493058982863e-04	 4.12746665154020697663e-04	 4.31492476491749873697e-04	 5.32588687803366741917e-04	 3.43864337825085940556e-06	 3.51642571110911277449e-06	 3.51636561262019254595e-06	 3.51642483843736886195e-06	 
 6.60000000000000031086e-01	 1.35317652144889048762e-06	 1.33378741024993010328e-06	 1.35525832084481241834e-06	 5.08847149250789992404e-04	 5.09575944269319378727e-04	 4.82238805087749355938e-04	 4.82941320535993170743e-04	 3.95388228664657348250e-04	 4.12171473614301227956e-04	 5.08259531720965489210e-04	 3.25278720887661873182e-06	 3.32645870154381065922e-06	 3.32640119062555152316e-06	 3.32645792952101716680e-06	 
 6.80000000000000159872e-01	 1.27824626273349113943e-06	 1.25953159576480840697e-06	 1.28016096389726750246e-06	 4.84834362022299304815e-04	 4.85557614831636299990e-04	 4.57880621994073190324e-04	 4.57338279839801997370e-04	 3.77984938155482652709e-04	 3.92937409490714878099e-04	 4.84317276440809755568e-04	 3.07117289768208828082e-06	 3.14052626724839530639e-06	 3.14047131943722917274e-06	 3.14052557508634395841e-06	 
 6.99999999999999955591e-01	 1.20510069408101773609e-06	 1.18704951554527340269e-06	 1.20681934125513245926e-06	 4.61264509449632186151e-04	 4.61983456729552898357e-04	 4.33975325215684099370e-04	 4.32410317296565312444e-04	 3.60611909282315451410e-04	 3.73863014460785428490e-04	 4.60818116849094031474e-04	 2.89425975983672477130e-06	 2.95910466337592364621e-06	 2.95905224813902454243e-06	 2.95910403483902106420e-06	 
 7.20000000000000084377e-01	 1.13392904308093088719e-06	 1.11654403133368881710e-06	 1.13544571837087506789e-06	 4.38196935931928113327e-04	 4.38911280112551642919e-04	 4.10586500504559945551e-04	 4.08212555184252765331e-04	 3.43349230112075561993e-04	 3.55024608230873335406e-04	 4.37820166421874930589e-04	 2.72253174133995077386e-06	 2.78269498110166762540e-06	 2.78264505959373104887e-06	 2.78269440126188815618e-06	 
 7.39999999999999991118e-01	 1.06484431417266594915e-06	 1.04813942093097499867e-06	 1.06617217559994943876e-06	 4.15671794010328784531e-04	 4.16379947357571817464e-04	 3.87755444790350699714e-04	 3.84777527840281946287e-04	 3.26258213703196095577e-04	 3.36478473674700618006e-04	 4.15362608643046835738e-04	 2.55628192354878688137e-06	 2.61160170990627259685e-06	 2.61155423696379360282e-06	 2.61160116499479032741e-06	 
 7.60000000000000008882e-01	 9.97974914347758343324e-07	 9.81968081915700238862e-07	 9.99137522446939524881e-07	 3.93729579160700948748e-04	 3.94430142651514708575e-04	 3.65527623871481533065e-04	 3.62138001826927899158e-04	 3.09402539417040728202e-04	 3.18283526451922083294e-04	 3.93486661981870490448e-04	 2.39582050548867760758e-06	 2.44614975872975958716e-06	 2.44610468293155837503e-06	 2.44614923657288020376e-06	 
 7.80000000000000137668e-01	 9.33466256818724078351e-07	 9.18171666122370933177e-07	 9.34488399280789054252e-07	 3.72411212767066236197e-04	 3.73104568506058605765e-04	 3.43953145780009135902e-04	 3.40326948871609330938e-04	 2.92848967345204005963e-04	 3.00501954383590658745e-04	 3.72235800977947220089e-04	 2.24147717603663402045e-06	 2.28668721843383509880e-06	 2.28664448213753999169e-06	 2.28668670894702531229e-06	 
 7.99999999999999933387e-01	 8.71382115673583529768e-07	 8.56810821680472356419e-07	 8.72289311201044090325e-07	 3.51738130050744410380e-04	 3.52426208652984081227e-04	 3.23058009413881494758e-04	 3.19355282474541757754e-04	 2.76643685384675094580e-04	 2.83174217989318730872e-04	 3.51633753400238313266e-04	 2.09338858369466815934e-06	 2.13335972353571137500e-06	 2.13331926489756817480e-06	 2.13335921833383289855e-06	 
 8.20000000000000062172e-01	 8.11798790311130191425e-07	 7.97956770833048872531e-07	 8.12616240792628655546e-07	 3.31735396289361834498e-04	 3.32420056983802380060e-04	 3.02874453599889488856e-04	 2.99237222709881239054e-04	 2.60834085907991702034e-04	 2.66343168239395553659e-04	 3.31705136203590299823e-04	 1.95171405251137457479e-06	 1.98633930915509778663e-06	 1.98630106294758357292e-06	 1.98633880167285584430e-06	 
 8.39999999999999857891e-01	 7.54806064828271309599e-07	 7.41692082165338079898e-07	 7.55557538702279291418e-07	 3.12431901402463200936e-04	 3.13113215221919179935e-04	 2.83441477392132659945e-04	 2.79990304230651014528e-04	 2.45469344999126113781e-04	 2.50054597664562197352e-04	 3.12475481242554587770e-04	 1.81663701174491254102e-06	 1.84582624049891900038e-06	 1.84579013897261975360e-06	 1.84582572615386322995e-06	 
 8.60000000000000097700e-01	 7.00411128987509575089e-07	 6.88018384514816782272e-07	 7.01119095773396105120e-07	 2.93836324186566219801e-04	 2.94512942523734056344e-04	 2.64772191265082634717e-04	 2.61610306126482735235e-04	 2.30577446204137831995e-04	 2.34331809122521292658e-04	 2.93950878865051118058e-04	 1.68815288324139048154e-06	 1.71181873980978506069e-06	 1.71178471433036115987e-06	 1.71181821551335889779e-06	 
 8.80000000000000115463e-01	 6.48640553822429562755e-07	 6.36952411492034828481e-07	 6.49318537595230361373e-07	 2.75960754462183544423e-04	 2.76631065671148208395e-04	 2.46885221020014212698e-04	 2.44094624064775670346e-04	 2.16188706413293906276e-04	 2.19200706574339959642e-04	 2.76141459352883134742e-04	 1.56628024468725273362e-06	 1.58435385043119219250e-06	 1.58432183721702671049e-06	 1.58435331768297768476e-06	 
 8.99999999999999911182e-01	 5.99540881715994938700e-07	 5.88526213459397706129e-07	 6.00185300761990760263e-07	 2.58820717800012454340e-04	 2.59484044755304860824e-04	 2.29805026055067879208e-04	 2.27441942298633510309e-04	 2.02336261186597966139e-04	 2.04690189982846613807e-04	 2.59061399358225734162e-04	 1.45106025978906318823e-06	 1.46350791742377531647e-06	 1.46347786367661616833e-06	 1.46350738563695400354e-06	 
 9.20000000000000039968e-01	 5.53075791142977048900e-07	 5.42692652225367339138e-07	 5.53669835181730962884e-07	 2.42411663042013675188e-04	 2.43068153929904587048e-04	 2.13529802792073223304e-04	 2.11631144991899746354e-04	 1.89031932796983060665e-04	 1.90806860293108658229e-04	 2.42705265220979660460e-04	 1.34236116621620198869e-06	 1.34915931658775907300e-06	 1.34913117941143931895e-06	 1.34915880116012637455e-06	 
 9.39999999999999835687e-01	 5.09215465544662106902e-07	 4.99423803291387896112e-07	 5.09744122812801097504e-07	 2.26733913263678127543e-04	 2.27384433765690863530e-04	 1.98064013901436445590e-04	 1.96646511169968658686e-04	 1.76289690596518250137e-04	 1.77559610892506758700e-04	 2.27073159348121990549e-04	 1.24009577366449248949e-06	 1.24123518414880718761e-06	 1.24120891908001213963e-06	 1.24123469770667519024e-06	 
 9.60000000000000075495e-01	 4.67935601106148339840e-07	 4.58710314957313708997e-07	 4.68401071230983137897e-07	 2.11792522030058050653e-04	 2.12438563181791039217e-04	 1.83418472052665400837e-04	 1.82477211799953614475e-04	 1.64125889095812128480e-04	 1.64959740711670117905e-04	 2.12170584199744294849e-04	 1.14421924250764263584e-06	 1.13970976602899068624e-06	 1.13968531530418229841e-06	 1.13970930940019984118e-06	 
 9.80000000000000093259e-01	 4.29139524172353850955e-07	 4.20467106056543462418e-07	 4.29556859900972618494e-07	 1.97572784035343320059e-04	 1.98216434577468873877e-04	 1.69578313153975740847e-04	 1.69093571905711904154e-04	 1.52536555433517448605e-04	 1.52997692778687808916e-04	 1.97983394823691283412e-04	 1.05452783709565235597e-06	 1.04436781357683889507e-06	 1.04434511148074324155e-06	 1.04436737870733788335e-06	 
 9.99999999999999888978e-01	 3.92764589452983798447e-07	 3.84632394221585644681e-07	 3.93148609472694180769e-07	 1.84064900957517905717e-04	 1.84708772407967373877e-04	 1.56535027584970784249e-04	 1.56471112122300932057e-04	 1.41521546348019128725e-04	 1.41668923444772376901e-04	 1.84502590136330037922e-04	 9.70844122114754806520e-07	 9.55052319706071749418e-07	 9.55031294468020621919e-07	 9.55051897329395725763e-07	 
 1.02000000000000001776e+00	 3.58780472588834440496e-07	 3.51165984363672779534e-07	 3.59132614733444313506e-07	 1.71263568162770225605e-04	 1.71910735014058107173e-04	 1.44286202525718235557e-04	 1.44589729178943958562e-04	 1.31084498350660902692e-04	 1.30973733237616749578e-04	 1.71723923719127672663e-04	 8.93011600773393710449e-07	 8.71660176165952085848e-07	 8.71640751682004101654e-07	 8.71659763463039453009e-07	 
 1.04000000000000003553e+00	 3.27082765698734696027e-07	 3.19956640019654766264e-07	 3.27394589962523288096e-07	 1.59144794874923104465e-04	 1.59798863888802104806e-04	 1.32805693375687893171e-04	 1.33412079762134467772e-04	 1.21209837491891901195e-04	 1.20892653496838708613e-04	 1.59624426845098791976e-04	 8.20747826954748740027e-07	 7.93910714610716197044e-07	 7.93892814323913777481e-07	 7.93910313402990076501e-07	 
 1.06000000000000005329e+00	 2.97593185841279071721e-07	 2.90921030871783347106e-07	 2.97851313902638207077e-07	 1.47691455836250750419e-04	 1.48355401072369162121e-04	 1.22075502030502129917e-04	 1.22909036852596019332e-04	 1.11888229790479921608e-04	 1.11410298727025665637e-04	 1.48188130954829037174e-04	 7.53807821718390541422e-07	 7.21593512645916381780e-07	 7.21577055532854442139e-07	 7.21593123602128131872e-07	 
 1.08000000000000007105e+00	 2.70256889561133258426e-07	 2.64000828414361603365e-07	 2.70447675132492231628e-07	 1.36892576624799046240e-04	 1.37567565750296768451e-04	 1.12085135891349275006e-04	 1.13058555368725265414e-04	 1.03116211294249437796e-04	 1.02514820686622421453e-04	 1.37405392114819106157e-04	 6.91975468546167431015e-07	 6.54561062621707195325e-07	 6.54545959055407813553e-07	 6.54560679511197546652e-07	 
 1.09999999999999986677e+00	 2.44951437989540580592e-07	 2.39071459712958465668e-07	 2.45060785917317399438e-07	 1.26719209938142571628e-04	 1.27405317354121067888e-04	 1.02802623388560264352e-04	 1.03821584607722265268e-04	 9.48717733931888669444e-05	 9.41770263168703982478e-05	 1.27248510473681715818e-04	 6.34939730572571475049e-07	 5.92500138705097981479e-07	 5.92486296159408309210e-07	 5.92499750327581718596e-07	 
 1.11999999999999988454e+00	 2.21577821251470542537e-07	 2.16039522761865512297e-07	 2.21597462341350840654e-07	 1.17150591625393777880e-04	 1.17846827205235607288e-04	 9.42015137455108153650e-05	 9.51677982949880482645e-05	 8.71392618905726169289e-05	 8.63761619852378462973e-05	 1.17697155918819191655e-04	 5.82432302413549325184e-07	 5.35176094410372081540e-07	 5.35163422314803561499e-07	 5.35175691117064921124e-07	 
 1.14000000000000012434e+00	 2.00056370164474998537e-07	 1.94838670951931051836e-07	 1.99990174544674824312e-07	 1.08173125971492862791e-04	 1.08877411034324558933e-04	 8.62598329381664938624e-05	 8.70741757813381345686e-05	 7.99086763632205659188e-05	 7.90989309533681941985e-05	 1.08737398391563200566e-04	 5.34216250750823746520e-07	 4.82422514045031198339e-07	 4.82410928508316615862e-07	 4.82422094095715914597e-07	 
 1.15999999999999992006e+00	 1.80250314275454204768e-07	 1.75341157623124785788e-07	 1.80109731574601521788e-07	 9.97557912063586456819e-05	 1.00465566747818239477e-04	 7.89390983134109444110e-05	 7.95007165691818474054e-05	 7.31528048781470894256e-05	 7.23150396212464164096e-05	 1.00338314001709291625e-04	 4.89988062532220625449e-07	 4.33919055239735070286e-07	 4.33908480096620668650e-07	 4.33918621932739166283e-07	 
 1.18000000000000015987e+00	 1.62058787674271714002e-07	 1.57451786951269871200e-07	 1.61859736737223268445e-07	 9.18759529289490711919e-05	 9.25888404668366994492e-05	 7.22068703261114110256e-05	 7.24188676377085700266e-05	 6.68529406378295118843e-05	 6.60030432057585897008e-05	 9.24766650242989893564e-05	 4.49482464674180803225e-07	 3.89427681349484648242e-07	 3.89418046861505730851e-07	 3.89427241301191850938e-07	 
 1.19999999999999973355e+00	 1.45411068605488465384e-07	 1.41102657761256901331e-07	 1.45171263162678816384e-07	 8.45180522771541830468e-05	 8.52324796918034634620e-05	 6.60351696874613211660e-05	 6.58097623942801326869e-05	 6.09977763634025741714e-05	 6.01490942614786710803e-05	 8.51355906333582250533e-05	 4.12459098031567368632e-07	 3.48779480119025437060e-07	 3.48770722030316252975e-07	 3.48779041828773662221e-07	 
 1.21999999999999997335e+00	 1.30180815732830469612e-07	 1.26169137275910438044e-07	 1.29918350256035254387e-07	 7.76496815462829667988e-05	 7.83650013369521276528e-05	 6.03841608101817701256e-05	 5.96355246456752594378e-05	 5.55590689380816238016e-05	 5.47227103961554843222e-05	 7.82821903334101319456e-05	 3.78637227435445563421e-07	 3.11662789960843131451e-07	 3.11654850743404956838e-07	 3.11662362734010288522e-07	 
 1.24000000000000021316e+00	 1.16279474853833394996e-07	 1.12560134178912568683e-07	 1.16007960965563696586e-07	 7.12476019717667494570e-05	 7.19633808793718806208e-05	 5.52179659911997740979e-05	 5.38744301287700304531e-05	 5.05170754232445518082e-05	 4.97018155067540897459e-05	 7.18922893103183055117e-05	 3.47770877674422563117e-07	 2.77850358348306768653e-07	 2.77843181470727075831e-07	 2.77849949369216516772e-07	 
 1.25999999999999978684e+00	 1.03649848069716128234e-07	 1.00211857973724308752e-07	 1.03373686666788752137e-07	 6.52961484589252268498e-05	 6.60115189440393538905e-05	 5.05027369154901012113e-05	 4.85188755486681518644e-05	 4.58591961206486747188e-05	 4.50712589880983445761e-05	 6.59488113945315055330e-05	 3.19634392206109699532e-07	 2.47183737687163231398e-07	 2.47177262324789689392e-07	 2.47183349210124514740e-07	 
 1.28000000000000002665e+00	 9.21803568103193264413e-08	 8.90088164089569507565e-08	 9.18976725723593875444e-08	 5.97635280535890449924e-05	 6.04777470813777626494e-05	 4.61984302948777257169e-05	 4.35374547656458224130e-05	 4.15569084848658133941e-05	 4.08005396647245316367e-05	 6.04194422144944864243e-05	 2.93984403179667202473e-07	 2.19374198011850010562e-07	 2.19368363943940162893e-07	 2.19373829007235730586e-07	 
 1.30000000000000026645e+00	 8.17913012329923346811e-08	 7.88684128652703615475e-08	 8.14969699146779630821e-08	 5.46272791728442629858e-05	 5.53389750902478146934e-05	 4.22676806160177014949e-05	 3.89154228128526507723e-05	 3.75908650612486581089e-05	 3.68677955711586320805e-05	 5.52822196646366156099e-05	 2.70608457150731392654e-07	 1.94215702373557915662e-07	 1.94210455634579957576e-07	 1.94215352121054906852e-07	 
 1.32000000000000006217e+00	 7.24280822002805811625e-08	 6.97338356481732136341e-08	 7.21162137367886582196e-08	 4.98723724257127458631e-05	 5.05788146545452411843e-05	 3.86734375505707136554e-05	 3.46526642195719557921e-05	 3.39491870254244066936e-05	 3.32579753531465931908e-05	 5.05235531638744173630e-05	 2.49310047293667870109e-07	 1.71567128823426620194e-07	 1.71562427121120945311e-07	 1.71566800160503458658e-07	 
 1.34000000000000007994e+00	 6.39882789160796117788e-08	 6.15016975734367688092e-08	 6.36519322773257317585e-08	 4.54684174164897997469e-05	 4.61664171520887624939e-05	 3.53768256121087844301e-05	 3.07210836727686372361e-05	 3.06048707843789097533e-05	 2.99418146706417412231e-05	 4.61144432595488702135e-05	 2.29890009003557944107e-07	 1.51169999526724651705e-07	 1.51165810753283622684e-07	 1.51169697311075823504e-07	 
 1.35999999999999987566e+00	 5.63982650491561690254e-08	 5.41006022517534994320e-08	 5.60353954258083747280e-08	 4.13945982925274357650e-05	 4.20812556617050420246e-05	 3.23438790787907299836e-05	 2.71099998595199478588e-05	 2.75398784151905939583e-05	 2.69000541915303727637e-05	 4.20346934175871007845e-05	 2.12157584767371337585e-07	 1.32845963251055134628e-07	 1.32842257014146692821e-07	 1.32845691939881934145e-07	 
 1.37999999999999989342e+00	 4.96056778002348208537e-08	 4.74833602734105668587e-08	 4.92247437516997594811e-08	 3.76374705439686631009e-05	 3.83108377293985027348e-05	 2.95426180891409781903e-05	 2.38239415700505404447e-05	 2.47431790953081435851e-05	 2.41212394942144025504e-05	 3.82708467843255247952e-05	 1.95916647220507620582e-07	 1.16477338801481275486e-07	 1.16474079092394734348e-07	 1.16477100315948752155e-07	 
 1.40000000000000013323e+00	 4.35182623809008138225e-08	 4.15607715249598265859e-08	 4.31326847245053615526e-08	 3.41687961131351613728e-05	 3.48279601597907358568e-05	 2.69389241787183067521e-05	 2.08363943622472495289e-05	 2.21897362946593948907e-05	 2.15796061844174521583e-05	 3.47951598795283461338e-05	 1.80985299060999052916e-07	 1.01840981658531167074e-07	 1.01838132964962503115e-07	 1.01840776638397959059e-07	 
 1.41999999999999992895e+00	 3.80741449001565444624e-08	 3.62736140054407246970e-08	 3.76978768495855452184e-08	 3.09708290254849015282e-05	 3.16151699714053939353e-05	 2.45084483157521939287e-05	 1.81356987480494302701e-05	 1.98628082977451634033e-05	 1.92594983209740978902e-05	 3.15898554986461928230e-05	 1.67226311155059156186e-07	 8.87884040879944913079e-08	 8.87859292136435259655e-08	 8.87882313909136774062e-08	 
 1.44000000000000016875e+00	 3.32333875085916735334e-08	 3.15845107413164762838e-08	 3.28772783095585665261e-08	 2.80337977050672819857e-05	 2.86623781988116380982e-05	 2.22332239738711899459e-05	 1.57227039191970670501e-05	 1.77517753267905151865e-05	 1.71530192587364749344e-05	 2.86446723258079608346e-05	 1.54529775999604438351e-07	 7.72254461521719652884e-08	 7.72233040665326053008e-08	 7.72253022478940804332e-08	 
 1.45999999999999996447e+00	 2.89195525886479187352e-08	 2.74185300471651218043e-08	 2.85922574926804275443e-08	 2.53329545118203499395e-05	 2.59451005919297000997e-05	 2.00871274191585128617e-05	 1.35690459526024613464e-05	 1.58335640503048786479e-05	 1.52378339647389396801e-05	 2.59351489577310695986e-05	 1.42778619388523959550e-07	 6.69644749783594257154e-08	 6.69626265972453087946e-08	 6.69643554633870363776e-08	 
 1.47999999999999998224e+00	 2.50854554664812557945e-08	 2.37276638264872309462e-08	 2.47941680571805580318e-08	 2.28537852288962242090e-05	 2.34487076163243951413e-05	 1.80598066227801435616e-05	 1.16578710493156486536e-05	 1.40938088348522126843e-05	 1.35008875243935940217e-05	 2.34462401919593824184e-05	 1.31861386150836254953e-07	 5.78848011170813917916e-08	 5.78832090937117945410e-08	 5.78847008458938025965e-08	 
 1.50000000000000000000e+00	 2.17046523300405013942e-08	 2.04826378158117716762e-08	 2.14555687126950222818e-08	 2.05893798971295613053e-05	 2.11658385684533998001e-05	 1.61531475404536933513e-05	 9.98099089085726723651e-06	 1.25243836659492903987e-05	 1.19360000430407617593e-05	 2.11697601889494648028e-05	 1.21661193705731419174e-07	 4.99121784083223182258e-08	 4.99108069831385823807e-08	 4.99120914910850029575e-08	 
 1.52000000000000001776e+00	 1.87160906258932407373e-08	 1.76215379085876076390e-08	 1.85152793837391912902e-08	 1.85180837153346873874e-05	 1.90750248421662060969e-05	 1.43502949477536476136e-05	 8.50797904255594636999e-06	 1.11054442900598504475e-05	 1.05233122378161678389e-05	 1.90838914595231368436e-05	 1.12054971019831404263e-07	 4.28918200867360282744e-08	 4.28906377040144948260e-08	 4.28917405340511839245e-08	 
 1.54000000000000003553e+00	 1.60825780229727315821e-08	 1.51064422538625025964e-08	 1.59323678759249775617e-08	 1.66272668940465652172e-05	 1.71635041754243284381e-05	 1.26547450671576771372e-05	 7.22038692020748445457e-06	 9.82516794416169874119e-06	 9.25187766219682330732e-06	 1.71761067764946754829e-05	 1.03004636592866726771e-07	 3.67285640054415423294e-08	 3.67275437805006330808e-08	 3.67284874876971355736e-08	 
 1.56000000000000027534e+00	 1.37828496569723675413e-08	 1.29153234725569852297e-08	 1.36784809354617254240e-08	 1.49106582802769862183e-05	 1.54245887809659513405e-05	 1.10871795431147919487e-05	 6.10788391490164400747e-06	 8.67723088516005261884e-06	 8.11710386294936257268e-06	 1.54404386992320365169e-05	 9.45367089866797034435e-08	 3.13666188207708325575e-08	 3.13657393751118202347e-08	 3.13665442562874858994e-08	 
 1.58000000000000007105e+00	 1.17663782894541808298e-08	 1.09981976903025783010e-08	 1.17009445043165548738e-08	 1.33486270735446132103e-05	 1.38387605872982740038e-05	 9.63760178960878236476e-06	 5.14329296932397714883e-06	 7.64457429908247865420e-06	 7.10176928589984099666e-06	 1.38578905021629077057e-05	 8.66124415096706496560e-08	 2.66816090330481465713e-08	 2.66808540124726748994e-08	 2.66815367353297209185e-08	 
 1.60000000000000008882e+00	 1.00027608913350930166e-08	 9.32650416319736359546e-09	 9.96979051435818485416e-09	 1.19299147032431945799e-05	 1.23950954618782355991e-05	 8.31054995097047150606e-06	 4.31069062369285733283e-06	 6.71777588504509514154e-06	 6.19632747706373066432e-06	 1.24174338133151704252e-05	 7.92247965374091829930e-08	 2.26020040692957694968e-08	 2.26013590930475257832e-08	 2.26019349380349526494e-08	 
 1.61999999999999988454e+00	 8.47397540801915116389e-09	 7.88528120962443942791e-09	 8.46939416966323659205e-09	 1.06487787001754389827e-05	 1.10883909617628414026e-05	 7.12322940262096702811e-06	 3.60120504075159054392e-06	 5.89245439194689914393e-06	 5.39632638161334522844e-06	 1.11132679562334162174e-05	 7.23927768250246356310e-08	 1.90896560063741086196e-08	 1.90891065602634847763e-08	 1.90895910182015331968e-08	 
 1.64000000000000012434e+00	 7.13835282024150738841e-09	 6.63539545558961328402e-09	 7.16054321055703686319e-09	 9.48766369764428009427e-06	 9.90156818066258090632e-06	 6.06133435178316632656e-06	 2.99298112241631107956e-06	 5.15431691813845822614e-06	 4.68672049901764654065e-06	 9.92812548326778277191e-06	 6.60757636698461511703e-08	 1.60476038523190896366e-08	 1.60471373397530400668e-08	 1.60475438429636743259e-08	 
 1.66000000000000014211e+00	 5.97776035967078645339e-09	 5.55586200000105062208e-09	 6.02451132193372286492e-09	 8.43751776851290658833e-06	 8.82566943395325556165e-06	 5.12081486316040896041e-06	 2.47412280317620146664e-06	 4.49597974590975015587e-06	 4.05910667382674628030e-06	 8.85312093609027393390e-06	 6.02480876435346539770e-08	 1.34235600202290033009e-08	 1.34231654686150142402e-08	 1.34235061949871528600e-08	 
 1.67999999999999993783e+00	 4.98945902423083489270e-09	 4.63661456400353164853e-09	 5.05560245967398453963e-09	 7.49470270223039323760e-06	 7.85688469905544485162e-06	 4.30547423610148369207e-06	 2.03863633562760825733e-06	 3.91440572964274054678e-06	 3.50907912382290835840e-06	 7.88471143852520221155e-06	 5.48937193367391209531e-08	 1.11919899316506222000e-08	 1.11916579776184898352e-08	 1.11919443149248121918e-08	 
 1.70000000000000017764e+00	 4.14429283038457442187e-09	 3.84738214479712728144e-09	 4.22521046165033834967e-09	 6.64452945611525809598e-06	 6.98047412509864245809e-06	 3.59574229711053923274e-06	 1.67016313338734954729e-06	 3.39768375314616435278e-06	 3.02380658123108605434e-06	 7.00837465378839111592e-06	 4.99569263606753555324e-08	 9.27838150555567713674e-09	 9.27810506650268500895e-09	 9.27834653019151502588e-09	 
 1.71999999999999997335e+00	 3.42585199505517254207e-09	 3.17311483489907005434e-09	 3.51640221941952594359e-09	 5.87936868183906510420e-06	 6.18947668342986668415e-06	 2.98269378695886581220e-06	 1.36009891813609087989e-06	 2.93988340492947291508e-06	 2.59686799889982748149e-06	 6.21703145425930548361e-06	 4.53846717185541660413e-08	 7.64546004573426452880e-09	 7.64523299494044369805e-09	 7.64543687641731427227e-09	 
 1.73999999999999999112e+00	 2.82450239931934229072e-09	 2.60740430292737816460e-09	 2.91808534484185428153e-09	 5.19569232972292535292e-06	 5.48167313925895622419e-06	 2.46398881315544283969e-06	 1.10405187300773611856e-06	 2.53856750455017288513e-06	 2.22553151838909675861e-06	 5.50808176418876739290e-06	 4.11177548349718985363e-08	 6.27699065366523817695e-09	 6.27680703397004235288e-09	 6.27697776571395844778e-09	 
 1.76000000000000023093e+00	 2.31522046080191538941e-09	 2.12734396988208987162e-09	 2.40580246909485528484e-09	 4.58055702329737239327e-06	 4.84471380962840440212e-06	 2.02089340525471392729e-06	 8.90062603512775253720e-07	 2.18373481627082441863e-06	 1.89963904513880335403e-06	 4.86899998797841828850e-06	 3.70699756051994448200e-08	 5.11691002018081708060e-09	 5.11676554563333187900e-09	 5.11690553212565524315e-09	 
 1.78000000000000002665e+00	 1.88633150223776147638e-09	 1.72250106387818229125e-09	 1.96835007740187416445e-09	 4.02833783551862319909e-06	 4.27278348730622772769e-06	 1.64498668285810779322e-06	 7.12359364352056039424e-07	 1.87095290512883425150e-06	 1.61468843178210833610e-06	 4.29425684166854547213e-06	 3.32471146791447733514e-08	 4.13957772551012475228e-09	 4.13946758004612064419e-09	 4.13957940590510187964e-09	 
 1.80000000000000004441e+00	 1.53313821500666247595e-09	 1.38909562298755967231e-09	 1.60147939335843053258e-09	 3.53757908450300475453e-06	 3.76369257043683141454e-06	 1.33347163496930304001e-06	 5.68313849504648224992e-07	 1.59888491573761140078e-06	 1.36930515984507983420e-06	 3.78231617886076653683e-06	 2.97196385967604080567e-08	 3.33552235995992707364e-09	 3.33543954816346596964e-09	 3.33552750678572527145e-09	 
 1.81999999999999984013e+00	 1.23827031439781826564e-09	 1.11024147674537088154e-09	 1.28777311024123563370e-09	 3.09771542391810424683e-06	 3.30662545432680864097e-06	 1.07141502050280456305e-06	 4.49667336114342671932e-07	 1.35938689329419619887e-06	 1.15554098690894873913e-06	 3.32256002395278384452e-06	 2.64575415524339323180e-08	 2.66365123742723517615e-09	 2.66358977041373497016e-09	 2.66365753008138530838e-09	 
 1.84000000000000007994e+00	 9.93211208486281542986e-10	 8.78863855482275777109e-10	 1.02182539980231640485e-09	 2.70449526251502998862e-06	 2.89709377488682342063e-06	 8.52713949778740805259e-07	 3.52724762896451721892e-07	 1.14948847177057844710e-06	 9.70112934864459536762e-07	 2.91065579386462537580e-06	 2.34693007366979222877e-08	 2.10669470294710900981e-09	 2.10664947044621252694e-09	 2.10670054785405727274e-09	 
 1.86000000000000009770e+00	 7.93303197988996056116e-10	 6.92729656158503525303e-10	 8.04924216199979858562e-10	 2.35703331651562769536e-06	 2.53392156988058582338e-06	 6.75707688258708410646e-07	 2.75921787556394418797e-07	 9.69029211640694171809e-07	 8.12126529717052898250e-07	 2.54560787198351673761e-06	 2.07937340649633097071e-08	 1.65910768903745719433e-09	 1.65907453844648315486e-09	 1.65911261405319215312e-09	 
 1.87999999999999989342e+00	 6.25825292525979227965e-10	 5.39751812347873917838e-10	 6.24428824690280853219e-10	 2.04623513241065465681e-06	 2.20787295146421460123e-06	 5.29449039161671882542e-07	 2.13763259936245017828e-07	 8.11487570207409353410e-07	 6.75234937322878696613e-07	 2.21821892529030543985e-06	 1.83933878396189098283e-08	 1.29160581370844465741e-09	 1.29158193987532874275e-09	 1.29160971731424551154e-09	 
 1.89999999999999991118e+00	 4.87187044158124233197e-10	 4.15326797878051478266e-10	 4.76543745328797081550e-10	 1.76911150422779695815e-06	 1.91600740132909899262e-06	 4.09822119845260752681e-07	 1.63929602104130152546e-07	 6.74806213379649979983e-07	 5.57370590475746950666e-07	 1.92537432439344029594e-06	 1.62466945890538743743e-08	 9.92990694445897551785e-10	 9.92973836053214287949e-10	 9.92993722500163873042e-10	 
 1.92000000000000015099e+00	 3.78477331328857037754e-10	 3.18237611913500090636e-10	 3.62018477989011081039e-10	 1.52581224440641087132e-06	 1.65865537852758402009e-06	 3.15840949296464392904e-07	 1.25419154689850706597e-07	 5.59225729667571260053e-07	 4.58620110291931270357e-07	 1.66705372607550150449e-06	 1.43383756468815991178e-08	 7.60222321246997192388e-10	 7.60210429485478518118e-10	 7.60224883222298424941e-10	 
 1.93999999999999994671e+00	 2.91721818591892503782e-10	 2.40224531865928476572e-10	 2.71141534664407262379e-10	 1.30856148912768620742e-06	 1.42795581462915568365e-06	 2.39844222606348136404e-07	 9.47456340600707454414e-08	 4.59441041266546611807e-07	 3.74137597192114171739e-07	 1.43524311533076811599e-06	 1.26176377794334589399e-08	 5.73362277020933628407e-10	 5.73353951077688546939e-10	 5.73364807254331220228e-10	 
 1.95999999999999996447e+00	 2.23332182312273914923e-10	 1.78407601691493639124e-10	 2.00250678702378157964e-10	 1.11539968686753481852e-06	 1.22212863106490359116e-06	 1.79218609087282400248e-07	 7.06014839412661333790e-08	 3.73977312095977840397e-07	 3.02477848105719421195e-07	 1.22821494108780982896e-06	 1.10683402844583428866e-08	 4.25436500916217715466e-10	 4.25430684779345124831e-10	 4.25439180393628368414e-10	 
 1.97999999999999998224e+00	 1.71137624912259306573e-10	 1.32090591818796456744e-10	 1.48027682985245933335e-10	 9.47266248475004833587e-07	 1.04252120137395626785e-06	 1.33437422095015657353e-07	 5.25059534597094457107e-08	 3.03183140377066881591e-07	 2.43765119001152064969e-07	 1.04749908382611894783e-06	 9.69022935085052752221e-09	 3.14718191728821208221e-10	 3.14714118400721395825e-10	 3.14720703058199831959e-10	 
 2.00000000000000000000e+00	 1.29661064634751584871e-10	 9.59743954114980722860e-11	 1.08153305768092811375e-10	 7.97264818817657673326e-07	 8.82218892529001111668e-07	 9.74731971751873662847e-08	 3.83770710415335057859e-08	 2.42785462504007759595e-07	 1.94244790631324846114e-07	 8.86171251082808149785e-07	 8.44093585122306380654e-09	 2.28464955250897324168e-10	 2.28462175726225364852e-10	 2.28466986514743010572e-10	 
 2.02000000000000001776e+00	 9.70630397234759469971e-11	 6.83212497019509157169e-11	 7.81889526016981628724e-11	 6.64519998194098092907e-07	 7.40211264325086918753e-07	 6.97396585464996932316e-08	 2.75286400320424082996e-08	 1.91881864378168533479e-07	 1.52942430775570834256e-07	 7.43232390259310355055e-07	 7.31636510616608937934e-09	 1.62487567179263296621e-10	 1.62485733945915007746e-10	 1.62488972445755198952e-10	 
 2.04000000000000003553e+00	 7.27349006934148205908e-11	 4.86317394721979590327e-11	 5.68155188748131440031e-11	 5.51223029485102450532e-07	 6.18457135945942602904e-07	 4.98902507279421057424e-08	 1.97552385632263794225e-08	 1.51105571960166144001e-07	 1.20055512952968078809e-07	 6.20671635315873051945e-07	 6.33276861015727190415e-09	 1.15562562894239736302e-10	 1.15561358065725272068e-10	 1.15563511573284881287e-10	 
 2.06000000000000005329e+00	 5.36345849880413758812e-11	 3.38206823067110994267e-11	 4.07470633914842589949e-11	 4.51319628260133262448e-07	 5.10763722362484842302e-07	 3.49169793659299436214e-08	 1.38800293263048748157e-08	 1.17181583329648089969e-07	 9.28047250349207708029e-08	 5.12225558043104032669e-07	 5.45756586408789470734e-09	 8.02987418079763094154e-11	 8.02979798697010562003e-11	 8.02993831099595834091e-11	 
 2.08000000000000007105e+00	 3.89614511875671890677e-11	 2.29415830381728211684e-11	 2.88914860785456990625e-11	 3.64474718869607323971e-07	 4.16706120672817101076e-07	 2.38860031701782105660e-08	 9.53812573774965397572e-09	 8.94199136590659383257e-08	 7.05793067860002904932e-08	 4.17498767179346997872e-07	 4.67980365849996966571e-09	 5.44229898959439473972e-11	 5.44225306526967218011e-11	 5.44234384866640929155e-11	 
 2.10000000000000053291e+00	 2.86641629238345018947e-11	 1.56619021760534639687e-11	 2.07224520922347200415e-11	 2.93210303593117302003e-07	 3.38703748562831660849e-07	 1.64548477553464928556e-08	 6.59575111937501843770e-09	 6.81498180563784861738e-08	 5.36012720403009065047e-08	 3.39005067661029768314e-07	 3.99538934221229677118e-09	 3.71265597262241262553e-11	 3.71262873924902932217e-11	 3.71268759968543920098e-11	 
 2.12000000000000010658e+00	 2.11525911479976387801e-11	 1.04198903641740218594e-11	 1.47324419272912681620e-11	 2.32307091271204811793e-07	 2.71414676294212329587e-07	 1.10827188642991316996e-08	 4.45522359601117560221e-09	 5.09977712509811174313e-08	 3.99281968444563605817e-08	 2.71342396217284652889e-07	 3.36625654382753034628e-09	 2.46826783250628494086e-11	 2.46825353632566587281e-11	 2.46828912172222371419e-11	 
 2.14000000000000012434e+00	 1.55619854355831109187e-11	 6.74490522040558387177e-12	 1.02947306682878127120e-11	 1.80755354185635337012e-07	 2.13869490916333422525e-07	 7.29957313069715519987e-09	 2.93741683532987222497e-09	 3.73594256119621240951e-08	 2.90842242505986508771e-08	 2.13519229678581868454e-07	 2.79181211468942646845e-09	 1.59675371306564936658e-11	 1.59674767165248922894e-11	 1.59676704616680758430e-11	 
 2.15999999999999969802e+00	 1.08750170374435596136e-11	 4.39226078162493491392e-12	 6.82473547717285531098e-12	 1.39029650133527037260e-07	 1.66687258736306707772e-07	 4.85357569271388749917e-09	 1.95133840469610566465e-09	 2.71282442205551882944e-08	 2.10185378744223887013e-08	 1.66138908293535098955e-07	 2.28870794892101838898e-09	 1.03953506408334515275e-11	 1.03953216530058482493e-11	 1.03954316248021515566e-11	 
 2.18000000000000015987e+00	 7.51260658160520993419e-12	 2.76655243492371241221e-12	 4.30915104010642093110e-12	 1.04700411351243651931e-07	 1.27377695431481253012e-07	 3.14852277446076908180e-09	 1.25960721475886987995e-09	 1.91970381918028903140e-08	 1.48057090537142008573e-08	 1.26671503042056411425e-07	 1.84388026562134445909e-09	 6.54740860204759863436e-12	 6.54739687515161958494e-12	 6.54744695209657144705e-12	 
 2.20000000000000017764e+00	 5.36998609132414683378e-12	 1.68992969985213952491e-12	 2.64457872659708916323e-12	 7.71414441328569440182e-08	 9.53278799807351155604e-08	 2.00894513168599612122e-09	 7.94344747704455444579e-10	 1.32515028569383062663e-08	 1.01832019484354225630e-08	 9.45368046744778951268e-08	 1.46020766200648393117e-09	 4.00026288433971548633e-12	 4.00026088968789581870e-12	 4.00027073109990962905e-12	 
 2.21999999999999975131e+00	 4.10129574983736194631e-12	 1.03603165201996710145e-12	 1.64618888424703251211e-12	 5.62154407984527543756e-08	 7.04695200508319303661e-08	 1.31429941706086246966e-09	 5.11818359696273786821e-10	 9.12730544742236809284e-09	 7.01165014482886915509e-09	 6.97523629199632957336e-08	 1.15088822399330299249e-09	 2.45323204703578536087e-12	 2.45323172313364165812e-12	 2.45323367185809433241e-12	 
 2.24000000000000021316e+00	 2.89435834053131730165e-12	 5.89270132718935288864e-13	 9.70653424061421289088e-13	 3.98178616756635690148e-08	 5.06416964433821029256e-08	 8.39324702338687541002e-10	 3.21181036159875116220e-10	 6.08768028744073426813e-09	 4.68102097005914466650e-09	 5.00252632783212033598e-08	 8.87980254038774424839e-10	 1.39611671252576965789e-12	 1.39611667158060075515e-12	 1.39611691977669143767e-12	 
 2.25999999999999978684e+00	 1.77874804848126423912e-12	 2.98073196475899429043e-13	 5.34631622017088608553e-13	 2.74488282269719093163e-08	 3.53688822345953627961e-08	 5.28709503271868837756e-10	 1.99190307440224994052e-10	 3.95113410523247639047e-09	 3.04260612549560123848e-09	 3.48688196455196579421e-08	 6.65585159623645251673e-10	 7.06828382111171962834e-13	 7.06828377380941649434e-13	 7.06828406209041046397e-13	 
 2.27999999999999980460e+00	 1.09399019772768031185e-12	 1.29326298502152009627e-13	 2.82420070272104730113e-13	 1.89025480262418868124e-08	 2.45400098620229054693e-08	 3.44715216882058001393e-10	 1.28719110944285643817e-10	 2.60944981147449090583e-09	 2.00788914504650367789e-09	 2.41930087780094263841e-08	 4.82120901544955487608e-10	 3.06891440055821676976e-13	 3.06891439557254718631e-13	 3.06891442607440161926e-13	 
 2.30000000000000026645e+00	 6.48467147288724734626e-13	 3.75844986603737278752e-14	 1.34425141966277034305e-13	 1.25845837346238129150e-08	 1.64360931360291062163e-08	 2.19021365602813625835e-10	 8.12724339662729678081e-11	 1.67226856219147322532e-09	 1.28591312702247926429e-09	 1.62180186783579452730e-08	 3.31203414170823469598e-10	 8.92835451331454944531e-14	 8.92835450853408643846e-14	 8.92835453785983281787e-14	 
 2.32000000000000028422e+00	 3.84027051818908869530e-13	 3.70014155492700978287e-15	 6.39814079948867121164e-14	 8.08893911250829363669e-09	 1.06029874782158908932e-08	 1.36395096458840085935e-10	 5.05207114610774338765e-11	 1.04575490095899426587e-09	 8.04614999261962798767e-10	 1.04806049304009367354e-08	 2.13173331417894917994e-10	 8.79027607725616865712e-15	 8.79027607310327510818e-15	 8.79027609862719628502e-15	 
 2.33999999999999985789e+00	 2.34965853703035454594e-13	 3.01263017447852436101e-16	 3.74943529718032068629e-14	 5.04782100654847618957e-09	 6.62227161831139339787e-09	 8.41595727751995571298e-11	 3.11638812794390884012e-11	 6.45691696410448071935e-10	 4.96851399489711274319e-10	 6.55779959772379883746e-09	 1.32217429176537292462e-10	 7.15704185368185454355e-16	 7.15704185043048642267e-16	 7.15704187043926387715e-16	 
 2.36000000000000031974e+00	 1.05058065842470438235e-13	 2.16895500132062883302e-17	 1.66693466861625032816e-14	 2.27457052035540329399e-09	 2.98502816595214441515e-09	 3.76701585142863351621e-11	 1.39485775548322668825e-11	 2.89038761979680321698e-10	 2.22414417311585205498e-10	 2.96046300172702289560e-09	 5.92199709273913196512e-11	 5.15276922839066037337e-17	 5.15276922611169791757e-17	 5.15276924014831538874e-17	 
 2.38000000000000033751e+00	 7.89898076532004193229e-15	 1.37454362950605357902e-18	 1.25309925684397097007e-15	 1.71054637633348647583e-10	 2.24485307506363423498e-10	 2.83239128312767771865e-12	 1.04878205904882343633e-12	 2.17326660805960003202e-11	 1.67232244682967666773e-11	 2.22647089253504124252e-10	 4.45279423190187918143e-12	 3.26550467545240840282e-18	 3.26550467403396754694e-18	 3.26550468277523547452e-18	 
 2.39999999999999991118e+00	 4.53458072591540039100e-16	 7.61062816172661391554e-20	 7.19345129551264641939e-17	 9.82005742860744591483e-12	 1.28874697121802313325e-11	 1.62600556488922518799e-13	 6.02079630648208620139e-14	 1.24761906038209628470e-12	 9.60039369910920985003e-13	 1.27820053473387104819e-11	 2.55624851335160433934e-13	 1.80806222179877304112e-19	 1.80806222102268706996e-19	 1.80806222580698040427e-19	 
 2.41999999999999948486e+00	 2.22332029065300466330e-17	 3.64248443674120491932e-21	 3.52689856855220530276e-18	 4.81490249036947241326e-13	 6.31890017053162926437e-13	 7.97239244425632397756e-15	 2.95202829234393163987e-15	 6.11714509372781146192e-14	 4.70712621633745718329e-14	 6.26721081406101459413e-13	 1.25334546416362372632e-14	 8.65348980625047435528e-21	 8.65348980256420231200e-21	 8.65348982529294267543e-21	 
 2.44000000000000039080e+00	 9.21054166025836804078e-19	 1.48513480401370171370e-22	 1.46106703998287235061e-19	 1.99469377655538066499e-14	 2.61776387730482746352e-14	 3.30272898549300829845e-16	 1.22293886082238327006e-16	 2.53415480210789737031e-15	 1.95002516242797575631e-15	 2.59635602502030103432e-14	 5.19225196829571605997e-16	 3.52825457496290599151e-22	 3.52825457346686702656e-22	 3.52825458269187867910e-22	 
 2.45999999999999996447e+00	 3.16910231576813734614e-20	 5.05758883036990275226e-24	 5.02709883877758557650e-21	 6.86326762471365081806e-16	 9.00710710056900208718e-16	 1.13638305315280626171e-17	 4.20781397255544529418e-18	 8.71936802695586483277e-17	 6.70952988280388949291e-17	 8.93346060492335516809e-16	 1.78652054340512860069e-17	 1.20153890301719472253e-23	 1.20153890250905275924e-23	 1.20153890564245373340e-23	 
 2.47999999999999953815e+00	 8.82745982930805573543e-22	 1.39968027247908792759e-25	 1.40027887502694807410e-22	 1.91175708087912108628e-17	 2.50892222268395315187e-17	 3.16537149690723141024e-19	 1.17207783984188883957e-19	 2.42876213424216256695e-18	 1.86892585097550653550e-18	 2.48841033213496619443e-17	 4.97631920315627531514e-19	 3.32524248070714717237e-25	 3.32524247930264723655e-25	 3.32524248796310967225e-25	 
 2.50000000000000044409e+00	 1.91527277560537601564e-23	 3.02501430315314369017e-27	 3.03814150458544920892e-24	 4.14790681393704701684e-19	 5.44356661468743399354e-19	 6.86783484097237315622e-21	 2.54303068791906564364e-21	 5.26963045033821952809e-20	 4.05496631592558278502e-20	 5.39906536133167305060e-19	 1.07970111736805050889e-20	 7.18657550679034688676e-27	 7.18657550375607483004e-27	 7.18657552246510918228e-27	 
 2.52000000000000001776e+00	 3.04299510262684319016e-25	 4.79562873819685735837e-29	 4.82700577106411182061e-26	 6.59022768822310177229e-21	 8.64878308756185418234e-21	 1.09116546304547792841e-22	 4.04038141585252215826e-23	 8.37241873330811234654e-22	 6.44255349653103435317e-22	 8.57808198355977094211e-21	 1.71543557297431709774e-22	 1.13930537161181227916e-28	 1.13930537113069898431e-28	 1.13930537409700568891e-28	 
 2.54000000000000003553e+00	 3.16476086676809106721e-27	 4.98217551078345619703e-31	 5.02015440256317886207e-28	 6.85394305118294439559e-23	 8.99487423585804720243e-23	 1.13482875471631069721e-24	 4.20205838689287602782e-25	 8.70744352952245352387e-24	 6.70035418168725679795e-24	 8.92134554398754633878e-23	 1.78407939067488525766e-24	 1.18362358859831789602e-30	 1.18362358809823843984e-30	 1.18362359118126058974e-30	 
 2.56000000000000049738e+00	 1.65037272053905964243e-29	 2.59719233251981672466e-33	 2.61793030892995777953e-30	 3.57422433257992686456e-25	 4.69068661529621410332e-25	 5.91795274386889308126e-27	 2.19130708635320257919e-27	 4.54079431208253946963e-26	 3.49412891127460189818e-26	 4.65234292436996285087e-25	 9.30369258560700252221e-27	 6.17019202087145760372e-33	 6.17019201826279408764e-33	 6.17019203434424716280e-33	 
 2.58000000000000007105e+00	 5.28187368157740871910e-33	 8.31274791660705217887e-37	 8.37845775580807397930e-34	 1.14389933149492485148e-28	 1.50121335365317896020e-28	 1.89398904029352336300e-30	 7.01308676860741569094e-31	 1.45324152161986035165e-29	 1.11826541052822797894e-29	 1.48894181760640364836e-28	 2.97756544866145858165e-30	 1.97487288342212590946e-36	 1.97487288258655083740e-36	 1.97487288773721332581e-36	 
 2.60000000000000008882e+00	 0.00000000000000000000e+00	 0.00000000000000000000e+00	 0.00000000000000000000e+00	 0.00000000000000000000e+00	 0.00000000000000000000e+00	 0.00000000000000000000e+00	 0.00000000000000000000e+00	 0.00000000000000000000e+00	 0.00000000000000000000e+00	 0.00000000000000000000e+00	 0.00000000000000000000e+00	 0.00000000000000000000e+00	 0.00000000000000000000e+00	 0.00000000000000000000e+00	 
 2.62000000000000055067e+00	 1.95687010169995534322e-37	 3.08223562583736527155e-41	 3.10411899859205720370e-38	 4.23800641935809429988e-33	 5.56181085169090752013e-33	 7.01699866369999465498e-35	 2.59826322523346576930e-35	 5.38408274321639970111e-34	 4.14303706713595230428e-34	 5.51634600239258028966e-33	 1.10315163507973278598e-34	 7.32251546341827045876e-41	 7.32251546031545453813e-41	 7.32251547943955789992e-41	 
 2.64000000000000012434e+00	 0.00000000000000000000e+00	 0.00000000000000000000e+00	 0.00000000000000000000e+00	 0.00000000000000000000e+00	 0.00000000000000000000e+00	 0.00000000000000000000e+00	 0.00000000000000000000e+00	 0.00000000000000000000e+00	 0.00000000000000000000e+00	 0.00000000000000000000e+00	 0.00000000000000000000e+00	 0.00000000000000000000e+00	 0.00000000000000000000e+00	 0.00000000000000000000e+00	 
 2.66000000000000014211e+00	 4.10095611295964887811e-41	 6.46609545067024261550e-45	 6.50521814750651723790e-42	 8.88146171103589700397e-37	 1.16557182418890271473e-36	 1.47053188567487147423e-38	 5.44510427679164069484e-39	 1.12832645712387937663e-37	 8.68244146783059236157e-38	 1.15604377606272403412e-36	 2.31184237273436205052e-38	 1.53616017731154758347e-44	 1.53616017665977858482e-44	 1.53616018067654676270e-44	 
 2.67999999999999971578e+00	 0.00000000000000000000e+00	 0.00000000000000000000e+00	 0.00000000000000000000e+00	 0.00000000000000000000e+00	 0.00000000000000000000e+00	 0.00000000000000000000e+00	 0.00000000000000000000e+00	 0.00000000000000000000e+00	 0.00000000000000000000e+00	 0.00000000000000000000e+00	 0.00000000000000000000e+00	 0.00000000000000000000e+00	 0.00000000000000000000e+00	 0.00000000000000000000e+00	 
 2.70000000000000017764e+00	 1.91943996007750658236e-44	 0.00000000000000000000e+00	 3.04474989110527237399e-45	 4.15693834986042252885e-40	 5.45541966183421104583e-40	 6.88277844834973890578e-42	 2.54856402217293572624e-42	 5.28109658915954401638e-41	 4.06378948732812755296e-41	 5.41082341212566892227e-40	 1.08205048041417080740e-41	 0.00000000000000000000e+00	 0.00000000000000000000e+00	 0.00000000000000000000e+00	 
 2.72000000000000019540e+00	 0.00000000000000000000e+00	 0.00000000000000000000e+00	 0.00000000000000000000e+00	 0.00000000000000000000e+00	 0.00000000000000000000e+00	 0.00000000000000000000e+00	 0.00000000000000000000e+00	 0.00000000000000000000e+00	 0.00000000000000000000e+00	 0.00000000000000000000e+00	 0.00000000000000000000e+00	 0.00000000000000000000e+00	 0.00000000000000000000e+00	 0.00000000000000000000e+00	 
 2.73999999999999976907e+00	 0.00000000000000000000e+00	 0.00000000000000000000e+00	 0.00000000000000000000e+00	 3.20433459161075759632e-43	 4.20525590583090389154e-43	 5.30552342921757724293e-45	 1.96453602161686189717e-45	 4.07088236486477972428e-44	 3.13253292333147178575e-44	 4.17087898507704309626e-43	 8.34088119435938930400e-45	 0.00000000000000000000e+00	 0.00000000000000000000e+00	 0.00000000000000000000e+00	 
 2.76000000000000023093e+00	 0.00000000000000000000e+00	 0.00000000000000000000e+00	 0.00000000000000000000e+00	 0.00000000000000000000e+00	 0.00000000000000000000e+00	 0.00000000000000000000e+00	 0.00000000000000000000e+00	 0.00000000000000000000e+00	 0.00000000000000000000e+00	 0.00000000000000000000e+00	 0.00000000000000000000e+00	 0.00000000000000000000e+00	 0.00000000000000000000e+00	 0.00000000000000000000e+00	 
 2.77999999999999980460e+00	 0.00000000000000000000e+00	 0.00000000000000000000e+00	 0.00000000000000000000e+00	 3.47760307297868176049e-46	 4.56388376297272307076e-46	 0.00000000000000000000e+00	 0.00000000000000000000e+00	 0.00000000000000000000e+00	 0.00000000000000000000e+00	 4.52657486199330400521e-46	 0.00000000000000000000e+00	 0.00000000000000000000e+00	 0.00000000000000000000e+00	 0.00000000000000000000e+00	 
 2.79999999999999982236e+00	 0.00000000000000000000e+00	 0.00000000000000000000e+00	 0.00000000000000000000e+00	 0.00000000000000000000e+00	 0.00000000000000000000e+00	 0.00000000000000000000e+00	 0.00000000000000000000e+00	 0.00000000000000000000e+00	 0.00000000000000000000e+00	 0.00000000000000000000e+00	 0.00000000000000000000e+00	 0.00000000000000000000e+00	 0.00000000000000000000e+00	 0.00000000000000000000e+00	 
 2.82000000000000028422e+00	 0.00000000000000000000e+00	 0.00000000000000000000e+00	 0.00000000000000000000e+00	 0.00000000000000000000e+00	 0.00000000000000000000e+00	 0.00000000000000000000e+00	 0.00000000000000000000e+00	 0.00000000000000000000e+00	 0.00000000000000000000e+00	 0.00000000000000000000e+00	 0.00000000000000000000e+00	 0.00000000000000000000e+00	 0.00000000000000000000e+00	 0.00000000000000000000e+00	 
 2.83999999999999985789e+00	 0.00000000000000000000e+00	 0.00000000000000000000e+00	 0.00000000000000000000e+00	 0.00000000000000000000e+00	 0.00000000000000000000e+00	 0.00000000000000000000e+00	 0.00000000000000000000e+00	 0.00000000000000000000e+00	 0.00000000000000000000e+00	 0.00000000000000000000e+00	 0.00000000000000000000e+00	 0.00000000000000000000e+00	 0.00000000000000000000e+00	 0.00000000000000000000e+00	 
 2.85999999999999987566e+00	 0.00000000000000000000e+00	 0.00000000000000000000e+00	 0.00000000000000000000e+00	 0.00000000000000000000e+00	 0.00000000000000000000e+00	 0.00000000000000000000e+00	 0.00000000000000000000e+00	 0.00000000000000000000e+00	 0.00000000000000000000e+00	 0.00000000000000000000e+00	 0.00000000000000000000e+00	 0.00000000000000000000e+00	 0.00000000000000000000e+00	 0.00000000000000000000e+00	 
 2.87999999999999989342e+00	 0.00000000000000000000e+00	 0.00000000000000000000e+00	 0.00000000000000000000e+00	 0.00000000000000000000e+00	 0.00000000000000000000e+00	 0.00000000000000000000e+00	 0.00000000000000000000e+00	 0.00000000000000000000e+00	 0.00000000000000000000e+00	 0.00000000000000000000e+00	 0.00000000000000000000e+00	 0.00000000000000000000e+00	 0.00000000000000000000e+00	 0.00000000000000000000e+00	 
 2.90000000000000035527e+00	 0.00000000000000000000e+00	 0.00000000000000000000e+00	 0.00000000000000000000e+00	 0.00000000000000000000e+00	 0.00000000000000000000e+00	 0.00000000000000000000e+00	 0.00000000000000000000e+00	 0.00000000000000000000e+00	 0.00000000000000000000e+00	 0.00000000000000000000e+00	 0.00000000000000000000e+00	 0.00000000000000000000e+00	 0.00000000000000000000e+00	 0.00000000000000000000e+00	 
 2.91999999999999992895e+00	 0.00000000000000000000e+00	 0.00000000000000000000e+00	 0.00000000000000000000e+00	 0.00000000000000000000e+00	 0.00000000000000000000e+00	 0.00000000000000000000e+00	 0.00000000000000000000e+00	 0.00000000000000000000e+00	 0.00000000000000000000e+00	 0.00000000000000000000e+00	 0.00000000000000000000e+00	 0.00000000000000000000e+00	 0.00000000000000000000e+00	 0.00000000000000000000e+00	 
 2.93999999999999994671e+00	 0.00000000000000000000e+00	 0.00000000000000000000e+00	 0.00000000000000000000e+00	 0.00000000000000000000e+00	 0.00000000000000000000e+00	 0.00000000000000000000e+00	 0.00000000000000000000e+00	 0.00000000000000000000e+00	 0.00000000000000000000e+00	 0.00000000000000000000e+00	 0.00000000000000000000e+00	 0.00000000000000000000e+00	 0.00000000000000000000e+00	 0.00000000000000000000e+00	 
 2.96000000000000040856e+00	 0.00000000000000000000e+00	 0.00000000000000000000e+00	 0.00000000000000000000e+00	 0.00000000000000000000e+00	 0.00000000000000000000e+00	 0.00000000000000000000e+00	 0.00000000000000000000e+00	 0.00000000000000000000e+00	 0.00000000000000000000e+00	 0.00000000000000000000e+00	 0.00000000000000000000e+00	 0.00000000000000000000e+00	 0.00000000000000000000e+00	 0.00000000000000000000e+00	 
 2.97999999999999998224e+00	 0.00000000000000000000e+00	 0.00000000000000000000e+00	 0.00000000000000000000e+00	 0.00000000000000000000e+00	 0.00000000000000000000e+00	 0.00000000000000000000e+00	 0.00000000000000000000e+00	 0.00000000000000000000e+00	 0.00000000000000000000e+00	 0.00000000000000000000e+00	 0.00000000000000000000e+00	 0.00000000000000000000e+00	 0.00000000000000000000e+00	 0.00000000000000000000e+00	 
 3.00000000000000000000e+00	 0.00000000000000000000e+00	 0.00000000000000000000e+00	 0.00000000000000000000e+00	 0.00000000000000000000e+00	 0.00000000000000000000e+00	 0.00000000000000000000e+00	 0.00000000000000000000e+00	 0.00000000000000000000e+00	 0.00000000000000000000e+00	 0.00000000000000000000e+00	 0.00000000000000000000e+00	 0.00000000000000000000e+00	 0.00000000000000000000e+00	 0.00000000000000000000e+00	 
 3.02000000000000046185e+00	 0.00000000000000000000e+00	 0.00000000000000000000e+00	 0.00000000000000000000e+00	 0.00000000000000000000e+00	 0.00000000000000000000e+00	 0.00000000000000000000e+00	 0.00000000000000000000e+00	 0.00000000000000000000e+00	 0.00000000000000000000e+00	 0.00000000000000000000e+00	 0.00000000000000000000e+00	 0.00000000000000000000e+00	 0.00000000000000000000e+00	 0.00000000000000000000e+00	 
 3.04000000000000003553e+00	 0.00000000000000000000e+00	 0.00000000000000000000e+00	 0.00000000000000000000e+00	 0.00000000000000000000e+00	 0.00000000000000000000e+00	 0.00000000000000000000e+00	 0.00000000000000000000e+00	 0.00000000000000000000e+00	 0.00000000000000000000e+00	 0.00000000000000000000e+00	 0.00000000000000000000e+00	 0.00000000000000000000e+00	 0.00000000000000000000e+00	 0.00000000000000000000e+00	 
 3.06000000000000005329e+00	 0.00000000000000000000e+00	 0.00000000000000000000e+00	 0.00000000000000000000e+00	 0.00000000000000000000e+00	 0.00000000000000000000e+00	 0.00000000000000000000e+00	 0.00000000000000000000e+00	 0.00000000000000000000e+00	 0.00000000000000000000e+00	 0.00000000000000000000e+00	 0.00000000000000000000e+00	 0.00000000000000000000e+00	 0.00000000000000000000e+00	 0.00000000000000000000e+00	 
 3.08000000000000007105e+00	 0.00000000000000000000e+00	 0.00000000000000000000e+00	 0.00000000000000000000e+00	 0.00000000000000000000e+00	 0.00000000000000000000e+00	 0.00000000000000000000e+00	 0.00000000000000000000e+00	 0.00000000000000000000e+00	 0.00000000000000000000e+00	 0.00000000000000000000e+00	 0.00000000000000000000e+00	 0.00000000000000000000e+00	 0.00000000000000000000e+00	 0.00000000000000000000e+00	 
 3.10000000000000008882e+00	 0.00000000000000000000e+00	 0.00000000000000000000e+00	 0.00000000000000000000e+00	 0.00000000000000000000e+00	 0.00000000000000000000e+00	 0.00000000000000000000e+00	 0.00000000000000000000e+00	 0.00000000000000000000e+00	 0.00000000000000000000e+00	 0.00000000000000000000e+00	 0.00000000000000000000e+00	 0.00000000000000000000e+00	 0.00000000000000000000e+00	 0.00000000000000000000e+00	 
 3.12000000000000010658e+00	 0.00000000000000000000e+00	 0.00000000000000000000e+00	 0.00000000000000000000e+00	 0.00000000000000000000e+00	 0.00000000000000000000e+00	 0.00000000000000000000e+00	 0.00000000000000000000e+00	 0.00000000000000000000e+00	 0.00000000000000000000e+00	 0.00000000000000000000e+00	 0.00000000000000000000e+00	 0.00000000000000000000e+00	 0.00000000000000000000e+00	 0.00000000000000000000e+00	 
 3.13999999999999968026e+00	 0.00000000000000000000e+00	 0.00000000000000000000e+00	 0.00000000000000000000e+00	 0.00000000000000000000e+00	 0.00000000000000000000e+00	 0.00000000000000000000e+00	 0.00000000000000000000e+00	 0.00000000000000000000e+00	 0.00000000000000000000e+00	 0.00000000000000000000e+00	 0.00000000000000000000e+00	 0.00000000000000000000e+00	 0.00000000000000000000e+00	 0.00000000000000000000e+00	 
 3.16000000000000014211e+00	 0.00000000000000000000e+00	 0.00000000000000000000e+00	 0.00000000000000000000e+00	 0.00000000000000000000e+00	 0.00000000000000000000e+00	 0.00000000000000000000e+00	 0.00000000000000000000e+00	 0.00000000000000000000e+00	 0.00000000000000000000e+00	 0.00000000000000000000e+00	 0.00000000000000000000e+00	 0.00000000000000000000e+00	 0.00000000000000000000e+00	 0.00000000000000000000e+00	 
 3.18000000000000015987e+00	 0.00000000000000000000e+00	 0.00000000000000000000e+00	 0.00000000000000000000e+00	 0.00000000000000000000e+00	 0.00000000000000000000e+00	 0.00000000000000000000e+00	 0.00000000000000000000e+00	 0.00000000000000000000e+00	 0.00000000000000000000e+00	 0.00000000000000000000e+00	 0.00000000000000000000e+00	 0.00000000000000000000e+00	 0.00000000000000000000e+00	 0.00000000000000000000e+00	 
 3.19999999999999973355e+00	 0.00000000000000000000e+00	 0.00000000000000000000e+00	 0.00000000000000000000e+00	 0.00000000000000000000e+00	 0.00000000000000000000e+00	 0.00000000000000000000e+00	 0.00000000000000000000e+00	 0.00000000000000000000e+00	 0.00000000000000000000e+00	 0.00000000000000000000e+00	 0.00000000000000000000e+00	 0.00000000000000000000e+00	 0.00000000000000000000e+00	 0.00000000000000000000e+00	 
 3.22000000000000019540e+00	 0.00000000000000000000e+00	 0.00000000000000000000e+00	 0.00000000000000000000e+00	 0.00000000000000000000e+00	 0.00000000000000000000e+00	 0.00000000000000000000e+00	 0.00000000000000000000e+00	 0.00000000000000000000e+00	 0.00000000000000000000e+00	 0.00000000000000000000e+00	 0.00000000000000000000e+00	 0.00000000000000000000e+00	 0.00000000000000000000e+00	 0.00000000000000000000e+00	 
 3.24000000000000021316e+00	 0.00000000000000000000e+00	 0.00000000000000000000e+00	 0.00000000000000000000e+00	 0.00000000000000000000e+00	 0.00000000000000000000e+00	 0.00000000000000000000e+00	 0.00000000000000000000e+00	 0.00000000000000000000e+00	 0.00000000000000000000e+00	 0.00000000000000000000e+00	 0.00000000000000000000e+00	 0.00000000000000000000e+00	 0.00000000000000000000e+00	 0.00000000000000000000e+00	 
 3.25999999999999978684e+00	 0.00000000000000000000e+00	 0.00000000000000000000e+00	 0.00000000000000000000e+00	 0.00000000000000000000e+00	 0.00000000000000000000e+00	 0.00000000000000000000e+00	 0.00000000000000000000e+00	 0.00000000000000000000e+00	 0.00000000000000000000e+00	 0.00000000000000000000e+00	 0.00000000000000000000e+00	 0.00000000000000000000e+00	 0.00000000000000000000e+00	 0.00000000000000000000e+00	 
 3.28000000000000024869e+00	 0.00000000000000000000e+00	 0.00000000000000000000e+00	 0.00000000000000000000e+00	 0.00000000000000000000e+00	 0.00000000000000000000e+00	 0.00000000000000000000e+00	 0.00000000000000000000e+00	 0.00000000000000000000e+00	 0.00000000000000000000e+00	 0.00000000000000000000e+00	 0.00000000000000000000e+00	 0.00000000000000000000e+00	 0.00000000000000000000e+00	 0.00000000000000000000e+00	 
 3.29999999999999982236e+00	 0.00000000000000000000e+00	 0.00000000000000000000e+00	 0.00000000000000000000e+00	 0.00000000000000000000e+00	 0.00000000000000000000e+00	 0.00000000000000000000e+00	 0.00000000000000000000e+00	 0.00000000000000000000e+00	 0.00000000000000000000e+00	 0.00000000000000000000e+00	 0.00000000000000000000e+00	 0.00000000000000000000e+00	 0.00000000000000000000e+00	 0.00000000000000000000e+00	 
 3.31999999999999984013e+00	 0.00000000000000000000e+00	 0.00000000000000000000e+00	 0.00000000000000000000e+00	 0.00000000000000000000e+00	 0.00000000000000000000e+00	 0.00000000000000000000e+00	 0.00000000000000000000e+00	 0.00000000000000000000e+00	 0.00000000000000000000e+00	 0.00000000000000000000e+00	 0.00000000000000000000e+00	 0.00000000000000000000e+00	 0.00000000000000000000e+00	 0.00000000000000000000e+00	 
 3.34000000000000030198e+00	 0.00000000000000000000e+00	 0.00000000000000000000e+00	 0.00000000000000000000e+00	 0.00000000000000000000e+00	 0.00000000000000000000e+00	 0.00000000000000000000e+00	 0.00000000000000000000e+00	 0.00000000000000000000e+00	 0.00000000000000000000e+00	 0.00000000000000000000e+00	 0.00000000000000000000e+00	 0.00000000000000000000e+00	 0.00000000000000000000e+00	 0.00000000000000000000e+00	 
 3.36000000000000031974e+00	 0.00000000000000000000e+00	 0.00000000000000000000e+00	 0.00000000000000000000e+00	 0.00000000000000000000e+00	 0.00000000000000000000e+00	 0.00000000000000000000e+00	 0.00000000000000000000e+00	 0.00000000000000000000e+00	 0.00000000000000000000e+00	 0.00000000000000000000e+00	 0.00000000000000000000e+00	 0.00000000000000000000e+00	 0.00000000000000000000e+00	 0.00000000000000000000e+00	 
 3.37999999999999989342e+00	 0.00000000000000000000e+00	 0.00000000000000000000e+00	 0.00000000000000000000e+00	 0.00000000000000000000e+00	 0.00000000000000000000e+00	 0.00000000000000000000e+00	 0.00000000000000000000e+00	 0.00000000000000000000e+00	 0.00000000000000000000e+00	 0.00000000000000000000e+00	 0.00000000000000000000e+00	 0.00000000000000000000e+00	 0.00000000000000000000e+00	 0.00000000000000000000e+00	 
 3.39999999999999991118e+00	 0.00000000000000000000e+00	 0.00000000000000000000e+00	 0.00000000000000000000e+00	 0.00000000000000000000e+00	 0.00000000000000000000e+00	 0.00000000000000000000e+00	 0.00000000000000000000e+00	 0.00000000000000000000e+00	 0.00000000000000000000e+00	 0.00000000000000000000e+00	 0.00000000000000000000e+00	 0.00000000000000000000e+00	 0.00000000000000000000e+00	 0.00000000000000000000e+00	 
 3.42000000000000037303e+00	 0.00000000000000000000e+00	 0.00000000000000000000e+00	 0.00000000000000000000e+00	 0.00000000000000000000e+00	 0.00000000000000000000e+00	 0.00000000000000000000e+00	 0.00000000000000000000e+00	 0.00000000000000000000e+00	 0.00000000000000000000e+00	 0.00000000000000000000e+00	 0.00000000000000000000e+00	 0.00000000000000000000e+00	 0.00000000000000000000e+00	 0.00000000000000000000e+00	 
 3.43999999999999994671e+00	 0.00000000000000000000e+00	 0.00000000000000000000e+00	 0.00000000000000000000e+00	 0.00000000000000000000e+00	 0.00000000000000000000e+00	 0.00000000000000000000e+00	 0.00000000000000000000e+00	 0.00000000000000000000e+00	 0.00000000000000000000e+00	 0.00000000000000000000e+00	 0.00000000000000000000e+00	 0.00000000000000000000e+00	 0.00000000000000000000e+00	 0.00000000000000000000e+00	 
 3.45999999999999996447e+00	 0.00000000000000000000e+00	 0.00000000000000000000e+00	 0.00000000000000000000e+00	 0.00000000000000000000e+00	 0.00000000000000000000e+00	 0.00000000000000000000e+00	 0.00000000000000000000e+00	 0.00000000000000000000e+00	 0.00000000000000000000e+00	 0.00000000000000000000e+00	 0.00000000000000000000e+00	 0.00000000000000000000e+00	 0.00000000000000000000e+00	 0.00000000000000000000e+00	 
 3.48000000000000042633e+00	 0.00000000000000000000e+00	 0.00000000000000000000e+00	 0.00000000000000000000e+00	 0.00000000000000000000e+00	 0.00000000000000000000e+00	 0.00000000000000000000e+00	 0.00000000000000000000e+00	 0.00000000000000000000e+00	 0.00000000000000000000e+00	 0.00000000000000000000e+00	 0.00000000000000000000e+00	 0.00000000000000000000e+00	 0.00000000000000000000e+00	 0.00000000000000000000e+00	 
 3.50000000000000000000e+00	 0.00000000000000000000e+00	 0.00000000000000000000e+00	 0.00000000000000000000e+00	 0.00000000000000000000e+00	 0.00000000000000000000e+00	 0.00000000000000000000e+00	 0.00000000000000000000e+00	 0.00000000000000000000e+00	 0.00000000000000000000e+00	 0.00000000000000000000e+00	 0.00000000000000000000e+00	 0.00000000000000000000e+00	 0.00000000000000000000e+00	 0.00000000000000000000e+00	 
 3.52000000000000001776e+00	 0.00000000000000000000e+00	 0.00000000000000000000e+00	 0.00000000000000000000e+00	 0.00000000000000000000e+00	 0.00000000000000000000e+00	 0.00000000000000000000e+00	 0.00000000000000000000e+00	 0.00000000000000000000e+00	 0.00000000000000000000e+00	 0.00000000000000000000e+00	 0.00000000000000000000e+00	 0.00000000000000000000e+00	 0.00000000000000000000e+00	 0.00000000000000000000e+00	 
 3.54000000000000047962e+00	 0.00000000000000000000e+00	 0.00000000000000000000e+00	 0.00000000000000000000e+00	 0.00000000000000000000e+00	 0.00000000000000000000e+00	 0.00000000000000000000e+00	 0.00000000000000000000e+00	 0.00000000000000000000e+00	 0.00000000000000000000e+00	 0.00000000000000000000e+00	 0.00000000000000000000e+00	 0.00000000000000000000e+00	 0.00000000000000000000e+00	 0.00000000000000000000e+00	 
 3.56000000000000005329e+00	 0.00000000000000000000e+00	 0.00000000000000000000e+00	 0.00000000000000000000e+00	 0.00000000000000000000e+00	 0.00000000000000000000e+00	 0.00000000000000000000e+00	 0.00000000000000000000e+00	 0.00000000000000000000e+00	 0.00000000000000000000e+00	 0.00000000000000000000e+00	 0.00000000000000000000e+00	 0.00000000000000000000e+00	 0.00000000000000000000e+00	 0.00000000000000000000e+00	 
 3.58000000000000007105e+00	 0.00000000000000000000e+00	 0.00000000000000000000e+00	 0.00000000000000000000e+00	 0.00000000000000000000e+00	 0.00000000000000000000e+00	 0.00000000000000000000e+00	 0.00000000000000000000e+00	 0.00000000000000000000e+00	 0.00000000000000000000e+00	 0.00000000000000000000e+00	 0.00000000000000000000e+00	 0.00000000000000000000e+00	 0.00000000000000000000e+00	 0.00000000000000000000e+00	 
 3.60000000000000053291e+00	 0.00000000000000000000e+00	 0.00000000000000000000e+00	 0.00000000000000000000e+00	 0.00000000000000000000e+00	 0.00000000000000000000e+00	 0.00000000000000000000e+00	 0.00000000000000000000e+00	 0.00000000000000000000e+00	 0.00000000000000000000e+00	 0.00000000000000000000e+00	 0.00000000000000000000e+00	 0.00000000000000000000e+00	 0.00000000000000000000e+00	 0.00000000000000000000e+00	 
 3.62000000000000010658e+00	 0.00000000000000000000e+00	 0.00000000000000000000e+00	 0.00000000000000000000e+00	 0.00000000000000000000e+00	 0.00000000000000000000e+00	 0.00000000000000000000e+00	 0.00000000000000000000e+00	 0.00000000000000000000e+00	 0.00000000000000000000e+00	 0.00000000000000000000e+00	 0.00000000000000000000e+00	 0.00000000000000000000e+00	 0.00000000000000000000e+00	 0.00000000000000000000e+00	 
 3.63999999999999968026e+00	 0.00000000000000000000e+00	 0.00000000000000000000e+00	 0.00000000000000000000e+00	 0.00000000000000000000e+00	 0.00000000000000000000e+00	 0.00000000000000000000e+00	 0.00000000000000000000e+00	 0.00000000000000000000e+00	 0.00000000000000000000e+00	 0.00000000000000000000e+00	 0.00000000000000000000e+00	 0.00000000000000000000e+00	 0.00000000000000000000e+00	 0.00000000000000000000e+00	 
 3.65999999999999969802e+00	 0.00000000000000000000e+00	 0.00000000000000000000e+00	 0.00000000000000000000e+00	 0.00000000000000000000e+00	 0.00000000000000000000e+00	 0.00000000000000000000e+00	 0.00000000000000000000e+00	 0.00000000000000000000e+00	 0.00000000000000000000e+00	 0.00000000000000000000e+00	 0.00000000000000000000e+00	 0.00000000000000000000e+00	 0.00000000000000000000e+00	 0.00000000000000000000e+00	 
 3.68000000000000015987e+00	 0.00000000000000000000e+00	 0.00000000000000000000e+00	 0.00000000000000000000e+00	 0.00000000000000000000e+00	 0.00000000000000000000e+00	 0.00000000000000000000e+00	 0.00000000000000000000e+00	 0.00000000000000000000e+00	 0.00000000000000000000e+00	 0.00000000000000000000e+00	 0.00000000000000000000e+00	 0.00000000000000000000e+00	 0.00000000000000000000e+00	 0.00000000000000000000e+00	 
 3.70000000000000017764e+00	 0.00000000000000000000e+00	 0.00000000000000000000e+00	 0.00000000000000000000e+00	 0.00000000000000000000e+00	 0.00000000000000000000e+00	 0.00000000000000000000e+00	 0.00000000000000000000e+00	 0.00000000000000000000e+00	 0.00000000000000000000e+00	 0.00000000000000000000e+00	 0.00000000000000000000e+00	 0.00000000000000000000e+00	 0.00000000000000000000e+00	 0.00000000000000000000e+00	 
 3.71999999999999975131e+00	 0.00000000000000000000e+00	 0.00000000000000000000e+00	 0.00000000000000000000e+00	 0.00000000000000000000e+00	 0.00000000000000000000e+00	 0.00000000000000000000e+00	 0.00000000000000000000e+00	 0.00000000000000000000e+00	 0.00000000000000000000e+00	 0.00000000000000000000e+00	 0.00000000000000000000e+00	 0.00000000000000000000e+00	 0.00000000000000000000e+00	 0.00000000000000000000e+00	 
 3.74000000000000021316e+00	 0.00000000000000000000e+00	 0.00000000000000000000e+00	 0.00000000000000000000e+00	 0.00000000000000000000e+00	 0.00000000000000000000e+00	 0.00000000000000000000e+00	 0.00000000000000000000e+00	 0.00000000000000000000e+00	 0.00000000000000000000e+00	 0.00000000000000000000e+00	 0.00000000000000000000e+00	 0.00000000000000000000e+00	 0.00000000000000000000e+00	 0.00000000000000000000e+00	 
 3.76000000000000023093e+00	 0.00000000000000000000e+00	 0.00000000000000000000e+00	 0.00000000000000000000e+00	 0.00000000000000000000e+00	 0.00000000000000000000e+00	 0.00000000000000000000e+00	 0.00000000000000000000e+00	 0.00000000000000000000e+00	 0.00000000000000000000e+00	 0.00000000000000000000e+00	 0.00000000000000000000e+00	 0.00000000000000000000e+00	 0.00000000000000000000e+00	 0.00000000000000000000e+00	 
 3.77999999999999980460e+00	 0.00000000000000000000e+00	 0.00000000000000000000e+00	 0.00000000000000000000e+00	 0.00000000000000000000e+00	 0.00000000000000000000e+00	 0.00000000000000000000e+00	 0.00000000000000000000e+00	 0.00000000000000000000e+00	 0.00000000000000000000e+00	 0.00000000000000000000e+00	 0.00000000000000000000e+00	 0.00000000000000000000e+00	 0.00000000000000000000e+00	 0.00000000000000000000e+00	 
 3.80000000000000026645e+00	 0.00000000000000000000e+00	 0.00000000000000000000e+00	 0.00000000000000000000e+00	 0.00000000000000000000e+00	 0.00000000000000000000e+00	 0.00000000000000000000e+00	 0.00000000000000000000e+00	 0.00000000000000000000e+00	 0.00000000000000000000e+00	 0.00000000000000000000e+00	 0.00000000000000000000e+00	 0.00000000000000000000e+00	 0.00000000000000000000e+00	 0.00000000000000000000e+00	 
 3.82000000000000028422e+00	 0.00000000000000000000e+00	 0.00000000000000000000e+00	 0.00000000000000000000e+00	 0.00000000000000000000e+00	 0.00000000000000000000e+00	 0.00000000000000000000e+00	 0.00000000000000000000e+00	 0.00000000000000000000e+00	 0.00000000000000000000e+00	 0.00000000000000000000e+00	 0.00000000000000000000e+00	 0.00000000000000000000e+00	 0.00000000000000000000e+00	 0.00000000000000000000e+00	 
 3.83999999999999985789e+00	 0.00000000000000000000e+00	 0.00000000000000000000e+00	 0.00000000000000000000e+00	 0.00000000000000000000e+00	 0.00000000000000000000e+00	 0.00000000000000000000e+00	 0.00000000000000000000e+00	 0.00000000000000000000e+00	 0.00000000000000000000e+00	 0.00000000000000000000e+00	 0.00000000000000000000e+00	 0.00000000000000000000e+00	 0.00000000000000000000e+00	 0.00000000000000000000e+00	 
 3.86000000000000031974e+00	 0.00000000000000000000e+00	 0.00000000000000000000e+00	 0.00000000000000000000e+00	 0.00000000000000000000e+00	 0.00000000000000000000e+00	 0.00000000000000000000e+00	 0.00000000000000000000e+00	 0.00000000000000000000e+00	 0.00000000000000000000e+00	 0.00000000000000000000e+00	 0.00000000000000000000e+00	 0.00000000000000000000e+00	 0.00000000000000000000e+00	 0.00000000000000000000e+00	 
 3.87999999999999989342e+00	 0.00000000000000000000e+00	 0.00000000000000000000e+00	 0.00000000000000000000e+00	 0.00000000000000000000e+00	 0.00000000000000000000e+00	 0.00000000000000000000e+00	 0.00000000000000000000e+00	 0.00000000000000000000e+00	 0.00000000000000000000e+00	 0.00000000000000000000e+00	 0.00000000000000000000e+00	 0.00000000000000000000e+00	 0.00000000000000000000e+00	 0.00000000000000000000e+00	 
 3.89999999999999991118e+00	 0.00000000000000000000e+00	 0.00000000000000000000e+00	 0.00000000000000000000e+00	 0.00000000000000000000e+00	 0.00000000000000000000e+00	 0.00000000000000000000e+00	 0.00000000000000000000e+00	 0.00000000000000000000e+00	 0.00000000000000000000e+00	 0.00000000000000000000e+00	 0.00000000000000000000e+00	 0.00000000000000000000e+00	 0.00000000000000000000e+00	 0.00000000000000000000e+00	 
 3.91999999999999948486e+00	 0.00000000000000000000e+00	 0.00000000000000000000e+00	 0.00000000000000000000e+00	 0.00000000000000000000e+00	 0.00000000000000000000e+00	 0.00000000000000000000e+00	 0.00000000000000000000e+00	 0.00000000000000000000e+00	 0.00000000000000000000e+00	 0.00000000000000000000e+00	 0.00000000000000000000e+00	 0.00000000000000000000e+00	 0.00000000000000000000e+00	 0.00000000000000000000e+00	 
 3.93999999999999994671e+00	 0.00000000000000000000e+00	 0.00000000000000000000e+00	 0.00000000000000000000e+00	 0.00000000000000000000e+00	 0.00000000000000000000e+00	 0.00000000000000000000e+00	 0.00000000000000000000e+00	 0.00000000000000000000e+00	 0.00000000000000000000e+00	 0.00000000000000000000e+00	 0.00000000000000000000e+00	 0.00000000000000000000e+00	 0.00000000000000000000e+00	 0.00000000000000000000e+00	 
 3.95999999999999996447e+00	 0.00000000000000000000e+00	 0.00000000000000000000e+00	 0.00000000000000000000e+00	 0.00000000000000000000e+00	 0.00000000000000000000e+00	 0.00000000000000000000e+00	 0.00000000000000000000e+00	 0.00000000000000000000e+00	 0.00000000000000000000e+00	 0.00000000000000000000e+00	 0.00000000000000000000e+00	 0.00000000000000000000e+00	 0.00000000000000000000e+00	 0.00000000000000000000e+00	 
 3.97999999999999953815e+00	 0.00000000000000000000e+00	 0.00000000000000000000e+00	 0.00000000000000000000e+00	 0.00000000000000000000e+00	 0.00000000000000000000e+00	 0.00000000000000000000e+00	 0.00000000000000000000e+00	 0.00000000000000000000e+00	 0.00000000000000000000e+00	 0.00000000000000000000e+00	 0.00000000000000000000e+00	 0.00000000000000000000e+00	 0.00000000000000000000e+00	 0.00000000000000000000e+00	 
 4.00000000000000000000e+00	 0.00000000000000000000e+00	 0.00000000000000000000e+00	 0.00000000000000000000e+00	 0.00000000000000000000e+00	 0.00000000000000000000e+00	 0.00000000000000000000e+00	 0.00000000000000000000e+00	 0.00000000000000000000e+00	 0.00000000000000000000e+00	 0.00000000000000000000e+00	 0.00000000000000000000e+00	 0.00000000000000000000e+00	 0.00000000000000000000e+00	 0.00000000000000000000e+00	 
 4.01999999999999957367e+00	 0.00000000000000000000e+00	 0.00000000000000000000e+00	 0.00000000000000000000e+00	 0.00000000000000000000e+00	 0.00000000000000000000e+00	 0.00000000000000000000e+00	 0.00000000000000000000e+00	 0.00000000000000000000e+00	 0.00000000000000000000e+00	 0.00000000000000000000e+00	 0.00000000000000000000e+00	 0.00000000000000000000e+00	 0.00000000000000000000e+00	 0.00000000000000000000e+00	 
 4.04000000000000003553e+00	 0.00000000000000000000e+00	 0.00000000000000000000e+00	 0.00000000000000000000e+00	 0.00000000000000000000e+00	 0.00000000000000000000e+00	 0.00000000000000000000e+00	 0.00000000000000000000e+00	 0.00000000000000000000e+00	 0.00000000000000000000e+00	 0.00000000000000000000e+00	 0.00000000000000000000e+00	 0.00000000000000000000e+00	 0.00000000000000000000e+00	 0.00000000000000000000e+00	 
 4.06000000000000049738e+00	 0.00000000000000000000e+00	 0.00000000000000000000e+00	 0.00000000000000000000e+00	 0.00000000000000000000e+00	 0.00000000000000000000e+00	 0.00000000000000000000e+00	 0.00000000000000000000e+00	 0.00000000000000000000e+00	 0.00000000000000000000e+00	 0.00000000000000000000e+00	 0.00000000000000000000e+00	 0.00000000000000000000e+00	 0.00000000000000000000e+00	 0.00000000000000000000e+00	 
 4.08000000000000007105e+00	 0.00000000000000000000e+00	 0.00000000000000000000e+00	 0.00000000000000000000e+00	 0.00000000000000000000e+00	 0.00000000000000000000e+00	 0.00000000000000000000e+00	 0.00000000000000000000e+00	 0.00000000000000000000e+00	 0.00000000000000000000e+00	 0.00000000000000000000e+00	 0.00000000000000000000e+00	 0.00000000000000000000e+00	 0.00000000000000000000e+00	 0.00000000000000000000e+00	 
 4.09999999999999964473e+00	 0.00000000000000000000e+00	 0.00000000000000000000e+00	 0.00000000000000000000e+00	 0.00000000000000000000e+00	 0.00000000000000000000e+00	 0.00000000000000000000e+00	 0.00000000000000000000e+00	 0.00000000000000000000e+00	 0.00000000000000000000e+00	 0.00000000000000000000e+00	 0.00000000000000000000e+00	 0.00000000000000000000e+00	 0.00000000000000000000e+00	 0.00000000000000000000e+00	 
 4.12000000000000010658e+00	 0.00000000000000000000e+00	 0.00000000000000000000e+00	 0.00000000000000000000e+00	 0.00000000000000000000e+00	 0.00000000000000000000e+00	 0.00000000000000000000e+00	 0.00000000000000000000e+00	 0.00000000000000000000e+00	 0.00000000000000000000e+00	 0.00000000000000000000e+00	 0.00000000000000000000e+00	 0.00000000000000000000e+00	 0.00000000000000000000e+00	 0.00000000000000000000e+00	 
 4.14000000000000056843e+00	 0.00000000000000000000e+00	 0.00000000000000000000e+00	 0.00000000000000000000e+00	 0.00000000000000000000e+00	 0.00000000000000000000e+00	 0.00000000000000000000e+00	 0.00000000000000000000e+00	 0.00000000000000000000e+00	 0.00000000000000000000e+00	 0.00000000000000000000e+00	 0.00000000000000000000e+00	 0.00000000000000000000e+00	 0.00000000000000000000e+00	 0.00000000000000000000e+00	 
 4.16000000000000014211e+00	 0.00000000000000000000e+00	 0.00000000000000000000e+00	 0.00000000000000000000e+00	 0.00000000000000000000e+00	 0.00000000000000000000e+00	 0.00000000000000000000e+00	 0.00000000000000000000e+00	 0.00000000000000000000e+00	 0.00000000000000000000e+00	 0.00000000000000000000e+00	 0.00000000000000000000e+00	 0.00000000000000000000e+00	 0.00000000000000000000e+00	 0.00000000000000000000e+00	 
 4.17999999999999971578e+00	 0.00000000000000000000e+00	 0.00000000000000000000e+00	 0.00000000000000000000e+00	 0.00000000000000000000e+00	 0.00000000000000000000e+00	 0.00000000000000000000e+00	 0.00000000000000000000e+00	 0.00000000000000000000e+00	 0.00000000000000000000e+00	 0.00000000000000000000e+00	 0.00000000000000000000e+00	 0.00000000000000000000e+00	 0.00000000000000000000e+00	 0.00000000000000000000e+00	 
 4.20000000000000017764e+00	 0.00000000000000000000e+00	 0.00000000000000000000e+00	 0.00000000000000000000e+00	 0.00000000000000000000e+00	 0.00000000000000000000e+00	 0.00000000000000000000e+00	 0.00000000000000000000e+00	 0.00000000000000000000e+00	 0.00000000000000000000e+00	 0.00000000000000000000e+00	 0.00000000000000000000e+00	 0.00000000000000000000e+00	 0.00000000000000000000e+00	 0.00000000000000000000e+00	 
 4.21999999999999975131e+00	 0.00000000000000000000e+00	 0.00000000000000000000e+00	 0.00000000000000000000e+00	 0.00000000000000000000e+00	 0.00000000000000000000e+00	 0.00000000000000000000e+00	 0.00000000000000000000e+00	 0.00000000000000000000e+00	 0.00000000000000000000e+00	 0.00000000000000000000e+00	 0.00000000000000000000e+00	 0.00000000000000000000e+00	 0.00000000000000000000e+00	 0.00000000000000000000e+00	 
 4.24000000000000021316e+00	 0.00000000000000000000e+00	 0.00000000000000000000e+00	 0.00000000000000000000e+00	 0.00000000000000000000e+00	 0.00000000000000000000e+00	 0.00000000000000000000e+00	 0.00000000000000000000e+00	 0.00000000000000000000e+00	 0.00000000000000000000e+00	 0.00000000000000000000e+00	 0.00000000000000000000e+00	 0.00000000000000000000e+00	 0.00000000000000000000e+00	 0.00000000000000000000e+00	 
 4.25999999999999978684e+00	 0.00000000000000000000e+00	 0.00000000000000000000e+00	 0.00000000000000000000e+00	 0.00000000000000000000e+00	 0.00000000000000000000e+00	 0.00000000000000000000e+00	 0.00000000000000000000e+00	 0.00000000000000000000e+00	 0.00000000000000000000e+00	 0.00000000000000000000e+00	 0.00000000000000000000e+00	 0.00000000000000000000e+00	 0.00000000000000000000e+00	 0.00000000000000000000e+00	 
 4.28000000000000024869e+00	 0.00000000000000000000e+00	 0.00000000000000000000e+00	 0.00000000000000000000e+00	 0.00000000000000000000e+00	 0.00000000000000000000e+00	 0.00000000000000000000e+00	 0.00000000000000000000e+00	 0.00000000000000000000e+00	 0.00000000000000000000e+00	 0.00000000000000000000e+00	 0.00000000000000000000e+00	 0.00000000000000000000e+00	 0.00000000000000000000e+00	 0.00000000000000000000e+00	 
 4.29999999999999982236e+00	 0.00000000000000000000e+00	 0.00000000000000000000e+00	 0.00000000000000000000e+00	 0.00000000000000000000e+00	 0.00000000000000000000e+00	 0.00000000000000000000e+00	 0.00000000000000000000e+00	 0.00000000000000000000e+00	 0.00000000000000000000e+00	 0.00000000000000000000e+00	 0.00000000000000000000e+00	 0.00000000000000000000e+00	 0.00000000000000000000e+00	 0.00000000000000000000e+00	 
 4.32000000000000028422e+00	 0.00000000000000000000e+00	 0.00000000000000000000e+00	 0.00000000000000000000e+00	 0.00000000000000000000e+00	 0.00000000000000000000e+00	 0.00000000000000000000e+00	 0.00000000000000000000e+00	 0.00000000000000000000e+00	 0.00000000000000000000e+00	 0.00000000000000000000e+00	 0.00000000000000000000e+00	 0.00000000000000000000e+00	 0.00000000000000000000e+00	 0.00000000000000000000e+00	 
 4.33999999999999985789e+00	 0.00000000000000000000e+00	 0.00000000000000000000e+00	 0.00000000000000000000e+00	 0.00000000000000000000e+00	 0.00000000000000000000e+00	 0.00000000000000000000e+00	 0.00000000000000000000e+00	 0.00000000000000000000e+00	 0.00000000000000000000e+00	 0.00000000000000000000e+00	 0.00000000000000000000e+00	 0.00000000000000000000e+00	 0.00000000000000000000e+00	 0.00000000000000000000e+00	 
 4.36000000000000031974e+00	 0.00000000000000000000e+00	 0.00000000000000000000e+00	 0.00000000000000000000e+00	 0.00000000000000000000e+00	 0.00000000000000000000e+00	 0.00000000000000000000e+00	 0.00000000000000000000e+00	 0.00000000000000000000e+00	 0.00000000000000000000e+00	 0.00000000000000000000e+00	 0.00000000000000000000e+00	 0.00000000000000000000e+00	 0.00000000000000000000e+00	 0.00000000000000000000e+00	 
 4.37999999999999989342e+00	 0.00000000000000000000e+00	 0.00000000000000000000e+00	 0.00000000000000000000e+00	 0.00000000000000000000e+00	 0.00000000000000000000e+00	 0.00000000000000000000e+00	 0.00000000000000000000e+00	 0.00000000000000000000e+00	 0.00000000000000000000e+00	 0.00000000000000000000e+00	 0.00000000000000000000e+00	 0.00000000000000000000e+00	 0.00000000000000000000e+00	 0.00000000000000000000e+00	 
 4.40000000000000035527e+00	 0.00000000000000000000e+00	 0.00000000000000000000e+00	 0.00000000000000000000e+00	 0.00000000000000000000e+00	 0.00000000000000000000e+00	 0.00000000000000000000e+00	 0.00000000000000000000e+00	 0.00000000000000000000e+00	 0.00000000000000000000e+00	 0.00000000000000000000e+00	 0.00000000000000000000e+00	 0.00000000000000000000e+00	 0.00000000000000000000e+00	 0.00000000000000000000e+00	 
 4.41999999999999992895e+00	 0.00000000000000000000e+00	 0.00000000000000000000e+00	 0.00000000000000000000e+00	 0.00000000000000000000e+00	 0.00000000000000000000e+00	 0.00000000000000000000e+00	 0.00000000000000000000e+00	 0.00000000000000000000e+00	 0.00000000000000000000e+00	 0.00000000000000000000e+00	 0.00000000000000000000e+00	 0.00000000000000000000e+00	 0.00000000000000000000e+00	 0.00000000000000000000e+00	 
 4.43999999999999950262e+00	 0.00000000000000000000e+00	 0.00000000000000000000e+00	 0.00000000000000000000e+00	 0.00000000000000000000e+00	 0.00000000000000000000e+00	 0.00000000000000000000e+00	 0.00000000000000000000e+00	 0.00000000000000000000e+00	 0.00000000000000000000e+00	 0.00000000000000000000e+00	 0.00000000000000000000e+00	 0.00000000000000000000e+00	 0.00000000000000000000e+00	 0.00000000000000000000e+00	 
 4.45999999999999996447e+00	 0.00000000000000000000e+00	 0.00000000000000000000e+00	 0.00000000000000000000e+00	 0.00000000000000000000e+00	 0.00000000000000000000e+00	 0.00000000000000000000e+00	 0.00000000000000000000e+00	 0.00000000000000000000e+00	 0.00000000000000000000e+00	 0.00000000000000000000e+00	 0.00000000000000000000e+00	 0.00000000000000000000e+00	 0.00000000000000000000e+00	 0.00000000000000000000e+00	 
 4.47999999999999953815e+00	 0.00000000000000000000e+00	 0.00000000000000000000e+00	 0.00000000000000000000e+00	 0.00000000000000000000e+00	 0.00000000000000000000e+00	 0.00000000000000000000e+00	 0.00000000000000000000e+00	 0.00000000000000000000e+00	 0.00000000000000000000e+00	 0.00000000000000000000e+00	 0.00000000000000000000e+00	 0.00000000000000000000e+00	 0.00000000000000000000e+00	 0.00000000000000000000e+00	 
 4.50000000000000000000e+00	 0.00000000000000000000e+00	 0.00000000000000000000e+00	 0.00000000000000000000e+00	 0.00000000000000000000e+00	 0.00000000000000000000e+00	 0.00000000000000000000e+00	 0.00000000000000000000e+00	 0.00000000000000000000e+00	 0.00000000000000000000e+00	 0.00000000000000000000e+00	 0.00000000000000000000e+00	 0.00000000000000000000e+00	 0.00000000000000000000e+00	 0.00000000000000000000e+00	 
 4.52000000000000046185e+00	 0.00000000000000000000e+00	 0.00000000000000000000e+00	 0.00000000000000000000e+00	 0.00000000000000000000e+00	 0.00000000000000000000e+00	 0.00000000000000000000e+00	 0.00000000000000000000e+00	 0.00000000000000000000e+00	 0.00000000000000000000e+00	 0.00000000000000000000e+00	 0.00000000000000000000e+00	 0.00000000000000000000e+00	 0.00000000000000000000e+00	 0.00000000000000000000e+00	 
 4.54000000000000003553e+00	 0.00000000000000000000e+00	 0.00000000000000000000e+00	 0.00000000000000000000e+00	 0.00000000000000000000e+00	 0.00000000000000000000e+00	 0.00000000000000000000e+00	 0.00000000000000000000e+00	 0.00000000000000000000e+00	 0.00000000000000000000e+00	 0.00000000000000000000e+00	 0.00000000000000000000e+00	 0.00000000000000000000e+00	 0.00000000000000000000e+00	 0.00000000000000000000e+00	 
 4.55999999999999960920e+00	 0.00000000000000000000e+00	 0.00000000000000000000e+00	 0.00000000000000000000e+00	 0.00000000000000000000e+00	 0.00000000000000000000e+00	 0.00000000000000000000e+00	 0.00000000000000000000e+00	 0.00000000000000000000e+00	 0.00000000000000000000e+00	 0.00000000000000000000e+00	 0.00000000000000000000e+00	 0.00000000000000000000e+00	 0.00000000000000000000e+00	 0.00000000000000000000e+00	 
 4.58000000000000007105e+00	 0.00000000000000000000e+00	 0.00000000000000000000e+00	 0.00000000000000000000e+00	 0.00000000000000000000e+00	 0.00000000000000000000e+00	 0.00000000000000000000e+00	 0.00000000000000000000e+00	 0.00000000000000000000e+00	 0.00000000000000000000e+00	 0.00000000000000000000e+00	 0.00000000000000000000e+00	 0.00000000000000000000e+00	 0.00000000000000000000e+00	 0.00000000000000000000e+00	 
 4.60000000000000053291e+00	 0.00000000000000000000e+00	 0.00000000000000000000e+00	 0.00000000000000000000e+00	 0.00000000000000000000e+00	 0.00000000000000000000e+00	 0.00000000000000000000e+00	 0.00000000000000000000e+00	 0.00000000000000000000e+00	 0.00000000000000000000e+00	 0.00000000000000000000e+00	 0.00000000000000000000e+00	 0.00000000000000000000e+00	 0.00000000000000000000e+00	 0.00000000000000000000e+00	 
 4.62000000000000010658e+00	 0.00000000000000000000e+00	 0.00000000000000000000e+00	 0.00000000000000000000e+00	 0.00000000000000000000e+00	 0.00000000000000000000e+00	 0.00000000000000000000e+00	 0.00000000000000000000e+00	 0.00000000000000000000e+00	 0.00000000000000000000e+00	 0.00000000000000000000e+00	 0.00000000000000000000e+00	 0.00000000000000000000e+00	 0.00000000000000000000e+00	 0.00000000000000000000e+00	 
 4.63999999999999968026e+00	 0.00000000000000000000e+00	 0.00000000000000000000e+00	 0.00000000000000000000e+00	 0.00000000000000000000e+00	 0.00000000000000000000e+00	 0.00000000000000000000e+00	 0.00000000000000000000e+00	 0.00000000000000000000e+00	 0.00000000000000000000e+00	 0.00000000000000000000e+00	 0.00000000000000000000e+00	 0.00000000000000000000e+00	 0.00000000000000000000e+00	 0.00000000000000000000e+00	 
 4.66000000000000014211e+00	 0.00000000000000000000e+00	 0.00000000000000000000e+00	 0.00000000000000000000e+00	 0.00000000000000000000e+00	 0.00000000000000000000e+00	 0.00000000000000000000e+00	 0.00000000000000000000e+00	 0.00000000000000000000e+00	 0.00000000000000000000e+00	 0.00000000000000000000e+00	 0.00000000000000000000e+00	 0.00000000000000000000e+00	 0.00000000000000000000e+00	 0.00000000000000000000e+00	 
 4.67999999999999971578e+00	 0.00000000000000000000e+00	 0.00000000000000000000e+00	 0.00000000000000000000e+00	 0.00000000000000000000e+00	 0.00000000000000000000e+00	 0.00000000000000000000e+00	 0.00000000000000000000e+00	 0.00000000000000000000e+00	 0.00000000000000000000e+00	 0.00000000000000000000e+00	 0.00000000000000000000e+00	 0.00000000000000000000e+00	 0.00000000000000000000e+00	 0.00000000000000000000e+00	 
 4.69999999999999928946e+00	 0.00000000000000000000e+00	 0.00000000000000000000e+00	 0.00000000000000000000e+00	 0.00000000000000000000e+00	 0.00000000000000000000e+00	 0.00000000000000000000e+00	 0.00000000000000000000e+00	 0.00000000000000000000e+00	 0.00000000000000000000e+00	 0.00000000000000000000e+00	 0.00000000000000000000e+00	 0.00000000000000000000e+00	 0.00000000000000000000e+00	 0.00000000000000000000e+00	 
 4.72000000000000063949e+00	 0.00000000000000000000e+00	 0.00000000000000000000e+00	 0.00000000000000000000e+00	 0.00000000000000000000e+00	 0.00000000000000000000e+00	 0.00000000000000000000e+00	 0.00000000000000000000e+00	 0.00000000000000000000e+00	 0.00000000000000000000e+00	 0.00000000000000000000e+00	 0.00000000000000000000e+00	 0.00000000000000000000e+00	 0.00000000000000000000e+00	 0.00000000000000000000e+00	 
 4.74000000000000021316e+00	 0.00000000000000000000e+00	 0.00000000000000000000e+00	 0.00000000000000000000e+00	 0.00000000000000000000e+00	 0.00000000000000000000e+00	 0.00000000000000000000e+00	 0.00000000000000000000e+00	 0.00000000000000000000e+00	 0.00000000000000000000e+00	 0.00000000000000000000e+00	 0.00000000000000000000e+00	 0.00000000000000000000e+00	 0.00000000000000000000e+00	 0.00000000000000000000e+00	 
 4.75999999999999978684e+00	 0.00000000000000000000e+00	 0.00000000000000000000e+00	 0.00000000000000000000e+00	 0.00000000000000000000e+00	 0.00000000000000000000e+00	 0.00000000000000000000e+00	 0.00000000000000000000e+00	 0.00000000000000000000e+00	 0.00000000000000000000e+00	 0.00000000000000000000e+00	 0.00000000000000000000e+00	 0.00000000000000000000e+00	 0.00000000000000000000e+00	 0.00000000000000000000e+00	 
 4.78000000000000024869e+00	 0.00000000000000000000e+00	 0.00000000000000000000e+00	 0.00000000000000000000e+00	 0.00000000000000000000e+00	 0.00000000000000000000e+00	 0.00000000000000000000e+00	 0.00000000000000000000e+00	 0.00000000000000000000e+00	 0.00000000000000000000e+00	 0.00000000000000000000e+00	 0.00000000000000000000e+00	 0.00000000000000000000e+00	 0.00000000000000000000e+00	 0.00000000000000000000e+00	 
 4.79999999999999982236e+00	 0.00000000000000000000e+00	 0.00000000000000000000e+00	 0.00000000000000000000e+00	 0.00000000000000000000e+00	 0.00000000000000000000e+00	 0.00000000000000000000e+00	 0.00000000000000000000e+00	 0.00000000000000000000e+00	 0.00000000000000000000e+00	 0.00000000000000000000e+00	 0.00000000000000000000e+00	 0.00000000000000000000e+00	 0.00000000000000000000e+00	 0.00000000000000000000e+00	 
 4.81999999999999939604e+00	 0.00000000000000000000e+00	 0.00000000000000000000e+00	 0.00000000000000000000e+00	 0.00000000000000000000e+00	 0.00000000000000000000e+00	 0.00000000000000000000e+00	 0.00000000000000000000e+00	 0.00000000000000000000e+00	 0.00000000000000000000e+00	 0.00000000000000000000e+00	 0.00000000000000000000e+00	 0.00000000000000000000e+00	 0.00000000000000000000e+00	 0.00000000000000000000e+00	 
 4.84000000000000074607e+00	 0.00000000000000000000e+00	 0.00000000000000000000e+00	 0.00000000000000000000e+00	 0.00000000000000000000e+00	 0.00000000000000000000e+00	 0.00000000000000000000e+00	 0.00000000000000000000e+00	 0.00000000000000000000e+00	 0.00000000000000000000e+00	 0.00000000000000000000e+00	 0.00000000000000000000e+00	 0.00000000000000000000e+00	 0.00000000000000000000e+00	 0.00000000000000000000e+00	 
 4.86000000000000031974e+00	 0.00000000000000000000e+00	 0.00000000000000000000e+00	 0.00000000000000000000e+00	 0.00000000000000000000e+00	 0.00000000000000000000e+00	 0.00000000000000000000e+00	 0.00000000000000000000e+00	 0.00000000000000000000e+00	 0.00000000000000000000e+00	 0.00000000000000000000e+00	 0.00000000000000000000e+00	 0.00000000000000000000e+00	 0.00000000000000000000e+00	 0.00000000000000000000e+00	 
 4.87999999999999989342e+00	 0.00000000000000000000e+00	 0.00000000000000000000e+00	 0.00000000000000000000e+00	 0.00000000000000000000e+00	 0.00000000000000000000e+00	 0.00000000000000000000e+00	 0.00000000000000000000e+00	 0.00000000000000000000e+00	 0.00000000000000000000e+00	 0.00000000000000000000e+00	 0.00000000000000000000e+00	 0.00000000000000000000e+00	 0.00000000000000000000e+00	 0.00000000000000000000e+00	 
 4.89999999999999946709e+00	 0.00000000000000000000e+00	 0.00000000000000000000e+00	 0.00000000000000000000e+00	 0.00000000000000000000e+00	 0.00000000000000000000e+00	 0.00000000000000000000e+00	 0.00000000000000000000e+00	 0.00000000000000000000e+00	 0.00000000000000000000e+00	 0.00000000000000000000e+00	 0.00000000000000000000e+00	 0.00000000000000000000e+00	 0.00000000000000000000e+00	 0.00000000000000000000e+00	 
 4.91999999999999992895e+00	 0.00000000000000000000e+00	 0.00000000000000000000e+00	 0.00000000000000000000e+00	 0.00000000000000000000e+00	 0.00000000000000000000e+00	 0.00000000000000000000e+00	 0.00000000000000000000e+00	 0.00000000000000000000e+00	 0.00000000000000000000e+00	 0.00000000000000000000e+00	 0.00000000000000000000e+00	 0.00000000000000000000e+00	 0.00000000000000000000e+00	 0.00000000000000000000e+00	 
 4.93999999999999950262e+00	 0.00000000000000000000e+00	 0.00000000000000000000e+00	 0.00000000000000000000e+00	 0.00000000000000000000e+00	 0.00000000000000000000e+00	 0.00000000000000000000e+00	 0.00000000000000000000e+00	 0.00000000000000000000e+00	 0.00000000000000000000e+00	 0.00000000000000000000e+00	 0.00000000000000000000e+00	 0.00000000000000000000e+00	 0.00000000000000000000e+00	 0.00000000000000000000e+00	 
 4.95999999999999996447e+00	 0.00000000000000000000e+00	 0.00000000000000000000e+00	 0.00000000000000000000e+00	 0.00000000000000000000e+00	 0.00000000000000000000e+00	 0.00000000000000000000e+00	 0.00000000000000000000e+00	 0.00000000000000000000e+00	 0.00000000000000000000e+00	 0.00000000000000000000e+00	 0.00000000000000000000e+00	 0.00000000000000000000e+00	 0.00000000000000000000e+00	 0.00000000000000000000e+00	 
 4.98000000000000042633e+00	 0.00000000000000000000e+00	 0.00000000000000000000e+00	 0.00000000000000000000e+00	 0.00000000000000000000e+00	 0.00000000000000000000e+00	 0.00000000000000000000e+00	 0.00000000000000000000e+00	 0.00000000000000000000e+00	 0.00000000000000000000e+00	 0.00000000000000000000e+00	 0.00000000000000000000e+00	 0.00000000000000000000e+00	 0.00000000000000000000e+00	 0.00000000000000000000e+00	 
 5.00000000000000000000e+00	 0.00000000000000000000e+00	 0.00000000000000000000e+00	 0.00000000000000000000e+00	 0.00000000000000000000e+00	 0.00000000000000000000e+00	 0.00000000000000000000e+00	 0.00000000000000000000e+00	 0.00000000000000000000e+00	 0.00000000000000000000e+00	 0.00000000000000000000e+00	 0.00000000000000000000e+00	 0.00000000000000000000e+00	 0.00000000000000000000e+00	 0.00000000000000000000e+00	 
