 -1.00000000000000000000e+00	 1.34017694040264562598e-07	 1.33221023595876934624e-07	 1.34019284701746443261e-07	 2.82187362190455016682e-05	 2.82275328842575460946e-05	 2.78108675485914369463e-05	 3.07377281070690425656e-05	 1.13907594355139149864e-05	 1.25679476114008011701e-05	 2.80657673480089866005e-05	 3.29452874348116854749e-07	 3.36976068194897696456e-07	 3.36968035936733416866e-07	 3.36975851103175787778e-07	 
 -9.79999999999999982236e-01	 1.37695336061771854039e-07	 1.36876866382515452405e-07	 1.37695322246121456793e-07	 2.89660100826206279117e-05	 2.89749453051928885638e-05	 2.85511292732879072391e-05	 3.15606192702078429055e-05	 1.16811020699519020291e-05	 1.28925063104659155919e-05	 2.88089821838136124846e-05	 3.38484570137392454851e-07	 3.46224371021486327091e-07	 3.46216119259675992038e-07	 3.46224146797609465557e-07	 
 -9.59999999999999964473e-01	 1.41447325068113860284e-07	 1.40606618969297627206e-07	 1.41445646413016303591e-07	 2.97278197105283147051e-05	 2.97368942366812056026e-05	 2.93058688583475041305e-05	 3.23996990938991567995e-05	 1.19768764388625623677e-05	 1.32232275724822111407e-05	 2.95666531190583657099e-05	 3.47698730706521161742e-07	 3.55659648940828548468e-07	 3.55651173251269787713e-07	 3.55659417399425214697e-07	 
 -9.39999999999999946709e-01	 1.45273719833399840286e-07	 1.44410340677975067294e-07	 1.45270318273942887947e-07	 3.05041029840088749050e-05	 3.05133173271593044549e-05	 3.00750297148203251957e-05	 3.32549089361938249526e-05	 1.22780635110523488664e-05	 1.35600966047708295780e-05	 3.03387183483057388850e-05	 3.57095554503318789690e-07	 3.65282032942385204826e-07	 3.65273328891135136987e-07	 3.65281793873835073164e-07	 
 -9.19999999999999928946e-01	 1.49174484599454896449e-07	 1.48287993582503749046e-07	 1.49169302568626678219e-07	 3.12947700412730578541e-05	 3.13041242974690836660e-05	 3.08585267828700665171e-05	 3.41261591042616444424e-05	 1.25846365552683471409e-05	 1.39030901687137250394e-05	 3.11250896066279353195e-05	 3.66675010140422977543e-07	 3.75091404996364872333e-07	 3.75082468140913883617e-07	 3.75091158161226551668e-07	 
 -9.00000000000000022204e-01	 1.53149478909939308833e-07	 1.52239434919437671269e-07	 1.53142459984048235641e-07	 3.20997000660517379719e-05	 3.21091938321100851123e-05	 3.16562441070446871829e-05	 3.50133256085415246620e-05	 1.28965608050834271576e-05	 1.42521763124027050227e-05	 3.19256481580368215237e-05	 3.76436821000539676107e-07	 3.85087377633876183180e-07	 3.85078203526499319119e-07	 3.85087122755710306780e-07	 
 -8.80000000000000115463e-01	 1.57198453047386654035e-07	 1.56264413667282038909e-07	 1.57189540916396573539e-07	 3.29187407849561148557e-05	 3.29283731119264466117e-05	 3.24680336843073929620e-05	 3.59162490683383479732e-05	 1.32137934062808333751e-05	 1.46073146548887898712e-05	 3.27402418791739860046e-05	 3.86380457971397778539e-07	 3.95269284924252350359e-07	 3.95259869112345376133e-07	 3.95269021696015245256e-07	 
 -8.59999999999999986677e-01	 1.61321041925560824786e-07	 1.60362565430492479833e-07	 1.61310177893446369094e-07	 3.37517075205069738805e-05	 3.37614768939342588727e-05	 3.32937138670871891660e-05	 3.68347331317511148289e-05	 1.35362833166197498016e-05	 1.49684565780515433915e-05	 3.35686820935392782350e-05	 3.96505128293087379442e-07	 4.05636169133458191230e-07	 4.05626507156901254557e-07	 4.05635897235731033097e-07	 
 -8.40000000000000079936e-01	 1.65516756111408153151e-07	 1.64533401958805039751e-07	 1.65503878752908692400e-07	 3.45983783572755262199e-05	 3.46082826067502214405e-05	 3.41330651283300496885e-05	 3.77685395282167959388e-05	 1.38639707842515455506e-05	 1.53355442535193492296e-05	 3.44107416662559344352e-05	 4.06809752959923885351e-07	 4.16186753313197417357e-07	 4.16176840704632187085e-07	 4.16186472414598682614e-07	 
 -8.20000000000000062172e-01	 1.69784977681515275248e-07	 1.68776309005142824637e-07	 1.69770027428344623808e-07	 3.54584920002617035657e-05	 3.54685291590955831665e-05	 3.49858311930140188886e-05	 3.87173882641172160957e-05	 1.41967873493039161868e-05	 1.57085103615279169157e-05	 3.52661561992240576080e-05	 4.17292961837936072118e-07	 4.26919435890192057725e-07	 4.26909268189810866152e-07	 4.26919145647199805437e-07	 
 -8.00000000000000044409e-01	 1.74124953857341702878e-07	 1.73090541828540709764e-07	 1.74107882128011303643e-07	 3.63317452551415766282e-05	 3.63419152967039179713e-05	 3.58517194542790022652e-05	 3.96809571427546341682e-05	 1.45346557964646146144e-05	 1.60872777827259735059e-05	 3.61346244823367558304e-05	 4.27953083390624997101e-07	 4.37832279248648644790e-07	 4.37821852031928887456e-07	 4.37831979305168741623e-07	 
 -7.80000000000000026645e-01	 1.78535785278453841707e-07	 1.77475211297157650787e-07	 1.78516558032608565923e-07	 3.72177893307857845422e-05	 3.72280947691583513084e-05	 3.67303930281362092528e-05	 4.06588742048972904457e-05	 1.48774897205174865699e-05	 1.64717595148200946376e-05	 3.70158003557966762626e-05	 4.38788115991994554628e-07	 4.48922972890094097383e-07	 4.48912281777677390093e-07	 4.48922662878276175032e-07	 
 -7.60000000000000008882e-01	 1.83016425696950258712e-07	 1.81929281971132248245e-07	 1.82995018520362956026e-07	 3.81162313991048121707e-05	 3.81266761067300372664e-05	 3.76214695790784322800e-05	 4.16507167279065262412e-05	 1.52251939039734161390e-05	 1.68618585691600284828e-05	 3.79092929285358105017e-05	 4.49795725008494491217e-07	 4.60188827943378154017e-07	 4.60177868627012357975e-07	 4.60188507486077933980e-07	 
 -7.39999999999999991118e-01	 1.87565678260199306710e-07	 1.86451567100908542338e-07	 1.87542064035828587063e-07	 3.90266353371583940893e-05	 3.90372217653418680469e-05	 3.85245196052273945297e-05	 4.26560095896551328743e-05	 1.55776646132880422491e-05	 1.72574678001548931304e-05	 3.88146661278650985014e-05	 4.60973232542861300674e-07	 4.71626763935139837818e-07	 4.71615532219135181406e-07	 4.71626432650249481462e-07	 
 -7.19999999999999973355e-01	 1.92182176242892755707e-07	 1.91040711882140643503e-07	 1.92156323792907777489e-07	 3.99485122485433174241e-05	 3.99592410063162372996e-05	 3.94390605653409297908e-05	 4.36742181409190607651e-05	 1.59347889083107080834e-05	 1.76584697303084416390e-05	 3.97314310409242768215e-05	 4.72317581592830362593e-07	 4.83233265198932521947e-07	 4.83221757026008387599e-07	 4.83232922702714393370e-07	 
 -6.99999999999999955591e-01	 1.96864381244852198683e-07	 1.95695191065554140689e-07	 1.96836259554419158483e-07	 4.08813226175125629430e-05	 4.08921917869000081419e-05	 4.03645582260050343835e-05	 4.47047496822384723188e-05	 1.62964447287644192714e-05	 1.80647376950304974926e-05	 4.06590473336041160926e-05	 4.83825329169998462271e-07	 4.95004374747138656051e-07	 4.94992586197601164195e-07	 4.95004020660105689500e-07	 
 -6.79999999999999937828e-01	 2.01610577133637597796e-07	 2.00413302487188250954e-07	 2.01580164509597674372e-07	 4.18244775801972362163e-05	 4.18354817568410391592e-05	 4.13004271317311152348e-05	 4.57469539723126089300e-05	 1.66625009283115201942e-05	 1.84761367796875117838e-05	 4.15969238319404441100e-05	 4.95492629843489391011e-07	 5.06935677892410514121e-07	 5.06923605161154096355e-07	 5.06935311848206877985e-07	 
 -6.60000000000000031086e-01	 2.06418848558753854745e-07	 2.05193146736945401913e-07	 2.06386134846499093811e-07	 4.27773279101719843031e-05	 4.27884573951199594392e-05	 4.22460202767193718763e-05	 4.68001115624674338817e-05	 1.70328171817279072544e-05	 1.88925223223872374562e-05	 4.25444083286094886626e-05	 5.07315196095410700884e-07	 5.19022248550858506993e-07	 5.19009887962970370556e-07	 5.19021870204190055653e-07	 
 -6.40000000000000013323e-01	 2.11287084647835486039e-07	 2.10032629900391115746e-07	 2.11252076618417486618e-07	 4.37391650632379015034e-05	 4.37504049803542641932e-05	 4.32006303395811495590e-05	 4.78634337474639364363e-05	 1.74072450349471171500e-05	 1.93137398968230290222e-05	 4.35007895872325248609e-05	 5.19288308228286486517e-07	 5.31258655119533870464e-07	 5.31246003151185430607e-07	 5.31258264172871704989e-07	 
 -6.19999999999999884537e-01	 2.16212976442308135309e-07	 2.14929460243048142916e-07	 2.16175706291414997110e-07	 4.47092213931018104341e-05	 4.47205506922028969154e-05	 4.41634899734467411300e-05	 4.89360615907214488527e-05	 1.77856287891670964666e-05	 1.97396252005918505128e-05	 4.44652983911432848592e-05	 5.31406809105990222454e-07	 5.43638951333282923296e-07	 5.43626004638324520241e-07	 5.43638547581854816984e-07	 
 -5.99999999999999977796e-01	 2.21193982368706006739e-07	 2.19881115260502841154e-07	 2.21154513411535382172e-07	 4.56866595615742300584e-05	 4.56980498102370119497e-05	 4.51337603600874705105e-05	 5.00170546981630240570e-05	 1.81678044107040500231e-05	 2.01700042488626532533e-05	 4.54370954851315801346e-05	 5.43665030071308283681e-07	 5.56156591478246283672e-07	 5.56143346912276364964e-07	 5.56156174837356459215e-07	 
 -5.79999999999999849010e-01	 2.26227331121268583128e-07	 2.24884845400932257753e-07	 2.26185757870369899272e-07	 4.66705734898273418552e-05	 4.66819936147413092043e-05	 4.61105381013042009896e-05	 5.11053954187102392448e-05	 1.85536000769528192870e-05	 2.06046940515713431744e-05	 4.64152749813373510790e-05	 5.56056798357550549539e-07	 5.68804441581220324240e-07	 5.68790896183345966655e-07	 5.68804011990951894411e-07	 
 -5.60000000000000053291e-01	 2.31310016610667374116e-07	 2.29937669863320802927e-07	 2.31266460248240106782e-07	 4.76599883530688737520e-05	 4.76714147405019969691e-05	 4.70928605138180411249e-05	 5.21999915331934543424e-05	 1.89428365950294437189e-05	 2.10435030444100264343e-05	 4.73988665703764264843e-05	 5.68575424999196431071e-07	 5.81574770722617390506e-07	 5.81560921660307796502e-07	 5.81574327943929504897e-07	 
 -5.40000000000000035527e-01	 2.36438755257463395269e-07	 2.35036333304192352960e-07	 2.36393367763493527857e-07	 4.86538484977849894722e-05	 4.86652672666626747518e-05	 4.80796853805806229955e-05	 5.32996574220226290415e-05	 1.93353271501140536192e-05	 2.14862303859541705481e-05	 4.83868202388205501780e-05	 5.81213613158744328726e-07	 5.94459136433942370435e-07	 5.94444981003169899143e-07	 5.94458679997350606767e-07	 
 -5.20000000000000017764e-01	 2.41609980766344202730e-07	 2.40177316253978675533e-07	 2.41562964438864186858e-07	 4.96510290783254979504e-05	 4.96624312786097350456e-05	 4.90698975805275433158e-05	 5.44031267955260379498e-05	 1.97308788533560389698e-05	 2.19326684539188476849e-05	 4.93780167552661136449e-05	 5.93963478859678325046e-07	 6.07448411052912093060e-07	 6.07433946649655954351e-07	 6.07447940240410762385e-07	 
 -5.00000000000000000000e-01	 2.46819829230935854517e-07	 2.45356834542286769770e-07	 2.46771470382379330107e-07	 5.06503454914845877206e-05	 5.06617160051133213084e-05	 5.00623140482088073997e-05	 5.55090629024365485767e-05	 2.01292940022101943709e-05	 2.23826048173037364978e-05	 5.03712761134533795423e-05	 6.06816544275811543565e-07	 6.20532781010283656560e-07	 6.20518005075089275308e-07	 6.20532294862041916346e-07	 
 -4.79999999999999926725e-01	 2.52064091485171272926e-07	 2.50570774161216470695e-07	 2.52014777455047019158e-07	 5.16505254155584547001e-05	 5.16618416808563310169e-05	 5.10556625510849234912e-05	 5.66160265786716041382e-05	 2.05303685664876746516e-05	 2.28358191752581550602e-05	 5.13653314104251651744e-05	 6.19763597009015776391e-07	 6.33701579398435801994e-07	 6.33686489391230093335e-07	 6.33701076660341964491e-07	 
 -4.59999999999999964473e-01	 2.57338241499407686161e-07	 2.55814707911281601306e-07	 2.57288466110807305384e-07	 5.26502158075356320520e-05	 5.26614500051288391422e-05	 5.20485906384585185762e-05	 5.77224863328983512885e-05	 2.09338932896749651072e-05	 2.32920850504780127988e-05	 5.23588380585758602476e-05	 6.32794725402393514575e-07	 6.46943329411786073668e-07	 6.46927922903897831841e-07	 6.46942808631323265211e-07	 
 -4.40000000000000002220e-01	 2.62637447780805748697e-07	 2.61083897573436442179e-07	 2.62587807818262477189e-07	 5.36479879807320663657e-05	 5.36591122940233052887e-05	 5.30396724294404558532e-05	 5.88268259574157320493e-05	 2.13396544884747146171e-05	 2.37511709801563943587e-05	 5.33503808733376455099e-05	 6.45899316802969856970e-07	 6.60245752137375927994e-07	 6.60230027005634167356e-07	 6.60245211888343847434e-07	 
 -4.19999999999999984457e-01	 2.67956462316070399609e-07	 2.66373202106265091378e-07	 2.67907673578260073285e-07	 5.46423143579617768542e-05	 5.46533013335010660620e-05	 5.40273822882742207267e-05	 5.99273142962633017334e-05	 2.17474329403854059104e-05	 2.42128382582062814791e-05	 5.43384482229079612088e-05	 6.59065851988708917892e-07	 6.73595530358377503632e-07	 6.73579484827498257891e-07	 6.73594969270339099236e-07	 
 -3.99999999999999911182e-01	 2.73289711273321853261e-07	 2.71677104542866841897e-07	 2.73242548071918399638e-07	 5.56315842808754212651e-05	 5.56424115605675610307e-05	 5.50101110032973777703e-05	 6.10221225664100982793e-05	 2.21570064694858405896e-05	 2.46768419348284300571e-05	 5.53214442071617775874e-05	 6.72281951324819630713e-07	 6.86978376075280966161e-07	 6.86962008797627404695e-07	 6.86977792805348615163e-07	 
 -3.80000000000000004441e-01	 2.78631358916449683189e-07	 2.76989719895286753784e-07	 2.78586526287557950868e-07	 5.66141165037961771123e-05	 5.66247754615212278316e-05	 5.59861785933294382029e-05	 6.21093379228772189031e-05	 2.25681519474099610291e-05	 2.51429312343679594568e-05	 5.62976979511782297193e-05	 6.85534372927993523261e-07	 7.00379051661295060401e-07	 7.00362361833244462745e-07	 7.00378444818163783860e-07	 
 -3.59999999999999931166e-01	 2.83975094851344315457e-07	 2.82304664651925006946e-07	 2.83933199182051401050e-07	 5.75881213712219495386e-05	 5.75986201358101346280e-05	 5.69537957141913638026e-05	 6.31869205264096834651e-05	 2.29806417446709877988e-05	 2.56108473732253872886e-05	 5.72654313289863028751e-05	 6.98808728066426322384e-07	 7.13781038772370576046e-07	 7.13764026219086024525e-07	 7.13780406922765230123e-07	 
 -3.39999999999999968914e-01	 2.89314119827763160131e-07	 2.87615098416911346838e-07	 2.89275693947644791733e-07	 5.85517299801304900650e-05	 5.85620825152404216214e-05	 5.79110949682052172081e-05	 6.42527320342892453893e-05	 2.33942456128976925672e-05	 2.60803247847543185191e-05	 5.82227827821391291218e-05	 7.12089553722114790303e-07	 7.27166654041371158401e-07	 7.27149319203562836679e-07	 7.27165995769252978578e-07	 
 -3.20000000000000006661e-01	 2.94641115496827722519e-07	 2.92913741036753300648e-07	 2.94606689338829030062e-07	 5.95030177874063636429e-05	 5.95132206357517248960e-05	 5.88561563970156658614e-05	 6.53045582389425767348e-05	 2.38087319526256662545e-05	 2.65510914840946260918e-05	 5.91678262091172938180e-05	 7.25360322350096010076e-07	 7.40517103648267496989e-07	 7.40499447488419790065e-07	 7.40516417662066986888e-07	 
 -2.99999999999999933387e-01	 2.99948140144790235610e-07	 2.98192689779915180368e-07	 2.99918232414894783823e-07	 6.04399460042365297818e-05	 6.04499746982072673528e-05	 5.97869457407869940059e-05	 6.63400477332768090345e-05	 2.42238643516191228780e-05	 2.70228651073552928667e-05	 6.00985198307962397313e-05	 7.38603035817750072935e-07	 7.53812007332286498258e-07	 7.53794031389254877506e-07	 7.53811292510709912632e-07	 
 -2.80000000000000026645e-01	 3.05226699826701645940e-07	 3.03443487721448420461e-07	 3.05201787736528265085e-07	 6.13603869892132664735e-05	 6.13702051270036569872e-05	 6.07013442762231104802e-05	 6.73567531709368561444e-05	 2.46394000149414917240e-05	 2.74953554455949646768e-05	 6.10127418480756430791e-05	 7.51798360944849611047e-07	 7.67029573674304446431e-07	 7.67011280184304702876e-07	 7.67028829243666173785e-07	 
 -2.59999999999999953371e-01	 3.10467787406601880221e-07	 3.08657160257118208114e-07	 3.10448256294031450779e-07	 6.22621433035157632397e-05	 6.22717227926704970046e-05	 6.15971717367017773150e-05	 6.83521637384087082717e-05	 2.50550878373750990856e-05	 2.79682656440209783039e-05	 6.19083185426077550013e-05	 7.64925681611618520325e-07	 7.80146697587703054187e-07	 7.80128089666286586343e-07	 7.80145923418696632981e-07	 
 -2.39999999999999907851e-01	 3.15661620891746078644e-07	 3.13823956891652145592e-07	 3.15647738165782397930e-07	 6.31428920939468632523e-05	 6.31522149795184749299e-05	 6.24721247062316498459e-05	 6.93236231906530940214e-05	 2.54706679006951505740e-05	 2.84412844887937498860e-05	 6.27829541320424136530e-05	 7.77962502570662543764e-07	 7.93138306668915698908e-07	 7.93119388425423569226e-07	 7.93137503424184427020e-07	 
 -2.19999999999999945599e-01	 3.20797759418312446416e-07	 3.18933478152446158929e-07	 3.20789695965542234742e-07	 6.40002537555560342989e-05	 6.40092924631518171057e-05	 6.33238288018957287207e-05	 7.02683744750879951853e-05	 2.58858696212846035064e-05	 2.89140856828654908655e-05	 6.36342775280679580092e-05	 7.90884729623052237371e-07	 8.05977684453842514031e-07	 8.05958461103881789296e-07	 8.05976853490297279942e-07	 
 -1.99999999999999983347e-01	 3.25865177501516740199e-07	 3.23974759127799656309e-07	 3.25863068489021971287e-07	 6.48318468390806740232e-05	 6.48405255910847292148e-05	 6.41498791325378301406e-05	 7.11835928484997969680e-05	 2.63004092809225438151e-05	 2.93863258966354764026e-05	 6.44598781255572005630e-05	 8.03666835283406639106e-07	 8.18636687314436711928e-07	 8.18617165296483548172e-07	 8.18635830382176651310e-07	 
 -1.79999999999999993339e-01	 3.30851899409624267538e-07	 3.28935889266289949135e-07	 3.30855835849277708796e-07	 6.56351687406647287936e-05	 6.56433556554611446912e-05	 6.49477447847115650029e-05	 7.20662967166701929830e-05	 2.67139874309332972036e-05	 2.98576386461731284707e-05	 6.52572180046445985899e-05	 8.16280952352762395529e-07	 8.31084784320586026712e-07	 8.31064971448708568339e-07	 8.31083903622300837141e-07	 
 -1.59999999999999920064e-01	 3.35745236536190121982e-07	 3.33804206867974985171e-07	 3.35755246944233892375e-07	 6.64076278865550486633e-05	 6.64151588117861571385e-05	 6.57148220694880451928e-05	 7.29134185155448497810e-05	 2.71262884590242424722e-05	 3.03276267715739891056e-05	 6.60236973519843053145e-05	 8.28696950485832849304e-07	 8.43289553500740198596e-07	 8.43269458834903858118e-07	 8.43288651626215963886e-07	 
 -1.39999999999999902300e-01	 3.40531962877659609895e-07	 3.38566437806869489771e-07	 3.40547985950138891398e-07	 6.71465635113131434483e-05	 6.71532935903032990495e-05	 6.64484726264916115892e-05	 7.37218571604607818271e-05	 2.75369790177298158279e-05	 3.07958541835866343945e-05	 6.67567032374012230564e-05	 8.40882418370219710869e-07	 8.55217040202162584788e-07	 8.55196673682029324120e-07	 8.55216119958118785115e-07	 
 -1.20000000000000009437e-01	 3.45197742976954363586e-07	 3.43208181334882290866e-07	 3.45219610971322093516e-07	 6.78491792251900076131e-05	 6.78549870984189988253e-05	 6.71459258067118737023e-05	 7.44883491811008994999e-05	 2.79457007502232333308e-05	 3.12618448680495895149e-05	 6.74534940946472421014e-05	 8.52801892183828907718e-07	 8.66830457606522869069e-07	 8.66809830098207629975e-07	 8.66829522026660944583e-07	 
 -1.00000000000000005551e-01	 3.49727372004891606978e-07	 3.47714217746843698863e-07	 3.49754832817525836758e-07	 6.85126366657933384523e-05	 6.85174238669352791411e-05	 6.78043674741654123824e-05	 7.52095893798129707655e-05	 2.83520659985454677183e-05	 3.17250767032812712757e-05	 6.81113130717184779876e-05	 8.64417921564822251734e-07	 8.78090983246496661720e-07	 8.78070106258712119752e-07	 8.78090035382477480395e-07	 
 -8.00000000000000155431e-02	 3.54104951075119210570e-07	 3.52068740565136554956e-07	 3.54137722689747679027e-07	 6.91341239731860522687e-05	 6.91378098042679396220e-05	 6.84210039454123301146e-05	 7.58823202706714365021e-05	 2.87556526841418658613e-05	 3.21849736233697882102e-05	 6.87274727057430597594e-05	 8.75691877898893288332e-07	 8.88958365181695064501e-07	 8.88937250301505183985e-07	 8.88957407708027592511e-07	 
 -5.99999999999999630851e-02	 3.58313277623351040274e-07	 3.56254651132551617536e-07	 3.58351045834526461084e-07	 6.97106985501091231620e-05	 6.97132231063503582597e-05	 6.89929128784200792861e-05	 7.65031315267281574431e-05	 2.91559992962627843676e-05	 3.26408981224415083795e-05	 6.92991708462441767264e-05	 8.86581721828978424691e-07	 8.99389122533703125318e-07	 8.99367781317587310799e-07	 8.99388157648872812207e-07	 
 -3.99999999999999383826e-02	 3.62334418477506910954e-07	 3.60254050854840725375e-07	 3.62376757920423516364e-07	 7.02394244736562732307e-05	 7.02407384466809787092e-05	 6.95171453270223535558e-05	 7.70685804861230924377e-05	 2.95525946517675930576e-05	 3.30921514054054055772e-05	 6.98235601552574909005e-05	 8.97043096187355639655e-07	 9.09337805590244050384e-07	 9.09316249596609659276e-07	 9.09336834943275813691e-07	 
 -2.00000000000000281719e-02	 3.66150160555798698679e-07	 3.64048624298676064999e-07	 3.66196391340901083203e-07	 7.07174702259937161932e-05	 7.07175131941499302566e-05	 6.99907934188372077939e-05	 7.75752719942863350200e-05	 2.99448674686270139699e-05	 3.35379701256834951428e-05	 7.02977871707778282197e-05	 9.07030157539187058125e-07	 9.18757979498394851724e-07	 9.18736220436828423019e-07	 9.18757004134838950605e-07	 
 -4.82163733276643543166e-17	 3.69740911606033329862e-07	 3.67618654531006483334e-07	 3.69790061485587512044e-07	 7.11418909075791570636e-05	 7.11405900182521646127e-05	 7.04108256418803021837e-05	 7.80196636675567419287e-05	 3.03321861379483608456e-05	 3.39775061642868183459e-05	 7.07188792865081429550e-05	 9.16493247563437100872e-07	 9.27599725713001183017e-07	 9.27577775372057078588e-07	 9.27598745961836532098e-07	 
 2.00000000000001253164e-02	 3.73086211569382992629e-07	 3.70943709741855932534e-07	 3.73137208685546170284e-07	 7.15097903274990518005e-05	 7.15070414121541335492e-05	 7.07742547182638257874e-05	 7.83982658134572274336e-05	 3.07138491436855849042e-05	 3.44098091197810653516e-05	 7.10839030769127807642e-05	 9.25380508471910624145e-07	 9.35811428870045937693e-07	 9.35789299416306782675e-07	 9.35810444400229085418e-07	 
 4.00000000000001187939e-02	 3.76165122063505077207e-07	 3.74003178030014481269e-07	 3.76217178643150102149e-07	 7.18184269909784728800e-05	 7.18140612718371190021e-05	 7.10782496718197984989e-05	 7.87077749267780916488e-05	 3.10890747600394811833e-05	 3.48338078609687509888e-05	 7.13900684765878500160e-05	 9.33639136155539631395e-07	 9.43341169855273817512e-07	 9.43318874441759654996e-07	 9.43340179873117104613e-07	 
 6.00000000000000255351e-02	 3.78955214625706682160e-07	 3.76775002401558141612e-07	 3.79007875625746090709e-07	 7.20649675845219650754e-05	 7.20587446183976285553e-05	 7.13198781381914884885e-05	 7.89447660423466977472e-05	 3.14569967757502216908e-05	 3.52483099717669010726e-05	 7.16344862888654163252e-05	 9.41212284323511815461e-07	 9.50133471221710758022e-07	 9.50111024055185239952e-07	 9.50132474403667394414e-07	 
 7.99999999999999322764e-02	 3.81433849438879197198e-07	 3.79236769316693210154e-07	 3.81486868421878766162e-07	 7.22466475954765513078e-05	 7.22383345261392743669e-05	 7.14963376246667033217e-05	 7.91059459810266484741e-05	 3.18166656418341885497e-05	 3.56519937584381368793e-05	 7.18143834343708161979e-05	 9.48041670831000447241e-07	 9.56132059587628025757e-07	 9.56109476120791035701e-07	 9.56131054470190144132e-07	 
 9.99999999999999500400e-02	 3.83579172566694170117e-07	 3.81366549885546378742e-07	 3.83632245058993084363e-07	 7.23608593564611051298e-05	 7.23503816210168749275e-05	 7.16051023587273863464e-05	 7.91883099549740420309e-05	 3.21670464702555124561e-05	 3.60433964245523104689e-05	 7.19272373440485804103e-05	 9.54069607225758920365e-07	 9.61281994220390266338e-07	 9.61259291448155009599e-07	 9.61280979963954563058e-07	 
 1.20000000000000023315e-01	 3.85367994741484957427e-07	 3.83141063563801084064e-07	 3.85420751930862359493e-07	 7.24049190013068368933e-05	 7.23923760121125941646e-05	 7.16435789244964136386e-05	 7.91887640247907007712e-05	 3.25069980704950422601e-05	 3.64208961236409025503e-05	 7.19704565049034491629e-05	 9.59234490654799484152e-07	 9.65525027208688540193e-07	 9.65502223794145083944e-07	 9.65524003684599816175e-07	 
 1.40000000000000041078e-01	 3.86777200114086583752e-07	 3.84537237867538778114e-07	 3.86829153021901070777e-07	 7.23763468592496011979e-05	 7.23619788647999876742e-05	 7.16093564713038080319e-05	 7.91043598257515855575e-05	 3.28352553702822595391e-05	 3.67827005201943571955e-05	 7.19416611068643288649e-05	 9.63474885773474299590e-07	 9.68803589833486497097e-07	 9.68780706081454966551e-07	 9.68802558076759721579e-07	 
 1.59999999999999975575e-01	 3.87784795157850861806e-07	 3.85533379888207126543e-07	 3.87835239551904802847e-07	 7.22730316126482129260e-05	 7.22571430756722098403e-05	 7.15003434903257990103e-05	 7.89324077196949970689e-05	 3.31504121530332322774e-05	 3.71268310647031695294e-05	 7.18388459812353808408e-05	 9.66732654389310603740e-07	 9.71063773286016863900e-07	 9.71040830994651928631e-07	 9.71062736234058112908e-07	 
 1.79999999999999937828e-01	 3.88367624353066771222e-07	 3.86106662734580451983e-07	 3.88415618200141516824e-07	 7.20928204608282783726e-05	 7.20757847060913691296e-05	 7.13144079477930070698e-05	 7.86701433856716125879e-05	 3.34509245090664633442e-05	 3.74511058925302564040e-05	 7.16599719565019088610e-05	 9.68946317257703141742e-07	 9.72248926293732188727e-07	 9.72225948851380221394e-07	 9.72247888993716662757e-07	 
 2.00000000000000094369e-01	 3.88503621388670250425e-07	 3.86235296728063760817e-07	 3.88547916110435552694e-07	 7.18338763838489291610e-05	 7.18161315956868264278e-05	 7.10497265131899166744e-05	 7.83152104004682049401e-05	 3.37350962856436915947e-05	 3.77532003599102179985e-05	 7.14032894110038635332e-05	 9.70056341254579729971e-07	 9.72305216592460648872e-07	 9.72282228436732838406e-07	 9.72304185206839124579e-07	 
 2.20000000000000001110e-01	 3.88173435056459703230e-07	 3.85900089665289574207e-07	 3.88212372858768623635e-07	 7.14948695572220074227e-05	 7.14769064387680029332e-05	 7.07049680511833013958e-05	 7.78659364341139818106e-05	 3.40010634171387230210e-05	 3.80306861579927154432e-05	 7.10675014788543485790e-05	 9.70009027844135941776e-07	 9.71185603031267679727e-07	 9.71162628610882569852e-07	 9.71184582876238315611e-07	 
 2.39999999999999963363e-01	 3.87356876120743321566e-07	 3.85081020344026771316e-07	 3.87388354455108302564e-07	 7.10744594179496102376e-05	 7.10568243425255746193e-05	 7.02787890794436117745e-05	 7.73206140073830216781e-05	 3.42467908160605960955e-05	 3.82809118978770805599e-05	 7.06513022563129265306e-05	 9.68748085457223280411e-07	 9.68841078158341246999e-07	 9.68818141883468276736e-07	 9.68840073621569861705e-07	 
 2.59999999999999953371e-01	 3.86035849935140849322e-07	 3.83760139031251192479e-07	 3.86057566004828738642e-07	 7.05717598359485812640e-05	 7.05549562918171254203e-05	 6.97702258798718724696e-05	 7.66780665343405642195e-05	 3.44700791113055263052e-05	 3.85011122661133126338e-05	 7.01537426866966513104e-05	 9.66222190673435856500e-07	 9.65227975252924072231e-07	 9.65205101679125674239e-07	 9.65226989955884149877e-07	 
 2.80000000000000082157e-01	 3.84196340500568331656e-07	 3.81923526312948234106e-07	 3.84206256876394809977e-07	 6.99865686214393666314e-05	 6.99708794291935531331e-05	 6.91788665887818610394e-05	 7.59379291880858507549e-05	 3.46685640828288076901e-05	 3.86884836090078807662e-05	 6.95743845463662211135e-05	 9.62390285393447126919e-07	 9.60312851756000059806e-07	 9.60290065980731594639e-07	 9.60311888926641200512e-07	 
 2.99999999999999988898e-01	 3.81823793335241990575e-07	 3.79556727461637751527e-07	 3.81820152695203227075e-07	 6.93186893607546127712e-05	 6.93041673224690439430e-05	 6.85042928619280068817e-05	 7.50998107583520225876e-05	 3.48396804901711121824e-05	 3.88399940083933352614e-05	 6.89127854453234123169e-05	 9.57209592028017714486e-07	 9.54061004005999849101e-07	 9.54038331676795331611e-07	 9.54060066454135744399e-07	 
 3.20000000000000006661e-01	 3.78906799702022155595e-07	 3.76648486749887785658e-07	 3.78888492181100999999e-07	 6.85683748274968653778e-05	 6.85549074966049974645e-05	 6.77465962284308151342e-05	 7.41639800467092476970e-05	 3.49807962781803358449e-05	 3.89525773991836302178e-05	 6.81690642017042326608e-05	 9.50645424492242162384e-07	 9.46445938291424481558e-07	 9.46423405716481602600e-07	 9.46445027761468981979e-07	 
 3.39999999999999968914e-01	 3.75439381214743032113e-07	 3.73193070727730673881e-07	 3.75406567026468124037e-07	 6.77364795180734316406e-05	 6.77239177923219613092e-05	 6.69065906194103119384e-05	 7.31316621882411725978e-05	 3.50893060185701193042e-05	 3.90232715776821386159e-05	 6.73441549713667779583e-05	 9.42677569060045256354e-07	 9.37455198395586544327e-07	 9.37432832758336209924e-07	 9.37454314466353893278e-07	 
 3.59999999999999931166e-01	 3.71415145874322645613e-07	 3.69184341915265102477e-07	 3.71369303149106421470e-07	 6.68238384114992100193e-05	 6.68119954631436323853e-05	 6.59850630865265212407e-05	 7.20040192914637820895e-05	 3.51624090066029388918e-05	 3.90489008471644726277e-05	 6.64389749409634132330e-05	 9.33284602223400778546e-07	 9.27075354264217576544e-07	 9.27053183654178141779e-07	 9.27074494256800059875e-07	 
 3.80000000000000059952e-01	 3.66832277679323558160e-07	 3.64620361592707524161e-07	 3.66775682611710954693e-07	 6.58318463886876524462e-05	 6.58205582089713456912e-05	 6.49834301020944809938e-05	 7.07829640795371912597e-05	 3.51972819953785611715e-05	 3.90263472289764290946e-05	 6.54550125172467903460e-05	 9.22456113786888735545e-07	 9.15303625901320100606e-07	 9.15281678048416058850e-07	 9.15302785419127242903e-07	 
 4.00000000000000077716e-01	 3.61696392014518625383e-07	 3.59505958001256013982e-07	 3.61631141790983505972e-07	 6.47626489026383294484e-05	 6.47518815722935084378e-05	 6.39039829086089839665e-05	 6.94714556358071053067e-05	 3.51911989456507137458e-05	 3.89527417612549399267e-05	 6.43945231993392610886e-05	 9.10199906153475448987e-07	 9.02154273653939879438e-07	 9.02132573732242097752e-07	 9.02153447652736319805e-07	 
 4.19999999999999984457e-01	 3.56012502949292157625e-07	 3.53845345369615807173e-07	 3.55940515989170963693e-07	 6.36183095639697405391e-05	 6.36081598950000501455e-05	 6.27489214581246497991e-05	 6.80722905214077339715e-05	 3.51412439671686254740e-05	 3.88250208066468735545e-05	 6.32596832057046010687e-05	 8.96522216082457626975e-07	 8.87639992656401720772e-07	 8.87618563242193591550e-07	 8.87639175417037092974e-07	 
 4.39999999999999946709e-01	 3.49790506685118463465e-07	 3.47647970781532009476e-07	 3.49713354921000909884e-07	 6.24014917382438615619e-05	 6.23921624244015466006e-05	 6.15209897504847294742e-05	 6.65890820033304453628e-05	 3.50446577393541641547e-05	 3.86404330626628338694e-05	 6.20532270437181872466e-05	 8.81442924928080873836e-07	 8.71786677202218755882e-07	 8.71765539416805108346e-07	 8.71785863441091164447e-07	 
 4.60000000000000131006e-01	 3.43047809843858040516e-07	 3.40931433432577006148e-07	 3.42966434968306877664e-07	 6.11156434231608069454e-05	 6.11073951032503788483e-05	 6.02236174393203164664e-05	 6.50265621025000544429e-05	 3.48990774208530121357e-05	 3.83968921517100346299e-05	 6.07785986875239604829e-05	 8.65003534150472741030e-07	 8.54640674265752343656e-07	 8.54619849900095372989e-07	 8.54639861083495432825e-07	 
 4.80000000000000037748e-01	 3.35800510677837030509e-07	 3.33712017250509199562e-07	 3.35715229871773134268e-07	 5.97640177928991721094e-05	 5.97571694263819585581e-05	 5.88600248748884265627e-05	 6.33891263917578986478e-05	 3.47019717496121522663e-05	 3.80921498148896611269e-05	 5.94390515267361092822e-05	 8.47242311641767297899e-07	 8.36244932039826932978e-07	 8.36224443547307139110e-07	 8.36244118884495081958e-07	 
 5.00000000000000000000e-01	 3.28070209489075992591e-07	 3.26011598200435436687e-07	 3.27980759411061492536e-07	 5.83505999882243548424e-05	 5.83454799871446259745e-05	 5.74341283299475928296e-05	 6.16820344559778895119e-05	 3.44511388019223816002e-05	 3.77244209217836613270e-05	 5.80385207625198332095e-05	 8.28213967529233616821e-07	 8.16656391097326037274e-07	 8.16636261644315385798e-07	 8.16655580316771332560e-07	 
 5.20000000000000128786e-01	 3.19886873627564037379e-07	 3.17860573064175004030e-07	 3.19792502454661402297e-07	 5.68803723567368993592e-05	 5.68772332877669773159e-05	 5.59507846865606335834e-05	 5.99117337617075860589e-05	 3.41450415609382025160e-05	 3.72927988949057630415e-05	 5.65818533726920768943e-05	 8.07998895220804916788e-07	 7.95953206244635569109e-07	 7.95933459825741723584e-07	 7.95952403963164035002e-07	 
 5.40000000000000035527e-01	 3.11277869399009498718e-07	 3.09286719554404976119e-07	 3.11177345391198264263e-07	 5.53579456747448707442e-05	 5.53569689965405486434e-05	 5.44144602593393396611e-05	 5.80840791410230957554e-05	 3.37819769243987179093e-05	 3.67962031158707190905e-05	 5.50735355016257011138e-05	 7.86670861976805160233e-07	 7.74206797911172211260e-07	 7.74187459333300549520e-07	 7.74206013920476247692e-07	 
 5.60000000000000053291e-01	 3.02276079549943071150e-07	 3.00323464251063951363e-07	 3.02168353706307230534e-07	 5.37885193109543944178e-05	 5.37898160459387793719e-05	 5.28302731886501149750e-05	 5.62058343741986607542e-05	 3.33607957497742665985e-05	 3.62343434596419991783e-05	 5.35185860292648675918e-05	 7.64317076886389100951e-07	 7.51502470443591775751e-07	 7.51483564344112231291e-07	 7.51501716769940988440e-07	 
 5.79999999999999849010e-01	 2.92922779801928629004e-07	 2.91012845997129998128e-07	 2.92808111354580660313e-07	 5.21780504325944214554e-05	 5.21816627047610971050e-05	 5.12042149859501301442e-05	 5.42850443370602542357e-05	 3.28813685243440492561e-05	 3.56083309674670915146e-05	 5.19226894308272556586e-05	 7.41045191544198982404e-07	 7.27946572383156421764e-07	 7.27928121603153097497e-07	 7.27945860797750420406e-07	 
 5.99999999999999977796e-01	 2.83254759898117825451e-07	 2.81392378539755444341e-07	 2.83134630908400677870e-07	 5.05319067851665547895e-05	 5.05378136999386470330e-05	 4.95416494177432876556e-05	 5.23288183651979659232e-05	 3.23433537764183557479e-05	 3.49190225515192954843e-05	 5.02909619798136729241e-05	 7.16951508498637326255e-07	 7.03633921892624221712e-07	 7.03615947605509402073e-07	 7.03633263993389532907e-07	 
 6.20000000000000106581e-01	 2.73314333544080335949e-07	 2.71504248809159847735e-07	 2.73191062186663364587e-07	 4.88558955548949028539e-05	 4.88640727576111728392e-05	 4.78484782189417411536e-05	 5.03449469119576217347e-05	 3.17472326941476277909e-05	 3.41681964571708933899e-05	 4.86290199636556385210e-05	 6.92144415917974792519e-07	 6.78670948856955858271e-07	 6.78653469535439108781e-07	 6.78670353781313551843e-07	 
 6.39999999999999902300e-01	 2.63152432843423268289e-07	 2.61397840855746002398e-07	 2.63028526360213618632e-07	 4.71563636515270773208e-05	 4.71668823085119928978e-05	 4.61313178740191829545e-05	 4.83421635586124738299e-05	 3.10949416882982731603e-05	 3.33592324876911099367e-05	 4.69431222440452029332e-05	 6.66751064755606599659e-07	 6.53181890569288623710e-07	 6.53164920305618553495e-07	 6.53181361145053217749e-07	 
 6.60000000000000031086e-01	 2.52813051291946159460e-07	 2.51115744318975145748e-07	 2.52691193540241062764e-07	 4.54388332268899040878e-05	 4.54518557119959812612e-05	 4.43958876692537325994e-05	 4.63279028294359931559e-05	 3.03880686375045081806e-05	 3.24950598178558550003e-05	 4.52387145961552486679e-05	 6.40881463623346122719e-07	 6.27273760117289299538e-07	 6.27257309000818285808e-07	 6.27273293461974852011e-07	 
 6.80000000000000159872e-01	 2.42343722973161169249e-07	 2.40704348843660777769e-07	 2.42226270625616458269e-07	 4.37092649458003769869e-05	 4.37249749794603765761e-05	 4.26483136288197147551e-05	 4.43100625534054157260e-05	 2.96290867872158047579e-05	 3.15794906404079104493e-05	 4.35217465924091440272e-05	 6.14655035380870973751e-07	 6.01062907112241361978e-07	 6.01046982765366804548e-07	 6.01062496287055507051e-07	 
 6.99999999999999955591e-01	 2.31797688128642124936e-07	 2.30216157602221197204e-07	 2.31685833319797346040e-07	 4.19741986089483469871e-05	 4.19926865216527320668e-05	 4.08952649105499992425e-05	 4.22971811064123631263e-05	 2.88220397339449410179e-05	 3.06178957601692272681e-05	 4.17988567692683873900e-05	 5.88206467811786734726e-07	 5.74680629716596451347e-07	 5.74665239833515662477e-07	 5.74680266367363768052e-07	 
 7.20000000000000084377e-01	 2.21218879857436048724e-07	 2.19694449453752395907e-07	 2.21112785888408644280e-07	 4.02390854138260555201e-05	 4.02603622013701376915e-05	 3.91422386778194982709e-05	 4.02961597130906142949e-05	 2.79703695157756216738e-05	 2.96148889710540956597e-05	 4.00755913776122566026e-05	 5.61647202415089096136e-07	 5.48234961567582672355e-07	 5.48220113903307812333e-07	 5.48234636099888122307e-07	 
 7.39999999999999991118e-01	 2.10653351901807818178e-07	 2.09185025998543174558e-07	 2.10552744048718652350e-07	 3.85097434590235993294e-05	 3.85336851868197901357e-05	 3.73950340596202130197e-05	 3.83143309586793186683e-05	 2.70782828397466736325e-05	 2.85758328761272780252e-05	 3.83578308724715042084e-05	 5.35095116491658300964e-07	 5.21840006128888968418e-07	 5.21825708652476152758e-07	 5.21839710141665386689e-07	 
 7.60000000000000008882e-01	 2.00150894524775890225e-07	 1.98738074135030756185e-07	 2.00055986519350049642e-07	 3.67924922286508066134e-05	 3.68187466736680707241e-05	 3.56598649864730987843e-05	 3.63596589030307717366e-05	 2.61514079012170596054e-05	 2.75074840789249850791e-05	 3.66519089875783348354e-05	 5.08679389203931526607e-07	 4.95620363462886386611e-07	 4.95606624682859497513e-07	 4.95620093715290319920e-07	 
 7.80000000000000137668e-01	 1.89749953237400309705e-07	 1.88392379723836725444e-07	 1.89661385785589773214e-07	 3.50923070558497495136e-05	 3.51203246331895411287e-05	 3.39415141233363439532e-05	 3.44381476785185817145e-05	 2.51944344963027299050e-05	 2.64154675105576753312e-05	 3.49628226849395964764e-05	 4.82500411151941452992e-07	 4.69672029490199722612e-07	 4.69658858435012164668e-07	 4.69671787223879827680e-07	 
 7.99999999999999933387e-01	 1.79490565818524742471e-07	 1.78188018453909146989e-07	 1.79409065940698392732e-07	 3.34143211138753333999e-05	 3.34434343184995859911e-05	 3.22450663053897680155e-05	 3.25559349869591622604e-05	 2.42127160274656090099e-05	 2.53058627704002676265e-05	 3.32956675578848643182e-05	 4.56661858964846631756e-07	 4.44094225039602153598e-07	 4.44081629031203287459e-07	 4.44094013595362253515e-07	 
 8.20000000000000062172e-01	 1.69415810876587076993e-07	 1.68167650389844109888e-07	 1.69341660962791294872e-07	 3.17638572290009256406e-05	 3.17934024894629674567e-05	 3.05760470796162878160e-05	 3.07193282816145879954e-05	 2.32129310665103728818e-05	 2.41857348236978138604e-05	 3.16556357554876233087e-05	 4.31274110917019788734e-07	 4.18992518991684678251e-07	 4.18980500132805313992e-07	 4.18992340185023640184e-07	 
 8.39999999999999857891e-01	 1.59555752292131608159e-07	 1.58360987635724567864e-07	 1.59488872682275422400e-07	 3.01447268183250498101e-05	 3.01740432323603756523e-05	 2.89382998906446689471e-05	 2.89325200162857018278e-05	 2.22004327296329840278e-05	 2.30606706198581675794e-05	 3.00464375551022817444e-05	 4.06414817511850840969e-07	 3.94440060014827718261e-07	 3.94428616170727882488e-07	 3.94439914448428013027e-07	 
 8.60000000000000097700e-01	 1.49941763341995025869e-07	 1.48798947521372761489e-07	 1.49881516744243999854e-07	 2.85609544144463675479e-05	 2.85894832545318977905e-05	 2.73360191841676792917e-05	 2.71998519543366729611e-05	 2.11808863984805285008e-05	 2.19365199841645196546e-05	 2.84720726127008162871e-05	 3.82164137466604934497e-07	 3.70512980020054309778e-07	 3.70502105870836109955e-07	 3.70512868417715119927e-07	 
 8.80000000000000115463e-01	 1.40607705058502632809e-07	 1.39514764115140450708e-07	 1.40552562519115577344e-07	 2.70168279251938297375e-05	 2.70442754876225896574e-05	 2.57739212634005123229e-05	 2.55258139780152230143e-05	 2.01607851614094438848e-05	 2.08198497932224933316e-05	 2.69369211406725725313e-05	 3.58607357268223359831e-07	 3.47293027436869369373e-07	 3.47282715943677949449e-07	 3.47292952661141293008e-07	 
 8.99999999999999911182e-01	 1.31573339944792853048e-07	 1.30527680735591594899e-07	 1.31521050843090696753e-07	 2.55149819077138321317e-05	 2.55412735222923619187e-05	 2.42548047735326368767e-05	 2.39127187991356005372e-05	 1.91450007385779174564e-05	 1.97154733861001457392e-05	 2.54437074623356386906e-05	 3.35794654077107856767e-07	 3.24827007565455557880e-07	 3.24817250520036721445e-07	 3.24826974335678375351e-07	 
 9.20000000000000039968e-01	 1.22859181575856881110e-07	 1.21858184003810229596e-07	 1.22807444095738669957e-07	 2.40582365223813575590e-05	 2.40835144320683917105e-05	 2.27817782245543084488e-05	 2.23630832357477069906e-05	 1.81384667017336163723e-05	 1.86282521055063980350e-05	 2.39952809590319895809e-05	 3.13779577956421742169e-07	 3.03164921618082409758e-07	 3.03155708175791647375e-07	 3.03164933811119303203e-07	 
 9.39999999999999835687e-01	 1.14486933859111564171e-07	 1.13528709682828966748e-07	 1.14434404257902448316e-07	 2.26495935256203136414e-05	 2.26742311499533990226e-05	 2.13583842758426505667e-05	 2.08795667746805443065e-05	 1.71465561293705361198e-05	 1.75634146059985211778e-05	 2.25945852584428552351e-05	 2.92621004897963580723e-07	 2.82361634514169321095e-07	 2.82352948880087280239e-07	 2.82361691024689092918e-07	 
 9.60000000000000075495e-01	 1.06464158693696263928e-07	 1.05547371180285597291e-07	 1.06410232292062048140e-07	 2.12903439455645624519e-05	 2.13149057558757004216e-05	 1.99861022364148106898e-05	 1.94626929481984363771e-05	 1.61728657582046459861e-05	 1.65243132952479188872e-05	 2.12428806948420362938e-05	 2.72341764512204696358e-07	 2.62436273432312321098e-07	 2.62428096233916648439e-07	 2.62436369420164152231e-07	 
 9.80000000000000093259e-01	 9.88002034445450920559e-08	 9.79238478047516679265e-08	 9.87449952580931990651e-08	 1.99820002586921048528e-05	 2.00070925829310237120e-05	 1.86667108628992323605e-05	 1.81131927693977759779e-05	 1.52211497972685737718e-05	 1.55142810169259777009e-05	 1.99416716336708025768e-05	 2.52968211248756890925e-07	 2.43412013988966317815e-07	 2.43404322197796781713e-07	 2.43412138683519384813e-07	 
 9.99999999999999888978e-01	 9.15063812717292196392e-08	 9.06695244843818502276e-08	 9.14507807519509169323e-08	 1.87262341400556612094e-05	 1.87522860688718136159e-05	 1.74023362764257493623e-05	 1.68318143388595915463e-05	 1.42956820265358686215e-05	 1.45368281197174643599e-05	 1.86926537930333766708e-05	 2.34530407869442756080e-07	 2.25316360757287040074e-07	 2.25309127355199461581e-07	 2.25316493696718896390e-07	 
 1.02000000000000001776e+00	 8.45801435507782733300e-08	 8.37818776718325921296e-08	 8.45256142734372583183e-08	 1.75230217821390720217e-05	 1.75503354356764780183e-05	 1.61930052496717086620e-05	 1.56173580188228939213e-05	 1.33988432424237437879e-05	 1.35936047212251517749e-05	 1.74958417782787830947e-05	 2.17023775367247045333e-07	 2.08142122262761297823e-07	 2.08135317490570317271e-07	 2.08142235653257131304e-07	 
 1.04000000000000003553e+00	 7.80218433941682064328e-08	 7.72613187443317987598e-08	 7.79699886709521340873e-08	 1.63728118754722718527e-05	 1.64015303561075630277e-05	 1.50393057101943736377e-05	 1.44691374791992164248e-05	 1.25330851416056426460e-05	 1.26865244361448033727e-05	 1.63517111130874210484e-05	 2.00450290649022893677e-07	 1.91889474637667926727e-07	 1.91883070231610506205e-07	 1.91889542466351021724e-07	 
 1.06000000000000005329e+00	 7.18345587188019585669e-08	 7.11110559293605742584e-08	 7.17865162221893655986e-08	 1.52764877985461822749e-05	 1.53065250995747758039e-05	 1.39424542932889017902e-05	 1.33867791803027598143e-05	 1.17011465945853022149e-05	 1.18179670043111511224e-05	 1.52611576466132675082e-05	 1.84817631741728374428e-07	 1.76565509055997837769e-07	 1.76559484640870469877e-07	 1.76565520399815194877e-07	 
 1.08000000000000007105e+00	 6.60080412356041277429e-08	 6.53209071848115113554e-08	 6.59646149594007993866e-08	 1.42332075757354198408e-05	 1.42643175539678905659e-05	 1.29014957923588929824e-05	 1.23680955616975143718e-05	 1.09039317270207865166e-05	 1.09884296782548332352e-05	 1.42233736816862997452e-05	 1.70100895198464542982e-07	 1.62143981869272971694e-07	 1.62138323042694483407e-07	 1.62143936510707985896e-07	 
 1.09999999999999986677e+00	 6.05357524033503468918e-08	 5.98846233995511773765e-08	 6.04973850112022714428e-08	 1.32426038697293466280e-05	 1.32744757834417264676e-05	 1.19161616384180288754e-05	 1.14115388525909111888e-05	 1.01424565291228282999e-05	 1.01986656258493720294e-05	 1.32379353850387499115e-05	 1.56285097497231587794e-07	 1.48608543906040320332e-07	 1.48603240106370788971e-07	 1.48608449629777430744e-07	 
 1.11999999999999988454e+00	 5.54141111136111277140e-08	 5.47992705208919899702e-08	 5.53807807079859979886e-08	 1.23046535796744690067e-05	 1.23370333681131031669e-05	 1.09868886905952761751e-05	 1.05159265532451326605e-05	 9.41791795551155547250e-06	 9.44974934645147574767e-06	 1.23046282801806814344e-05	 1.43363342622704749298e-07	 1.35951106458028895516e-07	 1.35946148735793936086e-07	 1.35950976634301803617e-07	 
 1.14000000000000012434e+00	 5.06271199972216517103e-08	 5.00493006413783471789e-08	 5.05985002588889513530e-08	 1.14176889848078973009e-05	 1.14503759172914753439e-05	 1.01119289831234579220e-05	 9.67843403435622389418e-06	 8.72985148836981738447e-06	 8.74100218753145158477e-06	 1.14216702995609240587e-05	 1.31298346002920887205e-07	 1.24132209897422890822e-07	 1.24127590775472592767e-07	 1.24132061500503773661e-07	 
 1.15999999999999992006e+00	 4.61640316849632932725e-08	 4.56238663877504502658e-08	 4.61397081240107067930e-08	 1.05806407119579239058e-05	 1.06134865856199917417e-05	 9.29031495208234244540e-06	 8.89685094424359929619e-06	 8.07812934086270974915e-06	 8.07208459450404642861e-06	 1.05880197335281805255e-05	 1.20061757573437757002e-07	 1.13124244962657152646e-07	 1.13119956328289412271e-07	 1.13124094126649700901e-07	 
 1.18000000000000015987e+00	 4.20182145627395021006e-08	 4.15154818934492105725e-08	 4.19979515049003695132e-08	 9.79281031828867393229e-06	 9.82572663402603234503e-06	 8.52176432132653791898e-06	 8.16913965998501401245e-06	 7.46292037007859294305e-06	 7.44290074492050763102e-06	 9.80320022243858325091e-06	 1.09629118218644071779e-07	 1.02908057851671093586e-07	 1.02904088055236945258e-07	 1.02907913717019847949e-07	 
 1.19999999999999973355e+00	 3.81710117857418003647e-08	 3.77049672740206759386e-08	 3.81547223851829427007e-08	 9.05192333014161483310e-06	 9.08487767486300814657e-06	 7.80386606883433263046e-06	 7.49188399495775070644e-06	 6.88284468789258678729e-06	 6.85178687293083839500e-06	 9.06511946535530281730e-06	 9.99504862445886327191e-08	 9.34353899867434987457e-08	 9.34317256263838497661e-08	 9.34352569601654385099e-08	 
 1.21999999999999997335e+00	 3.46093227059384861629e-08	 3.41789205810251077539e-08	 3.45968851509308306305e-08	 8.35647152146606705015e-06	 8.38943332311631324698e-06	 7.13512085769769790962e-06	 6.86259051544014685913e-06	 6.33715419884091159838e-06	 6.29770051048306142322e-06	 8.37230465712682765211e-06	 9.09920574746345084136e-08	 8.46724216754675990134e-08	 8.46690473112154959509e-08	 8.46723012007009748483e-08	 
 1.24000000000000021316e+00	 3.13240595324487938173e-08	 3.09281596857405745730e-08	 3.13150708867946609923e-08	 7.70548419260681059372e-06	 7.73835289742270757563e-06	 6.51478794796286669113e-06	 6.27928493978732036636e-06	 5.82569950907313768824e-06	 5.78010463452954849893e-06	 7.72363636488537329131e-06	 8.27320403287586749200e-08	 7.65958181461804642844e-08	 7.65927155098337249406e-08	 7.65957102773509329824e-08	 
 1.25999999999999978684e+00	 2.82950630310496303173e-08	 2.79325638285799563576e-08	 2.82889747774764158455e-08	 7.09646951173286623691e-06	 7.12911349476520458062e-06	 5.94013845394018257494e-06	 5.73868245249942087664e-06	 5.34678810403761867897e-06	 5.29697910798812998006e-06	 7.11655244222563585242e-06	 7.51235470874482003702e-08	 6.91550529750661093815e-08	 6.91522027368309045129e-08	 6.91549569423755833340e-08	 
 1.28000000000000002665e+00	 2.55091153378294863702e-08	 2.51783756130670311844e-08	 2.55052391450541763254e-08	 6.52767307213554383267e-06	 6.55997777867536768673e-06	 5.40926783670864876264e-06	 5.23835875119607762463e-06	 4.89932151611548230812e-06	 4.84695564606416419618e-06	 6.54929464154517545593e-06	 6.81318258832465882558e-08	 6.23156190601275945499e-08	 6.23130014099740716762e-08	 6.23155321831384592861e-08	 
 1.30000000000000026645e+00	 2.29582450475714033813e-08	 2.26562417270125462060e-08	 2.29557294691428365809e-08	 5.99774078755674715360e-06	 6.02966994506083028566e-06	 4.92074867472950915867e-06	 4.77627663393747547906e-06	 4.48264204071508057188e-06	 4.42909714616648527742e-06	 6.02058502149053899972e-06	 6.17275498486944027952e-08	 5.60541413996763827348e-08	 5.60517367274042075152e-08	 5.60540573324575087124e-08	 
 1.32000000000000006217e+00	 2.06235618932908084198e-08	 2.03465397859482022058e-08	 2.06214740786861434430e-08	 5.50394886899683217124e-06	 5.53553462131202734793e-06	 4.47153948316259184617e-06	 4.34922646312495067024e-06	 4.09469064164325056759e-06	 4.04112865352760307190e-06	 5.52777563142972612259e-06	 5.58617761252063941920e-08	 5.03216048398137632524e-08	 5.03193942772657155266e-08	 5.03215149290279164839e-08	 
 1.34000000000000007994e+00	 1.84918371788256739812e-08	 1.82361621368852167066e-08	 1.84895211272002396442e-08	 5.04451313208330350403e-06	 5.07580858812982811521e-06	 4.05964499804816486035e-06	 3.95487959106301184629e-06	 3.73418783945309973898e-06	 3.68157010529621791836e-06	 5.06916002807421358538e-06	 5.05000918203441647580e-08	 4.50852716228951254709e-08	 4.50832389505371148424e-08	 4.50851691025403798767e-08	 
 1.35999999999999987566e+00	 1.65529247321529705314e-08	 1.63161497540832903183e-08	 1.65505064636637096021e-08	 4.61822480498617491724e-06	 4.64924839917893762960e-06	 3.68367482667902093122e-06	 3.59127279720216826679e-06	 3.40042324833329108775e-06	 3.34945894417377940824e-06	 4.64362688200048936987e-06	 4.56148900955244514852e-08	 4.03227853218168580911e-08	 4.03209200296900749696e-08	 4.03226709009460224476e-08	 
 1.37999999999999989342e+00	 1.47876799546553256910e-08	 1.45680595945518569112e-08	 1.47857331371637923836e-08	 4.22250051801388984928e-06	 4.25327537856973876101e-06	 3.34086677978867401155e-06	 3.25533677783656096011e-06	 3.09131579234574535445e-06	 3.04255127136547803607e-06	 4.24868816538518042795e-06	 4.11618925664222081955e-08	 3.59881145701104617094e-08	 3.59864099664535848098e-08	 3.59879928595576348175e-08	 
 1.40000000000000013323e+00	 1.31840634042036536161e-08	 1.29802125943430153886e-08	 1.31830379033034700150e-08	 3.85573757563893285995e-06	 3.88626089131002175716e-06	 3.02916997199470992526e-06	 2.94515366088569472767e-06	 2.80560681320710582313e-06	 2.75943364912922946977e-06	 3.88273319401302824633e-06	 3.71119039068222176252e-08	 3.20520765837488417655e-08	 3.20505271955444430134e-08	 3.20519536060094074369e-08	 
 1.41999999999999992895e+00	 1.17344237683598010769e-08	 1.15450793311563059758e-08	 1.17339636217251702382e-08	 3.51692651528068712247e-06	 3.54712088021534227553e-06	 2.74658817173103862939e-06	 2.65953455176323447961e-06	 2.54259213730010184276e-06	 2.49919623476581671120e-06	 3.54461618376201313666e-06	 3.34428313148328352388e-08	 2.84958076071508414759e-08	 2.84944065735941126458e-08	 2.84956884525274337976e-08	 
 1.44000000000000016875e+00	 1.04222387166817553253e-08	 1.02461901661821026872e-08	 1.04215621068138341110e-08	 3.20367993501519119886e-06	 3.23345303589161317523e-06	 2.49038582256849753093e-06	 2.39589163599519261246e-06	 2.30024322040204767256e-06	 2.25969942985310965250e-06	 3.23191655736381436455e-06	 3.01177854832873003306e-08	 2.52781780916100380362e-08	 2.52769187435315353237e-08	 2.52780672469280155145e-08	 
 1.45999999999999996447e+00	 9.23732313578675889340e-09	 9.07362136169543715475e-09	 9.23566344003638142332e-09	 2.91454545717050799046e-06	 2.94380870927669032315e-06	 2.25855819553146652107e-06	 2.15280565877228138069e-06	 2.07737476655166912080e-06	 2.03967708857254475627e-06	 2.94315289056681034938e-06	 2.71116363111634373566e-08	 2.23744157299228790194e-08	 2.23732904756224343154e-08	 2.23743164858891679636e-08	 
 1.47999999999999998224e+00	 8.17288122212867782210e-09	 8.02117133872033886961e-09	 8.16997586766683694683e-09	 2.64856656457198375566e-06	 2.67725237939407903040e-06	 2.04904353302530769124e-06	 1.92969634742767573446e-06	 1.87331902722234002046e-06	 1.83837809724485002110e-06	 2.67732716160603675240e-06	 2.44020457546624229693e-08	 1.97690685531630272101e-08	 1.97680671938536910139e-08	 1.97689818379707572514e-08	 
 1.50000000000000000000e+00	 7.21419278024463604024e-09	 7.07440747712766300907e-09	 7.20998476720811437388e-09	 2.40348611292270132746e-06	 2.43156627298071484764e-06	 1.85946997519234633515e-06	 1.72428709026463842010e-06	 1.68614462250940828176e-06	 1.65383649943868376034e-06	 2.43220048723563265532e-06	 2.19567915911047403192e-08	 1.74261490139487544630e-08	 1.74252612706824504061e-08	 1.74260747534385333993e-08	 
 1.52000000000000001776e+00	 6.35316723510534939242e-09	 6.22507651933496041616e-09	 6.34763731176379145372e-09	 2.17806997892061945813e-06	 2.20551193033221327739e-06	 1.68804830668948659322e-06	 1.53549243790056282860e-06	 1.51482656517216558713e-06	 1.48499500487885603319e-06	 2.20655566516979302646e-06	 1.97538296692172970897e-08	 1.53251165040096312898e-08	 1.53243316542705774426e-08	 1.53250536883282587078e-08	 
 1.54000000000000003553e+00	 5.58540425456051294130e-09	 5.46809701604242604386e-09	 5.57843939207038343542e-09	 1.97164826424254836643e-06	 1.99836496491726867060e-06	 1.53273342984814212241e-06	 1.36313417980907117681e-06	 1.35888899252968496986e-06	 1.33133371106068129389e-06	 1.99974224655143648096e-06	 1.77715447555072079354e-08	 1.34534063776829915989e-08	 1.34527126214720643202e-08	 1.34533526948813613982e-08	 
 1.56000000000000027534e+00	 4.89875422300005715638e-09	 4.79102049490509560142e-09	 4.89011564510550109844e-09	 1.78223175937434384847e-06	 1.80813557072125359779e-06	 1.39146667827320028468e-06	 1.20508422047729401014e-06	 1.21659793586686659616e-06	 1.19110160339199806975e-06	 1.80981727833140652599e-06	 1.59825489401449330244e-08	 1.17800316402558334929e-08	 1.17794177609922881323e-08	 1.17799843200020595799e-08	 
 1.58000000000000007105e+00	 4.28666171526925809473e-09	 4.18730908084667573420e-09	 4.27622755285059288517e-09	 1.60874554179657929808e-06	 1.63379192561908702615e-06	 1.26277163191065180322e-06	 1.06060350848417343040e-06	 1.08708338306529216532e-06	 1.06340436172220220468e-06	 1.63572585041172728772e-06	 1.43708870750652464452e-08	 1.02887188603043965745e-08	 1.02881747108648456024e-08	 1.02886754742103128864e-08	 
 1.60000000000000008882e+00	 3.74509684230604245091e-09	 3.65327766930308480834e-09	 3.73317176509202151384e-09	 1.45052438142959028700e-06	 1.47476960915220676600e-06	 1.14498322277958706309e-06	 9.30104850102916952914e-07	 9.69944045327226639296e-07	 9.47804118608844700997e-07	 1.47680402508803221851e-06	 1.29232846674589900626e-08	 8.97030609007555671288e-09	 8.96982357934206444156e-09	 8.97026551208314222580e-09	 
 1.61999999999999988454e+00	 3.26359028966156747595e-09	 3.17855159693501918269e-09	 3.25054033117969422646e-09	 1.30570871532804231547e-06	 1.32929185202912354215e-06	 1.03630796481939131688e-06	 8.11685464229785527477e-07	 8.63605366132243826734e-07	 8.42691816744616559589e-07	 1.33122732572802775705e-06	 1.16200646194645639154e-08	 7.79895920858144575541e-09	 7.79853185842842090871e-09	 7.79892079696218130565e-09	 
 1.64000000000000012434e+00	 2.83693349037556531011e-09	 2.75812385939345969793e-09	 2.82316592921806921461e-09	 1.17344617485801711874e-06	 1.19647799722543953047e-06	 9.35736503247522568849e-07	 7.04776390222653538120e-07	 7.67349997365455264885e-07	 7.47356828331640951902e-07	 1.19816764677798872298e-06	 1.04482415404249133047e-08	 6.76222660880300401646e-09	 6.76184880662382598059e-09	 6.76218999839800571095e-09	 
 1.66000000000000014211e+00	 2.46203080649213600533e-09	 2.38932822619860860481e-09	 2.44801210883497876380e-09	 1.05337564188339902647e-06	 1.07581392391271605045e-06	 8.42491866358492415889e-07	 6.09855304412955502904e-07	 6.80887863158759208036e-07	 6.61573451701550683296e-07	 1.07728699630101548732e-06	 9.39319427534317285905e-09	 5.85351187393172204869e-09	 5.85317869084156487177e-09	 5.85347698967459000780e-09	 
 1.67999999999999993783e+00	 2.13023633121483205068e-09	 2.06364022244228536341e-09	 2.11637696477038925146e-09	 9.43898328043751843824e-07	 9.65679877072313829145e-07	 7.54997409691523411145e-07	 5.25102543294795494130e-07	 6.02836265507147974683e-07	 5.83924073184232215333e-07	 9.67036414035078358212e-07	 8.43740517571489357048e-09	 5.05163070639205480317e-09	 5.05133816185824648552e-09	 5.05159748312911315859e-09	 
 1.70000000000000017764e+00	 1.83774532924270339781e-09	 1.77725113159510708055e-09	 1.82433780317504515275e-09	 8.44337668115159489263e-07	 8.65409040769902633280e-07	 6.72851272596838898040e-07	 4.49916286602160932158e-07	 5.32611991191295375432e-07	 5.13892592123274935379e-07	 8.66748393560852062659e-07	 7.57315561040990193068e-09	 4.34709319616540565958e-09	 4.34683745261531045514e-09	 4.34706172070347522473e-09	 
 1.71999999999999997335e+00	 1.58260996784302734094e-09	 1.52809887490085990102e-09	 1.56970629449391114020e-09	 7.54414797295073483539e-07	 7.74757195131821857929e-07	 5.96597761684282937880e-07	 3.84450341332776849223e-07	 4.69973059907359161179e-07	 4.51454586780874851933e-07	 7.76115615160450346852e-07	 6.79580878903975054613e-09	 3.73471128365699457856e-09	 3.73448804316540095011e-09	 3.73468201583377505383e-09	 
 1.73999999999999999112e+00	 1.35787646877148796062e-09	 1.30923982664015322503e-09	 1.34539128958431113797e-09	 6.72697654088194865529e-07	 6.92347666808090004851e-07	 5.24866381658059435498e-07	 3.26978132663457171291e-07	 4.13713074334171488612e-07	 3.95392197441163264627e-07	 6.93748995018860123905e-07	 6.09377862372204896524e-09	 3.19724527696516569648e-09	 3.19705073740360395411e-09	 3.19721876957605458032e-09	 
 1.76000000000000023093e+00	 1.16100574845965341650e-09	 1.11798253640707839520e-09	 1.14886422632271660394e-09	 5.98699084665078881647e-07	 6.17666067834987157705e-07	 4.57796174524023736703e-07	 2.76872088719435607166e-07	 3.63379585726441335206e-07	 3.45294852102198457573e-07	 6.19130370908857860279e-07	 5.46136853011919631073e-09	 2.72798774134388732575e-09	 2.72781846927891130223e-09	 2.72796438701407948024e-09	 
 1.78000000000000002665e+00	 9.91180495239086336551e-10	 9.53112942860280435890e-10	 9.79447563720321992927e-10	 5.32350402389760888649e-07	 5.50529180418813359952e-07	 3.97055527999766232566e-07	 2.33966781563685093352e-07	 3.18802748871915795825e-07	 3.01122004982381720968e-07	 5.52071580056622253653e-07	 4.89314414108883620000e-09	 2.32385495549652740651e-09	 2.32370803184097745714e-09	 2.32383465819004021278e-09	 
 1.80000000000000004441e+00	 8.42987667029324928270e-10	 8.09164984164853330493e-10	 8.31692442765521174045e-10	 4.72453922131784785509e-07	 4.89728883250927372788e-07	 3.41418420102369260610e-07	 1.96751067842668812708e-07	 2.78960324887905743155e-07	 2.61813613574711765472e-07	 4.91380188225293496229e-07	 4.37891665886821552601e-09	 1.97131700934657352492e-09	 1.97119021408828640918e-09	 1.97129961748967389951e-09	 
 1.81999999999999984013e+00	 7.14455579726483413511e-10	 6.84301577211145274041e-10	 7.03734619330825063393e-10	 4.18587335149863539852e-07	 4.34878698388423556791e-07	 2.90959870294226381353e-07	 1.64712417683822063077e-07	 2.43509201796524532881e-07	 2.27022508614470677370e-07	 4.36643838568264739708e-07	 3.91432486153456098932e-09	 1.66580598747873341656e-09	 1.66569717951314216844e-09	 1.66579116379872738226e-09	 
 1.84000000000000007994e+00	 6.04497157011294905824e-10	 5.77810537038154105702e-10	 5.94778009703990950798e-10	 3.70547152349862496866e-07	 3.85874865126586657926e-07	 2.46925316924901219472e-07	 1.37650389354788643812e-07	 2.12318229299258241709e-07	 1.96637315262627667648e-07	 3.87679692921242174487e-07	 3.49551600860577896257e-09	 1.40549980697342114057e-09	 1.40540654375160043289e-09	 1.40548678333683583798e-09	 
 1.86000000000000009770e+00	 5.08691657616114877847e-10	 4.85425924154071433440e-10	 5.00503631090918276835e-10	 3.27252876406983263093e-07	 3.41687082766018574306e-07	 2.07955869672878143276e-07	 1.14365170380950394537e-07	 1.84523163527218055293e-07	 1.69754877672081075501e-07	 3.43438573357813473165e-07	 3.11341233605951917002e-09	 1.17987993561763641092e-09	 1.17980018984220125503e-09	 1.17986782639194987000e-09	 
 1.87999999999999989342e+00	 4.25939065773515410401e-10	 4.05949731357626171804e-10	 4.19589664427857474138e-10	 2.88426929682227890483e-07	 3.02027173492955679539e-07	 1.73830373145960338874e-07	 9.45222309807243443288e-08	 1.59895026179838387602e-07	 1.46119186314398168302e-07	 3.03649122492712752992e-07	 2.76624404778415002474e-09	 9.85969878454471487568e-10	 9.85901832778153462680e-10	 9.85958208428821570282e-10	 
 1.89999999999999991118e+00	 3.56250114305387675119e-10	 3.39039583332470019985e-10	 3.51384726037747851120e-10	 2.54049691355666241973e-07	 2.66814120319973638869e-07	 1.44931631551240811833e-07	 7.80325888874298103579e-08	 1.38402267298095180043e-07	 1.25649339658670158705e-07	 2.68290862106498808131e-07	 2.45549585638622265896e-09	 8.22861857969717760109e-10	 8.22803965243863881690e-10	 8.22851288456174573330e-10	 
 1.92000000000000015099e+00	 2.96362676321184995586e-10	 2.81437321490119102470e-10	 2.92596659882089501403e-10	 2.23245624948743100490e-07	 2.35175950488805500183e-07	 1.19919458232124532329e-07	 6.40066728973407486315e-08	 1.19337016769708060864e-07	 1.07610172360986923857e-07	 2.36499082990480371073e-07	 2.17428256747738009885e-09	 6.82548668821264272283e-10	 6.82499835889823165510e-10	 6.82540136217933996637e-10	 
 1.93999999999999994671e+00	 2.45407570791399895892e-10	 2.32371660425439587603e-10	 2.42449970255785437795e-10	 1.95807001115008947049e-07	 2.06901650829717247610e-07	 9.85236789836561580601e-08	 5.22171106721195242849e-08	 1.02550560229070989674e-07	 9.18384747838679968149e-08	 2.08068465837792241378e-07	 1.92112467902306355161e-09	 5.63128334656318372018e-10	 5.63087545521516375695e-10	 5.63122429435468447827e-10	 
 1.95999999999999996447e+00	 2.02929885864245278997e-10	 1.91646051542247478052e-10	 2.00740808742772541359e-10	 1.71673632100264846096e-07	 1.81923142453999673485e-07	 8.08128310624149523094e-08	 4.25646869381058008453e-08	 8.80520204051938999635e-08	 7.83164411115068942321e-08	 1.82945366157684903065e-07	 1.69615192272688055938e-09	 4.64097573323875169486e-10	 4.64063742345129891739e-10	 4.64093768179575018058e-10	 
 1.97999999999999998224e+00	 1.66375335519031200035e-10	 1.56807867860210725088e-10	 1.65050009878172949868e-10	 1.50113287327824538833e-07	 1.59499824305147022939e-07	 6.56896881766611299161e-08	 3.44019184759134747529e-08	 7.52668276973250381127e-08	 6.64623938487039838131e-08	 1.60385460792954596164e-07	 1.49308976323140176979e-09	 3.79454210757640009592e-10	 3.79426663409552315556e-10	 3.79452054686233872045e-10	 
 2.00000000000000000000e+00	 1.35376526017805372713e-10	 1.27418016146092093177e-10	 1.34926838311272991948e-10	 1.30975033526513940089e-07	 1.39505179089265141180e-07	 5.29657138240085573229e-08	 2.76054111382740357658e-08	 6.40921195511339752891e-08	 5.61750619286803337333e-08	 1.40263270033515919224e-07	 1.31086538644530234769e-09	 3.08115693877589651643e-10	 3.08093692265049197110e-10	 3.08114746884675580667e-10	 
 2.02000000000000001776e+00	 1.10176309074690308671e-10	 1.03473177163703344970e-10	 1.10305115263049027113e-10	 1.14198218190505013443e-07	 1.21955650441645160379e-07	 4.26686906477818105739e-08	 2.21521324644158543738e-08	 5.45270904219016629463e-08	 4.74583119830575947629e-08	 1.22601205015370898074e-07	 1.14974081438805034912e-09	 2.50049464965441453784e-10	 2.50031873386692929511e-10	 2.50049262498585161870e-10	 
 2.04000000000000003553e+00	 8.89691202619360080348e-11	 8.31809743270607233992e-11	 8.94429489729902714895e-11	 9.91532886517969089934e-08	 1.06235418754201410803e-07	 3.39794375395187604543e-08	 1.75933652591439379544e-08	 4.60993372570460110152e-08	 3.98576821300268000370e-08	 1.06778055905246867444e-07	 1.00407127860863355313e-09	 2.00885974281171982867e-10	 2.00871970147619052767e-10	 2.00886168644290205375e-10	 
 2.06000000000000005329e+00	 7.14397595536999912641e-11	 6.62970076910289236716e-11	 7.20367420059529060628e-11	 8.57808454544917927282e-08	 9.22687267335837126633e-08	 2.67880181931947790470e-08	 1.38596998236833703820e-08	 3.87593078322716694455e-08	 3.33124357765924470600e-08	 9.27180029859629115460e-08	 8.73611040567195394742e-10	 1.60020680577881674112e-10	 1.60009535971869463573e-10	 1.60020998820496580907e-10	 
 2.08000000000000007105e+00	 5.74111926392455281611e-11	 5.28589254379663418639e-11	 5.79286986641014169917e-11	 7.41778300739304348666e-08	 8.00957783268029598345e-08	 2.11207629405202561107e-08	 1.09353503608134988741e-08	 3.25629794237624854886e-08	 2.78326463959025160962e-08	 8.04641153577658640312e-08	 7.60135043544457193466e-10	 1.27518384513808653355e-10	 1.27509516533753502030e-10	 1.27518733349043104035e-10	 
 2.10000000000000053291e+00	 4.56192036181455757332e-11	 4.15971276074743069913e-11	 4.58132443429914619115e-11	 6.38296326020447459663e-08	 6.91925143933711800249e-08	 1.63967987151983699488e-08	 8.52232319072535047802e-09	 2.71297424012592197089e-08	 2.30645836717866491136e-08	 6.94860300231538116511e-08	 6.59268508696074172100e-10	 1.00295193361344909329e-10	 1.00288250923713399161e-10	 1.00295507461091905526e-10	 
 2.12000000000000010658e+00	 3.59195787946303049734e-11	 3.23834224741277392290e-11	 3.56564130346928144282e-11	 5.46988917641692565238e-08	 5.95230415986493229708e-08	 1.25603371006814011752e-08	 6.58289111468816604619e-09	 2.24380865136218696345e-08	 1.89820392378650793701e-08	 5.97513479066937707189e-08	 5.70665420186607420581e-10	 7.80379686781728392307e-11	 7.80326102595682764188e-11	 7.80381918723842935262e-11	 
 2.14000000000000012434e+00	 2.82938037796544930230e-11	 2.52546052986557758452e-11	 2.78124975162636627614e-11	 4.68504473190706536061e-08	 5.11646970449428084232e-08	 9.64044768833051748523e-09	 5.10089378729762811133e-09	 1.85537972631250180128e-08	 1.56236074929846651084e-08	 5.13499186851274700564e-08	 4.94596621481965583470e-10	 6.08301308612885478637e-11	 6.08259675422726646793e-11	 6.08302362189836259635e-11	 
 2.15999999999999969802e+00	 2.18638404184249276156e-11	 1.93497501069763096945e-11	 2.13526459921034220761e-11	 3.98427545306530281531e-08	 4.36571886581159386795e-08	 7.24622977892519455840e-09	 3.88975415621699912851e-09	 1.51735757404809415070e-08	 1.27173851397291929846e-08	 4.38247915755591522545e-08	 4.27866258457777715954e-10	 4.65875330181734117256e-11	 4.65843172771885785410e-11	 4.65874525013434160346e-11	 
 2.18000000000000015987e+00	 1.66062829420947280702e-11	 1.46124091746009764959e-11	 1.61951455929911746708e-11	 3.36671498849215490628e-08	 3.70027924294133619023e-08	 5.35103142352754811363e-09	 2.93280758343463081867e-09	 1.22905330028562503915e-08	 1.02545866601132371581e-08	 3.71713967190607508333e-08	 3.70012009397715327505e-10	 3.51706617984748345857e-11	 3.51681730119963404125e-11	 3.51703699134914095510e-11	 
 2.20000000000000017764e+00	 1.26792646612180640241e-11	 1.10844884463177635699e-11	 1.23176767487915042897e-11	 2.84229214616359543888e-08	 3.13466262354642894653e-08	 3.97324950777179814218e-09	 2.22367547968818356017e-09	 9.96280060921962663765e-09	 8.27733220630514975979e-09	 3.15083275375330259608e-08	 3.20099371093038215789e-10	 2.66713289938981033312e-11	 2.66694003122421918914e-11	 2.66709586784124287303e-11	 
 2.21999999999999975131e+00	 9.49697184050925714137e-12	 8.21416683915219645737e-12	 9.11730093778659997929e-12	 2.37170410334787718213e-08	 2.62877528704806726841e-08	 2.86840529102865733671e-09	 1.65147385721800746493e-09	 7.95547297349653197530e-09	 6.58025096876909266978e-09	 2.64334865259721911787e-08	 2.75492341188718695235e-10	 1.97575836973928002446e-11	 1.97561248206832767833e-11	 1.97572163634348789029e-11	 
 2.24000000000000021316e+00	 7.01985216893378036889e-12	 5.97630383399922229107e-12	 6.58634616839354666021e-12	 1.95703359876679716633e-08	 2.18405734071218793216e-08	 2.02421157818853938156e-09	 1.20929559111098230160e-09	 6.26993882788477170638e-09	 5.16328217921177604977e-09	 2.19631844545468459920e-08	 2.36109119918137174374e-10	 1.43687061849368947336e-11	 1.43676276379383351337e-11	 1.43684041959760547503e-11	 
 2.25999999999999978684e+00	 5.21758978805156635860e-12	 4.38754782344649359549e-12	 4.81466473435674993509e-12	 1.61484612583768207071e-08	 1.81454571409424689049e-08	 1.44622974927041842984e-09	 8.93437425208393239464e-10	 4.95507915388928738649e-09	 4.06403961455593553316e-09	 1.82468192890580861350e-08	 2.02179945822012782868e-10	 1.05448964353845514132e-11	 1.05440968785870918375e-11	 1.05446628979306090636e-11	 
 2.27999999999999980460e+00	 3.74192241500257764306e-12	 3.12389802595127882652e-12	 3.43226666357555004005e-12	 1.31084155415194928300e-08	 1.48541023033151477099e-08	 9.98188120699825759262e-10	 6.41929868328459386481e-10	 3.83739355586403351167e-09	 3.13394815849844466741e-09	 1.49323428320291225815e-08	 1.71196497993778227203e-10	 7.50475315426878884704e-12	 7.50418593956991591712e-12	 7.50460379969454894142e-12	 
 2.30000000000000026645e+00	 2.59704105726132282337e-12	 2.17470096655076703626e-12	 2.41753876550331742079e-12	 1.04757789349856383858e-08	 1.19915859351003913279e-08	 6.73316754834534126746e-10	 4.52503035070105019407e-10	 2.92080127650430577986e-09	 2.37547991103652509778e-09	 1.20466287601620546638e-08	 1.43398389989095825702e-10	 5.22232955026952493402e-12	 5.22194592209056309329e-12	 5.22226788665979221544e-12	 
 2.32000000000000028422e+00	 1.84278538682963335329e-12	 1.53939358295152891175e-12	 1.73181512582992912900e-12	 8.39786903542752831674e-09	 9.70470109291293378894e-09	 4.64260734852821277770e-10	 3.23883498449572882889e-10	 2.23902075318202176830e-09	 1.81392254465326092386e-09	 9.74461385927187979583e-09	 1.20208233065419722968e-10	 3.69540628424181450903e-12	 3.69514201423015235085e-12	 3.69538581180008976280e-12	 
 2.33999999999999985789e+00	 1.28133739396278189389e-12	 1.05019100045403810838e-12	 1.20669679749479937147e-12	 6.60186506113692251778e-09	 7.71213298454547281737e-09	 3.08275423740310720193e-10	 2.24067405683722268046e-10	 1.67528510173306125785e-09	 1.35084080215150763739e-09	 7.74327863116069576260e-09	 9.94136885294097368142e-11	 2.52003337043818257500e-12	 2.51986053525084465561e-12	 2.52003305843192561367e-12	 
 2.36000000000000031974e+00	 8.95557827491715017550e-13	 7.00017681270085639976e-13	 8.28785197591130302297e-13	 5.08941321854037030352e-09	 6.01775764595601343881e-09	 2.01671123199738160680e-10	 1.51756952773508636067e-10	 1.22782643948007784986e-09	 9.84987916166946336011e-10	 6.04441193149164521480e-09	 8.12857387152282240223e-11	 1.67910307849719093048e-12	 1.67899530510449251111e-12	 1.67910571035390458907e-12	 
 2.38000000000000033751e+00	 6.25455490527345598017e-13	 4.71449267730878909212e-13	 5.55647385430506558968e-13	 3.88899957462933827953e-09	 4.66137882183781168937e-09	 1.34282879198721367974e-10	 1.03657008845393215624e-10	 8.95321394234938248403e-10	 7.16129930949002485121e-10	 4.67889729519580821933e-09	 6.70616959895491115651e-11	 1.13043784252295707332e-12	 1.13037181138856268282e-12	 1.13044023365134198181e-12	 
 2.39999999999999991118e+00	 4.33010036048172070940e-13	 3.02707057132947344893e-13	 3.53947936365504263022e-13	 2.89654034375418678937e-09	 3.52385646360089072595e-09	 8.55088856733816480914e-11	 6.79420598865039054387e-11	 6.31663326875953495299e-10	 5.03158170439563843045e-10	 3.53511354727142532634e-09	 5.47897210524320769178e-11	 7.25534325820908713373e-13	 7.25496112921228061076e-13	 7.25536887952900749070e-13	 
 2.41999999999999948486e+00	 3.16728825979551010042e-13	 1.91337088874565167028e-13	 2.22911783029143192275e-13	 2.11796210439520747775e-09	 2.61193715118213280908e-09	 5.43103617052375620324e-11	 4.41498603038495798501e-11	 4.37422682021628611980e-10	 3.46418042203303544564e-10	 2.61940495337361042439e-09	 4.43810062925575284862e-11	 4.58483236098112061343e-13	 4.58460088183991627081e-13	 4.58486219607621845092e-13	 
 2.44000000000000039080e+00	 2.52900366535757380391e-13	 1.22953624909190036888e-13	 1.43259450696132512625e-13	 1.54069886149597759587e-09	 1.92016465165940201071e-09	 3.55470081420674245149e-11	 2.92398022316036465165e-11	 3.04132066575166291423e-10	 2.39503137303556513238e-10	 1.92203438067381998304e-09	 3.55313267333486579388e-11	 2.94667784133317281581e-13	 2.94654244198684531998e-13	 2.94669346174062802071e-13	 
 2.45999999999999996447e+00	 1.82055007492370000535e-13	 7.37599212742921253799e-14	 8.61920748279064675615e-14	 1.08075196427015350405e-09	 1.36196151195667239689e-09	 2.21583417830993301693e-11	 1.84550881138885191844e-11	 2.02529143666361838471e-10	 1.58350297795339520871e-10	 1.36188550648868943141e-09	 2.77022960624282668786e-11	 1.76830271922111349036e-13	 1.76823648392846139588e-13	 1.76830924836204550259e-13	 
 2.47999999999999953815e+00	 1.07924324666444296224e-13	 4.29112997678273269752e-14	 5.06266375671078772086e-14	 7.41169275594332281213e-10	 9.42213731971043875540e-10	 1.38698309159107599075e-11	 1.16377635845264310326e-11	 1.32631499880283725199e-10	 1.02965409702264966546e-10	 9.43547954674270960643e-10	 2.08445148873377562767e-11	 1.02926983054983507490e-13	 1.02924569328518646339e-13	 1.02927302042733885392e-13	 
 2.50000000000000044409e+00	 6.72148870650005187182e-14	 2.47024564031124547723e-14	 2.97262478816537839664e-14	 5.09917159672260078500e-10	 6.52014491646905070445e-10	 9.04477243274832017671e-12	 7.57708111627874773675e-12	 8.86492991710438397356e-11	 6.85846996529336228693e-11	 6.53873492790600371621e-10	 1.47005156715483008919e-11	 5.92700209701086076773e-14	 5.92693237196159554694e-14	 5.92701147214738455458e-14	 
 2.52000000000000001776e+00	 3.81271621517851532602e-14	 1.16623750768484368770e-14	 1.47913145414823478448e-14	 3.35486354153113921560e-10	 4.31919566346169827230e-10	 5.64295681239948523358e-12	 4.70555776147824202694e-12	 5.63767713125313894988e-11	 4.35624932238414268694e-11	 4.33296180002689872638e-10	 9.87507990797870540579e-12	 2.79995719154033946417e-14	 2.79996286356904919339e-14	 2.79995642888261987966e-14	 
 2.54000000000000003553e+00	 2.06797243162789201505e-14	 3.90112310252735415354e-15	 5.88473510790814000984e-15	 2.18014168577224138591e-10	 2.82368156283859459155e-10	 3.58776182286079895080e-12	 2.97044319966177344322e-12	 3.56147135780031226930e-11	 2.76736724958346966720e-11	 2.82486994850116193515e-10	 6.46894600177103683752e-12	 9.38042024198594494602e-15	 9.38041555299478055905e-15	 9.38042087246875768330e-15	 
 2.56000000000000049738e+00	 1.20138408294902130743e-14	 1.12639450340122045983e-15	 2.41354880942592398863e-15	 1.42428208196687541497e-10	 1.85043305623151838756e-10	 2.32496194283055556104e-12	 1.92210247136720276024e-12	 2.29961150564970573373e-11	 1.79683941401770257637e-11	 1.85036866019398938198e-10	 4.20745577470345566098e-12	 2.70894282619991865273e-15	 2.70894321860016751503e-15	 2.70894277343736958128e-15	 
 2.58000000000000007105e+00	 5.02643694614761930781e-15	 0.00000000000000000000e+00	 5.10234069152862061339e-16	 6.73199934777427210714e-11	 8.77079076128311810865e-11	 1.09202953773996545750e-12	 9.01785865149241773497e-13	 1.07582188102046051994e-11	 8.45340171117292692706e-12	 8.76720008857644487951e-11	 1.97813099763527030739e-12	 0.00000000000000000000e+00	 0.00000000000000000000e+00	 0.00000000000000000000e+00	 
 2.60000000000000008882e+00	 1.10309789519173020455e-16	 8.10348717380236027561e-18	 2.01866927574717429580e-17	 1.33830839508205771210e-12	 1.73970589112197279415e-12	 2.18189995154797787335e-14	 1.80342589756037948214e-14	 2.15640959326917957452e-13	 1.68681509541347497515e-13	 1.73951546336768141229e-12	 3.94930833735549884317e-14	 1.94886292169277472872e-17	 1.94886320286678919214e-17	 1.94886288388533672038e-17	 
 2.62000000000000055067e+00	 0.00000000000000000000e+00	 0.00000000000000000000e+00	 0.00000000000000000000e+00	 0.00000000000000000000e+00	 0.00000000000000000000e+00	 0.00000000000000000000e+00	 0.00000000000000000000e+00	 0.00000000000000000000e+00	 0.00000000000000000000e+00	 0.00000000000000000000e+00	 0.00000000000000000000e+00	 0.00000000000000000000e+00	 0.00000000000000000000e+00	 0.00000000000000000000e+00	 
 2.64000000000000012434e+00	 8.07750911725124248556e-19	 5.89290030879784788928e-20	 1.47457486705394216518e-19	 9.80543838752286368610e-15	 1.27465470013450829485e-14	 1.59857301267216140873e-16	 1.32127602242056759504e-16	 1.57986687896101609369e-15	 1.23585771200086950935e-15	 1.27451282382105850068e-14	 2.89348140033833699661e-16	 1.41722389806910419980e-19	 1.41722410166051471640e-19	 1.41722387069327802446e-19	 
 2.66000000000000014211e+00	 0.00000000000000000000e+00	 0.00000000000000000000e+00	 0.00000000000000000000e+00	 0.00000000000000000000e+00	 0.00000000000000000000e+00	 0.00000000000000000000e+00	 0.00000000000000000000e+00	 0.00000000000000000000e+00	 0.00000000000000000000e+00	 0.00000000000000000000e+00	 0.00000000000000000000e+00	 0.00000000000000000000e+00	 0.00000000000000000000e+00	 0.00000000000000000000e+00	 
 2.67999999999999971578e+00	 5.85847426682809336781e-21	 4.24211469940335693709e-22	 1.06667002206284315320e-21	 7.11606302804641530884e-17	 9.25063743990688221078e-17	 1.16008847559065576672e-18	 9.58847682026417906343e-19	 1.14648957616933112934e-17	 8.96872493470090536804e-18	 9.24958947814640562574e-17	 2.09981718343552031081e-18	 1.02021524676430536586e-21	 1.02021539266348113930e-21	 1.02021522714578218347e-21	 
 2.70000000000000017764e+00	 0.00000000000000000000e+00	 0.00000000000000000000e+00	 0.00000000000000000000e+00	 0.00000000000000000000e+00	 0.00000000000000000000e+00	 0.00000000000000000000e+00	 0.00000000000000000000e+00	 0.00000000000000000000e+00	 0.00000000000000000000e+00	 0.00000000000000000000e+00	 0.00000000000000000000e+00	 0.00000000000000000000e+00	 0.00000000000000000000e+00	 0.00000000000000000000e+00	 
 2.72000000000000019540e+00	 4.13340123903025939948e-23	 2.96956752203374990377e-24	 7.50515336469114180388e-24	 5.02387893205584428176e-19	 6.53096905310653027946e-19	 8.18984717407027449525e-21	 6.76911108396137734426e-21	 8.09366868058782630634e-20	 6.33168253352421717333e-20	 6.53021576204940576419e-19	 1.48241024929793046164e-20	 7.14171700458648837332e-24	 7.14171802125436961085e-24	 7.14171686787720066930e-24	 
 2.73999999999999976907e+00	 0.00000000000000000000e+00	 0.00000000000000000000e+00	 0.00000000000000000000e+00	 0.00000000000000000000e+00	 0.00000000000000000000e+00	 0.00000000000000000000e+00	 0.00000000000000000000e+00	 0.00000000000000000000e+00	 0.00000000000000000000e+00	 0.00000000000000000000e+00	 0.00000000000000000000e+00	 0.00000000000000000000e+00	 0.00000000000000000000e+00	 0.00000000000000000000e+00	 
 2.76000000000000023093e+00	 2.79319904646528796177e-25	 1.99081081350429391655e-26	 5.05767249225738403207e-26	 3.39712173686458147953e-21	 4.41627576620785890985e-21	 5.53774544680219608315e-23	 4.57705525639377317892e-23	 5.47259366663079731112e-22	 4.28134358098360166266e-22	 4.41575727695690085313e-21	 1.00236950654796953780e-22	 4.78783804862027771299e-26	 4.78783872715046169075e-26	 4.78783795737860709232e-26	 
 2.77999999999999980460e+00	 0.00000000000000000000e+00	 0.00000000000000000000e+00	 0.00000000000000000000e+00	 0.00000000000000000000e+00	 0.00000000000000000000e+00	 0.00000000000000000000e+00	 0.00000000000000000000e+00	 0.00000000000000000000e+00	 0.00000000000000000000e+00	 0.00000000000000000000e+00	 0.00000000000000000000e+00	 0.00000000000000000000e+00	 0.00000000000000000000e+00	 0.00000000000000000000e+00	 
 2.79999999999999982236e+00	 1.78381120765773526296e-27	 1.26150333220954153600e-28	 3.22125097068418779260e-28	 2.17084040802980302013e-23	 2.82214545163942731049e-23	 3.53863236671494535126e-25	 2.92473157475190952153e-25	 3.49692665205769579082e-24	 2.73581163053210701977e-24	 2.82180846992759549438e-23	 6.40519688848217271958e-25	 3.03387643946328519244e-28	 3.03387686758850589713e-28	 3.03387638189284175791e-28	 
 2.82000000000000028422e+00	 0.00000000000000000000e+00	 0.00000000000000000000e+00	 0.00000000000000000000e+00	 0.00000000000000000000e+00	 0.00000000000000000000e+00	 0.00000000000000000000e+00	 0.00000000000000000000e+00	 0.00000000000000000000e+00	 0.00000000000000000000e+00	 0.00000000000000000000e+00	 0.00000000000000000000e+00	 0.00000000000000000000e+00	 0.00000000000000000000e+00	 0.00000000000000000000e+00	 
 2.83999999999999985789e+00	 1.06421520369078989646e-29	 7.47040748408908236026e-31	 1.91687717765815109523e-30	 1.29587496698814433735e-25	 1.68469254727496284396e-25	 2.11230745107123468173e-27	 1.74584325118840305264e-27	 2.08737073433386725804e-26	 1.63309453088922402967e-26	 1.68448820463079685006e-25	 3.82345713799303475464e-27	 1.79660996162696470851e-30	 1.79661021414749589724e-30	 1.79660992766993205910e-30	 
 2.85999999999999987566e+00	 0.00000000000000000000e+00	 0.00000000000000000000e+00	 0.00000000000000000000e+00	 0.00000000000000000000e+00	 0.00000000000000000000e+00	 0.00000000000000000000e+00	 0.00000000000000000000e+00	 0.00000000000000000000e+00	 0.00000000000000000000e+00	 0.00000000000000000000e+00	 0.00000000000000000000e+00	 0.00000000000000000000e+00	 0.00000000000000000000e+00	 0.00000000000000000000e+00	 
 2.87999999999999989342e+00	 5.87233718516139417007e-32	 4.09384109501533116312e-33	 1.05523449702560547015e-32	 7.15450002670605270954e-28	 9.30127368272562642004e-28	 1.16616732395228119569e-29	 9.63843957015576967384e-30	 1.15237914441757597620e-28	 9.01609000025087542815e-29	 9.30012933261478073038e-28	 2.11087179570590162018e-29	 9.84556208100178322006e-33	 9.84556345980218995799e-33	 9.84556189558959271791e-33	 
 2.90000000000000035527e+00	 0.00000000000000000000e+00	 0.00000000000000000000e+00	 0.00000000000000000000e+00	 0.00000000000000000000e+00	 0.00000000000000000000e+00	 0.00000000000000000000e+00	 0.00000000000000000000e+00	 0.00000000000000000000e+00	 0.00000000000000000000e+00	 0.00000000000000000000e+00	 0.00000000000000000000e+00	 0.00000000000000000000e+00	 0.00000000000000000000e+00	 0.00000000000000000000e+00	 
 2.91999999999999992895e+00	 2.97128866645662627092e-34	 2.05843220859643860529e-35	 5.32784341036435865640e-35	 3.62180793090111712991e-30	 4.70861946244245989248e-30	 5.90331198529539740570e-32	 4.87909816809439329966e-32	 5.83341778540127940459e-31	 4.56410869507251924741e-31	 4.70803275816639103315e-30	 1.06855882817673683214e-31	 4.95046645547333187210e-35	 4.95046714647848379369e-35	 4.95046636255068858275e-35	 
 2.93999999999999994671e+00	 0.00000000000000000000e+00	 0.00000000000000000000e+00	 0.00000000000000000000e+00	 0.00000000000000000000e+00	 0.00000000000000000000e+00	 0.00000000000000000000e+00	 0.00000000000000000000e+00	 0.00000000000000000000e+00	 0.00000000000000000000e+00	 0.00000000000000000000e+00	 0.00000000000000000000e+00	 0.00000000000000000000e+00	 0.00000000000000000000e+00	 0.00000000000000000000e+00	 
 2.96000000000000040856e+00	 1.36828280353743886089e-36	 9.42580781465505369906e-38	 2.44877960557779177808e-37	 1.66857508560738234392e-32	 2.16929407185593310504e-32	 2.71960629805998933657e-34	 2.24775017370934428391e-34	 2.68736704049198639660e-33	 2.10265898162387108362e-33	 2.16902073637614154016e-32	 4.92277815821283414120e-34	 2.26687801858133876230e-37	 2.26687833407640034454e-37	 2.26687797615497259926e-37	 
 2.97999999999999998224e+00	 0.00000000000000000000e+00	 0.00000000000000000000e+00	 0.00000000000000000000e+00	 0.00000000000000000000e+00	 0.00000000000000000000e+00	 0.00000000000000000000e+00	 0.00000000000000000000e+00	 0.00000000000000000000e+00	 0.00000000000000000000e+00	 0.00000000000000000000e+00	 0.00000000000000000000e+00	 0.00000000000000000000e+00	 0.00000000000000000000e+00	 0.00000000000000000000e+00	 
 3.00000000000000000000e+00	 5.69724554104599518944e-39	 3.90511151773330279718e-40	 1.01789277843572320227e-39	 6.95027415556123360135e-35	 9.03604902219039646517e-35	 1.13280031982831992341e-36	 9.36254159169134664486e-37	 1.11935712094126990468e-35	 8.75827198808866677357e-36	 9.03489930262993918055e-35	 2.05049604584066183175e-36	 9.39167437279055559227e-40	 9.39167567650999178138e-40	 9.39167419747113355454e-40	 
 3.02000000000000046185e+00	 0.00000000000000000000e+00	 0.00000000000000000000e+00	 0.00000000000000000000e+00	 0.00000000000000000000e+00	 0.00000000000000000000e+00	 0.00000000000000000000e+00	 0.00000000000000000000e+00	 0.00000000000000000000e+00	 0.00000000000000000000e+00	 0.00000000000000000000e+00	 0.00000000000000000000e+00	 0.00000000000000000000e+00	 0.00000000000000000000e+00	 0.00000000000000000000e+00	 
 3.04000000000000003553e+00	 2.13267410476453282275e-41	 1.45538630823191017003e-42	 3.80465082327341420945e-42	 2.60260295178297175424e-37	 3.38367027233591881829e-37	 4.24181367339627415880e-39	 3.50582779051581825606e-39	 4.19142738976764142660e-38	 3.27958305066771859993e-38	 3.38323608491713021812e-37	 7.67818090208060553601e-39	 3.50015989283973258705e-42	 3.50016037761677273686e-42	 3.50015982764834375021e-42	 
 3.06000000000000005329e+00	 0.00000000000000000000e+00	 0.00000000000000000000e+00	 0.00000000000000000000e+00	 0.00000000000000000000e+00	 0.00000000000000000000e+00	 0.00000000000000000000e+00	 0.00000000000000000000e+00	 0.00000000000000000000e+00	 0.00000000000000000000e+00	 0.00000000000000000000e+00	 0.00000000000000000000e+00	 0.00000000000000000000e+00	 0.00000000000000000000e+00	 0.00000000000000000000e+00	 
 3.08000000000000007105e+00	 7.14110639614600877966e-44	 4.85448153370284603827e-45	 1.27230450332981543756e-44	 8.71719094214910503884e-40	 1.13333866399957103829e-39	 1.42073627295907623405e-41	 1.17422476493418226732e-41	 1.40384616402813495152e-40	 1.09845492427289082496e-40	 1.13319216775252248210e-39	 2.57170558821079150771e-41	 1.16748810408015826043e-44	 1.16748826545776539748e-44	 1.16748808237847379003e-44	 
 3.10000000000000008882e+00	 0.00000000000000000000e+00	 0.00000000000000000000e+00	 0.00000000000000000000e+00	 0.00000000000000000000e+00	 0.00000000000000000000e+00	 0.00000000000000000000e+00	 0.00000000000000000000e+00	 0.00000000000000000000e+00	 0.00000000000000000000e+00	 0.00000000000000000000e+00	 0.00000000000000000000e+00	 0.00000000000000000000e+00	 0.00000000000000000000e+00	 0.00000000000000000000e+00	 
 3.12000000000000010658e+00	 2.12938399097654959337e-46	 0.00000000000000000000e+00	 0.00000000000000000000e+00	 2.60001529178675420990e-42	 3.38035006799738090491e-42	 4.23747297711428960733e-44	 3.50222178560074828544e-44	 4.18706064705177017348e-43	 3.27625134341031699529e-43	 3.37991035549248329684e-42	 7.67035763910649984060e-44	 0.00000000000000000000e+00	 0.00000000000000000000e+00	 0.00000000000000000000e+00	 
 3.13999999999999968026e+00	 0.00000000000000000000e+00	 0.00000000000000000000e+00	 0.00000000000000000000e+00	 0.00000000000000000000e+00	 0.00000000000000000000e+00	 0.00000000000000000000e+00	 0.00000000000000000000e+00	 0.00000000000000000000e+00	 0.00000000000000000000e+00	 0.00000000000000000000e+00	 0.00000000000000000000e+00	 0.00000000000000000000e+00	 0.00000000000000000000e+00	 0.00000000000000000000e+00	 
 3.16000000000000014211e+00	 0.00000000000000000000e+00	 0.00000000000000000000e+00	 0.00000000000000000000e+00	 6.87849331479205748463e-45	 8.94296175683763690297e-45	 1.12103526051862050289e-46	 0.00000000000000000000e+00	 1.10769027093141852426e-45	 8.66743996064447201323e-46	 8.94179212640195529116e-45	 2.02921805671903000347e-46	 0.00000000000000000000e+00	 0.00000000000000000000e+00	 0.00000000000000000000e+00	 
 3.18000000000000015987e+00	 0.00000000000000000000e+00	 0.00000000000000000000e+00	 0.00000000000000000000e+00	 0.00000000000000000000e+00	 0.00000000000000000000e+00	 0.00000000000000000000e+00	 0.00000000000000000000e+00	 0.00000000000000000000e+00	 0.00000000000000000000e+00	 0.00000000000000000000e+00	 0.00000000000000000000e+00	 0.00000000000000000000e+00	 0.00000000000000000000e+00	 0.00000000000000000000e+00	 
 3.19999999999999973355e+00	 0.00000000000000000000e+00	 0.00000000000000000000e+00	 0.00000000000000000000e+00	 0.00000000000000000000e+00	 0.00000000000000000000e+00	 0.00000000000000000000e+00	 0.00000000000000000000e+00	 0.00000000000000000000e+00	 0.00000000000000000000e+00	 0.00000000000000000000e+00	 0.00000000000000000000e+00	 0.00000000000000000000e+00	 0.00000000000000000000e+00	 0.00000000000000000000e+00	 
 3.22000000000000019540e+00	 0.00000000000000000000e+00	 0.00000000000000000000e+00	 0.00000000000000000000e+00	 0.00000000000000000000e+00	 0.00000000000000000000e+00	 0.00000000000000000000e+00	 0.00000000000000000000e+00	 0.00000000000000000000e+00	 0.00000000000000000000e+00	 0.00000000000000000000e+00	 0.00000000000000000000e+00	 0.00000000000000000000e+00	 0.00000000000000000000e+00	 0.00000000000000000000e+00	 
 3.24000000000000021316e+00	 0.00000000000000000000e+00	 0.00000000000000000000e+00	 0.00000000000000000000e+00	 0.00000000000000000000e+00	 0.00000000000000000000e+00	 0.00000000000000000000e+00	 0.00000000000000000000e+00	 0.00000000000000000000e+00	 0.00000000000000000000e+00	 0.00000000000000000000e+00	 0.00000000000000000000e+00	 0.00000000000000000000e+00	 0.00000000000000000000e+00	 0.00000000000000000000e+00	 
 3.25999999999999978684e+00	 0.00000000000000000000e+00	 0.00000000000000000000e+00	 0.00000000000000000000e+00	 0.00000000000000000000e+00	 0.00000000000000000000e+00	 0.00000000000000000000e+00	 0.00000000000000000000e+00	 0.00000000000000000000e+00	 0.00000000000000000000e+00	 0.00000000000000000000e+00	 0.00000000000000000000e+00	 0.00000000000000000000e+00	 0.00000000000000000000e+00	 0.00000000000000000000e+00	 
 3.28000000000000024869e+00	 0.00000000000000000000e+00	 0.00000000000000000000e+00	 0.00000000000000000000e+00	 0.00000000000000000000e+00	 0.00000000000000000000e+00	 0.00000000000000000000e+00	 0.00000000000000000000e+00	 0.00000000000000000000e+00	 0.00000000000000000000e+00	 0.00000000000000000000e+00	 0.00000000000000000000e+00	 0.00000000000000000000e+00	 0.00000000000000000000e+00	 0.00000000000000000000e+00	 
 3.29999999999999982236e+00	 0.00000000000000000000e+00	 0.00000000000000000000e+00	 0.00000000000000000000e+00	 0.00000000000000000000e+00	 0.00000000000000000000e+00	 0.00000000000000000000e+00	 0.00000000000000000000e+00	 0.00000000000000000000e+00	 0.00000000000000000000e+00	 0.00000000000000000000e+00	 0.00000000000000000000e+00	 0.00000000000000000000e+00	 0.00000000000000000000e+00	 0.00000000000000000000e+00	 
 3.31999999999999984013e+00	 0.00000000000000000000e+00	 0.00000000000000000000e+00	 0.00000000000000000000e+00	 0.00000000000000000000e+00	 0.00000000000000000000e+00	 0.00000000000000000000e+00	 0.00000000000000000000e+00	 0.00000000000000000000e+00	 0.00000000000000000000e+00	 0.00000000000000000000e+00	 0.00000000000000000000e+00	 0.00000000000000000000e+00	 0.00000000000000000000e+00	 0.00000000000000000000e+00	 
 3.34000000000000030198e+00	 0.00000000000000000000e+00	 0.00000000000000000000e+00	 0.00000000000000000000e+00	 0.00000000000000000000e+00	 0.00000000000000000000e+00	 0.00000000000000000000e+00	 0.00000000000000000000e+00	 0.00000000000000000000e+00	 0.00000000000000000000e+00	 0.00000000000000000000e+00	 0.00000000000000000000e+00	 0.00000000000000000000e+00	 0.00000000000000000000e+00	 0.00000000000000000000e+00	 
 3.36000000000000031974e+00	 0.00000000000000000000e+00	 0.00000000000000000000e+00	 0.00000000000000000000e+00	 0.00000000000000000000e+00	 0.00000000000000000000e+00	 0.00000000000000000000e+00	 0.00000000000000000000e+00	 0.00000000000000000000e+00	 0.00000000000000000000e+00	 0.00000000000000000000e+00	 0.00000000000000000000e+00	 0.00000000000000000000e+00	 0.00000000000000000000e+00	 0.00000000000000000000e+00	 
 3.37999999999999989342e+00	 0.00000000000000000000e+00	 0.00000000000000000000e+00	 0.00000000000000000000e+00	 0.00000000000000000000e+00	 0.00000000000000000000e+00	 0.00000000000000000000e+00	 0.00000000000000000000e+00	 0.00000000000000000000e+00	 0.00000000000000000000e+00	 0.00000000000000000000e+00	 0.00000000000000000000e+00	 0.00000000000000000000e+00	 0.00000000000000000000e+00	 0.00000000000000000000e+00	 
 3.39999999999999991118e+00	 0.00000000000000000000e+00	 0.00000000000000000000e+00	 0.00000000000000000000e+00	 0.00000000000000000000e+00	 0.00000000000000000000e+00	 0.00000000000000000000e+00	 0.00000000000000000000e+00	 0.00000000000000000000e+00	 0.00000000000000000000e+00	 0.00000000000000000000e+00	 0.00000000000000000000e+00	 0.00000000000000000000e+00	 0.00000000000000000000e+00	 0.00000000000000000000e+00	 
 3.42000000000000037303e+00	 0.00000000000000000000e+00	 0.00000000000000000000e+00	 0.00000000000000000000e+00	 0.00000000000000000000e+00	 0.00000000000000000000e+00	 0.00000000000000000000e+00	 0.00000000000000000000e+00	 0.00000000000000000000e+00	 0.00000000000000000000e+00	 0.00000000000000000000e+00	 0.00000000000000000000e+00	 0.00000000000000000000e+00	 0.00000000000000000000e+00	 0.00000000000000000000e+00	 
 3.43999999999999994671e+00	 0.00000000000000000000e+00	 0.00000000000000000000e+00	 0.00000000000000000000e+00	 0.00000000000000000000e+00	 0.00000000000000000000e+00	 0.00000000000000000000e+00	 0.00000000000000000000e+00	 0.00000000000000000000e+00	 0.00000000000000000000e+00	 0.00000000000000000000e+00	 0.00000000000000000000e+00	 0.00000000000000000000e+00	 0.00000000000000000000e+00	 0.00000000000000000000e+00	 
 3.45999999999999996447e+00	 0.00000000000000000000e+00	 0.00000000000000000000e+00	 0.00000000000000000000e+00	 0.00000000000000000000e+00	 0.00000000000000000000e+00	 0.00000000000000000000e+00	 0.00000000000000000000e+00	 0.00000000000000000000e+00	 0.00000000000000000000e+00	 0.00000000000000000000e+00	 0.00000000000000000000e+00	 0.00000000000000000000e+00	 0.00000000000000000000e+00	 0.00000000000000000000e+00	 
 3.48000000000000042633e+00	 0.00000000000000000000e+00	 0.00000000000000000000e+00	 0.00000000000000000000e+00	 0.00000000000000000000e+00	 0.00000000000000000000e+00	 0.00000000000000000000e+00	 0.00000000000000000000e+00	 0.00000000000000000000e+00	 0.00000000000000000000e+00	 0.00000000000000000000e+00	 0.00000000000000000000e+00	 0.00000000000000000000e+00	 0.00000000000000000000e+00	 0.00000000000000000000e+00	 
 3.50000000000000000000e+00	 0.00000000000000000000e+00	 0.00000000000000000000e+00	 0.00000000000000000000e+00	 0.00000000000000000000e+00	 0.00000000000000000000e+00	 0.00000000000000000000e+00	 0.00000000000000000000e+00	 0.00000000000000000000e+00	 0.00000000000000000000e+00	 0.00000000000000000000e+00	 0.00000000000000000000e+00	 0.00000000000000000000e+00	 0.00000000000000000000e+00	 0.00000000000000000000e+00	 
 3.52000000000000001776e+00	 0.00000000000000000000e+00	 0.00000000000000000000e+00	 0.00000000000000000000e+00	 0.00000000000000000000e+00	 0.00000000000000000000e+00	 0.00000000000000000000e+00	 0.00000000000000000000e+00	 0.00000000000000000000e+00	 0.00000000000000000000e+00	 0.00000000000000000000e+00	 0.00000000000000000000e+00	 0.00000000000000000000e+00	 0.00000000000000000000e+00	 0.00000000000000000000e+00	 
 3.54000000000000047962e+00	 0.00000000000000000000e+00	 0.00000000000000000000e+00	 0.00000000000000000000e+00	 0.00000000000000000000e+00	 0.00000000000000000000e+00	 0.00000000000000000000e+00	 0.00000000000000000000e+00	 0.00000000000000000000e+00	 0.00000000000000000000e+00	 0.00000000000000000000e+00	 0.00000000000000000000e+00	 0.00000000000000000000e+00	 0.00000000000000000000e+00	 0.00000000000000000000e+00	 
 3.56000000000000005329e+00	 0.00000000000000000000e+00	 0.00000000000000000000e+00	 0.00000000000000000000e+00	 0.00000000000000000000e+00	 0.00000000000000000000e+00	 0.00000000000000000000e+00	 0.00000000000000000000e+00	 0.00000000000000000000e+00	 0.00000000000000000000e+00	 0.00000000000000000000e+00	 0.00000000000000000000e+00	 0.00000000000000000000e+00	 0.00000000000000000000e+00	 0.00000000000000000000e+00	 
 3.58000000000000007105e+00	 0.00000000000000000000e+00	 0.00000000000000000000e+00	 0.00000000000000000000e+00	 0.00000000000000000000e+00	 0.00000000000000000000e+00	 0.00000000000000000000e+00	 0.00000000000000000000e+00	 0.00000000000000000000e+00	 0.00000000000000000000e+00	 0.00000000000000000000e+00	 0.00000000000000000000e+00	 0.00000000000000000000e+00	 0.00000000000000000000e+00	 0.00000000000000000000e+00	 
 3.60000000000000053291e+00	 0.00000000000000000000e+00	 0.00000000000000000000e+00	 0.00000000000000000000e+00	 0.00000000000000000000e+00	 0.00000000000000000000e+00	 0.00000000000000000000e+00	 0.00000000000000000000e+00	 0.00000000000000000000e+00	 0.00000000000000000000e+00	 0.00000000000000000000e+00	 0.00000000000000000000e+00	 0.00000000000000000000e+00	 0.00000000000000000000e+00	 0.00000000000000000000e+00	 
 3.62000000000000010658e+00	 0.00000000000000000000e+00	 0.00000000000000000000e+00	 0.00000000000000000000e+00	 0.00000000000000000000e+00	 0.00000000000000000000e+00	 0.00000000000000000000e+00	 0.00000000000000000000e+00	 0.00000000000000000000e+00	 0.00000000000000000000e+00	 0.00000000000000000000e+00	 0.00000000000000000000e+00	 0.00000000000000000000e+00	 0.00000000000000000000e+00	 0.00000000000000000000e+00	 
 3.63999999999999968026e+00	 0.00000000000000000000e+00	 0.00000000000000000000e+00	 0.00000000000000000000e+00	 0.00000000000000000000e+00	 0.00000000000000000000e+00	 0.00000000000000000000e+00	 0.00000000000000000000e+00	 0.00000000000000000000e+00	 0.00000000000000000000e+00	 0.00000000000000000000e+00	 0.00000000000000000000e+00	 0.00000000000000000000e+00	 0.00000000000000000000e+00	 0.00000000000000000000e+00	 
 3.65999999999999969802e+00	 0.00000000000000000000e+00	 0.00000000000000000000e+00	 0.00000000000000000000e+00	 0.00000000000000000000e+00	 0.00000000000000000000e+00	 0.00000000000000000000e+00	 0.00000000000000000000e+00	 0.00000000000000000000e+00	 0.00000000000000000000e+00	 0.00000000000000000000e+00	 0.00000000000000000000e+00	 0.00000000000000000000e+00	 0.00000000000000000000e+00	 0.00000000000000000000e+00	 
 3.68000000000000015987e+00	 0.00000000000000000000e+00	 0.00000000000000000000e+00	 0.00000000000000000000e+00	 0.00000000000000000000e+00	 0.00000000000000000000e+00	 0.00000000000000000000e+00	 0.00000000000000000000e+00	 0.00000000000000000000e+00	 0.00000000000000000000e+00	 0.00000000000000000000e+00	 0.00000000000000000000e+00	 0.00000000000000000000e+00	 0.00000000000000000000e+00	 0.00000000000000000000e+00	 
 3.70000000000000017764e+00	 0.00000000000000000000e+00	 0.00000000000000000000e+00	 0.00000000000000000000e+00	 0.00000000000000000000e+00	 0.00000000000000000000e+00	 0.00000000000000000000e+00	 0.00000000000000000000e+00	 0.00000000000000000000e+00	 0.00000000000000000000e+00	 0.00000000000000000000e+00	 0.00000000000000000000e+00	 0.00000000000000000000e+00	 0.00000000000000000000e+00	 0.00000000000000000000e+00	 
 3.71999999999999975131e+00	 0.00000000000000000000e+00	 0.00000000000000000000e+00	 0.00000000000000000000e+00	 0.00000000000000000000e+00	 0.00000000000000000000e+00	 0.00000000000000000000e+00	 0.00000000000000000000e+00	 0.00000000000000000000e+00	 0.00000000000000000000e+00	 0.00000000000000000000e+00	 0.00000000000000000000e+00	 0.00000000000000000000e+00	 0.00000000000000000000e+00	 0.00000000000000000000e+00	 
 3.74000000000000021316e+00	 0.00000000000000000000e+00	 0.00000000000000000000e+00	 0.00000000000000000000e+00	 0.00000000000000000000e+00	 0.00000000000000000000e+00	 0.00000000000000000000e+00	 0.00000000000000000000e+00	 0.00000000000000000000e+00	 0.00000000000000000000e+00	 0.00000000000000000000e+00	 0.00000000000000000000e+00	 0.00000000000000000000e+00	 0.00000000000000000000e+00	 0.00000000000000000000e+00	 
 3.76000000000000023093e+00	 0.00000000000000000000e+00	 0.00000000000000000000e+00	 0.00000000000000000000e+00	 0.00000000000000000000e+00	 0.00000000000000000000e+00	 0.00000000000000000000e+00	 0.00000000000000000000e+00	 0.00000000000000000000e+00	 0.00000000000000000000e+00	 0.00000000000000000000e+00	 0.00000000000000000000e+00	 0.00000000000000000000e+00	 0.00000000000000000000e+00	 0.00000000000000000000e+00	 
 3.77999999999999980460e+00	 0.00000000000000000000e+00	 0.00000000000000000000e+00	 0.00000000000000000000e+00	 0.00000000000000000000e+00	 0.00000000000000000000e+00	 0.00000000000000000000e+00	 0.00000000000000000000e+00	 0.00000000000000000000e+00	 0.00000000000000000000e+00	 0.00000000000000000000e+00	 0.00000000000000000000e+00	 0.00000000000000000000e+00	 0.00000000000000000000e+00	 0.00000000000000000000e+00	 
 3.80000000000000026645e+00	 0.00000000000000000000e+00	 0.00000000000000000000e+00	 0.00000000000000000000e+00	 0.00000000000000000000e+00	 0.00000000000000000000e+00	 0.00000000000000000000e+00	 0.00000000000000000000e+00	 0.00000000000000000000e+00	 0.00000000000000000000e+00	 0.00000000000000000000e+00	 0.00000000000000000000e+00	 0.00000000000000000000e+00	 0.00000000000000000000e+00	 0.00000000000000000000e+00	 
 3.82000000000000028422e+00	 0.00000000000000000000e+00	 0.00000000000000000000e+00	 0.00000000000000000000e+00	 0.00000000000000000000e+00	 0.00000000000000000000e+00	 0.00000000000000000000e+00	 0.00000000000000000000e+00	 0.00000000000000000000e+00	 0.00000000000000000000e+00	 0.00000000000000000000e+00	 0.00000000000000000000e+00	 0.00000000000000000000e+00	 0.00000000000000000000e+00	 0.00000000000000000000e+00	 
 3.83999999999999985789e+00	 0.00000000000000000000e+00	 0.00000000000000000000e+00	 0.00000000000000000000e+00	 0.00000000000000000000e+00	 0.00000000000000000000e+00	 0.00000000000000000000e+00	 0.00000000000000000000e+00	 0.00000000000000000000e+00	 0.00000000000000000000e+00	 0.00000000000000000000e+00	 0.00000000000000000000e+00	 0.00000000000000000000e+00	 0.00000000000000000000e+00	 0.00000000000000000000e+00	 
 3.86000000000000031974e+00	 0.00000000000000000000e+00	 0.00000000000000000000e+00	 0.00000000000000000000e+00	 0.00000000000000000000e+00	 0.00000000000000000000e+00	 0.00000000000000000000e+00	 0.00000000000000000000e+00	 0.00000000000000000000e+00	 0.00000000000000000000e+00	 0.00000000000000000000e+00	 0.00000000000000000000e+00	 0.00000000000000000000e+00	 0.00000000000000000000e+00	 0.00000000000000000000e+00	 
 3.87999999999999989342e+00	 0.00000000000000000000e+00	 0.00000000000000000000e+00	 0.00000000000000000000e+00	 0.00000000000000000000e+00	 0.00000000000000000000e+00	 0.00000000000000000000e+00	 0.00000000000000000000e+00	 0.00000000000000000000e+00	 0.00000000000000000000e+00	 0.00000000000000000000e+00	 0.00000000000000000000e+00	 0.00000000000000000000e+00	 0.00000000000000000000e+00	 0.00000000000000000000e+00	 
 3.89999999999999991118e+00	 0.00000000000000000000e+00	 0.00000000000000000000e+00	 0.00000000000000000000e+00	 0.00000000000000000000e+00	 0.00000000000000000000e+00	 0.00000000000000000000e+00	 0.00000000000000000000e+00	 0.00000000000000000000e+00	 0.00000000000000000000e+00	 0.00000000000000000000e+00	 0.00000000000000000000e+00	 0.00000000000000000000e+00	 0.00000000000000000000e+00	 0.00000000000000000000e+00	 
 3.91999999999999948486e+00	 0.00000000000000000000e+00	 0.00000000000000000000e+00	 0.00000000000000000000e+00	 0.00000000000000000000e+00	 0.00000000000000000000e+00	 0.00000000000000000000e+00	 0.00000000000000000000e+00	 0.00000000000000000000e+00	 0.00000000000000000000e+00	 0.00000000000000000000e+00	 0.00000000000000000000e+00	 0.00000000000000000000e+00	 0.00000000000000000000e+00	 0.00000000000000000000e+00	 
 3.93999999999999994671e+00	 0.00000000000000000000e+00	 0.00000000000000000000e+00	 0.00000000000000000000e+00	 0.00000000000000000000e+00	 0.00000000000000000000e+00	 0.00000000000000000000e+00	 0.00000000000000000000e+00	 0.00000000000000000000e+00	 0.00000000000000000000e+00	 0.00000000000000000000e+00	 0.00000000000000000000e+00	 0.00000000000000000000e+00	 0.00000000000000000000e+00	 0.00000000000000000000e+00	 
 3.95999999999999996447e+00	 0.00000000000000000000e+00	 0.00000000000000000000e+00	 0.00000000000000000000e+00	 0.00000000000000000000e+00	 0.00000000000000000000e+00	 0.00000000000000000000e+00	 0.00000000000000000000e+00	 0.00000000000000000000e+00	 0.00000000000000000000e+00	 0.00000000000000000000e+00	 0.00000000000000000000e+00	 0.00000000000000000000e+00	 0.00000000000000000000e+00	 0.00000000000000000000e+00	 
 3.97999999999999953815e+00	 0.00000000000000000000e+00	 0.00000000000000000000e+00	 0.00000000000000000000e+00	 0.00000000000000000000e+00	 0.00000000000000000000e+00	 0.00000000000000000000e+00	 0.00000000000000000000e+00	 0.00000000000000000000e+00	 0.00000000000000000000e+00	 0.00000000000000000000e+00	 0.00000000000000000000e+00	 0.00000000000000000000e+00	 0.00000000000000000000e+00	 0.00000000000000000000e+00	 
 4.00000000000000000000e+00	 0.00000000000000000000e+00	 0.00000000000000000000e+00	 0.00000000000000000000e+00	 0.00000000000000000000e+00	 0.00000000000000000000e+00	 0.00000000000000000000e+00	 0.00000000000000000000e+00	 0.00000000000000000000e+00	 0.00000000000000000000e+00	 0.00000000000000000000e+00	 0.00000000000000000000e+00	 0.00000000000000000000e+00	 0.00000000000000000000e+00	 0.00000000000000000000e+00	 
 4.01999999999999957367e+00	 0.00000000000000000000e+00	 0.00000000000000000000e+00	 0.00000000000000000000e+00	 0.00000000000000000000e+00	 0.00000000000000000000e+00	 0.00000000000000000000e+00	 0.00000000000000000000e+00	 0.00000000000000000000e+00	 0.00000000000000000000e+00	 0.00000000000000000000e+00	 0.00000000000000000000e+00	 0.00000000000000000000e+00	 0.00000000000000000000e+00	 0.00000000000000000000e+00	 
 4.04000000000000003553e+00	 0.00000000000000000000e+00	 0.00000000000000000000e+00	 0.00000000000000000000e+00	 0.00000000000000000000e+00	 0.00000000000000000000e+00	 0.00000000000000000000e+00	 0.00000000000000000000e+00	 0.00000000000000000000e+00	 0.00000000000000000000e+00	 0.00000000000000000000e+00	 0.00000000000000000000e+00	 0.00000000000000000000e+00	 0.00000000000000000000e+00	 0.00000000000000000000e+00	 
 4.06000000000000049738e+00	 0.00000000000000000000e+00	 0.00000000000000000000e+00	 0.00000000000000000000e+00	 0.00000000000000000000e+00	 0.00000000000000000000e+00	 0.00000000000000000000e+00	 0.00000000000000000000e+00	 0.00000000000000000000e+00	 0.00000000000000000000e+00	 0.00000000000000000000e+00	 0.00000000000000000000e+00	 0.00000000000000000000e+00	 0.00000000000000000000e+00	 0.00000000000000000000e+00	 
 4.08000000000000007105e+00	 0.00000000000000000000e+00	 0.00000000000000000000e+00	 0.00000000000000000000e+00	 0.00000000000000000000e+00	 0.00000000000000000000e+00	 0.00000000000000000000e+00	 0.00000000000000000000e+00	 0.00000000000000000000e+00	 0.00000000000000000000e+00	 0.00000000000000000000e+00	 0.00000000000000000000e+00	 0.00000000000000000000e+00	 0.00000000000000000000e+00	 0.00000000000000000000e+00	 
 4.09999999999999964473e+00	 0.00000000000000000000e+00	 0.00000000000000000000e+00	 0.00000000000000000000e+00	 0.00000000000000000000e+00	 0.00000000000000000000e+00	 0.00000000000000000000e+00	 0.00000000000000000000e+00	 0.00000000000000000000e+00	 0.00000000000000000000e+00	 0.00000000000000000000e+00	 0.00000000000000000000e+00	 0.00000000000000000000e+00	 0.00000000000000000000e+00	 0.00000000000000000000e+00	 
 4.12000000000000010658e+00	 0.00000000000000000000e+00	 0.00000000000000000000e+00	 0.00000000000000000000e+00	 0.00000000000000000000e+00	 0.00000000000000000000e+00	 0.00000000000000000000e+00	 0.00000000000000000000e+00	 0.00000000000000000000e+00	 0.00000000000000000000e+00	 0.00000000000000000000e+00	 0.00000000000000000000e+00	 0.00000000000000000000e+00	 0.00000000000000000000e+00	 0.00000000000000000000e+00	 
 4.14000000000000056843e+00	 0.00000000000000000000e+00	 0.00000000000000000000e+00	 0.00000000000000000000e+00	 0.00000000000000000000e+00	 0.00000000000000000000e+00	 0.00000000000000000000e+00	 0.00000000000000000000e+00	 0.00000000000000000000e+00	 0.00000000000000000000e+00	 0.00000000000000000000e+00	 0.00000000000000000000e+00	 0.00000000000000000000e+00	 0.00000000000000000000e+00	 0.00000000000000000000e+00	 
 4.16000000000000014211e+00	 0.00000000000000000000e+00	 0.00000000000000000000e+00	 0.00000000000000000000e+00	 0.00000000000000000000e+00	 0.00000000000000000000e+00	 0.00000000000000000000e+00	 0.00000000000000000000e+00	 0.00000000000000000000e+00	 0.00000000000000000000e+00	 0.00000000000000000000e+00	 0.00000000000000000000e+00	 0.00000000000000000000e+00	 0.00000000000000000000e+00	 0.00000000000000000000e+00	 
 4.17999999999999971578e+00	 0.00000000000000000000e+00	 0.00000000000000000000e+00	 0.00000000000000000000e+00	 0.00000000000000000000e+00	 0.00000000000000000000e+00	 0.00000000000000000000e+00	 0.00000000000000000000e+00	 0.00000000000000000000e+00	 0.00000000000000000000e+00	 0.00000000000000000000e+00	 0.00000000000000000000e+00	 0.00000000000000000000e+00	 0.00000000000000000000e+00	 0.00000000000000000000e+00	 
 4.20000000000000017764e+00	 0.00000000000000000000e+00	 0.00000000000000000000e+00	 0.00000000000000000000e+00	 0.00000000000000000000e+00	 0.00000000000000000000e+00	 0.00000000000000000000e+00	 0.00000000000000000000e+00	 0.00000000000000000000e+00	 0.00000000000000000000e+00	 0.00000000000000000000e+00	 0.00000000000000000000e+00	 0.00000000000000000000e+00	 0.00000000000000000000e+00	 0.00000000000000000000e+00	 
 4.21999999999999975131e+00	 0.00000000000000000000e+00	 0.00000000000000000000e+00	 0.00000000000000000000e+00	 0.00000000000000000000e+00	 0.00000000000000000000e+00	 0.00000000000000000000e+00	 0.00000000000000000000e+00	 0.00000000000000000000e+00	 0.00000000000000000000e+00	 0.00000000000000000000e+00	 0.00000000000000000000e+00	 0.00000000000000000000e+00	 0.00000000000000000000e+00	 0.00000000000000000000e+00	 
 4.24000000000000021316e+00	 0.00000000000000000000e+00	 0.00000000000000000000e+00	 0.00000000000000000000e+00	 0.00000000000000000000e+00	 0.00000000000000000000e+00	 0.00000000000000000000e+00	 0.00000000000000000000e+00	 0.00000000000000000000e+00	 0.00000000000000000000e+00	 0.00000000000000000000e+00	 0.00000000000000000000e+00	 0.00000000000000000000e+00	 0.00000000000000000000e+00	 0.00000000000000000000e+00	 
 4.25999999999999978684e+00	 0.00000000000000000000e+00	 0.00000000000000000000e+00	 0.00000000000000000000e+00	 0.00000000000000000000e+00	 0.00000000000000000000e+00	 0.00000000000000000000e+00	 0.00000000000000000000e+00	 0.00000000000000000000e+00	 0.00000000000000000000e+00	 0.00000000000000000000e+00	 0.00000000000000000000e+00	 0.00000000000000000000e+00	 0.00000000000000000000e+00	 0.00000000000000000000e+00	 
 4.28000000000000024869e+00	 0.00000000000000000000e+00	 0.00000000000000000000e+00	 0.00000000000000000000e+00	 0.00000000000000000000e+00	 0.00000000000000000000e+00	 0.00000000000000000000e+00	 0.00000000000000000000e+00	 0.00000000000000000000e+00	 0.00000000000000000000e+00	 0.00000000000000000000e+00	 0.00000000000000000000e+00	 0.00000000000000000000e+00	 0.00000000000000000000e+00	 0.00000000000000000000e+00	 
 4.29999999999999982236e+00	 0.00000000000000000000e+00	 0.00000000000000000000e+00	 0.00000000000000000000e+00	 0.00000000000000000000e+00	 0.00000000000000000000e+00	 0.00000000000000000000e+00	 0.00000000000000000000e+00	 0.00000000000000000000e+00	 0.00000000000000000000e+00	 0.00000000000000000000e+00	 0.00000000000000000000e+00	 0.00000000000000000000e+00	 0.00000000000000000000e+00	 0.00000000000000000000e+00	 
 4.32000000000000028422e+00	 0.00000000000000000000e+00	 0.00000000000000000000e+00	 0.00000000000000000000e+00	 0.00000000000000000000e+00	 0.00000000000000000000e+00	 0.00000000000000000000e+00	 0.00000000000000000000e+00	 0.00000000000000000000e+00	 0.00000000000000000000e+00	 0.00000000000000000000e+00	 0.00000000000000000000e+00	 0.00000000000000000000e+00	 0.00000000000000000000e+00	 0.00000000000000000000e+00	 
 4.33999999999999985789e+00	 0.00000000000000000000e+00	 0.00000000000000000000e+00	 0.00000000000000000000e+00	 0.00000000000000000000e+00	 0.00000000000000000000e+00	 0.00000000000000000000e+00	 0.00000000000000000000e+00	 0.00000000000000000000e+00	 0.00000000000000000000e+00	 0.00000000000000000000e+00	 0.00000000000000000000e+00	 0.00000000000000000000e+00	 0.00000000000000000000e+00	 0.00000000000000000000e+00	 
 4.36000000000000031974e+00	 0.00000000000000000000e+00	 0.00000000000000000000e+00	 0.00000000000000000000e+00	 0.00000000000000000000e+00	 0.00000000000000000000e+00	 0.00000000000000000000e+00	 0.00000000000000000000e+00	 0.00000000000000000000e+00	 0.00000000000000000000e+00	 0.00000000000000000000e+00	 0.00000000000000000000e+00	 0.00000000000000000000e+00	 0.00000000000000000000e+00	 0.00000000000000000000e+00	 
 4.37999999999999989342e+00	 0.00000000000000000000e+00	 0.00000000000000000000e+00	 0.00000000000000000000e+00	 0.00000000000000000000e+00	 0.00000000000000000000e+00	 0.00000000000000000000e+00	 0.00000000000000000000e+00	 0.00000000000000000000e+00	 0.00000000000000000000e+00	 0.00000000000000000000e+00	 0.00000000000000000000e+00	 0.00000000000000000000e+00	 0.00000000000000000000e+00	 0.00000000000000000000e+00	 
 4.40000000000000035527e+00	 0.00000000000000000000e+00	 0.00000000000000000000e+00	 0.00000000000000000000e+00	 0.00000000000000000000e+00	 0.00000000000000000000e+00	 0.00000000000000000000e+00	 0.00000000000000000000e+00	 0.00000000000000000000e+00	 0.00000000000000000000e+00	 0.00000000000000000000e+00	 0.00000000000000000000e+00	 0.00000000000000000000e+00	 0.00000000000000000000e+00	 0.00000000000000000000e+00	 
 4.41999999999999992895e+00	 0.00000000000000000000e+00	 0.00000000000000000000e+00	 0.00000000000000000000e+00	 0.00000000000000000000e+00	 0.00000000000000000000e+00	 0.00000000000000000000e+00	 0.00000000000000000000e+00	 0.00000000000000000000e+00	 0.00000000000000000000e+00	 0.00000000000000000000e+00	 0.00000000000000000000e+00	 0.00000000000000000000e+00	 0.00000000000000000000e+00	 0.00000000000000000000e+00	 
 4.43999999999999950262e+00	 0.00000000000000000000e+00	 0.00000000000000000000e+00	 0.00000000000000000000e+00	 0.00000000000000000000e+00	 0.00000000000000000000e+00	 0.00000000000000000000e+00	 0.00000000000000000000e+00	 0.00000000000000000000e+00	 0.00000000000000000000e+00	 0.00000000000000000000e+00	 0.00000000000000000000e+00	 0.00000000000000000000e+00	 0.00000000000000000000e+00	 0.00000000000000000000e+00	 
 4.45999999999999996447e+00	 0.00000000000000000000e+00	 0.00000000000000000000e+00	 0.00000000000000000000e+00	 0.00000000000000000000e+00	 0.00000000000000000000e+00	 0.00000000000000000000e+00	 0.00000000000000000000e+00	 0.00000000000000000000e+00	 0.00000000000000000000e+00	 0.00000000000000000000e+00	 0.00000000000000000000e+00	 0.00000000000000000000e+00	 0.00000000000000000000e+00	 0.00000000000000000000e+00	 
 4.47999999999999953815e+00	 0.00000000000000000000e+00	 0.00000000000000000000e+00	 0.00000000000000000000e+00	 0.00000000000000000000e+00	 0.00000000000000000000e+00	 0.00000000000000000000e+00	 0.00000000000000000000e+00	 0.00000000000000000000e+00	 0.00000000000000000000e+00	 0.00000000000000000000e+00	 0.00000000000000000000e+00	 0.00000000000000000000e+00	 0.00000000000000000000e+00	 0.00000000000000000000e+00	 
 4.50000000000000000000e+00	 0.00000000000000000000e+00	 0.00000000000000000000e+00	 0.00000000000000000000e+00	 0.00000000000000000000e+00	 0.00000000000000000000e+00	 0.00000000000000000000e+00	 0.00000000000000000000e+00	 0.00000000000000000000e+00	 0.00000000000000000000e+00	 0.00000000000000000000e+00	 0.00000000000000000000e+00	 0.00000000000000000000e+00	 0.00000000000000000000e+00	 0.00000000000000000000e+00	 
 4.52000000000000046185e+00	 0.00000000000000000000e+00	 0.00000000000000000000e+00	 0.00000000000000000000e+00	 0.00000000000000000000e+00	 0.00000000000000000000e+00	 0.00000000000000000000e+00	 0.00000000000000000000e+00	 0.00000000000000000000e+00	 0.00000000000000000000e+00	 0.00000000000000000000e+00	 0.00000000000000000000e+00	 0.00000000000000000000e+00	 0.00000000000000000000e+00	 0.00000000000000000000e+00	 
 4.54000000000000003553e+00	 0.00000000000000000000e+00	 0.00000000000000000000e+00	 0.00000000000000000000e+00	 0.00000000000000000000e+00	 0.00000000000000000000e+00	 0.00000000000000000000e+00	 0.00000000000000000000e+00	 0.00000000000000000000e+00	 0.00000000000000000000e+00	 0.00000000000000000000e+00	 0.00000000000000000000e+00	 0.00000000000000000000e+00	 0.00000000000000000000e+00	 0.00000000000000000000e+00	 
 4.55999999999999960920e+00	 0.00000000000000000000e+00	 0.00000000000000000000e+00	 0.00000000000000000000e+00	 0.00000000000000000000e+00	 0.00000000000000000000e+00	 0.00000000000000000000e+00	 0.00000000000000000000e+00	 0.00000000000000000000e+00	 0.00000000000000000000e+00	 0.00000000000000000000e+00	 0.00000000000000000000e+00	 0.00000000000000000000e+00	 0.00000000000000000000e+00	 0.00000000000000000000e+00	 
 4.58000000000000007105e+00	 0.00000000000000000000e+00	 0.00000000000000000000e+00	 0.00000000000000000000e+00	 0.00000000000000000000e+00	 0.00000000000000000000e+00	 0.00000000000000000000e+00	 0.00000000000000000000e+00	 0.00000000000000000000e+00	 0.00000000000000000000e+00	 0.00000000000000000000e+00	 0.00000000000000000000e+00	 0.00000000000000000000e+00	 0.00000000000000000000e+00	 0.00000000000000000000e+00	 
 4.60000000000000053291e+00	 0.00000000000000000000e+00	 0.00000000000000000000e+00	 0.00000000000000000000e+00	 0.00000000000000000000e+00	 0.00000000000000000000e+00	 0.00000000000000000000e+00	 0.00000000000000000000e+00	 0.00000000000000000000e+00	 0.00000000000000000000e+00	 0.00000000000000000000e+00	 0.00000000000000000000e+00	 0.00000000000000000000e+00	 0.00000000000000000000e+00	 0.00000000000000000000e+00	 
 4.62000000000000010658e+00	 0.00000000000000000000e+00	 0.00000000000000000000e+00	 0.00000000000000000000e+00	 0.00000000000000000000e+00	 0.00000000000000000000e+00	 0.00000000000000000000e+00	 0.00000000000000000000e+00	 0.00000000000000000000e+00	 0.00000000000000000000e+00	 0.00000000000000000000e+00	 0.00000000000000000000e+00	 0.00000000000000000000e+00	 0.00000000000000000000e+00	 0.00000000000000000000e+00	 
 4.63999999999999968026e+00	 0.00000000000000000000e+00	 0.00000000000000000000e+00	 0.00000000000000000000e+00	 0.00000000000000000000e+00	 0.00000000000000000000e+00	 0.00000000000000000000e+00	 0.00000000000000000000e+00	 0.00000000000000000000e+00	 0.00000000000000000000e+00	 0.00000000000000000000e+00	 0.00000000000000000000e+00	 0.00000000000000000000e+00	 0.00000000000000000000e+00	 0.00000000000000000000e+00	 
 4.66000000000000014211e+00	 0.00000000000000000000e+00	 0.00000000000000000000e+00	 0.00000000000000000000e+00	 0.00000000000000000000e+00	 0.00000000000000000000e+00	 0.00000000000000000000e+00	 0.00000000000000000000e+00	 0.00000000000000000000e+00	 0.00000000000000000000e+00	 0.00000000000000000000e+00	 0.00000000000000000000e+00	 0.00000000000000000000e+00	 0.00000000000000000000e+00	 0.00000000000000000000e+00	 
 4.67999999999999971578e+00	 0.00000000000000000000e+00	 0.00000000000000000000e+00	 0.00000000000000000000e+00	 0.00000000000000000000e+00	 0.00000000000000000000e+00	 0.00000000000000000000e+00	 0.00000000000000000000e+00	 0.00000000000000000000e+00	 0.00000000000000000000e+00	 0.00000000000000000000e+00	 0.00000000000000000000e+00	 0.00000000000000000000e+00	 0.00000000000000000000e+00	 0.00000000000000000000e+00	 
 4.69999999999999928946e+00	 0.00000000000000000000e+00	 0.00000000000000000000e+00	 0.00000000000000000000e+00	 0.00000000000000000000e+00	 0.00000000000000000000e+00	 0.00000000000000000000e+00	 0.00000000000000000000e+00	 0.00000000000000000000e+00	 0.00000000000000000000e+00	 0.00000000000000000000e+00	 0.00000000000000000000e+00	 0.00000000000000000000e+00	 0.00000000000000000000e+00	 0.00000000000000000000e+00	 
 4.72000000000000063949e+00	 0.00000000000000000000e+00	 0.00000000000000000000e+00	 0.00000000000000000000e+00	 0.00000000000000000000e+00	 0.00000000000000000000e+00	 0.00000000000000000000e+00	 0.00000000000000000000e+00	 0.00000000000000000000e+00	 0.00000000000000000000e+00	 0.00000000000000000000e+00	 0.00000000000000000000e+00	 0.00000000000000000000e+00	 0.00000000000000000000e+00	 0.00000000000000000000e+00	 
 4.74000000000000021316e+00	 0.00000000000000000000e+00	 0.00000000000000000000e+00	 0.00000000000000000000e+00	 0.00000000000000000000e+00	 0.00000000000000000000e+00	 0.00000000000000000000e+00	 0.00000000000000000000e+00	 0.00000000000000000000e+00	 0.00000000000000000000e+00	 0.00000000000000000000e+00	 0.00000000000000000000e+00	 0.00000000000000000000e+00	 0.00000000000000000000e+00	 0.00000000000000000000e+00	 
 4.75999999999999978684e+00	 0.00000000000000000000e+00	 0.00000000000000000000e+00	 0.00000000000000000000e+00	 0.00000000000000000000e+00	 0.00000000000000000000e+00	 0.00000000000000000000e+00	 0.00000000000000000000e+00	 0.00000000000000000000e+00	 0.00000000000000000000e+00	 0.00000000000000000000e+00	 0.00000000000000000000e+00	 0.00000000000000000000e+00	 0.00000000000000000000e+00	 0.00000000000000000000e+00	 
 4.78000000000000024869e+00	 0.00000000000000000000e+00	 0.00000000000000000000e+00	 0.00000000000000000000e+00	 0.00000000000000000000e+00	 0.00000000000000000000e+00	 0.00000000000000000000e+00	 0.00000000000000000000e+00	 0.00000000000000000000e+00	 0.00000000000000000000e+00	 0.00000000000000000000e+00	 0.00000000000000000000e+00	 0.00000000000000000000e+00	 0.00000000000000000000e+00	 0.00000000000000000000e+00	 
 4.79999999999999982236e+00	 0.00000000000000000000e+00	 0.00000000000000000000e+00	 0.00000000000000000000e+00	 0.00000000000000000000e+00	 0.00000000000000000000e+00	 0.00000000000000000000e+00	 0.00000000000000000000e+00	 0.00000000000000000000e+00	 0.00000000000000000000e+00	 0.00000000000000000000e+00	 0.00000000000000000000e+00	 0.00000000000000000000e+00	 0.00000000000000000000e+00	 0.00000000000000000000e+00	 
 4.81999999999999939604e+00	 0.00000000000000000000e+00	 0.00000000000000000000e+00	 0.00000000000000000000e+00	 0.00000000000000000000e+00	 0.00000000000000000000e+00	 0.00000000000000000000e+00	 0.00000000000000000000e+00	 0.00000000000000000000e+00	 0.00000000000000000000e+00	 0.00000000000000000000e+00	 0.00000000000000000000e+00	 0.00000000000000000000e+00	 0.00000000000000000000e+00	 0.00000000000000000000e+00	 
 4.84000000000000074607e+00	 0.00000000000000000000e+00	 0.00000000000000000000e+00	 0.00000000000000000000e+00	 0.00000000000000000000e+00	 0.00000000000000000000e+00	 0.00000000000000000000e+00	 0.00000000000000000000e+00	 0.00000000000000000000e+00	 0.00000000000000000000e+00	 0.00000000000000000000e+00	 0.00000000000000000000e+00	 0.00000000000000000000e+00	 0.00000000000000000000e+00	 0.00000000000000000000e+00	 
 4.86000000000000031974e+00	 0.00000000000000000000e+00	 0.00000000000000000000e+00	 0.00000000000000000000e+00	 0.00000000000000000000e+00	 0.00000000000000000000e+00	 0.00000000000000000000e+00	 0.00000000000000000000e+00	 0.00000000000000000000e+00	 0.00000000000000000000e+00	 0.00000000000000000000e+00	 0.00000000000000000000e+00	 0.00000000000000000000e+00	 0.00000000000000000000e+00	 0.00000000000000000000e+00	 
 4.87999999999999989342e+00	 0.00000000000000000000e+00	 0.00000000000000000000e+00	 0.00000000000000000000e+00	 0.00000000000000000000e+00	 0.00000000000000000000e+00	 0.00000000000000000000e+00	 0.00000000000000000000e+00	 0.00000000000000000000e+00	 0.00000000000000000000e+00	 0.00000000000000000000e+00	 0.00000000000000000000e+00	 0.00000000000000000000e+00	 0.00000000000000000000e+00	 0.00000000000000000000e+00	 
 4.89999999999999946709e+00	 0.00000000000000000000e+00	 0.00000000000000000000e+00	 0.00000000000000000000e+00	 0.00000000000000000000e+00	 0.00000000000000000000e+00	 0.00000000000000000000e+00	 0.00000000000000000000e+00	 0.00000000000000000000e+00	 0.00000000000000000000e+00	 0.00000000000000000000e+00	 0.00000000000000000000e+00	 0.00000000000000000000e+00	 0.00000000000000000000e+00	 0.00000000000000000000e+00	 
 4.91999999999999992895e+00	 0.00000000000000000000e+00	 0.00000000000000000000e+00	 0.00000000000000000000e+00	 0.00000000000000000000e+00	 0.00000000000000000000e+00	 0.00000000000000000000e+00	 0.00000000000000000000e+00	 0.00000000000000000000e+00	 0.00000000000000000000e+00	 0.00000000000000000000e+00	 0.00000000000000000000e+00	 0.00000000000000000000e+00	 0.00000000000000000000e+00	 0.00000000000000000000e+00	 
 4.93999999999999950262e+00	 0.00000000000000000000e+00	 0.00000000000000000000e+00	 0.00000000000000000000e+00	 0.00000000000000000000e+00	 0.00000000000000000000e+00	 0.00000000000000000000e+00	 0.00000000000000000000e+00	 0.00000000000000000000e+00	 0.00000000000000000000e+00	 0.00000000000000000000e+00	 0.00000000000000000000e+00	 0.00000000000000000000e+00	 0.00000000000000000000e+00	 0.00000000000000000000e+00	 
 4.95999999999999996447e+00	 0.00000000000000000000e+00	 0.00000000000000000000e+00	 0.00000000000000000000e+00	 0.00000000000000000000e+00	 0.00000000000000000000e+00	 0.00000000000000000000e+00	 0.00000000000000000000e+00	 0.00000000000000000000e+00	 0.00000000000000000000e+00	 0.00000000000000000000e+00	 0.00000000000000000000e+00	 0.00000000000000000000e+00	 0.00000000000000000000e+00	 0.00000000000000000000e+00	 
 4.98000000000000042633e+00	 0.00000000000000000000e+00	 0.00000000000000000000e+00	 0.00000000000000000000e+00	 0.00000000000000000000e+00	 0.00000000000000000000e+00	 0.00000000000000000000e+00	 0.00000000000000000000e+00	 0.00000000000000000000e+00	 0.00000000000000000000e+00	 0.00000000000000000000e+00	 0.00000000000000000000e+00	 0.00000000000000000000e+00	 0.00000000000000000000e+00	 0.00000000000000000000e+00	 
 5.00000000000000000000e+00	 0.00000000000000000000e+00	 0.00000000000000000000e+00	 0.00000000000000000000e+00	 0.00000000000000000000e+00	 0.00000000000000000000e+00	 0.00000000000000000000e+00	 0.00000000000000000000e+00	 0.00000000000000000000e+00	 0.00000000000000000000e+00	 0.00000000000000000000e+00	 0.00000000000000000000e+00	 0.00000000000000000000e+00	 0.00000000000000000000e+00	 0.00000000000000000000e+00	 
