 -1.00000000000000000000e+00	 7.76253630246443089556e-07	 0.00000000000000000000e+00	 7.64000659871229787134e-07	 4.86541241181638189905e-02	 4.87869144427516901463e-02	 4.68992658247075547284e-02	 0.00000000000000000000e+00	 0.00000000000000000000e+00	 0.00000000000000000000e+00	 4.85693452909161452191e-02	 5.20202121324626222653e-06	 0.00000000000000000000e+00	 0.00000000000000000000e+00	 0.00000000000000000000e+00	 
 -9.79999999999999982236e-01	 7.93845250775985682436e-07	 0.00000000000000000000e+00	 7.82122474629053563873e-07	 4.95360184455097274370e-02	 4.96696826801503940607e-02	 4.77407753304491394575e-02	 0.00000000000000000000e+00	 0.00000000000000000000e+00	 0.00000000000000000000e+00	 4.94507406043369693305e-02	 5.30157152698330406634e-06	 0.00000000000000000000e+00	 0.00000000000000000000e+00	 0.00000000000000000000e+00	 
 -9.59999999999999964473e-01	 8.11701683540194586694e-07	 0.00000000000000000000e+00	 8.00546564061086462756e-07	 5.04260526661035324292e-02	 5.05605651745282130838e-02	 4.85897733425799324691e-02	 0.00000000000000000000e+00	 0.00000000000000000000e+00	 0.00000000000000000000e+00	 5.03402987875204641077e-02	 5.40225924453662745289e-06	 0.00000000000000000000e+00	 0.00000000000000000000e+00	 0.00000000000000000000e+00	 
 -9.39999999999999946709e-01	 8.29796717309517731845e-07	 0.00000000000000000000e+00	 8.19260615676164590143e-07	 5.13228772013620132553e-02	 5.14582226896743016864e-02	 4.94449318201542614704e-02	 0.00000000000000000000e+00	 0.00000000000000000000e+00	 0.00000000000000000000e+00	 5.12366686963480685857e-02	 5.50401091444624209327e-06	 0.00000000000000000000e+00	 0.00000000000000000000e+00	 0.00000000000000000000e+00	 
 -9.19999999999999928946e-01	 8.48105000720959408464e-07	 0.00000000000000000000e+00	 8.38249876525714127538e-07	 5.22250432785609300379e-02	 5.23612171244983021223e-02	 5.03048257681600122226e-02	 0.00000000000000000000e+00	 0.00000000000000000000e+00	 0.00000000000000000000e+00	 5.21384018566581619591e-02	 5.60674988055244476513e-06	 0.00000000000000000000e+00	 0.00000000000000000000e+00	 0.00000000000000000000e+00	 
 -9.00000000000000022204e-01	 8.66614655109797069974e-07	 0.00000000000000000000e+00	 8.57495228743555163696e-07	 5.31310083703788113563e-02	 5.32680121481891172275e-02	 5.11679385382382695413e-02	 0.00000000000000000000e+00	 0.00000000000000000000e+00	 0.00000000000000000000e+00	 5.30439642812393502558e-02	 5.71039640619142889661e-06	 0.00000000000000000000e+00	 0.00000000000000000000e+00	 0.00000000000000000000e+00	 
 -8.80000000000000115463e-01	 8.85313109729962438671e-07	 0.00000000000000000000e+00	 8.76974283230023889547e-07	 5.40391196459154080078e-02	 5.41769626794274816728e-02	 5.20326457390959673521e-02	 0.00000000000000000000e+00	 0.00000000000000000000e+00	 0.00000000000000000000e+00	 5.39517126237156821600e-02	 5.81486783623790425208e-06	 0.00000000000000000000e+00	 0.00000000000000000000e+00	 0.00000000000000000000e+00	 
 -8.59999999999999986677e-01	 9.04188792496851379339e-07	 0.00000000000000000000e+00	 8.96672536661703656451e-07	 5.49476242899064881708e-02	 5.50863205291731300450e-02	 5.28972210512558826956e-02	 0.00000000000000000000e+00	 0.00000000000000000000e+00	 0.00000000000000000000e+00	 5.48598991903103960777e-02	 5.92007879999462604327e-06	 0.00000000000000000000e+00	 0.00000000000000000000e+00	 0.00000000000000000000e+00	 
 -8.40000000000000079936e-01	 9.23235202856924293391e-07	 0.00000000000000000000e+00	 9.16609890677984995012e-07	 5.58546997281715307260e-02	 5.59942531865580267469e-02	 5.37598554997099076225e-02	 0.00000000000000000000e+00	 0.00000000000000000000e+00	 0.00000000000000000000e+00	 5.57666891918478790924e-02	 6.02594145720877172144e-06	 0.00000000000000000000e+00	 0.00000000000000000000e+00	 0.00000000000000000000e+00	 
 -8.20000000000000062172e-01	 9.42445773773552300863e-07	 0.00000000000000000000e+00	 9.36803142432898885506e-07	 5.67584106651397996002e-02	 5.68988140954186719100e-02	 5.46186270070210533323e-02	 0.00000000000000000000e+00	 0.00000000000000000000e+00	 0.00000000000000000000e+00	 5.66701325123266999584e-02	 6.13236579013172773955e-06	 0.00000000000000000000e+00	 0.00000000000000000000e+00	 0.00000000000000000000e+00	 
 -8.00000000000000044409e-01	 9.61816026892188859085e-07	 0.00000000000000000000e+00	 9.57257527772772628429e-07	 5.76567157722820619603e-02	 5.77979556541468389441e-02	 5.54715116951941047962e-02	 0.00000000000000000000e+00	 0.00000000000000000000e+00	 0.00000000000000000000e+00	 5.75681768466644316895e-02	 6.23925994515801610581e-06	 0.00000000000000000000e+00	 0.00000000000000000000e+00	 0.00000000000000000000e+00	 
 -7.80000000000000026645e-01	 9.81348139928062933245e-07	 0.00000000000000000000e+00	 9.77939187269165202944e-07	 5.85474877003351185101e-02	 5.86895646193936193491e-02	 5.63164152921474814306e-02	 0.00000000000000000000e+00	 0.00000000000000000000e+00	 0.00000000000000000000e+00	 5.84587034972023147916e-02	 6.34653062489672694117e-06	 0.00000000000000000000e+00	 0.00000000000000000000e+00	 0.00000000000000000000e+00	 
 -7.60000000000000008882e-01	 1.00104427471371601138e-06	 0.00000000000000000000e+00	 9.98804148851735762538e-07	 5.94284849748266397196e-02	 5.95714161860895971556e-02	 5.71511315156475463439e-02	 0.00000000000000000000e+00	 0.00000000000000000000e+00	 0.00000000000000000000e+00	 5.93394806870626151385e-02	 6.45408353369182437504e-06	 0.00000000000000000000e+00	 0.00000000000000000000e+00	 0.00000000000000000000e+00	 
 -7.39999999999999991118e-01	 1.02089908560948298644e-06	 0.00000000000000000000e+00	 1.01980949527487658328e-06	 6.02973688443090988232e-02	 6.04411798001725925067e-02	 5.79733468226156789527e-02	 0.00000000000000000000e+00	 0.00000000000000000000e+00	 0.00000000000000000000e+00	 6.02081769294534122072e-02	 6.56182388174709928583e-06	 0.00000000000000000000e+00	 0.00000000000000000000e+00	 0.00000000000000000000e+00	 
 -7.19999999999999973355e-01	 1.04087955656399902332e-06	 0.00000000000000000000e+00	 1.04093534082382862446e-06	 6.11517460435669832353e-02	 6.12964350243249758710e-02	 5.87806539803321578819e-02	 0.00000000000000000000e+00	 0.00000000000000000000e+00	 0.00000000000000000000e+00	 6.10623953020779652867e-02	 6.66965694367603144485e-06	 0.00000000000000000000e+00	 0.00000000000000000000e+00	 0.00000000000000000000e+00	 
 -6.99999999999999955591e-01	 1.06094768378934422668e-06	 0.00000000000000000000e+00	 1.06216072933115740456e-06	 6.19891178660256572663e-02	 6.21346521983129340683e-02	 5.95705347826131006994e-02	 0.00000000000000000000e+00	 0.00000000000000000000e+00	 0.00000000000000000000e+00	 6.18996325192507565460e-02	 6.77748867504013794008e-06	 0.00000000000000000000e+00	 0.00000000000000000000e+00	 0.00000000000000000000e+00	 
 -6.79999999999999937828e-01	 1.08106302379893367955e-06	 0.00000000000000000000e+00	 1.08344812812223084068e-06	 6.28068933080789260082e-02	 6.29532140228399872406e-02	 6.03403843385664148680e-02	 0.00000000000000000000e+00	 0.00000000000000000000e+00	 0.00000000000000000000e+00	 6.27172985414077288624e-02	 6.88522639810545729214e-06	 0.00000000000000000000e+00	 0.00000000000000000000e+00	 0.00000000000000000000e+00	 
 -6.60000000000000031086e-01	 1.10118735428109509608e-06	 0.00000000000000000000e+00	 1.10470601555032206436e-06	 6.36024199683632163183e-02	 6.37494671565740911312e-02	 6.10875696162347728291e-02	 0.00000000000000000000e+00	 0.00000000000000000000e+00	 0.00000000000000000000e+00	 6.35127631617436461120e-02	 6.99277953583032456104e-06	 0.00000000000000000000e+00	 0.00000000000000000000e+00	 0.00000000000000000000e+00	 
 -6.40000000000000013323e-01	 1.12127842899489891412e-06	 0.00000000000000000000e+00	 1.12581341021956727421e-06	 6.43729516968891274376e-02	 6.45206650189422553643e-02	 6.18093633146891835439e-02	 0.00000000000000000000e+00	 0.00000000000000000000e+00	 0.00000000000000000000e+00	 6.42833050888349799568e-02	 7.10006040062807782220e-06	 0.00000000000000000000e+00	 0.00000000000000000000e+00	 0.00000000000000000000e+00	 
 -6.19999999999999884537e-01	 1.14127695280083430858e-06	 0.00000000000000000000e+00	 1.14664612617968532425e-06	 6.51156727945445545913e-02	 6.52639907871165048103e-02	 6.25029777714058432103e-02	 0.00000000000000000000e+00	 0.00000000000000000000e+00	 0.00000000000000000000e+00	 6.50261314525565209399e-02	 7.20698507151226386487e-06	 0.00000000000000000000e+00	 0.00000000000000000000e+00	 0.00000000000000000000e+00	 
 -5.99999999999999977796e-01	 1.16107448772753404635e-06	 0.00000000000000000000e+00	 1.16712340349601475897e-06	 6.58277522741030490794e-02	 6.59766086794818934491e-02	 6.31656428302495576155e-02	 0.00000000000000000000e+00	 0.00000000000000000000e+00	 0.00000000000000000000e+00	 6.57384204768759056181e-02	 7.31347428206336402993e-06	 0.00000000000000000000e+00	 0.00000000000000000000e+00	 0.00000000000000000000e+00	 
 -5.79999999999999849010e-01	 1.18053388769771751801e-06	 0.00000000000000000000e+00	 1.18715558684030144401e-06	 6.65062884458773595497e-02	 6.66556121836030246453e-02	 6.37945216709705359426e-02	 0.00000000000000000000e+00	 0.00000000000000000000e+00	 0.00000000000000000000e+00	 6.64172801485352071182e-02	 7.41945433832957377119e-06	 0.00000000000000000000e+00	 0.00000000000000000000e+00	 0.00000000000000000000e+00	 
 -5.60000000000000053291e-01	 1.19952820549475495735e-06	 0.00000000000000000000e+00	 1.20669167370232731581e-06	 6.71483443184067718690e-02	 6.72980595521948804505e-02	 6.43867345472295404818e-02	 0.00000000000000000000e+00	 0.00000000000000000000e+00	 0.00000000000000000000e+00	 6.70597845096508188290e-02	 7.52485817991710858075e-06	 0.00000000000000000000e+00	 0.00000000000000000000e+00	 0.00000000000000000000e+00	 
 -5.40000000000000035527e-01	 1.21801886752079457133e-06	 0.00000000000000000000e+00	 1.22583104529317826432e-06	 6.77510243505948656084e-02	 6.79010507621880671225e-02	 6.49394070991452659891e-02	 0.00000000000000000000e+00	 0.00000000000000000000e+00	 0.00000000000000000000e+00	 6.76630525202982224808e-02	 7.62962631422954013622e-06	 0.00000000000000000000e+00	 0.00000000000000000000e+00	 0.00000000000000000000e+00	 
 -5.20000000000000017764e-01	 1.23596751384467067867e-06	 0.00000000000000000000e+00	 1.24466218989954483670e-06	 6.83113967059942178706e-02	 6.84616495533210828173e-02	 6.54496265804854621129e-02	 0.00000000000000000000e+00	 0.00000000000000000000e+00	 0.00000000000000000000e+00	 6.82241677475822344556e-02	 7.73370769028276237097e-06	 0.00000000000000000000e+00	 0.00000000000000000000e+00	 0.00000000000000000000e+00	 
 -5.00000000000000000000e-01	 1.25333237283701153052e-06	 0.00000000000000000000e+00	 1.26323933532225908220e-06	 6.88265388558750995651e-02	 6.89769330437136896084e-02	 6.59144901051969545058e-02	 0.00000000000000000000e+00	 0.00000000000000000000e+00	 0.00000000000000000000e+00	 6.87402219323899749126e-02	 7.83706090285262224940e-06	 0.00000000000000000000e+00	 0.00000000000000000000e+00	 0.00000000000000000000e+00	 
 -4.79999999999999926725e-01	 1.27005916260252524978e-06	 0.00000000000000000000e+00	 1.28149833198178457451e-06	 6.92936331345108819102e-02	 6.94440968191927937569e-02	 6.63312068967787243912e-02	 0.00000000000000000000e+00	 0.00000000000000000000e+00	 0.00000000000000000000e+00	 6.92084055737704484379e-02	 7.93965479922491902979e-06	 0.00000000000000000000e+00	 0.00000000000000000000e+00	 0.00000000000000000000e+00	 
 -4.59999999999999964473e-01	 1.28609254043470651964e-06	 0.00000000000000000000e+00	 1.29936832872582029988e-06	 6.97098696705344134106e-02	 6.98603461752003579432e-02	 6.66969919842721470360e-02	 0.00000000000000000000e+00	 0.00000000000000000000e+00	 0.00000000000000000000e+00	 6.96259169217378487415e-02	 8.04146872478145952003e-06	 0.00000000000000000000e+00	 0.00000000000000000000e+00	 0.00000000000000000000e+00	 
 -4.40000000000000002220e-01	 1.30140198583541974918e-06	 0.00000000000000000000e+00	 1.31679121555084631866e-06	 7.00724988845745633270e-02	 7.02229372110245025906e-02	 6.70091244201035940442e-02	 0.00000000000000000000e+00	 0.00000000000000000000e+00	 0.00000000000000000000e+00	 6.99900071566847414850e-02	 8.14249375396447498318e-06	 0.00000000000000000000e+00	 0.00000000000000000000e+00	 0.00000000000000000000e+00	 
 -4.19999999999999984457e-01	 1.31604309022110631387e-06	 0.00000000000000000000e+00	 1.33376586098035516736e-06	 7.03789367829072143312e-02	 7.05292545345200805329e-02	 6.72650661848527703368e-02	 0.00000000000000000000e+00	 0.00000000000000000000e+00	 0.00000000000000000000e+00	 7.02980683857157701011e-02	 8.24273173214036118965e-06	 0.00000000000000000000e+00	 0.00000000000000000000e+00	 0.00000000000000000000e+00	 
 -3.99999999999999911182e-01	 1.33007250723756255269e-06	 0.00000000000000000000e+00	 1.35029375558051436686e-06	 7.06266570480903882467e-02	 7.07767377440096656649e-02	 6.74623359909994474437e-02	 0.00000000000000000000e+00	 0.00000000000000000000e+00	 0.00000000000000000000e+00	 7.05475472547718723826e-02	 8.34219296186872178020e-06	 0.00000000000000000000e+00	 0.00000000000000000000e+00	 0.00000000000000000000e+00	 
 -3.80000000000000004441e-01	 1.34350910183981899184e-06	 0.00000000000000000000e+00	 1.36635908544376191453e-06	 7.08132396466578384331e-02	 7.09629423776907131138e-02	 6.75985604892135882871e-02	 0.00000000000000000000e+00	 0.00000000000000000000e+00	 0.00000000000000000000e+00	 7.07360013458108449758e-02	 8.44089715016718395259e-06	 0.00000000000000000000e+00	 0.00000000000000000000e+00	 0.00000000000000000000e+00	 
 -3.59999999999999931166e-01	 1.35623034352646601160e-06	 0.00000000000000000000e+00	 1.38187975836918640958e-06	 7.09364596892429061237e-02	 7.10856588731500482758e-02	 6.76715683161483866348e-02	 0.00000000000000000000e+00	 0.00000000000000000000e+00	 0.00000000000000000000e+00	 7.08612075187752404881e-02	 8.53886678557649972951e-06	 0.00000000000000000000e+00	 0.00000000000000000000e+00	 0.00000000000000000000e+00	 
 -3.39999999999999968914e-01	 1.36809500419093092482e-06	 0.00000000000000000000e+00	 1.39676443331513877535e-06	 7.09941980553766005535e-02	 7.11427853909104151997e-02	 6.76792923617761804644e-02	 0.00000000000000000000e+00	 0.00000000000000000000e+00	 0.00000000000000000000e+00	 7.09210481218640470535e-02	 8.63611586001088239501e-06	 0.00000000000000000000e+00	 0.00000000000000000000e+00	 0.00000000000000000000e+00	 
 -3.20000000000000006661e-01	 1.37895246785761588133e-06	 0.00000000000000000000e+00	 1.41087106056292535219e-06	 7.09845107546673015353e-02	 7.11323885276973905123e-02	 6.76198328453736646759e-02	 0.00000000000000000000e+00	 0.00000000000000000000e+00	 0.00000000000000000000e+00	 7.09135756388939580974e-02	 8.73267815182354079789e-06	 0.00000000000000000000e+00	 0.00000000000000000000e+00	 0.00000000000000000000e+00	 
 -2.99999999999999933387e-01	 1.38865664785628880226e-06	 0.00000000000000000000e+00	 1.42390612018425846896e-06	 7.09057607661053856951e-02	 7.10528140408196035027e-02	 6.74915726489504902430e-02	 0.00000000000000000000e+00	 0.00000000000000000000e+00	 0.00000000000000000000e+00	 7.08371335046001082691e-02	 8.82864840725420178629e-06	 0.00000000000000000000e+00	 0.00000000000000000000e+00	 0.00000000000000000000e+00	 
 -2.80000000000000026645e-01	 1.39704446491668622845e-06	 0.00000000000000000000e+00	 1.43548968985437696953e-06	 7.07564675170311713215e-02	 7.09025632274831035806e-02	 6.72930455855616227456e-02	 0.00000000000000000000e+00	 0.00000000000000000000e+00	 0.00000000000000000000e+00	 7.06902197770254009379e-02	 8.92414065391273963264e-06	 0.00000000000000000000e+00	 0.00000000000000000000e+00	 0.00000000000000000000e+00	 
 -2.59999999999999953371e-01	 1.40396258510543605405e-06	 0.00000000000000000000e+00	 1.44526723390692409787e-06	 7.05353803470764734174e-02	 7.06803665359851257532e-02	 6.70230066708772942441e-02	 0.00000000000000000000e+00	 0.00000000000000000000e+00	 0.00000000000000000000e+00	 7.04715623617238606791e-02	 9.01929756371053690763e-06	 0.00000000000000000000e+00	 0.00000000000000000000e+00	 0.00000000000000000000e+00	 
 -2.39999999999999907851e-01	 1.40932365697205188387e-06	 0.00000000000000000000e+00	 1.45311799066428510503e-06	 7.02416117424621289089e-02	 7.03853176990208023733e-02	 6.66805566155941886741e-02	 0.00000000000000000000e+00	 0.00000000000000000000e+00	 0.00000000000000000000e+00	 7.01802572166394661446e-02	 9.11430640285990981684e-06	 0.00000000000000000000e+00	 0.00000000000000000000e+00	 0.00000000000000000000e+00	 
 -2.19999999999999945599e-01	 1.41303901043540512488e-06	 0.00000000000000000000e+00	 1.45891830185729487854e-06	 6.98744719872852332321e-02	 7.00167076322249642972e-02	 6.62649855726155229130e-02	 0.00000000000000000000e+00	 0.00000000000000000000e+00	 0.00000000000000000000e+00	 6.98155970105250045510e-02	 9.20938335069936570162e-06	 0.00000000000000000000e+00	 0.00000000000000000000e+00	 0.00000000000000000000e+00	 
 -1.99999999999999983347e-01	 1.41508651166048230226e-06	 0.00000000000000000000e+00	 1.46260257833540325137e-06	 6.94335359622979819694e-02	 6.95741051960173523261e-02	 6.57758540183795425982e-02	 0.00000000000000000000e+00	 0.00000000000000000000e+00	 0.00000000000000000000e+00	 6.93771364433165838026e-02	 9.30476386958758120295e-06	 0.00000000000000000000e+00	 0.00000000000000000000e+00	 0.00000000000000000000e+00	 
 -1.79999999999999993339e-01	 1.41566860188446246392e-06	 0.00000000000000000000e+00	 1.46430489365979881987e-06	 6.89187523689156478213e-02	 6.90574996652027622845e-02	 6.52131336358521412899e-02	 0.00000000000000000000e+00	 0.00000000000000000000e+00	 0.00000000000000000000e+00	 6.88647986273546175440e-02	 9.40067684587706811855e-06	 0.00000000000000000000e+00	 0.00000000000000000000e+00	 0.00000000000000000000e+00	 
 -1.59999999999999920064e-01	 1.41498514581622488750e-06	 0.00000000000000000000e+00	 1.46416533636454109983e-06	 6.83302912468062573215e-02	 6.84671045956466994831e-02	 6.45770106264735022084e-02	 0.00000000000000000000e+00	 0.00000000000000000000e+00	 0.00000000000000000000e+00	 6.82787269062768570338e-02	 9.49737032249871227939e-06	 0.00000000000000000000e+00	 0.00000000000000000000e+00	 0.00000000000000000000e+00	 
 -1.39999999999999902300e-01	 1.41321686770192346014e-06	 0.00000000000000000000e+00	 1.46231774701237860650e-06	 6.76686139884338649919e-02	 6.78034280606803485547e-02	 6.38679699138029466354e-02	 0.00000000000000000000e+00	 0.00000000000000000000e+00	 0.00000000000000000000e+00	 6.76193704316666865939e-02	 9.59510698429558037343e-06	 0.00000000000000000000e+00	 0.00000000000000000000e+00	 0.00000000000000000000e+00	 
 -1.20000000000000009437e-01	 1.41045715757820883241e-06	 0.00000000000000000000e+00	 1.45884328525182301162e-06	 6.69345830949253234321e-02	 6.70673809405780418924e-02	 6.30869332722773928923e-02	 0.00000000000000000000e+00	 0.00000000000000000000e+00	 0.00000000000000000000e+00	 6.68876310649556965471e-02	 9.69414146442788517881e-06	 0.00000000000000000000e+00	 0.00000000000000000000e+00	 0.00000000000000000000e+00	 
 -1.00000000000000005551e-01	 1.40680431984274200527e-06	 0.00000000000000000000e+00	 1.45383065438218272740e-06	 6.61292863101470701492e-02	 6.62601016380019308682e-02	 6.22350411452843449434e-02	 0.00000000000000000000e+00	 0.00000000000000000000e+00	 0.00000000000000000000e+00	 6.60846382697053563726e-02	 9.79472998285891610539e-06	 0.00000000000000000000e+00	 0.00000000000000000000e+00	 0.00000000000000000000e+00	 
 -8.00000000000000155431e-02	 1.40231562922569865152e-06	 0.00000000000000000000e+00	 1.44738598491958394894e-06	 6.52541466807421283169e-02	 6.53830438665988777913e-02	 6.13137633564098880057e-02	 0.00000000000000000000e+00	 0.00000000000000000000e+00	 0.00000000000000000000e+00	 6.52118484020477590102e-02	 9.89718222810288759928e-06	 0.00000000000000000000e+00	 0.00000000000000000000e+00	 0.00000000000000000000e+00	 
 -5.99999999999999630851e-02	 1.39689464297720429647e-06	 0.00000000000000000000e+00	 1.43964920853683205445e-06	 6.43111170585871222416e-02	 6.44381174421505137362e-02	 6.03250865374943823216e-02	 0.00000000000000000000e+00	 0.00000000000000000000e+00	 0.00000000000000000000e+00	 6.42712120928708718903e-02	 1.00019539738320530878e-05	 0.00000000000000000000e+00	 0.00000000000000000000e+00	 0.00000000000000000000e+00	 
 -3.99999999999999383826e-02	 1.39043183483855914973e-06	 0.00000000000000000000e+00	 1.43076480808719564191e-06	 6.33023612627382076257e-02	 6.34274413944217324568e-02	 5.92711983094305547293e-02	 0.00000000000000000000e+00	 0.00000000000000000000e+00	 0.00000000000000000000e+00	 6.32648910572636696825e-02	 1.01095408928129975131e-05	 0.00000000000000000000e+00	 0.00000000000000000000e+00	 0.00000000000000000000e+00	 
 -2.00000000000000281719e-02	 1.38282818550417665088e-06	 0.00000000000000000000e+00	 1.42084159127128200524e-06	 6.22303366473665880987e-02	 6.23534273536513264369e-02	 5.81545953170864299286e-02	 0.00000000000000000000e+00	 0.00000000000000000000e+00	 0.00000000000000000000e+00	 6.21953325958551558883e-02	 1.02204736512598782263e-05	 0.00000000000000000000e+00	 0.00000000000000000000e+00	 0.00000000000000000000e+00	 
 -4.82163733276643543166e-17	 1.37404561400870641034e-06	 0.00000000000000000000e+00	 1.40984985077141707217e-06	 6.10979064285958189950e-02	 6.12188964471978361304e-02	 5.69782438621924333666e-02	 0.00000000000000000000e+00	 0.00000000000000000000e+00	 0.00000000000000000000e+00	 6.10653633996886338609e-02	 1.03353012960790302966e-05	 0.00000000000000000000e+00	 0.00000000000000000000e+00	 0.00000000000000000000e+00	 
 2.00000000000001253164e-02	 1.36404312460232738570e-06	 0.00000000000000000000e+00	 1.39775645314401517697e-06	 5.99080977127260660975e-02	 6.00268332631550619038e-02	 5.57452638399308850192e-02	 0.00000000000000000000e+00	 0.00000000000000000000e+00	 0.00000000000000000000e+00	 5.98779736966580308777e-02	 1.04546097830756352215e-05	 0.00000000000000000000e+00	 0.00000000000000000000e+00	 0.00000000000000000000e+00	 
 4.00000000000001187939e-02	 1.35270174710814754594e-06	 0.00000000000000000000e+00	 1.38452784522373246553e-06	 5.86641805442445554708e-02	 5.87804918686393867988e-02	 5.44590576609975535183e-02	 0.00000000000000000000e+00	 0.00000000000000000000e+00	 0.00000000000000000000e+00	 5.86364190626955522623e-02	 1.05789135904625596210e-05	 0.00000000000000000000e+00	 0.00000000000000000000e+00	 0.00000000000000000000e+00	 
 6.00000000000000255351e-02	 1.33965249360447129756e-06	 0.00000000000000000000e+00	 1.37013738802081722433e-06	 5.73697566626127225531e-02	 5.74835489647399500157e-02	 5.31234952961255058046e-02	 0.00000000000000000000e+00	 0.00000000000000000000e+00	 0.00000000000000000000e+00	 5.73443634227414414384e-02	 1.07083979657518662192e-05	 0.00000000000000000000e+00	 0.00000000000000000000e+00	 0.00000000000000000000e+00	 
 7.99999999999999322764e-02	 1.32445706687845711570e-06	 0.00000000000000000000e+00	 1.35455451042559198677e-06	 5.60285203231326370266e-02	 5.61397758490072285031e-02	 5.17425267708545230660e-02	 0.00000000000000000000e+00	 0.00000000000000000000e+00	 0.00000000000000000000e+00	 5.60055648655300233885e-02	 1.08431126551007014745e-05	 0.00000000000000000000e+00	 0.00000000000000000000e+00	 0.00000000000000000000e+00	 
 9.99999999999999500400e-02	 1.30678989724567112082e-06	 0.00000000000000000000e+00	 1.33770247280149326775e-06	 5.46443702973612235874e-02	 5.47531511976330070857e-02	 5.03203229432707815905e-02	 0.00000000000000000000e+00	 0.00000000000000000000e+00	 0.00000000000000000000e+00	 5.46239733357883755493e-02	 1.09831199524934215603e-05	 0.00000000000000000000e+00	 0.00000000000000000000e+00	 0.00000000000000000000e+00	 
 1.20000000000000023315e-01	 1.28681195530143146187e-06	 0.00000000000000000000e+00	 1.31936259161299494355e-06	 5.32215555626356709440e-02	 5.33280042557371519729e-02	 4.88614538609609960762e-02	 0.00000000000000000000e+00	 0.00000000000000000000e+00	 0.00000000000000000000e+00	 5.32038399304323034178e-02	 1.11286876269021591939e-05	 0.00000000000000000000e+00	 0.00000000000000000000e+00	 0.00000000000000000000e+00	 
 1.40000000000000041078e-01	 1.26469236999215308543e-06	 0.00000000000000000000e+00	 1.29928724335161225795e-06	 5.17643288282205113471e-02	 5.18686682276768840083e-02	 4.73704727733330888118e-02	 0.00000000000000000000e+00	 0.00000000000000000000e+00	 0.00000000000000000000e+00	 5.17494196526401342706e-02	 1.12800205752272997978e-05	 0.00000000000000000000e+00	 0.00000000000000000000e+00	 0.00000000000000000000e+00	 
 1.59999999999999975575e-01	 1.24064344761545729688e-06	 0.00000000000000000000e+00	 1.27724966288213353958e-06	 5.02770513219989029219e-02	 5.03795767702216457096e-02	 4.58520557823293914423e-02	 0.00000000000000000000e+00	 0.00000000000000000000e+00	 0.00000000000000000000e+00	 5.02650716485981349790e-02	 1.14373607431573384550e-05	 0.00000000000000000000e+00	 0.00000000000000000000e+00	 0.00000000000000000000e+00	 
 1.79999999999999937828e-01	 1.21499084782531687987e-06	 0.00000000000000000000e+00	 1.25314550057648067420e-06	 4.87642905298810783177e-02	 4.88653384550284744514e-02	 4.43111357305674830043e-02	 0.00000000000000000000e+00	 0.00000000000000000000e+00	 0.00000000000000000000e+00	 4.87553468042673174287e-02	 1.16011249788393329505e-05	 0.00000000000000000000e+00	 0.00000000000000000000e+00	 0.00000000000000000000e+00	 
 2.00000000000000094369e-01	 1.18805486906245892025e-06	 0.00000000000000000000e+00	 1.22686481267243372913e-06	 4.72305167126957498036e-02	 4.73304631238186668263e-02	 4.27525190012349176616e-02	 0.00000000000000000000e+00	 0.00000000000000000000e+00	 0.00000000000000000000e+00	 4.72246992744493679361e-02	 1.17717080897313192481e-05	 0.00000000000000000000e+00	 0.00000000000000000000e+00	 0.00000000000000000000e+00	 
 2.20000000000000001110e-01	 1.16011504175127348928e-06	 0.00000000000000000000e+00	 1.19831906395431182919e-06	 4.56802444790895753601e-02	 4.57794818150830812309e-02	 4.11810790940440873964e-02	 0.00000000000000000000e+00	 0.00000000000000000000e+00	 0.00000000000000000000e+00	 4.56776324789985796460e-02	 1.19495176113069843704e-05	 0.00000000000000000000e+00	 0.00000000000000000000e+00	 0.00000000000000000000e+00	 
 2.39999999999999963363e-01	 1.13130422611677762931e-06	 0.00000000000000000000e+00	 1.16750097934892981932e-06	 4.41181804257115006695e-02	 4.42170436192191596003e-02	 3.96019677773182671165e-02	 0.00000000000000000000e+00	 0.00000000000000000000e+00	 0.00000000000000000000e+00	 4.41188582371204521260e-02	 1.21349891407818968116e-05	 0.00000000000000000000e+00	 0.00000000000000000000e+00	 0.00000000000000000000e+00	 
 2.59999999999999953371e-01	 1.10175402751787231648e-06	 0.00000000000000000000e+00	 1.13440679488128396394e-06	 4.25488301534398677406e-02	 4.26475962688497231556e-02	 3.80200941028659006315e-02	 0.00000000000000000000e+00	 0.00000000000000000000e+00	 0.00000000000000000000e+00	 4.25528879150613645321e-02	 1.23285260368693689920e-05	 0.00000000000000000000e+00	 0.00000000000000000000e+00	 0.00000000000000000000e+00	 
 2.80000000000000082157e-01	 1.07160681667369929061e-06	 0.00000000000000000000e+00	 1.09914685607086735152e-06	 4.09766489484134632804e-02	 4.10755326037113288606e-02	 3.64403285682632499531e-02	 0.00000000000000000000e+00	 0.00000000000000000000e+00	 0.00000000000000000000e+00	 4.09841714472870405350e-02	 1.25303636592305961606e-05	 0.00000000000000000000e+00	 0.00000000000000000000e+00	 0.00000000000000000000e+00	 
 2.99999999999999988898e-01	 1.04103865239919041901e-06	 0.00000000000000000000e+00	 1.06219331202268339117e-06	 3.94061630485169206439e-02	 3.95053071069211003685e-02	 3.48676727716583853556e-02	 0.00000000000000000000e+00	 0.00000000000000000000e+00	 0.00000000000000000000e+00	 3.94171925159688477103e-02	 1.27401916958789360792e-05	 0.00000000000000000000e+00	 0.00000000000000000000e+00	 0.00000000000000000000e+00	 
 3.20000000000000006661e-01	 1.01021928377862576805e-06	 0.00000000000000000000e+00	 1.02399806794532131388e-06	 3.78416009004565664919e-02	 3.79410785846336570670e-02	 3.33067767125990316091e-02	 0.00000000000000000000e+00	 0.00000000000000000000e+00	 0.00000000000000000000e+00	 3.78561394158197228599e-02	 1.29574752238140338575e-05	 0.00000000000000000000e+00	 0.00000000000000000000e+00	 0.00000000000000000000e+00	 
 3.39999999999999968914e-01	 9.79311616279160339040e-07	 0.00000000000000000000e+00	 9.85036268710342952074e-07	 3.62870466276638964365e-02	 3.63868587558556430550e-02	 3.17621852075498922741e-02	 0.00000000000000000000e+00	 0.00000000000000000000e+00	 0.00000000000000000000e+00	 3.63050639606786601510e-02	 1.31816036799003575197e-05	 0.00000000000000000000e+00	 0.00000000000000000000e+00	 0.00000000000000000000e+00	 
 3.59999999999999931166e-01	 9.48462723049011220839e-07	 0.00000000000000000000e+00	 9.45859153843767713331e-07	 3.47465181187368576943e-02	 3.48465852034821749195e-02	 3.02385358129160057572e-02	 0.00000000000000000000e+00	 0.00000000000000000000e+00	 0.00000000000000000000e+00	 3.47679756120653493667e-02	 1.34119947897386967192e-05	 0.00000000000000000000e+00	 0.00000000000000000000e+00	 0.00000000000000000000e+00	 
 3.80000000000000059952e-01	 9.17808740181348026520e-07	 0.00000000000000000000e+00	 9.06965499246212948746e-07	 3.32236589036762966498e-02	 3.33238268260499931328e-02	 2.87400179997084649630e-02	 0.00000000000000000000e+00	 0.00000000000000000000e+00	 0.00000000000000000000e+00	 3.32485121433655911316e-02	 1.36478274701976863987e-05	 0.00000000000000000000e+00	 0.00000000000000000000e+00	 0.00000000000000000000e+00	 
 4.00000000000000077716e-01	 8.87425186015319709460e-07	 0.00000000000000000000e+00	 8.68724501125357999180e-07	 3.17219175532909430926e-02	 3.18219991208476965516e-02	 2.72706170535235541130e-02	 0.00000000000000000000e+00	 0.00000000000000000000e+00	 0.00000000000000000000e+00	 3.17501317780282607539e-02	 1.38883530926787456829e-05	 0.00000000000000000000e+00	 0.00000000000000000000e+00	 0.00000000000000000000e+00	 
 4.19999999999999984457e-01	 8.57209494087987613819e-07	 0.00000000000000000000e+00	 8.31138217272769709496e-07	 3.02446368270377873022e-02	 3.03445399913810330561e-02	 2.58342302035003794358e-02	 0.00000000000000000000e+00	 0.00000000000000000000e+00	 0.00000000000000000000e+00	 3.02762324496966724052e-02	 1.41333378198657446789e-05	 0.00000000000000000000e+00	 0.00000000000000000000e+00	 0.00000000000000000000e+00	 
 4.39999999999999946709e-01	 8.27045264709333087299e-07	 0.00000000000000000000e+00	 7.94195667888401728386e-07	 2.87947339377987859832e-02	 2.88944604204633866129e-02	 2.44342431382921082550e-02	 0.00000000000000000000e+00	 0.00000000000000000000e+00	 0.00000000000000000000e+00	 2.88297857365126947160e-02	 1.43824079468808070723e-05	 0.00000000000000000000e+00	 0.00000000000000000000e+00	 0.00000000000000000000e+00	 
 4.60000000000000131006e-01	 7.96831930151962510440e-07	 0.00000000000000000000e+00	 7.57911317370337258472e-07	 2.73749326641521510683e-02	 2.74745513615512332306e-02	 2.30737689968623337078e-02	 0.00000000000000000000e+00	 0.00000000000000000000e+00	 0.00000000000000000000e+00	 2.74135321714945555394e-02	 1.46350505384725865812e-05	 0.00000000000000000000e+00	 0.00000000000000000000e+00	 0.00000000000000000000e+00	 
 4.80000000000000037748e-01	 7.66548647567808808105e-07	 0.00000000000000000000e+00	 7.22407444648900255222e-07	 2.59879200156866961569e-02	 2.60874783110317254309e-02	 2.17556931468481026815e-02	 0.00000000000000000000e+00	 0.00000000000000000000e+00	 0.00000000000000000000e+00	 2.60300537536435790120e-02	 1.48904531881302448765e-05	 0.00000000000000000000e+00	 0.00000000000000000000e+00	 0.00000000000000000000e+00	 
 5.00000000000000000000e-01	 7.36167465943948309339e-07	 0.00000000000000000000e+00	 6.87791690610427881705e-07	 2.46359239497333376567e-02	 2.47354517520884213677e-02	 2.04823696555322710966e-02	 0.00000000000000000000e+00	 0.00000000000000000000e+00	 0.00000000000000000000e+00	 2.46814828757726499597e-02	 1.51475430159024010532e-05	 0.00000000000000000000e+00	 0.00000000000000000000e+00	 0.00000000000000000000e+00	 
 5.20000000000000128786e-01	 7.05663770612151714702e-07	 0.00000000000000000000e+00	 6.54184571881272199448e-07	 2.33209236602046066089e-02	 2.34204470932390801385e-02	 1.92558508131686623166e-02	 0.00000000000000000000e+00	 0.00000000000000000000e+00	 0.00000000000000000000e+00	 2.33697403568891882986e-02	 1.54047906036154052102e-05	 0.00000000000000000000e+00	 0.00000000000000000000e+00	 0.00000000000000000000e+00	 
 5.40000000000000035527e-01	 6.75037180759714943844e-07	 0.00000000000000000000e+00	 6.21767979743229604853e-07	 2.20446993487746593920e-02	 2.21442793653796494990e-02	 1.80778710092084765604e-02	 0.00000000000000000000e+00	 0.00000000000000000000e+00	 0.00000000000000000000e+00	 2.20966573355383458233e-02	 1.56595486537465332757e-05	 0.00000000000000000000e+00	 0.00000000000000000000e+00	 0.00000000000000000000e+00	 
 5.60000000000000053291e-01	 6.44281822646955653338e-07	 0.00000000000000000000e+00	 5.90696787826327551365e-07	 2.08085757220137883283e-02	 2.09083094385616487243e-02	 1.69496592297764675505e-02	 0.00000000000000000000e+00	 0.00000000000000000000e+00	 0.00000000000000000000e+00	 2.08636115445432895887e-02	 1.59085903736201222946e-05	 0.00000000000000000000e+00	 0.00000000000000000000e+00	 0.00000000000000000000e+00	 
 5.79999999999999849010e-01	 6.13417288946512895961e-07	 0.00000000000000000000e+00	 5.61042975277953377163e-07	 1.96136625996888684653e-02	 1.97136872297765247675e-02	 1.58721551012819261928e-02	 0.00000000000000000000e+00	 0.00000000000000000000e+00	 0.00000000000000000000e+00	 1.96717697960550018388e-02	 1.61486731984025799812e-05	 0.00000000000000000000e+00	 0.00000000000000000000e+00	 0.00000000000000000000e+00	 
 5.99999999999999977796e-01	 5.82552261057599068916e-07	 0.00000000000000000000e+00	 5.32650057234466121461e-07	 1.84609341205080185189e-02	 1.85614361346463641045e-02	 1.48459465959985426747e-02	 0.00000000000000000000e+00	 0.00000000000000000000e+00	 0.00000000000000000000e+00	 1.85221703726813763380e-02	 1.63772818455079741161e-05	 0.00000000000000000000e+00	 0.00000000000000000000e+00	 0.00000000000000000000e+00	 
 6.20000000000000106581e-01	 5.51784911109150421304e-07	 0.00000000000000000000e+00	 5.05351452234215973823e-07	 1.73509334966801161138e-02	 1.74521471721222239115e-02	 1.38711782220617071970e-02	 0.00000000000000000000e+00	 0.00000000000000000000e+00	 0.00000000000000000000e+00	 1.74154190231604437400e-02	 1.65914284133077801419e-05	 0.00000000000000000000e+00	 0.00000000000000000000e+00	 0.00000000000000000000e+00	 
 6.39999999999999902300e-01	 5.21232323637738436863e-07	 0.00000000000000000000e+00	 4.79002055092293799539e-07	 1.62840536765410937026e-02	 1.63862356577278052427e-02	 1.29476873782249715661e-02	 0.00000000000000000000e+00	 0.00000000000000000000e+00	 0.00000000000000000000e+00	 1.63519406347155428494e-02	 1.67877208054799875129e-05	 0.00000000000000000000e+00	 0.00000000000000000000e+00	 0.00000000000000000000e+00	 
 6.60000000000000031086e-01	 4.91081945869552471604e-07	 0.00000000000000000000e+00	 4.53543136648282718353e-07	 1.52606670904783334880e-02	 1.53640176020498949588e-02	 1.20747752940343483496e-02	 0.00000000000000000000e+00	 0.00000000000000000000e+00	 0.00000000000000000000e+00	 1.53320446181454198009e-02	 1.69621568316247822922e-05	 0.00000000000000000000e+00	 0.00000000000000000000e+00	 0.00000000000000000000e+00	 
 6.80000000000000159872e-01	 4.61497746579982437194e-07	 0.00000000000000000000e+00	 4.28910117333604556393e-07	 1.42807444350510678172e-02	 1.43854145109817092157e-02	 1.12514139038337908361e-02	 0.00000000000000000000e+00	 0.00000000000000000000e+00	 0.00000000000000000000e+00	 1.43556471807470675123e-02	 1.71100843128178125739e-05	 0.00000000000000000000e+00	 0.00000000000000000000e+00	 0.00000000000000000000e+00	 
 6.99999999999999955591e-01	 4.32640467485505032898e-07	 0.00000000000000000000e+00	 4.05014816989742856414e-07	 1.33441368986513732992e-02	 1.34502243065065373723e-02	 1.04763240625156094088e-02	 0.00000000000000000000e+00	 0.00000000000000000000e+00	 0.00000000000000000000e+00	 1.34225427543062467844e-02	 1.72272314319825694206e-05	 0.00000000000000000000e+00	 0.00000000000000000000e+00	 0.00000000000000000000e+00	 
 7.20000000000000084377e-01	 4.04686737450666236905e-07	 0.00000000000000000000e+00	 3.81701205092235707582e-07	 1.24506687469883251668e-02	 1.25581989034118830795e-02	 9.74767794046232580185e-03	 0.00000000000000000000e+00	 0.00000000000000000000e+00	 0.00000000000000000000e+00	 1.25324845783955519246e-02	 1.73114452590505745692e-05	 0.00000000000000000000e+00	 0.00000000000000000000e+00	 0.00000000000000000000e+00	 
 7.39999999999999991118e-01	 3.77779658314403769376e-07	 0.00000000000000000000e+00	 3.58815679586163768568e-07	 1.15998027929009230735e-02	 1.17087403765358151475e-02	 9.06345347817580186678e-03	 0.00000000000000000000e+00	 0.00000000000000000000e+00	 0.00000000000000000000e+00	 1.16848768152784041052e-02	 1.73601674873668708704e-05	 0.00000000000000000000e+00	 0.00000000000000000000e+00	 0.00000000000000000000e+00	 
 7.60000000000000008882e-01	 3.52011001714428951681e-07	 0.00000000000000000000e+00	 3.36266951754223848670e-07	 1.07909341879649511853e-02	 1.09011767810591967548e-02	 8.42147570263026418180e-03	 0.00000000000000000000e+00	 0.00000000000000000000e+00	 0.00000000000000000000e+00	 1.08790476952724864818e-02	 1.73708160708944149553e-05	 0.00000000000000000000e+00	 0.00000000000000000000e+00	 0.00000000000000000000e+00	 
 7.80000000000000137668e-01	 3.27351876818374863506e-07	 0.00000000000000000000e+00	 3.14150407538535327022e-07	 1.00234800114486731493e-02	 1.01348264672505902068e-02	 7.81911867514576731930e-03	 0.00000000000000000000e+00	 0.00000000000000000000e+00	 0.00000000000000000000e+00	 1.01143094208785613158e-02	 1.73414357214500489135e-05	 0.00000000000000000000e+00	 0.00000000000000000000e+00	 0.00000000000000000000e+00	 
 7.99999999999999933387e-01	 3.03759298126362184414e-07	 0.00000000000000000000e+00	 2.92551584508444799006e-07	 9.29653669044591332571e-03	 9.40870586260958777225e-03	 7.25368889726757132969e-03	 0.00000000000000000000e+00	 0.00000000000000000000e+00	 0.00000000000000000000e+00	 9.38967432468795423772e-03	 1.72695993940887859166e-05	 0.00000000000000000000e+00	 0.00000000000000000000e+00	 0.00000000000000000000e+00	 
 8.20000000000000062172e-01	 2.81187414624121121043e-07	 0.00000000000000000000e+00	 2.71616264946396946163e-07	 8.60917302473170401034e-03	 8.72181692990727647219e-03	 6.72248613563839955698e-03	 0.00000000000000000000e+00	 0.00000000000000000000e+00	 0.00000000000000000000e+00	 8.70415224036645389372e-03	 1.71530507559061409393e-05	 0.00000000000000000000e+00	 0.00000000000000000000e+00	 0.00000000000000000000e+00	 
 8.39999999999999857891e-01	 2.59596751161360135594e-07	 0.00000000000000000000e+00	 2.51680226042898579518e-07	 7.96049638395750561171e-03	 8.07322065535604101172e-03	 6.22262479881610392624e-03	 0.00000000000000000000e+00	 0.00000000000000000000e+00	 0.00000000000000000000e+00	 8.05684732751723448052e-03	 1.69909685168760855086e-05	 0.00000000000000000000e+00	 0.00000000000000000000e+00	 0.00000000000000000000e+00	 
 8.60000000000000097700e-01	 2.38939906023208038339e-07	 0.00000000000000000000e+00	 2.33003118389556371647e-07	 7.34933499616001115196e-03	 7.46171650911770130421e-03	 5.75124035080804875408e-03	 0.00000000000000000000e+00	 0.00000000000000000000e+00	 0.00000000000000000000e+00	 7.44659701002772095313e-03	 1.67820528275972462068e-05	 0.00000000000000000000e+00	 0.00000000000000000000e+00	 0.00000000000000000000e+00	 
 8.80000000000000115463e-01	 2.19187805631471583220e-07	 0.00000000000000000000e+00	 2.15697936596925329828e-07	 6.77451735821009773386e-03	 6.88613010567866619394e-03	 5.30569081696348563565e-03	 0.00000000000000000000e+00	 0.00000000000000000000e+00	 0.00000000000000000000e+00	 6.87224451095911573889e-03	 1.65255078286810488193e-05	 0.00000000000000000000e+00	 0.00000000000000000000e+00	 0.00000000000000000000e+00	 
 8.99999999999999911182e-01	 2.00369236940642205990e-07	 0.00000000000000000000e+00	 1.99510581001141278673e-07	 6.23489828187319752861e-03	 6.34537399786521804507e-03	 4.88372449933306088804e-03	 0.00000000000000000000e+00	 0.00000000000000000000e+00	 0.00000000000000000000e+00	 6.33266466387422729406e-03	 1.62231296029912794450e-05	 0.00000000000000000000e+00	 0.00000000000000000000e+00	 0.00000000000000000000e+00	 
 9.20000000000000039968e-01	 1.82500940195793672386e-07	 0.00000000000000000000e+00	 1.84186363853432041882e-07	 5.72910085560991017006e-03	 5.83813304198199222589e-03	 4.48310871274720020713e-03	 0.00000000000000000000e+00	 0.00000000000000000000e+00	 0.00000000000000000000e+00	 5.82650872179204821349e-03	 1.58761609223758158637e-05	 0.00000000000000000000e+00	 0.00000000000000000000e+00	 0.00000000000000000000e+00	 
 9.39999999999999835687e-01	 1.65651610796229732246e-07	 0.00000000000000000000e+00	 1.69537542720091215155e-07	 5.25579455880569122034e-03	 5.36313412891476458400e-03	 4.10204441688175394654e-03	 0.00000000000000000000e+00	 0.00000000000000000000e+00	 0.00000000000000000000e+00	 5.35247313867563603157e-03	 1.54856092778452322605e-05	 0.00000000000000000000e+00	 0.00000000000000000000e+00	 0.00000000000000000000e+00	 
 9.60000000000000075495e-01	 1.50050915127523226362e-07	 0.00000000000000000000e+00	 1.55576271620998572262e-07	 4.81372199911533470845e-03	 4.91916287796306719166e-03	 3.73975620503957072172e-03	 0.00000000000000000000e+00	 0.00000000000000000000e+00	 0.00000000000000000000e+00	 4.90931940449507338287e-03	 1.50530260735097399252e-05	 0.00000000000000000000e+00	 0.00000000000000000000e+00	 0.00000000000000000000e+00	 
 9.80000000000000093259e-01	 1.35857325245468623999e-07	 0.00000000000000000000e+00	 1.42305179960022500508e-07	 4.40143554505169516677e-03	 4.50481618764609834105e-03	 3.39532766794916349498e-03	 0.00000000000000000000e+00	 0.00000000000000000000e+00	 0.00000000000000000000e+00	 4.49562600168117078997e-03	 1.45793509368224914567e-05	 0.00000000000000000000e+00	 0.00000000000000000000e+00	 0.00000000000000000000e+00	 
 9.99999999999999888978e-01	 1.23144037574759986010e-07	 0.00000000000000000000e+00	 1.29732346539175749802e-07	 4.01758565652953446301e-03	 4.11877199771936569617e-03	 3.06826190244626753265e-03	 0.00000000000000000000e+00	 0.00000000000000000000e+00	 0.00000000000000000000e+00	 4.11007349011610709916e-03	 1.40672311250593811457e-05	 0.00000000000000000000e+00	 0.00000000000000000000e+00	 0.00000000000000000000e+00	 
 1.02000000000000001776e+00	 1.11795527315415795012e-07	 0.00000000000000000000e+00	 1.17883341164876832950e-07	 3.66097684037346030386e-03	 3.75981453856663811255e-03	 2.75922623742223382254e-03	 0.00000000000000000000e+00	 0.00000000000000000000e+00	 0.00000000000000000000e+00	 3.75150625292657588852e-03	 1.35258728507380612512e-05	 0.00000000000000000000e+00	 0.00000000000000000000e+00	 0.00000000000000000000e+00	 
 1.04000000000000003553e+00	 1.01689841611204163201e-07	 0.00000000000000000000e+00	 1.06766858729124525161e-07	 3.33024181703354916692e-03	 3.42656688726768188236e-03	 2.46843992180281355739e-03	 0.00000000000000000000e+00	 0.00000000000000000000e+00	 0.00000000000000000000e+00	 3.41859985984285796867e-03	 1.29632483890803824921e-05	 0.00000000000000000000e+00	 0.00000000000000000000e+00	 0.00000000000000000000e+00	 
 1.06000000000000005329e+00	 9.26789629551723202019e-08	 0.00000000000000000000e+00	 9.63741888432911331909e-08	 3.02408770030309498322e-03	 3.11773290529450191819e-03	 2.19618670018559150950e-03	 0.00000000000000000000e+00	 0.00000000000000000000e+00	 0.00000000000000000000e+00	 3.11009883688661246948e-03	 1.23857169446400751709e-05	 0.00000000000000000000e+00	 0.00000000000000000000e+00	 0.00000000000000000000e+00	 
 1.08000000000000007105e+00	 8.45320012338211777785e-08	 0.00000000000000000000e+00	 8.66541227346047111421e-08	 2.74126798034390146627e-03	 2.83207544729545228346e-03	 1.94319257783689925898e-03	 0.00000000000000000000e+00	 0.00000000000000000000e+00	 0.00000000000000000000e+00	 2.82478069769411845036e-03	 1.17969891784572252148e-05	 0.00000000000000000000e+00	 0.00000000000000000000e+00	 0.00000000000000000000e+00	 
 1.09999999999999986677e+00	 7.70329146316838380426e-08	 0.00000000000000000000e+00	 7.75533866354004455063e-08	 2.48040498086777617959e-03	 2.56823259980381354145e-03	 1.70958105637836329724e-03	 0.00000000000000000000e+00	 0.00000000000000000000e+00	 0.00000000000000000000e+00	 2.56129495635608328552e-03	 1.11996082079943261648e-05	 0.00000000000000000000e+00	 0.00000000000000000000e+00	 0.00000000000000000000e+00	 
 1.11999999999999988454e+00	 7.00001818142359767256e-08	 0.00000000000000000000e+00	 6.90657011676718843332e-08	 2.24023730987806630674e-03	 2.32495527185437502599e-03	 1.49532851034758296552e-03	 0.00000000000000000000e+00	 0.00000000000000000000e+00	 0.00000000000000000000e+00	 2.31840257555221158220e-03	 1.05959071136057991557e-05	 0.00000000000000000000e+00	 0.00000000000000000000e+00	 0.00000000000000000000e+00	 
 1.14000000000000012434e+00	 6.33232219878151418072e-08	 0.00000000000000000000e+00	 6.13162056349815514482e-08	 2.01962468876946835486e-03	 2.10110344302236315070e-03	 1.30036313936269338695e-03	 0.00000000000000000000e+00	 0.00000000000000000000e+00	 0.00000000000000000000e+00	 2.09497374936697903364e-03	 9.98958582605734929057e-06	 0.00000000000000000000e+00	 0.00000000000000000000e+00	 0.00000000000000000000e+00	 
 1.15999999999999992006e+00	 5.69051858274897879390e-08	 0.00000000000000000000e+00	 5.43792374290332119856e-08	 1.81731614123896304328e-03	 1.89543329177072777426e-03	 1.12409980720125693941e-03	 0.00000000000000000000e+00	 0.00000000000000000000e+00	 0.00000000000000000000e+00	 1.88977210571888119828e-03	 9.38321466985374479737e-06	 0.00000000000000000000e+00	 0.00000000000000000000e+00	 0.00000000000000000000e+00	 
 1.18000000000000015987e+00	 5.06949179657810984421e-08	 0.00000000000000000000e+00	 4.82603993164783178455e-08	 1.63216298768647420994e-03	 1.70680565147590971795e-03	 9.65852855169385183555e-04	 0.00000000000000000000e+00	 0.00000000000000000000e+00	 0.00000000000000000000e+00	 1.70165641260966601055e-03	 8.77976521545413577730e-06	 0.00000000000000000000e+00	 0.00000000000000000000e+00	 0.00000000000000000000e+00	 
 1.19999999999999973355e+00	 4.47490755286100086502e-08	 0.00000000000000000000e+00	 4.28073416030542192921e-08	 1.46308486051371965456e-03	 1.53415481325637785212e-03	 8.24873048542868565411e-04	 0.00000000000000000000e+00	 0.00000000000000000000e+00	 0.00000000000000000000e+00	 1.52953365292473231381e-03	 8.18514674619588372489e-06	 0.00000000000000000000e+00	 0.00000000000000000000e+00	 0.00000000000000000000e+00	 
 1.21999999999999997335e+00	 3.91091872262028283571e-08	 0.00000000000000000000e+00	 3.78779285118008188220e-08	 1.30891459819294678039e-03	 1.37633110980084848694e-03	 7.00064321004728248865e-04	 0.00000000000000000000e+00	 0.00000000000000000000e+00	 0.00000000000000000000e+00	 1.37223212224143846505e-03	 7.60366489646994517530e-06	 0.00000000000000000000e+00	 0.00000000000000000000e+00	 0.00000000000000000000e+00	 
 1.24000000000000021316e+00	 3.38434724389679880479e-08	 0.00000000000000000000e+00	 3.33685951532056078123e-08	 1.16858979167690051060e-03	 1.23229447062020111038e-03	 5.90331048296158667626e-04	 0.00000000000000000000e+00	 0.00000000000000000000e+00	 0.00000000000000000000e+00	 1.22869504994988203855e-03	 7.03866963064431191364e-06	 0.00000000000000000000e+00	 0.00000000000000000000e+00	 0.00000000000000000000e+00	 
 1.25999999999999978684e+00	 2.91069308419726745189e-08	 0.00000000000000000000e+00	 2.92634122003253080578e-08	 1.04110759199303455451e-03	 1.10108098169390015639e-03	 4.94579763390004837828e-04	 0.00000000000000000000e+00	 0.00000000000000000000e+00	 0.00000000000000000000e+00	 1.09795095841104962259e-03	 6.49276590174269096676e-06	 0.00000000000000000000e+00	 0.00000000000000000000e+00	 0.00000000000000000000e+00	 
 1.28000000000000002665e+00	 2.49852934497979860807e-08	 0.00000000000000000000e+00	 2.55420089133223054617e-08	 9.25406029713327104615e-04	 9.81661890840989726295e-04	 4.11532359427528311290e-04	 0.00000000000000000000e+00	 0.00000000000000000000e+00	 0.00000000000000000000e+00	 9.78967090008758984709e-04	 5.96719152264854832017e-06	 0.00000000000000000000e+00	 0.00000000000000000000e+00	 0.00000000000000000000e+00	 
 1.30000000000000026645e+00	 2.15061205817402786860e-08	 0.00000000000000000000e+00	 2.21889195251228518138e-08	 8.20548518598833410108e-04	 8.73125865083067775017e-04	 3.40001345677756370515e-04	 0.00000000000000000000e+00	 0.00000000000000000000e+00	 0.00000000000000000000e+00	 8.70831800340378251249e-04	 5.46293003690420591136e-06	 0.00000000000000000000e+00	 0.00000000000000000000e+00	 0.00000000000000000000e+00	 
 1.32000000000000006217e+00	 1.85930385557213647839e-08	 0.00000000000000000000e+00	 1.91960585230335049965e-08	 7.25710185250705579370e-04	 7.74661063250986861063e-04	 2.78884050678829427655e-04	 0.00000000000000000000e+00	 0.00000000000000000000e+00	 0.00000000000000000000e+00	 7.72739867070834337073e-04	 4.98168725727517636582e-06	 0.00000000000000000000e+00	 0.00000000000000000000e+00	 0.00000000000000000000e+00	 
 1.34000000000000007994e+00	 1.61689727784352512082e-08	 0.00000000000000000000e+00	 1.65460572126903069399e-08	 6.40009529461012770246e-04	 6.85395576516602787753e-04	 2.26997275336470984630e-04	 0.00000000000000000000e+00	 0.00000000000000000000e+00	 0.00000000000000000000e+00	 6.83825795047260549808e-04	 4.52391489101882522379e-06	 0.00000000000000000000e+00	 0.00000000000000000000e+00	 0.00000000000000000000e+00	 
 1.35999999999999987566e+00	 1.41458862571138019547e-08	 0.00000000000000000000e+00	 1.42138314794102039841e-08	 5.62676476705184134240e-04	 6.04571506579014449935e-04	 1.83278771393628487490e-04	 0.00000000000000000000e+00	 0.00000000000000000000e+00	 0.00000000000000000000e+00	 6.03331958545578008780e-04	 4.09005474096840234831e-06	 0.00000000000000000000e+00	 0.00000000000000000000e+00	 0.00000000000000000000e+00	 
 1.37999999999999989342e+00	 1.23906344365269401052e-08	 0.00000000000000000000e+00	 1.21519538275395197329e-08	 4.93039532848385119064e-04	 5.31543008805594589285e-04	 1.46762907703239356460e-04	 0.00000000000000000000e+00	 0.00000000000000000000e+00	 0.00000000000000000000e+00	 5.30596238756524574316e-04	 3.68156373849372788173e-06	 0.00000000000000000000e+00	 0.00000000000000000000e+00	 0.00000000000000000000e+00	 
 1.40000000000000013323e+00	 1.07871790665253820945e-08	 0.00000000000000000000e+00	 1.03163185618589668291e-08	 4.30369178162110551777e-04	 4.65598611349858225623e-04	 1.16471984605349187310e-04	 0.00000000000000000000e+00	 0.00000000000000000000e+00	 0.00000000000000000000e+00	 4.64895685397488385004e-04	 3.29862062535520773700e-06	 0.00000000000000000000e+00	 0.00000000000000000000e+00	 0.00000000000000000000e+00	 
 1.41999999999999992895e+00	 9.26573181293245330446e-09	 0.00000000000000000000e+00	 8.68001880195766851044e-09	 3.74045537725494110521e-04	 4.06138470197776988053e-04	 9.15575194375373532145e-05	 0.00000000000000000000e+00	 0.00000000000000000000e+00	 0.00000000000000000000e+00	 4.05624053754701852700e-04	 2.94137801979902429000e-06	 0.00000000000000000000e+00	 0.00000000000000000000e+00	 0.00000000000000000000e+00	 
 1.44000000000000016875e+00	 7.85836484021409894607e-09	 0.00000000000000000000e+00	 7.25215752961600400953e-09	 3.23575224862091177791e-04	 3.52703041597806526194e-04	 7.12780246899204819036e-05	 0.00000000000000000000e+00	 0.00000000000000000000e+00	 0.00000000000000000000e+00	 3.52325896639134480103e-04	 2.61073296407694233960e-06	 0.00000000000000000000e+00	 0.00000000000000000000e+00	 0.00000000000000000000e+00	 
 1.45999999999999996447e+00	 6.58467445300528813939e-09	 0.00000000000000000000e+00	 6.02878881060138439219e-09	 2.78392436992569111166e-04	 3.04747070521891238667e-04	 5.49091169145424519145e-05	 0.00000000000000000000e+00	 0.00000000000000000000e+00	 0.00000000000000000000e+00	 3.04460764269195668409e-04	 2.30631806577648149859e-06	 0.00000000000000000000e+00	 0.00000000000000000000e+00	 0.00000000000000000000e+00	 
 1.47999999999999998224e+00	 5.45990392946249645270e-09	 0.00000000000000000000e+00	 4.99227143230583226517e-09	 2.38035868748650620728e-04	 2.61815402458642136445e-04	 4.18343247900866571664e-05	 0.00000000000000000000e+00	 0.00000000000000000000e+00	 0.00000000000000000000e+00	 2.61580788046319903488e-04	 2.02748246208876839580e-06	 0.00000000000000000000e+00	 0.00000000000000000000e+00	 0.00000000000000000000e+00	 
 1.50000000000000000000e+00	 4.49512827867123004665e-09	 0.00000000000000000000e+00	 4.09230179708483083014e-09	 2.02200393101716931069e-04	 2.23579541511013095033e-04	 3.15199009827555668675e-05	 0.00000000000000000000e+00	 0.00000000000000000000e+00	 0.00000000000000000000e+00	 2.23372906452188837350e-04	 1.77334288097902539096e-06	 0.00000000000000000000e+00	 0.00000000000000000000e+00	 0.00000000000000000000e+00	 
 1.52000000000000001776e+00	 3.68834872930796075956e-09	 0.00000000000000000000e+00	 3.28604820240213424155e-09	 1.70478052152784860865e-04	 1.89610008318052541141e-04	 2.34659879303352492141e-05	 0.00000000000000000000e+00	 0.00000000000000000000e+00	 0.00000000000000000000e+00	 1.89419183399266744536e-04	 1.54220128376153421017e-06	 0.00000000000000000000e+00	 0.00000000000000000000e+00	 0.00000000000000000000e+00	 
 1.54000000000000003553e+00	 3.02713552811743214877e-09	 0.00000000000000000000e+00	 2.55444588480405763754e-09	 1.42530473182364607549e-04	 1.59552983711040122401e-04	 1.72570644457428072399e-05	 0.00000000000000000000e+00	 0.00000000000000000000e+00	 0.00000000000000000000e+00	 1.59374028361474622852e-04	 1.33279955529174074930e-06	 0.00000000000000000000e+00	 0.00000000000000000000e+00	 0.00000000000000000000e+00	 
 1.56000000000000027534e+00	 2.47704206825686272970e-09	 0.00000000000000000000e+00	 1.93045067130067531223e-09	 1.18131093444291757955e-04	 1.33176482116652115809e-04	 1.25391138796258014840e-05	 0.00000000000000000000e+00	 0.00000000000000000000e+00	 0.00000000000000000000e+00	 1.33009749574365318796e-04	 1.14504349376976316726e-06	 0.00000000000000000000e+00	 0.00000000000000000000e+00	 0.00000000000000000000e+00	 
 1.58000000000000007105e+00	 2.00912753268389671369e-09	 0.00000000000000000000e+00	 1.42185009979846492683e-09	 9.69416954236295493356e-05	 1.10135291796398121782e-04	 8.99783605329059908880e-06	 0.00000000000000000000e+00	 0.00000000000000000000e+00	 0.00000000000000000000e+00	 1.09983690121691625691e-04	 9.77836862114639846600e-07	 0.00000000000000000000e+00	 0.00000000000000000000e+00	 0.00000000000000000000e+00	 
 1.60000000000000008882e+00	 1.60812006235046419606e-09	 0.00000000000000000000e+00	 1.02494229435481563116e-09	 7.86641318713176624288e-05	 9.01256991972271975528e-05	 6.37887835729570955561e-06	 0.00000000000000000000e+00	 0.00000000000000000000e+00	 0.00000000000000000000e+00	 8.99936673152186442180e-05	 8.29753404760989052565e-07	 0.00000000000000000000e+00	 0.00000000000000000000e+00	 0.00000000000000000000e+00	 
 1.61999999999999988454e+00	 1.28491330641955360117e-09	 0.00000000000000000000e+00	 7.24602433692890902836e-10	 6.30533357563686520236e-05	 7.28982984742851695611e-05	 4.46768427050730277436e-06	 0.00000000000000000000e+00	 0.00000000000000000000e+00	 0.00000000000000000000e+00	 7.27908379182207291051e-05	 6.98532323659734379784e-07	 0.00000000000000000000e+00	 0.00000000000000000000e+00	 0.00000000000000000000e+00	 
 1.64000000000000012434e+00	 1.03549363829743915799e-09	 0.00000000000000000000e+00	 5.02969097541124972595e-10	 4.98508553193077492017e-05	 5.82006219266045476111e-05	 3.08982474263624394016e-06	 0.00000000000000000000e+00	 0.00000000000000000000e+00	 0.00000000000000000000e+00	 5.81181570742383087395e-05	 5.82330135655606003163e-07	 0.00000000000000000000e+00	 0.00000000000000000000e+00	 0.00000000000000000000e+00	 
 1.66000000000000014211e+00	 8.48746460184934257444e-10	 0.00000000000000000000e+00	 3.43702729061750820951e-10	 3.88424097365157785914e-05	 4.58259974110213246022e-05	 2.11192271328215193797e-06	 0.00000000000000000000e+00	 0.00000000000000000000e+00	 0.00000000000000000000e+00	 4.57642154021182520152e-05	 4.79848707261545582949e-07	 0.00000000000000000000e+00	 0.00000000000000000000e+00	 0.00000000000000000000e+00	 
 1.67999999999999993783e+00	 7.04748430206483727160e-10	 0.00000000000000000000e+00	 2.31518283423901076870e-10	 2.97967775731839219419e-05	 3.55402797958952288240e-05	 1.42674903798467107788e-06	 0.00000000000000000000e+00	 0.00000000000000000000e+00	 0.00000000000000000000e+00	 3.54945573030115285595e-05	 3.89981383034400221040e-07	 0.00000000000000000000e+00	 0.00000000000000000000e+00	 0.00000000000000000000e+00	 
 1.70000000000000017764e+00	 5.77876176087598053697e-10	 0.00000000000000000000e+00	 1.53809896483173412779e-10	 2.24683747614543274300e-05	 2.70984687282594977498e-05	 9.52248847625631577870e-07	 0.00000000000000000000e+00	 0.00000000000000000000e+00	 0.00000000000000000000e+00	 2.70666987437001156885e-05	 3.11628495705105680161e-07	 0.00000000000000000000e+00	 0.00000000000000000000e+00	 0.00000000000000000000e+00	 
 1.71999999999999997335e+00	 4.52064433815764389866e-10	 0.00000000000000000000e+00	 1.00985727424384018447e-10	 1.66479808544525687518e-05	 2.02966907950277849690e-05	 6.28686028523675093367e-07	 0.00000000000000000000e+00	 0.00000000000000000000e+00	 0.00000000000000000000e+00	 2.02779502946705934168e-05	 2.44037453009520417612e-07	 0.00000000000000000000e+00	 0.00000000000000000000e+00	 0.00000000000000000000e+00	 
 1.73999999999999999112e+00	 3.40071912357132709370e-10	 0.00000000000000000000e+00	 6.55771947619143079770e-11	 1.21088580338522988796e-05	 1.49159791410507995666e-05	 4.10740968218163130889e-07	 0.00000000000000000000e+00	 0.00000000000000000000e+00	 0.00000000000000000000e+00	 1.49043766532635643462e-05	 1.86624348096019425779e-07	 0.00000000000000000000e+00	 0.00000000000000000000e+00	 0.00000000000000000000e+00	 
 1.76000000000000023093e+00	 2.46987877967052486206e-10	 0.00000000000000000000e+00	 4.21036102167314778500e-11	 8.62524203552987092094e-06	 1.07272636006900725232e-05	 2.65364206682540206919e-07	 0.00000000000000000000e+00	 0.00000000000000000000e+00	 0.00000000000000000000e+00	 1.07185541163708752401e-05	 1.38754683652154636711e-07	 0.00000000000000000000e+00	 0.00000000000000000000e+00	 0.00000000000000000000e+00	 
 1.78000000000000002665e+00	 1.73993276454994020057e-10	 0.00000000000000000000e+00	 2.67309526931865828213e-11	 6.00766310186253870205e-06	 7.53469730631091891417e-06	 1.69499048353007376541e-07	 0.00000000000000000000e+00	 0.00000000000000000000e+00	 0.00000000000000000000e+00	 7.52782649659325142519e-06	 9.99298954041790407483e-08	 0.00000000000000000000e+00	 0.00000000000000000000e+00	 0.00000000000000000000e+00	 
 1.80000000000000004441e+00	 1.18473618166611171609e-10	 0.00000000000000000000e+00	 1.67182091615257505002e-11	 4.06493015328090263796e-06	 5.13336965045562714405e-06	 1.06595872211357453882e-07	 0.00000000000000000000e+00	 0.00000000000000000000e+00	 0.00000000000000000000e+00	 5.12846786371008646100e-06	 6.93225300881224562079e-08	 0.00000000000000000000e+00	 0.00000000000000000000e+00	 0.00000000000000000000e+00	 
 1.81999999999999984013e+00	 7.67624473091912456391e-11	 0.00000000000000000000e+00	 1.01823171685497972066e-11	 2.62490585067258725105e-06	 3.33113756879468596845e-06	 6.52058848941570936715e-08	 0.00000000000000000000e+00	 0.00000000000000000000e+00	 0.00000000000000000000e+00	 3.32809596168813424087e-06	 4.55122029104714160184e-08	 0.00000000000000000000e+00	 0.00000000000000000000e+00	 0.00000000000000000000e+00	 
 1.84000000000000007994e+00	 4.62406409644991805375e-11	 0.00000000000000000000e+00	 5.93419779907151221950e-12	 1.57819616853385676215e-06	 2.00774735950416482701e-06	 3.80941534190139071907e-08	 0.00000000000000000000e+00	 0.00000000000000000000e+00	 0.00000000000000000000e+00	 2.00594487285608250732e-06	 2.75939772252268230787e-08	 0.00000000000000000000e+00	 0.00000000000000000000e+00	 0.00000000000000000000e+00	 
 1.86000000000000009770e+00	 2.65620072549720472105e-11	 0.00000000000000000000e+00	 3.34853523416180062205e-12	 9.05514407796855891992e-07	 1.15343012275821438765e-06	 2.15245937249546266188e-08	 0.00000000000000000000e+00	 0.00000000000000000000e+00	 0.00000000000000000000e+00	 1.15239840760263536881e-06	 1.59020853479760005080e-08	 0.00000000000000000000e+00	 0.00000000000000000000e+00	 0.00000000000000000000e+00	 
 1.87999999999999989342e+00	 1.48632199297424890953e-11	 0.00000000000000000000e+00	 1.85128909634402261123e-12	 5.06323781352155960641e-07	 6.45496408924694959225e-07	 1.19112518463668754749e-08	 0.00000000000000000000e+00	 0.00000000000000000000e+00	 0.00000000000000000000e+00	 6.44920599688689914614e-07	 8.91787624498540475246e-09	 0.00000000000000000000e+00	 0.00000000000000000000e+00	 0.00000000000000000000e+00	 
 1.89999999999999991118e+00	 8.13239593684098346863e-12	 0.00000000000000000000e+00	 1.00482754879235918946e-12	 2.76906220733956704484e-07	 3.53219829214134691154e-07	 6.46916538025073912438e-09	 0.00000000000000000000e+00	 0.00000000000000000000e+00	 0.00000000000000000000e+00	 3.52905361738607179805e-07	 4.88664837133220276144e-09	 0.00000000000000000000e+00	 0.00000000000000000000e+00	 0.00000000000000000000e+00	 
 1.92000000000000015099e+00	 4.36297903461885430117e-12	 0.00000000000000000000e+00	 5.36255736977481197185e-13	 1.48515676740920438704e-07	 1.89516542036618394180e-07	 3.45390800754639344154e-09	 0.00000000000000000000e+00	 0.00000000000000000000e+00	 0.00000000000000000000e+00	 1.89348050271728942311e-07	 2.62424015020345507424e-09	 0.00000000000000000000e+00	 0.00000000000000000000e+00	 0.00000000000000000000e+00	 
 1.93999999999999994671e+00	 2.29969278387683003212e-12	 0.00000000000000000000e+00	 2.81706256795642418829e-13	 7.82678182317842377673e-08	 9.98994055518794332343e-08	 1.81490496053644707702e-09	 0.00000000000000000000e+00	 0.00000000000000000000e+00	 0.00000000000000000000e+00	 9.98106723708985297251e-08	 1.38410586290548953507e-09	 0.00000000000000000000e+00	 0.00000000000000000000e+00	 0.00000000000000000000e+00	 
 1.95999999999999996447e+00	 1.19254255022626958525e-12	 0.00000000000000000000e+00	 1.45777699847896632410e-13	 4.05829033091006120963e-08	 5.18070431421246433232e-08	 9.39342064791644765054e-10	 0.00000000000000000000e+00	 0.00000000000000000000e+00	 0.00000000000000000000e+00	 5.17610554542153137721e-08	 7.18044322321991876301e-10	 0.00000000000000000000e+00	 0.00000000000000000000e+00	 0.00000000000000000000e+00	 
 1.97999999999999998224e+00	 6.08954374530544757019e-13	 0.00000000000000000000e+00	 7.43459187134580297349e-14	 2.07219090046352613883e-08	 2.64554847533202756749e-08	 4.79111031347530933335e-10	 0.00000000000000000000e+00	 0.00000000000000000000e+00	 0.00000000000000000000e+00	 2.64320103267709888385e-08	 3.66751918849327012178e-10	 0.00000000000000000000e+00	 0.00000000000000000000e+00	 0.00000000000000000000e+00	 
 2.00000000000000000000e+00	 3.06363514642998913433e-13	 0.00000000000000000000e+00	 3.73765951928123680525e-14	 1.04248577863117722547e-08	 1.33100486407724308754e-08	 2.40883050204523756351e-10	 0.00000000000000000000e+00	 0.00000000000000000000e+00	 0.00000000000000000000e+00	 1.32982413188432291338e-08	 1.84540054053175546933e-10	 0.00000000000000000000e+00	 0.00000000000000000000e+00	 0.00000000000000000000e+00	 
 2.02000000000000001776e+00	 1.51897805341168608131e-13	 0.00000000000000000000e+00	 1.85247367208914399798e-14	 5.16868448608531349433e-09	 6.59936978049789984528e-09	 1.19391657439275770916e-10	 0.00000000000000000000e+00	 0.00000000000000000000e+00	 0.00000000000000000000e+00	 6.59351635127534941547e-09	 9.15045472596823820386e-11	 0.00000000000000000000e+00	 0.00000000000000000000e+00	 0.00000000000000000000e+00	 
 2.04000000000000003553e+00	 7.42278679774320858738e-14	 0.00000000000000000000e+00	 9.05096352751387962199e-15	 2.52577751681192520660e-09	 3.22495715389159063534e-09	 5.83344008740043479945e-11	 0.00000000000000000000e+00	 0.00000000000000000000e+00	 0.00000000000000000000e+00	 3.22209695646390170018e-09	 4.47175546009797231990e-11	 0.00000000000000000000e+00	 0.00000000000000000000e+00	 0.00000000000000000000e+00	 
 2.06000000000000005329e+00	 3.57490643032047383167e-14	 0.00000000000000000000e+00	 4.35884631814311933714e-15	 1.21645075863143706599e-09	 1.55319485329629383915e-09	 2.80934477304915251746e-11	 0.00000000000000000000e+00	 0.00000000000000000000e+00	 0.00000000000000000000e+00	 1.55181739154914145095e-09	 2.15369872005621272843e-11	 0.00000000000000000000e+00	 0.00000000000000000000e+00	 0.00000000000000000000e+00	 
 2.08000000000000007105e+00	 1.69662489718560076030e-14	 0.00000000000000000000e+00	 2.06871066478335150325e-15	 5.77322382699896407276e-10	 7.37140363362648268350e-10	 1.33331966233193259551e-11	 0.00000000000000000000e+00	 0.00000000000000000000e+00	 0.00000000000000000000e+00	 7.36486637422130530955e-10	 1.02213712186135149893e-11	 0.00000000000000000000e+00	 0.00000000000000000000e+00	 0.00000000000000000000e+00	 
 2.10000000000000053291e+00	 7.93312884194565028598e-15	 0.00000000000000000000e+00	 9.67339489745450510741e-16	 2.69947946838729836674e-10	 3.44676042590979158252e-10	 6.23466583973580512711e-12	 0.00000000000000000000e+00	 0.00000000000000000000e+00	 0.00000000000000000000e+00	 3.44370371449926137116e-10	 4.77933591013898598374e-12	 0.00000000000000000000e+00	 0.00000000000000000000e+00	 0.00000000000000000000e+00	 
 2.12000000000000010658e+00	 3.65372945969057918024e-15	 0.00000000000000000000e+00	 4.45549761851693159389e-16	 1.24329660029489799419e-10	 1.58746660932322589062e-10	 2.87163753426207243876e-12	 0.00000000000000000000e+00	 0.00000000000000000000e+00	 0.00000000000000000000e+00	 1.58605878371963211725e-10	 2.20119003611573248613e-12	 0.00000000000000000000e+00	 0.00000000000000000000e+00	 0.00000000000000000000e+00	 
 2.14000000000000012434e+00	 1.65708513718680443248e-15	 0.00000000000000000000e+00	 2.02083235427400111573e-16	 5.63878732087883856245e-11	 7.19969700543716987685e-11	 1.30245478451888156883e-12	 0.00000000000000000000e+00	 0.00000000000000000000e+00	 0.00000000000000000000e+00	 7.19331200637673230810e-11	 9.98305483706571354080e-13	 0.00000000000000000000e+00	 0.00000000000000000000e+00	 0.00000000000000000000e+00	 
 2.15999999999999969802e+00	 7.39851930989795245310e-16	 0.00000000000000000000e+00	 9.02305835504162753282e-17	 2.51760659488164138608e-11	 3.21451222940210726661e-11	 5.81547436312875374861e-13	 0.00000000000000000000e+00	 0.00000000000000000000e+00	 0.00000000000000000000e+00	 3.21166144389364885407e-11	 4.45718703472088904522e-13	 0.00000000000000000000e+00	 0.00000000000000000000e+00	 0.00000000000000000000e+00	 
 2.18000000000000015987e+00	 3.25091481968102007476e-16	 0.00000000000000000000e+00	 3.96492450563225497870e-17	 1.10624275709714171211e-11	 1.41246114376653799345e-11	 2.55543870493423042107e-13	 0.00000000000000000000e+00	 0.00000000000000000000e+00	 0.00000000000000000000e+00	 1.41120849652360354048e-11	 1.95848050931830070961e-13	 0.00000000000000000000e+00	 0.00000000000000000000e+00	 0.00000000000000000000e+00	 
 2.20000000000000017764e+00	 1.40537511728670854027e-16	 0.00000000000000000000e+00	 1.71410995682398100605e-17	 4.78231929313971353460e-12	 6.10609653307585804067e-12	 1.10476164458714067667e-13	 0.00000000000000000000e+00	 0.00000000000000000000e+00	 0.00000000000000000000e+00	 6.10068128329921712654e-12	 8.46649895121236846462e-14	 0.00000000000000000000e+00	 0.00000000000000000000e+00	 0.00000000000000000000e+00	 
 2.21999999999999975131e+00	 5.97539730500907882217e-17	 0.00000000000000000000e+00	 7.28831656062237089794e-18	 2.03335995734098893331e-12	 2.59620249911671409887e-12	 4.69739093452653000631e-14	 0.00000000000000000000e+00	 0.00000000000000000000e+00	 0.00000000000000000000e+00	 2.59390002061524774631e-12	 3.59978584196477217916e-14	 0.00000000000000000000e+00	 0.00000000000000000000e+00	 0.00000000000000000000e+00	 
 2.24000000000000021316e+00	 2.49797787430112479470e-17	 0.00000000000000000000e+00	 3.04691544317733141428e-18	 8.50035379936789224086e-13	 1.08532711118275721322e-12	 1.96376555096607011713e-14	 0.00000000000000000000e+00	 0.00000000000000000000e+00	 0.00000000000000000000e+00	 1.08436456959591117243e-12	 1.50486334792248111488e-14	 0.00000000000000000000e+00	 0.00000000000000000000e+00	 0.00000000000000000000e+00	 
 2.25999999999999978684e+00	 1.02639576649196770295e-17	 0.00000000000000000000e+00	 1.25197558621802953668e-18	 3.49272195134261147311e-13	 4.45951003066135635066e-13	 8.06909858837242254179e-15	 0.00000000000000000000e+00	 0.00000000000000000000e+00	 0.00000000000000000000e+00	 4.45555502145126916212e-13	 6.18332690302158576004e-15	 0.00000000000000000000e+00	 0.00000000000000000000e+00	 0.00000000000000000000e+00	 
 2.27999999999999980460e+00	 4.14381837284621284005e-18	 0.00000000000000000000e+00	 5.05462784593719398161e-19	 1.41010182436434306470e-13	 1.80041736140570670117e-13	 3.25775500036669215164e-15	 0.00000000000000000000e+00	 0.00000000000000000000e+00	 0.00000000000000000000e+00	 1.79882061931152089279e-13	 2.49635976725370958243e-15	 0.00000000000000000000e+00	 0.00000000000000000000e+00	 0.00000000000000000000e+00	 
 2.30000000000000026645e+00	 1.64323360213861625657e-18	 0.00000000000000000000e+00	 2.00444398679459478163e-19	 5.59177337241721978431e-14	 7.13956821192888814950e-14	 1.29188351841637825738e-15	 0.00000000000000000000e+00	 0.00000000000000000000e+00	 0.00000000000000000000e+00	 7.13323630477755064954e-14	 9.89931307868172286656e-16	 0.00000000000000000000e+00	 0.00000000000000000000e+00	 0.00000000000000000000e+00	 
 2.32000000000000028422e+00	 6.39825888793480928749e-19	 0.00000000000000000000e+00	 7.80479665839603206524e-20	 2.17727093532746669905e-14	 2.77993467243679825775e-14	 5.03027041056772713619e-16	 0.00000000000000000000e+00	 0.00000000000000000000e+00	 0.00000000000000000000e+00	 2.77746921209707522250e-14	 3.85449059621948719004e-16	 0.00000000000000000000e+00	 0.00000000000000000000e+00	 0.00000000000000000000e+00	 
 2.33999999999999985789e+00	 2.44532957720846864978e-19	 0.00000000000000000000e+00	 2.98292036838171833362e-20	 8.32124719616091116331e-15	 1.06245443431321821671e-14	 1.92252412438906349252e-16	 0.00000000000000000000e+00	 0.00000000000000000000e+00	 0.00000000000000000000e+00	 1.06151216627521977555e-14	 1.47313353565716998622e-16	 0.00000000000000000000e+00	 0.00000000000000000000e+00	 0.00000000000000000000e+00	 
 2.36000000000000031974e+00	 9.17008278025171902126e-20	 0.00000000000000000000e+00	 1.11861729122050422389e-20	 3.12050295771126403253e-15	 3.98424737209105222437e-15	 7.20961623143651445830e-17	 0.00000000000000000000e+00	 0.00000000000000000000e+00	 0.00000000000000000000e+00	 3.98071382347208691933e-15	 5.52430413483945465128e-17	 0.00000000000000000000e+00	 0.00000000000000000000e+00	 0.00000000000000000000e+00	 
 2.38000000000000033751e+00	 3.37298576510462882170e-20	 0.00000000000000000000e+00	 4.11458952052731734322e-21	 1.14779981076929840616e-15	 1.46550624234314399206e-15	 2.65190333587775385777e-17	 0.00000000000000000000e+00	 0.00000000000000000000e+00	 0.00000000000000000000e+00	 1.46420651270253216773e-15	 2.03197561893064907239e-17	 0.00000000000000000000e+00	 0.00000000000000000000e+00	 0.00000000000000000000e+00	 
 2.39999999999999991118e+00	 1.21647791472150312009e-20	 0.00000000000000000000e+00	 1.48395194692326056692e-21	 4.13957883148478385988e-16	 5.28539587568515114703e-16	 9.56426572484403634299e-18	 0.00000000000000000000e+00	 0.00000000000000000000e+00	 0.00000000000000000000e+00	 5.28070835265014633622e-16	 7.32837874662508916472e-18	 0.00000000000000000000e+00	 0.00000000000000000000e+00	 0.00000000000000000000e+00	 
 2.41999999999999948486e+00	 4.30014803264185280219e-21	 0.00000000000000000000e+00	 5.24568971439243188588e-22	 1.46330758241793756005e-16	 1.86834396404804578075e-16	 3.38092143692317559044e-18	 0.00000000000000000000e+00	 0.00000000000000000000e+00	 0.00000000000000000000e+00	 1.86668696118960981012e-16	 2.59051908818750763718e-18	 0.00000000000000000000e+00	 0.00000000000000000000e+00	 0.00000000000000000000e+00	 
 2.44000000000000039080e+00	 1.48932999159895477495e-21	 0.00000000000000000000e+00	 1.81682785618767604826e-22	 5.06807982243577054110e-17	 6.47089725293460156159e-17	 1.17097333879498730813e-18	 0.00000000000000000000e+00	 0.00000000000000000000e+00	 0.00000000000000000000e+00	 6.46515831586695929816e-17	 8.97209876811163705866e-19	 0.00000000000000000000e+00	 0.00000000000000000000e+00	 0.00000000000000000000e+00	 
 2.45999999999999996447e+00	 5.05200306331312925413e-22	 0.00000000000000000000e+00	 6.16297270788894004584e-23	 1.71916049791790388188e-17	 2.19501415585601145620e-17	 3.97213753474109407365e-19	 0.00000000000000000000e+00	 0.00000000000000000000e+00	 0.00000000000000000000e+00	 2.19306742983894541942e-17	 3.04345184983597924797e-19	 0.00000000000000000000e+00	 0.00000000000000000000e+00	 0.00000000000000000000e+00	 
 2.47999999999999953815e+00	 1.67778419993347359319e-22	 0.00000000000000000000e+00	 2.04675911432701953816e-23	 5.70938386128075725849e-18	 7.28970549216114178095e-18	 1.31917262881141228488e-19	 0.00000000000000000000e+00	 0.00000000000000000000e+00	 0.00000000000000000000e+00	 7.28324035021171315230e-18	 1.01073811239238145314e-19	 0.00000000000000000000e+00	 0.00000000000000000000e+00	 0.00000000000000000000e+00	 
 2.50000000000000044409e+00	 5.45306909467615646821e-23	 0.00000000000000000000e+00	 6.65236198025433083859e-24	 1.85564326234535042345e-18	 2.36927274374571660462e-18	 4.28757467881513959412e-20	 0.00000000000000000000e+00	 0.00000000000000000000e+00	 0.00000000000000000000e+00	 2.36717146461715716087e-18	 3.28505951229151342496e-20	 0.00000000000000000000e+00	 0.00000000000000000000e+00	 0.00000000000000000000e+00	 
 2.52000000000000001776e+00	 1.73383908882056907306e-23	 0.00000000000000000000e+00	 2.11518416687993587776e-24	 5.90014450405103546314e-19	 7.53326137779388184631e-19	 1.36327979765690027286e-20	 0.00000000000000000000e+00	 0.00000000000000000000e+00	 0.00000000000000000000e+00	 7.52658021013174839459e-19	 1.04450545632795996596e-20	 0.00000000000000000000e+00	 0.00000000000000000000e+00	 0.00000000000000000000e+00	 
 2.54000000000000003553e+00	 5.39098179470311799650e-24	 0.00000000000000000000e+00	 6.57676171391869887586e-25	 1.83451860769819187090e-19	 2.34229890403668755949e-19	 4.23886874956846634524e-21	 0.00000000000000000000e+00	 0.00000000000000000000e+00	 0.00000000000000000000e+00	 2.34022154128815796280e-19	 3.24765172833640786264e-21	 0.00000000000000000000e+00	 0.00000000000000000000e+00	 0.00000000000000000000e+00	 
 2.56000000000000049738e+00	 1.63849285741551225577e-24	 0.00000000000000000000e+00	 1.99891344409502444236e-25	 5.57569791002725353215e-20	 7.11900375391014553097e-20	 1.28834734479077343632e-21	 0.00000000000000000000e+00	 0.00000000000000000000e+00	 0.00000000000000000000e+00	 7.11268996605178056501e-20	 9.87065052684215376129e-22	 0.00000000000000000000e+00	 0.00000000000000000000e+00	 0.00000000000000000000e+00	 
 2.58000000000000007105e+00	 4.86589935986121925625e-25	 0.00000000000000000000e+00	 5.93633131008013134248e-26	 1.65583960112780051258e-20	 2.11416085870915048259e-20	 3.82611739664980289839e-22	 0.00000000000000000000e+00	 0.00000000000000000000e+00	 0.00000000000000000000e+00	 2.11228582282086838651e-20	 2.93132490666502508256e-22	 0.00000000000000000000e+00	 0.00000000000000000000e+00	 0.00000000000000000000e+00	 
 2.60000000000000008882e+00	 1.41138601474731857608e-25	 0.00000000000000000000e+00	 1.72189551595134669418e-26	 4.80287679790505447918e-21	 6.13226578675926265539e-21	 1.10980890936384393270e-22	 0.00000000000000000000e+00	 0.00000000000000000000e+00	 0.00000000000000000000e+00	 6.12682710838768119091e-21	 8.50249195941673016134e-23	 0.00000000000000000000e+00	 0.00000000000000000000e+00	 0.00000000000000000000e+00	 
 2.62000000000000055067e+00	 3.99680386354454594212e-26	 0.00000000000000000000e+00	 4.87618559593952843658e-27	 1.36009424721816774308e-21	 1.73655390947646327017e-21	 3.14284499815034598795e-23	 0.00000000000000000000e+00	 0.00000000000000000000e+00	 0.00000000000000000000e+00	 1.73501376455514590369e-21	 2.40775786842602789549e-23	 0.00000000000000000000e+00	 0.00000000000000000000e+00	 0.00000000000000000000e+00	 
 2.64000000000000012434e+00	 1.10454250768189757174e-26	 0.00000000000000000000e+00	 1.34758659933340167322e-27	 3.75871303920635590348e-22	 4.79908189450760529283e-22	 8.68561983825636328134e-24	 0.00000000000000000000e+00	 0.00000000000000000000e+00	 0.00000000000000000000e+00	 4.79482559231108263319e-22	 6.65398672831329051744e-24	 0.00000000000000000000e+00	 0.00000000000000000000e+00	 0.00000000000000000000e+00	 
 2.66000000000000014211e+00	 2.97763094472110743650e-27	 0.00000000000000000000e+00	 3.63289172973560484593e-28	 1.01327707195964063059e-22	 1.29373971602489437787e-22	 2.34152103037446655440e-24	 0.00000000000000000000e+00	 0.00000000000000000000e+00	 0.00000000000000000000e+00	 1.29259229646458058485e-22	 1.79378279108462913295e-24	 0.00000000000000000000e+00	 0.00000000000000000000e+00	 0.00000000000000000000e+00	 
 2.67999999999999971578e+00	 7.82694838679344835669e-28	 0.00000000000000000000e+00	 9.54952770809105989084e-29	 2.66348631367583592865e-23	 3.40070412297280714892e-23	 6.15501414571631752598e-25	 0.00000000000000000000e+00	 0.00000000000000000000e+00	 0.00000000000000000000e+00	 3.39768802598676773636e-23	 4.71509997881156992701e-25	 0.00000000000000000000e+00	 0.00000000000000000000e+00	 0.00000000000000000000e+00	 
 2.70000000000000017764e+00	 2.00520904019342043153e-28	 0.00000000000000000000e+00	 2.44656883815550002936e-29	 6.82367527467659307790e-24	 8.71237161821631647171e-24	 1.57690757240347272946e-25	 0.00000000000000000000e+00	 0.00000000000000000000e+00	 0.00000000000000000000e+00	 8.70464456260697038740e-24	 1.20797376975521928222e-25	 0.00000000000000000000e+00	 0.00000000000000000000e+00	 0.00000000000000000000e+00	 
 2.72000000000000019540e+00	 5.00475654210471231003e-29	 0.00000000000000000000e+00	 6.10646192935034773394e-30	 1.70310882193767815877e-24	 2.17450333222206662166e-24	 3.93586482422084176321e-26	 0.00000000000000000000e+00	 0.00000000000000000000e+00	 0.00000000000000000000e+00	 2.17257474629268138858e-24	 3.01495046097309942973e-26	 0.00000000000000000000e+00	 0.00000000000000000000e+00	 0.00000000000000000000e+00	 
 2.73999999999999976907e+00	 1.21638500445710973827e-29	 0.00000000000000000000e+00	 1.48418227510792997492e-30	 4.13934185087154832498e-25	 5.28504376827855583091e-25	 9.56620251569567408895e-27	 0.00000000000000000000e+00	 0.00000000000000000000e+00	 0.00000000000000000000e+00	 5.28035640236907269906e-25	 7.32769889517329668348e-27	 0.00000000000000000000e+00	 0.00000000000000000000e+00	 0.00000000000000000000e+00	 
 2.76000000000000023093e+00	 2.87760259095749584660e-30	 0.00000000000000000000e+00	 3.51121224027388943887e-31	 9.79246207750685244205e-26	 1.25028431263229360226e-25	 2.26313943173631187484e-27	 0.00000000000000000000e+00	 0.00000000000000000000e+00	 0.00000000000000000000e+00	 1.24917541746900296456e-25	 1.73351124596258269023e-27	 0.00000000000000000000e+00	 0.00000000000000000000e+00	 0.00000000000000000000e+00	 
 2.77999999999999980460e+00	 6.62319120586736179082e-31	 0.00000000000000000000e+00	 8.08172863083352866058e-32	 2.25387213612810917004e-26	 2.87770136067587505484e-26	 5.20907351310367386621e-28	 0.00000000000000000000e+00	 0.00000000000000000000e+00	 0.00000000000000000000e+00	 2.87514907691774285275e-26	 3.98990343870987242975e-28	 0.00000000000000000000e+00	 0.00000000000000000000e+00	 0.00000000000000000000e+00	 
 2.79999999999999982236e+00	 1.48246273356275081294e-31	 0.00000000000000000000e+00	 1.80897308966333995675e-32	 5.04483215019242422519e-27	 6.44113950610094075836e-27	 1.16597816682763055540e-28	 0.00000000000000000000e+00	 0.00000000000000000000e+00	 0.00000000000000000000e+00	 6.43542672530057350301e-27	 8.93054729798298128320e-29	 0.00000000000000000000e+00	 0.00000000000000000000e+00	 0.00000000000000000000e+00	 
 2.82000000000000028422e+00	 3.22538713686402664226e-32	 0.00000000000000000000e+00	 3.93588311645522145320e-33	 1.09760429663093260010e-27	 1.40139734823963877373e-27	 2.53689616702937662461e-29	 0.00000000000000000000e+00	 0.00000000000000000000e+00	 0.00000000000000000000e+00	 1.40015441482634699111e-27	 1.94301113178319891269e-29	 0.00000000000000000000e+00	 0.00000000000000000000e+00	 0.00000000000000000000e+00	 
 2.83999999999999985789e+00	 6.81806810795138874454e-33	 0.00000000000000000000e+00	 8.32021205317029183152e-34	 2.32020498995306378906e-28	 2.96238383213190867939e-28	 5.36286893827279818940e-30	 0.00000000000000000000e+00	 0.00000000000000000000e+00	 0.00000000000000000000e+00	 2.95975641082643048075e-28	 4.10727586032536041556e-30	 0.00000000000000000000e+00	 0.00000000000000000000e+00	 0.00000000000000000000e+00	 
 2.85999999999999987566e+00	 1.39965308342716106053e-33	 0.00000000000000000000e+00	 1.70807486249430060063e-34	 4.76306557863166500089e-29	 6.08136376914361207940e-29	 1.10096137373276704486e-30	 0.00000000000000000000e+00	 0.00000000000000000000e+00	 0.00000000000000000000e+00	 6.07597001320797296631e-29	 8.43163870085988644613e-31	 0.00000000000000000000e+00	 0.00000000000000000000e+00	 0.00000000000000000000e+00	 
 2.87999999999999989342e+00	 2.78904526937703912839e-34	 0.00000000000000000000e+00	 3.40373891014102811219e-35	 9.49123918248485485422e-30	 1.21181620856177371457e-29	 2.19393582373601235561e-31	 0.00000000000000000000e+00	 0.00000000000000000000e+00	 0.00000000000000000000e+00	 1.21074140501035607331e-29	 1.68014257983506047714e-31	 0.00000000000000000000e+00	 0.00000000000000000000e+00	 0.00000000000000000000e+00	 
 2.90000000000000035527e+00	 5.39214641338752282830e-35	 0.00000000000000000000e+00	 6.58077890013588867675e-36	 1.83497560829820969703e-30	 2.34284480110945526256e-30	 4.24177460726386884238e-32	 0.00000000000000000000e+00	 0.00000000000000000000e+00	 0.00000000000000000000e+00	 2.34076683723266131020e-30	 3.24826300828145640419e-32	 0.00000000000000000000e+00	 0.00000000000000000000e+00	 0.00000000000000000000e+00	 
 2.91999999999999992895e+00	 1.01095539001929084289e-35	 0.00000000000000000000e+00	 1.23385281090331060290e-36	 3.44034459712229148409e-31	 4.39252782958449536304e-31	 7.95309852048494591649e-33	 0.00000000000000000000e+00	 0.00000000000000000000e+00	 0.00000000000000000000e+00	 4.38863189867465254013e-31	 6.09004328916626516487e-33	 0.00000000000000000000e+00	 0.00000000000000000000e+00	 0.00000000000000000000e+00	 
 2.93999999999999994671e+00	 1.83720728726823134471e-36	 0.00000000000000000000e+00	 2.24236381292077276649e-37	 6.25215183772086155511e-32	 7.98254564580639327133e-32	 1.44537958655305712593e-33	 0.00000000000000000000e+00	 0.00000000000000000000e+00	 0.00000000000000000000e+00	 7.97546552766962106582e-32	 1.10673938329031680611e-33	 0.00000000000000000000e+00	 0.00000000000000000000e+00	 0.00000000000000000000e+00	 
 2.96000000000000040856e+00	 3.23467192196937438547e-37	 0.00000000000000000000e+00	 3.94816730396333259186e-38	 1.10078644399815732356e-32	 1.40544627466506719098e-32	 2.54492118609883656115e-34	 0.00000000000000000000e+00	 0.00000000000000000000e+00	 0.00000000000000000000e+00	 1.40419970707340495383e-32	 1.94857084393099817405e-34	 0.00000000000000000000e+00	 0.00000000000000000000e+00	 0.00000000000000000000e+00	 
 2.97999999999999998224e+00	 5.51488820561107417492e-38	 0.00000000000000000000e+00	 6.73163058103738303949e-39	 1.87677019741621320187e-33	 2.39619148179967604518e-33	 4.33912469989417800468e-35	 0.00000000000000000000e+00	 0.00000000000000000000e+00	 0.00000000000000000000e+00	 2.39406615500922358730e-33	 3.32216629043927796742e-35	 0.00000000000000000000e+00	 0.00000000000000000000e+00	 0.00000000000000000000e+00	 
 3.00000000000000000000e+00	 9.10048404686225596334e-39	 0.00000000000000000000e+00	 1.11088010640673988055e-39	 3.09699501131252517584e-34	 3.95412264375209302502e-34	 7.16064648169200507615e-36	 0.00000000000000000000e+00	 0.00000000000000000000e+00	 0.00000000000000000000e+00	 3.95061547168949035650e-34	 5.48211036691594468523e-36	 0.00000000000000000000e+00	 0.00000000000000000000e+00	 0.00000000000000000000e+00	 
 3.02000000000000046185e+00	 1.45277686307238678854e-39	 0.00000000000000000000e+00	 1.77346103385903685896e-40	 4.94397919053098517557e-35	 6.31226806161232631273e-35	 1.14316785478842858055e-36	 0.00000000000000000000e+00	 0.00000000000000000000e+00	 0.00000000000000000000e+00	 6.30666925789716357219e-35	 8.75146495053109027973e-37	 0.00000000000000000000e+00	 0.00000000000000000000e+00	 0.00000000000000000000e+00	 
 3.04000000000000003553e+00	 2.24245500481200915662e-40	 0.00000000000000000000e+00	 2.73758389620786252367e-41	 7.63138288599367623944e-36	 9.74341439508054202424e-36	 1.76465261487347608327e-37	 0.00000000000000000000e+00	 0.00000000000000000000e+00	 0.00000000000000000000e+00	 9.73477220156848626392e-36	 1.35084050268021876221e-37	 0.00000000000000000000e+00	 0.00000000000000000000e+00	 0.00000000000000000000e+00	 
 3.06000000000000005329e+00	 3.34519261597561167520e-41	 0.00000000000000000000e+00	 4.08400944408486189824e-42	 1.13841996724008821470e-36	 1.45348155489919051365e-36	 2.63258306552361076030e-38	 0.00000000000000000000e+00	 0.00000000000000000000e+00	 0.00000000000000000000e+00	 1.45219233951832837635e-36	 2.01511524602227146460e-38	 0.00000000000000000000e+00	 0.00000000000000000000e+00	 0.00000000000000000000e+00	 
 3.08000000000000007105e+00	 4.82027314319081321996e-42	 0.00000000000000000000e+00	 5.88518512570461981214e-43	 1.64041969961028473797e-37	 2.09440683134830979010e-37	 3.79366659689778761863e-39	 0.00000000000000000000e+00	 0.00000000000000000000e+00	 0.00000000000000000000e+00	 2.09254911125403977293e-37	 2.90368004367918212796e-39	 0.00000000000000000000e+00	 0.00000000000000000000e+00	 0.00000000000000000000e+00	 
 3.10000000000000008882e+00	 6.70585589616291674137e-43	 0.00000000000000000000e+00	 8.18778726783509092117e-44	 2.28212580744416071186e-38	 2.91369882901021365932e-38	 5.27800014177449644181e-40	 0.00000000000000000000e+00	 0.00000000000000000000e+00	 0.00000000000000000000e+00	 2.91111438389481570013e-38	 4.03951855325445083619e-40	 0.00000000000000000000e+00	 0.00000000000000000000e+00	 0.00000000000000000000e+00	 
 3.12000000000000010658e+00	 9.00214666822776818515e-44	 0.00000000000000000000e+00	 1.09921658132972038511e-44	 3.06361068300237966320e-39	 3.91144850774741786009e-39	 7.08581914189079040660e-41	 0.00000000000000000000e+00	 0.00000000000000000000e+00	 0.00000000000000000000e+00	 3.90797903215068704041e-39	 5.42275121512959885428e-41	 0.00000000000000000000e+00	 0.00000000000000000000e+00	 0.00000000000000000000e+00	 
 3.13999999999999968026e+00	 1.16552820486433808587e-44	 0.00000000000000000000e+00	 1.42326523609344402598e-45	 3.96654597119370542336e-40	 5.06425371846173635800e-40	 9.17480220500589106277e-42	 0.00000000000000000000e+00	 0.00000000000000000000e+00	 0.00000000000000000000e+00	 5.05976166012632735137e-40	 7.02092790448126618344e-42	 0.00000000000000000000e+00	 0.00000000000000000000e+00	 0.00000000000000000000e+00	 
 3.16000000000000014211e+00	 1.45464859531911029887e-45	 0.00000000000000000000e+00	 1.77642977348080949939e-46	 4.95051179750996664654e-41	 6.32050735460466921814e-41	 1.14515195981824624123e-42	 0.00000000000000000000e+00	 0.00000000000000000000e+00	 0.00000000000000000000e+00	 6.31490093325799896146e-41	 8.76249677744768478776e-43	 0.00000000000000000000e+00	 0.00000000000000000000e+00	 0.00000000000000000000e+00	 
 3.18000000000000015987e+00	 1.74913741333539131261e-46	 0.00000000000000000000e+00	 0.00000000000000000000e+00	 5.95275943061799657712e-42	 7.60009473618970388763e-42	 1.37708656338957534290e-43	 0.00000000000000000000e+00	 0.00000000000000000000e+00	 0.00000000000000000000e+00	 7.59335323197661641407e-42	 1.05363862881094350468e-43	 0.00000000000000000000e+00	 0.00000000000000000000e+00	 0.00000000000000000000e+00	 
 3.19999999999999973355e+00	 0.00000000000000000000e+00	 0.00000000000000000000e+00	 0.00000000000000000000e+00	 6.89266561412614954144e-43	 8.80008104417140499636e-43	 1.59463431266822706450e-44	 0.00000000000000000000e+00	 0.00000000000000000000e+00	 0.00000000000000000000e+00	 8.79227504248871415985e-43	 1.21998916362343629370e-44	 0.00000000000000000000e+00	 0.00000000000000000000e+00	 0.00000000000000000000e+00	 
 3.22000000000000019540e+00	 0.00000000000000000000e+00	 0.00000000000000000000e+00	 0.00000000000000000000e+00	 7.68112365482331767370e-44	 9.80670159518917286378e-44	 1.77717725219968740361e-45	 0.00000000000000000000e+00	 0.00000000000000000000e+00	 0.00000000000000000000e+00	 9.79800259684920908356e-44	 1.35952988128477791608e-45	 0.00000000000000000000e+00	 0.00000000000000000000e+00	 0.00000000000000000000e+00	 
 3.24000000000000021316e+00	 0.00000000000000000000e+00	 0.00000000000000000000e+00	 0.00000000000000000000e+00	 8.23373511270862081502e-45	 1.05122042567800973184e-44	 1.90518034247735009013e-46	 0.00000000000000000000e+00	 0.00000000000000000000e+00	 0.00000000000000000000e+00	 1.05028793488426765901e-44	 1.45732345581264046333e-46	 0.00000000000000000000e+00	 0.00000000000000000000e+00	 0.00000000000000000000e+00	 
 3.25999999999999978684e+00	 0.00000000000000000000e+00	 0.00000000000000000000e+00	 0.00000000000000000000e+00	 8.48530216722015653122e-46	 1.08333521665965733009e-45	 0.00000000000000000000e+00	 0.00000000000000000000e+00	 0.00000000000000000000e+00	 0.00000000000000000000e+00	 1.08237422801738465808e-45	 0.00000000000000000000e+00	 0.00000000000000000000e+00	 0.00000000000000000000e+00	 0.00000000000000000000e+00	 
 3.28000000000000024869e+00	 0.00000000000000000000e+00	 0.00000000000000000000e+00	 0.00000000000000000000e+00	 0.00000000000000000000e+00	 1.07273269256915722873e-46	 0.00000000000000000000e+00	 0.00000000000000000000e+00	 0.00000000000000000000e+00	 0.00000000000000000000e+00	 1.07178109855886037226e-46	 0.00000000000000000000e+00	 0.00000000000000000000e+00	 0.00000000000000000000e+00	 0.00000000000000000000e+00	 
 3.29999999999999982236e+00	 0.00000000000000000000e+00	 0.00000000000000000000e+00	 0.00000000000000000000e+00	 0.00000000000000000000e+00	 0.00000000000000000000e+00	 0.00000000000000000000e+00	 0.00000000000000000000e+00	 0.00000000000000000000e+00	 0.00000000000000000000e+00	 0.00000000000000000000e+00	 0.00000000000000000000e+00	 0.00000000000000000000e+00	 0.00000000000000000000e+00	 0.00000000000000000000e+00	 
 3.31999999999999984013e+00	 0.00000000000000000000e+00	 0.00000000000000000000e+00	 0.00000000000000000000e+00	 0.00000000000000000000e+00	 0.00000000000000000000e+00	 0.00000000000000000000e+00	 0.00000000000000000000e+00	 0.00000000000000000000e+00	 0.00000000000000000000e+00	 0.00000000000000000000e+00	 0.00000000000000000000e+00	 0.00000000000000000000e+00	 0.00000000000000000000e+00	 0.00000000000000000000e+00	 
 3.34000000000000030198e+00	 0.00000000000000000000e+00	 0.00000000000000000000e+00	 0.00000000000000000000e+00	 0.00000000000000000000e+00	 0.00000000000000000000e+00	 0.00000000000000000000e+00	 0.00000000000000000000e+00	 0.00000000000000000000e+00	 0.00000000000000000000e+00	 0.00000000000000000000e+00	 0.00000000000000000000e+00	 0.00000000000000000000e+00	 0.00000000000000000000e+00	 0.00000000000000000000e+00	 
 3.36000000000000031974e+00	 0.00000000000000000000e+00	 0.00000000000000000000e+00	 0.00000000000000000000e+00	 0.00000000000000000000e+00	 0.00000000000000000000e+00	 0.00000000000000000000e+00	 0.00000000000000000000e+00	 0.00000000000000000000e+00	 0.00000000000000000000e+00	 0.00000000000000000000e+00	 0.00000000000000000000e+00	 0.00000000000000000000e+00	 0.00000000000000000000e+00	 0.00000000000000000000e+00	 
 3.37999999999999989342e+00	 0.00000000000000000000e+00	 0.00000000000000000000e+00	 0.00000000000000000000e+00	 0.00000000000000000000e+00	 0.00000000000000000000e+00	 0.00000000000000000000e+00	 0.00000000000000000000e+00	 0.00000000000000000000e+00	 0.00000000000000000000e+00	 0.00000000000000000000e+00	 0.00000000000000000000e+00	 0.00000000000000000000e+00	 0.00000000000000000000e+00	 0.00000000000000000000e+00	 
 3.39999999999999991118e+00	 0.00000000000000000000e+00	 0.00000000000000000000e+00	 0.00000000000000000000e+00	 0.00000000000000000000e+00	 0.00000000000000000000e+00	 0.00000000000000000000e+00	 0.00000000000000000000e+00	 0.00000000000000000000e+00	 0.00000000000000000000e+00	 0.00000000000000000000e+00	 0.00000000000000000000e+00	 0.00000000000000000000e+00	 0.00000000000000000000e+00	 0.00000000000000000000e+00	 
 3.42000000000000037303e+00	 0.00000000000000000000e+00	 0.00000000000000000000e+00	 0.00000000000000000000e+00	 0.00000000000000000000e+00	 0.00000000000000000000e+00	 0.00000000000000000000e+00	 0.00000000000000000000e+00	 0.00000000000000000000e+00	 0.00000000000000000000e+00	 0.00000000000000000000e+00	 0.00000000000000000000e+00	 0.00000000000000000000e+00	 0.00000000000000000000e+00	 0.00000000000000000000e+00	 
 3.43999999999999994671e+00	 0.00000000000000000000e+00	 0.00000000000000000000e+00	 0.00000000000000000000e+00	 0.00000000000000000000e+00	 0.00000000000000000000e+00	 0.00000000000000000000e+00	 0.00000000000000000000e+00	 0.00000000000000000000e+00	 0.00000000000000000000e+00	 0.00000000000000000000e+00	 0.00000000000000000000e+00	 0.00000000000000000000e+00	 0.00000000000000000000e+00	 0.00000000000000000000e+00	 
 3.45999999999999996447e+00	 0.00000000000000000000e+00	 0.00000000000000000000e+00	 0.00000000000000000000e+00	 0.00000000000000000000e+00	 0.00000000000000000000e+00	 0.00000000000000000000e+00	 0.00000000000000000000e+00	 0.00000000000000000000e+00	 0.00000000000000000000e+00	 0.00000000000000000000e+00	 0.00000000000000000000e+00	 0.00000000000000000000e+00	 0.00000000000000000000e+00	 0.00000000000000000000e+00	 
 3.48000000000000042633e+00	 0.00000000000000000000e+00	 0.00000000000000000000e+00	 0.00000000000000000000e+00	 0.00000000000000000000e+00	 0.00000000000000000000e+00	 0.00000000000000000000e+00	 0.00000000000000000000e+00	 0.00000000000000000000e+00	 0.00000000000000000000e+00	 0.00000000000000000000e+00	 0.00000000000000000000e+00	 0.00000000000000000000e+00	 0.00000000000000000000e+00	 0.00000000000000000000e+00	 
 3.50000000000000000000e+00	 0.00000000000000000000e+00	 0.00000000000000000000e+00	 0.00000000000000000000e+00	 0.00000000000000000000e+00	 0.00000000000000000000e+00	 0.00000000000000000000e+00	 0.00000000000000000000e+00	 0.00000000000000000000e+00	 0.00000000000000000000e+00	 0.00000000000000000000e+00	 0.00000000000000000000e+00	 0.00000000000000000000e+00	 0.00000000000000000000e+00	 0.00000000000000000000e+00	 
 3.52000000000000001776e+00	 0.00000000000000000000e+00	 0.00000000000000000000e+00	 0.00000000000000000000e+00	 0.00000000000000000000e+00	 0.00000000000000000000e+00	 0.00000000000000000000e+00	 0.00000000000000000000e+00	 0.00000000000000000000e+00	 0.00000000000000000000e+00	 0.00000000000000000000e+00	 0.00000000000000000000e+00	 0.00000000000000000000e+00	 0.00000000000000000000e+00	 0.00000000000000000000e+00	 
 3.54000000000000047962e+00	 0.00000000000000000000e+00	 0.00000000000000000000e+00	 0.00000000000000000000e+00	 0.00000000000000000000e+00	 0.00000000000000000000e+00	 0.00000000000000000000e+00	 0.00000000000000000000e+00	 0.00000000000000000000e+00	 0.00000000000000000000e+00	 0.00000000000000000000e+00	 0.00000000000000000000e+00	 0.00000000000000000000e+00	 0.00000000000000000000e+00	 0.00000000000000000000e+00	 
 3.56000000000000005329e+00	 0.00000000000000000000e+00	 0.00000000000000000000e+00	 0.00000000000000000000e+00	 0.00000000000000000000e+00	 0.00000000000000000000e+00	 0.00000000000000000000e+00	 0.00000000000000000000e+00	 0.00000000000000000000e+00	 0.00000000000000000000e+00	 0.00000000000000000000e+00	 0.00000000000000000000e+00	 0.00000000000000000000e+00	 0.00000000000000000000e+00	 0.00000000000000000000e+00	 
 3.58000000000000007105e+00	 0.00000000000000000000e+00	 0.00000000000000000000e+00	 0.00000000000000000000e+00	 0.00000000000000000000e+00	 0.00000000000000000000e+00	 0.00000000000000000000e+00	 0.00000000000000000000e+00	 0.00000000000000000000e+00	 0.00000000000000000000e+00	 0.00000000000000000000e+00	 0.00000000000000000000e+00	 0.00000000000000000000e+00	 0.00000000000000000000e+00	 0.00000000000000000000e+00	 
 3.60000000000000053291e+00	 0.00000000000000000000e+00	 0.00000000000000000000e+00	 0.00000000000000000000e+00	 0.00000000000000000000e+00	 0.00000000000000000000e+00	 0.00000000000000000000e+00	 0.00000000000000000000e+00	 0.00000000000000000000e+00	 0.00000000000000000000e+00	 0.00000000000000000000e+00	 0.00000000000000000000e+00	 0.00000000000000000000e+00	 0.00000000000000000000e+00	 0.00000000000000000000e+00	 
 3.62000000000000010658e+00	 0.00000000000000000000e+00	 0.00000000000000000000e+00	 0.00000000000000000000e+00	 0.00000000000000000000e+00	 0.00000000000000000000e+00	 0.00000000000000000000e+00	 0.00000000000000000000e+00	 0.00000000000000000000e+00	 0.00000000000000000000e+00	 0.00000000000000000000e+00	 0.00000000000000000000e+00	 0.00000000000000000000e+00	 0.00000000000000000000e+00	 0.00000000000000000000e+00	 
 3.63999999999999968026e+00	 0.00000000000000000000e+00	 0.00000000000000000000e+00	 0.00000000000000000000e+00	 0.00000000000000000000e+00	 0.00000000000000000000e+00	 0.00000000000000000000e+00	 0.00000000000000000000e+00	 0.00000000000000000000e+00	 0.00000000000000000000e+00	 0.00000000000000000000e+00	 0.00000000000000000000e+00	 0.00000000000000000000e+00	 0.00000000000000000000e+00	 0.00000000000000000000e+00	 
 3.65999999999999969802e+00	 0.00000000000000000000e+00	 0.00000000000000000000e+00	 0.00000000000000000000e+00	 0.00000000000000000000e+00	 0.00000000000000000000e+00	 0.00000000000000000000e+00	 0.00000000000000000000e+00	 0.00000000000000000000e+00	 0.00000000000000000000e+00	 0.00000000000000000000e+00	 0.00000000000000000000e+00	 0.00000000000000000000e+00	 0.00000000000000000000e+00	 0.00000000000000000000e+00	 
 3.68000000000000015987e+00	 0.00000000000000000000e+00	 0.00000000000000000000e+00	 0.00000000000000000000e+00	 0.00000000000000000000e+00	 0.00000000000000000000e+00	 0.00000000000000000000e+00	 0.00000000000000000000e+00	 0.00000000000000000000e+00	 0.00000000000000000000e+00	 0.00000000000000000000e+00	 0.00000000000000000000e+00	 0.00000000000000000000e+00	 0.00000000000000000000e+00	 0.00000000000000000000e+00	 
 3.70000000000000017764e+00	 0.00000000000000000000e+00	 0.00000000000000000000e+00	 0.00000000000000000000e+00	 0.00000000000000000000e+00	 0.00000000000000000000e+00	 0.00000000000000000000e+00	 0.00000000000000000000e+00	 0.00000000000000000000e+00	 0.00000000000000000000e+00	 0.00000000000000000000e+00	 0.00000000000000000000e+00	 0.00000000000000000000e+00	 0.00000000000000000000e+00	 0.00000000000000000000e+00	 
 3.71999999999999975131e+00	 0.00000000000000000000e+00	 0.00000000000000000000e+00	 0.00000000000000000000e+00	 0.00000000000000000000e+00	 0.00000000000000000000e+00	 0.00000000000000000000e+00	 0.00000000000000000000e+00	 0.00000000000000000000e+00	 0.00000000000000000000e+00	 0.00000000000000000000e+00	 0.00000000000000000000e+00	 0.00000000000000000000e+00	 0.00000000000000000000e+00	 0.00000000000000000000e+00	 
 3.74000000000000021316e+00	 0.00000000000000000000e+00	 0.00000000000000000000e+00	 0.00000000000000000000e+00	 0.00000000000000000000e+00	 0.00000000000000000000e+00	 0.00000000000000000000e+00	 0.00000000000000000000e+00	 0.00000000000000000000e+00	 0.00000000000000000000e+00	 0.00000000000000000000e+00	 0.00000000000000000000e+00	 0.00000000000000000000e+00	 0.00000000000000000000e+00	 0.00000000000000000000e+00	 
 3.76000000000000023093e+00	 0.00000000000000000000e+00	 0.00000000000000000000e+00	 0.00000000000000000000e+00	 0.00000000000000000000e+00	 0.00000000000000000000e+00	 0.00000000000000000000e+00	 0.00000000000000000000e+00	 0.00000000000000000000e+00	 0.00000000000000000000e+00	 0.00000000000000000000e+00	 0.00000000000000000000e+00	 0.00000000000000000000e+00	 0.00000000000000000000e+00	 0.00000000000000000000e+00	 
 3.77999999999999980460e+00	 0.00000000000000000000e+00	 0.00000000000000000000e+00	 0.00000000000000000000e+00	 0.00000000000000000000e+00	 0.00000000000000000000e+00	 0.00000000000000000000e+00	 0.00000000000000000000e+00	 0.00000000000000000000e+00	 0.00000000000000000000e+00	 0.00000000000000000000e+00	 0.00000000000000000000e+00	 0.00000000000000000000e+00	 0.00000000000000000000e+00	 0.00000000000000000000e+00	 
 3.80000000000000026645e+00	 0.00000000000000000000e+00	 0.00000000000000000000e+00	 0.00000000000000000000e+00	 0.00000000000000000000e+00	 0.00000000000000000000e+00	 0.00000000000000000000e+00	 0.00000000000000000000e+00	 0.00000000000000000000e+00	 0.00000000000000000000e+00	 0.00000000000000000000e+00	 0.00000000000000000000e+00	 0.00000000000000000000e+00	 0.00000000000000000000e+00	 0.00000000000000000000e+00	 
 3.82000000000000028422e+00	 0.00000000000000000000e+00	 0.00000000000000000000e+00	 0.00000000000000000000e+00	 0.00000000000000000000e+00	 0.00000000000000000000e+00	 0.00000000000000000000e+00	 0.00000000000000000000e+00	 0.00000000000000000000e+00	 0.00000000000000000000e+00	 0.00000000000000000000e+00	 0.00000000000000000000e+00	 0.00000000000000000000e+00	 0.00000000000000000000e+00	 0.00000000000000000000e+00	 
 3.83999999999999985789e+00	 0.00000000000000000000e+00	 0.00000000000000000000e+00	 0.00000000000000000000e+00	 0.00000000000000000000e+00	 0.00000000000000000000e+00	 0.00000000000000000000e+00	 0.00000000000000000000e+00	 0.00000000000000000000e+00	 0.00000000000000000000e+00	 0.00000000000000000000e+00	 0.00000000000000000000e+00	 0.00000000000000000000e+00	 0.00000000000000000000e+00	 0.00000000000000000000e+00	 
 3.86000000000000031974e+00	 0.00000000000000000000e+00	 0.00000000000000000000e+00	 0.00000000000000000000e+00	 0.00000000000000000000e+00	 0.00000000000000000000e+00	 0.00000000000000000000e+00	 0.00000000000000000000e+00	 0.00000000000000000000e+00	 0.00000000000000000000e+00	 0.00000000000000000000e+00	 0.00000000000000000000e+00	 0.00000000000000000000e+00	 0.00000000000000000000e+00	 0.00000000000000000000e+00	 
 3.87999999999999989342e+00	 0.00000000000000000000e+00	 0.00000000000000000000e+00	 0.00000000000000000000e+00	 0.00000000000000000000e+00	 0.00000000000000000000e+00	 0.00000000000000000000e+00	 0.00000000000000000000e+00	 0.00000000000000000000e+00	 0.00000000000000000000e+00	 0.00000000000000000000e+00	 0.00000000000000000000e+00	 0.00000000000000000000e+00	 0.00000000000000000000e+00	 0.00000000000000000000e+00	 
 3.89999999999999991118e+00	 0.00000000000000000000e+00	 0.00000000000000000000e+00	 0.00000000000000000000e+00	 0.00000000000000000000e+00	 0.00000000000000000000e+00	 0.00000000000000000000e+00	 0.00000000000000000000e+00	 0.00000000000000000000e+00	 0.00000000000000000000e+00	 0.00000000000000000000e+00	 0.00000000000000000000e+00	 0.00000000000000000000e+00	 0.00000000000000000000e+00	 0.00000000000000000000e+00	 
 3.91999999999999948486e+00	 0.00000000000000000000e+00	 0.00000000000000000000e+00	 0.00000000000000000000e+00	 0.00000000000000000000e+00	 0.00000000000000000000e+00	 0.00000000000000000000e+00	 0.00000000000000000000e+00	 0.00000000000000000000e+00	 0.00000000000000000000e+00	 0.00000000000000000000e+00	 0.00000000000000000000e+00	 0.00000000000000000000e+00	 0.00000000000000000000e+00	 0.00000000000000000000e+00	 
 3.93999999999999994671e+00	 0.00000000000000000000e+00	 0.00000000000000000000e+00	 0.00000000000000000000e+00	 0.00000000000000000000e+00	 0.00000000000000000000e+00	 0.00000000000000000000e+00	 0.00000000000000000000e+00	 0.00000000000000000000e+00	 0.00000000000000000000e+00	 0.00000000000000000000e+00	 0.00000000000000000000e+00	 0.00000000000000000000e+00	 0.00000000000000000000e+00	 0.00000000000000000000e+00	 
 3.95999999999999996447e+00	 0.00000000000000000000e+00	 0.00000000000000000000e+00	 0.00000000000000000000e+00	 0.00000000000000000000e+00	 0.00000000000000000000e+00	 0.00000000000000000000e+00	 0.00000000000000000000e+00	 0.00000000000000000000e+00	 0.00000000000000000000e+00	 0.00000000000000000000e+00	 0.00000000000000000000e+00	 0.00000000000000000000e+00	 0.00000000000000000000e+00	 0.00000000000000000000e+00	 
 3.97999999999999953815e+00	 0.00000000000000000000e+00	 0.00000000000000000000e+00	 0.00000000000000000000e+00	 0.00000000000000000000e+00	 0.00000000000000000000e+00	 0.00000000000000000000e+00	 0.00000000000000000000e+00	 0.00000000000000000000e+00	 0.00000000000000000000e+00	 0.00000000000000000000e+00	 0.00000000000000000000e+00	 0.00000000000000000000e+00	 0.00000000000000000000e+00	 0.00000000000000000000e+00	 
 4.00000000000000000000e+00	 0.00000000000000000000e+00	 0.00000000000000000000e+00	 0.00000000000000000000e+00	 0.00000000000000000000e+00	 0.00000000000000000000e+00	 0.00000000000000000000e+00	 0.00000000000000000000e+00	 0.00000000000000000000e+00	 0.00000000000000000000e+00	 0.00000000000000000000e+00	 0.00000000000000000000e+00	 0.00000000000000000000e+00	 0.00000000000000000000e+00	 0.00000000000000000000e+00	 
 4.01999999999999957367e+00	 0.00000000000000000000e+00	 0.00000000000000000000e+00	 0.00000000000000000000e+00	 0.00000000000000000000e+00	 0.00000000000000000000e+00	 0.00000000000000000000e+00	 0.00000000000000000000e+00	 0.00000000000000000000e+00	 0.00000000000000000000e+00	 0.00000000000000000000e+00	 0.00000000000000000000e+00	 0.00000000000000000000e+00	 0.00000000000000000000e+00	 0.00000000000000000000e+00	 
 4.04000000000000003553e+00	 0.00000000000000000000e+00	 0.00000000000000000000e+00	 0.00000000000000000000e+00	 0.00000000000000000000e+00	 0.00000000000000000000e+00	 0.00000000000000000000e+00	 0.00000000000000000000e+00	 0.00000000000000000000e+00	 0.00000000000000000000e+00	 0.00000000000000000000e+00	 0.00000000000000000000e+00	 0.00000000000000000000e+00	 0.00000000000000000000e+00	 0.00000000000000000000e+00	 
 4.06000000000000049738e+00	 0.00000000000000000000e+00	 0.00000000000000000000e+00	 0.00000000000000000000e+00	 0.00000000000000000000e+00	 0.00000000000000000000e+00	 0.00000000000000000000e+00	 0.00000000000000000000e+00	 0.00000000000000000000e+00	 0.00000000000000000000e+00	 0.00000000000000000000e+00	 0.00000000000000000000e+00	 0.00000000000000000000e+00	 0.00000000000000000000e+00	 0.00000000000000000000e+00	 
 4.08000000000000007105e+00	 0.00000000000000000000e+00	 0.00000000000000000000e+00	 0.00000000000000000000e+00	 0.00000000000000000000e+00	 0.00000000000000000000e+00	 0.00000000000000000000e+00	 0.00000000000000000000e+00	 0.00000000000000000000e+00	 0.00000000000000000000e+00	 0.00000000000000000000e+00	 0.00000000000000000000e+00	 0.00000000000000000000e+00	 0.00000000000000000000e+00	 0.00000000000000000000e+00	 
 4.09999999999999964473e+00	 0.00000000000000000000e+00	 0.00000000000000000000e+00	 0.00000000000000000000e+00	 0.00000000000000000000e+00	 0.00000000000000000000e+00	 0.00000000000000000000e+00	 0.00000000000000000000e+00	 0.00000000000000000000e+00	 0.00000000000000000000e+00	 0.00000000000000000000e+00	 0.00000000000000000000e+00	 0.00000000000000000000e+00	 0.00000000000000000000e+00	 0.00000000000000000000e+00	 
 4.12000000000000010658e+00	 0.00000000000000000000e+00	 0.00000000000000000000e+00	 0.00000000000000000000e+00	 0.00000000000000000000e+00	 0.00000000000000000000e+00	 0.00000000000000000000e+00	 0.00000000000000000000e+00	 0.00000000000000000000e+00	 0.00000000000000000000e+00	 0.00000000000000000000e+00	 0.00000000000000000000e+00	 0.00000000000000000000e+00	 0.00000000000000000000e+00	 0.00000000000000000000e+00	 
 4.14000000000000056843e+00	 0.00000000000000000000e+00	 0.00000000000000000000e+00	 0.00000000000000000000e+00	 0.00000000000000000000e+00	 0.00000000000000000000e+00	 0.00000000000000000000e+00	 0.00000000000000000000e+00	 0.00000000000000000000e+00	 0.00000000000000000000e+00	 0.00000000000000000000e+00	 0.00000000000000000000e+00	 0.00000000000000000000e+00	 0.00000000000000000000e+00	 0.00000000000000000000e+00	 
 4.16000000000000014211e+00	 0.00000000000000000000e+00	 0.00000000000000000000e+00	 0.00000000000000000000e+00	 0.00000000000000000000e+00	 0.00000000000000000000e+00	 0.00000000000000000000e+00	 0.00000000000000000000e+00	 0.00000000000000000000e+00	 0.00000000000000000000e+00	 0.00000000000000000000e+00	 0.00000000000000000000e+00	 0.00000000000000000000e+00	 0.00000000000000000000e+00	 0.00000000000000000000e+00	 
 4.17999999999999971578e+00	 0.00000000000000000000e+00	 0.00000000000000000000e+00	 0.00000000000000000000e+00	 0.00000000000000000000e+00	 0.00000000000000000000e+00	 0.00000000000000000000e+00	 0.00000000000000000000e+00	 0.00000000000000000000e+00	 0.00000000000000000000e+00	 0.00000000000000000000e+00	 0.00000000000000000000e+00	 0.00000000000000000000e+00	 0.00000000000000000000e+00	 0.00000000000000000000e+00	 
 4.20000000000000017764e+00	 0.00000000000000000000e+00	 0.00000000000000000000e+00	 0.00000000000000000000e+00	 0.00000000000000000000e+00	 0.00000000000000000000e+00	 0.00000000000000000000e+00	 0.00000000000000000000e+00	 0.00000000000000000000e+00	 0.00000000000000000000e+00	 0.00000000000000000000e+00	 0.00000000000000000000e+00	 0.00000000000000000000e+00	 0.00000000000000000000e+00	 0.00000000000000000000e+00	 
 4.21999999999999975131e+00	 0.00000000000000000000e+00	 0.00000000000000000000e+00	 0.00000000000000000000e+00	 0.00000000000000000000e+00	 0.00000000000000000000e+00	 0.00000000000000000000e+00	 0.00000000000000000000e+00	 0.00000000000000000000e+00	 0.00000000000000000000e+00	 0.00000000000000000000e+00	 0.00000000000000000000e+00	 0.00000000000000000000e+00	 0.00000000000000000000e+00	 0.00000000000000000000e+00	 
 4.24000000000000021316e+00	 0.00000000000000000000e+00	 0.00000000000000000000e+00	 0.00000000000000000000e+00	 0.00000000000000000000e+00	 0.00000000000000000000e+00	 0.00000000000000000000e+00	 0.00000000000000000000e+00	 0.00000000000000000000e+00	 0.00000000000000000000e+00	 0.00000000000000000000e+00	 0.00000000000000000000e+00	 0.00000000000000000000e+00	 0.00000000000000000000e+00	 0.00000000000000000000e+00	 
 4.25999999999999978684e+00	 0.00000000000000000000e+00	 0.00000000000000000000e+00	 0.00000000000000000000e+00	 0.00000000000000000000e+00	 0.00000000000000000000e+00	 0.00000000000000000000e+00	 0.00000000000000000000e+00	 0.00000000000000000000e+00	 0.00000000000000000000e+00	 0.00000000000000000000e+00	 0.00000000000000000000e+00	 0.00000000000000000000e+00	 0.00000000000000000000e+00	 0.00000000000000000000e+00	 
 4.28000000000000024869e+00	 0.00000000000000000000e+00	 0.00000000000000000000e+00	 0.00000000000000000000e+00	 0.00000000000000000000e+00	 0.00000000000000000000e+00	 0.00000000000000000000e+00	 0.00000000000000000000e+00	 0.00000000000000000000e+00	 0.00000000000000000000e+00	 0.00000000000000000000e+00	 0.00000000000000000000e+00	 0.00000000000000000000e+00	 0.00000000000000000000e+00	 0.00000000000000000000e+00	 
 4.29999999999999982236e+00	 0.00000000000000000000e+00	 0.00000000000000000000e+00	 0.00000000000000000000e+00	 0.00000000000000000000e+00	 0.00000000000000000000e+00	 0.00000000000000000000e+00	 0.00000000000000000000e+00	 0.00000000000000000000e+00	 0.00000000000000000000e+00	 0.00000000000000000000e+00	 0.00000000000000000000e+00	 0.00000000000000000000e+00	 0.00000000000000000000e+00	 0.00000000000000000000e+00	 
 4.32000000000000028422e+00	 0.00000000000000000000e+00	 0.00000000000000000000e+00	 0.00000000000000000000e+00	 0.00000000000000000000e+00	 0.00000000000000000000e+00	 0.00000000000000000000e+00	 0.00000000000000000000e+00	 0.00000000000000000000e+00	 0.00000000000000000000e+00	 0.00000000000000000000e+00	 0.00000000000000000000e+00	 0.00000000000000000000e+00	 0.00000000000000000000e+00	 0.00000000000000000000e+00	 
 4.33999999999999985789e+00	 0.00000000000000000000e+00	 0.00000000000000000000e+00	 0.00000000000000000000e+00	 0.00000000000000000000e+00	 0.00000000000000000000e+00	 0.00000000000000000000e+00	 0.00000000000000000000e+00	 0.00000000000000000000e+00	 0.00000000000000000000e+00	 0.00000000000000000000e+00	 0.00000000000000000000e+00	 0.00000000000000000000e+00	 0.00000000000000000000e+00	 0.00000000000000000000e+00	 
 4.36000000000000031974e+00	 0.00000000000000000000e+00	 0.00000000000000000000e+00	 0.00000000000000000000e+00	 0.00000000000000000000e+00	 0.00000000000000000000e+00	 0.00000000000000000000e+00	 0.00000000000000000000e+00	 0.00000000000000000000e+00	 0.00000000000000000000e+00	 0.00000000000000000000e+00	 0.00000000000000000000e+00	 0.00000000000000000000e+00	 0.00000000000000000000e+00	 0.00000000000000000000e+00	 
 4.37999999999999989342e+00	 0.00000000000000000000e+00	 0.00000000000000000000e+00	 0.00000000000000000000e+00	 0.00000000000000000000e+00	 0.00000000000000000000e+00	 0.00000000000000000000e+00	 0.00000000000000000000e+00	 0.00000000000000000000e+00	 0.00000000000000000000e+00	 0.00000000000000000000e+00	 0.00000000000000000000e+00	 0.00000000000000000000e+00	 0.00000000000000000000e+00	 0.00000000000000000000e+00	 
 4.40000000000000035527e+00	 0.00000000000000000000e+00	 0.00000000000000000000e+00	 0.00000000000000000000e+00	 0.00000000000000000000e+00	 0.00000000000000000000e+00	 0.00000000000000000000e+00	 0.00000000000000000000e+00	 0.00000000000000000000e+00	 0.00000000000000000000e+00	 0.00000000000000000000e+00	 0.00000000000000000000e+00	 0.00000000000000000000e+00	 0.00000000000000000000e+00	 0.00000000000000000000e+00	 
 4.41999999999999992895e+00	 0.00000000000000000000e+00	 0.00000000000000000000e+00	 0.00000000000000000000e+00	 0.00000000000000000000e+00	 0.00000000000000000000e+00	 0.00000000000000000000e+00	 0.00000000000000000000e+00	 0.00000000000000000000e+00	 0.00000000000000000000e+00	 0.00000000000000000000e+00	 0.00000000000000000000e+00	 0.00000000000000000000e+00	 0.00000000000000000000e+00	 0.00000000000000000000e+00	 
 4.43999999999999950262e+00	 0.00000000000000000000e+00	 0.00000000000000000000e+00	 0.00000000000000000000e+00	 0.00000000000000000000e+00	 0.00000000000000000000e+00	 0.00000000000000000000e+00	 0.00000000000000000000e+00	 0.00000000000000000000e+00	 0.00000000000000000000e+00	 0.00000000000000000000e+00	 0.00000000000000000000e+00	 0.00000000000000000000e+00	 0.00000000000000000000e+00	 0.00000000000000000000e+00	 
 4.45999999999999996447e+00	 0.00000000000000000000e+00	 0.00000000000000000000e+00	 0.00000000000000000000e+00	 0.00000000000000000000e+00	 0.00000000000000000000e+00	 0.00000000000000000000e+00	 0.00000000000000000000e+00	 0.00000000000000000000e+00	 0.00000000000000000000e+00	 0.00000000000000000000e+00	 0.00000000000000000000e+00	 0.00000000000000000000e+00	 0.00000000000000000000e+00	 0.00000000000000000000e+00	 
 4.47999999999999953815e+00	 0.00000000000000000000e+00	 0.00000000000000000000e+00	 0.00000000000000000000e+00	 0.00000000000000000000e+00	 0.00000000000000000000e+00	 0.00000000000000000000e+00	 0.00000000000000000000e+00	 0.00000000000000000000e+00	 0.00000000000000000000e+00	 0.00000000000000000000e+00	 0.00000000000000000000e+00	 0.00000000000000000000e+00	 0.00000000000000000000e+00	 0.00000000000000000000e+00	 
 4.50000000000000000000e+00	 0.00000000000000000000e+00	 0.00000000000000000000e+00	 0.00000000000000000000e+00	 0.00000000000000000000e+00	 0.00000000000000000000e+00	 0.00000000000000000000e+00	 0.00000000000000000000e+00	 0.00000000000000000000e+00	 0.00000000000000000000e+00	 0.00000000000000000000e+00	 0.00000000000000000000e+00	 0.00000000000000000000e+00	 0.00000000000000000000e+00	 0.00000000000000000000e+00	 
 4.52000000000000046185e+00	 0.00000000000000000000e+00	 0.00000000000000000000e+00	 0.00000000000000000000e+00	 0.00000000000000000000e+00	 0.00000000000000000000e+00	 0.00000000000000000000e+00	 0.00000000000000000000e+00	 0.00000000000000000000e+00	 0.00000000000000000000e+00	 0.00000000000000000000e+00	 0.00000000000000000000e+00	 0.00000000000000000000e+00	 0.00000000000000000000e+00	 0.00000000000000000000e+00	 
 4.54000000000000003553e+00	 0.00000000000000000000e+00	 0.00000000000000000000e+00	 0.00000000000000000000e+00	 0.00000000000000000000e+00	 0.00000000000000000000e+00	 0.00000000000000000000e+00	 0.00000000000000000000e+00	 0.00000000000000000000e+00	 0.00000000000000000000e+00	 0.00000000000000000000e+00	 0.00000000000000000000e+00	 0.00000000000000000000e+00	 0.00000000000000000000e+00	 0.00000000000000000000e+00	 
 4.55999999999999960920e+00	 0.00000000000000000000e+00	 0.00000000000000000000e+00	 0.00000000000000000000e+00	 0.00000000000000000000e+00	 0.00000000000000000000e+00	 0.00000000000000000000e+00	 0.00000000000000000000e+00	 0.00000000000000000000e+00	 0.00000000000000000000e+00	 0.00000000000000000000e+00	 0.00000000000000000000e+00	 0.00000000000000000000e+00	 0.00000000000000000000e+00	 0.00000000000000000000e+00	 
 4.58000000000000007105e+00	 0.00000000000000000000e+00	 0.00000000000000000000e+00	 0.00000000000000000000e+00	 0.00000000000000000000e+00	 0.00000000000000000000e+00	 0.00000000000000000000e+00	 0.00000000000000000000e+00	 0.00000000000000000000e+00	 0.00000000000000000000e+00	 0.00000000000000000000e+00	 0.00000000000000000000e+00	 0.00000000000000000000e+00	 0.00000000000000000000e+00	 0.00000000000000000000e+00	 
 4.60000000000000053291e+00	 0.00000000000000000000e+00	 0.00000000000000000000e+00	 0.00000000000000000000e+00	 0.00000000000000000000e+00	 0.00000000000000000000e+00	 0.00000000000000000000e+00	 0.00000000000000000000e+00	 0.00000000000000000000e+00	 0.00000000000000000000e+00	 0.00000000000000000000e+00	 0.00000000000000000000e+00	 0.00000000000000000000e+00	 0.00000000000000000000e+00	 0.00000000000000000000e+00	 
 4.62000000000000010658e+00	 0.00000000000000000000e+00	 0.00000000000000000000e+00	 0.00000000000000000000e+00	 0.00000000000000000000e+00	 0.00000000000000000000e+00	 0.00000000000000000000e+00	 0.00000000000000000000e+00	 0.00000000000000000000e+00	 0.00000000000000000000e+00	 0.00000000000000000000e+00	 0.00000000000000000000e+00	 0.00000000000000000000e+00	 0.00000000000000000000e+00	 0.00000000000000000000e+00	 
 4.63999999999999968026e+00	 0.00000000000000000000e+00	 0.00000000000000000000e+00	 0.00000000000000000000e+00	 0.00000000000000000000e+00	 0.00000000000000000000e+00	 0.00000000000000000000e+00	 0.00000000000000000000e+00	 0.00000000000000000000e+00	 0.00000000000000000000e+00	 0.00000000000000000000e+00	 0.00000000000000000000e+00	 0.00000000000000000000e+00	 0.00000000000000000000e+00	 0.00000000000000000000e+00	 
 4.66000000000000014211e+00	 0.00000000000000000000e+00	 0.00000000000000000000e+00	 0.00000000000000000000e+00	 0.00000000000000000000e+00	 0.00000000000000000000e+00	 0.00000000000000000000e+00	 0.00000000000000000000e+00	 0.00000000000000000000e+00	 0.00000000000000000000e+00	 0.00000000000000000000e+00	 0.00000000000000000000e+00	 0.00000000000000000000e+00	 0.00000000000000000000e+00	 0.00000000000000000000e+00	 
 4.67999999999999971578e+00	 0.00000000000000000000e+00	 0.00000000000000000000e+00	 0.00000000000000000000e+00	 0.00000000000000000000e+00	 0.00000000000000000000e+00	 0.00000000000000000000e+00	 0.00000000000000000000e+00	 0.00000000000000000000e+00	 0.00000000000000000000e+00	 0.00000000000000000000e+00	 0.00000000000000000000e+00	 0.00000000000000000000e+00	 0.00000000000000000000e+00	 0.00000000000000000000e+00	 
 4.69999999999999928946e+00	 0.00000000000000000000e+00	 0.00000000000000000000e+00	 0.00000000000000000000e+00	 0.00000000000000000000e+00	 0.00000000000000000000e+00	 0.00000000000000000000e+00	 0.00000000000000000000e+00	 0.00000000000000000000e+00	 0.00000000000000000000e+00	 0.00000000000000000000e+00	 0.00000000000000000000e+00	 0.00000000000000000000e+00	 0.00000000000000000000e+00	 0.00000000000000000000e+00	 
 4.72000000000000063949e+00	 0.00000000000000000000e+00	 0.00000000000000000000e+00	 0.00000000000000000000e+00	 0.00000000000000000000e+00	 0.00000000000000000000e+00	 0.00000000000000000000e+00	 0.00000000000000000000e+00	 0.00000000000000000000e+00	 0.00000000000000000000e+00	 0.00000000000000000000e+00	 0.00000000000000000000e+00	 0.00000000000000000000e+00	 0.00000000000000000000e+00	 0.00000000000000000000e+00	 
 4.74000000000000021316e+00	 0.00000000000000000000e+00	 0.00000000000000000000e+00	 0.00000000000000000000e+00	 0.00000000000000000000e+00	 0.00000000000000000000e+00	 0.00000000000000000000e+00	 0.00000000000000000000e+00	 0.00000000000000000000e+00	 0.00000000000000000000e+00	 0.00000000000000000000e+00	 0.00000000000000000000e+00	 0.00000000000000000000e+00	 0.00000000000000000000e+00	 0.00000000000000000000e+00	 
 4.75999999999999978684e+00	 0.00000000000000000000e+00	 0.00000000000000000000e+00	 0.00000000000000000000e+00	 0.00000000000000000000e+00	 0.00000000000000000000e+00	 0.00000000000000000000e+00	 0.00000000000000000000e+00	 0.00000000000000000000e+00	 0.00000000000000000000e+00	 0.00000000000000000000e+00	 0.00000000000000000000e+00	 0.00000000000000000000e+00	 0.00000000000000000000e+00	 0.00000000000000000000e+00	 
 4.78000000000000024869e+00	 0.00000000000000000000e+00	 0.00000000000000000000e+00	 0.00000000000000000000e+00	 0.00000000000000000000e+00	 0.00000000000000000000e+00	 0.00000000000000000000e+00	 0.00000000000000000000e+00	 0.00000000000000000000e+00	 0.00000000000000000000e+00	 0.00000000000000000000e+00	 0.00000000000000000000e+00	 0.00000000000000000000e+00	 0.00000000000000000000e+00	 0.00000000000000000000e+00	 
 4.79999999999999982236e+00	 0.00000000000000000000e+00	 0.00000000000000000000e+00	 0.00000000000000000000e+00	 0.00000000000000000000e+00	 0.00000000000000000000e+00	 0.00000000000000000000e+00	 0.00000000000000000000e+00	 0.00000000000000000000e+00	 0.00000000000000000000e+00	 0.00000000000000000000e+00	 0.00000000000000000000e+00	 0.00000000000000000000e+00	 0.00000000000000000000e+00	 0.00000000000000000000e+00	 
 4.81999999999999939604e+00	 0.00000000000000000000e+00	 0.00000000000000000000e+00	 0.00000000000000000000e+00	 0.00000000000000000000e+00	 0.00000000000000000000e+00	 0.00000000000000000000e+00	 0.00000000000000000000e+00	 0.00000000000000000000e+00	 0.00000000000000000000e+00	 0.00000000000000000000e+00	 0.00000000000000000000e+00	 0.00000000000000000000e+00	 0.00000000000000000000e+00	 0.00000000000000000000e+00	 
 4.84000000000000074607e+00	 0.00000000000000000000e+00	 0.00000000000000000000e+00	 0.00000000000000000000e+00	 0.00000000000000000000e+00	 0.00000000000000000000e+00	 0.00000000000000000000e+00	 0.00000000000000000000e+00	 0.00000000000000000000e+00	 0.00000000000000000000e+00	 0.00000000000000000000e+00	 0.00000000000000000000e+00	 0.00000000000000000000e+00	 0.00000000000000000000e+00	 0.00000000000000000000e+00	 
 4.86000000000000031974e+00	 0.00000000000000000000e+00	 0.00000000000000000000e+00	 0.00000000000000000000e+00	 0.00000000000000000000e+00	 0.00000000000000000000e+00	 0.00000000000000000000e+00	 0.00000000000000000000e+00	 0.00000000000000000000e+00	 0.00000000000000000000e+00	 0.00000000000000000000e+00	 0.00000000000000000000e+00	 0.00000000000000000000e+00	 0.00000000000000000000e+00	 0.00000000000000000000e+00	 
 4.87999999999999989342e+00	 0.00000000000000000000e+00	 0.00000000000000000000e+00	 0.00000000000000000000e+00	 0.00000000000000000000e+00	 0.00000000000000000000e+00	 0.00000000000000000000e+00	 0.00000000000000000000e+00	 0.00000000000000000000e+00	 0.00000000000000000000e+00	 0.00000000000000000000e+00	 0.00000000000000000000e+00	 0.00000000000000000000e+00	 0.00000000000000000000e+00	 0.00000000000000000000e+00	 
 4.89999999999999946709e+00	 0.00000000000000000000e+00	 0.00000000000000000000e+00	 0.00000000000000000000e+00	 0.00000000000000000000e+00	 0.00000000000000000000e+00	 0.00000000000000000000e+00	 0.00000000000000000000e+00	 0.00000000000000000000e+00	 0.00000000000000000000e+00	 0.00000000000000000000e+00	 0.00000000000000000000e+00	 0.00000000000000000000e+00	 0.00000000000000000000e+00	 0.00000000000000000000e+00	 
 4.91999999999999992895e+00	 0.00000000000000000000e+00	 0.00000000000000000000e+00	 0.00000000000000000000e+00	 0.00000000000000000000e+00	 0.00000000000000000000e+00	 0.00000000000000000000e+00	 0.00000000000000000000e+00	 0.00000000000000000000e+00	 0.00000000000000000000e+00	 0.00000000000000000000e+00	 0.00000000000000000000e+00	 0.00000000000000000000e+00	 0.00000000000000000000e+00	 0.00000000000000000000e+00	 
 4.93999999999999950262e+00	 0.00000000000000000000e+00	 0.00000000000000000000e+00	 0.00000000000000000000e+00	 0.00000000000000000000e+00	 0.00000000000000000000e+00	 0.00000000000000000000e+00	 0.00000000000000000000e+00	 0.00000000000000000000e+00	 0.00000000000000000000e+00	 0.00000000000000000000e+00	 0.00000000000000000000e+00	 0.00000000000000000000e+00	 0.00000000000000000000e+00	 0.00000000000000000000e+00	 
 4.95999999999999996447e+00	 0.00000000000000000000e+00	 0.00000000000000000000e+00	 0.00000000000000000000e+00	 0.00000000000000000000e+00	 0.00000000000000000000e+00	 0.00000000000000000000e+00	 0.00000000000000000000e+00	 0.00000000000000000000e+00	 0.00000000000000000000e+00	 0.00000000000000000000e+00	 0.00000000000000000000e+00	 0.00000000000000000000e+00	 0.00000000000000000000e+00	 0.00000000000000000000e+00	 
 4.98000000000000042633e+00	 0.00000000000000000000e+00	 0.00000000000000000000e+00	 0.00000000000000000000e+00	 0.00000000000000000000e+00	 0.00000000000000000000e+00	 0.00000000000000000000e+00	 0.00000000000000000000e+00	 0.00000000000000000000e+00	 0.00000000000000000000e+00	 0.00000000000000000000e+00	 0.00000000000000000000e+00	 0.00000000000000000000e+00	 0.00000000000000000000e+00	 0.00000000000000000000e+00	 
 5.00000000000000000000e+00	 0.00000000000000000000e+00	 0.00000000000000000000e+00	 0.00000000000000000000e+00	 0.00000000000000000000e+00	 0.00000000000000000000e+00	 0.00000000000000000000e+00	 0.00000000000000000000e+00	 0.00000000000000000000e+00	 0.00000000000000000000e+00	 0.00000000000000000000e+00	 0.00000000000000000000e+00	 0.00000000000000000000e+00	 0.00000000000000000000e+00	 0.00000000000000000000e+00	 
