 -1.00000000000000000000e+00	 7.85154971569940288460e-06	 7.59722660953610000691e-06	 7.87199005321919306473e-06	 1.13607450226837665419e-02	 1.13500985983047350536e-02	 1.11797064770115337634e-02	 0.00000000000000000000e+00	 6.31551791045163388172e-03	 7.68078821403546125463e-03	 1.13437941277769009651e-02	 1.64265687198406320417e-05	 1.93832000836716807828e-05	 1.93832000836716807828e-05	 1.93832000836716807828e-05	 
 -9.79999999999999982236e-01	 8.00177275003463922749e-06	 7.74253037805178321500e-06	 8.02201716847015923006e-06	 1.15746495844951217957e-02	 1.15640432236476901895e-02	 1.13901343444986948711e-02	 0.00000000000000000000e+00	 6.45723584052752819229e-03	 7.84904029038415926300e-03	 1.15572111523924939830e-02	 1.67420290692431063533e-05	 1.97501050906945514014e-05	 1.97501050906945514014e-05	 1.97501050906945514014e-05	 
 -9.59999999999999964473e-01	 8.15362517530028811771e-06	 7.88941193237110788771e-06	 8.17366026856461824876e-06	 1.17907842390022644941e-02	 1.17802282494389350120e-02	 1.16027544091840857654e-02	 0.00000000000000000000e+00	 6.60113818611447397688e-03	 8.01977305214767247077e-03	 1.17728509920856424381e-02	 1.70609585455904214297e-05	 2.01208788710980635819e-05	 2.01208788710980635819e-05	 2.01208788710980635819e-05	 
 -9.39999999999999946709e-01	 8.30690343185868080406e-06	 8.03767511478412409822e-06	 8.32672257972066843981e-06	 1.20088575275941154830e-02	 1.19983640234066803176e-02	 1.18172791773669075971e-02	 0.00000000000000000000e+00	 6.74712765001096032025e-03	 8.19284872557998582188e-03	 1.19904256593610283183e-02	 1.73829410796092636866e-05	 2.04950121770699902142e-05	 2.04950121770699902142e-05	 2.04950121770699902142e-05	 
 -9.19999999999999928946e-01	 8.46138956362997518513e-06	 8.18710856866301301587e-06	 8.48099479271274047450e-06	 1.22285561055450117673e-02	 1.22181382476234841328e-02	 1.20333990659295068243e-02	 0.00000000000000000000e+00	 6.89509764566891784204e-03	 8.36811612578568751741e-03	 1.22096258391295054563e-02	 1.77075281919667794350e-05	 2.08719570469089201988e-05	 2.08719570469089201988e-05	 2.08719570469089201988e-05	 
 -9.00000000000000022204e-01	 8.61684809622961899042e-06	 8.33748389222459906466e-06	 8.63625167143762330932e-06	 1.24495426002330482340e-02	 1.24392146241639293958e-02	 1.22507807034518533679e-02	 0.00000000000000000000e+00	 7.04493105449982125882e-03	 8.54540916728877518460e-03	 1.24301188552397925968e-02	 1.80342352303244163271e-05	 2.12511219767715824405e-05	 2.12511219767715824405e-05	 2.12511219767715824405e-05	 
 -8.80000000000000115463e-01	 8.77303623124380693330e-06	 8.48855714353525493893e-06	 8.79224800630366485048e-06	 1.26714583029428947553e-02	 1.26612351715817521292e-02	 1.24690701543593539247e-02	 0.00000000000000000000e+00	 7.19649995840239680572e-03	 8.72455026578769325674e-03	 1.26515505959162149335e-02	 1.83625435072498140621e-05	 2.16318760806117085479e-05	 2.16318760806117085479e-05	 2.16318760806117085479e-05	 
 -8.59999999999999986677e-01	 8.92969899861290646991e-06	 8.64006728764206378621e-06	 8.94871931835111247854e-06	 1.28939208665808484333e-02	 1.28838180610014244043e-02	 1.26878904222097743659e-02	 0.00000000000000000000e+00	 7.34966519715345330266e-03	 8.90534824953346029752e-03	 1.28735435667328597387e-02	 1.86918974189957519004e-05	 2.20135450246566903218e-05	 2.20135450246566903218e-05	 2.20135450246566903218e-05	 
 -8.40000000000000079936e-01	 9.08656423634843529345e-06	 8.79173441551318681528e-06	 9.10538239689973891774e-06	 1.31165218166708428399e-02	 1.31065552548994563448e-02	 1.29068387766650988918e-02	 0.00000000000000000000e+00	 7.50427550301018073814e-03	 9.08759577080002142746e-03	 1.30956947985167247023e-02	 1.90217010366907607441e-05	 2.23954064611178438316e-05	 2.23954064611178438316e-05	 2.23954064611178438316e-05	 
 -8.20000000000000062172e-01	 9.24332528253447026931e-06	 8.94326281564502394703e-06	 9.26193348095078485243e-06	 1.33388333846502331326e-02	 1.33290168970975602541e-02	 1.31254905869635993265e-02	 0.00000000000000000000e+00	 7.66016578157833246537e-03	 9.27106735952974020387e-03	 1.33175786331077086744e-02	 1.93513233710872773071e-05	 2.27766989487189471322e-05	 2.27766989487189471322e-05	 2.27766989487189471322e-05	 
 -8.00000000000000044409e-01	 9.39964690190883877727e-06	 9.09433895054965614588e-06	 9.41804813387150233420e-06	 1.35604048687894586378e-02	 1.35507485884273325139e-02	 1.33433968362789440870e-02	 0.00000000000000000000e+00	 7.81715725576635246663e-03	 9.45551942516191512578e-03	 1.35387446809987453678e-02	 1.96800945517541397728e-05	 2.31566164187425298107e-05	 2.31566164187425298107e-05	 2.31566164187425298107e-05	 
 -7.80000000000000026645e-01	 9.55517077765594886906e-06	 9.24462924795808095059e-06	 9.57338089041200913931e-06	 1.37807589137762757231e-02	 1.37712685350790571548e-02	 1.35600815255702104867e-02	 0.00000000000000000000e+00	 7.97505700848505708067e-03	 9.64068958801107475654e-03	 1.37587156801130712502e-02	 2.00073015414120656923e-05	 2.35343022811858562280e-05	 2.35343022811858562280e-05	 2.35343022811858562280e-05	 
 -7.60000000000000008882e-01	 9.70953227832282749269e-06	 9.39378515897463201121e-06	 9.72756666143306838166e-06	 1.39993991618068899796e-02	 1.39900757135667241915e-02	 1.37750530308270290741e-02	 0.00000000000000000000e+00	 8.13365911109442327187e-03	 9.82629665877625922688e-03	 1.39769932954524524898e-02	 2.03321986245754369180e-05	 2.39088627102120745527e-05	 2.39088627102120745527e-05	 2.39088627102120745527e-05	 
 -7.39999999999999991118e-01	 9.86235319030141374620e-06	 9.54144058730614458513e-06	 9.88021950333968391881e-06	 1.42158067095546989528e-02	 1.42066460536285823352e-02	 1.39877990635754595461e-02	 0.00000000000000000000e+00	 8.29274376632093898620e-03	 1.00120399893730994273e-02	 1.41930552582408275875e-02	 2.06540020161927436793e-05	 2.42793600188189686478e-05	 2.42793600188189686478e-05	 2.42793600188189686478e-05	 
 -7.19999999999999973355e-01	 1.00132343502398674432e-05	 9.68720921356528569257e-06	 1.00309311544995962329e-05	 1.44294365945835979803e-02	 1.44204286153729079045e-02	 1.41977816750424729042e-02	 0.00000000000000000000e+00	 8.45207575623224335870e-03	 1.01975979960310346450e-02	 1.44063524917946109843e-02	 2.09718841763561910068e-05	 2.46448058862319907764e-05	 2.46448058862319907764e-05	 2.46448058862319907764e-05	 
 -6.99999999999999955591e-01	 1.01617705936845722429e-05	 9.83068997875435528569e-06	 1.01792981241695129640e-05	 1.46397282204322864291e-02	 1.46308568581212036785e-02	 1.44044426896779657193e-02	 0.00000000000000000000e+00	 8.61140642604564347795e-03	 1.03826328811386023321e-02	 1.46163197563535570550e-02	 2.12849881677113487348e-05	 2.50041742216248788727e-05	 2.50041742216248788727e-05	 2.50041742216248788727e-05	 
 -6.79999999999999937828e-01	 1.03075445978249693107e-05	 9.97146466606613092584e-06	 1.03249106417932886892e-05	 1.48461012557721504235e-02	 1.48373441337045584160e-02	 1.46072015718864394590e-02	 0.00000000000000000000e+00	 8.77047263933250671741e-03	 1.05667883299567326449e-02	 1.48223713817936513654e-02	 2.15924214178697023163e-05	 2.53563955466722482925e-05	 2.53563955466722482925e-05	 2.53563955466722482925e-05	 
 -6.60000000000000031086e-01	 1.04501207698222042586e-05	 1.01090954563920169552e-05	 1.04673416760252988792e-05	 1.50479516748522768738e-02	 1.50392793069512326759e-02	 1.48054533919675119363e-02	 0.00000000000000000000e+00	 8.92899495887685551443e-03	 1.07496863945168684429e-02	 1.50238971178195644673e-02	 2.18932494077014873325e-05	 2.57003514038396252558e-05	 2.57003514038396252558e-05	 2.57003514038396252558e-05	 
 -6.40000000000000013323e-01	 1.05890370118659872881e-05	 1.02431344758919663893e-05	 1.06061435174065463508e-05	 1.52446612869859190326e-02	 1.52360429320930572394e-02	 1.49985827376689830753e-02	 0.00000000000000000000e+00	 9.08667789501437124511e-03	 1.09309288187085778404e-02	 1.52202754018214269499e-02	 2.21865154032604390891e-05	 2.60348998247376993767e-05	 2.60348998247376993767e-05	 2.60348998247376993767e-05	 
 -6.19999999999999884537e-01	 1.07238083615799311413e-05	 1.03731201513939683492e-05	 1.07408496442251665795e-05	 1.54355946563789914877e-02	 1.54270014496640205104e-02	 1.51859587794475354300e-02	 0.00000000000000000000e+00	 9.24320970396386686063e-03	 1.11100962960167318205e-02	 1.54108686976491549014e-02	 2.24712329412703399386e-05	 2.63588657044455895750e-05	 2.63588657044455895750e-05	 2.63588657044455895750e-05	 
 -5.99999999999999977796e-01	 1.08539305388440208858e-05	 1.04985736582781102476e-05	 1.08709766003040462948e-05	 1.56200962192341950147e-02	 1.56115016284172330313e-02	 1.53669305610733986783e-02	 0.00000000000000000000e+00	 9.39826121296816197059e-03	 1.12867467494768732028e-02	 1.55950190550493313080e-02	 2.27463784924907013634e-05	 2.66710315055556573610e-05	 2.66710315055556573610e-05	 2.66710315055556573610e-05	 
 -5.79999999999999849010e-01	 1.09788994337685062063e-05	 1.06190118631996632825e-05	 1.09960334127394020778e-05	 1.57975033641570873633e-02	 1.57888840582938935753e-02	 1.55408415271277439151e-02	 0.00000000000000000000e+00	 9.55148478320765569050e-03	 1.14604192770859352607e-02	 1.57720664566601449785e-02	 2.30109176638710103378e-05	 2.69701713117689165417e-05	 2.69701713117689165417e-05	 2.69701713117689165417e-05	 
 -5.60000000000000053291e-01	 1.10982038327428777808e-05	 1.07339427882656731998e-05	 1.11155185582324541173e-05	 1.59671426111325925890e-02	 1.59584792176356744797e-02	 1.57070250785191246889e-02	 0.00000000000000000000e+00	 9.70251478633911597360e-03	 1.16306326358106074115e-02	 1.59413428323614513038e-02	 2.32637960845534052905e-05	 2.72550389898788193613e-05	 2.72550389898788193613e-05	 2.72550389898788193613e-05	 
 -5.40000000000000035527e-01	 1.12113184048304691931e-05	 1.08428612691408895178e-05	 1.12289170926736680991e-05	 1.61283260340749565187e-02	 1.61196037769667475936e-02	 1.58648003786406172066e-02	 0.00000000000000000000e+00	 9.85096679276481305976e-03	 1.17968826660234879511e-02	 1.61021663552165517075e-02	 2.35039307041226723581e-05	 2.75243569022746233273e-05	 2.75243569022746233273e-05	 2.75243569022746233273e-05	 
 -5.20000000000000017764e-01	 1.13177315835453714578e-05	 1.09452647956679883232e-05	 1.13357053026354946375e-05	 1.62803722597683678264e-02	 1.62715800428913266729e-02	 1.60134962103697479907e-02	 0.00000000000000000000e+00	 9.99644503590016615668e-03	 1.19586518457714119368e-02	 1.62538566203661166698e-02	 2.37302416647642445545e-05	 2.77768576253575646810e-05	 2.77768576253575646810e-05	 2.77768576253575646810e-05	 
 -5.00000000000000000000e-01	 1.14169353856198043350e-05	 1.10406483020084049987e-05	 1.14353501149425984990e-05	 1.64226001030782151058e-02	 1.64137303018589211789e-02	 1.61524434087998748633e-02	 0.00000000000000000000e+00	 1.01385397171311723852e-02	 1.21154058342256096964e-02	 1.63957307478164553138e-02	 2.39416419430920807718e-05	 2.80112703073325474377e-05	 2.80112703073325474377e-05	 2.80112703073325474377e-05	 
 -4.79999999999999926725e-01	 1.15084155297988584862e-05	 1.11284991858833869191e-05	 1.15273086363823609778e-05	 1.65543224476162528780e-02	 1.65453713690246889678e-02	 1.62809675302677883679e-02	 0.00000000000000000000e+00	 1.02768230857606043815e-02	 1.22665890601424184408e-02	 1.65270996720031752847e-02	 2.41370275249062157688e-05	 2.82263076004801456015e-05	 2.82263076004801456015e-05	 2.82263076004801456015e-05	 
 -4.59999999999999964473e-01	 1.15916855688278439137e-05	 1.12083186310707029427e-05	 1.16110668702598120953e-05	 1.66748669170101899983e-02	 1.66658402381592955777e-02	 1.63984124026450676925e-02	 0.00000000000000000000e+00	 1.04108580797631546794e-02	 1.24116446542540670439e-02	 1.66472983195815049662e-02	 2.43153232924345678683e-05	 2.84207199110610240350e-05	 2.84207199110610240350e-05	 2.84207199110610240350e-05	 
 -4.40000000000000002220e-01	 1.16662746210418050553e-05	 1.12796145877629988569e-05	 1.16861252813649055292e-05	 1.67835703386770250523e-02	 1.67744864960738503112e-02	 1.65041333911494642050e-02	 0.00000000000000000000e+00	 1.05401953619251656513e-02	 1.25500070865361863792e-02	 1.67556760544831685744e-02	 2.44754678169231005820e-05	 2.85932777609903103770e-05	 2.85932777609903103770e-05	 2.85932777609903103770e-05	 
 -4.19999999999999984457e-01	 1.17317150286872348203e-05	 1.13418949297481853845e-05	 1.17519847590660124253e-05	 1.68797732513531924259e-02	 1.68706647495025299777e-02	 1.65974906342368118406e-02	 0.00000000000000000000e+00	 1.06643691399199904563e-02	 1.26810942828692683332e-02	 1.68515872073804542919e-02	 2.46163986761831439563e-05	 2.87427544551808889363e-05	 2.87427544551808889363e-05	 2.87427544551808889363e-05	 
 -3.99999999999999911182e-01	 1.17875330700487409322e-05	 1.13946909037302703763e-05	 1.18081469063523794425e-05	 1.69628561012235556937e-02	 1.69537542673888451394e-02	 1.66778659136496906767e-02	 0.00000000000000000000e+00	 1.07829107411542991085e-02	 1.28043145454861759941e-02	 1.69344141548321523716e-02	 2.47371028682484861178e-05	 2.88679839947514602679e-05	 2.88679839947514602679e-05	 2.88679839947514602679e-05	 
 -3.80000000000000004441e-01	 1.18332558733899182514e-05	 1.14375495869974467910e-05	 1.18541164543011501840e-05	 1.70322275398198698382e-02	 1.70231544627845003681e-02	 1.67446592508084142470e-02	 0.00000000000000000000e+00	 1.08953437790497865284e-02	 1.29190647915218229796e-02	 1.70035613281680521303e-02	 2.48366004880706353576e-05	 2.89678428600695252236e-05	 2.89678428600695252236e-05	 2.89678428600695252236e-05	 
 -3.59999999999999931166e-01	 1.18684178159086076734e-05	 1.14700262610158316301e-05	 1.18894034578722484650e-05	 1.70873124562938120963e-02	 1.70782799457657105680e-02	 1.67972850565748683949e-02	 0.00000000000000000000e+00	 1.10011783005501614929e-02	 1.30247280399126263289e-02	 1.70584488003776707510e-02	 2.49139284470186482599e-05	 2.90412312820207587217e-05	 2.90412312820207587217e-05	 2.90412312820207587217e-05	 
 -3.39999999999999968914e-01	 1.18925934514177197285e-05	 1.14917115835456719693e-05	 1.19135577674375013721e-05	 1.71275789959798134532e-02	 1.71185929321116848956e-02	 1.68352042209057271849e-02	 0.00000000000000000000e+00	 1.10999224998232538797e-02	 1.31207064555212277179e-02	 1.70985403580332859241e-02	 2.49682003431545472495e-05	 2.90871405528344649635e-05	 2.90871405528344649635e-05	 2.90871405528344649635e-05	 
 -3.20000000000000006661e-01	 1.19053859566677438749e-05	 1.15022226018228907054e-05	 1.19261567336624652247e-05	 1.71525310580216000522e-02	 1.71435932991048159413e-02	 1.68579141962859092863e-02	 0.00000000000000000000e+00	 1.11910786902746708926e-02	 1.32064087343939165486e-02	 1.71233354803850303105e-02	 2.49985864053019515277e-05	 2.91046311530177832609e-05	 2.91046311530177832609e-05	 2.91046311530177832609e-05	 
 -2.99999999999999933387e-01	 1.19064152638727531426e-05	 1.15011932166418985623e-05	 1.19267928549115366347e-05	 1.71616997210027599774e-02	 1.71528077445637708309e-02	 1.68649382291706367853e-02	 0.00000000000000000000e+00	 1.12741382734864101223e-02	 1.32812376342430413234e-02	 1.71323603508902848336e-02	 2.50042925717278137845e-05	 2.90928090459737143840e-05	 2.90928090459737143840e-05	 2.90928090459737143840e-05	 
 -2.80000000000000026645e-01	 1.18953527826944269310e-05	 1.14883109382618960785e-05	 1.19151404651915651819e-05	 1.71546748788846230294e-02	 1.71458257466039001859e-02	 1.68558600092513673208e-02	 0.00000000000000000000e+00	 1.13486039176481645629e-02	 1.33446224930017284110e-02	 1.71252128822169703837e-02	 2.49846409314190186983e-05	 2.90509169970671075672e-05	 2.90509169970671075672e-05	 2.90509169970671075672e-05	 
 -2.59999999999999953371e-01	 1.18719089507421205696e-05	 1.14633035491989638714e-05	 1.18909290834011078847e-05	 1.71310954102711146541e-02	 1.71222877945812167189e-02	 1.68303123660446807275e-02	 0.00000000000000000000e+00	 1.14139809968454662009e-02	 1.33960066815200402879e-02	 1.71015469210746944018e-02	 2.49390403472366223964e-05	 2.89783017695842045334e-05	 2.89783017695842045334e-05	 2.89783017695842045334e-05	 
 -2.39999999999999907851e-01	 1.18358196410438142905e-05	 1.14259244371802441362e-05	 1.18539157933335159706e-05	 1.70906374481681611055e-02	 1.70818717918752686902e-02	 1.67879642088830417779e-02	 0.00000000000000000000e+00	 1.14697685249214812592e-02	 1.34348355046142540342e-02	 1.70610546130038620571e-02	 2.48669545989608275290e-05	 2.88743773365287103422e-05	 2.88743773365287103422e-05	 2.88743773365287103422e-05	 
 -2.19999999999999945599e-01	 1.17868982480956335812e-05	 1.13759933022385825653e-05	 1.18039199670374082368e-05	 1.70330515863379577945e-02	 1.70243337622610416138e-02	 1.67285644713586513499e-02	 0.00000000000000000000e+00	 1.15154833176788675558e-02	 1.34605971052078367267e-02	 1.70034915032654665445e-02	 2.47679899531749886930e-05	 2.87387259121810988160e-05	 2.87387259121810988160e-05	 2.87387259121810988160e-05	 
 -1.99999999999999983347e-01	 1.17250149380605443825e-05	 1.13133806051574030942e-05	 1.17408106700631143849e-05	 1.69581497841430131612e-02	 1.69494932014366897488e-02	 1.66519258870304331932e-02	 0.00000000000000000000e+00	 1.15506502390243081385e-02	 1.34728058280612732200e-02	 1.69286689847177873602e-02	 2.46418616536150154211e-05	 2.85710596573305940042e-05	 2.85710596573305940042e-05	 2.85710596573305940042e-05	 
 -1.79999999999999993339e-01	 1.16500734436131349347e-05	 1.12379893393344545510e-05	 1.16644910399543631177e-05	 1.68657892197184369754e-02	 1.68572153180883074763e-02	 1.65579057687635852747e-02	 0.00000000000000000000e+00	 1.15747922897514437385e-02	 1.34709864604978142577e-02	 1.68364434237235939540e-02	 2.44883550913014792153e-05	 2.83711748220215001113e-05	 2.83711748220215001113e-05	 2.83711748220215001113e-05	 
 -1.59999999999999920064e-01	 1.15620149566644237063e-05	 1.11497972347264259193e-05	 1.15749609722806724325e-05	 1.67559240705739929955e-02	 1.67474589584247872398e-02	 1.64464529758120113490e-02	 0.00000000000000000000e+00	 1.15874772705795974631e-02	 1.34547338975705161462e-02	 1.67267660344415612650e-02	 2.43074131661984514489e-05	 2.81390556622186217112e-05	 2.81390556622186217112e-05	 2.81390556622186217112e-05	 
 -1.39999999999999902300e-01	 1.14608187235251636813e-05	 1.10488397544536200167e-05	 1.14722907598246758119e-05	 1.66285845293535940181e-02	 1.66202574348211021271e-02	 1.63175891062752528859e-02	 0.00000000000000000000e+00	 1.15882975948143757128e-02	 1.34236873694060041690e-02	 1.65996627395570903185e-02	 2.40991012454450933373e-05	 2.78748328789375379537e-05	 2.78748328789375379537e-05	 2.78748328789375379537e-05	 
 -1.20000000000000009437e-01	 1.13464983362118069577e-05	 1.09351885813585769029e-05	 1.13565896356907871555e-05	 1.64838511384491244460e-02	 1.64756945037020999245e-02	 1.61713848748758493024e-02	 0.00000000000000000000e+00	 1.15768510772226475292e-02	 1.33775060238532743362e-02	 1.64552094333163950735e-02	 2.38635629810296893158e-05	 2.75787297186507215474e-05	 2.75787297186507215474e-05	 2.75787297186507215474e-05	 
 -1.00000000000000005551e-01	 1.12192000447869357844e-05	 1.08089959885947234651e-05	 1.12280138844227286014e-05	 1.63219052022861091378e-02	 1.63139503584578890449e-02	 1.60080049660648003618e-02	 0.00000000000000000000e+00	 1.15528086960541825218e-02	 1.33159487820744704828e-02	 1.62935872107379219054e-02	 2.36011143720898999572e-05	 2.72511718513556256500e-05	 2.72511718513556256500e-05	 2.72511718513556256500e-05	 
 -8.00000000000000155431e-02	 1.10791581943954156467e-05	 1.06704758081543370961e-05	 1.10867651668896983623e-05	 1.61430068724556508020e-02	 1.61352817831734857146e-02	 1.58276886564613014641e-02	 0.00000000000000000000e+00	 1.15158839291557655443e-02	 1.32388381359449455732e-02	 1.61150581686904624534e-02	 2.33122034278799927049e-05	 2.68927404588402889178e-05	 2.68927404588402889178e-05	 2.68927404588402889178e-05	 
 -5.99999999999999630851e-02	 1.09266449701413138863e-05	 1.05198776109681999024e-05	 1.09330813186498696990e-05	 1.59474661247449266133e-02	 1.59399951714098465916e-02	 1.56307233871126674551e-02	 0.00000000000000000000e+00	 1.14658040549839301825e-02	 1.31460251832422603258e-02	 1.59199342274052545176e-02	 2.29973560287084917951e-05	 2.65041071348336946135e-05	 2.65041071348336946135e-05	 2.65041071348336946135e-05	 
 -3.99999999999999383826e-02	 1.07620008637999047739e-05	 1.03575381580792713485e-05	 1.07672939176019914797e-05	 1.57356795051631567772e-02	 1.57284882099860551241e-02	 1.54174999826092781058e-02	 0.00000000000000000000e+00	 1.14023880078637247087e-02	 1.30374739429320908590e-02	 1.57086157921177346775e-02	 2.26572906994028803519e-05	 2.60861597692469595190e-05	 2.60861597692469595190e-05	 2.60861597692469595190e-05	 
 -2.00000000000000281719e-02	 1.05856213889822050082e-05	 1.01838578990469636154e-05	 1.05898016788041495455e-05	 1.55081130020549313314e-02	 1.55012303746083317246e-02	 1.51884866695530442587e-02	 0.00000000000000000000e+00	 1.13255095918981529834e-02	 1.29132214199297740143e-02	 1.54815737221154752640e-02	 2.22928660637226968460e-05	 2.56399452615817156572e-05	 2.56399452615817156572e-05	 2.56399452615817156572e-05	 
 -4.82163733276643543166e-17	 1.03979337610553637401e-05	 9.99926784443938897553e-06	 1.04010347558743912640e-05	 1.52652751862337072997e-02	 1.52587337891921161898e-02	 1.49441934687362457113e-02	 0.00000000000000000000e+00	 1.12350627251898774195e-02	 1.27733374436582239331e-02	 1.52393215077309442107e-02	 2.19050084910454398337e-05	 2.51665868161782227028e-05	 2.51665868161782227028e-05	 2.51665868161782227028e-05	 
 2.00000000000001253164e-02	 1.01994762259774590527e-05	 9.80427985645859218368e-06	 1.02015207112783400323e-05	 1.50077813398185808125e-02	 1.50016149903685509781e-02	 1.46852328077420133529e-02	 0.00000000000000000000e+00	 1.11310316517289759064e-02	 1.26180206518713613345e-02	 1.49824706834959919116e-02	 2.14948196016665283908e-05	 2.46674060306899146781e-05	 2.46674060306899146781e-05	 2.46674060306899146781e-05	 
 4.00000000000001187939e-02	 9.99085987784222303112e-06	 9.59946281127032468043e-06	 9.99185284655073176424e-06	 1.47363216085018844392e-02	 1.47305642251170116480e-02	 1.44122894415269209301e-02	 0.00000000000000000000e+00	 1.10134560660064984711e-02	 1.24475512574571227364e-02	 1.47117032103068826054e-02	 2.10635253422695960094e-05	 2.41438652495684580258e-05	 2.41438652495684580258e-05	 2.41438652495684580258e-05	 
 6.00000000000000255351e-02	 9.77271720207212737464e-06	 9.38540566255688304010e-06	 9.77264547523006445846e-06	 1.44516167977475473022e-02	 1.44463023096273093099e-02	 1.41260773585196539731e-02	 0.00000000000000000000e+00	 1.08823971236227910742e-02	 1.22622411527990825275e-02	 1.44277314370386006842e-02	 2.06123977137116362807e-05	 2.35974758195217988374e-05	 2.35974758195217988374e-05	 2.35974758195217988374e-05	 
 7.99999999999999322764e-02	 9.54573569436891591130e-06	 9.16276428392280247771e-06	 9.54454641532946720017e-06	 1.41544757110268881045e-02	 1.41496324854194083231e-02	 1.38273801523199936503e-02	 0.00000000000000000000e+00	 1.07380417330699591549e-02	 1.20625284712138677173e-02	 1.41313655621404365287e-02	 2.01428510359845371286e-05	 2.30299144172007989352e-05	 2.30299144172007989352e-05	 2.30299144172007989352e-05	 
 9.99999999999999500400e-02	 9.31064195843814325641e-06	 8.93223892315998044408e-06	 9.30823143565746430859e-06	 1.38457657274813576015e-02	 1.38414136757614558010e-02	 1.35170300256318605403e-02	 0.00000000000000000000e+00	 1.05806498385864530126e-02	 1.18489294787731021252e-02	 1.38234791648755746263e-02	 1.96563957093843098205e-05	 2.24429672969073603782e-05	 2.24429672969073603782e-05	 2.24429672969073603782e-05	 
 1.20000000000000023315e-01	 9.06816786809198583849e-06	 8.69453488122951812769e-06	 9.06438196871994053040e-06	 1.35263669926535771287e-02	 1.35225174342207352801e-02	 1.31958700355285334094e-02	 0.00000000000000000000e+00	 1.04105015555724950832e-02	 1.16219838751808642041e-02	 1.35049585566598805836e-02	 1.91545569147154918458e-05	 2.18384313025890989591e-05	 2.18384313025890989591e-05	 2.18384313025890989591e-05	 
 1.40000000000000041078e-01	 8.81905042706707128597e-06	 8.45041597209110129292e-06	 8.81377741607252510893e-06	 1.31972316695003338838e-02	 1.31938903781463005155e-02	 1.28648358098168331953e-02	 0.00000000000000000000e+00	 1.02280096839830574040e-02	 1.13823650610472872080e-02	 1.31767507710093354639e-02	 1.86389894597277306417e-05	 2.12182460119113622645e-05	 2.12182460119113622645e-05	 2.12182460119113622645e-05	 
 1.59999999999999975575e-01	 8.56403303761243188895e-06	 8.20067898096087976917e-06	 8.55724952237710315649e-06	 1.28593535948251670026e-02	 1.28565221874835464849e-02	 1.25249139284540709355e-02	 0.00000000000000000000e+00	 1.00336614779124831676e-02	 1.11308233248628533907e-02	 1.28398388749776399403e-02	 1.81114228773759147187e-05	 2.05844309762764541248e-05	 2.05844309762764541248e-05	 2.05844309762764541248e-05	 
 1.79999999999999937828e-01	 8.30384656211087676062e-06	 7.94610745909885815607e-06	 8.29561703216077086186e-06	 1.25137174620465734670e-02	 1.25113934498851196025e-02	 1.21770799735108486983e-02	 0.00000000000000000000e+00	 9.82795667304056305702e-03	 1.08681175163296960678e-02	 1.24951966674132323998e-02	 1.75735633880655861203e-05	 1.99389699768906046953e-05	 1.99389699768906046953e-05	 1.99389699768906046953e-05	 
 2.00000000000000094369e-01	 8.03930741507790135654e-06	 7.68752659848204370862e-06	 8.02974198931606369804e-06	 1.21613732233713280062e-02	 1.21595442298420564065e-02	 1.18223642872050411362e-02	 0.00000000000000000000e+00	 9.61152886005953339954e-03	 1.05951284802587326200e-02	 1.21438548990381658954e-02	 1.70272135316008261575e-05	 1.92839477122483199877e-05	 1.92839477122483199877e-05	 1.92839477122483199877e-05	 
 2.20000000000000001110e-01	 7.77126970395192646923e-06	 7.42577835295152499293e-06	 7.76050406108980907920e-06	 1.18033992716076036045e-02	 1.18020402129927325791e-02	 1.14618198961865778995e-02	 0.00000000000000000000e+00	 9.38508205921870231059e-03	 1.03128007129446395279e-02	 1.17868685630582361451e-02	 1.64742177367301471957e-05	 1.86214883182727163470e-05	 1.86214883182727163470e-05	 1.86214883182727163470e-05	 
 2.39999999999999963363e-01	 7.50055488253783568726e-06	 7.16167151059239765474e-06	 7.48874874234575543043e-06	 1.14408405131221167089e-02	 1.14399140032489989721e-02	 1.10964644204770233188e-02	 0.00000000000000000000e+00	 9.14931822216687000437e-03	 1.00220657189176130808e-02	 1.14252596446387279239e-02	 1.59163553320561760175e-05	 1.79536299637735789845e-05	 1.79536299637735789845e-05	 1.79536299637735789845e-05	 
 2.59999999999999953371e-01	 7.22797844169263590489e-06	 6.89603908922240241595e-06	 7.21528250269977926420e-06	 1.10747632184562370961e-02	 1.10742324179260269446e-02	 1.07273744603666523756e-02	 0.00000000000000000000e+00	 8.90507122177647443551e-03	 9.72395388428180101892e-03	 1.10600825496930885161e-02	 1.53554519959984581026e-05	 1.72824654750753286874e-05	 1.72824654750753286874e-05	 1.72824654750753286874e-05	 
 2.80000000000000082157e-01	 6.95434200218915702599e-06	 6.62971464945712707329e-06	 6.94088170920539060415e-06	 1.07062310163269763102e-02	 1.07060659479984061904e-02	 1.03556414325624689815e-02	 0.00000000000000000000e+00	 8.65323730433729607081e-03	 9.41953848198162982386e-03	 1.06923944905867179811e-02	 1.47933349275683612828e-05	 1.66100852206002691362e-05	 1.66100852206002691362e-05	 1.66100852206002691362e-05	 
 2.99999999999999988898e-01	 6.68039674091413241330e-06	 6.36347900887300659472e-06	 6.66627219754698578479e-06	 1.03362504074506200702e-02	 1.03364281674083475365e-02	 9.98229585574125603820e-03	 0.00000000000000000000e+00	 8.39468920716693323136e-03	 9.10985348556519504426e-03	 1.03231963092279607069e-02	 1.42317259156037199052e-05	 1.59384447662291348178e-05	 1.59384447662291348178e-05	 1.59384447662291348178e-05	 
 3.20000000000000006661e-01	 6.40692235026585017244e-06	 6.09811878230681211845e-06	 6.39223991456951374184e-06	 9.96583058401096302803e-03	 9.96634183300778957182e-03	 9.60838585806884568075e-03	 0.00000000000000000000e+00	 8.13038524666303587252e-03	 8.79599350964026423239e-03	 9.95351373655894815229e-03	 1.36723410343622073124e-05	 1.52695099090876394612e-05	 1.52695099090876394612e-05	 1.52695099090876394612e-05	 
 3.39999999999999968914e-01	 6.13469494686595818973e-06	 5.83440566636456595058e-06	 6.11958183934003937469e-06	 9.59596084174329198857e-03	 9.59681298851431004160e-03	 9.23494571217084274373e-03	 0.00000000000000000000e+00	 7.86131481415117822076e-03	 8.47906742401233898265e-03	 9.58436341845726909316e-03	 1.31168595525340715967e-05	 1.46052062516034629708e-05	 1.46052062516034629708e-05	 1.46052062516034629708e-05	 
 3.59999999999999931166e-01	 5.86442317183929996764e-06	 5.57304152338814247781e-06	 5.84902558703400667019e-06	 9.22755316263494315687e-03	 9.22876984062697032496e-03	 8.86292579896622197133e-03	 0.00000000000000000000e+00	 7.58841853622153807851e-03	 8.16011752971169089521e-03	 9.21668411041010916807e-03	 1.25668222692921347823e-05	 1.39472822482100932269e-05	 1.39472822482100932269e-05	 1.39472822482100932269e-05	 
 3.80000000000000059952e-01	 5.59689514470451785784e-06	 5.31472146800019361844e-06	 5.58132639531149505864e-06	 8.86154730457451751680e-03	 8.86314786625548058085e-03	 8.49327040584870428253e-03	 0.00000000000000000000e+00	 7.31269302542362012454e-03	 7.84022577717015042853e-03	 8.85141947971682802043e-03	 1.20237346008463391329e-05	 1.32974627779228958920e-05	 1.32974627779228958920e-05	 1.32974627779228958920e-05	 
 4.00000000000000077716e-01	 5.33291355280137304129e-06	 5.06011506979570399822e-06	 5.31723000030240947744e-06	 8.49886891895276254394e-03	 8.50085875970061841111e-03	 8.12689221135095944681e-03	 0.00000000000000000000e+00	 7.03514254676096666835e-03	 7.52046896527983760317e-03	 8.48948837129562608461e-03	 1.14890426312415964386e-05	 1.26574050825709676999e-05	 1.26574050825709676999e-05	 1.26574050825709676999e-05	 
 4.19999999999999984457e-01	 5.07319025026575740902e-06	 4.80980883015955235896e-06	 5.05739530406520202386e-06	 8.14034763846438469415e-03	 8.14271885468073261527e-03	 7.76460226909135402262e-03	 0.00000000000000000000e+00	 6.75669722581423957963e-03	 7.20183161977770627121e-03	 8.13171402218026279085e-03	 1.09640313449852134153e-05	 1.20285570982631243595e-05	 1.20285570982631243595e-05	 1.20285570982631243595e-05	 
 4.39999999999999946709e-01	 4.81836835062608701322e-06	 4.56437205457023817857e-06	 4.80245545663352004076e-06	 7.78678384399297384560e-03	 7.78951967910076256002e-03	 7.40722201982361126704e-03	 0.00000000000000000000e+00	 6.47830982165829589309e-03	 6.88530759350395975271e-03	 7.77889223368564367705e-03	 1.04499438283053137184e-05	 1.14123169393171135921e-05	 1.14123169393171135921e-05	 1.14123169393171135921e-05	 
 4.60000000000000131006e-01	 4.56903277976704530401e-06	 4.32434135989088388460e-06	 4.55300605240310870024e-06	 7.43893359150012492553e-03	 7.44201067844629370746e-03	 7.05554539516878558708e-03	 0.00000000000000000000e+00	 6.20091722417810686796e-03	 6.57186416163621760916e-03	 7.43177544067657406407e-03	 9.94795806228845368234e-06	 1.08099975952234114072e-05	 1.08099975952234114072e-05	 1.08099975952234114072e-05	 
 4.80000000000000037748e-01	 4.32567220117838026664e-06	 4.09016198850522889245e-06	 4.30954666893023728821e-06	 7.09744618669651879811e-03	 7.10083535753769801852e-03	 6.71025017503189442902e-03	 0.00000000000000000000e+00	 5.92536057615373427249e-03	 6.26235569199885388353e-03	 7.09100986154608935869e-03	 9.45907879627991256754e-06	 1.02226833393999505273e-05	 1.02226833393999505273e-05	 1.02226833393999505273e-05	 
 5.00000000000000000000e-01	 4.08869871345349404282e-06	 3.86225294391621472068e-06	 4.07254185568576832611e-06	 6.76294276606234905785e-03	 6.76662201582797426247e-03	 6.37201724872025598162e-03	 0.00000000000000000000e+00	 5.65248913290780641283e-03	 5.95761805451068635758e-03	 6.75722490841271401785e-03	 8.98418036899924586224e-06	 9.65138739141429581863e-06	 9.65138739141429581863e-06	 9.65138739141429581863e-06	 
 5.20000000000000128786e-01	 3.85846389948554385356e-06	 3.64099676837608059816e-06	 3.84241426439871187150e-06	 6.43600059740408094594e-03	 6.43996114993743238447e-03	 6.04149561945989312800e-03	 0.00000000000000000000e+00	 5.38312436698122013384e-03	 5.65844392610204832694e-03	 6.43101129919457399631e-03	 8.52403635501090713156e-06	 9.09702957989521063329e-06	 9.09702957989521063329e-06	 9.09702957989521063329e-06	 
 5.40000000000000035527e-01	 3.63522692289489240573e-06	 3.42668210212610904920e-06	 3.61948775427661308699e-06	 6.11708552390008257482e-03	 6.12133127903178968221e-03	 5.71920836247488510728e-03	 0.00000000000000000000e+00	 5.11797534085911380586e-03	 5.36550048972837204803e-03	 6.11284743581945802515e-03	 8.07925944318338626880e-06	 8.56029623047439445962e-06	 8.56029623047439445962e-06	 8.56029623047439445962e-06	 
 5.60000000000000053291e-01	 3.41925877509263076543e-06	 3.21957438013609900727e-06	 3.40402632536383414023e-06	 5.80665364905285329156e-03	 5.81118543911553209202e-03	 5.40567442194539015538e-03	 0.00000000000000000000e+00	 4.85774002869823230688e-03	 5.07943302872884000498e-03	 5.80317780981782788824e-03	 7.65055105667743787180e-06	 8.04181311277941340365e-06	 8.04181311277941340365e-06	 8.04181311277941340365e-06	 
 5.79999999999999849010e-01	 3.21081389757293196498e-06	 3.01990675283648105196e-06	 3.19624440807965258396e-06	 5.50512807384910540787e-03	 5.50993660531539850012e-03	 5.10137913677777450616e-03	 0.00000000000000000000e+00	 4.60307790472076674287e-03	 4.80084215755938875647e-03	 5.50240294094991953117e-03	 7.23861917724466973691e-06	 7.54212489451157661854e-06	 7.54212489451157661854e-06	 7.54212489451157661854e-06	 
 5.99999999999999977796e-01	 3.01005270556983342396e-06	 2.82782033018006068100e-06	 2.99626523027306127732e-06	 5.21281856242001868235e-03	 5.21788571403851431096e-03	 4.80667751364014309012e-03	 0.00000000000000000000e+00	 4.35452643782593615263e-03	 4.53019724202965035770e-03	 5.21081200141064199843e-03	 6.84400151498744413627e-06	 7.06154869178618695331e-06	 7.06154869178618695331e-06	 7.06154869178618695331e-06	 
 6.20000000000000106581e-01	 2.81712309229841903371e-06	 2.64343579957856238003e-06	 2.80421253409777864664e-06	 4.93000131005992114214e-03	 4.93530770159463904462e-03	 4.52191041501504020772e-03	 0.00000000000000000000e+00	 4.11259327495093300608e-03	 4.26793345009381010907e-03	 4.92866733065037802841e-03	 6.46705693325045137640e-06	 6.60035319245104671601e-06	 6.60035319245104671601e-06	 6.60035319245104671601e-06	 
 6.39999999999999902300e-01	 2.63214942535380968565e-06	 2.46684742527788760120e-06	 2.62019329173819708745e-06	 4.65691314336698965887e-03	 4.66244199950071377264e-03	 4.24738488960506744424e-03	 0.00000000000000000000e+00	 3.87774092485475762801e-03	 4.01443938876169890279e-03	 4.65619562284507165079e-03	 6.10804039899138939847e-06	 6.15874326096840749191e-06	 6.15874326096840749191e-06	 6.15874326096840749191e-06	 
 6.60000000000000031086e-01	 2.45516632697122094196e-06	 2.29806327184653354798e-06	 2.44422717239653733811e-06	 4.39368278036055080055e-03	 4.39942080593357012080e-03	 3.98327999089821867262e-03	 0.00000000000000000000e+00	 3.65030916437148519188e-03	 3.76997514948645235863e-03	 4.39351762228666706950e-03	 5.76707238504188186878e-06	 5.73671111419413310947e-06	 5.73671111419413310947e-06	 5.73671111419413310947e-06	 
 6.80000000000000159872e-01	 2.28621796234584308816e-06	 2.13708348753887237458e-06	 2.27636492876289861297e-06	 4.14039856946354402345e-03	 4.14635637958953810062e-03	 3.72977180681755872416e-03	 0.00000000000000000000e+00	 3.43061388440504908687e-03	 3.53477379631052593401e-03	 4.14073793722100416681e-03	 5.44411159684894748221e-06	 5.33423472336296670846e-06	 5.33423472336296670846e-06	 5.33423472336296670846e-06	 
 6.99999999999999955591e-01	 2.12533914765896497881e-06	 1.98389291512189693326e-06	 2.11665752698979513734e-06	 3.89711352604236440852e-03	 3.90333442903805383911e-03	 3.48701405776032178491e-03	 0.00000000000000000000e+00	 3.21893357797539518550e-03	 3.30903163903214971725e-03	 3.89793680173929285929e-03	 5.13903960733085662336e-06	 4.95125724420134210918e-06	 4.95125724420134210918e-06	 4.95125724420134210918e-06	 
 7.20000000000000084377e-01	 1.97247696077648656577e-06	 1.83839730562255239688e-06	 1.96506580714149663199e-06	 3.66378433613849139802e-03	 3.67034120364224600297e-03	 3.25503819749864854033e-03	 0.00000000000000000000e+00	 3.01542883311517592379e-03	 3.09282456704842827200e-03	 3.66509633247039069356e-03	 4.85164965726603302133e-06	 4.58752624137672925349e-06	 4.58752624137672925349e-06	 4.58752624137672925349e-06	 
 7.39999999999999991118e-01	 1.82753445646606370417e-06	 1.70050219033118434058e-06	 1.82146198539645218972e-06	 3.44037188560847263449e-03	 3.44733201337215668103e-03	 3.03387767600120806383e-03	 0.00000000000000000000e+00	 2.82024266351933771205e-03	 2.88621478489988446403e-03	 3.44218405798237328530e-03	 4.58158044210205846056e-06	 4.24279383133660541085e-06	 4.24279383133660541085e-06	 4.24279383133660541085e-06	 
 7.60000000000000008882e-01	 1.69038776928146369288e-06	 1.57010680062365268496e-06	 1.68567230530362936534e-06	 3.22682916514801035324e-03	 3.23423825579182777981e-03	 2.82355322844003546467e-03	 0.00000000000000000000e+00	 2.63349040757265276044e-03	 2.68924152024306237219e-03	 3.22915096086794648281e-03	 4.32841774538112271500e-06	 3.91679927629347811731e-06	 3.91679927629347811731e-06	 3.91679927629347811731e-06	 
 7.80000000000000137668e-01	 1.56084158670849967819e-06	 1.44703924551629266077e-06	 1.55745832111246990371e-06	 3.02302111085956575279e-03	 3.03090517974295529935e-03	 2.62397216897636243946e-03	 0.00000000000000000000e+00	 2.45517833099473522726e-03	 2.50183395957357139136e-03	 3.02586049155208723638e-03	 4.09171071992792942168e-06	 3.60910506457489528126e-06	 3.60910506457489528126e-06	 3.60910506457489528126e-06	 
 7.99999999999999933387e-01	 1.43869173334708261639e-06	 1.33113164779759859682e-06	 1.43658649196013530260e-06	 2.82881807115053498722e-03	 2.83717713146263610449e-03	 2.43503485998571456844e-03	 0.00000000000000000000e+00	 2.28529553189727764606e-03	 2.32390291726240500597e-03	 2.83217720020474943848e-03	 3.87081086387949334490e-06	 3.31928846194396368668e-06	 3.31928846194396368668e-06	 3.31928846194396368668e-06	 
 8.20000000000000062172e-01	 1.32373039899544547765e-06	 1.22221708483814953565e-06	 1.32282740681857344191e-06	 2.64408933876760128545e-03	 2.65289551003876746330e-03	 2.25663348855079191196e-03	 0.00000000000000000000e+00	 2.12381171165194459344e-03	 2.15534274427878333111e-03	 2.64796293813822358754e-03	 3.66502035534887751430e-06	 3.04693143724696008444e-06	 3.04693143724696008444e-06	 3.04693143724696008444e-06	 
 8.39999999999999857891e-01	 1.21569216964366090115e-06	 1.12006643858464489725e-06	 1.21589921692034363920e-06	 2.46862468959375492075e-03	 2.47782645527137423275e-03	 2.08856138567904995804e-03	 0.00000000000000000000e+00	 1.97060058745844677436e-03	 1.99595285845467762531e-03	 2.47300166146674710657e-03	 3.47366718256923160177e-06	 2.79146023995396339574e-06	 2.79146023995396339574e-06	 2.79146023995396339574e-06	 
 8.60000000000000097700e-01	 1.11435186078873753913e-06	 1.02446181860793363196e-06	 1.11555836752993559916e-06	 2.30220545390308513334e-03	 2.31174150715891162447e-03	 1.93060600351712438431e-03	 0.00000000000000000000e+00	 1.82553405196007358102e-03	 1.84552982587207065057e-03	 2.30707213677369031915e-03	 3.29602928299918377869e-06	 2.55233508113180573200e-06	 2.55233508113180573200e-06	 2.55233508113180573200e-06	 
 8.80000000000000115463e-01	 1.01950685558671063402e-06	 9.35194252116273870921e-07	 1.02158495224772911555e-06	 2.14461237023589983142e-03	 2.15441852575660444322e-03	 1.78255609359346915699e-03	 0.00000000000000000000e+00	 1.68847952510270795171e-03	 1.70386897256592220393e-03	 2.14995418331285440688e-03	 3.13141906048945576138e-06	 2.32904081592765141982e-06	 2.32904081592765141982e-06	 2.32904081592765141982e-06	 
 8.99999999999999911182e-01	 9.30899728122052494910e-07	 8.52001089000234825673e-07	 9.33711258641423982762e-07	 1.99555948910280257780e-03	 2.00557067375513580626e-03	 1.64411909540200539860e-03	 0.00000000000000000000e+00	 1.55922151979490954642e-03	 1.57068525000946760534e-03	 2.00136181234112069810e-03	 2.97921197144465726124e-06	 2.12092619247144628707e-06	 2.12092619247144628707e-06	 2.12092619247144628707e-06	 
 9.20000000000000039968e-01	 8.48292755264548793562e-07	 7.74634985467662056925e-07	 8.51739583512126441500e-07	 1.85478304890674631361e-03	 1.86493466811476745273e-03	 1.51498477509529484025e-03	 0.00000000000000000000e+00	 1.43755790573554440535e-03	 1.44569846462711979959e-03	 1.86101723193406501898e-03	 2.83877888772011564679e-06	 1.92738393485316495733e-06	 1.92738393485316495733e-06	 1.92738393485316495733e-06	 
 9.39999999999999835687e-01	 7.71465152975268814002e-07	 7.02863251359782190147e-07	 7.75509314108522642358e-07	 1.72203744826425714058e-03	 1.73226627687290643011e-03	 1.39484801651174527767e-03	 0.00000000000000000000e+00	 1.32329546923014990112e-03	 1.32863771284199411703e-03	 1.72865551769723919256e-03	 2.70954969216375212256e-06	 1.74784515269466115711e-06	 1.74784515269466115711e-06	 1.74784515269466115711e-06	 
 9.60000000000000075495e-01	 7.00148876861192193335e-07	 6.36407730700009881833e-07	 7.04802647700527989396e-07	 1.59701740322989592553e-03	 1.60726297496340203921e-03	 1.28334456263068190894e-03	 0.00000000000000000000e+00	 1.21616875277330885839e-03	 1.21916569425803531131e-03	 1.60395649114151886243e-03	 2.59102786813496678887e-06	 1.58162356331801370733e-06	 1.58162356331801370733e-06	 1.58162356331801370733e-06	 
 9.80000000000000093259e-01	 6.34120709578382624987e-07	 5.75008259968430870055e-07	 6.39385173879694931273e-07	 1.47942433087221939664e-03	 1.48962947094821956777e-03	 1.18008003653644554486e-03	 0.00000000000000000000e+00	 1.11591952478436889397e-03	 1.11695443108069661017e-03	 1.48662512569263218290e-03	 2.48250938237644123565e-06	 1.42807835228915583688e-06	 1.42807835228915583688e-06	 1.42807835228915583688e-06	 
 9.99999999999999888978e-01	 5.73186646478311057167e-07	 5.18423588347651860139e-07	 5.79024113437367259192e-07	 1.36897529467695745417e-03	 1.37908668956311783113e-03	 1.08466820568804624310e-03	 0.00000000000000000000e+00	 1.02230179040421601845e-03	 1.02169326053046325559e-03	 1.37639059844799223863e-03	 2.38325575583294618152e-06	 1.28661530482784524352e-06	 1.28661530482784524352e-06	 1.28661530482784524352e-06	 
 1.02000000000000001776e+00	 5.17104389666295840558e-07	 4.66374841734132717635e-07	 5.23444467573678036312e-07	 1.26533783405252805640e-03	 1.27530754787417727886e-03	 9.96688914899937624878e-04	 0.00000000000000000000e+00	 9.35010478947820213719e-04	 9.33018993028199034728e-04	 1.27293298255714290926e-03	 2.29261503464765704482e-06	 1.15654226018411896711e-06	 1.15654226018411896711e-06	 1.15654226018411896711e-06	 
 1.04000000000000003553e+00	 4.65645033998353767517e-07	 4.18603034670927330299e-07	 4.72354457691140436716e-07	 1.16819681564561206680e-03	 1.17799806724251427022e-03	 9.15675250291599529713e-04	 0.00000000000000000000e+00	 8.53762399511978609633e-04	 8.50603089535121410433e-04	 1.17594765972923575442e-03	 2.20950803074037444357e-06	 1.03721377694433246303e-06	 1.03721377694433246303e-06	 1.03721377694433246303e-06	 
 1.06000000000000005329e+00	 4.18596301646504334096e-07	 3.74871127199678309185e-07	 4.25469417962663546004e-07	 1.07726119124464982113e-03	 1.08689462985717784013e-03	 8.41168625635916114569e-04	 0.00000000000000000000e+00	 7.78297674168464928730e-04	 7.74148758912300734292e-04	 1.08515298781805091637e-03	 2.13272549062994926723e-06	 9.28037485898361105270e-07	 9.28037485898361105270e-07	 9.28037485898361105270e-07	 
 1.08000000000000007105e+00	 3.75704653369647454743e-07	 3.34911762200206254342e-07	 3.82481206504021610035e-07	 9.92198917621760819591e-04	 1.00168967423304271225e-03	 7.72703962260099419708e-04	 0.00000000000000000000e+00	 7.08307211065507878571e-04	 7.03313017575041797558e-04	 1.00022635957813170286e-03	 2.06117092678944407452e-06	 8.28342821429694818430e-07	 8.28342821429694818430e-07	 8.28342821429694818430e-07	 
 1.09999999999999986677e+00	 3.36668972262119467091e-07	 2.98480081525174601160e-07	 3.43104425352059403909e-07	 9.12715929538428357923e-04	 9.22101441691040987422e-04	 7.09788082204668570145e-04	 0.00000000000000000000e+00	 6.43511914525231624659e-04	 6.37786459024436186600e-04	 9.20878178329510854727e-04	 1.99388965156831074761e-06	 7.37513374302632538463e-07	 7.37513374302632538463e-07	 7.37513374302632538463e-07	 
 1.11999999999999988454e+00	 3.01185649208505635360e-07	 2.65355505692523273450e-07	 3.07080569858645630249e-07	 8.38552887223012401348e-04	 8.47876793999702694886e-04	 6.51947756206185395807e-04	 0.00000000000000000000e+00	 5.83662147975724646988e-04	 5.77292478954780975166e-04	 8.46851168890116546076e-04	 1.93003789717332187783e-06	 6.54992589524650604937e-07	 6.54992589524650604937e-07	 6.54992589524650604937e-07	 
 1.14000000000000012434e+00	 2.68941824526112780744e-07	 2.35293139531439630735e-07	 2.74134659270125311646e-07	 7.69412166701460386968e-04	 7.78723258043039347036e-04	 5.98720343128023458484e-04	 0.00000000000000000000e+00	 5.28465706865599029428e-04	 5.21513747906868197456e-04	 7.77850275113924440919e-04	 1.86884806717295416024e-06	 5.80162297588516581957e-07	 5.80162297588516581957e-07	 5.80162297588516581957e-07	 
 1.15999999999999992006e+00	 2.39675938724738140103e-07	 2.08072748028111328310e-07	 2.44033459196834941924e-07	 7.05041466554483524549e-04	 7.14369370122009176259e-04	 5.49630093801239407413e-04	 0.00000000000000000000e+00	 4.77657353669698220722e-04	 4.70174699483268034722e-04	 7.13607451213439441737e-04	 1.80942914449738181183e-06	 5.12466006666857815912e-07	 5.12466006666857815912e-07	 5.12466006666857815912e-07	 
 1.18000000000000015987e+00	 2.13167202388337776349e-07	 1.83499048558256925792e-07	 2.16577650707864715797e-07	 6.45224452692104194669e-04	 6.54570371415056848075e-04	 5.04225714478560697353e-04	 0.00000000000000000000e+00	 4.31000588521343759845e-04	 4.23035277228250221164e-04	 6.53883875543012941731e-04	 1.75085721151749916349e-06	 4.51409961108393013939e-07	 4.51409961108393013939e-07	 4.51409961108393013939e-07	 
 1.19999999999999973355e+00	 1.89182799170913665694e-07	 1.61356318714730868855e-07	 1.91550494229451600303e-07	 5.89703459194223242670e-04	 5.99046748419946022829e-04	 4.62073008520570715791e-04	 0.00000000000000000000e+00	 3.88221953174324742840e-04	 3.79815547556083192397e-04	 5.98405673117035404734e-04	 1.69225521539589551737e-06	 3.96449234443143769288e-07	 3.96449234443143769288e-07	 3.96449234443143769288e-07	 
 1.21999999999999997335e+00	 1.67531578121530644886e-07	 1.41453212723281821649e-07	 1.68811356441922350332e-07	 5.38237251393628248798e-04	 5.47547297531659148649e-04	 4.22788260250162679574e-04	 0.00000000000000000000e+00	 3.49068916880990794561e-04	 3.40267705414624662460e-04	 5.46932830044975326449e-04	 1.63324925862115599343e-06	 3.47099917814635572750e-07	 3.47099917814635572750e-07	 3.47099917814635572750e-07	 
 1.24000000000000021316e+00	 1.48054429987669405450e-07	 1.23622739942394352465e-07	 1.48262179518496232036e-07	 4.90609435646757198989e-04	 4.99851955423144729031e-04	 3.86033799761483691158e-04	 0.00000000000000000000e+00	 3.13316766291419105880e-04	 3.04175663280151188043e-04	 4.99258107332071327487e-04	 1.57367804031494996206e-06	 3.02939428819215777605e-07	 3.02939428819215777605e-07	 3.02939428819215777605e-07	 
 1.25999999999999978684e+00	 1.30573052328707351901e-07	 1.07680667424025493701e-07	 1.29767712012140961862e-07	 4.46569394768257864163e-04	 4.55709726641052284470e-04	 3.51477583846276605325e-04	 0.00000000000000000000e+00	 2.80712033834094073885e-04	 2.71288029592500984453e-04	 4.55140860005968602743e-04	 1.51334515622908650575e-06	 2.63502521097455253311e-07	 2.63502521097455253311e-07	 2.63502521097455253311e-07	 
 1.28000000000000002665e+00	 1.14889009530675323338e-07	 9.34647253493500621434e-08	 1.13198925638457899258e-07	 4.05899861492793373637e-04	 4.14903936686005067516e-04	 3.18910148286428757509e-04	 0.00000000000000000000e+00	 2.51028155144324615841e-04	 2.41385976787738062857e-04	 4.14367768792333571615e-04	 1.45215686106970757892e-06	 2.28378971673865330127e-07	 2.28378971673865330127e-07	 2.28378971673865330127e-07	 
 1.30000000000000026645e+00	 1.00811103846892754998e-07	 8.08349014358240414444e-08	 9.84389938279109402201e-08	 3.68415777856932215566e-04	 3.77250829898339266888e-04	 2.88186802458306301055e-04	 0.00000000000000000000e+00	 2.24068905555321006267e-04	 2.14282257523748683164e-04	 3.76755098334969500996e-04	 1.39002441498372190941e-06	 1.97214644151773522528e-07	 1.97214644151773522528e-07	 1.97214644151773522528e-07	 
 1.32000000000000006217e+00	 8.81476735599703790821e-08	 6.96369694339432740230e-08	 8.53439377947095742746e-08	 3.33899536851327684382e-04	 3.42536210569042997871e-04	 2.59134932386889487149e-04	 0.00000000000000000000e+00	 1.99614014757215201554e-04	 1.89758170146312995022e-04	 3.42088395214945075167e-04	 1.32678273787227590745e-06	 1.69620669352259480516e-07	 1.69620669352259480516e-07	 1.69620669352259480516e-07	 
 1.34000000000000007994e+00	 7.67728719842568678339e-08	 5.97390749834723065379e-08	 7.37777397009834039585e-08	 3.02155660767604663814e-04	 3.10571804287226600066e-04	 2.31744517842215786178e-04	 0.00000000000000000000e+00	 1.77467782044496571276e-04	 1.67623386714750897226e-04	 3.10177800027046260238e-04	 1.26276730050325443190e-06	 1.45264571455283176752e-07	 1.45264571455283176752e-07	 1.45264571455283176752e-07	 
 1.35999999999999987566e+00	 6.65999229204834844708e-08	 5.10301582307916876093e-08	 6.36189340762969105328e-08	 2.73015948860556845450e-04	 2.81197799352532907396e-04	 2.06070585272761581030e-04	 0.00000000000000000000e+00	 1.57462810364540883304e-04	 1.47716611908868240919e-04	 2.80861464636756946126e-04	 1.19846539639241563299e-06	 1.23866332792442513052e-07	 1.23866332792442513052e-07	 1.23866332792442513052e-07	 
 1.37999999999999989342e+00	 5.75240829832879566867e-08	 4.33862870586421268182e-08	 5.47287536155122511554e-08	 2.46284558728810873407e-04	 2.54226403944961981164e-04	 1.82086051021637901175e-04	 0.00000000000000000000e+00	 1.39411547892371510916e-04	 1.29849352393673455729e-04	 2.53949947512009557675e-04	 1.13419327561500917125e-06	 1.05114552443176308225e-07	 1.05114552443176308225e-07	 1.05114552443176308225e-07	 
 1.40000000000000013323e+00	 4.94572423876475814833e-08	 3.67023680485135124876e-08	 4.69522475624489337092e-08	 2.21800923614314340372e-04	 2.29496081220452631403e-04	 1.59849531910330499348e-04	 0.00000000000000000000e+00	 1.23151676364042410652e-04	 1.13852451635436413037e-04	 2.29277076386943950851e-04	 1.07035871300290828811e-06	 8.87451284665388050013e-08	 8.87451284665388050013e-08	 8.87451284665388050013e-08	 
 1.41999999999999992895e+00	 4.23259003759625873151e-08	 3.08908964835879990320e-08	 4.01421248250472438192e-08	 1.99435882433027179741e-04	 2.06872887887026767019e-04	 1.39444097097453790623e-04	 0.00000000000000000000e+00	 1.08547618999570963556e-04	 9.95814875808792164709e-05	 2.06703443141743030019e-04	 1.00733166337097952500e-06	 7.45381604561797186290e-08	 7.45381604561797186290e-08	 7.45381604561797186290e-08	 
 1.44000000000000016875e+00	 3.60389241003402557183e-08	 2.58531773188674523304e-08	 3.41546867841109488700e-08	 1.79031676763536826916e-04	 1.86196550116719854650e-04	 1.20844644311100522815e-04	 0.00000000000000000000e+00	 9.54454728339548564035e-05	 8.68718183115519180073e-05	 1.86065013793670349729e-04	 9.45287035023286266503e-07	 6.22465540319095293200e-08	 6.22465540319095293200e-08	 6.22465540319095293200e-08	 
 1.45999999999999996447e+00	 3.05153298163917434036e-08	 2.15059483421678238797e-08	 2.88890581928583808374e-08	 1.60448151759622439395e-04	 1.67324614797419461611e-04	 1.04037668044951368503e-04	 0.00000000000000000000e+00	 8.37112330161562142976e-05	 7.55775481615497191686e-05	 1.67221849658003626077e-04	 8.84464324325639098856e-07	 5.16614277426186952025e-08	 5.16614277426186952025e-08	 5.16614277426186952025e-08	 
 1.47999999999999998224e+00	 2.56862580624034570361e-08	 1.77806056426595890480e-08	 2.42728276661520386999e-08	 1.43568269322237883389e-04	 1.50137976224013250902e-04	 8.90109956183785427973e-05	 0.00000000000000000000e+00	 7.32335155508019819371e-05	 6.55762525371591094249e-05	 1.50059810859470653789e-04	 8.25070140759171960666e-07	 4.26104877586526581372e-08	 4.26104877586526581372e-08	 4.26104877586526581372e-08	 
 1.50000000000000000000e+00	 2.14713087802981559156e-08	 1.45996014138217615749e-08	 2.02263612523022343327e-08	 1.28251174324075047951e-04	 1.34495422289425831932e-04	 7.56648582709753940185e-05	 0.00000000000000000000e+00	 6.38853198098826395579e-05	 5.67308024911798586547e-05	 1.34441615831723814160e-04	 7.67131097978509265636e-07	 3.49000924606405820949e-08	 3.49000924606405820949e-08	 3.49000924606405820949e-08	 
 1.52000000000000001776e+00	 1.78166457615327295111e-08	 1.18985097564610808996e-08	 1.67070062161499741760e-08	 1.14374156785968214057e-04	 1.20278236116014180970e-04	 6.39033527244677989742e-05	 0.00000000000000000000e+00	 5.55601337063325420346e-05	 4.89242042254779403547e-05	 1.20247699363487805602e-04	 7.10919322438170611664e-07	 2.83690297061082411083e-08	 2.83690297061082411083e-08	 2.83690297061082411083e-08	 
 1.54000000000000003553e+00	 1.46849764954346706827e-08	 9.62514691327537103107e-09	 1.36912393305125968772e-08	 1.01837038502195552999e-04	 1.07391509786359544876e-04	 5.36403493931733574610e-05	 0.00000000000000000000e+00	 4.81721602533863587172e-05	 4.20613346768855593484e-05	 1.07380279874296838947e-04	 6.56756301177634761578e-07	 2.28865841800722941244e-08	 2.28865841800722941244e-08	 2.28865841800722941244e-08	 
 1.56000000000000027534e+00	 1.20222780005160309960e-08	 7.72046382118659316452e-09	 1.11334255694566713779e-08	 9.05193351418200628858e-05	 9.57191849544729436239e-05	 4.47343321201433807279e-05	 0.00000000000000000000e+00	 4.16210516269628164076e-05	 3.60346777320385341036e-05	 9.57211425811715064822e-05	 6.04747187405119737375e-07	 1.83059966093042805729e-08	 1.83059966093042805729e-08	 1.83059966093042805729e-08	 
 1.58000000000000007105e+00	 9.78094042158177503597e-09	 6.13595380273892535518e-09	 8.98733875841219451705e-09	 8.03122274977178206550e-05	 8.51573403877199479328e-05	 3.70574288300205939811e-05	 0.00000000000000000000e+00	 3.58256978148161202725e-05	 3.07540079305279221659e-05	 8.51661482055446426159e-05	 5.55054587714523536730e-07	 1.45064522745973359103e-08	 1.45064522745973359103e-08	 1.45064522745973359103e-08	 
 1.60000000000000008882e+00	 7.92143691436641222635e-09	 4.83291333617435749775e-09	 7.21158342782314787292e-09	 7.11256228710864220680e-05	 7.56203397640677895753e-05	 3.05017581612000006580e-05	 0.00000000000000000000e+00	 3.07228265609966644961e-05	 2.61473444561928768668e-05	 7.56301891293558321535e-05	 5.07828671304889256289e-07	 1.13914558516950798047e-08	 1.13914558516950798047e-08	 1.13914558516950798047e-08	 
 1.61999999999999988454e+00	 6.39444642839016880077e-09	 3.76782502726456768069e-09	 5.75548828482118635723e-09	 6.28537643443555791092e-05	 6.70055661796026990522e-05	 2.49283277198056885397e-05	 0.00000000000000000000e+00	 2.62348095694308139098e-05	 2.21320239128286611735e-05	 6.70110476574419433506e-05	 4.63031296766447000836e-07	 8.85358086077597032639e-09	 8.85358086077597032639e-09	 8.85358086077597032639e-09	 
 1.64000000000000012434e+00	 5.14793442590742229186e-09	 2.90497514522329059791e-09	 4.56984866789533070988e-09	 5.54092113467566553336e-05	 5.92308507057465427311e-05	 2.02190224406707246972e-05	 0.00000000000000000000e+00	 2.22985087960187026740e-05	 1.86423920172606283991e-05	 5.92278160059835960213e-05	 4.20822921780614169254e-07	 6.80447079807765171824e-09	 6.80447079807765171824e-09	 6.80447079807765171824e-09	 
 1.66000000000000014211e+00	 4.13575530609204577624e-09	 2.21615172476492785897e-09	 3.61262608886912035459e-09	 4.87236421279117908642e-05	 5.22334765678136267756e-05	 1.62790418717548370810e-05	 0.00000000000000000000e+00	 1.88648867920149534668e-05	 1.56283444589619846966e-05	 5.22191644748139319763e-05	 3.81419072336342177462e-07	 5.17426638005838050938e-09	 5.17426638005838050938e-09	 5.17426638005838050938e-09	 
 1.67999999999999993783e+00	 3.31420401151498156860e-09	 1.67056236316420845127e-09	 2.84259696590900377885e-09	 4.27130109264726401819e-05	 4.59328228818653902239e-05	 1.29957846433251010201e-05	 0.00000000000000000000e+00	 1.58723241976851328226e-05	 1.30291060989212374819e-05	 4.59053140633296929583e-05	 3.44813948857465590440e-07	 3.88765284398611983070e-09	 3.88765284398611983070e-09	 3.88765284398611983070e-09	 
 1.70000000000000017764e+00	 2.64848127379557863547e-09	 1.24298112813113311053e-09	 2.22832125207069777030e-09	 3.73141246740252697893e-05	 4.02646648752865129518e-05	 1.02784670085735011283e-05	 0.00000000000000000000e+00	 1.32734466144883828359e-05	 1.07960899628998103746e-05	 4.02239265515127376763e-05	 3.10823397802230530019e-07	 2.88298984776826768159e-09	 2.88298984776826768159e-09	 2.88298984776826768159e-09	 
 1.71999999999999997335e+00	 2.11239965489946000025e-09	 9.13734055248922507892e-10	 1.74690296559967607240e-09	 3.24808444508852223144e-05	 3.51802164587591999472e-05	 8.05728158604774199168e-06	 0.00000000000000000000e+00	 1.10331676198430180598e-05	 8.89238894698911690987e-06	 3.51282863126355329622e-05	 2.79196686926007818792e-07	 2.11225351450364579037e-09	 2.11225351450364579037e-09	 2.11225351450364579037e-09	 
 1.73999999999999999112e+00	 1.68124895009942549281e-09	 6.62569109897283693300e-10	 1.37526202730059823890e-09	 2.81487854216202442305e-05	 3.06127674800005903657e-05	 6.25071347421401864527e-06	 0.00000000000000000000e+00	 9.10466253936865160909e-06	 7.27205722960020074032e-06	 3.05528448907160731190e-05	 2.49582788724389237770e-07	 1.52657934009480303777e-09	 1.52657934009480303777e-09	 1.52657934009480303777e-09	 
 1.76000000000000023093e+00	 1.33475405284300882159e-09	 4.73311033296230089223e-10	 1.09134598160822402785e-09	 2.42729196363756750076e-05	 2.65155797222379635309e-05	 4.79402411837800348658e-06	 0.00000000000000000000e+00	 7.45349617085580752894e-06	 5.89976553721193998993e-06	 2.64508040022859439101e-05	 2.21933123919842578203e-07	 1.08697889165548052614e-09	 1.08697889165548052614e-09	 1.08697889165548052614e-09	 
 1.78000000000000002665e+00	 1.05744656104300245976e-09	 3.33694054907313618991e-10	 8.77159452725040782247e-10	 2.08221826084592086421e-05	 2.28564168928177756889e-05	 3.63838736849513024293e-06	 0.00000000000000000000e+00	 6.05523517055106984730e-06	 4.74963280496587104235e-06	 2.27894113798293559612e-05	 1.96320196689749010589e-07	 7.63920282179112395500e-10	 7.63920282179112395500e-10	 7.63920282179112395500e-10	 
 1.80000000000000004441e+00	 8.34900755062253441668e-10	 2.31886898161315644511e-10	 7.17862600117441182334e-10	 1.77455322224523689219e-05	 1.95831307322045913356e-05	 2.72792066673460199458e-06	 0.00000000000000000000e+00	 4.87460206045172621345e-06	 3.78803872639787685421e-06	 1.95160050405876312981e-05	 1.72634948201840440849e-07	 5.29262228537607850752e-10	 5.29262228537607850752e-10	 5.29262228537607850752e-10	 
 1.81999999999999984013e+00	 6.54759346805022246813e-10	 1.58652754621171374256e-10	 5.98911026090891343029e-10	 1.50132421762463283974e-05	 1.66658702170812768643e-05	 2.01802348212259557064e-06	 0.00000000000000000000e+00	 3.88474446373788966146e-06	 2.98967664224957922645e-06	 1.66005074874436024592e-05	 1.50963956490915811942e-07	 3.61097780502963872659e-10	 3.61097780502963872659e-10	 3.61097780502963872659e-10	 
 1.84000000000000007994e+00	 5.07391676859671960070e-10	 1.07182766575531777117e-10	 5.08292095116930908288e-10	 1.26083354088284682728e-05	 1.40879977409907747592e-05	 1.47533911632311522046e-06	 0.00000000000000000000e+00	 3.06634919843673456262e-06	 2.33646831386042128737e-06	 1.40262559522180611744e-05	 1.31465272082645957880e-07	 2.43315604083715086963e-10	 2.43315604083715086963e-10	 2.43315604083715086963e-10	 
 1.86000000000000009770e+00	 3.84428551646329650908e-10	 7.14738299129673652726e-11	 4.37388936027228130715e-10	 1.04914736665462492458e-05	 1.18099403778479414246e-05	 1.06395259311471089672e-06	 0.00000000000000000000e+00	 2.39204289560876680491e-06	 1.80416763204276322705e-06	 1.17536245773590489080e-05	 1.14077750993158112090e-07	 1.61870202593277567530e-10	 1.61870202593277567530e-10	 1.61870202593277567530e-10	 
 1.87999999999999989342e+00	 2.84365593564494472851e-10	 4.70166316065909527847e-11	 3.79110809502275433687e-10	 8.64240421313094999670e-06	 9.81038097146663958209e-06	 7.55799391310488125058e-07	 0.00000000000000000000e+00	 1.84175372745350361525e-06	 1.37455026322012844208e-06	 9.76086925813792585023e-06	 9.86397111844442688021e-08	 1.06259280702989177057e-10	 1.06259280702989177057e-10	 1.06259280702989177057e-10	 
 1.89999999999999991118e+00	 2.08411374744638158184e-10	 3.06160607863952966113e-11	 3.27918782709476454413e-10	 7.05160294735700337963e-06	 8.07860045741879712479e-06	 5.30423957901282881370e-07	 0.00000000000000000000e+00	 1.40158439080343020335e-06	 1.03473976022858056532e-06	 8.03681833218262694845e-06	 8.49793183579366929631e-08	 6.90658799980946930015e-11	 6.90658799980946930015e-11	 6.90658799980946930015e-11	 
 1.92000000000000015099e+00	 1.53745388446749817727e-10	 1.97349398211718018830e-11	 2.79703371470015800143e-10	 5.68646135552002761723e-06	 6.58082675961007286904e-06	 3.67342084762292166421e-07	 0.00000000000000000000e+00	 1.05168567933693791253e-06	 7.67644384954458779085e-07	 6.54749591498876251677e-06	 7.28327435468969688224e-08	 4.44483555931742151705e-11	 4.44483555931742151705e-11	 4.44483555931742151705e-11	 
 1.93999999999999994671e+00	 1.15420905253513990535e-10	 1.25745012175270464661e-11	 2.34061740333898136564e-10	 4.52288603089456152275e-06	 5.29283613944942326999e-06	 2.50674635175894053647e-07	 0.00000000000000000000e+00	 7.76239806066295739047e-07	 5.59739717035991581935e-07	 5.26776366737873575729e-06	 6.19525678906690306417e-08	 2.82832843718557975577e-11	 2.82832843718557975577e-11	 2.82832843718557975577e-11	 
 1.95999999999999996447e+00	 8.80772035643641763125e-11	 7.92408562944133537694e-12	 1.91903440083765064743e-10	 3.54699969517017139715e-06	 4.20108486624282258611e-06	 1.69111366344592844261e-07	 0.00000000000000000000e+00	 5.64157258432220792734e-07	 4.01552674914921954211e-07	 4.18308113956559195917e-06	 5.21738702241749517990e-08	 1.78040691924798547044e-11	 1.78040691924798547044e-11	 1.78040691924798547044e-11	 
 1.97999999999999998224e+00	 6.55382290388755817441e-11	 4.90539585573470637393e-12	 1.52923045212805182819e-10	 2.73899131029531505061e-06	 3.28548453911789180277e-06	 1.12770989308795308234e-07	 0.00000000000000000000e+00	 4.03182891887677286760e-07	 2.83075919907989551316e-07	 3.27314250271000023771e-06	 4.34330367837076465373e-08	 1.10130388341666554256e-11	 1.10130388341666554256e-11	 1.10130388341666554256e-11	 
 2.00000000000000000000e+00	 4.66044424966598397491e-11	 2.94388882622239201805e-12	 1.17102588914196170518e-10	 2.07835696028407708344e-06	 2.52632931905387172775e-06	 7.42563608130870916876e-08	 0.00000000000000000000e+00	 2.82728499590684936501e-07	 1.95742217056103994645e-07	 2.51785208013351429461e-06	 3.56176894514849640477e-08	 6.60648037428410602904e-12	 6.60648037428410602904e-12	 6.60648037428410602904e-12	 
 2.02000000000000001776e+00	 3.20797489335521204760e-11	 1.68590156413709585830e-12	 8.51595415753664064298e-11	 1.55000799904158792952e-06	 1.90973773282789993367e-06	 4.84683231600583249159e-08	 0.00000000000000000000e+00	 1.94997267243910785037e-07	 1.33210514791925193577e-07	 1.90327922536370575809e-06	 2.86475235588111599738e-08	 3.78303236308541853720e-12	 3.78303236308541853720e-12	 3.78303236308541853720e-12	 
 2.04000000000000003553e+00	 2.14894696443173797737e-11	 9.09251623868566280073e-13	 5.94710352972432161541e-11	 1.13446874679607504555e-06	 1.41616771484775935799e-06	 3.13618011298218539034e-08	 0.00000000000000000000e+00	 1.32230626044383343130e-07	 8.91943066394762679162e-08	 1.41157253562907248769e-06	 2.25067629636735013386e-08	 2.04037862527692238818e-12	 2.04037862527692238818e-12	 2.04037862527692238818e-12	 
 2.06000000000000005329e+00	 1.40695262674594619248e-11	 4.57972777766434374763e-13	 4.01994486943768996883e-11	 8.12887853225362819092e-07	 1.02722987975558595194e-06	 2.01044797018506924890e-08	 0.00000000000000000000e+00	 8.80655939232184739095e-08	 5.87050045881470378944e-08	 1.02440140499005202393e-06	 1.71955111682891348373e-08	 1.02767991166458299221e-12	 1.02767991166458299221e-12	 1.02767991166458299221e-12	 
 2.08000000000000007105e+00	 9.10452976233998260201e-12	 2.23653305760805644618e-13	 2.66532655972072939285e-11	 5.71173935383602830871e-07	 7.29681437509515283390e-07	 1.28400270980591992316e-08	 0.00000000000000000000e+00	 5.79263218202493073116e-08	 3.82161490842857479148e-08	 7.28021201161042555219e-07	 1.27425244758393688486e-08	 5.01868415281886406199e-13	 5.01868415281886406199e-13	 5.01868415281886406199e-13	 
 2.10000000000000053291e+00	 5.82579864983563228930e-12	 1.06442828846881089220e-13	 1.73686385166599019466e-11	 3.92397056912137442532e-07	 5.06116151579602777471e-07	 8.15240617811350037754e-09	 0.00000000000000000000e+00	 3.75949237531062830585e-08	 2.45886275901853198133e-08	 5.05132241298006626007e-07	 9.11484255341620249060e-09	 2.38852404655991569475e-13	 2.38852404655991569475e-13	 2.38852404655991569475e-13	 
 2.12000000000000010658e+00	 3.66311615905859548949e-12	 4.95451585604376301441e-14	 1.10671645541384428371e-11	 2.61241061304913980078e-07	 3.39703553586545727678e-07	 5.10315502284596755718e-09	 0.00000000000000000000e+00	 2.39058353429126358600e-08	 1.55296864688387448711e-08	 3.39089368840008328979e-07	 6.23675576331642061848e-09	 1.11176804408588758187e-13	 1.11176804408588758187e-13	 1.11176804408588758187e-13	 
 2.14000000000000012434e+00	 2.23207018735545170968e-12	 2.26071022410629763327e-14	 6.80674065617167543635e-12	 1.65963273039142344978e-07	 2.17121544823070058110e-07	 3.10099486193935947962e-09	 0.00000000000000000000e+00	 1.46865470915375955601e-08	 9.49416710665304262702e-09	 2.16736500335897350597e-07	 4.02934660746565875110e-09	 5.07292086412156844113e-14	 5.07292086412156844113e-14	 5.07292086412156844113e-14	 
 2.15999999999999969802e+00	 1.23580239328112169032e-12	 1.01269411554178716762e-14	 3.78840142979220414288e-12	 9.41056878185982615373e-08	 1.23544890698493315735e-07	 1.71439923354883755193e-09	 0.00000000000000000000e+00	 8.16956075834743141786e-09	 5.26657957060386394560e-09	 1.23325472053549124251e-07	 2.30428560921761638521e-09	 2.27243709540063945205e-14	 2.27243709540063945205e-14	 2.27243709540063945205e-14	 
 2.18000000000000015987e+00	 5.86044346824371114149e-13	 4.45717793137597059344e-15	 1.79941192945055501910e-12	 4.49373518703030698581e-08	 5.90518974121213148056e-08	 8.12621770174196645270e-10	 0.00000000000000000000e+00	 3.87965302787202451281e-09	 2.49896470734839925220e-09	 5.89472618471009932990e-08	 1.10316745031221067870e-09	 1.00017035423922216316e-14	 1.00017035423922216316e-14	 1.00017035423922216316e-14	 
 2.20000000000000017764e+00	 2.65163837603484057867e-13	 1.92824484335317108158e-15	 8.14902235318352604854e-13	 2.04128214702310567381e-08	 2.68390445009226626737e-08	 3.67587489384464926601e-10	 0.00000000000000000000e+00	 1.75681315684389988969e-09	 1.13106346502017250403e-09	 2.67915384060584108183e-08	 5.01834601316215406393e-10	 4.32689715722416480651e-15	 4.32689715722416480651e-15	 4.32689715722416480651e-15	 
 2.21999999999999975131e+00	 1.15765141500703502244e-13	 8.20037230297650151962e-16	 3.55950011868895594597e-13	 8.93178210794885350557e-09	 1.17472817557594440866e-08	 1.60458931524673312559e-10	 0.00000000000000000000e+00	 7.67338735499663421681e-10	 4.93892096230720222958e-10	 1.17264987375306075407e-08	 2.19758529769973831796e-10	 1.84012911141525033335e-15	 1.84012911141525033335e-15	 1.84012911141525033335e-15	 
 2.24000000000000021316e+00	 4.91160170155818021406e-14	 3.42801874293949597309e-16	 1.51062159655022017670e-13	 3.79424488775438370880e-09	 4.99114720105572607923e-09	 6.80734153901070664075e-11	 0.00000000000000000000e+00	 3.25643831499670618415e-10	 2.09567128716787210400e-10	 4.98231881461225992631e-09	 9.33956137345770735492e-11	 7.69233492651029629427e-16	 7.69233492651029629427e-16	 7.69233492651029629427e-16	 
 2.25999999999999978684e+00	 2.03409807684270745688e-14	 1.40834813725973622782e-16	 6.25704194782395769079e-14	 1.57241490144429194859e-09	 2.06863268919450631525e-09	 2.81910060595149931499e-11	 0.00000000000000000000e+00	 1.34881147229300049423e-10	 8.67954244065208282054e-11	 2.06497394628049363185e-09	 3.87143532753318815789e-11	 3.16027763431591962482e-16	 3.16027763431591962482e-16	 3.16027763431591962482e-16	 
 2.27999999999999980460e+00	 8.24444832362014619283e-15	 5.68489228958520771431e-17	 2.53624592302217701860e-14	 6.37540951606113584934e-10	 8.38775578636654904083e-10	 1.14259754129029847105e-11	 0.00000000000000000000e+00	 5.46728486325054839168e-11	 3.51803005202641904100e-11	 8.37292074806764663923e-10	 1.56987804870809915770e-11	 1.27566788979818040437e-16	 1.27566788979818040437e-16	 1.27566788979818040437e-16	 
 2.30000000000000026645e+00	 3.27505785150661862715e-15	 2.25397594221645810839e-17	 1.00754334760643144475e-14	 2.53301648668388160818e-10	 3.33262278416678201788e-10	 4.53887496361556863349e-12	 0.00000000000000000000e+00	 2.17191986257284510737e-11	 1.39753689113663391077e-11	 3.32672844840667185245e-10	 6.23764787005487293728e-12	 5.05783655207007296873e-17	 5.05783655207007296873e-17	 5.05783655207007296873e-17	 
 2.32000000000000028422e+00	 1.27598868309238552527e-15	 8.77504275623109388335e-18	 3.92552136255102992012e-15	 9.86952851836845971690e-11	 1.29852132295629968544e-10	 1.76838104216352532246e-12	 0.00000000000000000000e+00	 8.46209341812778175609e-12	 5.44495023137490393924e-12	 1.29622460583542433242e-10	 2.43046532382681996584e-12	 1.96908678011562604440e-17	 1.96908678011562604440e-17	 1.96908678011562604440e-17	 
 2.33999999999999985789e+00	 4.87695341550710786620e-16	 3.35330686898375001184e-18	 1.50037675479652173969e-15	 3.77231089534960011070e-11	 4.96319880896252500927e-11	 6.75893670765493374946e-13	 0.00000000000000000000e+00	 3.23430858579280480537e-12	 2.08111776504172674240e-12	 4.95442010977584078861e-11	 9.28973369172752457142e-13	 7.52469656153219897093e-18	 7.52469656153219897093e-18	 7.52469656153219897093e-18	 
 2.36000000000000031974e+00	 1.82855773387400305754e-16	 1.25738469952391249102e-18	 5.62547981240384090007e-16	 1.41438275127577407780e-11	 1.86089226516328910322e-11	 2.53419190623624561686e-13	 0.00000000000000000000e+00	 1.21266648192406244324e-12	 7.80291388954433017510e-13	 1.85760072866293501749e-11	 3.48306926575976218218e-13	 2.82152514085199756506e-18	 2.82152514085199756506e-18	 2.82152514085199756506e-18	 
 2.38000000000000033751e+00	 6.72422376485795237829e-17	 4.62463564746971023124e-19	 2.06867140323125211020e-16	 5.20110859488277864758e-12	 6.84304976967585630824e-12	 9.31910109941885242952e-14	 0.00000000000000000000e+00	 4.45937418291692706112e-13	 2.86939290961601754741e-13	 6.83094561412085554397e-12	 1.28082314361673156666e-13	 1.03775138781183567803e-18	 1.03775138781183567803e-18	 1.03775138781183567803e-18	 
 2.39999999999999991118e+00	 2.42451547634964682858e-17	 1.66779501304934771669e-19	 7.45886403506727261868e-17	 1.87531078246771069449e-12	 2.46732499290574897970e-12	 3.36014280847503548523e-14	 0.00000000000000000000e+00	 1.60788724323549613498e-13	 1.03459992767962865928e-13	 2.46296066956917782272e-12	 4.61811048875563172305e-14	 3.74247156642680787326e-19	 3.74247156642680787326e-19	 3.74247156642680787326e-19	 
 2.41999999999999948486e+00	 8.56862743901331330756e-18	 5.89525956043409663225e-20	 2.63607370245919536234e-17	 6.62757164295315015869e-13	 8.71980740870441521816e-13	 1.18753050494683079359e-14	 0.00000000000000000000e+00	 5.68251822140548181599e-14	 3.65643933701660902342e-14	 8.70438323778395919447e-13	 1.63208777650979787615e-14	 1.32287497724187082931e-19	 1.32287497724187082931e-19	 1.32287497724187082931e-19	 
 2.44000000000000039080e+00	 2.96717616122920378106e-18	 2.04171796001581321283e-20	 9.12826926723626967848e-18	 2.29499750881346239423e-13	 3.01949373335864910442e-13	 4.11223024987196405007e-15	 0.00000000000000000000e+00	 1.96775955236471296986e-14	 1.26616448569132585685e-14	 3.01415261356605549904e-13	 5.65157709064133440484e-15	 4.58154173562670952423e-20	 4.58154173562670952423e-20	 4.58154173562670952423e-20	 
 2.45999999999999996447e+00	 1.00636818268276803742e-18	 6.92558927084400976080e-21	 3.09600100808894989473e-18	 7.78381336180157602976e-14	 1.02410360270152498463e-13	 1.39473414200285525169e-15	 0.00000000000000000000e+00	 6.67398007466774166474e-15	 4.29440939979323996131e-15	 1.02229207718292344205e-13	 1.91680779518246676499e-15	 1.55407743589083974480e-20	 1.55407743589083974480e-20	 1.55407743589083974480e-20	 
 2.47999999999999953815e+00	 3.34182659481429466977e-19	 2.29995655123911800845e-21	 1.02808119404328784105e-18	 2.58474005373319771593e-14	 3.40069765973037870881e-14	 4.63146920554172029356e-16	 0.00000000000000000000e+00	 2.21621248450895077166e-15	 1.42603527695762702453e-15	 3.39468217947853715993e-14	 6.36505347014981210596e-16	 5.16102043530448299048e-21	 5.16102043530448299048e-21	 5.16102043530448299048e-21	 
 2.50000000000000044409e+00	 1.08606021281675435976e-19	 7.47508807586269913605e-22	 3.34115708091391341282e-19	 8.40011005078125937116e-15	 1.10518728807437519984e-14	 1.50518204480951815727e-16	 0.00000000000000000000e+00	 7.20246248564152065845e-16	 4.63447051828098970439e-16	 1.10323232119243311021e-14	 2.06856629495483503305e-16	 1.67738318226066030553e-21	 1.67738318226066030553e-21	 1.67738318226066030553e-21	 
 2.52000000000000001776e+00	 3.45298418102584388273e-20	 2.37671288998684746127e-22	 1.06227558294016219057e-19	 2.67069492593524224694e-15	 3.51378357318885683334e-15	 4.78552854924495827329e-17	 0.00000000000000000000e+00	 2.28992579788605174855e-16	 1.47346800412823092128e-16	 3.50756802512218615202e-15	 6.57670297587458115706e-17	 5.33325949793096816755e-22	 5.33325949793096816755e-22	 5.33325949793096816755e-22	 
 2.54000000000000003553e+00	 1.07357420708339276598e-20	 7.38973469964260058163e-23	 3.30274008058837166356e-20	 8.30349175677753617284e-16	 1.09247462087303092124e-15	 1.48787877760226499781e-17	 0.00000000000000000000e+00	 7.11965070950031287581e-17	 4.58118806318639026712e-17	 1.09054213452348854750e-15	 2.04476935221177326153e-17	 1.65823037196748029303e-22	 1.65823037196748029303e-22	 1.65823037196748029303e-22	 
 2.56000000000000049738e+00	 3.26280312832102406512e-21	 2.24594291978020858839e-23	 1.00376716301565377507e-20	 2.52359016835054600318e-16	 3.32023888104144104642e-16	 4.52195755541451828221e-18	 0.00000000000000000000e+00	 2.16380112407342149238e-17	 1.39231298531190547501e-17	 3.31436567953386952968e-16	 6.21444170025446971137e-18	 5.03981690192697721575e-23	 5.03981690192697721575e-23	 5.03981690192697721575e-23	 
 2.58000000000000007105e+00	 9.68933334332818198052e-22	 6.66976250417202244251e-24	 2.98082063570206634774e-21	 7.49413147262931356776e-17	 9.85988258209422061920e-17	 1.34285655593628372100e-18	 0.00000000000000000000e+00	 6.42569727448800339086e-18	 4.13466062323816179312e-18	 9.84244132850107948226e-17	 1.84545896425295480642e-18	 1.49667133651550283108e-23	 1.49667133651550283108e-23	 1.49667133651550283108e-23	 
 2.60000000000000008882e+00	 2.81036269390244529716e-22	 1.93457637042996142199e-24	 8.64578002626909766804e-22	 2.17364873171337288812e-17	 2.85982688887211247486e-17	 3.89491697362121302882e-19	 0.00000000000000000000e+00	 1.86375428168180377898e-18	 1.19924611578883305132e-18	 2.85476810632093068660e-17	 5.35269241089159952873e-19	 4.34112188339751091597e-24	 4.34112188339751091597e-24	 4.34112188339751091597e-24	 
 2.62000000000000055067e+00	 7.95821690008527317024e-23	 5.47829397170195888817e-25	 2.44825958172081377455e-22	 6.15520360160730375841e-18	 8.09827956048159069789e-18	 1.10293954165434967904e-19	 0.00000000000000000000e+00	 5.27766706047590602569e-19	 3.39595327038615419354e-19	 8.08395440636148578154e-18	 1.51574177342643872229e-19	 1.22931014349235115913e-24	 1.22931014349235115913e-24	 1.22931014349235115913e-24	 
 2.64000000000000012434e+00	 2.19923574440101963073e-23	 1.51393372317428019123e-25	 6.76570983773410103125e-23	 1.70097585035718505133e-18	 2.23794008490157205330e-18	 3.04794990033325482542e-20	 0.00000000000000000000e+00	 1.45847150835762709234e-19	 9.38464199088625359552e-20	 2.23398136072753008350e-18	 4.18871521341786105093e-20	 3.39721496462378947643e-25	 3.39721496462378947643e-25	 3.39721496462378947643e-25	 
 2.66000000000000014211e+00	 5.92851991376151484150e-24	 4.08118848468528016339e-26	 1.82384430291905232043e-23	 4.58534885939931051291e-19	 6.03285184352665514627e-19	 8.21641616542267493650e-21	 0.00000000000000000000e+00	 3.93162781686108057045e-20	 2.52983502228751955768e-20	 6.02218023979817134403e-19	 1.12915865793033710997e-20	 9.15804670306540857183e-26	 9.15804670306540857183e-26	 9.15804670306540857183e-26	 
 2.67999999999999971578e+00	 1.55830799296571114077e-24	 1.07275108162361456936e-26	 4.79396292535445151343e-24	 1.20525556945700970782e-19	 1.58573055756940987029e-19	 2.15968074391962441605e-21	 0.00000000000000000000e+00	 1.03342596573061911476e-20	 6.64965649603855060764e-21	 1.58292553299514639212e-19	 2.96798455336797267314e-21	 2.40721677429972884590e-26	 2.40721677429972884590e-26	 2.40721677429972884590e-26	 
 2.70000000000000017764e+00	 3.99213323168545831852e-25	 2.74824942589234220333e-27	 1.22813551615985006647e-24	 3.08766819312257429920e-20	 4.06238279233077999120e-20	 5.53275455355202015591e-22	 0.00000000000000000000e+00	 2.64747003560717380619e-21	 1.70353451339915747140e-21	 4.05519677311929477157e-20	 7.60349065314766749016e-22	 6.16697839937245358719e-27	 6.16697839937245358719e-27	 6.16697839937245358719e-27	 
 2.72000000000000019540e+00	 9.96349783790114789314e-26	 6.85912453181872858923e-28	 3.06515880586362847717e-25	 7.70614485319300740866e-21	 1.01388187442980331114e-20	 1.38085582618237101705e-22	 0.00000000000000000000e+00	 6.60750973880152947399e-22	 4.25165227800975606214e-22	 1.01208840012293192031e-20	 1.89766461774703395228e-22	 1.53916441294097134340e-27	 1.53916441294097134340e-27	 1.53916441294097134340e-27	 
 2.73999999999999976907e+00	 2.42148761826615183556e-26	 1.66703691816320606496e-28	 7.44943405134476257788e-26	 1.87286863214693366638e-21	 2.46409516323727073927e-21	 3.35597638760626421111e-23	 0.00000000000000000000e+00	 1.60586186875208278661e-22	 1.03330411360773028516e-22	 2.45973637704537390104e-21	 4.61200215698793695367e-23	 3.74077503274131297935e-28	 3.74077503274131297935e-28	 3.74077503274131297935e-28	 
 2.76000000000000023093e+00	 5.72826409470773607601e-27	 3.94359715752350084706e-29	 1.76223542838955673811e-26	 4.43044962327851138629e-22	 5.82905201338247341135e-22	 7.93889073676263513250e-24	 0.00000000000000000000e+00	 3.79882173861445275442e-23	 2.44438120742328160113e-23	 5.81874088169447215234e-22	 1.09101287343857036869e-23	 8.84930102332167057526e-29	 8.84930102332167057526e-29	 8.84930102332167057526e-29	 
 2.77999999999999980460e+00	 1.31837551747549128879e-27	 9.07644299716439925502e-30	 4.05583131315623626216e-27	 1.01967925758738139047e-22	 1.34157104968932777102e-22	 1.82715790804740453009e-24	 0.00000000000000000000e+00	 8.74309015960502779181e-24	 5.62580962086068994838e-24	 1.33919791482924933596e-22	 2.51099319129490473991e-24	 2.03672391179459705827e-29	 2.03672391179459705827e-29	 2.03672391179459705827e-29	 
 2.79999999999999982236e+00	 2.95075904386277446253e-28	 2.03150495810374237509e-30	 9.07766912322593403464e-28	 2.28222186870403563302e-23	 3.00267216351832146202e-23	 4.08950620532481692408e-25	 0.00000000000000000000e+00	 1.95685891516929349918e-24	 1.25915631173653980503e-24	 2.99736066548591905077e-23	 5.62004354787534499488e-25	 4.55863081454803608985e-30	 4.55863081454803608985e-30	 4.55863081454803608985e-30	 
 2.82000000000000028422e+00	 6.41960572380153444787e-29	 4.41978011788183368362e-31	 1.97491675031462343107e-28	 4.96514692410439870059e-24	 6.53254061918571569370e-24	 8.89704250425112579487e-26	 0.00000000000000000000e+00	 4.25729809121658375142e-25	 2.73939244224069914313e-25	 6.52098504255368556078e-24	 1.22268273544341022455e-25	 9.91784371432523937203e-31	 9.91784371432523937203e-31	 9.91784371432523937203e-31	 
 2.83999999999999985789e+00	 1.35694648387603671924e-29	 9.34251532638618154017e-32	 4.17448572992060004020e-29	 1.04950877080862696752e-24	 1.38081673829307780589e-24	 1.88061644062621347189e-26	 0.00000000000000000000e+00	 8.99887782216371411768e-26	 5.79040065710563275378e-26	 1.37837417416853417983e-24	 2.58444678303622735867e-26	 2.09643055343370263502e-31	 2.09643055343370263502e-31	 2.09643055343370263502e-31	 
 2.85999999999999987566e+00	 2.78544714846204148731e-30	 1.91780952005899890296e-32	 8.56909569826512931581e-30	 2.15435786866457768761e-25	 2.83444327725483073804e-25	 3.86040299510477716347e-27	 0.00000000000000000000e+00	 1.84722791684313280945e-26	 1.18861392686809925068e-26	 2.82942934844572120250e-25	 5.30516874754988098729e-27	 4.30350389824010166440e-32	 4.30350389824010166440e-32	 4.30350389824010166440e-32	 
 2.87999999999999989342e+00	 5.55010739753262154287e-31	 3.82139627620343939484e-33	 1.70742349466986457231e-30	 4.29263390204641373677e-26	 5.64772735603893716878e-26	 7.69200107610523205191e-28	 0.00000000000000000000e+00	 3.68066988241513234943e-27	 2.36835759017939839228e-27	 5.63773691609555024908e-26	 1.05707311465290257531e-27	 8.57509380884445525584e-33	 8.57509380884445525584e-33	 8.57509380884445525584e-33	 
 2.90000000000000035527e+00	 1.07294361847006986663e-31	 7.38768650645735932641e-34	 3.30077976339578224088e-31	 8.29848607844672039946e-27	 1.09181406923996100037e-26	 1.48701412491291049518e-28	 0.00000000000000000000e+00	 7.11544875087017880156e-28	 4.57849543741685884301e-28	 1.08988272311849376458e-26	 2.04352451906097100459e-28	 1.65777405799946957328e-33	 1.65777405799946957328e-33	 1.65777405799946957328e-33	 
 2.91999999999999992895e+00	 2.01147498083939803274e-32	 1.38502566134847025448e-34	 6.18805332423093597740e-32	 1.55573661004485999744e-27	 2.04684911297007566901e-27	 2.78774526994081338533e-29	 0.00000000000000000000e+00	 1.33395118131070489950e-28	 8.58342299565791452190e-29	 2.04322836889484932915e-27	 3.83104142271210823082e-29	 3.10795543624315256343e-34	 3.10795543624315256343e-34	 3.10795543624315256343e-34	 
 2.93999999999999994671e+00	 3.65515803995613898726e-33	 2.51687568537277506293e-35	 1.12446339218745916609e-32	 2.82700792482904696940e-28	 3.71943282546895332091e-28	 5.06576324575232550564e-30	 0.00000000000000000000e+00	 2.42399299559750851791e-29	 1.55973937080633526034e-29	 3.71285337935373033339e-28	 6.96157617715245498537e-30	 5.64779357093516819541e-35	 5.64779357093516819541e-35	 5.64779357093516819541e-35	 
 2.96000000000000040856e+00	 6.43489490031278750402e-34	 4.43108733940904774078e-36	 1.97961325118137291438e-33	 4.97693208326573382083e-29	 6.54804024137904206892e-29	 8.91826722766105102149e-31	 0.00000000000000000000e+00	 4.26743143645255837674e-30	 2.74591650569836241868e-30	 6.53645714652797427000e-29	 1.22558103044779977932e-30	 9.94322921331386783161e-36	 9.94322921331386783161e-36	 9.94322921331386783161e-36	 
 2.97999999999999998224e+00	 1.09700583450665363885e-34	 7.55425941386988580755e-37	 3.37479616267040920970e-34	 8.48454469487441976285e-30	 1.11629272484282000909e-29	 1.52036643520234611263e-31	 0.00000000000000000000e+00	 7.27501540294091152851e-31	 4.68117417753799568548e-31	 1.11431806602030963428e-29	 2.08933752208988790673e-31	 1.69515389212096462976e-36	 1.69515389212096462976e-36	 1.69515389212096462976e-36	 
 3.00000000000000000000e+00	 1.81007025762936988689e-35	 1.24650316214359911285e-37	 5.56844248627128924416e-35	 1.39995585603416294078e-30	 1.84189053554101468227e-30	 2.50862126499429347047e-32	 0.00000000000000000000e+00	 1.20038425410669581573e-31	 7.72398263257777548882e-32	 1.83863232952797575050e-30	 3.44741948931056396122e-32	 2.79711757649243174632e-37	 2.79711757649243174632e-37	 2.79711757649243174632e-37	 
 3.02000000000000046185e+00	 2.88925720906696676829e-36	 1.98975715667787812759e-38	 8.88841226222402429807e-36	 2.23462356780495877086e-31	 2.94004357099522047454e-31	 4.00429646210474043782e-33	 0.00000000000000000000e+00	 1.91606806787878478775e-32	 1.23291192782765432181e-32	 2.93484278135198544371e-31	 5.50280188194558676294e-33	 4.46495945256165467014e-38	 4.46495945256165467014e-38	 4.46495945256165467014e-38	 
 3.04000000000000003553e+00	 4.45928205446655725521e-37	 3.07111220562928369656e-39	 1.37183723286423156871e-36	 3.44891368446486851056e-32	 4.53765662885379702090e-32	 6.18023987178752085190e-34	 0.00000000000000000000e+00	 2.95726015722227171483e-33	 1.90287728974269075816e-33	 4.52962972617587803990e-32	 8.49300776081218747730e-34	 6.89149173055110365479e-39	 6.89149173055110365479e-39	 6.89149173055110365479e-39	 
 3.06000000000000005329e+00	 6.65141032684731226403e-38	 4.58102158087546013558e-40	 2.04621386007398091139e-37	 5.14434739140665186674e-33	 6.76829840983091988484e-33	 9.21837817627789065580e-35	 0.00000000000000000000e+00	 4.41101142593251826575e-34	 2.83830832654189014226e-34	 6.75632558124560769741e-33	 1.26680321829333323441e-34	 1.02796898068513880496e-39	 1.02796898068513880496e-39	 1.02796898068513880496e-39	 
 3.08000000000000007105e+00	 9.58325593251336278684e-39	 6.60055653519887043176e-41	 2.94815278290875088129e-38	 7.41188632643478194420e-34	 9.75164450314553077481e-34	 1.32817187638143377400e-35	 0.00000000000000000000e+00	 6.35531927397150731425e-35	 4.08939354792750241805e-35	 9.73439422593360943577e-34	 1.82518661243046501882e-35	 1.48114763608513125058e-40	 1.48114763608513125058e-40	 1.48114763608513125058e-40	 
 3.10000000000000008882e+00	 1.33303587009753489546e-39	 9.18182942488662455693e-42	 4.10089200202784166414e-39	 1.03099501029910118564e-34	 1.35645555627350831562e-34	 1.84749581782119289397e-36	 0.00000000000000000000e+00	 8.84027871057145257841e-36	 5.68836748876619059213e-36	 1.35405603395990211399e-34	 2.53883643723623445182e-36	 2.06037913381471154741e-41	 2.06037913381471154741e-41	 2.06037913381471154741e-41	 
 3.12000000000000010658e+00	 1.78927532530577535565e-40	 1.23249608159661322962e-42	 5.50444129228915936259e-40	 1.38385603464321228708e-35	 1.82070592766560787752e-35	 2.47981486141638646512e-37	 0.00000000000000000000e+00	 1.18659119142344602446e-36	 7.63524488569552407483e-37	 1.81748515484506563392e-35	 3.40775752240615659434e-37	 2.76569066342222803272e-42	 2.76569066342222803272e-42	 2.76569066342222803272e-42	 
 3.13999999999999968026e+00	 2.31629873560297385170e-41	 1.59560370413777346416e-43	 7.12574363697341872181e-41	 1.79146062137143298164e-36	 2.35698079081755048623e-36	 3.21023729555924299335e-38	 0.00000000000000000000e+00	 1.53609591114869843286e-37	 9.88417338585226524777e-38	 2.35281135349229840838e-36	 4.41148322559002150579e-38	 3.58049632139989020706e-43	 3.58049632139989020706e-43	 3.58049632139989020706e-43	 
 3.16000000000000014211e+00	 2.89046511891717503603e-42	 1.99122996314159278388e-44	 8.89207026355130812268e-42	 2.23552396752375461003e-37	 2.94122320344963556513e-37	 4.00599868676008503786e-39	 0.00000000000000000000e+00	 1.91686400288589030211e-38	 1.23342715036153382404e-38	 2.93602024245513483461e-37	 5.50498661322290205569e-39	 4.46827362631103840014e-44	 4.46827362631103840014e-44	 4.46827362631103840014e-44	 
 3.18000000000000015987e+00	 3.47510983214992601609e-43	 2.39412375547005702037e-45	 1.06906274134985658355e-42	 2.68768877227681865707e-38	 3.53612411440848534382e-38	 4.81628449945257942691e-40	 0.00000000000000000000e+00	 2.30458059016839673399e-39	 1.48290828430099492404e-39	 3.52986876854633975760e-38	 6.61843735303105031305e-40	 5.37235978279963359903e-45	 5.37235978279963359903e-45	 5.37235978279963359903e-45	 
 3.19999999999999973355e+00	 4.02315665486618546285e-44	 2.77185532381179706573e-46	 1.23765922734621565515e-43	 3.11154560995970097509e-39	 4.09378054084797534948e-39	 5.57585015249900154820e-41	 0.00000000000000000000e+00	 2.66802622098879701891e-40	 1.71677224640774756480e-40	 4.08653868814180410645e-39	 7.66217703778946439688e-41	 6.21998317583281533375e-46	 6.21998317583281533375e-46	 6.21998317583281533375e-46	 
 3.22000000000000019540e+00	 4.48260971341751037365e-45	 0.00000000000000000000e+00	 1.37900082353210438818e-44	 3.46688057748448846037e-40	 4.56128411013333514121e-40	 6.21263237699945013987e-42	 0.00000000000000000000e+00	 2.97271895457584893898e-41	 1.91283121811086711079e-41	 4.55321522337397988015e-40	 8.53717915014584625738e-42	 0.00000000000000000000e+00	 0.00000000000000000000e+00	 0.00000000000000000000e+00	 
 3.24000000000000021316e+00	 4.80425840495447566983e-46	 0.00000000000000000000e+00	 1.47794879735990750726e-45	 3.71563442583254911067e-41	 4.88856134694361766056e-41	 6.65842771518954027039e-43	 0.00000000000000000000e+00	 3.18602402689974528439e-42	 2.05008592289597250082e-42	 4.87991348003609734837e-41	 9.14972348740501462225e-43	 0.00000000000000000000e+00	 0.00000000000000000000e+00	 0.00000000000000000000e+00	 
 3.25999999999999978684e+00	 0.00000000000000000000e+00	 0.00000000000000000000e+00	 1.52282264486391637829e-46	 3.82844235678348568062e-42	 5.03697791033997595934e-42	 6.86061185143154121890e-44	 0.00000000000000000000e+00	 3.28276149126748489430e-43	 2.11233393070969178775e-43	 5.02806746375777881709e-42	 9.42750036762823065138e-44	 0.00000000000000000000e+00	 0.00000000000000000000e+00	 0.00000000000000000000e+00	 
 3.28000000000000024869e+00	 0.00000000000000000000e+00	 0.00000000000000000000e+00	 0.00000000000000000000e+00	 3.79024765925507166246e-43	 4.98672428713760039825e-43	 6.79219959495390125655e-45	 0.00000000000000000000e+00	 3.25001980011490354413e-44	 2.09126702714510515155e-44	 4.97790270776781042225e-43	 9.33343404853859029304e-45	 0.00000000000000000000e+00	 0.00000000000000000000e+00	 0.00000000000000000000e+00	 
 3.29999999999999982236e+00	 0.00000000000000000000e+00	 0.00000000000000000000e+00	 0.00000000000000000000e+00	 3.60353054468920186403e-44	 4.74106384946228839627e-44	 6.45763158139618509610e-46	 0.00000000000000000000e+00	 3.08992458384794117216e-45	 1.98825283932582708167e-45	 4.73267681504207111025e-44	 8.87363348325707771912e-46	 0.00000000000000000000e+00	 0.00000000000000000000e+00	 0.00000000000000000000e+00	 
 3.31999999999999984013e+00	 0.00000000000000000000e+00	 0.00000000000000000000e+00	 0.00000000000000000000e+00	 3.28821422490958555702e-45	 4.32620924020132220905e-45	 0.00000000000000000000e+00	 0.00000000000000000000e+00	 2.81955832327844864811e-46	 1.81428317462865313847e-46	 4.31855606169546445540e-45	 0.00000000000000000000e+00	 0.00000000000000000000e+00	 0.00000000000000000000e+00	 0.00000000000000000000e+00	 
 3.34000000000000030198e+00	 0.00000000000000000000e+00	 0.00000000000000000000e+00	 0.00000000000000000000e+00	 2.87817072303742192153e-46	 3.78672512094755036960e-46	 0.00000000000000000000e+00	 0.00000000000000000000e+00	 0.00000000000000000000e+00	 0.00000000000000000000e+00	 3.78002627678957512628e-46	 0.00000000000000000000e+00	 0.00000000000000000000e+00	 0.00000000000000000000e+00	 0.00000000000000000000e+00	 
 3.36000000000000031974e+00	 0.00000000000000000000e+00	 0.00000000000000000000e+00	 0.00000000000000000000e+00	 0.00000000000000000000e+00	 0.00000000000000000000e+00	 0.00000000000000000000e+00	 0.00000000000000000000e+00	 0.00000000000000000000e+00	 0.00000000000000000000e+00	 0.00000000000000000000e+00	 0.00000000000000000000e+00	 0.00000000000000000000e+00	 0.00000000000000000000e+00	 0.00000000000000000000e+00	 
 3.37999999999999989342e+00	 0.00000000000000000000e+00	 0.00000000000000000000e+00	 0.00000000000000000000e+00	 0.00000000000000000000e+00	 0.00000000000000000000e+00	 0.00000000000000000000e+00	 0.00000000000000000000e+00	 0.00000000000000000000e+00	 0.00000000000000000000e+00	 0.00000000000000000000e+00	 0.00000000000000000000e+00	 0.00000000000000000000e+00	 0.00000000000000000000e+00	 0.00000000000000000000e+00	 
 3.39999999999999991118e+00	 0.00000000000000000000e+00	 0.00000000000000000000e+00	 0.00000000000000000000e+00	 0.00000000000000000000e+00	 0.00000000000000000000e+00	 0.00000000000000000000e+00	 0.00000000000000000000e+00	 0.00000000000000000000e+00	 0.00000000000000000000e+00	 0.00000000000000000000e+00	 0.00000000000000000000e+00	 0.00000000000000000000e+00	 0.00000000000000000000e+00	 0.00000000000000000000e+00	 
 3.42000000000000037303e+00	 0.00000000000000000000e+00	 0.00000000000000000000e+00	 0.00000000000000000000e+00	 0.00000000000000000000e+00	 0.00000000000000000000e+00	 0.00000000000000000000e+00	 0.00000000000000000000e+00	 0.00000000000000000000e+00	 0.00000000000000000000e+00	 0.00000000000000000000e+00	 0.00000000000000000000e+00	 0.00000000000000000000e+00	 0.00000000000000000000e+00	 0.00000000000000000000e+00	 
 3.43999999999999994671e+00	 0.00000000000000000000e+00	 0.00000000000000000000e+00	 0.00000000000000000000e+00	 0.00000000000000000000e+00	 0.00000000000000000000e+00	 0.00000000000000000000e+00	 0.00000000000000000000e+00	 0.00000000000000000000e+00	 0.00000000000000000000e+00	 0.00000000000000000000e+00	 0.00000000000000000000e+00	 0.00000000000000000000e+00	 0.00000000000000000000e+00	 0.00000000000000000000e+00	 
 3.45999999999999996447e+00	 0.00000000000000000000e+00	 0.00000000000000000000e+00	 0.00000000000000000000e+00	 0.00000000000000000000e+00	 0.00000000000000000000e+00	 0.00000000000000000000e+00	 0.00000000000000000000e+00	 0.00000000000000000000e+00	 0.00000000000000000000e+00	 0.00000000000000000000e+00	 0.00000000000000000000e+00	 0.00000000000000000000e+00	 0.00000000000000000000e+00	 0.00000000000000000000e+00	 
 3.48000000000000042633e+00	 0.00000000000000000000e+00	 0.00000000000000000000e+00	 0.00000000000000000000e+00	 0.00000000000000000000e+00	 0.00000000000000000000e+00	 0.00000000000000000000e+00	 0.00000000000000000000e+00	 0.00000000000000000000e+00	 0.00000000000000000000e+00	 0.00000000000000000000e+00	 0.00000000000000000000e+00	 0.00000000000000000000e+00	 0.00000000000000000000e+00	 0.00000000000000000000e+00	 
 3.50000000000000000000e+00	 0.00000000000000000000e+00	 0.00000000000000000000e+00	 0.00000000000000000000e+00	 0.00000000000000000000e+00	 0.00000000000000000000e+00	 0.00000000000000000000e+00	 0.00000000000000000000e+00	 0.00000000000000000000e+00	 0.00000000000000000000e+00	 0.00000000000000000000e+00	 0.00000000000000000000e+00	 0.00000000000000000000e+00	 0.00000000000000000000e+00	 0.00000000000000000000e+00	 
 3.52000000000000001776e+00	 0.00000000000000000000e+00	 0.00000000000000000000e+00	 0.00000000000000000000e+00	 0.00000000000000000000e+00	 0.00000000000000000000e+00	 0.00000000000000000000e+00	 0.00000000000000000000e+00	 0.00000000000000000000e+00	 0.00000000000000000000e+00	 0.00000000000000000000e+00	 0.00000000000000000000e+00	 0.00000000000000000000e+00	 0.00000000000000000000e+00	 0.00000000000000000000e+00	 
 3.54000000000000047962e+00	 0.00000000000000000000e+00	 0.00000000000000000000e+00	 0.00000000000000000000e+00	 0.00000000000000000000e+00	 0.00000000000000000000e+00	 0.00000000000000000000e+00	 0.00000000000000000000e+00	 0.00000000000000000000e+00	 0.00000000000000000000e+00	 0.00000000000000000000e+00	 0.00000000000000000000e+00	 0.00000000000000000000e+00	 0.00000000000000000000e+00	 0.00000000000000000000e+00	 
 3.56000000000000005329e+00	 0.00000000000000000000e+00	 0.00000000000000000000e+00	 0.00000000000000000000e+00	 0.00000000000000000000e+00	 0.00000000000000000000e+00	 0.00000000000000000000e+00	 0.00000000000000000000e+00	 0.00000000000000000000e+00	 0.00000000000000000000e+00	 0.00000000000000000000e+00	 0.00000000000000000000e+00	 0.00000000000000000000e+00	 0.00000000000000000000e+00	 0.00000000000000000000e+00	 
 3.58000000000000007105e+00	 0.00000000000000000000e+00	 0.00000000000000000000e+00	 0.00000000000000000000e+00	 0.00000000000000000000e+00	 0.00000000000000000000e+00	 0.00000000000000000000e+00	 0.00000000000000000000e+00	 0.00000000000000000000e+00	 0.00000000000000000000e+00	 0.00000000000000000000e+00	 0.00000000000000000000e+00	 0.00000000000000000000e+00	 0.00000000000000000000e+00	 0.00000000000000000000e+00	 
 3.60000000000000053291e+00	 0.00000000000000000000e+00	 0.00000000000000000000e+00	 0.00000000000000000000e+00	 0.00000000000000000000e+00	 0.00000000000000000000e+00	 0.00000000000000000000e+00	 0.00000000000000000000e+00	 0.00000000000000000000e+00	 0.00000000000000000000e+00	 0.00000000000000000000e+00	 0.00000000000000000000e+00	 0.00000000000000000000e+00	 0.00000000000000000000e+00	 0.00000000000000000000e+00	 
 3.62000000000000010658e+00	 0.00000000000000000000e+00	 0.00000000000000000000e+00	 0.00000000000000000000e+00	 0.00000000000000000000e+00	 0.00000000000000000000e+00	 0.00000000000000000000e+00	 0.00000000000000000000e+00	 0.00000000000000000000e+00	 0.00000000000000000000e+00	 0.00000000000000000000e+00	 0.00000000000000000000e+00	 0.00000000000000000000e+00	 0.00000000000000000000e+00	 0.00000000000000000000e+00	 
 3.63999999999999968026e+00	 0.00000000000000000000e+00	 0.00000000000000000000e+00	 0.00000000000000000000e+00	 0.00000000000000000000e+00	 0.00000000000000000000e+00	 0.00000000000000000000e+00	 0.00000000000000000000e+00	 0.00000000000000000000e+00	 0.00000000000000000000e+00	 0.00000000000000000000e+00	 0.00000000000000000000e+00	 0.00000000000000000000e+00	 0.00000000000000000000e+00	 0.00000000000000000000e+00	 
 3.65999999999999969802e+00	 0.00000000000000000000e+00	 0.00000000000000000000e+00	 0.00000000000000000000e+00	 0.00000000000000000000e+00	 0.00000000000000000000e+00	 0.00000000000000000000e+00	 0.00000000000000000000e+00	 0.00000000000000000000e+00	 0.00000000000000000000e+00	 0.00000000000000000000e+00	 0.00000000000000000000e+00	 0.00000000000000000000e+00	 0.00000000000000000000e+00	 0.00000000000000000000e+00	 
 3.68000000000000015987e+00	 0.00000000000000000000e+00	 0.00000000000000000000e+00	 0.00000000000000000000e+00	 0.00000000000000000000e+00	 0.00000000000000000000e+00	 0.00000000000000000000e+00	 0.00000000000000000000e+00	 0.00000000000000000000e+00	 0.00000000000000000000e+00	 0.00000000000000000000e+00	 0.00000000000000000000e+00	 0.00000000000000000000e+00	 0.00000000000000000000e+00	 0.00000000000000000000e+00	 
 3.70000000000000017764e+00	 0.00000000000000000000e+00	 0.00000000000000000000e+00	 0.00000000000000000000e+00	 0.00000000000000000000e+00	 0.00000000000000000000e+00	 0.00000000000000000000e+00	 0.00000000000000000000e+00	 0.00000000000000000000e+00	 0.00000000000000000000e+00	 0.00000000000000000000e+00	 0.00000000000000000000e+00	 0.00000000000000000000e+00	 0.00000000000000000000e+00	 0.00000000000000000000e+00	 
 3.71999999999999975131e+00	 0.00000000000000000000e+00	 0.00000000000000000000e+00	 0.00000000000000000000e+00	 0.00000000000000000000e+00	 0.00000000000000000000e+00	 0.00000000000000000000e+00	 0.00000000000000000000e+00	 0.00000000000000000000e+00	 0.00000000000000000000e+00	 0.00000000000000000000e+00	 0.00000000000000000000e+00	 0.00000000000000000000e+00	 0.00000000000000000000e+00	 0.00000000000000000000e+00	 
 3.74000000000000021316e+00	 0.00000000000000000000e+00	 0.00000000000000000000e+00	 0.00000000000000000000e+00	 0.00000000000000000000e+00	 0.00000000000000000000e+00	 0.00000000000000000000e+00	 0.00000000000000000000e+00	 0.00000000000000000000e+00	 0.00000000000000000000e+00	 0.00000000000000000000e+00	 0.00000000000000000000e+00	 0.00000000000000000000e+00	 0.00000000000000000000e+00	 0.00000000000000000000e+00	 
 3.76000000000000023093e+00	 0.00000000000000000000e+00	 0.00000000000000000000e+00	 0.00000000000000000000e+00	 0.00000000000000000000e+00	 0.00000000000000000000e+00	 0.00000000000000000000e+00	 0.00000000000000000000e+00	 0.00000000000000000000e+00	 0.00000000000000000000e+00	 0.00000000000000000000e+00	 0.00000000000000000000e+00	 0.00000000000000000000e+00	 0.00000000000000000000e+00	 0.00000000000000000000e+00	 
 3.77999999999999980460e+00	 0.00000000000000000000e+00	 0.00000000000000000000e+00	 0.00000000000000000000e+00	 0.00000000000000000000e+00	 0.00000000000000000000e+00	 0.00000000000000000000e+00	 0.00000000000000000000e+00	 0.00000000000000000000e+00	 0.00000000000000000000e+00	 0.00000000000000000000e+00	 0.00000000000000000000e+00	 0.00000000000000000000e+00	 0.00000000000000000000e+00	 0.00000000000000000000e+00	 
 3.80000000000000026645e+00	 0.00000000000000000000e+00	 0.00000000000000000000e+00	 0.00000000000000000000e+00	 0.00000000000000000000e+00	 0.00000000000000000000e+00	 0.00000000000000000000e+00	 0.00000000000000000000e+00	 0.00000000000000000000e+00	 0.00000000000000000000e+00	 0.00000000000000000000e+00	 0.00000000000000000000e+00	 0.00000000000000000000e+00	 0.00000000000000000000e+00	 0.00000000000000000000e+00	 
 3.82000000000000028422e+00	 0.00000000000000000000e+00	 0.00000000000000000000e+00	 0.00000000000000000000e+00	 0.00000000000000000000e+00	 0.00000000000000000000e+00	 0.00000000000000000000e+00	 0.00000000000000000000e+00	 0.00000000000000000000e+00	 0.00000000000000000000e+00	 0.00000000000000000000e+00	 0.00000000000000000000e+00	 0.00000000000000000000e+00	 0.00000000000000000000e+00	 0.00000000000000000000e+00	 
 3.83999999999999985789e+00	 0.00000000000000000000e+00	 0.00000000000000000000e+00	 0.00000000000000000000e+00	 0.00000000000000000000e+00	 0.00000000000000000000e+00	 0.00000000000000000000e+00	 0.00000000000000000000e+00	 0.00000000000000000000e+00	 0.00000000000000000000e+00	 0.00000000000000000000e+00	 0.00000000000000000000e+00	 0.00000000000000000000e+00	 0.00000000000000000000e+00	 0.00000000000000000000e+00	 
 3.86000000000000031974e+00	 0.00000000000000000000e+00	 0.00000000000000000000e+00	 0.00000000000000000000e+00	 0.00000000000000000000e+00	 0.00000000000000000000e+00	 0.00000000000000000000e+00	 0.00000000000000000000e+00	 0.00000000000000000000e+00	 0.00000000000000000000e+00	 0.00000000000000000000e+00	 0.00000000000000000000e+00	 0.00000000000000000000e+00	 0.00000000000000000000e+00	 0.00000000000000000000e+00	 
 3.87999999999999989342e+00	 0.00000000000000000000e+00	 0.00000000000000000000e+00	 0.00000000000000000000e+00	 0.00000000000000000000e+00	 0.00000000000000000000e+00	 0.00000000000000000000e+00	 0.00000000000000000000e+00	 0.00000000000000000000e+00	 0.00000000000000000000e+00	 0.00000000000000000000e+00	 0.00000000000000000000e+00	 0.00000000000000000000e+00	 0.00000000000000000000e+00	 0.00000000000000000000e+00	 
 3.89999999999999991118e+00	 0.00000000000000000000e+00	 0.00000000000000000000e+00	 0.00000000000000000000e+00	 0.00000000000000000000e+00	 0.00000000000000000000e+00	 0.00000000000000000000e+00	 0.00000000000000000000e+00	 0.00000000000000000000e+00	 0.00000000000000000000e+00	 0.00000000000000000000e+00	 0.00000000000000000000e+00	 0.00000000000000000000e+00	 0.00000000000000000000e+00	 0.00000000000000000000e+00	 
 3.91999999999999948486e+00	 0.00000000000000000000e+00	 0.00000000000000000000e+00	 0.00000000000000000000e+00	 0.00000000000000000000e+00	 0.00000000000000000000e+00	 0.00000000000000000000e+00	 0.00000000000000000000e+00	 0.00000000000000000000e+00	 0.00000000000000000000e+00	 0.00000000000000000000e+00	 0.00000000000000000000e+00	 0.00000000000000000000e+00	 0.00000000000000000000e+00	 0.00000000000000000000e+00	 
 3.93999999999999994671e+00	 0.00000000000000000000e+00	 0.00000000000000000000e+00	 0.00000000000000000000e+00	 0.00000000000000000000e+00	 0.00000000000000000000e+00	 0.00000000000000000000e+00	 0.00000000000000000000e+00	 0.00000000000000000000e+00	 0.00000000000000000000e+00	 0.00000000000000000000e+00	 0.00000000000000000000e+00	 0.00000000000000000000e+00	 0.00000000000000000000e+00	 0.00000000000000000000e+00	 
 3.95999999999999996447e+00	 0.00000000000000000000e+00	 0.00000000000000000000e+00	 0.00000000000000000000e+00	 0.00000000000000000000e+00	 0.00000000000000000000e+00	 0.00000000000000000000e+00	 0.00000000000000000000e+00	 0.00000000000000000000e+00	 0.00000000000000000000e+00	 0.00000000000000000000e+00	 0.00000000000000000000e+00	 0.00000000000000000000e+00	 0.00000000000000000000e+00	 0.00000000000000000000e+00	 
 3.97999999999999953815e+00	 0.00000000000000000000e+00	 0.00000000000000000000e+00	 0.00000000000000000000e+00	 0.00000000000000000000e+00	 0.00000000000000000000e+00	 0.00000000000000000000e+00	 0.00000000000000000000e+00	 0.00000000000000000000e+00	 0.00000000000000000000e+00	 0.00000000000000000000e+00	 0.00000000000000000000e+00	 0.00000000000000000000e+00	 0.00000000000000000000e+00	 0.00000000000000000000e+00	 
 4.00000000000000000000e+00	 0.00000000000000000000e+00	 0.00000000000000000000e+00	 0.00000000000000000000e+00	 0.00000000000000000000e+00	 0.00000000000000000000e+00	 0.00000000000000000000e+00	 0.00000000000000000000e+00	 0.00000000000000000000e+00	 0.00000000000000000000e+00	 0.00000000000000000000e+00	 0.00000000000000000000e+00	 0.00000000000000000000e+00	 0.00000000000000000000e+00	 0.00000000000000000000e+00	 
 4.01999999999999957367e+00	 0.00000000000000000000e+00	 0.00000000000000000000e+00	 0.00000000000000000000e+00	 0.00000000000000000000e+00	 0.00000000000000000000e+00	 0.00000000000000000000e+00	 0.00000000000000000000e+00	 0.00000000000000000000e+00	 0.00000000000000000000e+00	 0.00000000000000000000e+00	 0.00000000000000000000e+00	 0.00000000000000000000e+00	 0.00000000000000000000e+00	 0.00000000000000000000e+00	 
 4.04000000000000003553e+00	 0.00000000000000000000e+00	 0.00000000000000000000e+00	 0.00000000000000000000e+00	 0.00000000000000000000e+00	 0.00000000000000000000e+00	 0.00000000000000000000e+00	 0.00000000000000000000e+00	 0.00000000000000000000e+00	 0.00000000000000000000e+00	 0.00000000000000000000e+00	 0.00000000000000000000e+00	 0.00000000000000000000e+00	 0.00000000000000000000e+00	 0.00000000000000000000e+00	 
 4.06000000000000049738e+00	 0.00000000000000000000e+00	 0.00000000000000000000e+00	 0.00000000000000000000e+00	 0.00000000000000000000e+00	 0.00000000000000000000e+00	 0.00000000000000000000e+00	 0.00000000000000000000e+00	 0.00000000000000000000e+00	 0.00000000000000000000e+00	 0.00000000000000000000e+00	 0.00000000000000000000e+00	 0.00000000000000000000e+00	 0.00000000000000000000e+00	 0.00000000000000000000e+00	 
 4.08000000000000007105e+00	 0.00000000000000000000e+00	 0.00000000000000000000e+00	 0.00000000000000000000e+00	 0.00000000000000000000e+00	 0.00000000000000000000e+00	 0.00000000000000000000e+00	 0.00000000000000000000e+00	 0.00000000000000000000e+00	 0.00000000000000000000e+00	 0.00000000000000000000e+00	 0.00000000000000000000e+00	 0.00000000000000000000e+00	 0.00000000000000000000e+00	 0.00000000000000000000e+00	 
 4.09999999999999964473e+00	 0.00000000000000000000e+00	 0.00000000000000000000e+00	 0.00000000000000000000e+00	 0.00000000000000000000e+00	 0.00000000000000000000e+00	 0.00000000000000000000e+00	 0.00000000000000000000e+00	 0.00000000000000000000e+00	 0.00000000000000000000e+00	 0.00000000000000000000e+00	 0.00000000000000000000e+00	 0.00000000000000000000e+00	 0.00000000000000000000e+00	 0.00000000000000000000e+00	 
 4.12000000000000010658e+00	 0.00000000000000000000e+00	 0.00000000000000000000e+00	 0.00000000000000000000e+00	 0.00000000000000000000e+00	 0.00000000000000000000e+00	 0.00000000000000000000e+00	 0.00000000000000000000e+00	 0.00000000000000000000e+00	 0.00000000000000000000e+00	 0.00000000000000000000e+00	 0.00000000000000000000e+00	 0.00000000000000000000e+00	 0.00000000000000000000e+00	 0.00000000000000000000e+00	 
 4.14000000000000056843e+00	 0.00000000000000000000e+00	 0.00000000000000000000e+00	 0.00000000000000000000e+00	 0.00000000000000000000e+00	 0.00000000000000000000e+00	 0.00000000000000000000e+00	 0.00000000000000000000e+00	 0.00000000000000000000e+00	 0.00000000000000000000e+00	 0.00000000000000000000e+00	 0.00000000000000000000e+00	 0.00000000000000000000e+00	 0.00000000000000000000e+00	 0.00000000000000000000e+00	 
 4.16000000000000014211e+00	 0.00000000000000000000e+00	 0.00000000000000000000e+00	 0.00000000000000000000e+00	 0.00000000000000000000e+00	 0.00000000000000000000e+00	 0.00000000000000000000e+00	 0.00000000000000000000e+00	 0.00000000000000000000e+00	 0.00000000000000000000e+00	 0.00000000000000000000e+00	 0.00000000000000000000e+00	 0.00000000000000000000e+00	 0.00000000000000000000e+00	 0.00000000000000000000e+00	 
 4.17999999999999971578e+00	 0.00000000000000000000e+00	 0.00000000000000000000e+00	 0.00000000000000000000e+00	 0.00000000000000000000e+00	 0.00000000000000000000e+00	 0.00000000000000000000e+00	 0.00000000000000000000e+00	 0.00000000000000000000e+00	 0.00000000000000000000e+00	 0.00000000000000000000e+00	 0.00000000000000000000e+00	 0.00000000000000000000e+00	 0.00000000000000000000e+00	 0.00000000000000000000e+00	 
 4.20000000000000017764e+00	 0.00000000000000000000e+00	 0.00000000000000000000e+00	 0.00000000000000000000e+00	 0.00000000000000000000e+00	 0.00000000000000000000e+00	 0.00000000000000000000e+00	 0.00000000000000000000e+00	 0.00000000000000000000e+00	 0.00000000000000000000e+00	 0.00000000000000000000e+00	 0.00000000000000000000e+00	 0.00000000000000000000e+00	 0.00000000000000000000e+00	 0.00000000000000000000e+00	 
 4.21999999999999975131e+00	 0.00000000000000000000e+00	 0.00000000000000000000e+00	 0.00000000000000000000e+00	 0.00000000000000000000e+00	 0.00000000000000000000e+00	 0.00000000000000000000e+00	 0.00000000000000000000e+00	 0.00000000000000000000e+00	 0.00000000000000000000e+00	 0.00000000000000000000e+00	 0.00000000000000000000e+00	 0.00000000000000000000e+00	 0.00000000000000000000e+00	 0.00000000000000000000e+00	 
 4.24000000000000021316e+00	 0.00000000000000000000e+00	 0.00000000000000000000e+00	 0.00000000000000000000e+00	 0.00000000000000000000e+00	 0.00000000000000000000e+00	 0.00000000000000000000e+00	 0.00000000000000000000e+00	 0.00000000000000000000e+00	 0.00000000000000000000e+00	 0.00000000000000000000e+00	 0.00000000000000000000e+00	 0.00000000000000000000e+00	 0.00000000000000000000e+00	 0.00000000000000000000e+00	 
 4.25999999999999978684e+00	 0.00000000000000000000e+00	 0.00000000000000000000e+00	 0.00000000000000000000e+00	 0.00000000000000000000e+00	 0.00000000000000000000e+00	 0.00000000000000000000e+00	 0.00000000000000000000e+00	 0.00000000000000000000e+00	 0.00000000000000000000e+00	 0.00000000000000000000e+00	 0.00000000000000000000e+00	 0.00000000000000000000e+00	 0.00000000000000000000e+00	 0.00000000000000000000e+00	 
 4.28000000000000024869e+00	 0.00000000000000000000e+00	 0.00000000000000000000e+00	 0.00000000000000000000e+00	 0.00000000000000000000e+00	 0.00000000000000000000e+00	 0.00000000000000000000e+00	 0.00000000000000000000e+00	 0.00000000000000000000e+00	 0.00000000000000000000e+00	 0.00000000000000000000e+00	 0.00000000000000000000e+00	 0.00000000000000000000e+00	 0.00000000000000000000e+00	 0.00000000000000000000e+00	 
 4.29999999999999982236e+00	 0.00000000000000000000e+00	 0.00000000000000000000e+00	 0.00000000000000000000e+00	 0.00000000000000000000e+00	 0.00000000000000000000e+00	 0.00000000000000000000e+00	 0.00000000000000000000e+00	 0.00000000000000000000e+00	 0.00000000000000000000e+00	 0.00000000000000000000e+00	 0.00000000000000000000e+00	 0.00000000000000000000e+00	 0.00000000000000000000e+00	 0.00000000000000000000e+00	 
 4.32000000000000028422e+00	 0.00000000000000000000e+00	 0.00000000000000000000e+00	 0.00000000000000000000e+00	 0.00000000000000000000e+00	 0.00000000000000000000e+00	 0.00000000000000000000e+00	 0.00000000000000000000e+00	 0.00000000000000000000e+00	 0.00000000000000000000e+00	 0.00000000000000000000e+00	 0.00000000000000000000e+00	 0.00000000000000000000e+00	 0.00000000000000000000e+00	 0.00000000000000000000e+00	 
 4.33999999999999985789e+00	 0.00000000000000000000e+00	 0.00000000000000000000e+00	 0.00000000000000000000e+00	 0.00000000000000000000e+00	 0.00000000000000000000e+00	 0.00000000000000000000e+00	 0.00000000000000000000e+00	 0.00000000000000000000e+00	 0.00000000000000000000e+00	 0.00000000000000000000e+00	 0.00000000000000000000e+00	 0.00000000000000000000e+00	 0.00000000000000000000e+00	 0.00000000000000000000e+00	 
 4.36000000000000031974e+00	 0.00000000000000000000e+00	 0.00000000000000000000e+00	 0.00000000000000000000e+00	 0.00000000000000000000e+00	 0.00000000000000000000e+00	 0.00000000000000000000e+00	 0.00000000000000000000e+00	 0.00000000000000000000e+00	 0.00000000000000000000e+00	 0.00000000000000000000e+00	 0.00000000000000000000e+00	 0.00000000000000000000e+00	 0.00000000000000000000e+00	 0.00000000000000000000e+00	 
 4.37999999999999989342e+00	 0.00000000000000000000e+00	 0.00000000000000000000e+00	 0.00000000000000000000e+00	 0.00000000000000000000e+00	 0.00000000000000000000e+00	 0.00000000000000000000e+00	 0.00000000000000000000e+00	 0.00000000000000000000e+00	 0.00000000000000000000e+00	 0.00000000000000000000e+00	 0.00000000000000000000e+00	 0.00000000000000000000e+00	 0.00000000000000000000e+00	 0.00000000000000000000e+00	 
 4.40000000000000035527e+00	 0.00000000000000000000e+00	 0.00000000000000000000e+00	 0.00000000000000000000e+00	 0.00000000000000000000e+00	 0.00000000000000000000e+00	 0.00000000000000000000e+00	 0.00000000000000000000e+00	 0.00000000000000000000e+00	 0.00000000000000000000e+00	 0.00000000000000000000e+00	 0.00000000000000000000e+00	 0.00000000000000000000e+00	 0.00000000000000000000e+00	 0.00000000000000000000e+00	 
 4.41999999999999992895e+00	 0.00000000000000000000e+00	 0.00000000000000000000e+00	 0.00000000000000000000e+00	 0.00000000000000000000e+00	 0.00000000000000000000e+00	 0.00000000000000000000e+00	 0.00000000000000000000e+00	 0.00000000000000000000e+00	 0.00000000000000000000e+00	 0.00000000000000000000e+00	 0.00000000000000000000e+00	 0.00000000000000000000e+00	 0.00000000000000000000e+00	 0.00000000000000000000e+00	 
 4.43999999999999950262e+00	 0.00000000000000000000e+00	 0.00000000000000000000e+00	 0.00000000000000000000e+00	 0.00000000000000000000e+00	 0.00000000000000000000e+00	 0.00000000000000000000e+00	 0.00000000000000000000e+00	 0.00000000000000000000e+00	 0.00000000000000000000e+00	 0.00000000000000000000e+00	 0.00000000000000000000e+00	 0.00000000000000000000e+00	 0.00000000000000000000e+00	 0.00000000000000000000e+00	 
 4.45999999999999996447e+00	 0.00000000000000000000e+00	 0.00000000000000000000e+00	 0.00000000000000000000e+00	 0.00000000000000000000e+00	 0.00000000000000000000e+00	 0.00000000000000000000e+00	 0.00000000000000000000e+00	 0.00000000000000000000e+00	 0.00000000000000000000e+00	 0.00000000000000000000e+00	 0.00000000000000000000e+00	 0.00000000000000000000e+00	 0.00000000000000000000e+00	 0.00000000000000000000e+00	 
 4.47999999999999953815e+00	 0.00000000000000000000e+00	 0.00000000000000000000e+00	 0.00000000000000000000e+00	 0.00000000000000000000e+00	 0.00000000000000000000e+00	 0.00000000000000000000e+00	 0.00000000000000000000e+00	 0.00000000000000000000e+00	 0.00000000000000000000e+00	 0.00000000000000000000e+00	 0.00000000000000000000e+00	 0.00000000000000000000e+00	 0.00000000000000000000e+00	 0.00000000000000000000e+00	 
 4.50000000000000000000e+00	 0.00000000000000000000e+00	 0.00000000000000000000e+00	 0.00000000000000000000e+00	 0.00000000000000000000e+00	 0.00000000000000000000e+00	 0.00000000000000000000e+00	 0.00000000000000000000e+00	 0.00000000000000000000e+00	 0.00000000000000000000e+00	 0.00000000000000000000e+00	 0.00000000000000000000e+00	 0.00000000000000000000e+00	 0.00000000000000000000e+00	 0.00000000000000000000e+00	 
 4.52000000000000046185e+00	 0.00000000000000000000e+00	 0.00000000000000000000e+00	 0.00000000000000000000e+00	 0.00000000000000000000e+00	 0.00000000000000000000e+00	 0.00000000000000000000e+00	 0.00000000000000000000e+00	 0.00000000000000000000e+00	 0.00000000000000000000e+00	 0.00000000000000000000e+00	 0.00000000000000000000e+00	 0.00000000000000000000e+00	 0.00000000000000000000e+00	 0.00000000000000000000e+00	 
 4.54000000000000003553e+00	 0.00000000000000000000e+00	 0.00000000000000000000e+00	 0.00000000000000000000e+00	 0.00000000000000000000e+00	 0.00000000000000000000e+00	 0.00000000000000000000e+00	 0.00000000000000000000e+00	 0.00000000000000000000e+00	 0.00000000000000000000e+00	 0.00000000000000000000e+00	 0.00000000000000000000e+00	 0.00000000000000000000e+00	 0.00000000000000000000e+00	 0.00000000000000000000e+00	 
 4.55999999999999960920e+00	 0.00000000000000000000e+00	 0.00000000000000000000e+00	 0.00000000000000000000e+00	 0.00000000000000000000e+00	 0.00000000000000000000e+00	 0.00000000000000000000e+00	 0.00000000000000000000e+00	 0.00000000000000000000e+00	 0.00000000000000000000e+00	 0.00000000000000000000e+00	 0.00000000000000000000e+00	 0.00000000000000000000e+00	 0.00000000000000000000e+00	 0.00000000000000000000e+00	 
 4.58000000000000007105e+00	 0.00000000000000000000e+00	 0.00000000000000000000e+00	 0.00000000000000000000e+00	 0.00000000000000000000e+00	 0.00000000000000000000e+00	 0.00000000000000000000e+00	 0.00000000000000000000e+00	 0.00000000000000000000e+00	 0.00000000000000000000e+00	 0.00000000000000000000e+00	 0.00000000000000000000e+00	 0.00000000000000000000e+00	 0.00000000000000000000e+00	 0.00000000000000000000e+00	 
 4.60000000000000053291e+00	 0.00000000000000000000e+00	 0.00000000000000000000e+00	 0.00000000000000000000e+00	 0.00000000000000000000e+00	 0.00000000000000000000e+00	 0.00000000000000000000e+00	 0.00000000000000000000e+00	 0.00000000000000000000e+00	 0.00000000000000000000e+00	 0.00000000000000000000e+00	 0.00000000000000000000e+00	 0.00000000000000000000e+00	 0.00000000000000000000e+00	 0.00000000000000000000e+00	 
 4.62000000000000010658e+00	 0.00000000000000000000e+00	 0.00000000000000000000e+00	 0.00000000000000000000e+00	 0.00000000000000000000e+00	 0.00000000000000000000e+00	 0.00000000000000000000e+00	 0.00000000000000000000e+00	 0.00000000000000000000e+00	 0.00000000000000000000e+00	 0.00000000000000000000e+00	 0.00000000000000000000e+00	 0.00000000000000000000e+00	 0.00000000000000000000e+00	 0.00000000000000000000e+00	 
 4.63999999999999968026e+00	 0.00000000000000000000e+00	 0.00000000000000000000e+00	 0.00000000000000000000e+00	 0.00000000000000000000e+00	 0.00000000000000000000e+00	 0.00000000000000000000e+00	 0.00000000000000000000e+00	 0.00000000000000000000e+00	 0.00000000000000000000e+00	 0.00000000000000000000e+00	 0.00000000000000000000e+00	 0.00000000000000000000e+00	 0.00000000000000000000e+00	 0.00000000000000000000e+00	 
 4.66000000000000014211e+00	 0.00000000000000000000e+00	 0.00000000000000000000e+00	 0.00000000000000000000e+00	 0.00000000000000000000e+00	 0.00000000000000000000e+00	 0.00000000000000000000e+00	 0.00000000000000000000e+00	 0.00000000000000000000e+00	 0.00000000000000000000e+00	 0.00000000000000000000e+00	 0.00000000000000000000e+00	 0.00000000000000000000e+00	 0.00000000000000000000e+00	 0.00000000000000000000e+00	 
 4.67999999999999971578e+00	 0.00000000000000000000e+00	 0.00000000000000000000e+00	 0.00000000000000000000e+00	 0.00000000000000000000e+00	 0.00000000000000000000e+00	 0.00000000000000000000e+00	 0.00000000000000000000e+00	 0.00000000000000000000e+00	 0.00000000000000000000e+00	 0.00000000000000000000e+00	 0.00000000000000000000e+00	 0.00000000000000000000e+00	 0.00000000000000000000e+00	 0.00000000000000000000e+00	 
 4.69999999999999928946e+00	 0.00000000000000000000e+00	 0.00000000000000000000e+00	 0.00000000000000000000e+00	 0.00000000000000000000e+00	 0.00000000000000000000e+00	 0.00000000000000000000e+00	 0.00000000000000000000e+00	 0.00000000000000000000e+00	 0.00000000000000000000e+00	 0.00000000000000000000e+00	 0.00000000000000000000e+00	 0.00000000000000000000e+00	 0.00000000000000000000e+00	 0.00000000000000000000e+00	 
 4.72000000000000063949e+00	 0.00000000000000000000e+00	 0.00000000000000000000e+00	 0.00000000000000000000e+00	 0.00000000000000000000e+00	 0.00000000000000000000e+00	 0.00000000000000000000e+00	 0.00000000000000000000e+00	 0.00000000000000000000e+00	 0.00000000000000000000e+00	 0.00000000000000000000e+00	 0.00000000000000000000e+00	 0.00000000000000000000e+00	 0.00000000000000000000e+00	 0.00000000000000000000e+00	 
 4.74000000000000021316e+00	 0.00000000000000000000e+00	 0.00000000000000000000e+00	 0.00000000000000000000e+00	 0.00000000000000000000e+00	 0.00000000000000000000e+00	 0.00000000000000000000e+00	 0.00000000000000000000e+00	 0.00000000000000000000e+00	 0.00000000000000000000e+00	 0.00000000000000000000e+00	 0.00000000000000000000e+00	 0.00000000000000000000e+00	 0.00000000000000000000e+00	 0.00000000000000000000e+00	 
 4.75999999999999978684e+00	 0.00000000000000000000e+00	 0.00000000000000000000e+00	 0.00000000000000000000e+00	 0.00000000000000000000e+00	 0.00000000000000000000e+00	 0.00000000000000000000e+00	 0.00000000000000000000e+00	 0.00000000000000000000e+00	 0.00000000000000000000e+00	 0.00000000000000000000e+00	 0.00000000000000000000e+00	 0.00000000000000000000e+00	 0.00000000000000000000e+00	 0.00000000000000000000e+00	 
 4.78000000000000024869e+00	 0.00000000000000000000e+00	 0.00000000000000000000e+00	 0.00000000000000000000e+00	 0.00000000000000000000e+00	 0.00000000000000000000e+00	 0.00000000000000000000e+00	 0.00000000000000000000e+00	 0.00000000000000000000e+00	 0.00000000000000000000e+00	 0.00000000000000000000e+00	 0.00000000000000000000e+00	 0.00000000000000000000e+00	 0.00000000000000000000e+00	 0.00000000000000000000e+00	 
 4.79999999999999982236e+00	 0.00000000000000000000e+00	 0.00000000000000000000e+00	 0.00000000000000000000e+00	 0.00000000000000000000e+00	 0.00000000000000000000e+00	 0.00000000000000000000e+00	 0.00000000000000000000e+00	 0.00000000000000000000e+00	 0.00000000000000000000e+00	 0.00000000000000000000e+00	 0.00000000000000000000e+00	 0.00000000000000000000e+00	 0.00000000000000000000e+00	 0.00000000000000000000e+00	 
 4.81999999999999939604e+00	 0.00000000000000000000e+00	 0.00000000000000000000e+00	 0.00000000000000000000e+00	 0.00000000000000000000e+00	 0.00000000000000000000e+00	 0.00000000000000000000e+00	 0.00000000000000000000e+00	 0.00000000000000000000e+00	 0.00000000000000000000e+00	 0.00000000000000000000e+00	 0.00000000000000000000e+00	 0.00000000000000000000e+00	 0.00000000000000000000e+00	 0.00000000000000000000e+00	 
 4.84000000000000074607e+00	 0.00000000000000000000e+00	 0.00000000000000000000e+00	 0.00000000000000000000e+00	 0.00000000000000000000e+00	 0.00000000000000000000e+00	 0.00000000000000000000e+00	 0.00000000000000000000e+00	 0.00000000000000000000e+00	 0.00000000000000000000e+00	 0.00000000000000000000e+00	 0.00000000000000000000e+00	 0.00000000000000000000e+00	 0.00000000000000000000e+00	 0.00000000000000000000e+00	 
 4.86000000000000031974e+00	 0.00000000000000000000e+00	 0.00000000000000000000e+00	 0.00000000000000000000e+00	 0.00000000000000000000e+00	 0.00000000000000000000e+00	 0.00000000000000000000e+00	 0.00000000000000000000e+00	 0.00000000000000000000e+00	 0.00000000000000000000e+00	 0.00000000000000000000e+00	 0.00000000000000000000e+00	 0.00000000000000000000e+00	 0.00000000000000000000e+00	 0.00000000000000000000e+00	 
 4.87999999999999989342e+00	 0.00000000000000000000e+00	 0.00000000000000000000e+00	 0.00000000000000000000e+00	 0.00000000000000000000e+00	 0.00000000000000000000e+00	 0.00000000000000000000e+00	 0.00000000000000000000e+00	 0.00000000000000000000e+00	 0.00000000000000000000e+00	 0.00000000000000000000e+00	 0.00000000000000000000e+00	 0.00000000000000000000e+00	 0.00000000000000000000e+00	 0.00000000000000000000e+00	 
 4.89999999999999946709e+00	 0.00000000000000000000e+00	 0.00000000000000000000e+00	 0.00000000000000000000e+00	 0.00000000000000000000e+00	 0.00000000000000000000e+00	 0.00000000000000000000e+00	 0.00000000000000000000e+00	 0.00000000000000000000e+00	 0.00000000000000000000e+00	 0.00000000000000000000e+00	 0.00000000000000000000e+00	 0.00000000000000000000e+00	 0.00000000000000000000e+00	 0.00000000000000000000e+00	 
 4.91999999999999992895e+00	 0.00000000000000000000e+00	 0.00000000000000000000e+00	 0.00000000000000000000e+00	 0.00000000000000000000e+00	 0.00000000000000000000e+00	 0.00000000000000000000e+00	 0.00000000000000000000e+00	 0.00000000000000000000e+00	 0.00000000000000000000e+00	 0.00000000000000000000e+00	 0.00000000000000000000e+00	 0.00000000000000000000e+00	 0.00000000000000000000e+00	 0.00000000000000000000e+00	 
 4.93999999999999950262e+00	 0.00000000000000000000e+00	 0.00000000000000000000e+00	 0.00000000000000000000e+00	 0.00000000000000000000e+00	 0.00000000000000000000e+00	 0.00000000000000000000e+00	 0.00000000000000000000e+00	 0.00000000000000000000e+00	 0.00000000000000000000e+00	 0.00000000000000000000e+00	 0.00000000000000000000e+00	 0.00000000000000000000e+00	 0.00000000000000000000e+00	 0.00000000000000000000e+00	 
 4.95999999999999996447e+00	 0.00000000000000000000e+00	 0.00000000000000000000e+00	 0.00000000000000000000e+00	 0.00000000000000000000e+00	 0.00000000000000000000e+00	 0.00000000000000000000e+00	 0.00000000000000000000e+00	 0.00000000000000000000e+00	 0.00000000000000000000e+00	 0.00000000000000000000e+00	 0.00000000000000000000e+00	 0.00000000000000000000e+00	 0.00000000000000000000e+00	 0.00000000000000000000e+00	 
 4.98000000000000042633e+00	 0.00000000000000000000e+00	 0.00000000000000000000e+00	 0.00000000000000000000e+00	 0.00000000000000000000e+00	 0.00000000000000000000e+00	 0.00000000000000000000e+00	 0.00000000000000000000e+00	 0.00000000000000000000e+00	 0.00000000000000000000e+00	 0.00000000000000000000e+00	 0.00000000000000000000e+00	 0.00000000000000000000e+00	 0.00000000000000000000e+00	 0.00000000000000000000e+00	 
 5.00000000000000000000e+00	 0.00000000000000000000e+00	 0.00000000000000000000e+00	 0.00000000000000000000e+00	 0.00000000000000000000e+00	 0.00000000000000000000e+00	 0.00000000000000000000e+00	 0.00000000000000000000e+00	 0.00000000000000000000e+00	 0.00000000000000000000e+00	 0.00000000000000000000e+00	 0.00000000000000000000e+00	 0.00000000000000000000e+00	 0.00000000000000000000e+00	 0.00000000000000000000e+00	 
