 -1.00000000000000000000e+00	 1.85784726801153870421e-10	 1.85391377711608235385e-10	 1.85804864672464476805e-10	 2.19613904590723185694e-08	 2.19605324930445083312e-08	 2.19271795631642273011e-08	 2.19430728614773105749e-08	 8.26676718738423743279e-09	 7.76024487658204865917e-09	 2.17979076274764002080e-08	 2.60262692772429855297e-10	 4.71071723653474701133e-10	 4.71010762718355565729e-10	 4.71073626403899647194e-10	 
 -9.79999999999999982236e-01	 1.90373264125956557376e-10	 1.89970242577797744169e-10	 1.90394272587938122381e-10	 2.25293063786755099601e-08	 2.25283208341170491274e-08	 2.24941248964283809205e-08	 2.25098982188814513482e-08	 8.48017785134718285462e-09	 7.96070104157767920807e-09	 2.23616167821436179717e-08	 2.66603150002476744969e-10	 4.82713615057618563574e-10	 4.82651102073752365166e-10	 4.82715579776685348122e-10	 
 -9.59999999999999964473e-01	 1.95044514594469956236e-10	 1.94631646228356505476e-10	 1.95066418888666567924e-10	 2.31080086904221471421e-08	 2.31068912129524454501e-08	 2.30718366653158460432e-08	 2.30874764614875409460e-08	 8.69763353447905034677e-09	 8.16495919773353262032e-09	 2.29360335037387473123e-08	 2.73055967433326205673e-10	 4.94565511402326980071e-10	 4.94501417230097330758e-10	 4.94567539506610216054e-10	 
 -9.39999999999999946709e-01	 1.99797991957475215107e-10	 1.99375102235051039105e-10	 1.99820819445649554288e-10	 2.36974563495578713926e-08	 2.36962028362949459077e-08	 2.36602741661010725886e-08	 2.36757660731154153950e-08	 8.91911764460455293079e-09	 8.37300385983109154510e-09	 2.35211179043963910198e-08	 2.79620348168739552475e-10	 5.06626173048801763059e-10	 5.06560468466580108939e-10	 5.06628265927968912069e-10	 
 -9.19999999999999928946e-01	 2.04633071989911225145e-10	 2.04199985716640888082e-10	 2.04656849836153561823e-10	 2.42975912883841812622e-08	 2.42961973765925734257e-08	 2.42593792103422598646e-08	 2.42747083181018338895e-08	 9.14460697265351544567e-09	 8.58481331700430601521e-09	 2.41168126661106104927e-08	 2.86295319102544212266e-10	 5.18894046091924297541e-10	 5.18826701902169687547e-10	 5.18896205068534795451e-10	 
 -9.00000000000000022204e-01	 2.09548989978513429143e-10	 2.09105530764620122403e-10	 2.09573743474997095134e-10	 2.49083371976321644471e-08	 2.49067979275608533804e-08	 2.48690750786063945490e-08	 2.48842261119777214731e-08	 9.37407123860809058540e-09	 8.80035920569426641080e-09	 2.47230420564604163397e-08	 2.93079724818543509088e-10	 5.31367249562066645659e-10	 5.31298236662278079179e-10	 5.31369475856124008044e-10	 
 -8.80000000000000115463e-01	 2.14544833372777222592e-10	 2.14090822680143290987e-10	 2.14570584699450345150e-10	 2.55295980770004186695e-08	 2.55279077571648679655e-08	 2.54892652736044029522e-08	 2.55042226819312663397e-08	 9.60747255486784261706e-09	 9.01960600533415442322e-09	 2.53397107582122261626e-08	 2.99972220390488148096e-10	 5.44043560353793784344e-10	 5.43972849763796728281e-10	 5.44045855050120155560e-10	 
 -8.59999999999999986677e-01	 2.19619565189098749324e-10	 2.19154825054714094905e-10	 2.19646335135947130068e-10	 2.61612577711896644726e-08	 2.61594104168397640655e-08	 2.61198336433097821069e-08	 2.61345814053741504213e-08	 9.84476537784716464943e-09	 9.24251096108178753007e-09	 2.59667030542722809793e-08	 3.06971269446017081882e-10	 5.56920399252444929899e-10	 5.56847962287995746331e-10	 5.56922763438140406308e-10	 
 -8.40000000000000079936e-01	 2.24772013753400969791e-10	 2.24296368496868175616e-10	 2.24799822587735014549e-10	 2.68031787657071557306e-08	 2.68011683622982925211e-08	 2.67606430043178654915e-08	 2.67751645312631069893e-08	 1.00858959894953902641e-08	 9.46902360172953824423e-09	 2.66038817122530378675e-08	 3.14075139673738952635e-10	 5.69994824538379762578e-10	 5.69920632946364864364e-10	 5.69997259390676831823e-10	 
 -8.20000000000000062172e-01	 2.30000859777875754942e-10	 2.29514136515056726934e-10	 2.30029727070306019283e-10	 2.74552007200898739677e-08	 2.74530212838691372056e-08	 2.74115334786489391708e-08	 2.74258116355586446688e-08	 1.03308018755134253355e-08	 9.69908516130686699471e-09	 2.72510866089194271131e-08	 3.21281896925522005784e-10	 5.83263523130886451141e-10	 5.83187549182810668342e-10	 5.83266029948344007019e-10	 
 -8.00000000000000044409e-01	 2.35304662985810402883e-10	 2.34806694273599350833e-10	 2.35334608782575855156e-10	 2.81171404533777511853e-08	 2.81147872189412504677e-08	 2.80723228429819972097e-08	 2.80863397972760908913e-08	 1.05794117883936788214e-08	 9.93262861985351862910e-09	 2.79081362106493990540e-08	 3.28589405394895493124e-10	 5.96722811811817525297e-10	 5.96645028303671446082e-10	 5.96725391934313270572e-10	 
 -7.80000000000000026645e-01	 2.40681852248125283265e-10	 2.40172478208048595273e-10	 2.40712897857740438620e-10	 2.87887904999120226865e-08	 2.87862608305373021923e-08	 2.87428050155590179140e-08	 2.87565421394893827124e-08	 1.08316451565919785163e-08	 1.01695781459089017745e-08	 2.85748257014678734905e-08	 3.35995324999356439579e-10	 6.10368629974415748409e-10	 6.10289010261823657263e-10	 6.10371284738620303217e-10	 
 -7.60000000000000008882e-01	 2.46130713050992271402e-10	 2.45609782889380855256e-10	 2.46162881377177462181e-10	 2.94699173130720579334e-08	 2.94672113181459450877e-08	 2.94227482011060866883e-08	 2.94361860353430347827e-08	 1.10874113654916799347e-08	 1.04098484173951581875e-08	 2.92509246969772297452e-08	 3.43497106780517104868e-10	 6.24196528016162320156e-10	 6.24115046094365393231e-10	 6.24199258753326410460e-10	 
 -7.39999999999999991118e-01	 2.51649364652771156663e-10	 2.51116730944221002203e-10	 2.51682676589374688258e-10	 3.01602633622477362449e-08	 3.01573815659486394482e-08	 3.01118956084523416514e-08	 3.01250135501710678442e-08	 1.13466101318259531514e-08	 1.06533449733582018660e-08	 2.99361771890341669677e-08	 3.51091994788599900849e-10	 6.38201679884663070627e-10	 6.38118310280690179045e-10	 6.38204487748430164350e-10	 
 -7.19999999999999973355e-01	 2.57235767292658078423e-10	 2.56691282461149596315e-10	 2.57270239233692917500e-10	 3.08595449766063432377e-08	 3.08564868960780520188e-08	 3.08099637309862842952e-08	 3.08227397907663058028e-08	 1.16091307734909510884e-08	 1.08999635164570527049e-08	 3.06303000377215468891e-08	 3.58777025743012874443e-10	 6.52378877024147797789e-10	 6.52293594744434502144e-10	 6.52381762862039085542e-10	 
 -6.99999999999999955591e-01	 2.62887728792321195526e-10	 2.62331244102511182647e-10	 2.62923371377358731669e-10	 3.15674496895066978876e-08	 3.15642134747976372914e-08	 3.15166402073466919974e-08	 3.15290508368401630645e-08	 1.18748513144288400187e-08	 1.11495890576401456434e-08	 3.13329810647704097939e-08	 3.66549025765839059563e-10	 6.66722516035226550332e-10	 6.66635296575733277342e-10	 6.66725480305480962918e-10	 
 -6.79999999999999937828e-01	 2.68602858724410107183e-10	 2.68034225917737974485e-10	 2.68639682717801098198e-10	 3.22836373239081120453e-08	 3.22802189515821761653e-08	 3.22315840752646809674e-08	 3.22436045031715978056e-08	 1.21436391114668575996e-08	 1.14020965987907772343e-08	 3.20438824726340557720e-08	 3.74404614056253666675e-10	 6.81226478203053174195e-10	 6.81137297644340425727e-10	 6.81229521194860394989e-10	 
 -6.60000000000000031086e-01	 2.74378581466846690298e-10	 2.73797653410756782545e-10	 2.74416601506958747640e-10	 3.30077380160168001378e-08	 3.30041305216625822561e-08	 3.29544239974172456445e-08	 3.29660283970106102705e-08	 1.24153499838034890094e-08	 1.16573502742051242614e-08	 3.27626381577945327577e-08	 3.82340204537758888437e-10	 6.95884162258081789434e-10	 6.95792997328988677415e-10	 6.95887284215600099458e-10	 
 -6.40000000000000013323e-01	 2.80212146201015531324e-10	 2.79618776293822648347e-10	 2.80251382151538219632e-10	 3.37393497279905503628e-08	 3.37355424462245448891e-08	 3.36847559904256509435e-08	 3.36959174441586362300e-08	 1.26898271406877397639e-08	 1.19152022961060566499e-08	 3.34888504006106395486e-08	 3.90352003017852212850e-10	 7.10688509331486002481e-10	 7.10595337433045591364e-10	 7.10691710466302618958e-10	 
 -6.19999999999999884537e-01	 2.86100713117330106682e-10	 2.85494756130840476041e-10	 2.86141185755415778865e-10	 3.44780395342309146394e-08	 3.44740222282224482535e-08	 3.44221481271734965774e-08	 3.44328378462069501816e-08	 1.29669023212580932791e-08	 1.21754940045301374843e-08	 3.42220910341219806730e-08	 3.98436033104699145564e-10	 7.25632237137196614003e-10	 7.25537036473181048054e-10	 7.25635517630297827779e-10	 
 -5.99999999999999977796e-01	 2.92041327938553609987e-10	 2.91422640302205666682e-10	 2.92083056440582858521e-10	 3.52233412770657839846e-08	 3.52191067753930975220e-08	 3.51661371551997088605e-08	 3.51763239008243739657e-08	 1.32463946675445893324e-08	 1.24380548020739961068e-08	 3.49618992161913589990e-08	 4.06588133267863949231e-10	 7.40707768727079891582e-10	 7.40610518401112019179e-10	 7.40711128736823330472e-10	 
 -5.79999999999999849010e-01	 2.98030887238052917902e-10	 2.97399326634257705280e-10	 2.98073888757260385926e-10	 3.59747525832702258711e-08	 3.59702977000967878333e-08	 3.59162243241459968232e-08	 3.59258740511108082152e-08	 1.35281093421939045539e-08	 1.27027008489185286072e-08	 3.57077786074812564690e-08	 4.14803946754526439262e-10	 7.55907137004808787385e-10	 7.55807817079833965521e-10	 7.55910576684396469243e-10	 
 -5.60000000000000053291e-01	 3.04066160761561120695e-10	 3.03421587654630157660e-10	 3.04110453999463276943e-10	 3.67317403384157922020e-08	 3.67270658503389163095e-08	 3.66718773025978513894e-08	 3.66809542767298407293e-08	 1.38118393715534108929e-08	 1.29692368139411676181e-08	 3.64591998164460412656e-08	 4.23078952558705254233e-10	 7.71222049396982626826e-10	 7.71120640914118099314e-10	 7.71225569056882112118e-10	 
 -5.40000000000000035527e-01	 3.10143787029325539732e-10	 3.09486065538881110169e-10	 3.10189394634896058393e-10	 3.74937366031234771858e-08	 3.74888476805176120483e-08	 3.74325272291620571981e-08	 3.74409946671303645535e-08	 1.40973641472775797409e-08	 1.32374544447065997351e-08	 3.72155972695694078513e-08	 4.31408461807084178635e-10	 7.86643872724622362226e-10	 7.86540357735081881854e-10	 7.86647472959988137130e-10	 
 -5.20000000000000017764e-01	 3.16260262080796066301e-10	 3.15589260109296413342e-10	 3.16307211749394295953e-10	 3.82601335802924179862e-08	 3.82550407901389554579e-08	 3.81975649987871341418e-08	 3.82053851505171366148e-08	 1.43844476077401278815e-08	 1.35071308346009734138e-08	 3.79763652783703000313e-08	 4.39787604672311128376e-10	 8.02163600672080379433e-10	 8.02057962286079297123e-10	 8.02167282456187524942e-10	 
 -5.00000000000000000000e-01	 3.22411951466401623237e-10	 3.21727541463487681712e-10	 3.22460266574504829051e-10	 3.90302880732583231006e-08	 3.90250075238556848398e-08	 3.89663510889283635929e-08	 3.89734838352719008269e-08	 1.46728411944232896941e-08	 1.37780312013949253355e-08	 3.87408678302605466797e-08	 4.48211343496902078615e-10	 8.17772078573925653124e-10	 8.17664301136724597827e-10	 8.17775842887282117507e-10	 
 -4.79999999999999926725e-01	 3.28595086606383878221e-10	 3.27897146149338328569e-10	 3.28644779979574075595e-10	 3.98035170135357967630e-08	 3.97980709389893380248e-08	 3.97382094751116578692e-08	 3.97446113728381164741e-08	 1.49622817738270151890e-08	 1.40499069153049045005e-08	 3.95084325087031239369e-08	 4.56674471783927998231e-10	 8.33459938438436007038e-10	 8.33350007671425844983e-10	 8.33463786046307727203e-10	 
 -4.59999999999999964473e-01	 3.34805752225893702104e-10	 3.34094164437674632406e-10	 3.34856823360729383192e-10	 4.05790919597621483163e-08	 4.05735098486788601930e-08	 4.05124202989525633965e-08	 4.05180441347537106185e-08	 1.52524891537489771978e-08	 1.43224931448090363423e-08	 4.02783431602308720192e-08	 4.65171600786970898428e-10	 8.49217508229467215780e-10	 8.49105411336206780767e-10	 8.49221439629384822013e-10	 
 -4.40000000000000002220e-01	 3.41039994803433422619e-10	 3.40314663063663900043e-10	 3.41092448198042056678e-10	 4.13562574647184349742e-08	 4.13505640921095167035e-08	 4.12882292597972892868e-08	 4.12930274169326022456e-08	 1.55431700580151628104e-08	 1.45955126895797731996e-08	 4.10498501123351030884e-08	 4.73697345110123991582e-10	 8.65034598601068092971e-10	 8.64920325375867714202e-10	 8.65038615268931178157e-10	 
 -4.19999999999999984457e-01	 3.47293784876638009930e-10	 3.46554643518186189440e-10	 3.47347641825268606964e-10	 4.21342213137495596221e-08	 4.21284287917538458826e-08	 4.20648407632966019377e-08	 4.20687673968227526241e-08	 1.58340153824781007454e-08	 1.48686733502103635441e-08	 4.18221630710923863784e-08	 4.82246263955884729748e-10	 8.80900560136681505290e-10	 8.80784103802735801431e-10	 8.80904665393879756748e-10	 
 -3.99999999999999911182e-01	 3.53562965024255201303e-10	 3.52809985796548025915e-10	 3.53618268124769155668e-10	 4.29121430111099190249e-08	 4.29062474126950750177e-08	 4.28414097567221563972e-08	 4.28444216055151689236e-08	 1.61246969613094703988e-08	 1.51416648323467124499e-08	 4.25944426667265850302e-08	 4.90812781630853952414e-10	 8.96804323791006235921e-10	 8.96685681561481374542e-10	 8.96808523263907098734e-10	 
 -3.80000000000000004441e-01	 3.59843148793478330397e-10	 3.59076339203070412693e-10	 3.59899943588333650433e-10	 4.36891454312969128505e-08	 4.36831358278685569851e-08	 4.36170555693335730902e-08	 4.36191101209588694746e-08	 1.64148730971740724278e-08	 1.54141640601429268217e-08	 4.33658104539971577116e-08	 4.99391031307986381563e-10	 9.12734514617098055836e-10	 9.12613687244479723188e-10	 9.12738814743733540504e-10	 
 -3.59999999999999931166e-01	 3.66129738420012223711e-10	 3.65349143644864848702e-10	 3.66188062533535304814e-10	 4.44643060412726914173e-08	 4.44581691768324324041e-08	 4.43908522436047725117e-08	 4.43919068522099873589e-08	 1.67041848259745544125e-08	 1.56858316102545695261e-08	 4.41353404363912027031e-08	 5.07974891045728991040e-10	 9.28679372350406856358e-10	 9.28556364067246311566e-10	 9.28683779537405371619e-10	 
 -3.39999999999999968914e-01	 3.72417931701998995020e-10	 3.71623641006855653669e-10	 3.72477812418414778729e-10	 4.52366466284281858127e-08	 4.52303665618408246838e-08	 4.51618172245229064390e-08	 4.51618293290562587540e-08	 1.69922515761032037627e-08	 1.59563075711533296703e-08	 4.49020491099342354379e-08	 5.16558006111863637859e-10	 9.44626628998205236126e-10	 9.44501447928420705316e-10	 9.44631149514773607604e-10	 
 -3.20000000000000006661e-01	 3.78702841469301515173e-10	 3.77894970929618077660e-10	 3.78764299514364453061e-10	 4.60051477143666877282e-08	 4.59987117321945870117e-08	 4.59289260663786733772e-08	 4.59278671702531062455e-08	 1.72786791477323057284e-08	 1.62252191954272745303e-08	 4.56649232083238334208e-08	 5.25133871324158064042e-10	 9.60563731712690186431e-10	 9.60436389279719548036e-10	 9.60568371633774457830e-10	 
 -2.99999999999999933387e-01	 3.84979424379772915673e-10	 3.84158107759514363363e-10	 3.85042475416728742318e-10	 4.67687369465859292798e-08	 4.67621394999272430889e-08	 4.66911005636980869166e-08	 4.66889660458880077334e-08	 1.75630545383373653332e-08	 1.64921759732687051598e-08	 4.64229036591084345404e-08	 5.33695764538074926910e-10	 9.76477689161437558636e-10	 9.76348199862343589911e-10	 9.76482454274218081709e-10	 
 -2.80000000000000026645e-01	 3.91242385461400115910e-10	 3.90407774319248205560e-10	 3.91307038893735073440e-10	 4.75262757163660877852e-08	 4.75195201081709088500e-08	 4.74471950653495056630e-08	 4.74440092450263863154e-08	 1.78449400006834259321e-08	 1.67567639766728548845e-08	 4.71748671401114631524e-08	 5.42236648504903352746e-10	 9.92354862552442516586e-10	 9.92223244149700922488e-10	 9.92359758206527716488e-10	 
 -2.59999999999999953371e-01	 3.97486260671797760361e-10	 3.96638521496729976677e-10	 3.97552532790241389798e-10	 4.82765943511214468126e-08	 4.82696827189351944407e-08	 4.81960355311861450594e-08	 4.81918309063485050297e-08	 1.81238840810312746615e-08	 1.70185560900015577513e-08	 4.79196627548485183182e-08	 5.50749285390614336156e-10	 1.00818115535489129836e-09	 1.00804742912552262280e-09	 1.00818618632626548805e-09	 
 -2.39999999999999907851e-01	 4.03705337167131258690e-10	 4.02844649397232102300e-10	 4.03773259701413066703e-10	 4.90184714378856105436e-08	 4.90113987245160196639e-08	 4.89363974405771330689e-08	 4.89312029417601371607e-08	 1.83994146768777373114e-08	 1.72771055223389508000e-08	 4.86560912549329966685e-08	 5.59226129973738326835e-10	 1.02394181687333888941e-09	 1.02380600787026946467e-09	 1.02394698719518791113e-09	 
 -2.19999999999999945599e-01	 4.09893547700998066416e-10	 4.09020102573010984653e-10	 4.09963171341089115112e-10	 4.97506103102374120474e-08	 4.97433627679861455542e-08	 4.96669806756366220492e-08	 4.96608201576611865639e-08	 1.86710311281808628051e-08	 1.75319384150026422432e-08	 4.93828813894132972993e-08	 5.67659184377088094097e-10	 1.03962118356816295272e-09	 1.03948332089501636689e-09	 1.03962649630758979974e-09	 
 -1.99999999999999983347e-01	 4.16044597456712862979e-10	 4.15158603012706675808e-10	 4.16115954586820987773e-10	 5.04716740179520615006e-08	 5.04642277256047034271e-08	 5.03864415639164631037e-08	 5.03793367321358514571e-08	 1.89382197322151009793e-08	 1.77825685618247868364e-08	 5.00987054089441711565e-08	 5.76040203635733178135e-10	 1.05520301283574223430e-09	 1.05506312961865129078e-09	 1.05520846975191749883e-09	 
 -1.79999999999999993339e-01	 4.22151843183132044203e-10	 4.21253527134793623574e-10	 4.22224923978701226195e-10	 5.11802625889547962775e-08	 5.11725816967237675847e-08	 5.10933710462143645564e-08	 5.10853426384674095661e-08	 1.92004445100162581910e-08	 1.80284886708465450410e-08	 5.08021631747648168763e-08	 5.84360522693681070440e-10	 1.07067017169372563131e-09	 1.07052830519318329761e-09	 1.07067577289373404749e-09	 
 -1.59999999999999920064e-01	 4.28208142291052791967e-10	 4.27297752377622123233e-10	 4.28282885341150815178e-10	 5.18748873468025789613e-08	 5.18669220477413167956e-08	 5.17862700293549902178e-08	 5.17773370589923764834e-08	 1.94571367144789353854e-08	 1.82691604287847019694e-08	 5.14917642178622536761e-08	 5.92610838018567427673e-10	 1.08600425179877484525e-09	 1.08586044367298209028e-09	 1.08600999536906517407e-09	 
 -1.39999999999999902300e-01	 4.34206006167407268582e-10	 4.33283840558997719333e-10	 4.34282364168950211594e-10	 5.25540256565996648494e-08	 5.25457076555242791695e-08	 5.24636063158072868886e-08	 5.24537933009151691492e-08	 1.97077152564602371492e-08	 1.85040344389625254451e-08	 5.21659772257339839890e-08	 6.00781439005531178059e-10	 1.10118605216487970927e-09	 1.10104035033065372736e-09	 1.10119193836096618078e-09	 
 -1.20000000000000009437e-01	 4.40137440807352951405e-10	 4.39203868905280191164e-10	 4.40215420572419244824e-10	 5.32160893169156071619e-08	 5.32073277854291769700e-08	 5.31237820710500134239e-08	 5.31131234478120752000e-08	 1.99515751169391608897e-08	 1.87325390754469038004e-08	 5.28231998704467807038e-08	 6.08861986467754197040e-10	 1.11619514494900236658e-09	 1.11604760497308713002e-09	 1.11620117886011762863e-09	 
 -1.00000000000000005551e-01	 4.45993755256715198240e-10	 4.45049228140220630613e-10	 4.46073429679033572330e-10	 5.38593888783606500702e-08	 5.38500670442639307505e-08	 5.37650971257344307952e-08	 5.37536385055066654407e-08	 2.01880741212891017459e-08	 1.89540677448451723279e-08	 5.34617248648965848317e-08	 6.16841243225407634173e-10	 1.13100936121929136309e-09	 1.13086004720567385159e-09	 1.13101555378386731568e-09	 
 -8.00000000000000155431e-02	 4.51765882367579026418e-10	 4.50810886852900836809e-10	 4.51847325742146519236e-10	 5.44821937420829277732e-08	 5.44721933536122324761e-08	 5.43858288786786734022e-08	 5.43736198430640308047e-08	 2.04165612699720443280e-08	 1.91680056837235506886e-08	 5.40798283406970297643e-08	 6.24707494614418250879e-10	 1.14560558208391786903e-09	 1.14545456153020085195e-09	 1.14561194352375269819e-09	 
 -5.99999999999999630851e-02	 4.57444133479632458545e-10	 4.56479166478142453865e-10	 4.57527384071175438700e-10	 5.50826973279946924524e-08	 5.50719130543487975005e-08	 5.49841905650821014776e-08	 5.49712805213455890470e-08	 2.06363619980221150825e-08	 1.93737160739227597541e-08	 5.46757247289069143732e-08	 6.32448223214689544587e-10	 1.15995912955412570894e-09	 1.15980647034240080724e-09	 1.15996566547332381057e-09	 
 -3.99999999999999383826e-02	 4.63017917597126097472e-10	 4.62043482489338202875e-10	 4.63102969884107580067e-10	 5.56589774311834898751e-08	 5.56473199766909880581e-08	 5.55582837702943904933e-08	 5.55447212567918013956e-08	 2.08467611332871238887e-08	 1.95705239480732018490e-08	 5.52475156631967747256e-08	 6.40049732103362320849e-10	 1.17404307350313454151e-09	 1.17388884318539557895e-09	 1.17404978387738652496e-09	 
 -2.00000000000000281719e-02	 4.68476327756109952270e-10	 4.67492882268292725238e-10	 4.68563091381289461770e-10	 5.62091115146001594154e-08	 5.61965024354626196355e-08	 5.61061938338848302718e-08	 5.60920232314931128571e-08	 2.10470410404851966647e-08	 1.97577521527745625063e-08	 5.57932827978895904777e-08	 6.47497753606046000972e-10	 1.18782944004797565794e-09	 1.18767370817507938336e-09	 1.18783632200794107758e-09	 
 -4.82163733276643543166e-17	 4.73807781885381268419e-10	 4.72815702066866064882e-10	 4.73896050891348600062e-10	 5.67311218421793913246e-08	 5.67174918410487242628e-08	 5.66259426900688036157e-08	 5.66112016753339468839e-08	 2.12364634722744208198e-08	 1.99347042940428598388e-08	 5.63110413123384861312e-08	 6.54777027652314174686e-10	 1.20128840326942516902e-09	 1.20113124257533120455e-09	 1.20129545243767642412e-09	 
 2.00000000000001253164e-02	 4.78999626735630670433e-10	 4.77999187876878844826e-10	 4.79089059523905028563e-10	 5.72229123068724274095e-08	 5.72082031286496738512e-08	 5.71154340362913962344e-08	 5.71001520112435258476e-08	 2.14142480818683535573e-08	 2.01006444744431531374e-08	 5.67986860387325638511e-08	 6.61870830668221093377e-10	 1.21438739529149912833e-09	 1.21422888160549411229e-09	 1.21439460553631301494e-09	 
 4.00000000000001187939e-02	 4.84037905941331009281e-10	 4.83029363241640355033e-10	 4.84128088897049296347e-10	 5.76823979354562824188e-08	 5.76665663789403027866e-08	 5.75725948579582611568e-08	 5.75567892332581624968e-08	 2.15796221898856828228e-08	 2.02548450307068024618e-08	 5.72541380787349172862e-08	 6.68761795084995401039e-10	 1.22709266714101590935e-09	 1.22693288136439309161e-09	 1.22710003335504018152e-09	 
 6.00000000000000255351e-02	 4.88907278957666920030e-10	 4.87890910141223179181e-10	 4.88997757609301325384e-10	 5.81074466558308719665e-08	 5.80904681611211808322e-08	 5.79953128790005308906e-08	 5.79789858191936057870e-08	 2.17317990772333949700e-08	 2.03965658357012586672e-08	 5.76752799876858302587e-08	 6.75431394261214103141e-10	 1.23936832584783770651e-09	 1.23920735518546858498e-09	 1.23937584562312499246e-09	 
 7.99999999999999322764e-02	 4.93590925138082948860e-10	 4.92567032116057140445e-10	 4.93681200395713346273e-10	 5.84958096935877128159e-08	 5.84776811475859455505e-08	 5.83813619790988215039e-08	 5.83644979479305874549e-08	 2.18699513355631342172e-08	 2.05250288044774221875e-08	 5.80598790056610549429e-08	 6.81859383910182523450e-10	 1.25117530112691671056e-09	 1.25101323950894812104e-09	 1.25118297525482181013e-09	 
 9.99999999999999500400e-02	 4.98073452124325111447e-10	 4.97042379607565588297e-10	 4.98162940406706437518e-10	 5.88453176980738856632e-08	 5.88260339663318674576e-08	 5.87285827110203357123e-08	 5.87111605765176761675e-08	 2.19932766784312962928e-08	 2.06394805564108124150e-08	 5.84057554547678915333e-08	 6.88025016391779227107e-10	 1.26247359260526195089e-09	 1.26231054388741974762e-09	 1.26248142708541725039e-09	 
 1.20000000000000023315e-01	 5.02339648658387220137e-10	 5.01301796689653453767e-10	 5.02427654707524949666e-10	 5.91538005329029740887e-08	 5.91333413651460207577e-08	 5.90348084623232059500e-08	 5.90168076534208160693e-08	 2.21009714870583718873e-08	 2.07391673440777218534e-08	 5.87107131233734324327e-08	 6.93906377604267024766e-10	 1.27322105296734666314e-09	 1.27305713316179943783e-09	 1.27322906053107322486e-09	 
 1.40000000000000041078e-01	 5.06373167398677588363e-10	 5.05328997417368050572e-10	 5.06458870554481765410e-10	 5.94189886316510707722e-08	 5.93973167576339936053e-08	 5.92977734648994426294e-08	 5.92791738888621505034e-08	 2.21921968638556278172e-08	 2.08233027232855936155e-08	 5.89724524123285700489e-08	 6.99479686238356679289e-10	 1.28337210841672065419e-09	 1.28320744689859441734e-09	 1.28338030954585913225e-09	 
 1.59999999999999975575e-01	 5.10156419798668582103e-10	 5.09106582884701373992e-10	 5.10239192529336745180e-10	 5.96387026193261519122e-08	 5.96157844353841396558e-08	 5.95152921301418487743e-08	 5.94961182651670159527e-08	 2.22661627672661681771e-08	 2.08911471234905865509e-08	 5.91888472375634883107e-08	 7.04721059428951303459e-10	 1.29288134910345677993e-09	 1.29271607851969553603e-09	 1.29288976411444582713e-09	 
 1.79999999999999937828e-01	 5.13670508445143683645e-10	 5.12615927912453696455e-10	 5.13750107022784018078e-10	 5.98107805952536491275e-08	 5.97865977643527098478e-08	 5.96851904100410884484e-08	 5.96655381075198920494e-08	 2.23220962429381586468e-08	 2.09419779306286826750e-08	 5.93578375561935891540e-08	 7.09605653243188809735e-10	 1.30170182866247650166e-09	 1.30153607925565113086e-09	 1.30171047330486827504e-09	 
 2.00000000000000094369e-01	 5.16895160174767331437e-10	 5.15837066197267633772e-10	 5.16971781081040370971e-10	 5.99329798962693591282e-08	 5.99075310715448518507e-08	 5.98052119753974382778e-08	 5.97852560091951559515e-08	 2.23591984007586062978e-08	 2.09750486933607653657e-08	 5.94772930394085598278e-08	 7.14106771187495640353e-10	 1.30978329751686585726e-09	 1.30961719607504785502e-09	 1.30979218224847757345e-09	 
 2.20000000000000001110e-01	 5.19810833436239437651e-10	 5.18750453581192674351e-10	 5.19884769291534299929e-10	 6.00032521838735141040e-08	 5.99765663424676717300e-08	 5.98733303699000843060e-08	 5.98532745584062335711e-08	 2.23767473251620695669e-08	 2.09896855625596982021e-08	 5.95452531733436575602e-08	 7.18198216118314760843e-10	 1.31707670691071821720e-09	 1.31691037185458851134e-09	 1.31708582735501521696e-09	 
 2.39999999999999963363e-01	 5.22397785652038696459e-10	 5.21336174860268826884e-10	 5.22469245622584315700e-10	 6.00196410663335709147e-08	 5.99917864962362936982e-08	 5.98876314364724230570e-08	 5.98676831923427249492e-08	 2.23740608342547719668e-08	 2.09852525688484841042e-08	 5.95598407443770809544e-08	 7.21853223285459874121e-10	 1.32353219708199337251e-09	 1.32336573491622384691e-09	 1.32354152786478664250e-09	 
 2.59999999999999953371e-01	 5.24635109813489065232e-10	 5.23573124826192133291e-10	 5.24704209329158172984e-10	 5.99801408674698836256e-08	 5.99512287797776297906e-08	 5.98461554628698213439e-08	 5.98265257127178155467e-08	 2.23504427149944903607e-08	 2.09611009945350631930e-08	 5.95191356414958350571e-08	 7.25043364981535579194e-10	 1.32909701490928158316e-09	 1.32893051816254205783e-09	 1.32910650704319568716e-09	 
 2.80000000000000082157e-01	 5.26502937436399113818e-10	 5.25441328937327816008e-10	 5.26569792875525965402e-10	 5.98830983516264505236e-08	 5.98532290061577676111e-08	 5.97472560246823029748e-08	 5.97281498076016329808e-08	 2.23053102750906286617e-08	 2.09166889388571861909e-08	 5.94214581827401456113e-08	 7.27741661232632974610e-10	 1.33372113984957589571e-09	 1.33355470045476928062e-09	 1.33373073689492372228e-09	 
 2.99999999999999988898e-01	 5.27981484865658494714e-10	 5.26920938272675267906e-10	 5.28046264324738613554e-10	 5.97270623722920793592e-08	 5.96962959962072733752e-08	 5.95894683201328155811e-08	 5.95710792108388221530e-08	 2.22381488503720879876e-08	 2.08515388684665918893e-08	 5.92652694269816768330e-08	 7.29921224879739080957e-10	 1.33735485688717198952e-09	 1.33718857297135937087e-09	 1.33736450313223789222e-09	 
 3.20000000000000006661e-01	 5.29050062987644133860e-10	 5.27991188396664011213e-10	 5.29112992260123814297e-10	 5.95105742219778605619e-08	 5.94789278939435701109e-08	 5.93713186305743573741e-08	 5.93538277311119333832e-08	 2.21484424416934031095e-08	 2.07651722534756181886e-08	 5.90490153754017428365e-08	 7.31553872184245779009e-10	 1.33994622974683234444e-09	 1.33978020579939549444e-09	 1.33995587031297122895e-09	 
 3.39999999999999968914e-01	 5.29689839165817064333e-10	 5.28633323100490346878e-10	 5.29751151969481273578e-10	 5.92325170127601278013e-08	 5.92000577745426523540e-08	 5.90917302603963879756e-08	 5.90753257467170806539e-08	 2.20358257602696088990e-08	 2.06572541274689981155e-08	 5.87715872888393359795e-08	 7.32614138098341397838e-10	 1.34144842710245041126e-09	 1.34128278515750081661e-09	 1.34145801900824364383e-09	 
 3.59999999999999931166e-01	 5.29882650786060069792e-10	 5.28829337778103311036e-10	 5.29942563574352955819e-10	 5.88919929160295574738e-08	 5.88588885072642905749e-08	 5.87498760100144508485e-08	 5.87347634374534843332e-08	 2.19000299207408810282e-08	 2.05275415126872777140e-08	 5.84321490099379873346e-08	 7.33077544503754641728e-10	 1.34181658716570402607e-09	 1.34165147328744813765e-09	 1.34182610574710004438e-09	 
 3.80000000000000059952e-01	 5.29609758839605249599e-10	 5.28560662680922894670e-10	 5.29668470080669859005e-10	 5.84881188941508608428e-08	 5.84546437168907471026e-08	 5.83449473424485552878e-08	 5.83313508319627028982e-08	 2.17407945711090891800e-08	 2.03757996236355235733e-08	 5.80298820647381189551e-08	 7.32918811523894640012e-10	 1.34100451314751596252e-09	 1.34084009916202542982e-09	 1.34101395369717734548e-09	 
 4.00000000000000077716e-01	 5.28855129091186370359e-10	 5.27811446935086457914e-10	 5.28912933469916593956e-10	 5.80205310502606189144e-08	 5.79869692078586047405e-08	 5.78765790177664672769e-08	 5.78647621480626819141e-08	 2.15580448117361059596e-08	 2.02019696428951825298e-08	 5.75644574039424043878e-08	 7.32116145143728155351e-10	 1.33897301117999211429e-09	 1.33880948498167953443e-09	 1.33898238444028290052e-09	 
 4.19999999999999984457e-01	 5.27603998306323967219e-10	 5.26567124870104505241e-10	 5.27661350586792757186e-10	 5.74891950244097413124e-08	 5.74557914592229403890e-08	 5.73446965759140102125e-08	 5.73349746109477804718e-08	 2.13518271908017642191e-08	 2.00061081537040199953e-08	 5.70358611906037219871e-08	 7.30649361677498291425e-10	 1.33568626696409277538e-09	 1.33552382804186068241e-09	 1.33569559754729708293e-09	 
 4.39999999999999946709e-01	 5.25841337697648736034e-10	 5.24812878379953099245e-10	 5.25898865707678681144e-10	 5.68941030579014611912e-08	 5.68610626958403739430e-08	 5.67492505513370419368e-08	 5.67419934150152544770e-08	 2.11221997609972657825e-08	 1.97882824976397433196e-08	 5.64441068508649571568e-08	 7.28497909217304139885e-10	 1.33110793350435402471e-09	 1.33094679359121311866e-09	 1.33111726100386912692e-09	 
 4.60000000000000131006e-01	 5.23556757682126745209e-10	 5.22538030455379108409e-10	 5.23614780780416688598e-10	 5.62358226242923832794e-08	 5.62033571435577859746e-08	 5.60908644023264080059e-08	 5.60864393822308050568e-08	 2.08694361355402598871e-08	 1.95487615108068767668e-08	 5.57898032472629383665e-08	 7.25646817619330119840e-10	 1.32519243891911726549e-09	 1.32503279524611235605e-09	 1.32520178699834337754e-09	 
 4.80000000000000037748e-01	 5.20742286277448156106e-10	 5.19734058726567042918e-10	 5.20800561630970639083e-10	 5.55152890619980080848e-08	 5.54836410032020265095e-08	 5.53705802911338846446e-08	 5.53693237359882626910e-08	 2.05939502411962609919e-08	 1.92879456565760796935e-08	 5.50739383920812685516e-08	 7.22084003462673258435e-10	 1.31788896278889196629e-09	 1.31773098382454853744e-09	 1.31789832298969515299e-09	 
 5.00000000000000000000e-01	 5.17389977270192229445e-10	 5.16392437545451159139e-10	 5.17447671762284274244e-10	 5.47334452371904117014e-08	 5.47028896314391909697e-08	 5.45894504804290651878e-08	 5.45916691070983433690e-08	 2.02961597594910032088e-08	 1.90062384567038214138e-08	 5.42975096185089239744e-08	 7.17797400866748529505e-10	 1.30914486472085771726e-09	 1.30898868825070594579e-09	 1.30915419460050748392e-09	 
 5.20000000000000128786e-01	 5.13496663892899779533e-10	 5.12509922202522005602e-10	 5.13552801679325652930e-10	 5.38919766063966402021e-08	 5.38627260159533851112e-08	 5.37491359635275594371e-08	 5.37550887791433381136e-08	 1.99767179380371049387e-08	 1.87042644632983567451e-08	 5.34621426517900511346e-08	 7.12781954491297588513e-10	 1.29896634980584105173e-09	 1.29881211306353316692e-09	 1.29897560057343162646e-09	 
 5.40000000000000035527e-01	 5.09061735714542883382e-10	 5.08086067077541963650e-10	 5.09115413373129545716e-10	 5.29930177182661505012e-08	 5.29651747043171078004e-08	 5.28516811436189393163e-08	 5.28615701763364396710e-08	 1.96364269180191105913e-08	 1.83827881760687237622e-08	 5.25698551280504741443e-08	 7.07036330678897485428e-10	 1.28738946502190481018e-09	 1.28723731939148752578e-09	 1.28739859494810844475e-09	 
 5.60000000000000053291e-01	 5.04084619828711558962e-10	 5.03120463507924496347e-10	 5.04135002572611772822e-10	 5.20386555954808903445e-08	 5.20122135998074436696e-08	 5.18990839767552196247e-08	 5.19130565040386559272e-08	 1.92760711632480042924e-08	 1.80425566174056592935e-08	 5.16226181752900099115e-08	 7.00559328690728105770e-10	 1.27445109900921900388e-09	 1.27430121029879753837e-09	 1.27446007336558477201e-09	 
 5.79999999999999849010e-01	 4.98570398994389797322e-10	 4.97618505725225373409e-10	 4.98616840206197997505e-10	 5.10316428666164697579e-08	 5.10065087966294477773e-08	 5.08940015370786467071e-08	 5.09122541468615778246e-08	 1.88966713395488846697e-08	 1.76845372326126285468e-08	 5.06230485833972360781e-08	 6.93357331744118871709e-10	 1.26017601898544761204e-09	 1.26002855236842116013e-09	 1.26018479452317653724e-09	 
 5.99999999999999977796e-01	 4.92527078826494864546e-10	 4.91588586831787805154e-10	 4.92569179109906980122e-10	 4.99751249882041192245e-08	 4.99511286124618131307e-08	 4.98394794386719421077e-08	 4.98623098205082719522e-08	 1.84993901971408479535e-08	 1.73098303294675397038e-08	 4.95741439589803423759e-08	 6.85440674421171650872e-10	 1.24458384279034304408e-09	 1.24443895542305748526e-09	 1.24459235985757057027e-09	 
 6.20000000000000106581e-01	 4.85962410366379828950e-10	 4.85038850440470530354e-10	 4.86000015910838704086e-10	 4.88721028767454024759e-08	 4.88489974748441541861e-08	 4.87384202072326829936e-08	 4.87662291178033553470e-08	 1.80853367303606578123e-08	 1.69194844745930066210e-08	 4.84787592090851194208e-08	 6.76819516094387098534e-10	 1.22769366702315661656e-09	 1.22755150819763721136e-09	 1.22770184896534344411e-09	 
 6.39999999999999902300e-01	 4.78891120274701835094e-10	 4.77983802581218041548e-10	 4.78924078663303235138e-10	 4.77261191786017953822e-08	 4.77036475888973518994e-08	 4.75943640526340047517e-08	 4.76275924927886316678e-08	 1.76558410505276974206e-08	 1.65147560778605664814e-08	 4.73403868739657392373e-08	 6.67512694690525278091e-10	 1.20954162650189327153e-09	 1.20940233224161770727e-09	 1.20954940522148790943e-09	 
 6.60000000000000031086e-01	 4.71331283901125919259e-10	 4.70441005194832064571e-10	 4.71359326660079427144e-10	 4.65410162882966945458e-08	 4.65189406654211641836e-08	 4.64111953852826145019e-08	 4.64502977892078354271e-08	 1.72123557674317616505e-08	 1.60970167057104600617e-08	 4.61628621413824218605e-08	 6.57543276519256363586e-10	 1.19017213387420567084e-09	 1.19003582419440142961e-09	 1.19017946176763326258e-09	 
 6.80000000000000159872e-01	 4.63300065384614865001e-10	 4.62427116817662699640e-10	 4.63322805635502488470e-10	 4.53203628829972592089e-08	 4.52984617278463765300e-08	 4.51925216575492906325e-08	 4.52379732597332490506e-08	 1.67562307935565694922e-08	 1.56675398282853159294e-08	 4.49497434895923653490e-08	 6.46933378660050663857e-10	 1.16962740394466347649e-09	 1.16949418327823719456e-09	 1.16963425312213628411e-09	 
 6.99999999999999955591e-01	 4.54821182464466835068e-10	 4.53965938230003467683e-10	 4.54838511674407516682e-10	 4.40681739453517541403e-08	 4.40464002185159165543e-08	 4.39425056034393571393e-08	 4.39947126260809937150e-08	 1.62890164444178516349e-08	 1.52277868440298254061e-08	 4.37052146986500881072e-08	 6.35714104190056544563e-10	 1.14796611437083141206e-09	 1.14783607912096917337e-09	 1.14797247639900755089e-09	 
 7.20000000000000084377e-01	 4.45921137352062053499e-10	 4.45084327444924527787e-10	 4.45933409927309767616e-10	 4.27886758174276229066e-08	 4.27672287478152284299e-08	 4.26655713418722700783e-08	 4.27248337895038162540e-08	 1.58123599613751009207e-08	 1.47793100427074069015e-08	 4.24337513895717189606e-08	 6.23920479677295150476e-10	 1.12525401385362343240e-09	 1.12512725583522049280e-09	 1.12525989959181642442e-09	 
 7.39999999999999991118e-01	 4.36624505464502028763e-10	 4.35807205173995090391e-10	 4.36632524176303367970e-10	 4.14856691896198681351e-08	 4.14649803162517297259e-08	 4.13657072423481208622e-08	 4.14322359697324613097e-08	 1.53277478109108785713e-08	 1.43235087699131021916e-08	 4.11393882121581223134e-08	 6.11585336369326114496e-10	 1.10155204558373256592e-09	 1.10142865251805501087e-09	 1.10155748451963009353e-09	 
 7.60000000000000008882e-01	 4.26962184118969211662e-10	 4.26165449385989761094e-10	 4.26966790699306291601e-10	 4.01636653241602275091e-08	 4.01441646048615735947e-08	 4.00473711781659130101e-08	 4.01213434931463332083e-08	 1.48368381793865934421e-08	 1.38619429447676652260e-08	 3.98266891970481266457e-08	 5.98749334288363553273e-10	 1.07693821330554803441e-09	 1.07681826030522045734e-09	 1.07694323377432434423e-09	 
 7.80000000000000137668e-01	 4.16967262373201653945e-10	 4.16191967323780144698e-10	 4.16969156341333610859e-10	 3.88274558290470665081e-08	 3.88094687589668562169e-08	 3.87151961947563623953e-08	 3.87967858061290388891e-08	 1.43413564010498579244e-08	 1.33962352507765614886e-08	 3.85004186921951539802e-08	 5.85455923781901694780e-10	 1.05149661319642889058e-09	 1.05138015897873617222e-09	 1.05150123355834595226e-09	 
 7.99999999999999933387e-01	 4.06669592558485078519e-10	 4.05916448120732022344e-10	 4.06669346827193304804e-10	 3.74812098688494193797e-08	 3.74649709181333845300e-08	 3.73732105905630644973e-08	 3.74626017083742406445e-08	 1.38428056378369695446e-08	 1.29277976024673193193e-08	 3.71647265479266224470e-08	 5.71744785209443007623e-10	 1.02530311690412188263e-09	 1.02519020518007312099e-09	 1.02530734617457900616e-09	 
 8.20000000000000062172e-01	 3.96100918946999411870e-10	 3.95370543820093959751e-10	 3.96099036070143823985e-10	 3.61294894519851045679e-08	 3.61151156995396325828e-08	 3.60258818072299554360e-08	 3.61231476239654598593e-08	 1.33428186332736735067e-08	 1.24581638701949362719e-08	 3.58240201779328463853e-08	 5.57662581509835433304e-10	 9.98447095951846848121e-10	 9.98337763544557885164e-10	 9.98450955578147771520e-10	 
 8.39999999999999857891e-01	 3.85292677831819631196e-10	 3.84585635059136855129e-10	 3.85289621318017007730e-10	 3.47769516472953274813e-08	 3.47644357919901415556e-08	 3.46777966253537401533e-08	 3.47828534405943558526e-08	 1.28430625947614880386e-08	 1.19889005023138512179e-08	 3.44827494399849923051e-08	 5.43257719778810788257e-10	 9.71021042209519671285e-10	 9.70915322764827447580e-10	 9.71024575746180019661e-10	 
 8.60000000000000097700e-01	 3.74271845576880763465e-10	 3.73588655788073792734e-10	 3.74268049192667627447e-10	 3.34274697797157509768e-08	 3.34166957232911475160e-08	 3.33327680701668431075e-08	 3.34454086250654392708e-08	 1.23449259461550621030e-08	 1.15213098787071589690e-08	 3.31446077878922073625e-08	 5.28573075274400742178e-10	 9.43105564498147719047e-10	 9.43003489475185733889e-10	 9.43108836304960903713e-10	 
 8.80000000000000115463e-01	 3.63079417938629313450e-10	 3.62420649758379277482e-10	 3.63075622696174869408e-10	 3.20851330014269776986e-08	 3.20759657159208572285e-08	 3.19949159148254399524e-08	 3.21148485567988991190e-08	 1.18498952778067821588e-08	 1.10567868593340483679e-08	 3.18135834747600071270e-08	 5.13658835064089274880e-10	 9.14794889153062457056e-10	 9.14696476067311628662e-10	 9.14797966273674837419e-10	 
 8.99999999999999911182e-01	 3.51760598365664577830e-10	 3.51126912239983068566e-10	 3.51757998322955431722e-10	 3.07540268469916348607e-08	 3.07463512885825623038e-08	 3.06683954676632656186e-08	 3.07952675656017981954e-08	 1.13594699652707180292e-08	 1.05967386920124858738e-08	 3.04936990651578059397e-08	 4.98566415238037165840e-10	 8.86185071215035135288e-10	 8.86090319022045109870e-10	 8.86188016159378068501e-10	 
 9.20000000000000039968e-01	 3.40353447802769477677e-10	 3.39745604342873199561e-10	 3.40353661635718111287e-10	 2.94373314903424833220e-08	 2.94310510255848158020e-08	 2.93564522745640524418e-08	 2.94898764485494982850e-08	 1.08748239583911888686e-08	 1.01422648125045877183e-08	 2.91880831481332607252e-08	 4.83339819398505104390e-10	 8.57356379799963252215e-10	 8.57265271763283230459e-10	 8.57359252095602001083e-10	 
 9.39999999999999835687e-01	 3.28897001180637573182e-10	 3.28315262173325178496e-10	 3.28901124318814251332e-10	 2.81385260538862566505e-08	 2.81335532974150148044e-08	 2.80625749290700546542e-08	 2.82021435412921690527e-08	 1.03972099408217779447e-08	 9.69453472738757688932e-09	 2.79001950678334401023e-08	 4.68029536100676593696e-10	 8.28402817497512607891e-10	 8.28315306861068037581e-10	 8.28405642842354869433e-10	 
 9.60000000000000075495e-01	 3.17428628569994307065e-10	 3.16872529554338053370e-10	 3.17436869407721007516e-10	 2.68611147837923372110e-08	 2.68573670076529341469e-08	 2.67902569445896584693e-08	 2.69355524388822633246e-08	 9.92788494092137201032e-09	 9.25472106068684304635e-09	 2.66335329675184789917e-08	 4.52686423499170024033e-10	 7.99419109889436538905e-10	 7.99335114626409673184e-10	 7.99421868812109675465e-10	 
 9.80000000000000093259e-01	 3.05978043573132354120e-10	 3.05446494090702391079e-10	 3.05989851467382371394e-10	 2.56075826474655022743e-08	 2.56049827744918156711e-08	 2.55419836751906840145e-08	 2.56926025257323327243e-08	 9.46774742161257804680e-09	 8.82365853232858619126e-09	 2.53905807947333022266e-08	 4.37352299724562094463e-10	 7.70480419905563705548e-10	 7.70399827218995634671e-10	 7.70483053204451630530e-10	 
 9.99999999999999888978e-01	 2.94578328466879811166e-10	 2.94069950297355127993e-10	 2.94592545791045876576e-10	 2.43807573438196171365e-08	 2.43791307658011421604e-08	 2.43204162823537137243e-08	 2.44759593440699419029e-08	 9.01775244517005079939e-09	 8.40223068724276777731e-09	 2.41740928484773582814e-08	 4.22071917914710239078e-10	 7.41671430274157583285e-10	 7.41594115480306402353e-10	 7.41673863263997532772e-10	 
 1.02000000000000001776e+00	 2.83261815952976204767e-10	 2.82775080456790157835e-10	 2.83276756154347499424e-10	 2.31835211830094858025e-08	 2.31825573198732650501e-08	 2.31282148802402973377e-08	 2.32882877746726516929e-08	 8.57885936575364410189e-09	 7.99132440606977629244e-09	 2.29868516269093714802e-08	 4.06888822097622028765e-10	 7.13075230258468228416e-10	 7.13001063712642896781e-10	 7.13077382270502622158e-10	 
 1.04000000000000003553e+00	 2.72052231940658427368e-10	 2.71585462244422481375e-10	 2.72065724001781550660e-10	 2.20176524125022136439e-08	 2.20169257468853174511e-08	 2.19669817474843161884e-08	 2.21312225186402350864e-08	 8.15165383443436551441e-09	 7.59147549879327019268e-09	 2.18305563596581199010e-08	 3.91836770364204415847e-10	 6.84752776807312187046e-10	 6.84681623519850206623e-10	 6.84754559588127731238e-10	 
 1.06000000000000005329e+00	 2.60977804893741728550e-10	 2.60529751689033381239e-10	 2.60988439033658992528e-10	 2.08849895971070298402e-08	 2.08841554585461862537e-08	 2.08384842595715425095e-08	 2.10065825990598861333e-08	 7.73676842235178402595e-09	 7.20326821251299473103e-09	 2.07070071394906930110e-08	 3.76954112259298552197e-10	 6.56776564638851788068e-10	 6.56708312349708189132e-10	 6.56777939182764171964e-10	 
 1.08000000000000007105e+00	 2.50066400192084506906e-10	 2.49636425619901999334e-10	 2.50073948570443008195e-10	 1.97873672278380968313e-08	 1.97862277075225135824e-08	 1.97445273682772536093e-08	 1.99162363555919158391e-08	 7.33485377030699753842e-09	 6.82730627674341313547e-09	 1.96180140454445337790e-08	 3.62278758511717225672e-10	 6.29218162956398513970e-10	 6.29152730522926011289e-10	 6.29219157982499770914e-10	 
 1.09999999999999986677e+00	 2.39336307768003017710e-10	 2.38924269587617981766e-10	 2.39341492981203690543e-10	 1.87255453525080991872e-08	 1.87240133554451343256e-08	 1.86858459510632768812e-08	 1.88610083092838684991e-08	 6.94618799901178651460e-09	 6.46384221179029016663e-09	 1.85643164645874417315e-08	 3.47838084959434866210e-10	 6.02124639296206792221e-10	 6.02061971037296456003e-10	 6.02125338549886616407e-10	 
 1.11999999999999988454e+00	 2.28810228875940879059e-10	 2.28416144797308634273e-10	 2.28813975340589093602e-10	 1.77004682908252353096e-08	 1.76985505309251588527e-08	 1.76634366538486845792e-08	 1.78418263381327560203e-08	 6.57110304013816778408e-09	 6.11318277791214707640e-09	 1.75468592351707763383e-08	 3.33662556440643833089e-10	 5.75553578296397195379e-10	 5.75493627094683591939e-10	 5.75554064985179049302e-10	 
 1.14000000000000012434e+00	 2.18510593297065919375e-10	 2.18134506744317023016e-10	 2.18513739827159800636e-10	 1.67131889659955806264e-08	 1.67109708987673475670e-08	 1.66784223398981728935e-08	 1.68597010394099291417e-08	 6.20997495207400994408e-09	 5.77567815299051918376e-09	 1.65666965476800334374e-08	 3.19782094865652614908e-10	 5.49561694553409235465e-10	 5.49504414761824443306e-10	 5.49562031399273467077e-10	 
 1.15999999999999992006e+00	 2.08449662973087841032e-10	 2.08091662385675486003e-10	 2.08453005747566350357e-10	 1.57637066241624623680e-08	 1.57613340178649127522e-08	 1.57308506531209589839e-08	 1.59146412372367350280e-08	 5.86281946430427598569e-09	 5.45133818266042220391e-09	 1.56238227525439645820e-08	 3.06216210134101874520e-10	 5.24179987104457988359e-10	 5.24125335986741716118e-10	 5.24180222049280608279e-10	 
 1.18000000000000015987e+00	 1.98643261882610283128e-10	 1.98303295590645471473e-10	 1.98647320377355230775e-10	 1.48522575233570631648e-08	 1.48498713178742457211e-08	 1.48211132408324876719e-08	 1.50069722323734844826e-08	 5.52970087086173855418e-09	 5.14022276359474222215e-09	 1.47186453665404139620e-08	 2.92985382010490328070e-10	 4.99447527352844635916e-10	 4.99395458172677679152e-10	 4.99447696319355906322e-10	 
 1.19999999999999973355e+00	 1.89106621994653345427e-10	 1.88784455390042296083e-10	 1.89111592066050987361e-10	 1.39792398627403947770e-08	 1.39769557767525363821e-08	 1.39497849774596626197e-08	 1.41372066447743774652e-08	 5.21074174071030002900e-09	 4.84244893947186068393e-09	 1.38517780172755571771e-08	 2.80109098387129068778e-10	 4.75401737723078997529e-10	 4.75352198223870443047e-10	 4.75401867616982909729e-10	 
 1.21999999999999997335e+00	 1.79844158082406659057e-10	 1.79539447415021669835e-10	 1.79850003334636756674e-10	 1.31439836103524811899e-08	 1.31419022660909448706e-08	 1.31163289373358247137e-08	 1.33048107278125583343e-08	 4.90571136492071452106e-09	 4.55780015258775861560e-09	 1.30227123549189142207e-08	 2.67596595268377112472e-10	 4.52052973372994229642e-10	 4.52005909871042389950e-10	 4.52053085071801237954e-10	 
 1.24000000000000021316e+00	 1.70864985247838711790e-10	 1.70577514004949532262e-10	 1.70871848493263161112e-10	 1.23461410923391334151e-08	 1.23442974218833179402e-08	 1.23204416740049830153e-08	 1.25094197458345884377e-08	 4.61445383060704078682e-09	 4.28612178604528215801e-09	 1.22310927819697575155e-08	 2.55459020211579506547e-10	 4.29424013688187087489e-10	 4.29379372297130921620e-10	 4.29424124337404055277e-10	 
 1.25999999999999978684e+00	 1.62178637867229528831e-10	 1.61908404274797098698e-10	 1.62186979710996896793e-10	 1.15856299631539442018e-08	 1.15839837703887219365e-08	 1.15620563306253721922e-08	 1.17508922494092855458e-08	 4.33691197952747865769e-09	 4.02735140790294869855e-09	 1.14767762863824206759e-08	 2.43708125470492113357e-10	 4.07539027487662943507e-10	 4.07496755553074473165e-10	 4.07539152296932143000e-10	 
 1.28000000000000002665e+00	 1.53783743340065588630e-10	 1.53530958989941745246e-10	 1.53794290359254803244e-10	 1.08613340638441978781e-08	 1.08597916693617552797e-08	 1.08400839830234448221e-08	 1.10281314959864188657e-08	 4.07270044324119566822e-09	 3.78112111410504969137e-09	 1.07586168626585319018e-08	 2.32346497061109924078e-10	 3.86394673397000629597e-10	 3.86354723206200185664e-10	 3.86394826996117961455e-10	 
 1.30000000000000026645e+00	 1.45684619398130628900e-10	 1.45449011447107125299e-10	 1.45697668118658615759e-10	 1.01725460480651943275e-08	 1.01710612273186672937e-08	 1.01536800005638907122e-08	 1.03403902301100134637e-08	 3.82151370635032089139e-09	 3.54713437506684909877e-09	 1.00758624000861933850e-08	 2.21376444991491334478e-10	 3.66000275525998322409e-10	 3.65962585777687793704e-10	 3.66000473774863698532e-10	 
 1.32000000000000006217e+00	 1.37886782995821483373e-10	 1.37667430996489805511e-10	 1.37902030232103085490e-10	 9.51890647660072711888e-09	 9.51750771328548496235e-09	 9.50231650543269689939e-09	 9.68726124528818307556e-09	 3.58317211941171295095e-09	 3.32521469901466719673e-09	 9.42811483090533577432e-09	 2.10801437554892924666e-10	 3.46367903239176223589e-10	 3.46332395436023703717e-10	 3.46368164524287352816e-10	 
 1.34000000000000007994e+00	 1.30384603591583929684e-10	 1.30180164536768977434e-10	 1.30401338892416722341e-10	 8.89904056789613328630e-09	 8.89780831487948510655e-09	 8.88451771388518769807e-09	 9.06739946663933707341e-09	 3.35719338135051982267e-09	 3.11490570858730545074e-09	 8.81398876312815299435e-09	 2.00617497744879473394e-10	 3.27482044944741802627e-10	 3.27448632659389742217e-10	 3.27482391102895407039e-10	 
 1.35999999999999987566e+00	 1.23178464918950769812e-10	 1.22987525167435721221e-10	 1.23196131357603511657e-10	 8.31193158848119393797e-09	 8.31093487130592498249e-09	 8.29924735574971821084e-09	 8.47983659214195096426e-09	 3.14318810827414745376e-09	 2.91583363970812677006e-09	 8.23242546056470743086e-09	 1.90822040434421953165e-10	 3.09342904330038922769e-10	 3.09311493491505283608e-10	 3.09343350807475590107e-10	 
 1.37999999999999989342e+00	 1.16270518971475864295e-10	 1.16091684097772799542e-10	 1.16288858343200202153e-10	 7.75694857673992741323e-09	 7.75622982398557480428e-09	 7.74588053919478233662e-09	 7.92399515100113797798e-09	 2.94091768476333880874e-09	 2.72776829551839857242e-09	 7.68275121134421810500e-09	 1.81415169162661734664e-10	 2.91955405598512628843e-10	 2.91925895431338870938e-10	 2.91955960263243030789e-10	 
 1.40000000000000013323e+00	 1.09651654624108562871e-10	 1.09483515796825836542e-10	 1.09670605542353300071e-10	 7.23249530639004772448e-09	 7.23208561915289376783e-09	 7.22282885843960344741e-09	 7.39838150294353741707e-09	 2.74986218306737394271e-09	 2.55022144204802197194e-09	 7.16335761130395497264e-09	 1.72390403370095539253e-10	 2.75296058538678995854e-10	 2.75268346630597919911e-10	 2.75296726311457184047e-10	 
 1.41999999999999992895e+00	 1.03319006922951654690e-10	 1.03160596346720874302e-10	 1.03338499884902382170e-10	 6.73754958952024537434e-09	 6.73740260203847941728e-09	 6.72908084793800701505e-09	 6.90191016891420254214e-09	 2.56957754710705345013e-09	 2.38277062281467632265e-09	 6.67315769747921612692e-09	 1.63742108443394680508e-10	 2.59358519648720635948e-10	 2.59332506623990167241e-10	 2.59359286736275464674e-10	 
 1.44000000000000016875e+00	 9.72720113914701991872e-11	 9.71228517510284081443e-11	 9.72919079302142973739e-11	 6.27155895378849783347e-09	 6.27154071247924030627e-09	 6.26408820131797486123e-09	 6.43392939887848592921e-09	 2.39978508904008987110e-09	 2.22515106904699438373e-09	 6.21152447313904695372e-09	 1.55468232018589715563e-10	 2.44142532660320121462e-10	 2.44118122217047456831e-10	 2.44143364154181709622e-10	 
 1.45999999999999996447e+00	 9.14987749246529366509e-11	 9.13587091559423181939e-11	 9.15189003940144657096e-11	 5.83297254287816471880e-09	 5.83288955361894037562e-09	 5.82630115934773689108e-09	 5.99289008678959226683e-09	 2.23995393941811367570e-09	 2.07686961253154677150e-09	 5.77686460991697578461e-09	 1.47561456696724865301e-10	 2.29618765028629608541e-10	 2.29595865022475141806e-10	 2.29619611546104710920e-10	 
 1.47999999999999998224e+00	 8.59947438820489853718e-11	 8.58634697966137109373e-11	 8.60148790098862568438e-11	 5.42062448073726933035e-09	 5.42037922491708715040e-09	 5.41457230509716567872e-09	 5.57762704522404504323e-09	 2.08961012634987709910e-09	 1.93747590843300516968e-09	 5.36808893035048987649e-09	 1.40010778479511909178e-10	 2.15774990497940543545e-10	 2.15753509701306917734e-10	 2.15775814965742571485e-10	 
 1.50000000000000000000e+00	 8.07582721888914088854e-11	 8.06352377104475685317e-11	 8.07781467963319136666e-11	 5.03381412334587667512e-09	 5.03342745322042099465e-09	 5.02821255192281559582e-09	 5.18743029566110375093e-09	 1.94845696649537766447e-09	 1.80668873826027731802e-09	 4.98458467654289285553e-09	 1.32809138849561339252e-10	 2.02606106504054138304e-10	 2.02585952126902053688e-10	 2.02606887601907541759e-10	 
 1.52000000000000001776e+00	 7.57760056475076226835e-11	 7.56605229290461645433e-11	 7.57953042868394203595e-11	 4.67092962402305296457e-09	 4.67048778924064235295e-09	 4.66560732425666774579e-09	 4.82072424052336931565e-09	 1.81597701317280166973e-09	 1.68403282453033666649e-09	 4.62479012558051674958e-09	 1.25947063898395182517e-10	 1.90077807383569374216e-10	 1.90058886713472130182e-10	 1.90078530743757401520e-10	 
 1.54000000000000003553e+00	 7.10418112820574344207e-11	 7.09332034753151456092e-11	 7.10600976235547978797e-11	 4.33078337208621002260e-09	 4.33034834591668735794e-09	 4.32563051499081705566e-09	 4.47632378793580617911e-09	 1.69170238969013851161e-09	 1.56906031872045968045e-09	 4.28753989664683709746e-09	 1.19409935769815687902e-10	 1.78174402429860753583e-10	 1.78156634519765959897e-10	 1.78175055359512954344e-10	 
 1.56000000000000027534e+00	 6.65527580074333500288e-11	 6.64503696272473623810e-11	 6.65694339568494953878e-11	 4.01268639964611912208e-09	 4.01228035377087801073e-09	 4.00765254955894181375e-09	 4.15350839434629492635e-09	 1.57535191666798147156e-09	 1.46150214626127291108e-09	 3.97215192802039952021e-09	 1.13187999372766720589e-10	 1.66888399124520349067e-10	 1.66871714142900861731e-10	 1.66888967368401257934e-10	 
 1.58000000000000007105e+00	 6.22941097757044901814e-11	 6.21972690825557361678e-11	 6.23083986246565760137e-11	 3.71507195723567004813e-09	 3.71469851507389132649e-09	 3.71012998630448546030e-09	 3.85069932925839170056e-09	 1.46644966025056001023e-09	 1.36092747480937725702e-09	 3.67706527442261319182e-09	 1.07271093737984227021e-10	 1.56182407389471784945e-10	 1.56166742900293667601e-10	 1.56182872763996991001e-10	 
 1.60000000000000008882e+00	 5.82592853295425863007e-11	 5.81675845742972230693e-11	 5.82709275828639473125e-11	 3.43683945973561773956e-09	 3.43648654420234498395e-09	 3.43198194859614522579e-09	 3.56695457780769644695e-09	 1.36454566687463986814e-09	 1.26690231745333736990e-09	 3.40121714567261981255e-09	 1.01644522995777440950e-10	 1.46040055015982480031e-10	 1.46025353248341447778e-10	 1.46040407351833754206e-10	 
 1.61999999999999988454e+00	 5.44452375991865330781e-11	 5.43585383235100431146e-11	 5.44545256580639221882e-11	 3.17739322056478837361e-09	 3.17703560288134207628e-09	 3.17262602192807537887e-09	 3.30181292764313270511e-09	 1.26938007587207257055e-09	 1.17917656634780763185e-09	 3.14404871557935717535e-09	 9.62992517439870583786e-11	 1.36453918045016543291e-10	 1.36440123564092531973e-10	 1.36454154687868054185e-10	 
 1.64000000000000012434e+00	 5.08366451193717438530e-11	 5.07549642948908273715e-11	 5.08441312215640000436e-11	 2.93526554262660235400e-09	 2.93486777778352597155e-09	 2.93059719153226676746e-09	 3.05385988062887390603e-09	 1.18052825289358316220e-09	 1.09737629312098905931e-09	 2.90411884692011721347e-09	 9.12267064942959175283e-11	 1.27385330492157049754e-10	 1.27372390899928063536e-10	 1.27385449102289091982e-10	 
 1.66000000000000014211e+00	 4.74273059730033001895e-11	 4.73505706930412654009e-11	 4.74333749333624990072e-11	 2.70948697167323569150e-09	 2.70903612143104941366e-09	 2.70495003923313369963e-09	 2.82220603959238530502e-09	 1.09756857639759146521e-09	 1.02107727780228909598e-09	 2.68048276172659489899e-09	 8.64111342758383265654e-11	 1.18819256689904219071e-10	 1.18807127127890475639e-10	 1.18819264008994579239e-10	 
 1.67999999999999993783e+00	 4.42147349334821626123e-11	 4.41427641461984685295e-11	 4.42195664007522225272e-11	 2.49958563417998333325e-09	 2.49909197340699542365e-09	 2.49524032134100611892e-09	 2.60642181924269921503e-09	 1.02027095443735800079e-09	 9.50041202638291456397e-10	 2.47269619120081906424e-09	 8.18427338864344996802e-11	 1.10750144125793541301e-10	 1.10738786728947144589e-10	 1.10750055655011360911e-10	 
 1.70000000000000017764e+00	 4.11836174969144268201e-11	 4.11162109435956198345e-11	 4.11872909467198771065e-11	 2.30422299129728639249e-09	 2.30370587236257807222e-09	 2.30015006688814763637e-09	 2.40516115835336566851e-09	 9.48271333462897340036e-10	 8.83950684787236825594e-10	 2.27946060970763335701e-09	 7.75138061409491196649e-11	 1.03139844273419749119e-10	 1.03129228264109790610e-10	 1.03139678532999747484e-10	 
 1.71999999999999997335e+00	 3.83277071746293686121e-11	 3.82646193582712162432e-11	 3.83302330026400152397e-11	 2.12252711066218399103e-09	 2.12199722095662852193e-09	 2.11876376492140703942e-09	 2.21761441413525967785e-09	 8.81167855159457392154e-10	 8.22404977153363727289e-10	 2.09981168964580487147e-09	 7.34074298713932003969e-11	 9.59711274926859274593e-11	 9.59612173037099427933e-11	 9.59709009743600270591e-11	 
 1.73999999999999999112e+00	 3.56445108695407562380e-11	 3.55854537084597563762e-11	 3.56458348996995950927e-11	 1.95410914800048042243e-09	 1.95356744565907310905e-09	 1.95065259253385794957e-09	 2.04342567731740905302e-09	 8.18747737779985534113e-10	 7.65188665440749613162e-10	 1.93326808312173290889e-09	 6.95127654538789789364e-11	 8.92362352493180250498e-11	 8.92269897031473340609e-11	 8.92359630465335715140e-11	 
 1.76000000000000023093e+00	 3.31185230994627283185e-11	 3.30631962216233446935e-11	 3.31185021731689871819e-11	 1.79775167070817053524e-09	 1.79719343858476107214e-09	 1.79458968263368901912e-09	 1.88134123525829361845e-09	 7.60699802645292174127e-10	 7.12044006313647090736e-10	 1.77858507354899413733e-09	 6.58220618959316961568e-11	 8.28952522406571923858e-11	 8.28866309887432718080e-11	 8.28949493883805987438e-11	 
 1.78000000000000002665e+00	 3.07443680093282610160e-11	 3.06925762437681039850e-11	 3.07431717347487596684e-11	 1.65269722211938656621e-09	 1.65211935941534473225e-09	 1.64977203793159410873e-09	 1.73067683941130636280e-09	 7.06660477273510219452e-10	 6.62607767906972222137e-10	 1.63502339451403545581e-09	 6.23203572915266918710e-11	 7.69357729244437500363e-11	 7.69277403208014118686e-11	 7.69354610652870441423e-11	 
 1.80000000000000004441e+00	 2.85203829465015318682e-11	 2.84720373145584203568e-11	 2.85185112002809074939e-11	 1.51865573205057454460e-09	 1.51805632709452356607e-09	 1.51585949791639533825e-09	 1.59118608171277059291e-09	 6.56449268520053009847e-10	 6.16697720170605202542e-10	 1.50230179761666086641e-09	 5.89984941586087931020e-11	 7.13547881549893766228e-11	 7.13473129330791604050e-11	 7.13544988943674302550e-11	 
 1.81999999999999984013e+00	 2.64313377223316432169e-11	 2.63864356705297127357e-11	 2.64294911393263244741e-11	 1.39455041537324746235e-09	 1.39392428248090627358e-09	 1.39173267347448801198e-09	 1.46173725929751288957e-09	 6.09808938220319277980e-10	 5.74117331923271412979e-10	 1.37933715591609152506e-09	 5.58492625453213781236e-11	 6.61143822895629110575e-11	 6.61074392242732015079e-11	 6.61141592047227507692e-11	 
 1.84000000000000007994e+00	 2.44729434557414558824e-11	 2.44313517955771702028e-11	 2.44714975847025053627e-11	 1.27966268588603986087e-09	 1.27902426061959027799e-09	 1.27676666605669785745e-09	 1.34170579408926804059e-09	 5.66415507231927606179e-10	 5.34525718080008306148e-10	 1.26548086792946829150e-09	 5.28590402107175601045e-11	 6.12028458105075984524e-11	 6.11964044321224069240e-11	 6.12027077888733982750e-11	 
 1.86000000000000009770e+00	 2.26445136213071289778e-11	 2.26059767291938960758e-11	 2.26435881381487545476e-11	 1.17371479836627378056e-09	 1.17309976689349676171e-09	 1.17076309950825679435e-09	 1.23088345219199745590e-09	 5.26116996701172919129e-10	 4.97754318751140365759e-10	 1.16051244889987037434e-09	 5.00190726538152396700e-11	 5.66176029866760847983e-11	 5.66116270645245155576e-11	 5.66175493146945319962e-11	 
 1.87999999999999989342e+00	 2.09314440017454017874e-11	 2.08956787024659806384e-11	 2.09311476094980132889e-11	 1.07571152053564364805e-09	 1.07517124789880542971e-09	 1.07274164480498239585e-09	 1.12822800396621370615e-09	 4.88699224592843131187e-10	 4.63646095276052320878e-10	 1.06346171168693945796e-09	 4.73207760960670954672e-11	 5.23213588825973147307e-11	 5.23158124776210126713e-11	 5.23213881327524780637e-11	 
 1.89999999999999991118e+00	 1.93296672549376054595e-11	 1.92964462606967241501e-11	 1.93299708787699947694e-11	 9.85123978796657714471e-10	 9.84672161874181141789e-10	 9.82182586732803228604e-10	 1.03324276066597813703e-09	 4.53882635888841695828e-10	 4.31903640445722871041e-10	 9.73787063302220333292e-10	 4.47539039800404150103e-11	 4.83045142037543196853e-11	 4.82993633245639504007e-11	 4.83046118996454371706e-11	 
 1.92000000000000015099e+00	 1.78385835597186950021e-11	 1.78077182248771941350e-11	 1.78393424278879241856e-11	 9.01819100604785677475e-10	 9.01437916582714416559e-10	 8.98968132542447344826e-10	 9.45815803929777359653e-10	 4.21542992353574624918e-10	 4.02384175378846908283e-10	 8.91344824783835509236e-10	 4.23112006497203552581e-11	 4.45661132378881093392e-11	 4.45613233078425095713e-11	 4.45662513188467983201e-11	 
 1.93999999999999994671e+00	 1.64438130828388886952e-11	 1.64151317282240009969e-11	 1.64448415263714518281e-11	 8.24937295585711074825e-10	 8.24599488522170934713e-10	 8.22258290088754974938e-10	 8.65021496514662225519e-10	 3.91494508547855938222e-10	 3.74953419114760787036e-10	 8.15284162972372846444e-10	 3.99812610440631339273e-11	 4.10699575198547756422e-11	 4.10654925833559846897e-11	 4.10700982076599948177e-11	 
 1.95999999999999996447e+00	 1.51426289245404432668e-11	 1.51159761936552425852e-11	 1.51438209406245856282e-11	 7.54036813829803605524e-10	 7.53736573953542253369e-10	 7.51546267881448574322e-10	 7.90425068928424935242e-10	 3.63513443356104999206e-10	 3.49373633684341126943e-10	 7.45150487373491004011e-10	 3.77602641933235002380e-11	 3.78090261873757794443e-11	 3.78048635996659718940e-11	 3.78091549626842604798e-11	 
 1.97999999999999998224e+00	 1.39354285911582439396e-11	 1.39106529833337574338e-11	 1.39367311328209555052e-11	 6.89043114934246431981e-10	 6.88794514760447469483e-10	 6.86704536573679945882e-10	 7.21944659158848790339e-10	 3.37508180461066766320e-10	 3.25533543158380009361e-10	 6.80856013461435474026e-10	 3.56446489406463476432e-11	 3.47841791403456055393e-11	 3.47803071343866230575e-11	 3.47842991720556371310e-11	 
 2.00000000000000000000e+00	 1.28085034830266797397e-11	 1.27854577379714111953e-11	 1.28098696625966387975e-11	 6.29220269498797088765e-10	 6.29051484421709981100e-10	 6.26974810970710283400e-10	 6.58736944661104392671e-10	 3.13309047458324596534e-10	 3.03300746959016638976e-10	 6.21663456162954923203e-10	 3.36204491915970051014e-11	 3.19606322857121401922e-11	 3.19570467896060878618e-11	 3.19607515062998749563e-11	 
 2.02000000000000001776e+00	 1.17597872051780342284e-11	 1.17383974628701163653e-11	 1.17612162700459847294e-11	 5.74165908340735840147e-10	 5.74072235403347941676e-10	 5.71970461400996757397e-10	 6.00482851120514840117e-10	 2.90745787279390884376e-10	 2.82511021737829470878e-10	 5.67196620597121732236e-10	 3.16877637515496962367e-11	 2.93337681876587054721e-11	 2.93304574017058495058e-11	 2.93338891317412237409e-11	 
 2.04000000000000003553e+00	 1.07900286548113810998e-11	 1.07702978697388552865e-11	 1.07915659929923099695e-11	 5.23818237497750806157e-10	 5.23765865790254263872e-10	 5.21628419526780703989e-10	 5.47171582370283967692e-10	 2.69751509359788913092e-10	 2.63089666327868927342e-10	 5.17416092195471568694e-10	 2.98438640590563707188e-11	 2.69060804927420166854e-11	 2.69030273840708747361e-11	 2.69062016156727513249e-11	 
 2.06000000000000005329e+00	 9.88597396811458816652e-12	 9.86800330503818570174e-12	 9.88771946700170176851e-12	 4.77533504042388002399e-10	 4.77472537907924624349e-10	 4.75267869458686055766e-10	 4.98055594123855833727e-10	 2.50151846213320680357e-10	 2.44888869796408363053e-10	 4.71701046792292389532e-10	 2.80691780803023968136e-11	 2.46446076174927848047e-11	 2.46417987731194601842e-11	 2.46447267423778164973e-11	 
 2.08000000000000007105e+00	 9.04691454718223314493e-12	 9.03059318713565159496e-12	 9.04882018269004481949e-12	 4.34991220430721237812e-10	 4.34909090857984694439e-10	 4.32638683072516973250e-10	 4.52883859641823320683e-10	 2.31846675033381887525e-10	 2.27823004027428944385e-10	 4.29712531434829153023e-10	 2.63725235006581849427e-11	 2.25465279663057748881e-11	 2.25439444683662896942e-11	 2.25466420394683179778e-11	 
 2.10000000000000053291e+00	 8.27461961387947868120e-12	 8.25964875131337533932e-12	 8.27649404222903873216e-12	 3.96165316248573303592e-10	 3.96076899091174164419e-10	 3.93764502573515719375e-10	 4.11678031289786727918e-10	 2.14803713687489467443e-10	 2.11855020888078321458e-10	 3.91418775984053710786e-10	 2.47558256547557128244e-11	 2.06155328950300682174e-11	 2.06131492954348799341e-11	 2.06156367623685398171e-11	 
 2.12000000000000010658e+00	 7.55704584602505790592e-12	 7.54301292509157699024e-12	 7.55857590083033054849e-12	 3.60488243237920784342e-10	 3.60418296998882711898e-10	 3.58076849904127540816e-10	 3.73775149366888967005e-10	 1.98836737030474243613e-10	 1.96811743691703725952e-10	 3.56282881475794687777e-10	 2.31956843641639845366e-11	 1.88209418425728246787e-11	 1.88187282262831779735e-11	 1.88210262136678773060e-11	 
 2.14000000000000012434e+00	 6.89321988676732428862e-12	 6.87996337956660771632e-12	 6.89433368582104335466e-12	 3.27740023855938287409e-10	 3.27694483647626808986e-10	 3.25337921160403523085e-10	 3.38997984350995628501e-10	 1.83911014732574096877e-10	 1.82681454398908246577e-10	 3.24042675888291293950e-10	 2.17060944691062672652e-11	 1.71610211091253112610e-11	 1.71589604180589292329e-11	 1.71610846875580739935e-11	 
 2.15999999999999969802e+00	 6.28466513197882319807e-12	 6.27218466551554781397e-12	 6.28544888871755109964e-12	 2.97949478087164013311e-10	 2.97921693075043898254e-10	 2.95564587553863080725e-10	 3.07411035059674603761e-10	 1.70027948893809117038e-10	 1.69463214221415321183e-10	 2.94695309316538110305e-10	 2.02916360680478962364e-11	 1.56401625399623140510e-11	 1.56382452224951012183e-11	 1.56402094328612960652e-11	 
 2.18000000000000015987e+00	 5.72015989980629764195e-12	 5.70848323306478213497e-12	 5.72071598106244425357e-12	 2.70644361923968588590e-10	 2.70625409549621094555e-10	 2.68267165631555376589e-10	 2.78459666617338063005e-10	 1.56993541358040980214e-10	 1.56960099315163754639e-10	 2.67771708846128037805e-10	 1.89258619001540868073e-11	 1.42303681354948691740e-11	 1.42285857893832063671e-11	 1.42304030308716298586e-11	 
 2.20000000000000017764e+00	 5.19947740228743640273e-12	 5.18858639690933753514e-12	 5.19986398762209627972e-12	 2.45627817205377762245e-10	 2.45616267192297027036e-10	 2.43265740696905585785e-10	 2.51966944932753936065e-10	 1.44812507947892108426e-10	 1.45215633750972769466e-10	 2.43094796514334636642e-10	 1.76259349849295615429e-11	 1.29305724500609820567e-11	 1.29289174712285705285e-11	 1.29305985761896972004e-11	 
 2.21999999999999975131e+00	 4.72466770523328394541e-12	 4.71451797181455778505e-12	 4.72492580771302960831e-12	 2.22926688333938242061e-10	 2.22927602690593885429e-10	 2.20600188384114860668e-10	 2.27982631904251457719e-10	 1.33503966889936769570e-10	 1.34257886040119931507e-10	 2.20702740805727918748e-10	 1.63984940141823858323e-11	 1.17456440798987864901e-11	 1.17441096487969259067e-11	 1.17456646841269643946e-11	 
 2.24000000000000021316e+00	 4.28592931931226784778e-12	 4.27647906821084104859e-12	 4.28610851620454952697e-12	 2.02137910908678331728e-10	 2.02163626196878539431e-10	 1.99862574975745760988e-10	 2.06031431195505421024e-10	 1.22864258542462271973e-10	 1.23877006374576235729e-10	 2.00209464404525492539e-10	 1.52156010942433857065e-11	 1.06508845829200986283e-11	 1.06494662371195996172e-11	 1.06509046919303640773e-11	 
 2.25999999999999978684e+00	 3.88269392048862371566e-12	 3.87390447092606565022e-12	 3.88281642802172164042e-12	 1.83119339714980977760e-10	 1.83169302896671665037e-10	 1.80899698664827738289e-10	 1.85979455214336780931e-10	 1.12934964271223334146e-10	 1.14145994844309134275e-10	 1.81462142232983945005e-10	 1.40952641742180855620e-11	 9.64502542400174197216e-12	 9.64371599836600945204e-12	 9.64504679550308324270e-12	 
 2.27999999999999980460e+00	 3.51677772894332041631e-12	 3.50861295701982143403e-12	 3.51685148375947670337e-12	 1.65919524623680653447e-10	 1.65983534595148194628e-10	 1.63749160470902455050e-10	 1.67884852974819351898e-10	 1.03758079217828819922e-10	 1.05112856554789578222e-10	 1.64501758069421230717e-10	 1.30457196318278069243e-11	 8.73280681090701614480e-12	 8.73159664356306077079e-12	 8.73282968439164012210e-12	 
 2.30000000000000026645e+00	 3.17967912827580883849e-12	 3.17211011623924811355e-12	 3.17970812340718508875e-12	 1.50215476364192345233e-10	 1.50278369299049164737e-10	 1.48061020903731368166e-10	 1.51341550407535312573e-10	 9.51397844097288189992e-11	 9.65727575499901574010e-11	 1.49017763520868472113e-10	 1.20401149154829547408e-11	 7.89309012490265513607e-12	 7.89196829774051109570e-12	 7.89311585022009327614e-12	 
 2.32000000000000028422e+00	 2.87082709695659546713e-12	 2.86382634357875506990e-12	 2.87083100988813639722e-12	 1.35874498175819892323e-10	 1.35933165715065509567e-10	 1.33731889939214017527e-10	 1.36256906276854314290e-10	 8.71220335354458974082e-11	 8.85985517320821585859e-11	 1.34873188552987765811e-10	 1.10936081143905460729e-11	 7.12405591552579305857e-12	 7.12301613224054278938e-12	 7.12408388287755509223e-12	 
 2.33999999999999985789e+00	 2.59195194542262441621e-12	 2.58550051597067146158e-12	 2.59197913781618366503e-12	 1.22934535703565678439e-10	 1.22994427027876047722e-10	 1.20813826166260969508e-10	 1.22699464711804272639e-10	 7.97502041372433490053e-11	 8.12457346985296998681e-11	 1.22100012293136889909e-10	 1.02142210634074069116e-11	 6.42980191608932228877e-12	 6.42884115145522936343e-12	 6.42982956940737052122e-12	 
 2.36000000000000031974e+00	 2.33585245233071929506e-12	 2.32996521793887133947e-12	 2.33601479841204405431e-12	 1.11129427390254979435e-10	 1.11203300372201025134e-10	 1.09017496799787134758e-10	 1.10335644090029623445e-10	 7.28464140325579164323e-11	 7.43309421304789959228e-11	 1.10436461321458000204e-10	 9.37729724433336333393e-12	 5.79215000412926836399e-12	 5.79126891448430814117e-12	 5.79217236787858047250e-12	 
 2.38000000000000033751e+00	 2.10192252549671088864e-12	 2.09656871928974957611e-12	 2.10222608626083354398e-12	 1.00359396773261545473e-10	 1.00449387062673433981e-10	 9.82599030410667069947e-11	 9.90896086688988110501e-11	 6.64466746010687046986e-11	 6.79050278630332502570e-11	 9.97881276681740323728e-11	 8.59454422603793543359e-12	 5.20985035938167476321e-12	 5.20904503793907040364e-12	 5.20986662523474356281e-12	 
 2.39999999999999991118e+00	 1.89174018182368981998e-12	 1.88685511572289509604e-12	 1.89211607100338718063e-12	 9.06652157697986467661e-11	 9.07680769476757938909e-11	 8.85898026317305419764e-11	 8.90297728753841743563e-11	 6.05972629524665115388e-11	 6.20176597222716820292e-11	 9.01949406570697654289e-11	 7.87360952187194516470e-12	 4.68710073409353868069e-12	 4.68636449744070359731e-12	 4.68711259104604622961e-12	 
 2.41999999999999948486e+00	 1.69933055932674383580e-12	 1.69483417739755588966e-12	 1.69966319397041079182e-12	 8.18297510527981195296e-11	 8.19458710267739621915e-11	 7.97662702178008089110e-11	 7.99020592640411660215e-11	 5.51436796790808585635e-11	 5.65087819500852094767e-11	 8.14394773353107093181e-11	 7.19338580774876413924e-12	 4.20924267427423693540e-12	 4.20856984804802260688e-12	 4.20925231205470721354e-12	 
 2.44000000000000039080e+00	 1.52409833395761981529e-12	 1.51994896072476136120e-12	 1.52435710008393209563e-12	 7.37780184933639494318e-11	 7.39040174719545646570e-11	 7.17302489076174212410e-11	 7.16199819380183322968e-11	 5.01087294905811548786e-11	 5.14125841420402483680e-11	 7.34546774313447114881e-11	 6.56128142727970260165e-12	 3.77431284375533762269e-12	 3.77369827443904005520e-12	 3.77432086655844909912e-12	 
 2.45999999999999996447e+00	 1.36749031428089768586e-12	 1.36366323874075851751e-12	 1.36768600651095702341e-12	 6.65518580006553907646e-11	 6.66791614160863978526e-11	 6.45305670244144361528e-11	 6.42275614075081651587e-11	 4.55355015256840061354e-11	 4.67757207675964958015e-11	 6.62841533716077649940e-11	 5.98392157557949607266e-12	 3.38566906882376500177e-12	 3.38510718401260279559e-12	 3.38567491216896383367e-12	 
 2.47999999999999953815e+00	 1.22478836380251859682e-12	 1.22125602676143639891e-12	 1.22491677636600108677e-12	 5.99825811529920880937e-11	 6.00933570850338198290e-11	 5.79703568949094630692e-11	 5.75137729626226134701e-11	 4.12986843094905553166e-11	 4.24693430026160606468e-11	 5.97585870684141188803e-11	 5.44445215680829170339e-12	 3.03151463732001644988e-12	 3.03099946072464543711e-12	 3.03151613449025828962e-12	 
 2.50000000000000044409e+00	 1.09522092393575295908e-12	 1.09196343764748380837e-12	 1.09529226699481136319e-12	 5.40036423613256132007e-11	 5.40944983463517696202e-11	 5.20053040428742252160e-11	 5.14266413909541437352e-11	 3.74031038223849579754e-11	 3.85040113526069049419e-11	 5.38171848301341491701e-11	 4.94606592942238888631e-12	 2.71000235537682797482e-12	 2.70952999051453217150e-12	 2.70999977261304456436e-12	 
 2.52000000000000001776e+00	 9.79925273249577725420e-13	 9.76927826903680565260e-13	 9.79968100150473793817e-13	 4.86467044974921972756e-11	 4.87224085261872894807e-11	 4.66815038867972211925e-11	 4.60152053062004823484e-11	 3.38827752061637714727e-11	 3.49154794515945201413e-11	 4.84953843810350671387e-11	 4.49373000435833394677e-12	 2.42401701979225534730e-12	 2.42358464839088442053e-12	 2.42401280262109169896e-12	 
 2.54000000000000003553e+00	 8.75156976979354600493e-13	 8.72415051370013146343e-13	 8.75235072349930612796e-13	 4.37722372574325265026e-11	 4.38391456312426748873e-11	 4.18452496750675200873e-11	 4.11165874481004204527e-11	 3.06362739131403663476e-11	 3.15994209983797289142e-11	 4.36624595786158163697e-11	 4.07389686226057285925e-12	 2.16425063445069818845e-12	 2.16385701777998949546e-12	 2.16425028861192699309e-12	 
 2.56000000000000049738e+00	 7.80246482191609640976e-13	 7.77745558734401378908e-13	 7.80370643689083584266e-13	 3.93375502941078643658e-11	 3.93983159713807832962e-11	 3.74560084335117187502e-11	 3.66844758429193792313e-11	 2.76607290541318581090e-11	 2.85565208606609324045e-11	 3.92675651788045700771e-11	 3.68768466465697741008e-12	 1.92899382737138952113e-12	 1.92863640943557057960e-12	 1.92899823727241400968e-12	 
 2.58000000000000007105e+00	 6.96159859617326613417e-13	 6.93878807170399773509e-13	 6.96307529788960413239e-13	 3.53761723508187670870e-11	 3.54324020683120237598e-11	 3.35501545998297124772e-11	 3.27590240249817759698e-11	 2.49846147252176725027e-11	 2.58166962235859633059e-11	 3.53404180879587155602e-11	 3.33908217969060318086e-12	 1.72063501203479549728e-12	 1.72031010272381530910e-12	 1.72064215987445407880e-12	 
 2.60000000000000008882e+00	 6.19981453845793271308e-13	 6.17902768256323732279e-13	 6.20111943564980721233e-13	 3.17804230981027394654e-11	 3.18369491254198901524e-11	 3.00042494365569470426e-11	 2.92201063080833998530e-11	 2.25278279060752588513e-11	 2.32980032311043761574e-11	 3.17824445684916450401e-11	 3.01729545357734478609e-12	 1.53192441053996456172e-12	 1.53162821416346342862e-12	 1.53193079824997094845e-12	 
 2.62000000000000055067e+00	 5.51122551632937970360e-13	 5.49229986121054543723e-13	 5.51225429249147490793e-13	 2.85136061292669630217e-11	 2.85713675923638941791e-11	 2.67894785002484754928e-11	 2.60243974584752519659e-11	 2.02825138132879783464e-11	 2.09939379018850073968e-11	 2.85500802527695949651e-11	 2.72230542210372818411e-12	 1.36138570015158373486e-12	 1.36111559579296288284e-12	 1.36139045851279757880e-12	 
 2.64000000000000012434e+00	 4.90369014295299993038e-13	 4.88643949998040781700e-13	 4.90448151435142951798e-13	 2.56023438391370747781e-11	 2.56600485861314970204e-11	 2.39373837106779667349e-11	 2.32007924155135655020e-11	 1.82716226005061649997e-11	 1.89279297249740592741e-11	 2.56649931447231792792e-11	 2.45733985721991715628e-12	 1.21096683185384167272e-12	 1.21072047740239178687e-12	 1.21097057176434527241e-12	 
 2.66000000000000014211e+00	 4.35469057095110774001e-13	 4.33888164203092211661e-13	 4.35518810833340842077e-13	 2.29627980284359785427e-11	 2.30190583092869159649e-11	 2.13460443938532437942e-11	 2.06571775271420403575e-11	 1.64326540943344612648e-11	 1.70349837808817036297e-11	 2.30456006704372732107e-11	 2.21391006395364334552e-12	 1.07505371799137286360e-12	 1.07482859197310655929e-12	 1.07505754386198165661e-12	 
 2.67999999999999971578e+00	 3.85941892545910282259e-13	 3.84491002248327626458e-13	 3.85963777946303505051e-13	 2.05670801290913646738e-11	 2.06212451092115838754e-11	 1.89989841497607758372e-11	 1.83620899434846227833e-11	 1.47559523999389587945e-11	 1.53073996499316572149e-11	 2.06656626789483618146e-11	 1.99140156904437459009e-12	 9.52464532163267327667e-13	 9.52258829629403895083e-13	 9.52468736376995243289e-13	 
 2.70000000000000017764e+00	 3.42425890219491856840e-13	 3.41092170036565143563e-13	 3.42425486531663930228e-13	 1.84382892098368263187e-11	 1.84895853128697464002e-11	 1.69266380898734751795e-11	 1.63397195615733229707e-11	 1.32596643802720830601e-11	 1.37647929452087716224e-11	 1.85481297440070646546e-11	 1.79237682970232676804e-12	 8.44791776564110279635e-13	 8.44603815010660913029e-13	 8.44796284717328242934e-13	 
 2.72000000000000019540e+00	 3.03201999402942966417e-13	 3.01958700298110929427e-13	 3.03178438328776442399e-13	 1.65153050695152495178e-11	 1.65608879528448641150e-11	 1.50521104462047055439e-11	 1.45196868469652541678e-11	 1.18941694616223707499e-11	 1.23574459577906993244e-11	 1.66340279370477591723e-11	 1.61008218090906849213e-12	 7.47740393524891487852e-13	 7.47568126224040143218e-13	 7.47745630303838384429e-13	 
 2.73999999999999976907e+00	 2.67885250140215006951e-13	 2.66722327047922822686e-13	 2.67841670411369391429e-13	 1.47726524084877526081e-11	 1.48122077286678535862e-11	 1.33586568071026248212e-11	 1.28791579479476908367e-11	 1.06513524759456270421e-11	 1.10760952517163239538e-11	 1.48978054973233450540e-11	 1.44383087539762206356e-12	 6.60373569419630860023e-13	 6.60215678511301340318e-13	 6.60379513303472154644e-13	 
 2.76000000000000023093e+00	 2.36984455198541929161e-13	 2.35901026597931160122e-13	 2.36928975470353450494e-13	 1.32264781337386826651e-11	 1.32614802669125019842e-11	 1.18692889173732679196e-11	 1.14385067782016458321e-11	 9.54654013461338231427e-12	 9.93558717671950135561e-12	 1.33542025447247207154e-11	 1.29575627020994953812e-12	 5.83969138279010762964e-13	 5.83824582055300160043e-13	 5.83975418995221976493e-13	 
 2.77999999999999980460e+00	 2.09199851898961795157e-13	 2.08192312368110626976e-13	 2.09148569411030127055e-13	 1.18285282732630149219e-11	 1.18625887607189665819e-11	 1.05261163042780313817e-11	 1.01478815955127280285e-11	 8.54147983441427257755e-12	 8.89606068083318674967e-12	 1.19526072548378877144e-11	 1.16058266582161323064e-12	 5.15295903497410801013e-13	 5.15163576874457852327e-13	 5.15301902087008110355e-13	 
 2.79999999999999982236e+00	 1.84230466444705522883e-13	 1.83295884274609393184e-13	 1.84187885818518053048e-13	 1.05618521093039206090e-11	 1.05959293965792092423e-11	 9.31517078065936116142e-12	 8.98681537834023329208e-12	 7.62856135418607545632e-12	 7.95085814572002700746e-12	 1.06802733397090880088e-11	 1.03758504786973244009e-12	 4.53602063767492209974e-13	 4.53481083759558764587e-13	 4.53607580899744132411e-13	 
 2.82000000000000028422e+00	 1.62474069344920362436e-13	 1.61611987565976959900e-13	 1.62439093011322305233e-13	 9.44081205034105731982e-12	 9.47446761155329254884e-12	 8.25471822401301477253e-12	 7.96915361878059487303e-12	 6.81983726800652738698e-12	 7.11278431656052499360e-12	 9.55366722875460353372e-12	 9.28470703927208565937e-13	 3.99878647001601330622e-13	 3.99768202040035693204e-13	 3.99883613649783296902e-13	 
 2.83999999999999985789e+00	 1.42942604460189322622e-13	 1.42163651724186506008e-13	 1.42918865841615486780e-13	 8.42903273084357870271e-12	 8.46267981359080196001e-12	 7.30385819861952371948e-12	 7.05733809931299581559e-12	 6.08551390051669648773e-12	 6.35077158886969973684e-12	 8.53786625164091439655e-12	 8.29100303282356010403e-13	 3.51698649111937989700e-13	 3.51598151224350927912e-13	 3.51702414368931527712e-13	 
 2.85999999999999987566e+00	 1.25420863830512773246e-13	 1.24723284159152964944e-13	 1.25407985525528528540e-13	 7.51324232463785819921e-12	 7.54682391375637969561e-12	 6.44897536533496727576e-12	 6.23739520554664476894e-12	 5.41958388065473554192e-12	 5.65920449042082293197e-12	 7.61840098665617732083e-12	 7.38859707686372149490e-13	 3.08497858373036714076e-13	 3.08406633717694458212e-13	 3.08500353630524029989e-13	 
 2.87999999999999989342e+00	 1.10230127422218131709e-13	 1.09603574801953896224e-13	 1.10223910772231262158e-13	 6.70450127236898958063e-12	 6.73766117559950203818e-12	 5.70281273887265450413e-12	 5.52067028195045608127e-12	 4.83187349305756691361e-12	 5.04847577444716092236e-12	 6.80578842276809840626e-12	 6.59157987409412151141e-13	 2.71052690589747413564e-13	 2.70969928907227722925e-13	 2.71054201517126026536e-13	 
 2.90000000000000035527e+00	 9.66568474291786850104e-14	 9.60868017830878435567e-14	 9.66455364858566982499e-14	 5.97478968884293504633e-12	 6.00803586266611421388e-12	 5.03732550240864183194e-12	 4.87958434786694049033e-12	 4.29956204142755075932e-12	 4.49516592584797664208e-12	 6.07504216399347739104e-12	 5.86899113959193095071e-13	 2.37577092691341013309e-13	 2.37502068851173347744e-13	 2.37577664859458882235e-13	 
 2.91999999999999992895e+00	 8.45138181567919534483e-14	 8.39933464105884261949e-14	 8.44949207121641490300e-14	 5.31475392067465075754e-12	 5.34803941295133119300e-12	 4.44043589764096173874e-12	 4.30369206204339205176e-12	 3.81772053537263840299e-12	 3.99411676407390427727e-12	 5.41435107643923697455e-12	 5.21449846604598653287e-13	 2.07629191882563641593e-13	 2.07561292438899862827e-13	 2.07628959459982483225e-13	 
 2.93999999999999994671e+00	 7.40304412339958129666e-14	 7.35570458391991038006e-14	 7.40085155657357009785e-14	 4.73357975288273934636e-12	 4.76641216488268539322e-12	 3.92083652839924389399e-12	 3.80122263970397360912e-12	 3.39409974482487223421e-12	 3.55322133408742603801e-12	 4.83114924751630745152e-12	 4.63865234158132162942e-13	 1.81791924014735929589e-13	 1.81730530354258188986e-13	 1.81791189811665707847e-13	 
 2.96000000000000040856e+00	 6.46744705121086270167e-14	 6.42512759047602563000e-14	 6.46657538440894404995e-14	 4.21119454332002516608e-12	 4.24339407342733506402e-12	 3.46061030987080471872e-12	 3.34917751640482790757e-12	 3.01142019883938908274e-12	 3.15443922542505046700e-12	 4.30577187355564613019e-12	 4.11802933362926244017e-13	 1.58757055061765313202e-13	 1.58701759703559911829e-13	 1.58756574106349552557e-13	 
 2.97999999999999998224e+00	 5.63183620751863628119e-14	 5.59432026184193375908e-14	 5.63260227341660371893e-14	 3.73955298547638731071e-12	 3.77095566514375066243e-12	 3.04889145044505020629e-12	 2.94266793272262447311e-12	 2.66568145039438424278e-12	 2.79389967248539825557e-12	 3.83063429727160196586e-12	 3.64739572271507364662e-13	 1.38195070380433710833e-13	 1.38145407068334814361e-13	 1.38195033984185426255e-13	 
 3.00000000000000000000e+00	 4.91430948419122153033e-14	 4.88092554635344509268e-14	 4.91611731437953572353e-14	 3.32508512055490863256e-12	 3.35544127195141132955e-12	 2.69085244180334633352e-12	 2.58971007276766482187e-12	 2.36282868757518779922e-12	 2.47792858991251922649e-12	 3.41208894462911310602e-12	 3.23483823621682978370e-13	 1.20543951985056151896e-13	 1.20499277496688928334e-13	 1.20544177489086348019e-13	 
 3.02000000000000046185e+00	 4.27725293366319672227e-14	 4.24689451482218791729e-14	 4.27899522728004536918e-14	 2.95253229023585529522e-12	 2.98191809046318793120e-12	 2.37540060740326537065e-12	 2.27261321856787444529e-12	 2.08928318193328731263e-12	 2.19287228206344532437e-12	 3.03444149395556689987e-12	 2.86187105564687992244e-13	 1.04858184156783094165e-13	 1.04817398147428551649e-13	 1.04858198923643259442e-13	 
 3.04000000000000003553e+00	 3.71004669912504460009e-14	 3.68223922451198646190e-14	 3.71138077762031981557e-14	 2.61634408067295334247e-12	 2.64472184932476689334e-12	 2.09366036046838301737e-12	 1.98797677401048310526e-12	 1.84244368148513404347e-12	 1.93566596489222497377e-12	 2.69293568882775611787e-12	 2.52512907040160102757e-13	 9.08908928299727716201e-14	 9.08534999579741863260e-14	 9.08905801064571714798e-14	 
 3.06000000000000005329e+00	 3.22521929026215120451e-14	 3.19984121281659958597e-14	 3.22622214986995284792e-14	 2.32168394576130734336e-12	 2.34886279044072375396e-12	 1.84854846456875261550e-12	 1.74200648130303543845e-12	 1.62726522577533870567e-12	 1.71118031239808650542e-12	 2.39305872756476999487e-12	 2.23143460061714044597e-13	 7.89623034309834592806e-14	 7.89281819380402236035e-14	 7.89617756719996702540e-14	 
 3.08000000000000007105e+00	 2.79498229087347196819e-14	 2.77190568661870646702e-14	 2.79540558293305162863e-14	 2.05711494103213828810e-12	 2.08302036837895997211e-12	 1.63304989928511676551e-12	 1.51983192411884393190e-12	 1.43362735923595793812e-12	 1.50896301065021734159e-12	 2.12300633021020929259e-12	 1.96744464354823078735e-13	 6.83824498471528561565e-14	 6.83518018532614059204e-14	 6.83818026148480205160e-14	 
 3.10000000000000008882e+00	 2.41253327909777423970e-14	 2.39161670087141452996e-14	 2.41237131513253189685e-14	 1.81862089438595577182e-12	 1.84322245054374169924e-12	 1.44062070298873014944e-12	 1.32039888790157626721e-12	 1.25934909633569708677e-12	 1.32681915921791587161e-12	 1.87916679844593172778e-12	 1.72987600062275942260e-13	 5.89823694021363750646e-14	 5.89550679716547005315e-14	 5.89816517981546373353e-14	 
 3.12000000000000010658e+00	 2.08764283714865856943e-14	 2.06872682632470659862e-14	 2.08709717508775545948e-14	 1.61017444293503437192e-12	 1.63343859830384833670e-12	 1.27291176779480539912e-12	 1.14943584137056672388e-12	 1.10813781324976683804e-12	 1.16858237044767734658e-12	 1.66578959777500601276e-12	 1.52355920866995517034e-13	 5.10037958685913564786e-14	 5.09794536521936989612e-14	 5.10030417412351497399e-14	 
 3.13999999999999968026e+00	 1.80081298615471923412e-14	 1.78380412174712894303e-14	 1.80022825211752338023e-14	 1.42314815240103591079e-12	 1.44543748280544681034e-12	 1.12415707115470921125e-12	 9.94537581700005376058e-13	 9.72376501556951965329e-13	 1.02615453713696809842e-12	 1.47461344410966774615e-12	 1.33869512929907368154e-13	 4.39620843554127799877e-14	 4.39402856937868012641e-14	 4.39612939218442149589e-14	 
 3.16000000000000014211e+00	 1.54673304693628294928e-14	 1.53150272793099237993e-14	 1.54622549725174577299e-14	 1.25472673712300171336e-12	 1.27613389355702110759e-12	 9.90843263295084057895e-13	 8.55746353163036352434e-13	 8.50457761910618479572e-13	 8.98085182116778459611e-13	 1.30244347620602977582e-12	 1.17271892533175259929e-13	 3.77271116279775987902e-14	 3.77075883168466355686e-14	 3.77262963476530882910e-14	 
 3.18000000000000015987e+00	 1.33218221853726306727e-14	 1.31854553883981401565e-14	 1.33173035308720082534e-14	 1.10798731117670799123e-12	 1.12840510994699815952e-12	 8.74688581703793152862e-13	 7.38183407962533911636e-13	 7.45234102368017246110e-13	 7.87455920176262966020e-13	 1.15218475371961104996e-12	 1.02921440492757153458e-13	 3.24672360442301610155e-14	 3.24497694919420229282e-14	 3.24664306030984105358e-14	 
 3.19999999999999973355e+00	 1.14351700151186912162e-14	 1.13119134028285055632e-14	 1.14304525423262535098e-14	 9.76205538607272516722e-13	 9.95956670732725497958e-13	 7.70250069038719066390e-13	 6.32375617648682395025e-13	 6.51016135585928678621e-13	 6.88108627039212757747e-13	 1.01805439959115689898e-12	 9.00903111076714847256e-14	 2.78405983517782872511e-14	 2.78249937374111181209e-14	 2.78399126680816980594e-14	 
 3.22000000000000019540e+00	 9.76919916392538726500e-15	 9.65755449568061587123e-15	 9.76410739160834193102e-15	 8.57611548716023640520e-13	 8.76754232571611964875e-13	 6.76225015826230654851e-13	 5.38145505301767598585e-13	 5.66619240468973186990e-13	 5.99004067342902465566e-13	 8.97492404576376756857e-13	 7.85938644573639024457e-14	 2.37563046828103901820e-14	 2.37423995333573386581e-14	 2.37557644332379632852e-14	 
 3.24000000000000021316e+00	 8.37155978970749504603e-15	 8.27069600403866806913e-15	 8.36635174743737789259e-15	 7.54749352439231446751e-13	 7.73099421217757623274e-13	 5.94545149503076248586e-13	 4.59402967243012369292e-13	 4.94212217875101244225e-13	 5.22539432201851723283e-13	 7.92461729321048362860e-13	 6.87041407017940740826e-14	 2.03345472713573428250e-14	 2.03221698138098016490e-14	 2.03341230709085952088e-14	 
 3.25999999999999978684e+00	 7.14823960751017319175e-15	 7.05613250898916160383e-15	 7.14307008503983462765e-15	 6.62781473544977864539e-13	 6.80181434185909718630e-13	 5.18693530390822990183e-13	 3.89235337868832938506e-13	 4.29648204528030609875e-13	 4.54194168187541760191e-13	 6.98157996883678914538e-13	 5.98920814179368874228e-14	 1.73385424617543405345e-14	 1.73275856854238127522e-14	 1.73382705536102021240e-14	 
 3.28000000000000024869e+00	 6.07184597416079653758e-15	 5.98755639098957756061e-15	 6.06680337762917644351e-15	 5.80249728682747652787e-13	 5.96646757971441041816e-13	 4.49775539037099666042e-13	 3.27227806726042751463e-13	 3.72001626649128448639e-13	 3.93117345396076672501e-13	 6.13277799671404854642e-13	 5.20181492866705896099e-14	 1.47034629469615755727e-14	 1.46938099688409570785e-14	 1.47033381348899625318e-14	 
 3.29999999999999982236e+00	 5.17487629767570660225e-15	 5.09829287734420089254e-15	 5.17004440751224656002e-15	 5.08953987640338326674e-13	 5.24319765152024545097e-13	 3.90772067526589718734e-13	 2.76181818045899894626e-13	 3.22852644320796520914e-13	 3.41062121372237741351e-13	 5.39684593056932208551e-13	 4.52828499805233352557e-14	 1.25122285603902822783e-14	 1.25037282778040806975e-14	 1.25122072008212818573e-14	 
 3.31999999999999984013e+00	 4.39054613098545236699e-15	 4.32273457075532317508e-15	 4.38580810228728613526e-15	 4.45257235829396099804e-13	 4.59628092611045342867e-13	 3.35252601573269703334e-13	 2.31334304588162187687e-13	 2.79165972440520885796e-13	 2.94668774797652603871e-13	 4.74140859366874635204e-13	 3.93374551530253432247e-14	 1.06022341920302380134e-14	 1.05948485518706448418e-14	 1.06023081380476588416e-14	 
 3.34000000000000030198e+00	 3.70210953153074100808e-15	 3.64291890305985797589e-15	 3.69746189389665928837e-15	 3.88182506654222678422e-13	 4.01589341959933881495e-13	 2.84860091703303449515e-13	 1.92082527427593944047e-13	 2.40278873211798103180e-13	 2.53340823506731674703e-13	 4.15389587318934914004e-13	 3.40508220487254210769e-14	 8.92881115038456714734e-15	 8.92245351938940254782e-15	 8.92896487808065068552e-15	 
 3.36000000000000031974e+00	 3.13351650256508055456e-15	 3.08183567195928238355e-15	 3.12912559454481111621e-15	 3.39130274730982878380e-13	 3.51578078345692235384e-13	 2.42804312488766167176e-13	 1.60259354958683668302e-13	 2.07364932663513616076e-13	 2.18408172258629424830e-13	 3.64595029417845976365e-13	 2.95433173108191692347e-14	 7.54877789371120791430e-15	 7.54329126026890939061e-15	 7.54897834289558431234e-15	 
 3.37999999999999989342e+00	 2.63909614050029690150e-15	 2.59482479715254005288e-15	 2.63609922615837136142e-15	 2.95500176664501309381e-13	 3.07021717855433673196e-13	 2.04161315034307000100e-13	 1.32809362901612294896e-13	 1.78323649060511194727e-13	 1.87555625453598765981e-13	 3.19230843286949681322e-13	 2.55188541607457442832e-14	 6.35179718756549094005e-15	 6.34705885774472915142e-15	 6.35199303821678420740e-15	 
 3.39999999999999991118e+00	 2.20717073327460559285e-15	 2.16974480340263511264e-15	 2.20578653906279313745e-15	 2.56527297911011529778e-13	 2.67160940671536717142e-13	 1.69649656554769549606e-13	 1.09053104407420261742e-13	 1.52597204617892103171e-13	 1.60228238179445703017e-13	 2.78565560994698353581e-13	 2.19301590129710386551e-14	 5.30759935510822680619e-15	 5.30351846573949805628e-15	 5.30777265751261130085e-15	 
 3.42000000000000037303e+00	 1.85395915777452991465e-15	 1.82217498894147653372e-15	 1.85365997763579750818e-15	 2.23205732739389634026e-13	 2.32984520925519762489e-13	 1.41643639316300151614e-13	 9.00468599039852046435e-14	 1.30972091062546021786e-13	 1.37304217766805260500e-13	 2.43582891409251797363e-13	 1.88985325130794930680e-14	 4.45450251333377001314e-15	 4.45098224571822549998e-15	 4.45465643921083808662e-15	 
 3.43999999999999994671e+00	 1.54966402854177216202e-15	 1.52225008895240713275e-15	 1.55014193306272705143e-15	 1.93748278616665824424e-13	 2.02728956172161833605e-13	 1.17073159727161044868e-13	 7.38286845454959872325e-14	 1.11984178969439305954e-13	 1.17180386975409500389e-13	 2.12547674505200700775e-13	 1.62250225653034777964e-14	 3.71887799560692646761e-15	 3.71584976082003340119e-15	 3.71902274942244074491e-15	 
 3.45999999999999996447e+00	 1.28552798240332053483e-15	 1.26177299640724585639e-15	 1.28657449747534286850e-15	 1.67533898271954898824e-13	 1.75764029397543916885e-13	 9.56636130888837530150e-14	 5.99063954694439991715e-14	 9.52287617727466517156e-14	 9.94366877629767384365e-14	 1.84833824918818758704e-13	 1.38579402493424139040e-14	 3.08035628410414441399e-15	 3.07776388617336968902e-15	 3.08049489774355922142e-15	 
 3.48000000000000042633e+00	 1.07160263056899888107e-15	 1.05101003050829117248e-15	 1.07295260468003065608e-15	 1.45222966809919851102e-13	 1.52742609553723650380e-13	 7.86328981530606720153e-14	 4.89238825941168548783e-14	 8.12466058286772205039e-14	 8.46692363675911886593e-14	 1.61082873678182344685e-13	 1.18724633822333163318e-14	 2.56413530391227041129e-15	 2.56191143337220996612e-15	 2.56426395080207596102e-15	 
 3.50000000000000000000e+00	 8.88370392923402755393e-16	 8.70290198516484797833e-16	 8.89213716196660409225e-16	 1.25521807805749484069e-13	 1.32396286719488675130e-13	 6.40002008828181333696e-14	 3.96177482597361710128e-14	 6.89548571715223187032e-14	 7.17298451802798692045e-14	 1.39925079350705318079e-13	 1.01247228047081495279e-14	 2.12184297663601156925e-15	 2.11992551689099596376e-15	 2.12193367807747367188e-15	 
 3.52000000000000001776e+00	 7.30134193735572451866e-16	 7.14211925700401762643e-16	 7.30262474156744478792e-16	 1.08021547981427881433e-13	 1.14297495402264541216e-13	 5.14272588797926017510e-14	 3.16850732003584447537e-14	 5.81285513034754494071e-14	 6.03567636403724212004e-14	 1.21026196466125280590e-13	 8.58182291391786639994e-15	 1.74007767589507460768e-15	 1.73842597323303781861e-15	 1.74012531900614904447e-15	 
 3.54000000000000047962e+00	 6.03366574777723753498e-16	 5.89399166362491984004e-16	 6.03058274273265733472e-16	 9.32109567581663079134e-14	 9.89223860139236056413e-14	 4.16236287501956202460e-14	 2.55355140393479251411e-14	 4.91892586993588776963e-14	 5.09874517559513862904e-14	 1.04935774212416130325e-13	 7.29931804724552570775e-15	 1.43504707050058061423e-15	 1.43362444381363287425e-15	 1.43506654135153379185e-15	 
 3.56000000000000005329e+00	 4.94841566920417073400e-16	 4.82652569427020637981e-16	 4.94518271813439969811e-16	 8.01501449114807663855e-14	 8.53311800993106869014e-14	 3.33183264072209253127e-14	 2.03958305054138354928e-14	 4.13956508646430928038e-14	 4.28528578273463791250e-14	 9.06721292348454646827e-14	 6.17252930393153470778e-15	 1.17444509060125723909e-15	 1.17322397896492637124e-15	 1.17445171270323647425e-15	 
 3.58000000000000007105e+00	 4.01458920881505683239e-16	 3.90888539167325162512e-16	 4.01266041549204423124e-16	 6.85740185501164822453e-14	 7.32587945008526459710e-14	 2.62643042992520285551e-14	 1.60608179138888563931e-14	 3.45742938685236275699e-14	 3.57493640700396339767e-14	 7.79794085751959272151e-14	 5.18130670871299510362e-15	 9.50572682554802258273e-16	 9.49530646616400598730e-16	 9.50573213098347639717e-16	 
 3.60000000000000053291e+00	 3.27808005139019981280e-16	 3.18661769396180582087e-16	 3.27693691844118789386e-16	 5.88443858092651563809e-14	 6.30694286144930519929e-14	 2.08884282933702129849e-14	 1.27623092706683496173e-14	 2.90030459417275865946e-14	 2.99559270973876624105e-14	 6.72448638910788516650e-14	 4.36690014162430719812e-15	 7.74492816925627391278e-16	 7.73603420699783287523e-16	 7.74489164809647608300e-16	 
 3.62000000000000010658e+00	 2.65433028719055011072e-16	 2.57473402123438774874e-16	 2.65184091736772444202e-16	 5.02744151087506386453e-14	 5.40450285722159398458e-14	 1.63952712326078030170e-14	 1.00558562526904006087e-14	 2.41587847787370960177e-14	 2.49299499663581592908e-14	 5.77374155643778310851e-14	 3.65562757673945273727e-15	 6.25455030229659515633e-16	 6.24696544809328281359e-16	 6.25436771179942694808e-16	 
 3.63999999999999968026e+00	 2.12236232829739802005e-16	 2.05318275232705059207e-16	 2.11803761339135512234e-16	 4.26980392141890549849e-14	 4.60394836000212836351e-14	 1.26258632359887959587e-14	 7.80227258769099939447e-15	 1.99375569638440586916e-14	 2.05561758939580388150e-14	 4.92973889311366069080e-14	 3.03357401758019103811e-15	 4.98493072528734829934e-16	 4.97849522223965520552e-16	 4.98459075646307810287e-16	 
 3.65999999999999969802e+00	 1.70995503718642250300e-16	 1.65016009908843642382e-16	 1.70473128283029611993e-16	 3.63845681678218239185e-14	 3.93451727259359154462e-14	 9.83205631042591205557e-15	 6.11673877914609859320e-15	 1.65385406082720923063e-14	 1.70381488208853334602e-14	 4.22194071413331670230e-14	 2.52973192627096559298e-15	 4.00447074871790246280e-16	 3.99901701768675640155e-16	 4.00405643102676940096e-16	 
 3.68000000000000015987e+00	 1.36246683562726541884e-16	 1.31167318592076489872e-16	 1.35582161327037352183e-16	 3.08045011176370737698e-14	 3.34383110758795477840e-14	 7.53247999141321323066e-15	 4.73135212658583156580e-15	 1.35904519149746967290e-14	 1.39967115938666308287e-14	 3.59289497226693390974e-14	 2.10341830682461681376e-15	 3.18160461945694748766e-16	 3.17708833989629666462e-16	 3.18116345653447357123e-16	 
 3.70000000000000017764e+00	 1.06827777697848739024e-16	 1.02575970582741355446e-16	 1.06034467377311720968e-16	 2.58782899002355644247e-14	 2.82205767861570583016e-14	 5.63143609499396104137e-15	 3.58329733599605695262e-15	 1.10353664264890995399e-14	 1.13648173084660730233e-14	 3.03523675804688273828e-14	 1.73663565598810641009e-15	 2.48688303090356989873e-16	 2.48321617432032399839e-16	 2.48644129468745695104e-16	 
 3.71999999999999975131e+00	 8.45467700864460187332e-17	 8.09905032840685321993e-17	 8.37292474179357063958e-17	 2.18255182610976802519e-14	 2.39043473960601328952e-14	 4.27125731992801052454e-15	 2.74934245435843892405e-15	 9.01789446341257389367e-15	 9.28658529802108577512e-15	 2.57340188540693502443e-14	 1.44087680491818589380e-15	 1.96269599460530449426e-16	 1.95970393681558339568e-16	 1.96227866064021924946e-16	 
 3.74000000000000021316e+00	 6.59517056898234915305e-17	 6.30891169255490771496e-17	 6.53346739136787920707e-17	 1.82228039180744286858e-14	 2.00636489639358585127e-14	 3.17341352523341347406e-15	 2.08277973870951382564e-15	 7.30097935586671425965e-15	 7.51219549083091675198e-15	 2.16155457984295553675e-14	 1.17712841236309905660e-15	 1.52826372559243476442e-16	 1.52584718675708994441e-16	 1.52789907217158858420e-16	 
 3.76000000000000023093e+00	 5.03808732247685405837e-17	 4.81507346143471168986e-17	 5.00178556169085748556e-17	 1.50483813004604462320e-14	 1.66720921930748759769e-14	 2.28275737938253423265e-15	 1.54135583510107381345e-15	 5.83251202428061665531e-15	 5.99271591537304603752e-15	 1.79743511075520562247e-14	 9.46099900897167512769e-16	 1.16589999808314330955e-16	 1.16397657744345652885e-16	 1.16559527348405069255e-16	 
 3.77999999999999980460e+00	 3.89508442733891491857e-17	 3.71950212619670034639e-17	 3.87426896014748521910e-17	 1.24896865151887880791e-14	 1.39177868695556029655e-14	 1.67418475967012583302e-15	 1.15864107476730223688e-15	 4.69441814687848667130e-15	 4.81737321138303235543e-15	 1.50149323862180532774e-14	 7.65904395038716187502e-16	 9.00279187453846318037e-17	 8.98738942448024103853e-17	 9.00026037965253844217e-17	 
 3.80000000000000026645e+00	 2.96765470918341800818e-17	 2.82585452548940292611e-17	 2.95069890035867743227e-17	 1.02237885349219484152e-14	 1.14626975839324064461e-14	 1.20135628765068203611e-15	 8.57323194658606847497e-16	 3.70122454530193945968e-15	 3.80312337300429978794e-15	 1.23788744210979388955e-14	 6.12187448770729548791e-16	 6.83714758328051369133e-17	 6.82496512316268510401e-17	 6.83532617967261476426e-17	 
 3.82000000000000028422e+00	 2.20700396199466723650e-17	 2.09163858634595493213e-17	 2.18975539822915708825e-17	 8.24301469113594052692e-15	 9.30608835088400938350e-15	 8.29006718717732565859e-16	 6.16130943894587793696e-16	 2.84906252495225077407e-15	 2.93691778005978186167e-15	 1.00632314964179283301e-14	 4.81077389233796458095e-16	 5.05848331349143785135e-17	 5.04902382709930660905e-17	 5.05735406320901941769e-17	 
 3.83999999999999985789e+00	 1.66595018656820145403e-17	 1.57243468716373875811e-17	 1.65007666856596707485e-17	 6.69129349771719674946e-15	 7.60284330786433235008e-15	 5.86811231401718303818e-16	 4.51473805172160434945e-16	 2.21778547956844547492e-15	 2.29269009973222290963e-15	 8.23132738905148396291e-15	 3.81512616288544417461e-16	 3.80134666497894053537e-17	 3.79395163969970012870e-17	 3.80064778050943707438e-17	 
 3.86000000000000031974e+00	 1.22530307457959717110e-17	 1.15759703776288892639e-17	 1.22196783119097052265e-17	 5.32593843593851670039e-15	 6.10771226930704287464e-15	 4.06298794902180395143e-16	 3.24907480697535709082e-16	 1.69616447489649308497e-15	 1.75668010166443158846e-15	 6.61478702552286025513e-15	 2.98635815162331719513e-16	 2.79716336274710088082e-17	 2.79186525715781709747e-17	 2.79714783319137968627e-17	 
 3.87999999999999989342e+00	 8.67017730026198545129e-18	 8.23408232988965849194e-18	 8.77757408610437790714e-18	 4.14613366536493367733e-15	 4.81329344600827382371e-15	 2.68752136932432070112e-16	 2.25674779985267484219e-16	 1.26384353028825805588e-15	 1.31069859019040699797e-15	 5.21184363248622692015e-15	 2.29201328225538610984e-16	 1.98842359719263064581e-17	 1.98498499483433302236e-17	 1.98905351847488917663e-17	 
 3.89999999999999991118e+00	 6.26976431395410112365e-18	 5.98040666915437547263e-18	 6.43007867225983254297e-18	 3.26016197454933732037e-15	 3.82683505602572958632e-15	 1.83638402255634117446e-16	 1.60607741830357373283e-16	 9.55694959703928126041e-16	 9.92339153505416262899e-16	 4.14293938399672072411e-15	 1.77936185031956222587e-16	 1.44343243712084808012e-17	 1.44113741297051115082e-17	 1.44428679442140700477e-17	 
 3.91999999999999948486e+00	 4.44906595323752511977e-18	 4.26332270757530428293e-18	 4.63620670821774585078e-18	 2.51786556634596437594e-15	 2.99002539282340598753e-15	 1.22866883845482966392e-16	 1.11990969009667194115e-16	 7.09214720827455214184e-16	 7.38441809911290711876e-16	 3.23415755560465451343e-15	 1.36369416675499065673e-16	 1.02857015125879019324e-17	 1.02705552587394161059e-17	 1.02950090844521772730e-17	 
 3.93999999999999994671e+00	 3.02885243339466936847e-18	 2.91798728791615785130e-18	 3.22351599604482987446e-18	 1.88890308477618302668e-15	 2.27376684966358596979e-15	 7.79891701017907164320e-17	 7.45881537246656282430e-17	 5.08393884472732918694e-16	 5.31548104813627346661e-16	 2.45682255691145048821e-15	 1.02065603935137719179e-16	 7.03727529978968215998e-18	 7.02770592940374225109e-18	 7.04659105694216846640e-18	 
 3.95999999999999996447e+00	 2.08281252989294016863e-18	 2.01297007446913660050e-18	 2.25597040856215403552e-18	 1.40534298508711995373e-15	 1.71299910593035749700e-15	 5.08739303749858780635e-17	 5.03273115672431183834e-17	 3.64922131912780454047e-16	 3.82322628583758645955e-16	 1.85359848805844830307e-15	 7.68951474993073561699e-17	 4.85311981056424902906e-18	 4.84688489672348083703e-18	 4.86191912404429618319e-18	 
 3.97999999999999953815e+00	 1.41079771503962676622e-18	 1.36714539857396109393e-18	 1.59099544760459219448e-18	 1.02940093279224787273e-15	 1.27179768330810447762e-15	 3.29212660852166086478e-17	 3.35901635581853791770e-17	 2.58093413313942142061e-16	 2.70405545099387060425e-16	 1.37862122450397440197e-15	 5.72117266036291802360e-17	 3.29525301947081964053e-18	 3.29131805149101437832e-18	 3.30299818470612246220e-18	 
 4.00000000000000000000e+00	 9.12376893190367088578e-19	 8.86266388923995579639e-19	 1.09905391242223608672e-18	 7.27946501414115869673e-16	 9.13817516288168818112e-16	 2.04148712261431788181e-17	 2.14952495237718110209e-17	 1.75332583525547462092e-16	 1.83543197329165329291e-16	 9.92836994184493863714e-16	 4.15370733977205695312e-17	 2.13576943478596375317e-18	 2.13345600876242133809e-18	 2.14217433053832338931e-18	 
 4.01999999999999957367e+00	 5.98573330816116628318e-19	 5.82076086468720376667e-19	 7.50747489173969143800e-19	 5.13793597740688419739e-16	 6.52753415946804745372e-16	 1.31046872394653201088e-17	 1.41538528584963861558e-17	 1.19122344937929364968e-16	 1.25478587256877607583e-16	 7.10462664352973549122e-16	 3.10122482882055648430e-17	 1.40278407632274100595e-18	 1.40130114571647483245e-18	 1.40748394915661882930e-18	 
 4.04000000000000003553e+00	 3.85760412160912010702e-19	 3.75395735540858975479e-19	 4.93141431605283774321e-19	 3.56727643309592722924e-16	 4.58131524329353582443e-16	 8.34911120838078257892e-18	 9.17710100897369932900e-18	 7.92772620645283347807e-17	 8.41959137834081125065e-17	 4.99376388341244129705e-16	 2.30325821538208951742e-17	 9.04627146085380160819e-19	 9.03684312031680385570e-19	 9.07865771362355203474e-19	 
 4.06000000000000049738e+00	 2.34641694102610164973e-19	 2.28385464038131396816e-19	 2.99335297479511515771e-19	 2.36778735477661593751e-16	 3.07647405903419240032e-16	 5.09582344638660042321e-18	 5.65618301180704199507e-18	 5.00423734260241998079e-17	 5.37283033538606992590e-17	 3.35739778398060947407e-16	 1.66775084590246299244e-17	 5.50221877855825618879e-19	 5.49648366710692385359e-19	 5.52264873584788492719e-19	 
 4.08000000000000007105e+00	 1.45988588832292771085e-19	 1.41991173861287212676e-19	 1.87345252018942650976e-19	 1.57687049343660275240e-16	 2.07268517575464711281e-16	 3.25164231028935284623e-18	 3.63265882605080545162e-18	 3.28018434639081161428e-17	 3.52587620627778119810e-17	 2.26029838694231997125e-16	 1.19291771566823128030e-17	 3.41930656605367003422e-19	 3.41569923645834468920e-19	 3.43293808270843763578e-19	 
 4.09999999999999964473e+00	 8.78026300393362885796e-20	 8.52464827648966229970e-20	 1.14270738194051529725e-19	 1.04340614335422020795e-16	 1.38027269944560773521e-16	 2.06856759398059033305e-18	 2.31596982590806893928e-18	 2.11995294737441658667e-17	 2.28550142769122163535e-17	 1.50606451136042749907e-16	 8.18992422922009792504e-18	 2.05210427893980795868e-19	 2.04989093374266038415e-19	 2.06122940959275152696e-19	 
 4.12000000000000010658e+00	 4.76608352538857067131e-20	 4.60703597653223270774e-20	 6.41554487774210277006e-20	 6.66319167151445457664e-17	 8.82578916690021518603e-17	 1.27048139623586915642e-18	 1.41726018193553699504e-18	 1.29744740027886650617e-17	 1.41161065333625014047e-17	 9.64769089209760301409e-17	 5.23391949659042765920e-18	 1.10875562310104017352e-19	 1.10750609535547141890e-19	 1.11467544956435891685e-19	 
 4.14000000000000056843e+00	 2.46715794029139942370e-20	 2.36125015008943208219e-20	 3.56780106265097336786e-20	 4.46317467811767762204e-17	 5.91329846892208423170e-17	 8.25121396584922933968e-19	 9.14926081461093003934e-19	 7.97835079179409074658e-18	 8.98627978782288670363e-18	 6.46264219637927096349e-17	 3.38157375160454566786e-18	 5.68356101788507000445e-20	 5.67674199115299005177e-20	 5.72129932502402384788e-20	 
 4.16000000000000014211e+00	 9.32279841515089030612e-21	 8.85538010781248524094e-21	 1.41855041873162869988e-20	 1.97595829303024424881e-17	 2.61833063330985002720e-17	 3.59545469410867253085e-19	 3.97423556778556670422e-19	 3.37569879422171224002e-18	 3.87513154961914941094e-18	 2.86132323032386043947e-17	 1.47004350805100002176e-18	 2.13173465235720861758e-20	 2.12905738755769815259e-20	 2.14802737330737938547e-20	 
 4.17999999999999971578e+00	 0.00000000000000000000e+00	 0.00000000000000000000e+00	 0.00000000000000000000e+00	 0.00000000000000000000e+00	 0.00000000000000000000e+00	 0.00000000000000000000e+00	 0.00000000000000000000e+00	 0.00000000000000000000e+00	 0.00000000000000000000e+00	 0.00000000000000000000e+00	 0.00000000000000000000e+00	 0.00000000000000000000e+00	 0.00000000000000000000e+00	 0.00000000000000000000e+00	 
 4.20000000000000017764e+00	 7.02884451072524828210e-25	 6.67640899074824534871e-25	 1.06953485845169948753e-24	 1.48988381826421361390e-21	 1.97423636270643212119e-21	 2.71097178972564862640e-23	 2.99656769037322949484e-23	 2.54523758526743007622e-22	 2.92183262581731958183e-22	 2.15745408651279086432e-21	 1.10841106678584177726e-22	 1.60719620547248162736e-24	 1.60517766039222085888e-24	 1.61948085483827966694e-24	 
 4.21999999999999975131e+00	 0.00000000000000000000e+00	 0.00000000000000000000e+00	 0.00000000000000000000e+00	 0.00000000000000000000e+00	 0.00000000000000000000e+00	 0.00000000000000000000e+00	 0.00000000000000000000e+00	 0.00000000000000000000e+00	 0.00000000000000000000e+00	 0.00000000000000000000e+00	 0.00000000000000000000e+00	 0.00000000000000000000e+00	 0.00000000000000000000e+00	 0.00000000000000000000e+00	 
 4.24000000000000021316e+00	 4.77419981593829311709e-29	 4.53479895007904225259e-29	 7.26476779045899581299e-29	 1.01204306783743947820e-25	 1.34105244528945719666e-25	 1.84148758996606334258e-27	 2.03548230560055484584e-27	 1.72888789228946745061e-26	 1.98471099345177744125e-26	 1.46550789570565623017e-25	 7.52912027201892549727e-27	 1.09165152286308295586e-28	 1.09028044290324624901e-28	 1.09999611119774436193e-28	 
 4.25999999999999978684e+00	 0.00000000000000000000e+00	 0.00000000000000000000e+00	 0.00000000000000000000e+00	 0.00000000000000000000e+00	 0.00000000000000000000e+00	 0.00000000000000000000e+00	 0.00000000000000000000e+00	 0.00000000000000000000e+00	 0.00000000000000000000e+00	 0.00000000000000000000e+00	 0.00000000000000000000e+00	 0.00000000000000000000e+00	 0.00000000000000000000e+00	 0.00000000000000000000e+00	 
 4.28000000000000024869e+00	 2.87242057593494275991e-33	 2.72838130965855610784e-33	 4.37090982382387860719e-33	 6.08911703448035329707e-30	 8.06865406114354251742e-30	 1.10795822997129385251e-31	 1.22467760268608337345e-31	 1.04020761329364469348e-30	 1.19412936036310530519e-30	 8.81745987312394201912e-30	 4.53000534932464999383e-31	 6.56796847036371952178e-33	 6.55971926258559897420e-33	 6.61817486916433239863e-33	 
 4.29999999999999982236e+00	 0.00000000000000000000e+00	 0.00000000000000000000e+00	 0.00000000000000000000e+00	 0.00000000000000000000e+00	 0.00000000000000000000e+00	 0.00000000000000000000e+00	 0.00000000000000000000e+00	 0.00000000000000000000e+00	 0.00000000000000000000e+00	 0.00000000000000000000e+00	 0.00000000000000000000e+00	 0.00000000000000000000e+00	 0.00000000000000000000e+00	 0.00000000000000000000e+00	 
 4.32000000000000028422e+00	 1.48647621850336540894e-37	 1.41193790245025990847e-37	 2.26192342847716598563e-37	 3.15103181274159984250e-34	 4.17541409332619912201e-34	 5.73354103423849470225e-36	 6.33755187027903515743e-36	 5.38296544228936182783e-35	 6.17947563881472112621e-35	 4.56291054582895813403e-34	 2.34422023236807618511e-35	 3.39892499971981516654e-37	 3.39465606771237184352e-37	 3.42490620155530008208e-37	 
 4.33999999999999985789e+00	 0.00000000000000000000e+00	 0.00000000000000000000e+00	 0.00000000000000000000e+00	 0.00000000000000000000e+00	 0.00000000000000000000e+00	 0.00000000000000000000e+00	 0.00000000000000000000e+00	 0.00000000000000000000e+00	 0.00000000000000000000e+00	 0.00000000000000000000e+00	 0.00000000000000000000e+00	 0.00000000000000000000e+00	 0.00000000000000000000e+00	 0.00000000000000000000e+00	 
 4.36000000000000031974e+00	 6.47144223657510399946e-42	 6.14695169132150381258e-42	 9.84722568539693283310e-42	 1.37174969838089970540e-38	 1.81769754685104006653e-38	 2.49601374836391416512e-40	 2.75896358145087598376e-40	 2.34341581474048978669e-39	 2.69015297177341117382e-39	 1.98638777421200283423e-38	 1.02052288724938335040e-39	 1.47974121110952459945e-41	 1.47788273509816701659e-41	 1.49105177973356733542e-41	 
 4.37999999999999989342e+00	 0.00000000000000000000e+00	 0.00000000000000000000e+00	 0.00000000000000000000e+00	 0.00000000000000000000e+00	 0.00000000000000000000e+00	 0.00000000000000000000e+00	 0.00000000000000000000e+00	 0.00000000000000000000e+00	 0.00000000000000000000e+00	 0.00000000000000000000e+00	 0.00000000000000000000e+00	 0.00000000000000000000e+00	 0.00000000000000000000e+00	 0.00000000000000000000e+00	 
 4.40000000000000035527e+00	 2.34629062586697480311e-46	 2.22864925099042369576e-46	 3.57015271703113584016e-46	 4.97316072670440308094e-43	 6.58990606680124168618e-43	 9.04912841779262507625e-45	 1.00024451293811337383e-44	 8.49597486553563998425e-44	 9.75299916850316953352e-44	 7.20147816521226844865e-43	 3.69983918461627063832e-44	 5.36497466699386403520e-46	 5.35823665526498127530e-46	 5.40598048561488122591e-46	 
 4.41999999999999992895e+00	 0.00000000000000000000e+00	 0.00000000000000000000e+00	 0.00000000000000000000e+00	 0.00000000000000000000e+00	 0.00000000000000000000e+00	 0.00000000000000000000e+00	 0.00000000000000000000e+00	 0.00000000000000000000e+00	 0.00000000000000000000e+00	 0.00000000000000000000e+00	 0.00000000000000000000e+00	 0.00000000000000000000e+00	 0.00000000000000000000e+00	 0.00000000000000000000e+00	 
 4.43999999999999950262e+00	 0.00000000000000000000e+00	 0.00000000000000000000e+00	 0.00000000000000000000e+00	 0.00000000000000000000e+00	 0.00000000000000000000e+00	 0.00000000000000000000e+00	 0.00000000000000000000e+00	 0.00000000000000000000e+00	 0.00000000000000000000e+00	 0.00000000000000000000e+00	 0.00000000000000000000e+00	 0.00000000000000000000e+00	 0.00000000000000000000e+00	 0.00000000000000000000e+00	 
 4.45999999999999996447e+00	 0.00000000000000000000e+00	 0.00000000000000000000e+00	 0.00000000000000000000e+00	 0.00000000000000000000e+00	 0.00000000000000000000e+00	 0.00000000000000000000e+00	 0.00000000000000000000e+00	 0.00000000000000000000e+00	 0.00000000000000000000e+00	 0.00000000000000000000e+00	 0.00000000000000000000e+00	 0.00000000000000000000e+00	 0.00000000000000000000e+00	 0.00000000000000000000e+00	 
 4.47999999999999953815e+00	 0.00000000000000000000e+00	 0.00000000000000000000e+00	 0.00000000000000000000e+00	 0.00000000000000000000e+00	 0.00000000000000000000e+00	 0.00000000000000000000e+00	 0.00000000000000000000e+00	 0.00000000000000000000e+00	 0.00000000000000000000e+00	 0.00000000000000000000e+00	 0.00000000000000000000e+00	 0.00000000000000000000e+00	 0.00000000000000000000e+00	 0.00000000000000000000e+00	 
 4.50000000000000000000e+00	 0.00000000000000000000e+00	 0.00000000000000000000e+00	 0.00000000000000000000e+00	 0.00000000000000000000e+00	 0.00000000000000000000e+00	 0.00000000000000000000e+00	 0.00000000000000000000e+00	 0.00000000000000000000e+00	 0.00000000000000000000e+00	 0.00000000000000000000e+00	 0.00000000000000000000e+00	 0.00000000000000000000e+00	 0.00000000000000000000e+00	 0.00000000000000000000e+00	 
 4.52000000000000046185e+00	 0.00000000000000000000e+00	 0.00000000000000000000e+00	 0.00000000000000000000e+00	 0.00000000000000000000e+00	 0.00000000000000000000e+00	 0.00000000000000000000e+00	 0.00000000000000000000e+00	 0.00000000000000000000e+00	 0.00000000000000000000e+00	 0.00000000000000000000e+00	 0.00000000000000000000e+00	 0.00000000000000000000e+00	 0.00000000000000000000e+00	 0.00000000000000000000e+00	 
 4.54000000000000003553e+00	 0.00000000000000000000e+00	 0.00000000000000000000e+00	 0.00000000000000000000e+00	 0.00000000000000000000e+00	 0.00000000000000000000e+00	 0.00000000000000000000e+00	 0.00000000000000000000e+00	 0.00000000000000000000e+00	 0.00000000000000000000e+00	 0.00000000000000000000e+00	 0.00000000000000000000e+00	 0.00000000000000000000e+00	 0.00000000000000000000e+00	 0.00000000000000000000e+00	 
 4.55999999999999960920e+00	 0.00000000000000000000e+00	 0.00000000000000000000e+00	 0.00000000000000000000e+00	 0.00000000000000000000e+00	 0.00000000000000000000e+00	 0.00000000000000000000e+00	 0.00000000000000000000e+00	 0.00000000000000000000e+00	 0.00000000000000000000e+00	 0.00000000000000000000e+00	 0.00000000000000000000e+00	 0.00000000000000000000e+00	 0.00000000000000000000e+00	 0.00000000000000000000e+00	 
 4.58000000000000007105e+00	 0.00000000000000000000e+00	 0.00000000000000000000e+00	 0.00000000000000000000e+00	 0.00000000000000000000e+00	 0.00000000000000000000e+00	 0.00000000000000000000e+00	 0.00000000000000000000e+00	 0.00000000000000000000e+00	 0.00000000000000000000e+00	 0.00000000000000000000e+00	 0.00000000000000000000e+00	 0.00000000000000000000e+00	 0.00000000000000000000e+00	 0.00000000000000000000e+00	 
 4.60000000000000053291e+00	 0.00000000000000000000e+00	 0.00000000000000000000e+00	 0.00000000000000000000e+00	 0.00000000000000000000e+00	 0.00000000000000000000e+00	 0.00000000000000000000e+00	 0.00000000000000000000e+00	 0.00000000000000000000e+00	 0.00000000000000000000e+00	 0.00000000000000000000e+00	 0.00000000000000000000e+00	 0.00000000000000000000e+00	 0.00000000000000000000e+00	 0.00000000000000000000e+00	 
 4.62000000000000010658e+00	 0.00000000000000000000e+00	 0.00000000000000000000e+00	 0.00000000000000000000e+00	 0.00000000000000000000e+00	 0.00000000000000000000e+00	 0.00000000000000000000e+00	 0.00000000000000000000e+00	 0.00000000000000000000e+00	 0.00000000000000000000e+00	 0.00000000000000000000e+00	 0.00000000000000000000e+00	 0.00000000000000000000e+00	 0.00000000000000000000e+00	 0.00000000000000000000e+00	 
 4.63999999999999968026e+00	 0.00000000000000000000e+00	 0.00000000000000000000e+00	 0.00000000000000000000e+00	 0.00000000000000000000e+00	 0.00000000000000000000e+00	 0.00000000000000000000e+00	 0.00000000000000000000e+00	 0.00000000000000000000e+00	 0.00000000000000000000e+00	 0.00000000000000000000e+00	 0.00000000000000000000e+00	 0.00000000000000000000e+00	 0.00000000000000000000e+00	 0.00000000000000000000e+00	 
 4.66000000000000014211e+00	 0.00000000000000000000e+00	 0.00000000000000000000e+00	 0.00000000000000000000e+00	 0.00000000000000000000e+00	 0.00000000000000000000e+00	 0.00000000000000000000e+00	 0.00000000000000000000e+00	 0.00000000000000000000e+00	 0.00000000000000000000e+00	 0.00000000000000000000e+00	 0.00000000000000000000e+00	 0.00000000000000000000e+00	 0.00000000000000000000e+00	 0.00000000000000000000e+00	 
 4.67999999999999971578e+00	 0.00000000000000000000e+00	 0.00000000000000000000e+00	 0.00000000000000000000e+00	 0.00000000000000000000e+00	 0.00000000000000000000e+00	 0.00000000000000000000e+00	 0.00000000000000000000e+00	 0.00000000000000000000e+00	 0.00000000000000000000e+00	 0.00000000000000000000e+00	 0.00000000000000000000e+00	 0.00000000000000000000e+00	 0.00000000000000000000e+00	 0.00000000000000000000e+00	 
 4.69999999999999928946e+00	 0.00000000000000000000e+00	 0.00000000000000000000e+00	 0.00000000000000000000e+00	 0.00000000000000000000e+00	 0.00000000000000000000e+00	 0.00000000000000000000e+00	 0.00000000000000000000e+00	 0.00000000000000000000e+00	 0.00000000000000000000e+00	 0.00000000000000000000e+00	 0.00000000000000000000e+00	 0.00000000000000000000e+00	 0.00000000000000000000e+00	 0.00000000000000000000e+00	 
 4.72000000000000063949e+00	 0.00000000000000000000e+00	 0.00000000000000000000e+00	 0.00000000000000000000e+00	 0.00000000000000000000e+00	 0.00000000000000000000e+00	 0.00000000000000000000e+00	 0.00000000000000000000e+00	 0.00000000000000000000e+00	 0.00000000000000000000e+00	 0.00000000000000000000e+00	 0.00000000000000000000e+00	 0.00000000000000000000e+00	 0.00000000000000000000e+00	 0.00000000000000000000e+00	 
 4.74000000000000021316e+00	 0.00000000000000000000e+00	 0.00000000000000000000e+00	 0.00000000000000000000e+00	 0.00000000000000000000e+00	 0.00000000000000000000e+00	 0.00000000000000000000e+00	 0.00000000000000000000e+00	 0.00000000000000000000e+00	 0.00000000000000000000e+00	 0.00000000000000000000e+00	 0.00000000000000000000e+00	 0.00000000000000000000e+00	 0.00000000000000000000e+00	 0.00000000000000000000e+00	 
 4.75999999999999978684e+00	 0.00000000000000000000e+00	 0.00000000000000000000e+00	 0.00000000000000000000e+00	 0.00000000000000000000e+00	 0.00000000000000000000e+00	 0.00000000000000000000e+00	 0.00000000000000000000e+00	 0.00000000000000000000e+00	 0.00000000000000000000e+00	 0.00000000000000000000e+00	 0.00000000000000000000e+00	 0.00000000000000000000e+00	 0.00000000000000000000e+00	 0.00000000000000000000e+00	 
 4.78000000000000024869e+00	 0.00000000000000000000e+00	 0.00000000000000000000e+00	 0.00000000000000000000e+00	 0.00000000000000000000e+00	 0.00000000000000000000e+00	 0.00000000000000000000e+00	 0.00000000000000000000e+00	 0.00000000000000000000e+00	 0.00000000000000000000e+00	 0.00000000000000000000e+00	 0.00000000000000000000e+00	 0.00000000000000000000e+00	 0.00000000000000000000e+00	 0.00000000000000000000e+00	 
 4.79999999999999982236e+00	 0.00000000000000000000e+00	 0.00000000000000000000e+00	 0.00000000000000000000e+00	 0.00000000000000000000e+00	 0.00000000000000000000e+00	 0.00000000000000000000e+00	 0.00000000000000000000e+00	 0.00000000000000000000e+00	 0.00000000000000000000e+00	 0.00000000000000000000e+00	 0.00000000000000000000e+00	 0.00000000000000000000e+00	 0.00000000000000000000e+00	 0.00000000000000000000e+00	 
 4.81999999999999939604e+00	 0.00000000000000000000e+00	 0.00000000000000000000e+00	 0.00000000000000000000e+00	 0.00000000000000000000e+00	 0.00000000000000000000e+00	 0.00000000000000000000e+00	 0.00000000000000000000e+00	 0.00000000000000000000e+00	 0.00000000000000000000e+00	 0.00000000000000000000e+00	 0.00000000000000000000e+00	 0.00000000000000000000e+00	 0.00000000000000000000e+00	 0.00000000000000000000e+00	 
 4.84000000000000074607e+00	 0.00000000000000000000e+00	 0.00000000000000000000e+00	 0.00000000000000000000e+00	 0.00000000000000000000e+00	 0.00000000000000000000e+00	 0.00000000000000000000e+00	 0.00000000000000000000e+00	 0.00000000000000000000e+00	 0.00000000000000000000e+00	 0.00000000000000000000e+00	 0.00000000000000000000e+00	 0.00000000000000000000e+00	 0.00000000000000000000e+00	 0.00000000000000000000e+00	 
 4.86000000000000031974e+00	 0.00000000000000000000e+00	 0.00000000000000000000e+00	 0.00000000000000000000e+00	 0.00000000000000000000e+00	 0.00000000000000000000e+00	 0.00000000000000000000e+00	 0.00000000000000000000e+00	 0.00000000000000000000e+00	 0.00000000000000000000e+00	 0.00000000000000000000e+00	 0.00000000000000000000e+00	 0.00000000000000000000e+00	 0.00000000000000000000e+00	 0.00000000000000000000e+00	 
 4.87999999999999989342e+00	 0.00000000000000000000e+00	 0.00000000000000000000e+00	 0.00000000000000000000e+00	 0.00000000000000000000e+00	 0.00000000000000000000e+00	 0.00000000000000000000e+00	 0.00000000000000000000e+00	 0.00000000000000000000e+00	 0.00000000000000000000e+00	 0.00000000000000000000e+00	 0.00000000000000000000e+00	 0.00000000000000000000e+00	 0.00000000000000000000e+00	 0.00000000000000000000e+00	 
 4.89999999999999946709e+00	 0.00000000000000000000e+00	 0.00000000000000000000e+00	 0.00000000000000000000e+00	 0.00000000000000000000e+00	 0.00000000000000000000e+00	 0.00000000000000000000e+00	 0.00000000000000000000e+00	 0.00000000000000000000e+00	 0.00000000000000000000e+00	 0.00000000000000000000e+00	 0.00000000000000000000e+00	 0.00000000000000000000e+00	 0.00000000000000000000e+00	 0.00000000000000000000e+00	 
 4.91999999999999992895e+00	 0.00000000000000000000e+00	 0.00000000000000000000e+00	 0.00000000000000000000e+00	 0.00000000000000000000e+00	 0.00000000000000000000e+00	 0.00000000000000000000e+00	 0.00000000000000000000e+00	 0.00000000000000000000e+00	 0.00000000000000000000e+00	 0.00000000000000000000e+00	 0.00000000000000000000e+00	 0.00000000000000000000e+00	 0.00000000000000000000e+00	 0.00000000000000000000e+00	 
 4.93999999999999950262e+00	 0.00000000000000000000e+00	 0.00000000000000000000e+00	 0.00000000000000000000e+00	 0.00000000000000000000e+00	 0.00000000000000000000e+00	 0.00000000000000000000e+00	 0.00000000000000000000e+00	 0.00000000000000000000e+00	 0.00000000000000000000e+00	 0.00000000000000000000e+00	 0.00000000000000000000e+00	 0.00000000000000000000e+00	 0.00000000000000000000e+00	 0.00000000000000000000e+00	 
 4.95999999999999996447e+00	 0.00000000000000000000e+00	 0.00000000000000000000e+00	 0.00000000000000000000e+00	 0.00000000000000000000e+00	 0.00000000000000000000e+00	 0.00000000000000000000e+00	 0.00000000000000000000e+00	 0.00000000000000000000e+00	 0.00000000000000000000e+00	 0.00000000000000000000e+00	 0.00000000000000000000e+00	 0.00000000000000000000e+00	 0.00000000000000000000e+00	 0.00000000000000000000e+00	 
 4.98000000000000042633e+00	 0.00000000000000000000e+00	 0.00000000000000000000e+00	 0.00000000000000000000e+00	 0.00000000000000000000e+00	 0.00000000000000000000e+00	 0.00000000000000000000e+00	 0.00000000000000000000e+00	 0.00000000000000000000e+00	 0.00000000000000000000e+00	 0.00000000000000000000e+00	 0.00000000000000000000e+00	 0.00000000000000000000e+00	 0.00000000000000000000e+00	 0.00000000000000000000e+00	 
 5.00000000000000000000e+00	 0.00000000000000000000e+00	 0.00000000000000000000e+00	 0.00000000000000000000e+00	 0.00000000000000000000e+00	 0.00000000000000000000e+00	 0.00000000000000000000e+00	 0.00000000000000000000e+00	 0.00000000000000000000e+00	 0.00000000000000000000e+00	 0.00000000000000000000e+00	 0.00000000000000000000e+00	 0.00000000000000000000e+00	 0.00000000000000000000e+00	 0.00000000000000000000e+00	 
