 -1.00000000000000000000e+00	 1.57796626066015908251e-08	 0.00000000000000000000e+00	 1.57880742301140488470e-08	 7.41842678422225450946e-04	 7.46218945974342034826e-04	 6.48341884170702126289e-04	 0.00000000000000000000e+00	 0.00000000000000000000e+00	 0.00000000000000000000e+00	 7.45003947195190278571e-04	 5.38238016336843228777e-07	 0.00000000000000000000e+00	 0.00000000000000000000e+00	 0.00000000000000000000e+00	 
 -9.79999999999999982236e-01	 1.62364373742245303940e-08	 0.00000000000000000000e+00	 1.62400015177735014276e-08	 7.61234478659092027482e-04	 7.65704390920517500262e-04	 6.65166754508637338671e-04	 0.00000000000000000000e+00	 0.00000000000000000000e+00	 0.00000000000000000000e+00	 7.64464199221445185606e-04	 5.50672126964736622165e-07	 0.00000000000000000000e+00	 0.00000000000000000000e+00	 0.00000000000000000000e+00	 
 -9.59999999999999964473e-01	 1.67029123263434733390e-08	 0.00000000000000000000e+00	 1.67011162435757679078e-08	 7.80997153823871680459e-04	 7.85562057324240147101e-04	 6.82310473065966707588e-04	 0.00000000000000000000e+00	 0.00000000000000000000e+00	 0.00000000000000000000e+00	 7.84296385592625510709e-04	 5.63311727185909594687e-07	 0.00000000000000000000e+00	 0.00000000000000000000e+00	 0.00000000000000000000e+00	 
 -9.39999999999999946709e-01	 1.71791046756292637928e-08	 0.00000000000000000000e+00	 1.71712136187882435695e-08	 8.01127441918740102259e-04	 8.05788621065040640452e-04	 6.99769616584039726853e-04	 0.00000000000000000000e+00	 0.00000000000000000000e+00	 0.00000000000000000000e+00	 8.04497227575172511697e-04	 5.76154675418701513682e-07	 0.00000000000000000000e+00	 0.00000000000000000000e+00	 0.00000000000000000000e+00	 
 -9.19999999999999928946e-01	 1.76650037199526841625e-08	 0.00000000000000000000e+00	 1.76501730003056049673e-08	 8.21621108813076414523e-04	 8.26379772171420578543e-04	 7.17539848343968318309e-04	 0.00000000000000000000e+00	 0.00000000000000000000e+00	 0.00000000000000000000e+00	 8.25062433088914553257e-04	 5.89198530333111346647e-07	 0.00000000000000000000e+00	 0.00000000000000000000e+00	 0.00000000000000000000e+00	 
 -9.00000000000000022204e-01	 1.81605716329061831751e-08	 0.00000000000000000000e+00	 1.81378328518339393356e-08	 8.42472820111410457093e-04	 8.47330087100520027224e-04	 7.35615782044635874160e-04	 0.00000000000000000000e+00	 0.00000000000000000000e+00	 0.00000000000000000000e+00	 8.45986596618799463476e-04	 6.02440552250128171480e-07	 0.00000000000000000000e+00	 0.00000000000000000000e+00	 0.00000000000000000000e+00	 
 -8.80000000000000115463e-01	 1.86656770981526222907e-08	 0.00000000000000000000e+00	 1.86341306879702332124e-08	 8.63676181400805363132e-04	 8.68633134009082642085e-04	 7.53990989319274678218e-04	 0.00000000000000000000e+00	 0.00000000000000000000e+00	 0.00000000000000000000e+00	 8.67263301000184040623e-04	 6.15877707711409446529e-07	 0.00000000000000000000e+00	 0.00000000000000000000e+00	 0.00000000000000000000e+00	 
 -8.59999999999999986677e-01	 1.91800789060674929064e-08	 0.00000000000000000000e+00	 1.91391180597654550236e-08	 8.85223652904539330330e-04	 8.90281395575543170115e-04	 7.72657910573470627612e-04	 0.00000000000000000000e+00	 0.00000000000000000000e+00	 0.00000000000000000000e+00	 8.88885039413548228709e-04	 6.29506676975560392642e-07	 0.00000000000000000000e+00	 0.00000000000000000000e+00	 0.00000000000000000000e+00	 
 -8.40000000000000079936e-01	 1.97034002951047100912e-08	 0.00000000000000000000e+00	 1.96528437178560357019e-08	 9.07106347793037396526e-04	 9.12266024500483357906e-04	 7.91607675515246223506e-04	 0.00000000000000000000e+00	 0.00000000000000000000e+00	 0.00000000000000000000e+00	 9.10842972458035895524e-04	 6.43323861602870931714e-07	 0.00000000000000000000e+00	 0.00000000000000000000e+00	 0.00000000000000000000e+00	 
 -8.20000000000000062172e-01	 2.02355170503194496300e-08	 0.00000000000000000000e+00	 2.01754041080640895996e-08	 9.29314145348327869459e-04	 9.34576884389917315540e-04	 8.10830240811572736798e-04	 0.00000000000000000000e+00	 0.00000000000000000000e+00	 0.00000000000000000000e+00	 9.33127009899726179293e-04	 6.57325397630957544584e-07	 0.00000000000000000000e+00	 0.00000000000000000000e+00	 0.00000000000000000000e+00	 
 -8.00000000000000044409e-01	 2.07765916448528299850e-08	 0.00000000000000000000e+00	 2.07069506972760749535e-08	 9.51835602241292801952e-04	 9.57202453994942322087e-04	 8.30314302672759325420e-04	 0.00000000000000000000e+00	 0.00000000000000000000e+00	 0.00000000000000000000e+00	 9.55725720123606187727e-04	 6.71507172499304873195e-07	 0.00000000000000000000e+00	 0.00000000000000000000e+00	 0.00000000000000000000e+00	 
 -7.80000000000000026645e-01	 2.13267773470041046746e-08	 0.00000000000000000000e+00	 2.12476318041516173456e-08	 9.74657678351138908289e-04	 9.80129605140013559009e-04	 8.50047002641858887549e-04	 0.00000000000000000000e+00	 0.00000000000000000000e+00	 0.00000000000000000000e+00	 9.78626080918642464804e-04	 6.85864833624516952557e-07	 0.00000000000000000000e+00	 0.00000000000000000000e+00	 0.00000000000000000000e+00	 
 -7.60000000000000008882e-01	 2.18862520565733925822e-08	 0.00000000000000000000e+00	 2.17975948492242320678e-08	 9.97765769335501187878e-04	 1.00334367162984209286e-03	 8.70013940423400929276e-04	 0.00000000000000000000e+00	 0.00000000000000000000e+00	 0.00000000000000000000e+00	 1.00181340684881575731e-03	 7.00393809364749949956e-07	 0.00000000000000000000e+00	 0.00000000000000000000e+00	 0.00000000000000000000e+00	 
 -7.39999999999999991118e-01	 2.24552220649622021137e-08	 0.00000000000000000000e+00	 2.23569875665798839085e-08	 1.02114359558064487880e-03	 1.02682834235966712055e-03	 8.90199058129233894952e-04	 0.00000000000000000000e+00	 0.00000000000000000000e+00	 0.00000000000000000000e+00	 1.02527122438275967650e-03	 7.15089334086647128470e-07	 0.00000000000000000000e+00	 0.00000000000000000000e+00	 0.00000000000000000000e+00	 
 -7.19999999999999973355e-01	 2.30338895768532804072e-08	 0.00000000000000000000e+00	 2.29259649112322094490e-08	 1.04477295820631205757e-03	 1.05056539209777487047e-03	 9.10584405038885875798e-04	 0.00000000000000000000e+00	 0.00000000000000000000e+00	 0.00000000000000000000e+00	 1.04898109737243047657e-03	 7.29946428739338168543e-07	 0.00000000000000000000e+00	 0.00000000000000000000e+00	 0.00000000000000000000e+00	 
 -6.99999999999999955591e-01	 2.36222967489866830650e-08	 0.00000000000000000000e+00	 2.35044449476007711933e-08	 1.06863385692621600670e-03	 1.07453488364037293146e-03	 9.31150296691861238153e-04	 0.00000000000000000000e+00	 0.00000000000000000000e+00	 0.00000000000000000000e+00	 1.07292289310535748914e-03	 7.44959917541830073771e-07	 0.00000000000000000000e+00	 0.00000000000000000000e+00	 0.00000000000000000000e+00	 
 -6.79999999999999937828e-01	 2.42203058448163570965e-08	 0.00000000000000000000e+00	 2.40920753011736972760e-08	 1.09270437223077149409e-03	 1.09871506315262538155e-03	 9.51875198213459022649e-04	 0.00000000000000000000e+00	 0.00000000000000000000e+00	 0.00000000000000000000e+00	 1.09707467839343189055e-03	 7.60124447018116649600e-07	 0.00000000000000000000e+00	 0.00000000000000000000e+00	 0.00000000000000000000e+00	 
 -6.60000000000000031086e-01	 2.48277401372660191068e-08	 0.00000000000000000000e+00	 2.46883602010089599590e-08	 1.11696032958262135223e-03	 1.12308197157367497740e-03	 9.72735351802006976280e-04	 0.00000000000000000000e+00	 0.00000000000000000000e+00	 0.00000000000000000000e+00	 1.12141227502151469286e-03	 7.75434315697028797186e-07	 0.00000000000000000000e+00	 0.00000000000000000000e+00	 0.00000000000000000000e+00	 
 -6.40000000000000013323e-01	 2.54440735958789461875e-08	 0.00000000000000000000e+00	 2.52926604198715099160e-08	 1.14137565790541333638e-03	 1.14760952324638779674e-03	 9.93704889219505088649e-04	 0.00000000000000000000e+00	 0.00000000000000000000e+00	 0.00000000000000000000e+00	 1.14590951508017823909e-03	 7.90884152273686217136e-07	 0.00000000000000000000e+00	 0.00000000000000000000e+00	 0.00000000000000000000e+00	 
 -6.19999999999999884537e-01	 2.60683685774026074757e-08	 0.00000000000000000000e+00	 2.59041677804845945933e-08	 1.16592228650252787391e-03	 1.17226937353809832799e-03	 1.01475569260466524056e-03	 0.00000000000000000000e+00	 0.00000000000000000000e+00	 0.00000000000000000000e+00	 1.17053812618795379658e-03	 8.06469015576204718753e-07	 0.00000000000000000000e+00	 0.00000000000000000000e+00	 0.00000000000000000000e+00	 
 -5.99999999999999977796e-01	 2.66991621557918600453e-08	 0.00000000000000000000e+00	 2.65218008435618988429e-08	 1.19056961233825740233e-03	 1.19703058839062351920e-03	 1.03585701901879288778e-03	 0.00000000000000000000e+00	 0.00000000000000000000e+00	 0.00000000000000000000e+00	 1.19526727186084879423e-03	 8.22184171541395518155e-07	 0.00000000000000000000e+00	 0.00000000000000000000e+00	 0.00000000000000000000e+00	 
 -5.79999999999999849010e-01	 2.73349810193069349737e-08	 0.00000000000000000000e+00	 2.71446363583031710876e-08	 1.21528485168817231357e-03	 1.22186023470272813254e-03	 1.05697631562361648791e-03	 0.00000000000000000000e+00	 0.00000000000000000000e+00	 0.00000000000000000000e+00	 1.22006402776214054745e-03	 8.38025292862748176499e-07	 0.00000000000000000000e+00	 0.00000000000000000000e+00	 0.00000000000000000000e+00	 
 -5.60000000000000053291e-01	 2.79743278231556918854e-08	 0.00000000000000000000e+00	 2.77719279682979546265e-08	 1.24003292846726993412e-03	 1.24672329088576267116e-03	 1.07807914685846984587e-03	 0.00000000000000000000e+00	 0.00000000000000000000e+00	 0.00000000000000000000e+00	 1.24489328178111315418e-03	 8.53988564668625803656e-07	 0.00000000000000000000e+00	 0.00000000000000000000e+00	 0.00000000000000000000e+00	 
 -5.40000000000000035527e-01	 2.86152826032483738935e-08	 0.00000000000000000000e+00	 2.84028295833512480337e-08	 1.26477592349028477789e-03	 1.27158191811762026797e-03	 1.09912828283502688083e-03	 0.00000000000000000000e+00	 0.00000000000000000000e+00	 0.00000000000000000000e+00	 1.26971709051948758971e-03	 8.70070699083916245060e-07	 0.00000000000000000000e+00	 0.00000000000000000000e+00	 0.00000000000000000000e+00	 
 -5.20000000000000017764e-01	 2.92568988862728262925e-08	 0.00000000000000000000e+00	 2.90361674262954924765e-08	 1.28947376605784689609e-03	 1.29639611809473083263e-03	 1.12008423139850596569e-03	 0.00000000000000000000e+00	 0.00000000000000000000e+00	 0.00000000000000000000e+00	 1.29449534960207677907e-03	 8.86268974239331903785e-07	 0.00000000000000000000e+00	 0.00000000000000000000e+00	 0.00000000000000000000e+00	 
 -5.00000000000000000000e-01	 2.98993157217251361009e-08	 0.00000000000000000000e+00	 2.96703974719893943208e-08	 1.31408415109371943565e-03	 1.32112365015650090432e-03	 1.14090513864561256957e-03	 0.00000000000000000000e+00	 0.00000000000000000000e+00	 0.00000000000000000000e+00	 1.31918571055637703741e-03	 9.02581348739770246001e-07	 0.00000000000000000000e+00	 0.00000000000000000000e+00	 0.00000000000000000000e+00	 
 -4.79999999999999926725e-01	 3.05427050458942563161e-08	 0.00000000000000000000e+00	 3.03036756989286906897e-08	 1.33856171247719079112e-03	 1.34571923493815507993e-03	 1.16154606931762158402e-03	 0.00000000000000000000e+00	 0.00000000000000000000e+00	 0.00000000000000000000e+00	 1.34374277275324939367e-03	 9.19006651425340131879e-07	 0.00000000000000000000e+00	 0.00000000000000000000e+00	 0.00000000000000000000e+00	 
 -4.59999999999999964473e-01	 3.11872166520015094225e-08	 0.00000000000000000000e+00	 3.09347459618487597374e-08	 1.36285895723273382807e-03	 1.37013538328696962698e-03	 1.18195995546263783217e-03	 0.00000000000000000000e+00	 0.00000000000000000000e+00	 0.00000000000000000000e+00	 1.36811914710563051721e-03	 9.35544469743497181989e-07	 0.00000000000000000000e+00	 0.00000000000000000000e+00	 0.00000000000000000000e+00	 
 -4.40000000000000002220e-01	 3.18329809461218837553e-08	 0.00000000000000000000e+00	 3.15630073617086532205e-08	 1.38692620735947434035e-03	 1.39432232894317925838e-03	 1.20209753529840917587e-03	 0.00000000000000000000e+00	 0.00000000000000000000e+00	 0.00000000000000000000e+00	 1.39226541468653289453e-03	 9.52195266041484017204e-07	 0.00000000000000000000e+00	 0.00000000000000000000e+00	 0.00000000000000000000e+00	 
 -4.19999999999999984457e-01	 3.24801832371895663704e-08	 0.00000000000000000000e+00	 3.21878660042793630518e-08	 1.41071056573071501074e-03	 1.41822707607119468526e-03	 1.22190628553263879938e-03	 0.00000000000000000000e+00	 0.00000000000000000000e+00	 0.00000000000000000000e+00	 1.41612900035772027590e-03	 9.68960660677255120155e-07	 0.00000000000000000000e+00	 0.00000000000000000000e+00	 0.00000000000000000000e+00	 
 -3.99999999999999911182e-01	 3.31292367522118646689e-08	 0.00000000000000000000e+00	 3.28094003774719690418e-08	 1.43415702662682935375e-03	 1.44179442110073060580e-03	 1.24133174953644574538e-03	 0.00000000000000000000e+00	 0.00000000000000000000e+00	 0.00000000000000000000e+00	 1.43965515657444023331e-03	 9.85843001712010574131e-07	 0.00000000000000000000e+00	 0.00000000000000000000e+00	 0.00000000000000000000e+00	 
 -3.80000000000000004441e-01	 3.37808088639115228683e-08	 0.00000000000000000000e+00	 3.34284315747026250661e-08	 1.45720843535931433854e-03	 1.46496690085725863630e-03	 1.26031751685479957541e-03	 0.00000000000000000000e+00	 0.00000000000000000000e+00	 0.00000000000000000000e+00	 1.46278691764688533600e-03	 1.00284542897488896598e-06	 0.00000000000000000000e+00	 0.00000000000000000000e+00	 0.00000000000000000000e+00	 
 -3.59999999999999931166e-01	 3.44356453752771473421e-08	 0.00000000000000000000e+00	 3.40458383302748292820e-08	 1.47980428122125996608e-03	 1.48768365061642602980e-03	 1.27880382361318439485e-03	 0.00000000000000000000e+00	 0.00000000000000000000e+00	 0.00000000000000000000e+00	 1.48546399853894924362e-03	 1.01997198709372642107e-06	 0.00000000000000000000e+00	 0.00000000000000000000e+00	 0.00000000000000000000e+00	 
 -3.39999999999999968914e-01	 3.50933580107115425320e-08	 0.00000000000000000000e+00	 3.46604165904091033034e-08	 1.50188315037503021705e-03	 1.50988245160385125415e-03	 1.29672935964267473617e-03	 0.00000000000000000000e+00	 0.00000000000000000000e+00	 0.00000000000000000000e+00	 1.50762480236179738889e-03	 1.03722766700932782960e-06	 0.00000000000000000000e+00	 0.00000000000000000000e+00	 0.00000000000000000000e+00	 
 -3.20000000000000006661e-01	 3.57523047088769823543e-08	 0.00000000000000000000e+00	 3.52686498984985304709e-08	 1.52338281882263642218e-03	 1.53149977588067044351e-03	 1.31403130047124381587e-03	 0.00000000000000000000e+00	 0.00000000000000000000e+00	 0.00000000000000000000e+00	 1.52920647156462130405e-03	 1.05461842512024528094e-06	 0.00000000000000000000e+00	 0.00000000000000000000e+00	 0.00000000000000000000e+00	 
 -2.99999999999999933387e-01	 3.64104409970096475368e-08	 0.00000000000000000000e+00	 3.58660352104042410055e-08	 1.54423795114440516076e-03	 1.55246879303174204444e-03	 1.33064347461242407471e-03	 0.00000000000000000000e+00	 0.00000000000000000000e+00	 0.00000000000000000000e+00	 1.55014293565648134283e-03	 1.07215057587128206780e-06	 0.00000000000000000000e+00	 0.00000000000000000000e+00	 0.00000000000000000000e+00	 
 -2.80000000000000026645e-01	 3.70668788679497288762e-08	 0.00000000000000000000e+00	 3.64472547132424954151e-08	 1.56438118423547984151e-03	 1.57272205587904567031e-03	 1.34649854647698801954e-03	 0.00000000000000000000e+00	 0.00000000000000000000e+00	 0.00000000000000000000e+00	 1.57036718434718446623e-03	 1.08983472062050762529e-06	 0.00000000000000000000e+00	 0.00000000000000000000e+00	 0.00000000000000000000e+00	 
 -2.59999999999999953371e-01	 3.77219900521512051402e-08	 0.00000000000000000000e+00	 3.70060461355101659919e-08	 1.58374311745370223263e-03	 1.59219162065377963476e-03	 1.36152809193358127759e-03	 0.00000000000000000000e+00	 0.00000000000000000000e+00	 0.00000000000000000000e+00	 1.58981135846769238047e-03	 1.10768611200240940437e-06	 0.00000000000000000000e+00	 0.00000000000000000000e+00	 0.00000000000000000000e+00	 
 -2.39999999999999907851e-01	 3.83762529591163238407e-08	 0.00000000000000000000e+00	 3.75346096026565728240e-08	 1.60225102480417418843e-03	 1.61080647640793111694e-03	 1.37566038088793654581e-03	 0.00000000000000000000e+00	 0.00000000000000000000e+00	 0.00000000000000000000e+00	 1.60840451470384174053e-03	 1.12572266348996961938e-06	 0.00000000000000000000e+00	 0.00000000000000000000e+00	 0.00000000000000000000e+00	 
 -2.19999999999999945599e-01	 3.90292422590817121434e-08	 0.00000000000000000000e+00	 3.80310758637100191080e-08	 1.61983189138876137667e-03	 1.62849474597354538369e-03	 1.38882400230310246170e-03	 0.00000000000000000000e+00	 0.00000000000000000000e+00	 0.00000000000000000000e+00	 1.62607469548711985712e-03	 1.14396247626138273693e-06	 0.00000000000000000000e+00	 0.00000000000000000000e+00	 0.00000000000000000000e+00	 
 -1.99999999999999983347e-01	 3.96795510346303608020e-08	 0.00000000000000000000e+00	 3.84999535174984143037e-08	 1.63641255500985996832e-03	 1.64518378572079543298e-03	 1.40094807315708971135e-03	 0.00000000000000000000e+00	 0.00000000000000000000e+00	 0.00000000000000000000e+00	 1.64274901384538576411e-03	 1.16242375647573443536e-06	 0.00000000000000000000e+00	 0.00000000000000000000e+00	 0.00000000000000000000e+00	 
 -1.79999999999999993339e-01	 4.03255629644805100449e-08	 0.00000000000000000000e+00	 3.89455226686352122187e-08	 1.65191672997835230577e-03	 1.66079790372237524367e-03	 1.41195872383176345734e-03	 0.00000000000000000000e+00	 0.00000000000000000000e+00	 0.00000000000000000000e+00	 1.65835147686563938972e-03	 1.18112596314222790542e-06	 0.00000000000000000000e+00	 0.00000000000000000000e+00	 0.00000000000000000000e+00	 
 -1.59999999999999920064e-01	 4.09645902370668251154e-08	 0.00000000000000000000e+00	 3.93702726311312520862e-08	 1.66626854333789251907e-03	 1.67526202518617373799e-03	 1.42178383849722047259e-03	 0.00000000000000000000e+00	 0.00000000000000000000e+00	 0.00000000000000000000e+00	 1.67280666206884157977e-03	 1.20009173410006978096e-06	 0.00000000000000000000e+00	 0.00000000000000000000e+00	 0.00000000000000000000e+00	 
 -1.39999999999999902300e-01	 4.15927621084963220159e-08	 0.00000000000000000000e+00	 3.97747904523734994944e-08	 1.67939273599138441141e-03	 1.68850191171837182673e-03	 1.43035338138797901708e-03	 0.00000000000000000000e+00	 0.00000000000000000000e+00	 0.00000000000000000000e+00	 1.68603992983044621672e-03	 1.21934701148864217007e-06	 0.00000000000000000000e+00	 0.00000000000000000000e+00	 0.00000000000000000000e+00	 
 -1.20000000000000009437e-01	 4.22053702573889987459e-08	 0.00000000000000000000e+00	 4.01597837688165920839e-08	 1.69121113776412191482e-03	 1.70044053537263348957e-03	 1.43759478113704647698e-03	 0.00000000000000000000e+00	 0.00000000000000000000e+00	 0.00000000000000000000e+00	 1.69797378765065474192e-03	 1.23891960501308303487e-06	 0.00000000000000000000e+00	 0.00000000000000000000e+00	 0.00000000000000000000e+00	 
 -1.00000000000000005551e-01	 4.27974280659927010031e-08	 0.00000000000000000000e+00	 4.05276544186697969860e-08	 1.70164811443165864269e-03	 1.71100300415640807668e-03	 1.44344006132187600670e-03	 0.00000000000000000000e+00	 0.00000000000000000000e+00	 0.00000000000000000000e+00	 1.70853303148580716077e-03	 1.25884544573890232929e-06	 0.00000000000000000000e+00	 0.00000000000000000000e+00	 0.00000000000000000000e+00	 
 -8.00000000000000155431e-02	 4.33636124723208501959e-08	 0.00000000000000000000e+00	 4.08826058249915942294e-08	 1.71063092713479632939e-03	 1.72011689701292774454e-03	 1.44782636860161552372e-03	 0.00000000000000000000e+00	 0.00000000000000000000e+00	 0.00000000000000000000e+00	 1.71764508818462047907e-03	 1.27916911637569167814e-06	 0.00000000000000000000e+00	 0.00000000000000000000e+00	 0.00000000000000000000e+00	 
 -5.99999999999999630851e-02	 4.38976907115549978890e-08	 0.00000000000000000000e+00	 4.12288829620762609347e-08	 1.71808442376903216554e-03	 1.72770740206379218307e-03	 1.45068905904870994704e-03	 0.00000000000000000000e+00	 0.00000000000000000000e+00	 0.00000000000000000000e+00	 1.72523497259763846333e-03	 1.29994011444190563383e-06	 0.00000000000000000000e+00	 0.00000000000000000000e+00	 0.00000000000000000000e+00	 
 -3.99999999999999383826e-02	 4.43962870455336438912e-08	 0.00000000000000000000e+00	 4.15698733800057777009e-08	 1.72393823538975862926e-03	 1.73370340924186268697e-03	 1.45196855457386760947e-03	 0.00000000000000000000e+00	 0.00000000000000000000e+00	 0.00000000000000000000e+00	 1.73123136288059814233e-03	 1.32120066592772398145e-06	 0.00000000000000000000e+00	 0.00000000000000000000e+00	 0.00000000000000000000e+00	 
 -2.00000000000000281719e-02	 4.48590349113883689784e-08	 0.00000000000000000000e+00	 4.19080793168208774901e-08	 1.72812728635890824891e-03	 1.73803795522646650426e-03	 1.45161090228282689193e-03	 0.00000000000000000000e+00	 0.00000000000000000000e+00	 0.00000000000000000000e+00	 1.73556704158250320845e-03	 1.34298505451567121200e-06	 0.00000000000000000000e+00	 0.00000000000000000000e+00	 0.00000000000000000000e+00	 
 -4.82163733276643543166e-17	 4.52856743078193314475e-08	 0.00000000000000000000e+00	 4.22461838807383291289e-08	 1.73058473232225954602e-03	 1.74064212848179262344e-03	 1.44956076625416810030e-03	 0.00000000000000000000e+00	 0.00000000000000000000e+00	 0.00000000000000000000e+00	 1.73817281769616475279e-03	 1.36532506543892469371e-06	 0.00000000000000000000e+00	 0.00000000000000000000e+00	 0.00000000000000000000e+00	 
 2.00000000000001253164e-02	 4.56708698078665279808e-08	 0.00000000000000000000e+00	 4.25810104892114746578e-08	 1.73124904015340688387e-03	 1.74145356634285803851e-03	 1.44577373159134351874e-03	 0.00000000000000000000e+00	 0.00000000000000000000e+00	 0.00000000000000000000e+00	 1.73898605500895798298e-03	 1.38825125286862201275e-06	 0.00000000000000000000e+00	 0.00000000000000000000e+00	 0.00000000000000000000e+00	 
 4.00000000000001187939e-02	 4.60039126884494118915e-08	 0.00000000000000000000e+00	 4.29031520507734106577e-08	 1.73006454080633343372e-03	 1.74041705770040973367e-03	 1.44021714005847885007e-03	 0.00000000000000000000e+00	 0.00000000000000000000e+00	 0.00000000000000000000e+00	 1.73795127307505904192e-03	 1.41179240557020315810e-06	 0.00000000000000000000e+00	 0.00000000000000000000e+00	 0.00000000000000000000e+00	 
 6.00000000000000255351e-02	 4.62721293196504783594e-08	 0.00000000000000000000e+00	 4.32003900285124474869e-08	 1.72697414251974171173e-03	 1.73747602419203677968e-03	 1.43285769259621177316e-03	 0.00000000000000000000e+00	 0.00000000000000000000e+00	 0.00000000000000000000e+00	 1.73501160373988583784e-03	 1.43597075396805954774e-06	 0.00000000000000000000e+00	 0.00000000000000000000e+00	 0.00000000000000000000e+00	 
 7.99999999999999322764e-02	 4.64700768654098726033e-08	 0.00000000000000000000e+00	 4.34575949172902413637e-08	 1.72192939237305101506e-03	 1.73258096954231367859e-03	 1.42367422730851965300e-03	 0.00000000000000000000e+00	 0.00000000000000000000e+00	 0.00000000000000000000e+00	 1.73011770949748678629e-03	 1.46082115211071686516e-06	 0.00000000000000000000e+00	 0.00000000000000000000e+00	 0.00000000000000000000e+00	 
 9.99999999999999500400e-02	 4.65997594240344074608e-08	 0.00000000000000000000e+00	 4.36563812998975037946e-08	 1.71489116293786032427e-03	 1.72569011195148171514e-03	 1.41265856828806700765e-03	 0.00000000000000000000e+00	 0.00000000000000000000e+00	 0.00000000000000000000e+00	 1.72322843023050209163e-03	 1.48639134258611885583e-06	 0.00000000000000000000e+00	 0.00000000000000000000e+00	 0.00000000000000000000e+00	 
 1.20000000000000023315e-01	 4.66633448394848409407e-08	 0.00000000000000000000e+00	 4.37734700931086427584e-08	 1.70581927891210100891e-03	 1.71676048369237359802e-03	 1.39980199235564036625e-03	 0.00000000000000000000e+00	 0.00000000000000000000e+00	 0.00000000000000000000e+00	 1.71430145913723593239e-03	 1.51272899237022017135e-06	 0.00000000000000000000e+00	 0.00000000000000000000e+00	 0.00000000000000000000e+00	 
 1.40000000000000041078e-01	 4.66608911360367852231e-08	 0.00000000000000000000e+00	 4.37904811597604606249e-08	 1.69468228300963599797e-03	 1.70576186393323948366e-03	 1.38511246195780640157e-03	 0.00000000000000000000e+00	 0.00000000000000000000e+00	 0.00000000000000000000e+00	 1.70330714882661968940e-03	 1.53985598889234527001e-06	 0.00000000000000000000e+00	 0.00000000000000000000e+00	 0.00000000000000000000e+00	 
 1.59999999999999975575e-01	 4.65903206874053515823e-08	 0.00000000000000000000e+00	 4.36938999455898677740e-08	 1.68145811203093925416e-03	 1.69267753883435914664e-03	 1.36861551714635796412e-03	 0.00000000000000000000e+00	 0.00000000000000000000e+00	 0.00000000000000000000e+00	 1.69022927143207420640e-03	 1.56776694371933096852e-06	 0.00000000000000000000e+00	 0.00000000000000000000e+00	 0.00000000000000000000e+00	 
 1.79999999999999937828e-01	 4.64494880204013423527e-08	 0.00000000000000000000e+00	 4.34686122897483643723e-08	 1.66612344331999230086e-03	 1.67748982159979720050e-03	 1.35033565658688363767e-03	 0.00000000000000000000e+00	 0.00000000000000000000e+00	 0.00000000000000000000e+00	 1.67505064563331501626e-03	 1.59643552909991378410e-06	 0.00000000000000000000e+00	 0.00000000000000000000e+00	 0.00000000000000000000e+00	 
 2.00000000000000094369e-01	 4.62355710029022559509e-08	 0.00000000000000000000e+00	 4.31071016077352333517e-08	 1.64867093681181093451e-03	 1.66019583148232651067e-03	 1.33031557674395889759e-03	 0.00000000000000000000e+00	 0.00000000000000000000e+00	 0.00000000000000000000e+00	 1.65776769672451563219e-03	 1.62583271679065363982e-06	 0.00000000000000000000e+00	 0.00000000000000000000e+00	 0.00000000000000000000e+00	 
 2.20000000000000001110e-01	 4.59450630369495515124e-08	 0.00000000000000000000e+00	 4.26094576061628941328e-08	 1.62910993935638749239e-03	 1.64080821717235312771e-03	 1.30861696674269487040e-03	 0.00000000000000000000e+00	 0.00000000000000000000e+00	 0.00000000000000000000e+00	 1.63839116953535331341e-03	 1.65592546954177207401e-06	 0.00000000000000000000e+00	 0.00000000000000000000e+00	 0.00000000000000000000e+00	 
 2.39999999999999963363e-01	 4.55742510430173744958e-08	 0.00000000000000000000e+00	 4.19756834357757664303e-08	 1.60744812187720562992e-03	 1.61933811789123746801e-03	 1.28529892515247094742e-03	 0.00000000000000000000e+00	 0.00000000000000000000e+00	 0.00000000000000000000e+00	 1.61693024660297668404e-03	 1.68665587171852597314e-06	 0.00000000000000000000e+00	 0.00000000000000000000e+00	 0.00000000000000000000e+00	 
 2.59999999999999953371e-01	 4.51262819262267725478e-08	 0.00000000000000000000e+00	 4.12128150591866625465e-08	 1.58371076553783787441e-03	 1.59581081093575173277e-03	 1.26043987746242663710e-03	 0.00000000000000000000e+00	 0.00000000000000000000e+00	 0.00000000000000000000e+00	 1.59341027539015422237e-03	 1.71793319730173445220e-06	 0.00000000000000000000e+00	 0.00000000000000000000e+00	 0.00000000000000000000e+00	 
 2.80000000000000082157e-01	 4.46111074080669757547e-08	 0.00000000000000000000e+00	 4.03348386989798249801e-08	 1.55794133356153079693e-03	 1.57026632730766888164e-03	 1.23413821279849786512e-03	 0.00000000000000000000e+00	 0.00000000000000000000e+00	 0.00000000000000000000e+00	 1.56787336307581399823e-03	 1.74963159951440279890e-06	 0.00000000000000000000e+00	 0.00000000000000000000e+00	 0.00000000000000000000e+00	 
 2.99999999999999988898e-01	 4.40383828425583332653e-08	 0.00000000000000000000e+00	 3.93548043945062977055e-08	 1.53018009975024876779e-03	 1.54274162962760898188e-03	 1.20648703495338958588e-03	 0.00000000000000000000e+00	 0.00000000000000000000e+00	 0.00000000000000000000e+00	 1.54035855427403587520e-03	 1.78157610148796873290e-06	 0.00000000000000000000e+00	 0.00000000000000000000e+00	 0.00000000000000000000e+00	 
 3.20000000000000006661e-01	 4.34103808355757661698e-08	 0.00000000000000000000e+00	 3.82948894979986225874e-08	 1.50048528636231165434e-03	 1.51329179687940290101e-03	 1.17759672352231448134e-03	 0.00000000000000000000e+00	 0.00000000000000000000e+00	 0.00000000000000000000e+00	 1.51092594819051653961e-03	 1.81359500319861172221e-06	 0.00000000000000000000e+00	 0.00000000000000000000e+00	 0.00000000000000000000e+00	 
 3.39999999999999968914e-01	 4.27221801389840195642e-08	 0.00000000000000000000e+00	 3.71860593913102512750e-08	 1.46893343360320971849e-03	 1.48199039276692497331e-03	 1.14759543246418030393e-03	 0.00000000000000000000e+00	 0.00000000000000000000e+00	 0.00000000000000000000e+00	 1.47965701465988625982e-03	 1.84551688985845297848e-06	 0.00000000000000000000e+00	 0.00000000000000000000e+00	 0.00000000000000000000e+00	 
 3.59999999999999931166e-01	 4.19685448445852573181e-08	 0.00000000000000000000e+00	 3.60546266068112741699e-08	 1.43559511222583172270e-03	 1.44890525799267139498e-03	 1.11660242248460888845e-03	 0.00000000000000000000e+00	 0.00000000000000000000e+00	 0.00000000000000000000e+00	 1.44662741179096658584e-03	 1.87712183464993960225e-06	 0.00000000000000000000e+00	 0.00000000000000000000e+00	 0.00000000000000000000e+00	 
 3.80000000000000059952e-01	 4.11460297543200454135e-08	 0.00000000000000000000e+00	 3.49132957048123644009e-08	 1.40056267746348846355e-03	 1.41412519310011751059e-03	 1.08474874456023135695e-03	 0.00000000000000000000e+00	 0.00000000000000000000e+00	 0.00000000000000000000e+00	 1.41192835521876131760e-03	 1.90822902423226748678e-06	 0.00000000000000000000e+00	 0.00000000000000000000e+00	 0.00000000000000000000e+00	 
 4.00000000000000077716e-01	 4.02528958950195734189e-08	 0.00000000000000000000e+00	 3.37617757989715360724e-08	 1.36395022806377105157e-03	 1.37775995623749965800e-03	 1.05217777331980365252e-03	 0.00000000000000000000e+00	 0.00000000000000000000e+00	 0.00000000000000000000e+00	 1.37566685168496322111e-03	 1.93869307465913630182e-06	 0.00000000000000000000e+00	 0.00000000000000000000e+00	 0.00000000000000000000e+00	 
 4.19999999999999984457e-01	 3.92871654603679284283e-08	 0.00000000000000000000e+00	 3.25995379832976012183e-08	 1.32586155106655481130e-03	 1.33990942678107903194e-03	 1.01902022790149350551e-03	 0.00000000000000000000e+00	 0.00000000000000000000e+00	 0.00000000000000000000e+00	 1.33794019368348366707e-03	 1.96833693060042585855e-06	 0.00000000000000000000e+00	 0.00000000000000000000e+00	 0.00000000000000000000e+00	 
 4.39999999999999946709e-01	 3.82498792252280454432e-08	 0.00000000000000000000e+00	 3.14340414523878020049e-08	 1.28642220521204934947e-03	 1.30069536179579052504e-03	 9.85409251072636013444e-04	 0.00000000000000000000e+00	 0.00000000000000000000e+00	 0.00000000000000000000e+00	 1.29886696693630519610e-03	 1.99698846496094593864e-06	 0.00000000000000000000e+00	 0.00000000000000000000e+00	 0.00000000000000000000e+00	 
 4.60000000000000131006e-01	 3.71449224544349440909e-08	 0.00000000000000000000e+00	 3.02802897370457851964e-08	 1.24577910125797056834e-03	 1.26026097750839456701e-03	 9.51481340620594778779e-04	 0.00000000000000000000e+00	 0.00000000000000000000e+00	 0.00000000000000000000e+00	 1.25858666902499459830e-03	 2.02447799403320523616e-06	 0.00000000000000000000e+00	 0.00000000000000000000e+00	 0.00000000000000000000e+00	 
 4.80000000000000037748e-01	 3.59757282300872456166e-08	 0.00000000000000000000e+00	 2.91512730780919958881e-08	 1.20406291007489922237e-03	 1.21873382921719886768e-03	 9.17357633141392984563e-04	 0.00000000000000000000e+00	 0.00000000000000000000e+00	 0.00000000000000000000e+00	 1.21722344537630671434e-03	 2.05060429697458152253e-06	 0.00000000000000000000e+00	 0.00000000000000000000e+00	 0.00000000000000000000e+00	 
 5.00000000000000000000e-01	 3.47472841975604339296e-08	 0.00000000000000000000e+00	 2.80581284818308505722e-08	 1.16142046533663774281e-03	 1.17626185706036934936e-03	 8.83145508233464104908e-04	 0.00000000000000000000e+00	 0.00000000000000000000e+00	 0.00000000000000000000e+00	 1.17491830655219622707e-03	 2.07511416249828382140e-06	 0.00000000000000000000e+00	 0.00000000000000000000e+00	 0.00000000000000000000e+00	 
 5.20000000000000128786e-01	 3.34660135107016650913e-08	 0.00000000000000000000e+00	 2.70103367312982625829e-08	 1.11801429061672086621e-03	 1.13301262872129385878e-03	 8.48940656482117432871e-04	 0.00000000000000000000e+00	 0.00000000000000000000e+00	 0.00000000000000000000e+00	 1.13182861755633861964e-03	 2.09770197141316647199e-06	 0.00000000000000000000e+00	 0.00000000000000000000e+00	 0.00000000000000000000e+00	 
 5.40000000000000035527e-01	 3.21375061027900828934e-08	 0.00000000000000000000e+00	 2.60160652339264956142e-08	 1.07398404478242174426e-03	 1.08913095733948286394e-03	 8.14823492966232289410e-04	 0.00000000000000000000e+00	 0.00000000000000000000e+00	 0.00000000000000000000e+00	 1.08808987410822285286e-03	 2.11801007115872602432e-06	 0.00000000000000000000e+00	 0.00000000000000000000e+00	 0.00000000000000000000e+00	 
 5.60000000000000053291e-01	 3.07647422693638573443e-08	 0.00000000000000000000e+00	 2.50667105595742962424e-08	 1.02949145599030974715e-03	 1.04477674235974081832e-03	 7.80855252934098040783e-04	 0.00000000000000000000e+00	 0.00000000000000000000e+00	 0.00000000000000000000e+00	 1.04385921253311725332e-03	 2.13557202569146729120e-06	 0.00000000000000000000e+00	 0.00000000000000000000e+00	 0.00000000000000000000e+00	 
 5.79999999999999849010e-01	 2.93482949778061094407e-08	 0.00000000000000000000e+00	 2.41382881424409679848e-08	 9.84718898495135592716e-04	 1.00012420615865158663e-03	 7.47080632348528042054e-04	 0.00000000000000000000e+00	 0.00000000000000000000e+00	 0.00000000000000000000e+00	 9.99314040099434685097e-04	 2.14981322605161486017e-06	 0.00000000000000000000e+00	 0.00000000000000000000e+00	 0.00000000000000000000e+00	 
 5.99999999999999977796e-01	 2.78880190459047097824e-08	 0.00000000000000000000e+00	 2.32055892110175271678e-08	 9.39817109154281117751e-04	 9.55317452720938226768e-04	 7.13530259593337366254e-04	 0.00000000000000000000e+00	 0.00000000000000000000e+00	 0.00000000000000000000e+00	 9.54601400706721185153e-04	 2.16006287865884646441e-06	 0.00000000000000000000e+00	 0.00000000000000000000e+00	 0.00000000000000000000e+00	 
 6.20000000000000106581e-01	 2.63978214824202813789e-08	 0.00000000000000000000e+00	 2.22435678548022260801e-08	 8.94951203912843266074e-04	 9.10516504157863346483e-04	 6.80212558280390584137e-04	 0.00000000000000000000e+00	 0.00000000000000000000e+00	 0.00000000000000000000e+00	 9.09884407432373339478e-04	 2.16571529446784347643e-06	 0.00000000000000000000e+00	 0.00000000000000000000e+00	 0.00000000000000000000e+00	 
 6.39999999999999902300e-01	 2.49040642195400208935e-08	 0.00000000000000000000e+00	 2.12270733197062684655e-08	 8.50299553200534858309e-04	 8.65896034649102819443e-04	 6.47116657450558501602e-04	 0.00000000000000000000e+00	 0.00000000000000000000e+00	 0.00000000000000000000e+00	 8.65340950016814380863e-04	 2.16621119190255018524e-06	 0.00000000000000000000e+00	 0.00000000000000000000e+00	 0.00000000000000000000e+00	 
 6.60000000000000031086e-01	 2.34278717010164463625e-08	 0.00000000000000000000e+00	 2.01293188394907871302e-08	 8.06000861069641120864e-04	 8.21592381163882253328e-04	 6.14218917870301282964e-04	 0.00000000000000000000e+00	 0.00000000000000000000e+00	 0.00000000000000000000e+00	 8.21110264255984502978e-04	 2.16089785252852841277e-06	 0.00000000000000000000e+00	 0.00000000000000000000e+00	 0.00000000000000000000e+00	 
 6.80000000000000159872e-01	 2.19814426415535393991e-08	 0.00000000000000000000e+00	 1.89609829910278313550e-08	 7.62207715359595658865e-04	 7.77757817504134930583e-04	 5.81490920053592819094e-04	 0.00000000000000000000e+00	 0.00000000000000000000e+00	 0.00000000000000000000e+00	 7.77344893803064238696e-04	 2.14936920049653896436e-06	 0.00000000000000000000e+00	 0.00000000000000000000e+00	 0.00000000000000000000e+00	 
 6.99999999999999955591e-01	 2.05691639305998540750e-08	 0.00000000000000000000e+00	 1.77652606765709455759e-08	 7.19085168005913276217e-04	 7.34558895890375621214e-04	 5.48899904959423957061e-04	 0.00000000000000000000e+00	 0.00000000000000000000e+00	 0.00000000000000000000e+00	 7.34209355705650796621e-04	 2.13142308667331764158e-06	 0.00000000000000000000e+00	 0.00000000000000000000e+00	 0.00000000000000000000e+00	 
 7.20000000000000084377e-01	 1.91937464689489003694e-08	 0.00000000000000000000e+00	 1.65750831817950595886e-08	 6.76750611638145022249e-04	 6.92115355734294218117e-04	 5.16397089419672441005e-04	 0.00000000000000000000e+00	 0.00000000000000000000e+00	 0.00000000000000000000e+00	 6.91821747500432661371e-04	 2.10678533227964796899e-06	 0.00000000000000000000e+00	 0.00000000000000000000e+00	 0.00000000000000000000e+00	 
 7.39999999999999991118e-01	 1.78549276402394550563e-08	 0.00000000000000000000e+00	 1.54198662805939297371e-08	 6.35334701543616045365e-04	 6.50558406602117075476e-04	 4.83979935685051787433e-04	 0.00000000000000000000e+00	 0.00000000000000000000e+00	 0.00000000000000000000e+00	 6.50314201758671003341e-04	 2.07550869484082955118e-06	 0.00000000000000000000e+00	 0.00000000000000000000e+00	 0.00000000000000000000e+00	 
 7.60000000000000008882e-01	 1.65499035165261388633e-08	 0.00000000000000000000e+00	 1.43258402947124058426e-08	 5.94979771848701743595e-04	 6.10029420453435194081e-04	 4.51684491271349332787e-04	 0.00000000000000000000e+00	 0.00000000000000000000e+00	 0.00000000000000000000e+00	 6.09831204577726093512e-04	 2.03791423500554052078e-06	 0.00000000000000000000e+00	 0.00000000000000000000e+00	 0.00000000000000000000e+00	 
 7.80000000000000137668e-01	 1.52750397802878614062e-08	 0.00000000000000000000e+00	 1.33109762180671150614e-08	 5.55773300343453307074e-04	 5.70616369553020915534e-04	 4.19513292551233231680e-04	 0.00000000000000000000e+00	 0.00000000000000000000e+00	 0.00000000000000000000e+00	 5.70463399020298142852e-04	 1.99424185612938015827e-06	 0.00000000000000000000e+00	 0.00000000000000000000e+00	 0.00000000000000000000e+00	 
 7.99999999999999933387e-01	 1.40345331497604589358e-08	 0.00000000000000000000e+00	 1.23768690996152685857e-08	 5.17816818552487446309e-04	 5.32421936437838558102e-04	 3.87575382122576285893e-04	 0.00000000000000000000e+00	 0.00000000000000000000e+00	 0.00000000000000000000e+00	 5.32313480879874952739e-04	 1.94465837755416610415e-06	 0.00000000000000000000e+00	 0.00000000000000000000e+00	 0.00000000000000000000e+00	 
 8.20000000000000062172e-01	 1.28391015525931931550e-08	 0.00000000000000000000e+00	 1.15114932716448041969e-08	 4.81224108370021546634e-04	 4.95561619740975708819e-04	 3.56066967252117473879e-04	 0.00000000000000000000e+00	 0.00000000000000000000e+00	 0.00000000000000000000e+00	 4.95494737581220895395e-04	 1.88925175202855386021e-06	 0.00000000000000000000e+00	 0.00000000000000000000e+00	 0.00000000000000000000e+00	 
 8.39999999999999857891e-01	 1.16952625921620360438e-08	 0.00000000000000000000e+00	 1.07039687638245721945e-08	 4.46048076884316617267e-04	 4.60091215305059246087e-04	 3.25106038749105189303e-04	 0.00000000000000000000e+00	 0.00000000000000000000e+00	 0.00000000000000000000e+00	 4.60061320369635495548e-04	 1.82801440799596608257e-06	 0.00000000000000000000e+00	 0.00000000000000000000e+00	 0.00000000000000000000e+00	 
 8.60000000000000097700e-01	 1.06216166536365028383e-08	 0.00000000000000000000e+00	 9.94169408389143583179e-09	 4.12352458997470943357e-04	 4.26078188194361389459e-04	 2.94913486880417710385e-04	 0.00000000000000000000e+00	 0.00000000000000000000e+00	 0.00000000000000000000e+00	 4.26076304807639636481e-04	 1.76141394067102282918e-06	 0.00000000000000000000e+00	 0.00000000000000000000e+00	 0.00000000000000000000e+00	 
 8.80000000000000115463e-01	 9.64643694218351905624e-09	 0.00000000000000000000e+00	 9.21071945783309066806e-09	 3.80210685753250700152e-04	 3.93600404545380456577e-04	 2.65791503050591610465e-04	 0.00000000000000000000e+00	 0.00000000000000000000e+00	 0.00000000000000000000e+00	 3.93610912474984372868e-04	 1.69028884451121097818e-06	 0.00000000000000000000e+00	 0.00000000000000000000e+00	 0.00000000000000000000e+00	 
 8.99999999999999911182e-01	 8.78483934329823875199e-09	 0.00000000000000000000e+00	 8.49834260233469519436e-09	 3.49633085185463519245e-04	 3.62673322661026737487e-04	 2.37907164242353235751e-04	 0.00000000000000000000e+00	 0.00000000000000000000e+00	 0.00000000000000000000e+00	 3.62675593505907851305e-04	 1.61528294616491920906e-06	 0.00000000000000000000e+00	 0.00000000000000000000e+00	 0.00000000000000000000e+00	 
 9.20000000000000039968e-01	 8.03274044443826488415e-09	 0.00000000000000000000e+00	 7.80671925036514303280e-09	 3.20648688198399347150e-04	 3.33322881454717367174e-04	 2.11463558803125223481e-04	 0.00000000000000000000e+00	 0.00000000000000000000e+00	 0.00000000000000000000e+00	 3.33298012400496746280e-04	 1.53729009962365941229e-06	 0.00000000000000000000e+00	 0.00000000000000000000e+00	 0.00000000000000000000e+00	 
 9.39999999999999835687e-01	 7.37099010008014928335e-09	 0.00000000000000000000e+00	 7.14983207494801268074e-09	 2.93302805475526505961e-04	 3.05584777577728354883e-04	 1.86690387442353444630e-04	 0.00000000000000000000e+00	 0.00000000000000000000e+00	 0.00000000000000000000e+00	 3.05520890188976015217e-04	 1.45738542542364435244e-06	 0.00000000000000000000e+00	 0.00000000000000000000e+00	 0.00000000000000000000e+00	 
 9.60000000000000075495e-01	 6.78343193740760765954e-09	 0.00000000000000000000e+00	 6.53643204201710755959e-09	 2.67574893027486835143e-04	 2.79433327886883760890e-04	 1.63663767854685144199e-04	 0.00000000000000000000e+00	 0.00000000000000000000e+00	 0.00000000000000000000e+00	 2.79323679728715800006e-04	 1.37636384436290109397e-06	 0.00000000000000000000e+00	 0.00000000000000000000e+00	 0.00000000000000000000e+00	 
 9.80000000000000093259e-01	 6.25344114915139274350e-09	 0.00000000000000000000e+00	 5.96502329970762056509e-09	 2.43452809207463446864e-04	 2.54856273622962152276e-04	 1.42461089027497264832e-04	 0.00000000000000000000e+00	 0.00000000000000000000e+00	 0.00000000000000000000e+00	 2.54700343619833173558e-04	 1.29500488019547488484e-06	 0.00000000000000000000e+00	 0.00000000000000000000e+00	 0.00000000000000000000e+00	 
 9.99999999999999888978e-01	 5.76421776632640318476e-09	 0.00000000000000000000e+00	 5.42618531008943088927e-09	 2.20932997760494090334e-04	 2.31853777952255503013e-04	 1.23160874278268684182e-04	 0.00000000000000000000e+00	 0.00000000000000000000e+00	 0.00000000000000000000e+00	 2.31658053607882629061e-04	 1.21406088105809907484e-06	 0.00000000000000000000e+00	 0.00000000000000000000e+00	 0.00000000000000000000e+00	 
 1.02000000000000001776e+00	 5.30156691242244310440e-09	 0.00000000000000000000e+00	 4.91144371971590458681e-09	 1.99952634317811288539e-04	 2.10367500399472685856e-04	 1.05709838316856647778e-04	 0.00000000000000000000e+00	 0.00000000000000000000e+00	 0.00000000000000000000e+00	 2.10143124164042285331e-04	 1.13400892253341776286e-06	 0.00000000000000000000e+00	 0.00000000000000000000e+00	 0.00000000000000000000e+00	 
 1.04000000000000003553e+00	 4.85132635376992249262e-09	 0.00000000000000000000e+00	 4.41570625835515727924e-09	 1.80466584838868634479e-04	 1.90357437062144201024e-04	 9.00666976427672602394e-05	 0.00000000000000000000e+00	 0.00000000000000000000e+00	 0.00000000000000000000e+00	 1.90116779911518932449e-04	 1.05533997836418737291e-06	 0.00000000000000000000e+00	 0.00000000000000000000e+00	 0.00000000000000000000e+00	 
 1.06000000000000005329e+00	 4.39927128415514014372e-09	 0.00000000000000000000e+00	 3.93640965385280830299e-09	 1.62445707893826341885e-04	 1.71799945063841785937e-04	 7.62015230304354202005e-05	 0.00000000000000000000e+00	 0.00000000000000000000e+00	 0.00000000000000000000e+00	 1.71554057519450551400e-04	 9.78544443764666824537e-07	 0.00000000000000000000e+00	 0.00000000000000000000e+00	 0.00000000000000000000e+00	 
 1.08000000000000007105e+00	 3.93245339394500136481e-09	 0.00000000000000000000e+00	 3.47004930603659930506e-09	 1.45805923098811220312e-04	 1.54615996442666777918e-04	 6.39818297535524164749e-05	 0.00000000000000000000e+00	 0.00000000000000000000e+00	 0.00000000000000000000e+00	 1.54374706993297140497e-04	 9.03838535918619253677e-07	 0.00000000000000000000e+00	 0.00000000000000000000e+00	 0.00000000000000000000e+00	 
 1.09999999999999986677e+00	 3.45850814753670877763e-09	 0.00000000000000000000e+00	 3.01808857254877001801e-09	 1.30483965450874713366e-04	 1.38747897554271322007e-04	 5.32994480928475279809e-05	 0.00000000000000000000e+00	 0.00000000000000000000e+00	 0.00000000000000000000e+00	 1.38519198576915686730e-04	 8.31469308028839299207e-07	 0.00000000000000000000e+00	 0.00000000000000000000e+00	 0.00000000000000000000e+00	 
 1.11999999999999988454e+00	 2.99981832782470595650e-09	 0.00000000000000000000e+00	 2.58550026825095221490e-09	 1.16434801011872218475e-04	 1.24156459436893906300e-04	 4.40675961493074196205e-05	 0.00000000000000000000e+00	 0.00000000000000000000e+00	 0.00000000000000000000e+00	 1.23946119700190943852e-04	 7.61698076288011272920e-07	 0.00000000000000000000e+00	 0.00000000000000000000e+00	 0.00000000000000000000e+00	 
 1.14000000000000012434e+00	 2.56781308354321710757e-09	 0.00000000000000000000e+00	 2.17303833402420388058e-09	 1.03563183917652657266e-04	 1.10750828196637485863e-04	 3.61256396958232464320e-05	 0.00000000000000000000e+00	 0.00000000000000000000e+00	 0.00000000000000000000e+00	 1.10563078801117844227e-04	 6.94511976427681663324e-07	 0.00000000000000000000e+00	 0.00000000000000000000e+00	 0.00000000000000000000e+00	 
 1.15999999999999992006e+00	 2.17055131995733506090e-09	 0.00000000000000000000e+00	 1.79294606472875863026e-09	 9.17982408341316401951e-05	 9.84656398449695153489e-05	 2.93489091296415748294e-05	 0.00000000000000000000e+00	 0.00000000000000000000e+00	 0.00000000000000000000e+00	 9.83012601426879557495e-05	 6.30199749857843160056e-07	 0.00000000000000000000e+00	 0.00000000000000000000e+00	 0.00000000000000000000e+00	 
 1.18000000000000015987e+00	 1.81362879680849514506e-09	 0.00000000000000000000e+00	 1.46526912796831382353e-09	 8.10891424459893393317e-05	 8.72563075244630947718e-05	 2.36419269770316058587e-05	 0.00000000000000000000e+00	 0.00000000000000000000e+00	 0.00000000000000000000e+00	 8.71113024153634488709e-05	 5.69256256063138180970e-07	 0.00000000000000000000e+00	 0.00000000000000000000e+00	 0.00000000000000000000e+00	 
 1.19999999999999973355e+00	 1.49638594485471551640e-09	 0.00000000000000000000e+00	 1.19361553754218505713e-09	 7.13381046074714484165e-05	 7.70287809987406363451e-05	 1.88550374069225521335e-05	 0.00000000000000000000e+00	 0.00000000000000000000e+00	 0.00000000000000000000e+00	 7.68963331932148301843e-05	 5.11755371458346800673e-07	 0.00000000000000000000e+00	 0.00000000000000000000e+00	 0.00000000000000000000e+00	 
 1.21999999999999997335e+00	 1.21990823338778246351e-09	 0.00000000000000000000e+00	 9.77820601127095442503e-10	 6.24816773768805121562e-05	 6.77186675215093721123e-05	 1.48763661773438852213e-05	 0.00000000000000000000e+00	 0.00000000000000000000e+00	 0.00000000000000000000e+00	 6.75933538983938272211e-05	 4.57863335078127750891e-07	 0.00000000000000000000e+00	 0.00000000000000000000e+00	 0.00000000000000000000e+00	 
 1.24000000000000021316e+00	 9.86533850803014625218e-10	 0.00000000000000000000e+00	 8.15372239211897776116e-10	 5.44826236452857745650e-05	 5.92846600498111707422e-05	 1.16232144794765073382e-05	 0.00000000000000000000e+00	 0.00000000000000000000e+00	 0.00000000000000000000e+00	 5.91652722262464279856e-05	 4.07811852744773086455e-07	 0.00000000000000000000e+00	 0.00000000000000000000e+00	 0.00000000000000000000e+00	 
 1.25999999999999978684e+00	 7.92688810238956713658e-10	 0.00000000000000000000e+00	 6.99488438554458876434e-10	 4.72530690214049885959e-05	 5.16361851314698584096e-05	 8.97362217157087733814e-06	 0.00000000000000000000e+00	 0.00000000000000000000e+00	 0.00000000000000000000e+00	 5.15239513281725842846e-05	 3.61443577941935251187e-07	 0.00000000000000000000e+00	 0.00000000000000000000e+00	 0.00000000000000000000e+00	 
 1.28000000000000002665e+00	 6.33241021408787298488e-10	 0.00000000000000000000e+00	 6.15657173661857774791e-10	 4.07400405097500001197e-05	 4.47214080594187957671e-05	 6.83849871178548575986e-06	 0.00000000000000000000e+00	 0.00000000000000000000e+00	 0.00000000000000000000e+00	 4.46173449324417976274e-05	 3.18787437403279987721e-07	 0.00000000000000000000e+00	 0.00000000000000000000e+00	 0.00000000000000000000e+00	 
 1.30000000000000026645e+00	 5.02248414819814181090e-10	 0.00000000000000000000e+00	 5.44439716290475587484e-10	 3.49159378885600352551e-05	 3.85163721583341267887e-05	 5.15294159077851785607e-06	 0.00000000000000000000e+00	 0.00000000000000000000e+00	 0.00000000000000000000e+00	 3.84195650052524155581e-05	 2.80004162250119117393e-07	 0.00000000000000000000e+00	 0.00000000000000000000e+00	 0.00000000000000000000e+00	 
 1.32000000000000006217e+00	 3.93629281505411083513e-10	 0.00000000000000000000e+00	 4.70764153878324309012e-10	 2.96997110490568242260e-05	 3.29412107088214594383e-05	 3.82673205886890774796e-06	 0.00000000000000000000e+00	 0.00000000000000000000e+00	 0.00000000000000000000e+00	 3.28496772295520903678e-05	 2.44853888276054754957e-07	 0.00000000000000000000e+00	 0.00000000000000000000e+00	 0.00000000000000000000e+00	 
 1.34000000000000007994e+00	 3.03273779635375439535e-10	 0.00000000000000000000e+00	 3.92169164876575143976e-10	 2.50527415217820706287e-05	 2.79570339424485766208e-05	 2.79674350075273497180e-06	 0.00000000000000000000e+00	 0.00000000000000000000e+00	 0.00000000000000000000e+00	 2.78689346441422913640e-05	 2.13096336627798075413e-07	 0.00000000000000000000e+00	 0.00000000000000000000e+00	 0.00000000000000000000e+00	 
 1.35999999999999987566e+00	 2.28403345596762415119e-10	 0.00000000000000000000e+00	 3.13893007221678431640e-10	 2.09652414543909288477e-05	 2.35529557798889706624e-05	 2.01858856444128770532e-06	 0.00000000000000000000e+00	 0.00000000000000000000e+00	 0.00000000000000000000e+00	 2.34673165011357389451e-05	 1.84505422899173032051e-07	 0.00000000000000000000e+00	 0.00000000000000000000e+00	 0.00000000000000000000e+00	 
 1.37999999999999989342e+00	 1.65451585821182970039e-10	 0.00000000000000000000e+00	 2.37526870866637769599e-10	 1.73657255663084345682e-05	 1.96560450437447312264e-05	 1.43272155414235712803e-06	 0.00000000000000000000e+00	 0.00000000000000000000e+00	 0.00000000000000000000e+00	 1.95721715737883510307e-05	 1.58631251493357380940e-07	 0.00000000000000000000e+00	 0.00000000000000000000e+00	 0.00000000000000000000e+00	 
 1.40000000000000013323e+00	 1.14278112372813391874e-10	 0.00000000000000000000e+00	 1.68785946026561899032e-10	 1.42232616166383184599e-05	 1.62346094133315360143e-05	 9.98596893769951374757e-07	 0.00000000000000000000e+00	 0.00000000000000000000e+00	 0.00000000000000000000e+00	 1.61531378441872053308e-05	 1.35361427407285685232e-07	 0.00000000000000000000e+00	 0.00000000000000000000e+00	 0.00000000000000000000e+00	 
 1.41999999999999992895e+00	 7.67718138754814235811e-11	 0.00000000000000000000e+00	 1.15705052290934731105e-10	 1.15333970014822709179e-05	 1.32839060430977730056e-05	 6.88003946942238749470e-07	 0.00000000000000000000e+00	 0.00000000000000000000e+00	 0.00000000000000000000e+00	 1.32074280409745512460e-05	 1.14796055868437633990e-07	 0.00000000000000000000e+00	 0.00000000000000000000e+00	 0.00000000000000000000e+00	 
 1.44000000000000016875e+00	 5.01684324584724341029e-11	 0.00000000000000000000e+00	 7.67201254550846024517e-11	 9.22808524013128887004e-06	 1.07346863564977808915e-05	 4.66370690269768639570e-07	 0.00000000000000000000e+00	 0.00000000000000000000e+00	 0.00000000000000000000e+00	 1.06662096369243402234e-05	 9.66414229418242791081e-08	 0.00000000000000000000e+00	 0.00000000000000000000e+00	 0.00000000000000000000e+00	 
 1.45999999999999996447e+00	 3.20576175488121814366e-11	 0.00000000000000000000e+00	 4.95546076795925432038e-11	 7.26891126226184029399e-06	 8.54895923973748518467e-06	 3.10701094962223969528e-07	 0.00000000000000000000e+00	 0.00000000000000000000e+00	 0.00000000000000000000e+00	 8.49046945536918790034e-06	 8.06245050314722503345e-08	 0.00000000000000000000e+00	 0.00000000000000000000e+00	 0.00000000000000000000e+00	 
 1.47999999999999998224e+00	 2.02973624101755813196e-11	 0.00000000000000000000e+00	 3.16353237729059271547e-11	 5.63762949507139892770e-06	 6.70992350913774403162e-06	 2.05003711926083287437e-07	 0.00000000000000000000e+00	 0.00000000000000000000e+00	 0.00000000000000000000e+00	 6.66165205180102372619e-06	 6.65014821267584102476e-08	 0.00000000000000000000e+00	 0.00000000000000000000e+00	 0.00000000000000000000e+00	 
 1.50000000000000000000e+00	 1.26786186900878632239e-11	 0.00000000000000000000e+00	 1.98825253357843185925e-11	 4.29289547943270362925e-06	 5.17562539415083247834e-06	 1.33363510273837862126e-07	 0.00000000000000000000e+00	 0.00000000000000000000e+00	 0.00000000000000000000e+00	 5.13776495694323863281e-06	 5.39684733014339846725e-08	 0.00000000000000000000e+00	 0.00000000000000000000e+00	 0.00000000000000000000e+00	 
 1.52000000000000001776e+00	 7.83346516991839663439e-12	 0.00000000000000000000e+00	 1.23403040930720737643e-11	 3.20361566720270969611e-06	 3.91504276032389851315e-06	 8.56557254000197709306e-08	 0.00000000000000000000e+00	 0.00000000000000000000e+00	 0.00000000000000000000e+00	 3.88729393700934400149e-06	 4.29256415904196883858e-08	 0.00000000000000000000e+00	 0.00000000000000000000e+00	 0.00000000000000000000e+00	 
 1.54000000000000003553e+00	 4.85140840166628436895e-12	 0.00000000000000000000e+00	 7.66853222587371710764e-12	 2.34717616172854275422e-06	 2.90631379781784503108e-06	 5.49519826599206913367e-08	 0.00000000000000000000e+00	 0.00000000000000000000e+00	 0.00000000000000000000e+00	 2.88763219485211746911e-06	 3.33996707469786315593e-08	 0.00000000000000000000e+00	 0.00000000000000000000e+00	 0.00000000000000000000e+00	 
 1.56000000000000027534e+00	 2.98870552315302679713e-12	 0.00000000000000000000e+00	 4.73555232115786407389e-12	 1.68006781185517466341e-06	 2.10697072053799169700e-06	 3.48980740659945368724e-08	 0.00000000000000000000e+00	 0.00000000000000000000e+00	 0.00000000000000000000e+00	 2.09590068648592064092e-06	 2.52987107487078843598e-08	 0.00000000000000000000e+00	 0.00000000000000000000e+00	 0.00000000000000000000e+00	 
 1.58000000000000007105e+00	 1.83281679931282943016e-12	 0.00000000000000000000e+00	 2.90887678850165613106e-12	 1.17176943151390623527e-06	 1.48713719614021207075e-06	 2.19144447486757985355e-08	 0.00000000000000000000e+00	 0.00000000000000000000e+00	 0.00000000000000000000e+00	 1.48177939356996322223e-06	 1.85433353565694183371e-08	 0.00000000000000000000e+00	 0.00000000000000000000e+00	 0.00000000000000000000e+00	 
 1.60000000000000008882e+00	 1.13348143824457135566e-12	 0.00000000000000000000e+00	 1.80098642313409898480e-12	 8.00004453726084606722e-07	 1.02539740094891857191e-06	 1.37947278947712504590e-08	 0.00000000000000000000e+00	 0.00000000000000000000e+00	 0.00000000000000000000e+00	 1.02335252792451811498e-06	 1.30864728199698942908e-08	 0.00000000000000000000e+00	 0.00000000000000000000e+00	 0.00000000000000000000e+00	 
 1.61999999999999988454e+00	 6.95338601582717754501e-13	 0.00000000000000000000e+00	 1.10561151520009042365e-12	 5.28824133918559271836e-07	 6.83509218369655851654e-07	 8.57217403247511396643e-09	 0.00000000000000000000e+00	 0.00000000000000000000e+00	 0.00000000000000000000e+00	 6.82845860770012208783e-07	 8.81540052380305697760e-09	 0.00000000000000000000e+00	 0.00000000000000000000e+00	 0.00000000000000000000e+00	 
 1.64000000000000012434e+00	 4.17538055652921045796e-13	 0.00000000000000000000e+00	 6.64185633056564298147e-13	 3.34359521360152156144e-07	 4.35050156366974805620e-07	 5.19353304358623849658e-09	 0.00000000000000000000e+00	 0.00000000000000000000e+00	 0.00000000000000000000e+00	 4.34638825887087287983e-07	 5.60390799334901429127e-09	 0.00000000000000000000e+00	 0.00000000000000000000e+00	 0.00000000000000000000e+00	 
 1.66000000000000014211e+00	 2.40566899800832015098e-13	 0.00000000000000000000e+00	 3.82769610135501666601e-13	 1.98586536815656452424e-07	 2.59513011729253375947e-07	 3.00759991033289888671e-09	 0.00000000000000000000e+00	 0.00000000000000000000e+00	 0.00000000000000000000e+00	 2.59173918893983383545e-07	 3.33183774121068409315e-09	 0.00000000000000000000e+00	 0.00000000000000000000e+00	 0.00000000000000000000e+00	 
 1.67999999999999993783e+00	 1.15193655989868511747e-13	 0.00000000000000000000e+00	 1.83307241867695361718e-13	 9.65030630351068596130e-08	 1.26413162483392266991e-07	 1.44352065296372836620e-09	 0.00000000000000000000e+00	 0.00000000000000000000e+00	 0.00000000000000000000e+00	 1.26198527409582234466e-07	 1.61800424881509965822e-09	 0.00000000000000000000e+00	 0.00000000000000000000e+00	 0.00000000000000000000e+00	 
 1.70000000000000017764e+00	 3.48724490280194635885e-14	 0.00000000000000000000e+00	 5.54923240302126186024e-14	 2.92128142476322181089e-08	 3.82668435066679914766e-08	 4.36990630301745377020e-10	 0.00000000000000000000e+00	 0.00000000000000000000e+00	 0.00000000000000000000e+00	 3.82018723052695946705e-08	 4.89789313749862884110e-10	 0.00000000000000000000e+00	 0.00000000000000000000e+00	 0.00000000000000000000e+00	 
 1.71999999999999997335e+00	 1.00585210591846252893e-14	 0.00000000000000000000e+00	 1.60060412939745437545e-14	 8.42559730397874650955e-09	 1.10369157161844200815e-08	 1.26042914240932044436e-10	 0.00000000000000000000e+00	 0.00000000000000000000e+00	 0.00000000000000000000e+00	 1.10181772364927420070e-08	 1.41264686685682672939e-10	 0.00000000000000000000e+00	 0.00000000000000000000e+00	 0.00000000000000000000e+00	 
 1.73999999999999999112e+00	 2.75763436910268985665e-15	 0.00000000000000000000e+00	 4.38819333721552946924e-15	 2.30980723560949448549e-09	 3.02566089650357739629e-09	 3.45553218385788915859e-11	 0.00000000000000000000e+00	 0.00000000000000000000e+00	 0.00000000000000000000e+00	 3.02052408986332293021e-09	 3.87262344158536103190e-11	 0.00000000000000000000e+00	 0.00000000000000000000e+00	 0.00000000000000000000e+00	 
 1.76000000000000023093e+00	 7.16748885372093032471e-16	 0.00000000000000000000e+00	 1.14055252281462130049e-15	 6.00309343795813052657e-10	 7.86351594852374989459e-10	 8.98128538953169629776e-12	 0.00000000000000000000e+00	 0.00000000000000000000e+00	 0.00000000000000000000e+00	 7.85016619077050775839e-10	 1.00647000610931408204e-11	 0.00000000000000000000e+00	 0.00000000000000000000e+00	 0.00000000000000000000e+00	 
 1.78000000000000002665e+00	 1.76122927034488255102e-16	 0.00000000000000000000e+00	 2.80261391903623313288e-16	 1.47499056768524853110e-10	 1.93209153386243010671e-10	 2.20688539855298228890e-12	 0.00000000000000000000e+00	 0.00000000000000000000e+00	 0.00000000000000000000e+00	 1.92881160455595760407e-10	 2.47292377480619587048e-12	 0.00000000000000000000e+00	 0.00000000000000000000e+00	 0.00000000000000000000e+00	 
 1.80000000000000004441e+00	 4.07920428731249418958e-17	 0.00000000000000000000e+00	 6.49115347277523656983e-17	 3.41593902875838268362e-11	 4.47450454490457195959e-11	 5.11129476014827588613e-13	 0.00000000000000000000e+00	 0.00000000000000000000e+00	 0.00000000000000000000e+00	 4.46690902412394488740e-11	 5.72699605050172651598e-13	 0.00000000000000000000e+00	 0.00000000000000000000e+00	 0.00000000000000000000e+00	 
 1.81999999999999984013e+00	 8.87613321110885812226e-18	 0.00000000000000000000e+00	 1.41243738691293953400e-17	 7.43217124982903548015e-12	 9.73523689419956584741e-12	 1.11216705326207879290e-13	 0.00000000000000000000e+00	 0.00000000000000000000e+00	 0.00000000000000000000e+00	 9.71871234389753121123e-12	 1.24602655583839769800e-13	 0.00000000000000000000e+00	 0.00000000000000000000e+00	 0.00000000000000000000e+00	 
 1.84000000000000007994e+00	 1.80802906065402474436e-18	 0.00000000000000000000e+00	 2.87706523171379929314e-18	 1.51373739950037491663e-12	 1.98279086393182052833e-12	 2.26538252818408724094e-14	 0.00000000000000000000e+00	 0.00000000000000000000e+00	 0.00000000000000000000e+00	 1.97942555967941795413e-12	 2.53779476373481542939e-14	 0.00000000000000000000e+00	 0.00000000000000000000e+00	 0.00000000000000000000e+00	 
 1.86000000000000009770e+00	 3.43404548816828552280e-19	 0.00000000000000000000e+00	 5.46448457990120326649e-19	 2.87475395317323204503e-13	 3.76549603121469305064e-13	 4.30260386386224192634e-15	 0.00000000000000000000e+00	 0.00000000000000000000e+00	 0.00000000000000000000e+00	 3.75910564853491292291e-13	 4.81948456470971805817e-15	 0.00000000000000000000e+00	 0.00000000000000000000e+00	 0.00000000000000000000e+00	 
 1.87999999999999989342e+00	 6.05509282866999797644e-20	 0.00000000000000000000e+00	 9.63524570187576068112e-20	 5.06829312972960979342e-14	 6.63862319091896947185e-14	 7.58638152864407959432e-16	 0.00000000000000000000e+00	 0.00000000000000000000e+00	 0.00000000000000000000e+00	 6.62735816323442470102e-14	 8.49679739644033203279e-16	 0.00000000000000000000e+00	 0.00000000000000000000e+00	 0.00000000000000000000e+00	 
 1.89999999999999991118e+00	 9.86308117173977142466e-21	 0.00000000000000000000e+00	 1.56947142710078459098e-20	 8.25462576387253057138e-15	 1.08120529320746486692e-14	 1.23570440425786957651e-16	 0.00000000000000000000e+00	 0.00000000000000000000e+00	 0.00000000000000000000e+00	 1.07937085108456654907e-14	 1.38383504144427102525e-16	 0.00000000000000000000e+00	 0.00000000000000000000e+00	 0.00000000000000000000e+00	 
 1.92000000000000015099e+00	 1.47590448395600985191e-21	 0.00000000000000000000e+00	 2.34853964210247238794e-21	 1.23505291869158868504e-15	 1.61767256750887197000e-15	 1.84904785352425312379e-17	 0.00000000000000000000e+00	 0.00000000000000000000e+00	 0.00000000000000000000e+00	 1.61492833903666879637e-15	 2.07045507240908856056e-17	 0.00000000000000000000e+00	 0.00000000000000000000e+00	 0.00000000000000000000e+00	 
 1.93999999999999994671e+00	 2.01593978990710458222e-22	 0.00000000000000000000e+00	 3.20786503063917155109e-22	 1.68673729386620568549e-16	 2.20925939105515218581e-16	 2.52554704822644400149e-18	 0.00000000000000000000e+00	 0.00000000000000000000e+00	 0.00000000000000000000e+00	 2.20551222417683159506e-16	 2.82762025960781546712e-18	 0.00000000000000000000e+00	 0.00000000000000000000e+00	 0.00000000000000000000e+00	 
 1.95999999999999996447e+00	 2.49481850167336994021e-23	 0.00000000000000000000e+00	 3.96987158564007739906e-23	 2.08714718388469521926e-17	 2.73367342386761183244e-17	 3.12539785782375202853e-19	 0.00000000000000000000e+00	 0.00000000000000000000e+00	 0.00000000000000000000e+00	 2.72903763316439040059e-17	 3.49881019710497110017e-19	 0.00000000000000000000e+00	 0.00000000000000000000e+00	 0.00000000000000000000e+00	 
 1.97999999999999998224e+00	 2.77288160523224497655e-24	 0.00000000000000000000e+00	 4.41232934615033560588e-24	 2.31949318664689817694e-18	 3.03795409972308062769e-18	 3.47365706354910485751e-20	 0.00000000000000000000e+00	 0.00000000000000000000e+00	 0.00000000000000000000e+00	 3.03280329187272115858e-18	 3.88825343463085169319e-20	 0.00000000000000000000e+00	 0.00000000000000000000e+00	 0.00000000000000000000e+00	 
 2.00000000000000000000e+00	 2.73895733482314920508e-25	 0.00000000000000000000e+00	 4.35834001046487664604e-25	 2.29086737981386056413e-19	 3.00042692404209774549e-19	 3.43108385435079015279e-21	 0.00000000000000000000e+00	 0.00000000000000000000e+00	 0.00000000000000000000e+00	 2.99534073297159534617e-19	 3.84022139440098932920e-21	 0.00000000000000000000e+00	 0.00000000000000000000e+00	 0.00000000000000000000e+00	 
 2.02000000000000001776e+00	 2.37364119006338772190e-26	 0.00000000000000000000e+00	 3.77702917953391028700e-26	 1.98513327744667263098e-20	 2.59997040951073194670e-20	 2.97339862881289721465e-22	 0.00000000000000000000e+00	 0.00000000000000000000e+00	 0.00000000000000000000e+00	 2.59556389849613052796e-20	 3.32768131135785897945e-22	 0.00000000000000000000e+00	 0.00000000000000000000e+00	 0.00000000000000000000e+00	 
 2.04000000000000003553e+00	 1.77594441590373094916e-27	 0.00000000000000000000e+00	 2.82594871034976497728e-27	 1.48515733031554375115e-21	 1.94512550458411283812e-21	 2.22464799713564672867e-23	 0.00000000000000000000e+00	 0.00000000000000000000e+00	 0.00000000000000000000e+00	 1.94182944294590804775e-21	 2.48955270691372280920e-23	 0.00000000000000000000e+00	 0.00000000000000000000e+00	 0.00000000000000000000e+00	 
 2.06000000000000005329e+00	 1.12359650621706317260e-28	 0.00000000000000000000e+00	 1.78790790657121271907e-28	 9.39575735396008989596e-23	 1.23056434519097014491e-22	 1.40746722394823049662e-24	 0.00000000000000000000e+00	 0.00000000000000000000e+00	 0.00000000000000000000e+00	 1.22847946699339103358e-22	 1.57499307057407818077e-24	 0.00000000000000000000e+00	 0.00000000000000000000e+00	 0.00000000000000000000e+00	 
 2.08000000000000007105e+00	 5.84592593973525151716e-30	 0.00000000000000000000e+00	 9.30225330170035851462e-30	 4.88836592532539078409e-24	 6.40227986509840321368e-24	 7.32283859212130880566e-26	 0.00000000000000000000e+00	 0.00000000000000000000e+00	 0.00000000000000000000e+00	 6.39143435801262696935e-24	 8.19426156040957630013e-26	 0.00000000000000000000e+00	 0.00000000000000000000e+00	 0.00000000000000000000e+00	 
 2.10000000000000053291e+00	 2.40427165516389921988e-31	 0.00000000000000000000e+00	 3.82576863129964573247e-31	 2.01045325270949581203e-25	 2.63308231375691056540e-25	 3.01168994832416575545e-27	 0.00000000000000000000e+00	 0.00000000000000000000e+00	 0.00000000000000000000e+00	 2.62862235367261905024e-25	 3.37008336695718609935e-27	 0.00000000000000000000e+00	 0.00000000000000000000e+00	 0.00000000000000000000e+00	 
 2.12000000000000010658e+00	 7.35455207978280304500e-33	 0.00000000000000000000e+00	 1.17028576189869011160e-32	 6.15003657394886559309e-27	 8.05468894405032588492e-27	 9.21267636306480998009e-29	 0.00000000000000000000e+00	 0.00000000000000000000e+00	 0.00000000000000000000e+00	 8.04104685754766043290e-27	 1.03092287584627527230e-28	 0.00000000000000000000e+00	 0.00000000000000000000e+00	 0.00000000000000000000e+00	 
 2.14000000000000012434e+00	 1.50343187827422080517e-34	 0.00000000000000000000e+00	 2.39232496477910517925e-34	 1.25726474371159873704e-28	 1.64664319452634521846e-28	 1.88329510612593424385e-30	 0.00000000000000000000e+00	 0.00000000000000000000e+00	 0.00000000000000000000e+00	 1.64385442797026090658e-28	 2.10755159019776444666e-30	 0.00000000000000000000e+00	 0.00000000000000000000e+00	 0.00000000000000000000e+00	 
 2.15999999999999969802e+00	 1.61042801194335663468e-36	 0.00000000000000000000e+00	 2.56258706430070634493e-36	 1.34683822842650250679e-30	 1.76396876945524800843e-30	 2.01735790031087866905e-32	 0.00000000000000000000e+00	 0.00000000000000000000e+00	 0.00000000000000000000e+00	 1.76098132666244124645e-30	 2.25772468956434997939e-32	 0.00000000000000000000e+00	 0.00000000000000000000e+00	 0.00000000000000000000e+00	 
 2.18000000000000015987e+00	 2.29107024367409695841e-39	 0.00000000000000000000e+00	 3.64566499111457531739e-39	 1.91624994144445785685e-33	 2.50975424439766090837e-33	 2.87004553645033863747e-35	 0.00000000000000000000e+00	 0.00000000000000000000e+00	 0.00000000000000000000e+00	 2.50550363709308457991e-33	 3.21227487546774316469e-35	 0.00000000000000000000e+00	 0.00000000000000000000e+00	 0.00000000000000000000e+00	 
 2.20000000000000017764e+00	 0.00000000000000000000e+00	 0.00000000000000000000e+00	 0.00000000000000000000e+00	 0.00000000000000000000e+00	 0.00000000000000000000e+00	 0.00000000000000000000e+00	 0.00000000000000000000e+00	 0.00000000000000000000e+00	 0.00000000000000000000e+00	 0.00000000000000000000e+00	 0.00000000000000000000e+00	 0.00000000000000000000e+00	 0.00000000000000000000e+00	 0.00000000000000000000e+00	 
 2.21999999999999975131e+00	 2.67081384640668806395e-43	 0.00000000000000000000e+00	 4.24995532798108600792e-43	 2.23437891704878365282e-37	 2.92647767365339140116e-37	 3.34592000965940047217e-39	 0.00000000000000000000e+00	 0.00000000000000000000e+00	 0.00000000000000000000e+00	 2.92152056882662602071e-37	 3.74567001855389547421e-39	 0.00000000000000000000e+00	 0.00000000000000000000e+00	 0.00000000000000000000e+00	 
 2.24000000000000021316e+00	 0.00000000000000000000e+00	 0.00000000000000000000e+00	 0.00000000000000000000e+00	 0.00000000000000000000e+00	 0.00000000000000000000e+00	 0.00000000000000000000e+00	 0.00000000000000000000e+00	 0.00000000000000000000e+00	 0.00000000000000000000e+00	 0.00000000000000000000e+00	 0.00000000000000000000e+00	 0.00000000000000000000e+00	 0.00000000000000000000e+00	 0.00000000000000000000e+00	 
 2.25999999999999978684e+00	 1.94968563169858301085e-46	 0.00000000000000000000e+00	 3.10247264804259101169e-46	 1.63152985890801428407e-40	 2.13695194184294673230e-40	 2.44265183724928388815e-42	 0.00000000000000000000e+00	 0.00000000000000000000e+00	 0.00000000000000000000e+00	 2.13333130478020734860e-40	 2.73515316238402640545e-42	 0.00000000000000000000e+00	 0.00000000000000000000e+00	 0.00000000000000000000e+00	 
 2.27999999999999980460e+00	 0.00000000000000000000e+00	 0.00000000000000000000e+00	 0.00000000000000000000e+00	 0.00000000000000000000e+00	 0.00000000000000000000e+00	 0.00000000000000000000e+00	 0.00000000000000000000e+00	 0.00000000000000000000e+00	 0.00000000000000000000e+00	 0.00000000000000000000e+00	 0.00000000000000000000e+00	 0.00000000000000000000e+00	 0.00000000000000000000e+00	 0.00000000000000000000e+00	 
 2.30000000000000026645e+00	 0.00000000000000000000e+00	 0.00000000000000000000e+00	 0.00000000000000000000e+00	 2.71799727937684249368e-43	 3.56009062256713749737e-43	 4.06833806295205616781e-45	 0.00000000000000000000e+00	 0.00000000000000000000e+00	 0.00000000000000000000e+00	 3.55405685488183418468e-43	 4.55669784907068238438e-45	 0.00000000000000000000e+00	 0.00000000000000000000e+00	 0.00000000000000000000e+00	 
 2.32000000000000028422e+00	 0.00000000000000000000e+00	 0.00000000000000000000e+00	 0.00000000000000000000e+00	 0.00000000000000000000e+00	 0.00000000000000000000e+00	 0.00000000000000000000e+00	 0.00000000000000000000e+00	 0.00000000000000000000e+00	 0.00000000000000000000e+00	 0.00000000000000000000e+00	 0.00000000000000000000e+00	 0.00000000000000000000e+00	 0.00000000000000000000e+00	 0.00000000000000000000e+00	 
 2.33999999999999985789e+00	 0.00000000000000000000e+00	 0.00000000000000000000e+00	 0.00000000000000000000e+00	 7.49294991563239530642e-46	 9.81470634137323591816e-46	 0.00000000000000000000e+00	 0.00000000000000000000e+00	 0.00000000000000000000e+00	 0.00000000000000000000e+00	 9.79806614648470457704e-46	 0.00000000000000000000e+00	 0.00000000000000000000e+00	 0.00000000000000000000e+00	 0.00000000000000000000e+00	 
 2.36000000000000031974e+00	 0.00000000000000000000e+00	 0.00000000000000000000e+00	 0.00000000000000000000e+00	 0.00000000000000000000e+00	 0.00000000000000000000e+00	 0.00000000000000000000e+00	 0.00000000000000000000e+00	 0.00000000000000000000e+00	 0.00000000000000000000e+00	 0.00000000000000000000e+00	 0.00000000000000000000e+00	 0.00000000000000000000e+00	 0.00000000000000000000e+00	 0.00000000000000000000e+00	 
 2.38000000000000033751e+00	 0.00000000000000000000e+00	 0.00000000000000000000e+00	 0.00000000000000000000e+00	 0.00000000000000000000e+00	 0.00000000000000000000e+00	 0.00000000000000000000e+00	 0.00000000000000000000e+00	 0.00000000000000000000e+00	 0.00000000000000000000e+00	 0.00000000000000000000e+00	 0.00000000000000000000e+00	 0.00000000000000000000e+00	 0.00000000000000000000e+00	 0.00000000000000000000e+00	 
 2.39999999999999991118e+00	 0.00000000000000000000e+00	 0.00000000000000000000e+00	 0.00000000000000000000e+00	 0.00000000000000000000e+00	 0.00000000000000000000e+00	 0.00000000000000000000e+00	 0.00000000000000000000e+00	 0.00000000000000000000e+00	 0.00000000000000000000e+00	 0.00000000000000000000e+00	 0.00000000000000000000e+00	 0.00000000000000000000e+00	 0.00000000000000000000e+00	 0.00000000000000000000e+00	 
 2.41999999999999948486e+00	 0.00000000000000000000e+00	 0.00000000000000000000e+00	 0.00000000000000000000e+00	 0.00000000000000000000e+00	 0.00000000000000000000e+00	 0.00000000000000000000e+00	 0.00000000000000000000e+00	 0.00000000000000000000e+00	 0.00000000000000000000e+00	 0.00000000000000000000e+00	 0.00000000000000000000e+00	 0.00000000000000000000e+00	 0.00000000000000000000e+00	 0.00000000000000000000e+00	 
 2.44000000000000039080e+00	 0.00000000000000000000e+00	 0.00000000000000000000e+00	 0.00000000000000000000e+00	 0.00000000000000000000e+00	 0.00000000000000000000e+00	 0.00000000000000000000e+00	 0.00000000000000000000e+00	 0.00000000000000000000e+00	 0.00000000000000000000e+00	 0.00000000000000000000e+00	 0.00000000000000000000e+00	 0.00000000000000000000e+00	 0.00000000000000000000e+00	 0.00000000000000000000e+00	 
 2.45999999999999996447e+00	 0.00000000000000000000e+00	 0.00000000000000000000e+00	 0.00000000000000000000e+00	 0.00000000000000000000e+00	 0.00000000000000000000e+00	 0.00000000000000000000e+00	 0.00000000000000000000e+00	 0.00000000000000000000e+00	 0.00000000000000000000e+00	 0.00000000000000000000e+00	 0.00000000000000000000e+00	 0.00000000000000000000e+00	 0.00000000000000000000e+00	 0.00000000000000000000e+00	 
 2.47999999999999953815e+00	 0.00000000000000000000e+00	 0.00000000000000000000e+00	 0.00000000000000000000e+00	 0.00000000000000000000e+00	 0.00000000000000000000e+00	 0.00000000000000000000e+00	 0.00000000000000000000e+00	 0.00000000000000000000e+00	 0.00000000000000000000e+00	 0.00000000000000000000e+00	 0.00000000000000000000e+00	 0.00000000000000000000e+00	 0.00000000000000000000e+00	 0.00000000000000000000e+00	 
 2.50000000000000044409e+00	 0.00000000000000000000e+00	 0.00000000000000000000e+00	 0.00000000000000000000e+00	 0.00000000000000000000e+00	 0.00000000000000000000e+00	 0.00000000000000000000e+00	 0.00000000000000000000e+00	 0.00000000000000000000e+00	 0.00000000000000000000e+00	 0.00000000000000000000e+00	 0.00000000000000000000e+00	 0.00000000000000000000e+00	 0.00000000000000000000e+00	 0.00000000000000000000e+00	 
 2.52000000000000001776e+00	 0.00000000000000000000e+00	 0.00000000000000000000e+00	 0.00000000000000000000e+00	 0.00000000000000000000e+00	 0.00000000000000000000e+00	 0.00000000000000000000e+00	 0.00000000000000000000e+00	 0.00000000000000000000e+00	 0.00000000000000000000e+00	 0.00000000000000000000e+00	 0.00000000000000000000e+00	 0.00000000000000000000e+00	 0.00000000000000000000e+00	 0.00000000000000000000e+00	 
 2.54000000000000003553e+00	 0.00000000000000000000e+00	 0.00000000000000000000e+00	 0.00000000000000000000e+00	 0.00000000000000000000e+00	 0.00000000000000000000e+00	 0.00000000000000000000e+00	 0.00000000000000000000e+00	 0.00000000000000000000e+00	 0.00000000000000000000e+00	 0.00000000000000000000e+00	 0.00000000000000000000e+00	 0.00000000000000000000e+00	 0.00000000000000000000e+00	 0.00000000000000000000e+00	 
 2.56000000000000049738e+00	 0.00000000000000000000e+00	 0.00000000000000000000e+00	 0.00000000000000000000e+00	 0.00000000000000000000e+00	 0.00000000000000000000e+00	 0.00000000000000000000e+00	 0.00000000000000000000e+00	 0.00000000000000000000e+00	 0.00000000000000000000e+00	 0.00000000000000000000e+00	 0.00000000000000000000e+00	 0.00000000000000000000e+00	 0.00000000000000000000e+00	 0.00000000000000000000e+00	 
 2.58000000000000007105e+00	 0.00000000000000000000e+00	 0.00000000000000000000e+00	 0.00000000000000000000e+00	 0.00000000000000000000e+00	 0.00000000000000000000e+00	 0.00000000000000000000e+00	 0.00000000000000000000e+00	 0.00000000000000000000e+00	 0.00000000000000000000e+00	 0.00000000000000000000e+00	 0.00000000000000000000e+00	 0.00000000000000000000e+00	 0.00000000000000000000e+00	 0.00000000000000000000e+00	 
 2.60000000000000008882e+00	 0.00000000000000000000e+00	 0.00000000000000000000e+00	 0.00000000000000000000e+00	 0.00000000000000000000e+00	 0.00000000000000000000e+00	 0.00000000000000000000e+00	 0.00000000000000000000e+00	 0.00000000000000000000e+00	 0.00000000000000000000e+00	 0.00000000000000000000e+00	 0.00000000000000000000e+00	 0.00000000000000000000e+00	 0.00000000000000000000e+00	 0.00000000000000000000e+00	 
 2.62000000000000055067e+00	 0.00000000000000000000e+00	 0.00000000000000000000e+00	 0.00000000000000000000e+00	 0.00000000000000000000e+00	 0.00000000000000000000e+00	 0.00000000000000000000e+00	 0.00000000000000000000e+00	 0.00000000000000000000e+00	 0.00000000000000000000e+00	 0.00000000000000000000e+00	 0.00000000000000000000e+00	 0.00000000000000000000e+00	 0.00000000000000000000e+00	 0.00000000000000000000e+00	 
 2.64000000000000012434e+00	 0.00000000000000000000e+00	 0.00000000000000000000e+00	 0.00000000000000000000e+00	 0.00000000000000000000e+00	 0.00000000000000000000e+00	 0.00000000000000000000e+00	 0.00000000000000000000e+00	 0.00000000000000000000e+00	 0.00000000000000000000e+00	 0.00000000000000000000e+00	 0.00000000000000000000e+00	 0.00000000000000000000e+00	 0.00000000000000000000e+00	 0.00000000000000000000e+00	 
 2.66000000000000014211e+00	 0.00000000000000000000e+00	 0.00000000000000000000e+00	 0.00000000000000000000e+00	 0.00000000000000000000e+00	 0.00000000000000000000e+00	 0.00000000000000000000e+00	 0.00000000000000000000e+00	 0.00000000000000000000e+00	 0.00000000000000000000e+00	 0.00000000000000000000e+00	 0.00000000000000000000e+00	 0.00000000000000000000e+00	 0.00000000000000000000e+00	 0.00000000000000000000e+00	 
 2.67999999999999971578e+00	 0.00000000000000000000e+00	 0.00000000000000000000e+00	 0.00000000000000000000e+00	 0.00000000000000000000e+00	 0.00000000000000000000e+00	 0.00000000000000000000e+00	 0.00000000000000000000e+00	 0.00000000000000000000e+00	 0.00000000000000000000e+00	 0.00000000000000000000e+00	 0.00000000000000000000e+00	 0.00000000000000000000e+00	 0.00000000000000000000e+00	 0.00000000000000000000e+00	 
 2.70000000000000017764e+00	 0.00000000000000000000e+00	 0.00000000000000000000e+00	 0.00000000000000000000e+00	 0.00000000000000000000e+00	 0.00000000000000000000e+00	 0.00000000000000000000e+00	 0.00000000000000000000e+00	 0.00000000000000000000e+00	 0.00000000000000000000e+00	 0.00000000000000000000e+00	 0.00000000000000000000e+00	 0.00000000000000000000e+00	 0.00000000000000000000e+00	 0.00000000000000000000e+00	 
 2.72000000000000019540e+00	 0.00000000000000000000e+00	 0.00000000000000000000e+00	 0.00000000000000000000e+00	 0.00000000000000000000e+00	 0.00000000000000000000e+00	 0.00000000000000000000e+00	 0.00000000000000000000e+00	 0.00000000000000000000e+00	 0.00000000000000000000e+00	 0.00000000000000000000e+00	 0.00000000000000000000e+00	 0.00000000000000000000e+00	 0.00000000000000000000e+00	 0.00000000000000000000e+00	 
 2.73999999999999976907e+00	 0.00000000000000000000e+00	 0.00000000000000000000e+00	 0.00000000000000000000e+00	 0.00000000000000000000e+00	 0.00000000000000000000e+00	 0.00000000000000000000e+00	 0.00000000000000000000e+00	 0.00000000000000000000e+00	 0.00000000000000000000e+00	 0.00000000000000000000e+00	 0.00000000000000000000e+00	 0.00000000000000000000e+00	 0.00000000000000000000e+00	 0.00000000000000000000e+00	 
 2.76000000000000023093e+00	 0.00000000000000000000e+00	 0.00000000000000000000e+00	 0.00000000000000000000e+00	 0.00000000000000000000e+00	 0.00000000000000000000e+00	 0.00000000000000000000e+00	 0.00000000000000000000e+00	 0.00000000000000000000e+00	 0.00000000000000000000e+00	 0.00000000000000000000e+00	 0.00000000000000000000e+00	 0.00000000000000000000e+00	 0.00000000000000000000e+00	 0.00000000000000000000e+00	 
 2.77999999999999980460e+00	 0.00000000000000000000e+00	 0.00000000000000000000e+00	 0.00000000000000000000e+00	 0.00000000000000000000e+00	 0.00000000000000000000e+00	 0.00000000000000000000e+00	 0.00000000000000000000e+00	 0.00000000000000000000e+00	 0.00000000000000000000e+00	 0.00000000000000000000e+00	 0.00000000000000000000e+00	 0.00000000000000000000e+00	 0.00000000000000000000e+00	 0.00000000000000000000e+00	 
 2.79999999999999982236e+00	 0.00000000000000000000e+00	 0.00000000000000000000e+00	 0.00000000000000000000e+00	 0.00000000000000000000e+00	 0.00000000000000000000e+00	 0.00000000000000000000e+00	 0.00000000000000000000e+00	 0.00000000000000000000e+00	 0.00000000000000000000e+00	 0.00000000000000000000e+00	 0.00000000000000000000e+00	 0.00000000000000000000e+00	 0.00000000000000000000e+00	 0.00000000000000000000e+00	 
 2.82000000000000028422e+00	 0.00000000000000000000e+00	 0.00000000000000000000e+00	 0.00000000000000000000e+00	 0.00000000000000000000e+00	 0.00000000000000000000e+00	 0.00000000000000000000e+00	 0.00000000000000000000e+00	 0.00000000000000000000e+00	 0.00000000000000000000e+00	 0.00000000000000000000e+00	 0.00000000000000000000e+00	 0.00000000000000000000e+00	 0.00000000000000000000e+00	 0.00000000000000000000e+00	 
 2.83999999999999985789e+00	 0.00000000000000000000e+00	 0.00000000000000000000e+00	 0.00000000000000000000e+00	 0.00000000000000000000e+00	 0.00000000000000000000e+00	 0.00000000000000000000e+00	 0.00000000000000000000e+00	 0.00000000000000000000e+00	 0.00000000000000000000e+00	 0.00000000000000000000e+00	 0.00000000000000000000e+00	 0.00000000000000000000e+00	 0.00000000000000000000e+00	 0.00000000000000000000e+00	 
 2.85999999999999987566e+00	 0.00000000000000000000e+00	 0.00000000000000000000e+00	 0.00000000000000000000e+00	 0.00000000000000000000e+00	 0.00000000000000000000e+00	 0.00000000000000000000e+00	 0.00000000000000000000e+00	 0.00000000000000000000e+00	 0.00000000000000000000e+00	 0.00000000000000000000e+00	 0.00000000000000000000e+00	 0.00000000000000000000e+00	 0.00000000000000000000e+00	 0.00000000000000000000e+00	 
 2.87999999999999989342e+00	 0.00000000000000000000e+00	 0.00000000000000000000e+00	 0.00000000000000000000e+00	 0.00000000000000000000e+00	 0.00000000000000000000e+00	 0.00000000000000000000e+00	 0.00000000000000000000e+00	 0.00000000000000000000e+00	 0.00000000000000000000e+00	 0.00000000000000000000e+00	 0.00000000000000000000e+00	 0.00000000000000000000e+00	 0.00000000000000000000e+00	 0.00000000000000000000e+00	 
 2.90000000000000035527e+00	 0.00000000000000000000e+00	 0.00000000000000000000e+00	 0.00000000000000000000e+00	 0.00000000000000000000e+00	 0.00000000000000000000e+00	 0.00000000000000000000e+00	 0.00000000000000000000e+00	 0.00000000000000000000e+00	 0.00000000000000000000e+00	 0.00000000000000000000e+00	 0.00000000000000000000e+00	 0.00000000000000000000e+00	 0.00000000000000000000e+00	 0.00000000000000000000e+00	 
 2.91999999999999992895e+00	 0.00000000000000000000e+00	 0.00000000000000000000e+00	 0.00000000000000000000e+00	 0.00000000000000000000e+00	 0.00000000000000000000e+00	 0.00000000000000000000e+00	 0.00000000000000000000e+00	 0.00000000000000000000e+00	 0.00000000000000000000e+00	 0.00000000000000000000e+00	 0.00000000000000000000e+00	 0.00000000000000000000e+00	 0.00000000000000000000e+00	 0.00000000000000000000e+00	 
 2.93999999999999994671e+00	 0.00000000000000000000e+00	 0.00000000000000000000e+00	 0.00000000000000000000e+00	 0.00000000000000000000e+00	 0.00000000000000000000e+00	 0.00000000000000000000e+00	 0.00000000000000000000e+00	 0.00000000000000000000e+00	 0.00000000000000000000e+00	 0.00000000000000000000e+00	 0.00000000000000000000e+00	 0.00000000000000000000e+00	 0.00000000000000000000e+00	 0.00000000000000000000e+00	 
 2.96000000000000040856e+00	 0.00000000000000000000e+00	 0.00000000000000000000e+00	 0.00000000000000000000e+00	 0.00000000000000000000e+00	 0.00000000000000000000e+00	 0.00000000000000000000e+00	 0.00000000000000000000e+00	 0.00000000000000000000e+00	 0.00000000000000000000e+00	 0.00000000000000000000e+00	 0.00000000000000000000e+00	 0.00000000000000000000e+00	 0.00000000000000000000e+00	 0.00000000000000000000e+00	 
 2.97999999999999998224e+00	 0.00000000000000000000e+00	 0.00000000000000000000e+00	 0.00000000000000000000e+00	 0.00000000000000000000e+00	 0.00000000000000000000e+00	 0.00000000000000000000e+00	 0.00000000000000000000e+00	 0.00000000000000000000e+00	 0.00000000000000000000e+00	 0.00000000000000000000e+00	 0.00000000000000000000e+00	 0.00000000000000000000e+00	 0.00000000000000000000e+00	 0.00000000000000000000e+00	 
 3.00000000000000000000e+00	 0.00000000000000000000e+00	 0.00000000000000000000e+00	 0.00000000000000000000e+00	 0.00000000000000000000e+00	 0.00000000000000000000e+00	 0.00000000000000000000e+00	 0.00000000000000000000e+00	 0.00000000000000000000e+00	 0.00000000000000000000e+00	 0.00000000000000000000e+00	 0.00000000000000000000e+00	 0.00000000000000000000e+00	 0.00000000000000000000e+00	 0.00000000000000000000e+00	 
 3.02000000000000046185e+00	 0.00000000000000000000e+00	 0.00000000000000000000e+00	 0.00000000000000000000e+00	 0.00000000000000000000e+00	 0.00000000000000000000e+00	 0.00000000000000000000e+00	 0.00000000000000000000e+00	 0.00000000000000000000e+00	 0.00000000000000000000e+00	 0.00000000000000000000e+00	 0.00000000000000000000e+00	 0.00000000000000000000e+00	 0.00000000000000000000e+00	 0.00000000000000000000e+00	 
 3.04000000000000003553e+00	 0.00000000000000000000e+00	 0.00000000000000000000e+00	 0.00000000000000000000e+00	 0.00000000000000000000e+00	 0.00000000000000000000e+00	 0.00000000000000000000e+00	 0.00000000000000000000e+00	 0.00000000000000000000e+00	 0.00000000000000000000e+00	 0.00000000000000000000e+00	 0.00000000000000000000e+00	 0.00000000000000000000e+00	 0.00000000000000000000e+00	 0.00000000000000000000e+00	 
 3.06000000000000005329e+00	 0.00000000000000000000e+00	 0.00000000000000000000e+00	 0.00000000000000000000e+00	 0.00000000000000000000e+00	 0.00000000000000000000e+00	 0.00000000000000000000e+00	 0.00000000000000000000e+00	 0.00000000000000000000e+00	 0.00000000000000000000e+00	 0.00000000000000000000e+00	 0.00000000000000000000e+00	 0.00000000000000000000e+00	 0.00000000000000000000e+00	 0.00000000000000000000e+00	 
 3.08000000000000007105e+00	 0.00000000000000000000e+00	 0.00000000000000000000e+00	 0.00000000000000000000e+00	 0.00000000000000000000e+00	 0.00000000000000000000e+00	 0.00000000000000000000e+00	 0.00000000000000000000e+00	 0.00000000000000000000e+00	 0.00000000000000000000e+00	 0.00000000000000000000e+00	 0.00000000000000000000e+00	 0.00000000000000000000e+00	 0.00000000000000000000e+00	 0.00000000000000000000e+00	 
 3.10000000000000008882e+00	 0.00000000000000000000e+00	 0.00000000000000000000e+00	 0.00000000000000000000e+00	 0.00000000000000000000e+00	 0.00000000000000000000e+00	 0.00000000000000000000e+00	 0.00000000000000000000e+00	 0.00000000000000000000e+00	 0.00000000000000000000e+00	 0.00000000000000000000e+00	 0.00000000000000000000e+00	 0.00000000000000000000e+00	 0.00000000000000000000e+00	 0.00000000000000000000e+00	 
 3.12000000000000010658e+00	 0.00000000000000000000e+00	 0.00000000000000000000e+00	 0.00000000000000000000e+00	 0.00000000000000000000e+00	 0.00000000000000000000e+00	 0.00000000000000000000e+00	 0.00000000000000000000e+00	 0.00000000000000000000e+00	 0.00000000000000000000e+00	 0.00000000000000000000e+00	 0.00000000000000000000e+00	 0.00000000000000000000e+00	 0.00000000000000000000e+00	 0.00000000000000000000e+00	 
 3.13999999999999968026e+00	 0.00000000000000000000e+00	 0.00000000000000000000e+00	 0.00000000000000000000e+00	 0.00000000000000000000e+00	 0.00000000000000000000e+00	 0.00000000000000000000e+00	 0.00000000000000000000e+00	 0.00000000000000000000e+00	 0.00000000000000000000e+00	 0.00000000000000000000e+00	 0.00000000000000000000e+00	 0.00000000000000000000e+00	 0.00000000000000000000e+00	 0.00000000000000000000e+00	 
 3.16000000000000014211e+00	 0.00000000000000000000e+00	 0.00000000000000000000e+00	 0.00000000000000000000e+00	 0.00000000000000000000e+00	 0.00000000000000000000e+00	 0.00000000000000000000e+00	 0.00000000000000000000e+00	 0.00000000000000000000e+00	 0.00000000000000000000e+00	 0.00000000000000000000e+00	 0.00000000000000000000e+00	 0.00000000000000000000e+00	 0.00000000000000000000e+00	 0.00000000000000000000e+00	 
 3.18000000000000015987e+00	 0.00000000000000000000e+00	 0.00000000000000000000e+00	 0.00000000000000000000e+00	 0.00000000000000000000e+00	 0.00000000000000000000e+00	 0.00000000000000000000e+00	 0.00000000000000000000e+00	 0.00000000000000000000e+00	 0.00000000000000000000e+00	 0.00000000000000000000e+00	 0.00000000000000000000e+00	 0.00000000000000000000e+00	 0.00000000000000000000e+00	 0.00000000000000000000e+00	 
 3.19999999999999973355e+00	 0.00000000000000000000e+00	 0.00000000000000000000e+00	 0.00000000000000000000e+00	 0.00000000000000000000e+00	 0.00000000000000000000e+00	 0.00000000000000000000e+00	 0.00000000000000000000e+00	 0.00000000000000000000e+00	 0.00000000000000000000e+00	 0.00000000000000000000e+00	 0.00000000000000000000e+00	 0.00000000000000000000e+00	 0.00000000000000000000e+00	 0.00000000000000000000e+00	 
 3.22000000000000019540e+00	 0.00000000000000000000e+00	 0.00000000000000000000e+00	 0.00000000000000000000e+00	 0.00000000000000000000e+00	 0.00000000000000000000e+00	 0.00000000000000000000e+00	 0.00000000000000000000e+00	 0.00000000000000000000e+00	 0.00000000000000000000e+00	 0.00000000000000000000e+00	 0.00000000000000000000e+00	 0.00000000000000000000e+00	 0.00000000000000000000e+00	 0.00000000000000000000e+00	 
 3.24000000000000021316e+00	 0.00000000000000000000e+00	 0.00000000000000000000e+00	 0.00000000000000000000e+00	 0.00000000000000000000e+00	 0.00000000000000000000e+00	 0.00000000000000000000e+00	 0.00000000000000000000e+00	 0.00000000000000000000e+00	 0.00000000000000000000e+00	 0.00000000000000000000e+00	 0.00000000000000000000e+00	 0.00000000000000000000e+00	 0.00000000000000000000e+00	 0.00000000000000000000e+00	 
 3.25999999999999978684e+00	 0.00000000000000000000e+00	 0.00000000000000000000e+00	 0.00000000000000000000e+00	 0.00000000000000000000e+00	 0.00000000000000000000e+00	 0.00000000000000000000e+00	 0.00000000000000000000e+00	 0.00000000000000000000e+00	 0.00000000000000000000e+00	 0.00000000000000000000e+00	 0.00000000000000000000e+00	 0.00000000000000000000e+00	 0.00000000000000000000e+00	 0.00000000000000000000e+00	 
 3.28000000000000024869e+00	 0.00000000000000000000e+00	 0.00000000000000000000e+00	 0.00000000000000000000e+00	 0.00000000000000000000e+00	 0.00000000000000000000e+00	 0.00000000000000000000e+00	 0.00000000000000000000e+00	 0.00000000000000000000e+00	 0.00000000000000000000e+00	 0.00000000000000000000e+00	 0.00000000000000000000e+00	 0.00000000000000000000e+00	 0.00000000000000000000e+00	 0.00000000000000000000e+00	 
 3.29999999999999982236e+00	 0.00000000000000000000e+00	 0.00000000000000000000e+00	 0.00000000000000000000e+00	 0.00000000000000000000e+00	 0.00000000000000000000e+00	 0.00000000000000000000e+00	 0.00000000000000000000e+00	 0.00000000000000000000e+00	 0.00000000000000000000e+00	 0.00000000000000000000e+00	 0.00000000000000000000e+00	 0.00000000000000000000e+00	 0.00000000000000000000e+00	 0.00000000000000000000e+00	 
 3.31999999999999984013e+00	 0.00000000000000000000e+00	 0.00000000000000000000e+00	 0.00000000000000000000e+00	 0.00000000000000000000e+00	 0.00000000000000000000e+00	 0.00000000000000000000e+00	 0.00000000000000000000e+00	 0.00000000000000000000e+00	 0.00000000000000000000e+00	 0.00000000000000000000e+00	 0.00000000000000000000e+00	 0.00000000000000000000e+00	 0.00000000000000000000e+00	 0.00000000000000000000e+00	 
 3.34000000000000030198e+00	 0.00000000000000000000e+00	 0.00000000000000000000e+00	 0.00000000000000000000e+00	 0.00000000000000000000e+00	 0.00000000000000000000e+00	 0.00000000000000000000e+00	 0.00000000000000000000e+00	 0.00000000000000000000e+00	 0.00000000000000000000e+00	 0.00000000000000000000e+00	 0.00000000000000000000e+00	 0.00000000000000000000e+00	 0.00000000000000000000e+00	 0.00000000000000000000e+00	 
 3.36000000000000031974e+00	 0.00000000000000000000e+00	 0.00000000000000000000e+00	 0.00000000000000000000e+00	 0.00000000000000000000e+00	 0.00000000000000000000e+00	 0.00000000000000000000e+00	 0.00000000000000000000e+00	 0.00000000000000000000e+00	 0.00000000000000000000e+00	 0.00000000000000000000e+00	 0.00000000000000000000e+00	 0.00000000000000000000e+00	 0.00000000000000000000e+00	 0.00000000000000000000e+00	 
 3.37999999999999989342e+00	 0.00000000000000000000e+00	 0.00000000000000000000e+00	 0.00000000000000000000e+00	 0.00000000000000000000e+00	 0.00000000000000000000e+00	 0.00000000000000000000e+00	 0.00000000000000000000e+00	 0.00000000000000000000e+00	 0.00000000000000000000e+00	 0.00000000000000000000e+00	 0.00000000000000000000e+00	 0.00000000000000000000e+00	 0.00000000000000000000e+00	 0.00000000000000000000e+00	 
 3.39999999999999991118e+00	 0.00000000000000000000e+00	 0.00000000000000000000e+00	 0.00000000000000000000e+00	 0.00000000000000000000e+00	 0.00000000000000000000e+00	 0.00000000000000000000e+00	 0.00000000000000000000e+00	 0.00000000000000000000e+00	 0.00000000000000000000e+00	 0.00000000000000000000e+00	 0.00000000000000000000e+00	 0.00000000000000000000e+00	 0.00000000000000000000e+00	 0.00000000000000000000e+00	 
 3.42000000000000037303e+00	 0.00000000000000000000e+00	 0.00000000000000000000e+00	 0.00000000000000000000e+00	 0.00000000000000000000e+00	 0.00000000000000000000e+00	 0.00000000000000000000e+00	 0.00000000000000000000e+00	 0.00000000000000000000e+00	 0.00000000000000000000e+00	 0.00000000000000000000e+00	 0.00000000000000000000e+00	 0.00000000000000000000e+00	 0.00000000000000000000e+00	 0.00000000000000000000e+00	 
 3.43999999999999994671e+00	 0.00000000000000000000e+00	 0.00000000000000000000e+00	 0.00000000000000000000e+00	 0.00000000000000000000e+00	 0.00000000000000000000e+00	 0.00000000000000000000e+00	 0.00000000000000000000e+00	 0.00000000000000000000e+00	 0.00000000000000000000e+00	 0.00000000000000000000e+00	 0.00000000000000000000e+00	 0.00000000000000000000e+00	 0.00000000000000000000e+00	 0.00000000000000000000e+00	 
 3.45999999999999996447e+00	 0.00000000000000000000e+00	 0.00000000000000000000e+00	 0.00000000000000000000e+00	 0.00000000000000000000e+00	 0.00000000000000000000e+00	 0.00000000000000000000e+00	 0.00000000000000000000e+00	 0.00000000000000000000e+00	 0.00000000000000000000e+00	 0.00000000000000000000e+00	 0.00000000000000000000e+00	 0.00000000000000000000e+00	 0.00000000000000000000e+00	 0.00000000000000000000e+00	 
 3.48000000000000042633e+00	 0.00000000000000000000e+00	 0.00000000000000000000e+00	 0.00000000000000000000e+00	 0.00000000000000000000e+00	 0.00000000000000000000e+00	 0.00000000000000000000e+00	 0.00000000000000000000e+00	 0.00000000000000000000e+00	 0.00000000000000000000e+00	 0.00000000000000000000e+00	 0.00000000000000000000e+00	 0.00000000000000000000e+00	 0.00000000000000000000e+00	 0.00000000000000000000e+00	 
 3.50000000000000000000e+00	 0.00000000000000000000e+00	 0.00000000000000000000e+00	 0.00000000000000000000e+00	 0.00000000000000000000e+00	 0.00000000000000000000e+00	 0.00000000000000000000e+00	 0.00000000000000000000e+00	 0.00000000000000000000e+00	 0.00000000000000000000e+00	 0.00000000000000000000e+00	 0.00000000000000000000e+00	 0.00000000000000000000e+00	 0.00000000000000000000e+00	 0.00000000000000000000e+00	 
 3.52000000000000001776e+00	 0.00000000000000000000e+00	 0.00000000000000000000e+00	 0.00000000000000000000e+00	 0.00000000000000000000e+00	 0.00000000000000000000e+00	 0.00000000000000000000e+00	 0.00000000000000000000e+00	 0.00000000000000000000e+00	 0.00000000000000000000e+00	 0.00000000000000000000e+00	 0.00000000000000000000e+00	 0.00000000000000000000e+00	 0.00000000000000000000e+00	 0.00000000000000000000e+00	 
 3.54000000000000047962e+00	 0.00000000000000000000e+00	 0.00000000000000000000e+00	 0.00000000000000000000e+00	 0.00000000000000000000e+00	 0.00000000000000000000e+00	 0.00000000000000000000e+00	 0.00000000000000000000e+00	 0.00000000000000000000e+00	 0.00000000000000000000e+00	 0.00000000000000000000e+00	 0.00000000000000000000e+00	 0.00000000000000000000e+00	 0.00000000000000000000e+00	 0.00000000000000000000e+00	 
 3.56000000000000005329e+00	 0.00000000000000000000e+00	 0.00000000000000000000e+00	 0.00000000000000000000e+00	 0.00000000000000000000e+00	 0.00000000000000000000e+00	 0.00000000000000000000e+00	 0.00000000000000000000e+00	 0.00000000000000000000e+00	 0.00000000000000000000e+00	 0.00000000000000000000e+00	 0.00000000000000000000e+00	 0.00000000000000000000e+00	 0.00000000000000000000e+00	 0.00000000000000000000e+00	 
 3.58000000000000007105e+00	 0.00000000000000000000e+00	 0.00000000000000000000e+00	 0.00000000000000000000e+00	 0.00000000000000000000e+00	 0.00000000000000000000e+00	 0.00000000000000000000e+00	 0.00000000000000000000e+00	 0.00000000000000000000e+00	 0.00000000000000000000e+00	 0.00000000000000000000e+00	 0.00000000000000000000e+00	 0.00000000000000000000e+00	 0.00000000000000000000e+00	 0.00000000000000000000e+00	 
 3.60000000000000053291e+00	 0.00000000000000000000e+00	 0.00000000000000000000e+00	 0.00000000000000000000e+00	 0.00000000000000000000e+00	 0.00000000000000000000e+00	 0.00000000000000000000e+00	 0.00000000000000000000e+00	 0.00000000000000000000e+00	 0.00000000000000000000e+00	 0.00000000000000000000e+00	 0.00000000000000000000e+00	 0.00000000000000000000e+00	 0.00000000000000000000e+00	 0.00000000000000000000e+00	 
 3.62000000000000010658e+00	 0.00000000000000000000e+00	 0.00000000000000000000e+00	 0.00000000000000000000e+00	 0.00000000000000000000e+00	 0.00000000000000000000e+00	 0.00000000000000000000e+00	 0.00000000000000000000e+00	 0.00000000000000000000e+00	 0.00000000000000000000e+00	 0.00000000000000000000e+00	 0.00000000000000000000e+00	 0.00000000000000000000e+00	 0.00000000000000000000e+00	 0.00000000000000000000e+00	 
 3.63999999999999968026e+00	 0.00000000000000000000e+00	 0.00000000000000000000e+00	 0.00000000000000000000e+00	 0.00000000000000000000e+00	 0.00000000000000000000e+00	 0.00000000000000000000e+00	 0.00000000000000000000e+00	 0.00000000000000000000e+00	 0.00000000000000000000e+00	 0.00000000000000000000e+00	 0.00000000000000000000e+00	 0.00000000000000000000e+00	 0.00000000000000000000e+00	 0.00000000000000000000e+00	 
 3.65999999999999969802e+00	 0.00000000000000000000e+00	 0.00000000000000000000e+00	 0.00000000000000000000e+00	 0.00000000000000000000e+00	 0.00000000000000000000e+00	 0.00000000000000000000e+00	 0.00000000000000000000e+00	 0.00000000000000000000e+00	 0.00000000000000000000e+00	 0.00000000000000000000e+00	 0.00000000000000000000e+00	 0.00000000000000000000e+00	 0.00000000000000000000e+00	 0.00000000000000000000e+00	 
 3.68000000000000015987e+00	 0.00000000000000000000e+00	 0.00000000000000000000e+00	 0.00000000000000000000e+00	 0.00000000000000000000e+00	 0.00000000000000000000e+00	 0.00000000000000000000e+00	 0.00000000000000000000e+00	 0.00000000000000000000e+00	 0.00000000000000000000e+00	 0.00000000000000000000e+00	 0.00000000000000000000e+00	 0.00000000000000000000e+00	 0.00000000000000000000e+00	 0.00000000000000000000e+00	 
 3.70000000000000017764e+00	 0.00000000000000000000e+00	 0.00000000000000000000e+00	 0.00000000000000000000e+00	 0.00000000000000000000e+00	 0.00000000000000000000e+00	 0.00000000000000000000e+00	 0.00000000000000000000e+00	 0.00000000000000000000e+00	 0.00000000000000000000e+00	 0.00000000000000000000e+00	 0.00000000000000000000e+00	 0.00000000000000000000e+00	 0.00000000000000000000e+00	 0.00000000000000000000e+00	 
 3.71999999999999975131e+00	 0.00000000000000000000e+00	 0.00000000000000000000e+00	 0.00000000000000000000e+00	 0.00000000000000000000e+00	 0.00000000000000000000e+00	 0.00000000000000000000e+00	 0.00000000000000000000e+00	 0.00000000000000000000e+00	 0.00000000000000000000e+00	 0.00000000000000000000e+00	 0.00000000000000000000e+00	 0.00000000000000000000e+00	 0.00000000000000000000e+00	 0.00000000000000000000e+00	 
 3.74000000000000021316e+00	 0.00000000000000000000e+00	 0.00000000000000000000e+00	 0.00000000000000000000e+00	 0.00000000000000000000e+00	 0.00000000000000000000e+00	 0.00000000000000000000e+00	 0.00000000000000000000e+00	 0.00000000000000000000e+00	 0.00000000000000000000e+00	 0.00000000000000000000e+00	 0.00000000000000000000e+00	 0.00000000000000000000e+00	 0.00000000000000000000e+00	 0.00000000000000000000e+00	 
 3.76000000000000023093e+00	 0.00000000000000000000e+00	 0.00000000000000000000e+00	 0.00000000000000000000e+00	 0.00000000000000000000e+00	 0.00000000000000000000e+00	 0.00000000000000000000e+00	 0.00000000000000000000e+00	 0.00000000000000000000e+00	 0.00000000000000000000e+00	 0.00000000000000000000e+00	 0.00000000000000000000e+00	 0.00000000000000000000e+00	 0.00000000000000000000e+00	 0.00000000000000000000e+00	 
 3.77999999999999980460e+00	 0.00000000000000000000e+00	 0.00000000000000000000e+00	 0.00000000000000000000e+00	 0.00000000000000000000e+00	 0.00000000000000000000e+00	 0.00000000000000000000e+00	 0.00000000000000000000e+00	 0.00000000000000000000e+00	 0.00000000000000000000e+00	 0.00000000000000000000e+00	 0.00000000000000000000e+00	 0.00000000000000000000e+00	 0.00000000000000000000e+00	 0.00000000000000000000e+00	 
 3.80000000000000026645e+00	 0.00000000000000000000e+00	 0.00000000000000000000e+00	 0.00000000000000000000e+00	 0.00000000000000000000e+00	 0.00000000000000000000e+00	 0.00000000000000000000e+00	 0.00000000000000000000e+00	 0.00000000000000000000e+00	 0.00000000000000000000e+00	 0.00000000000000000000e+00	 0.00000000000000000000e+00	 0.00000000000000000000e+00	 0.00000000000000000000e+00	 0.00000000000000000000e+00	 
 3.82000000000000028422e+00	 0.00000000000000000000e+00	 0.00000000000000000000e+00	 0.00000000000000000000e+00	 0.00000000000000000000e+00	 0.00000000000000000000e+00	 0.00000000000000000000e+00	 0.00000000000000000000e+00	 0.00000000000000000000e+00	 0.00000000000000000000e+00	 0.00000000000000000000e+00	 0.00000000000000000000e+00	 0.00000000000000000000e+00	 0.00000000000000000000e+00	 0.00000000000000000000e+00	 
 3.83999999999999985789e+00	 0.00000000000000000000e+00	 0.00000000000000000000e+00	 0.00000000000000000000e+00	 0.00000000000000000000e+00	 0.00000000000000000000e+00	 0.00000000000000000000e+00	 0.00000000000000000000e+00	 0.00000000000000000000e+00	 0.00000000000000000000e+00	 0.00000000000000000000e+00	 0.00000000000000000000e+00	 0.00000000000000000000e+00	 0.00000000000000000000e+00	 0.00000000000000000000e+00	 
 3.86000000000000031974e+00	 0.00000000000000000000e+00	 0.00000000000000000000e+00	 0.00000000000000000000e+00	 0.00000000000000000000e+00	 0.00000000000000000000e+00	 0.00000000000000000000e+00	 0.00000000000000000000e+00	 0.00000000000000000000e+00	 0.00000000000000000000e+00	 0.00000000000000000000e+00	 0.00000000000000000000e+00	 0.00000000000000000000e+00	 0.00000000000000000000e+00	 0.00000000000000000000e+00	 
 3.87999999999999989342e+00	 0.00000000000000000000e+00	 0.00000000000000000000e+00	 0.00000000000000000000e+00	 0.00000000000000000000e+00	 0.00000000000000000000e+00	 0.00000000000000000000e+00	 0.00000000000000000000e+00	 0.00000000000000000000e+00	 0.00000000000000000000e+00	 0.00000000000000000000e+00	 0.00000000000000000000e+00	 0.00000000000000000000e+00	 0.00000000000000000000e+00	 0.00000000000000000000e+00	 
 3.89999999999999991118e+00	 0.00000000000000000000e+00	 0.00000000000000000000e+00	 0.00000000000000000000e+00	 0.00000000000000000000e+00	 0.00000000000000000000e+00	 0.00000000000000000000e+00	 0.00000000000000000000e+00	 0.00000000000000000000e+00	 0.00000000000000000000e+00	 0.00000000000000000000e+00	 0.00000000000000000000e+00	 0.00000000000000000000e+00	 0.00000000000000000000e+00	 0.00000000000000000000e+00	 
 3.91999999999999948486e+00	 0.00000000000000000000e+00	 0.00000000000000000000e+00	 0.00000000000000000000e+00	 0.00000000000000000000e+00	 0.00000000000000000000e+00	 0.00000000000000000000e+00	 0.00000000000000000000e+00	 0.00000000000000000000e+00	 0.00000000000000000000e+00	 0.00000000000000000000e+00	 0.00000000000000000000e+00	 0.00000000000000000000e+00	 0.00000000000000000000e+00	 0.00000000000000000000e+00	 
 3.93999999999999994671e+00	 0.00000000000000000000e+00	 0.00000000000000000000e+00	 0.00000000000000000000e+00	 0.00000000000000000000e+00	 0.00000000000000000000e+00	 0.00000000000000000000e+00	 0.00000000000000000000e+00	 0.00000000000000000000e+00	 0.00000000000000000000e+00	 0.00000000000000000000e+00	 0.00000000000000000000e+00	 0.00000000000000000000e+00	 0.00000000000000000000e+00	 0.00000000000000000000e+00	 
 3.95999999999999996447e+00	 0.00000000000000000000e+00	 0.00000000000000000000e+00	 0.00000000000000000000e+00	 0.00000000000000000000e+00	 0.00000000000000000000e+00	 0.00000000000000000000e+00	 0.00000000000000000000e+00	 0.00000000000000000000e+00	 0.00000000000000000000e+00	 0.00000000000000000000e+00	 0.00000000000000000000e+00	 0.00000000000000000000e+00	 0.00000000000000000000e+00	 0.00000000000000000000e+00	 
 3.97999999999999953815e+00	 0.00000000000000000000e+00	 0.00000000000000000000e+00	 0.00000000000000000000e+00	 0.00000000000000000000e+00	 0.00000000000000000000e+00	 0.00000000000000000000e+00	 0.00000000000000000000e+00	 0.00000000000000000000e+00	 0.00000000000000000000e+00	 0.00000000000000000000e+00	 0.00000000000000000000e+00	 0.00000000000000000000e+00	 0.00000000000000000000e+00	 0.00000000000000000000e+00	 
 4.00000000000000000000e+00	 0.00000000000000000000e+00	 0.00000000000000000000e+00	 0.00000000000000000000e+00	 0.00000000000000000000e+00	 0.00000000000000000000e+00	 0.00000000000000000000e+00	 0.00000000000000000000e+00	 0.00000000000000000000e+00	 0.00000000000000000000e+00	 0.00000000000000000000e+00	 0.00000000000000000000e+00	 0.00000000000000000000e+00	 0.00000000000000000000e+00	 0.00000000000000000000e+00	 
 4.01999999999999957367e+00	 0.00000000000000000000e+00	 0.00000000000000000000e+00	 0.00000000000000000000e+00	 0.00000000000000000000e+00	 0.00000000000000000000e+00	 0.00000000000000000000e+00	 0.00000000000000000000e+00	 0.00000000000000000000e+00	 0.00000000000000000000e+00	 0.00000000000000000000e+00	 0.00000000000000000000e+00	 0.00000000000000000000e+00	 0.00000000000000000000e+00	 0.00000000000000000000e+00	 
 4.04000000000000003553e+00	 0.00000000000000000000e+00	 0.00000000000000000000e+00	 0.00000000000000000000e+00	 0.00000000000000000000e+00	 0.00000000000000000000e+00	 0.00000000000000000000e+00	 0.00000000000000000000e+00	 0.00000000000000000000e+00	 0.00000000000000000000e+00	 0.00000000000000000000e+00	 0.00000000000000000000e+00	 0.00000000000000000000e+00	 0.00000000000000000000e+00	 0.00000000000000000000e+00	 
 4.06000000000000049738e+00	 0.00000000000000000000e+00	 0.00000000000000000000e+00	 0.00000000000000000000e+00	 0.00000000000000000000e+00	 0.00000000000000000000e+00	 0.00000000000000000000e+00	 0.00000000000000000000e+00	 0.00000000000000000000e+00	 0.00000000000000000000e+00	 0.00000000000000000000e+00	 0.00000000000000000000e+00	 0.00000000000000000000e+00	 0.00000000000000000000e+00	 0.00000000000000000000e+00	 
 4.08000000000000007105e+00	 0.00000000000000000000e+00	 0.00000000000000000000e+00	 0.00000000000000000000e+00	 0.00000000000000000000e+00	 0.00000000000000000000e+00	 0.00000000000000000000e+00	 0.00000000000000000000e+00	 0.00000000000000000000e+00	 0.00000000000000000000e+00	 0.00000000000000000000e+00	 0.00000000000000000000e+00	 0.00000000000000000000e+00	 0.00000000000000000000e+00	 0.00000000000000000000e+00	 
 4.09999999999999964473e+00	 0.00000000000000000000e+00	 0.00000000000000000000e+00	 0.00000000000000000000e+00	 0.00000000000000000000e+00	 0.00000000000000000000e+00	 0.00000000000000000000e+00	 0.00000000000000000000e+00	 0.00000000000000000000e+00	 0.00000000000000000000e+00	 0.00000000000000000000e+00	 0.00000000000000000000e+00	 0.00000000000000000000e+00	 0.00000000000000000000e+00	 0.00000000000000000000e+00	 
 4.12000000000000010658e+00	 0.00000000000000000000e+00	 0.00000000000000000000e+00	 0.00000000000000000000e+00	 0.00000000000000000000e+00	 0.00000000000000000000e+00	 0.00000000000000000000e+00	 0.00000000000000000000e+00	 0.00000000000000000000e+00	 0.00000000000000000000e+00	 0.00000000000000000000e+00	 0.00000000000000000000e+00	 0.00000000000000000000e+00	 0.00000000000000000000e+00	 0.00000000000000000000e+00	 
 4.14000000000000056843e+00	 0.00000000000000000000e+00	 0.00000000000000000000e+00	 0.00000000000000000000e+00	 0.00000000000000000000e+00	 0.00000000000000000000e+00	 0.00000000000000000000e+00	 0.00000000000000000000e+00	 0.00000000000000000000e+00	 0.00000000000000000000e+00	 0.00000000000000000000e+00	 0.00000000000000000000e+00	 0.00000000000000000000e+00	 0.00000000000000000000e+00	 0.00000000000000000000e+00	 
 4.16000000000000014211e+00	 0.00000000000000000000e+00	 0.00000000000000000000e+00	 0.00000000000000000000e+00	 0.00000000000000000000e+00	 0.00000000000000000000e+00	 0.00000000000000000000e+00	 0.00000000000000000000e+00	 0.00000000000000000000e+00	 0.00000000000000000000e+00	 0.00000000000000000000e+00	 0.00000000000000000000e+00	 0.00000000000000000000e+00	 0.00000000000000000000e+00	 0.00000000000000000000e+00	 
 4.17999999999999971578e+00	 0.00000000000000000000e+00	 0.00000000000000000000e+00	 0.00000000000000000000e+00	 0.00000000000000000000e+00	 0.00000000000000000000e+00	 0.00000000000000000000e+00	 0.00000000000000000000e+00	 0.00000000000000000000e+00	 0.00000000000000000000e+00	 0.00000000000000000000e+00	 0.00000000000000000000e+00	 0.00000000000000000000e+00	 0.00000000000000000000e+00	 0.00000000000000000000e+00	 
 4.20000000000000017764e+00	 0.00000000000000000000e+00	 0.00000000000000000000e+00	 0.00000000000000000000e+00	 0.00000000000000000000e+00	 0.00000000000000000000e+00	 0.00000000000000000000e+00	 0.00000000000000000000e+00	 0.00000000000000000000e+00	 0.00000000000000000000e+00	 0.00000000000000000000e+00	 0.00000000000000000000e+00	 0.00000000000000000000e+00	 0.00000000000000000000e+00	 0.00000000000000000000e+00	 
 4.21999999999999975131e+00	 0.00000000000000000000e+00	 0.00000000000000000000e+00	 0.00000000000000000000e+00	 0.00000000000000000000e+00	 0.00000000000000000000e+00	 0.00000000000000000000e+00	 0.00000000000000000000e+00	 0.00000000000000000000e+00	 0.00000000000000000000e+00	 0.00000000000000000000e+00	 0.00000000000000000000e+00	 0.00000000000000000000e+00	 0.00000000000000000000e+00	 0.00000000000000000000e+00	 
 4.24000000000000021316e+00	 0.00000000000000000000e+00	 0.00000000000000000000e+00	 0.00000000000000000000e+00	 0.00000000000000000000e+00	 0.00000000000000000000e+00	 0.00000000000000000000e+00	 0.00000000000000000000e+00	 0.00000000000000000000e+00	 0.00000000000000000000e+00	 0.00000000000000000000e+00	 0.00000000000000000000e+00	 0.00000000000000000000e+00	 0.00000000000000000000e+00	 0.00000000000000000000e+00	 
 4.25999999999999978684e+00	 0.00000000000000000000e+00	 0.00000000000000000000e+00	 0.00000000000000000000e+00	 0.00000000000000000000e+00	 0.00000000000000000000e+00	 0.00000000000000000000e+00	 0.00000000000000000000e+00	 0.00000000000000000000e+00	 0.00000000000000000000e+00	 0.00000000000000000000e+00	 0.00000000000000000000e+00	 0.00000000000000000000e+00	 0.00000000000000000000e+00	 0.00000000000000000000e+00	 
 4.28000000000000024869e+00	 0.00000000000000000000e+00	 0.00000000000000000000e+00	 0.00000000000000000000e+00	 0.00000000000000000000e+00	 0.00000000000000000000e+00	 0.00000000000000000000e+00	 0.00000000000000000000e+00	 0.00000000000000000000e+00	 0.00000000000000000000e+00	 0.00000000000000000000e+00	 0.00000000000000000000e+00	 0.00000000000000000000e+00	 0.00000000000000000000e+00	 0.00000000000000000000e+00	 
 4.29999999999999982236e+00	 0.00000000000000000000e+00	 0.00000000000000000000e+00	 0.00000000000000000000e+00	 0.00000000000000000000e+00	 0.00000000000000000000e+00	 0.00000000000000000000e+00	 0.00000000000000000000e+00	 0.00000000000000000000e+00	 0.00000000000000000000e+00	 0.00000000000000000000e+00	 0.00000000000000000000e+00	 0.00000000000000000000e+00	 0.00000000000000000000e+00	 0.00000000000000000000e+00	 
 4.32000000000000028422e+00	 0.00000000000000000000e+00	 0.00000000000000000000e+00	 0.00000000000000000000e+00	 0.00000000000000000000e+00	 0.00000000000000000000e+00	 0.00000000000000000000e+00	 0.00000000000000000000e+00	 0.00000000000000000000e+00	 0.00000000000000000000e+00	 0.00000000000000000000e+00	 0.00000000000000000000e+00	 0.00000000000000000000e+00	 0.00000000000000000000e+00	 0.00000000000000000000e+00	 
 4.33999999999999985789e+00	 0.00000000000000000000e+00	 0.00000000000000000000e+00	 0.00000000000000000000e+00	 0.00000000000000000000e+00	 0.00000000000000000000e+00	 0.00000000000000000000e+00	 0.00000000000000000000e+00	 0.00000000000000000000e+00	 0.00000000000000000000e+00	 0.00000000000000000000e+00	 0.00000000000000000000e+00	 0.00000000000000000000e+00	 0.00000000000000000000e+00	 0.00000000000000000000e+00	 
 4.36000000000000031974e+00	 0.00000000000000000000e+00	 0.00000000000000000000e+00	 0.00000000000000000000e+00	 0.00000000000000000000e+00	 0.00000000000000000000e+00	 0.00000000000000000000e+00	 0.00000000000000000000e+00	 0.00000000000000000000e+00	 0.00000000000000000000e+00	 0.00000000000000000000e+00	 0.00000000000000000000e+00	 0.00000000000000000000e+00	 0.00000000000000000000e+00	 0.00000000000000000000e+00	 
 4.37999999999999989342e+00	 0.00000000000000000000e+00	 0.00000000000000000000e+00	 0.00000000000000000000e+00	 0.00000000000000000000e+00	 0.00000000000000000000e+00	 0.00000000000000000000e+00	 0.00000000000000000000e+00	 0.00000000000000000000e+00	 0.00000000000000000000e+00	 0.00000000000000000000e+00	 0.00000000000000000000e+00	 0.00000000000000000000e+00	 0.00000000000000000000e+00	 0.00000000000000000000e+00	 
 4.40000000000000035527e+00	 0.00000000000000000000e+00	 0.00000000000000000000e+00	 0.00000000000000000000e+00	 0.00000000000000000000e+00	 0.00000000000000000000e+00	 0.00000000000000000000e+00	 0.00000000000000000000e+00	 0.00000000000000000000e+00	 0.00000000000000000000e+00	 0.00000000000000000000e+00	 0.00000000000000000000e+00	 0.00000000000000000000e+00	 0.00000000000000000000e+00	 0.00000000000000000000e+00	 
 4.41999999999999992895e+00	 0.00000000000000000000e+00	 0.00000000000000000000e+00	 0.00000000000000000000e+00	 0.00000000000000000000e+00	 0.00000000000000000000e+00	 0.00000000000000000000e+00	 0.00000000000000000000e+00	 0.00000000000000000000e+00	 0.00000000000000000000e+00	 0.00000000000000000000e+00	 0.00000000000000000000e+00	 0.00000000000000000000e+00	 0.00000000000000000000e+00	 0.00000000000000000000e+00	 
 4.43999999999999950262e+00	 0.00000000000000000000e+00	 0.00000000000000000000e+00	 0.00000000000000000000e+00	 0.00000000000000000000e+00	 0.00000000000000000000e+00	 0.00000000000000000000e+00	 0.00000000000000000000e+00	 0.00000000000000000000e+00	 0.00000000000000000000e+00	 0.00000000000000000000e+00	 0.00000000000000000000e+00	 0.00000000000000000000e+00	 0.00000000000000000000e+00	 0.00000000000000000000e+00	 
 4.45999999999999996447e+00	 0.00000000000000000000e+00	 0.00000000000000000000e+00	 0.00000000000000000000e+00	 0.00000000000000000000e+00	 0.00000000000000000000e+00	 0.00000000000000000000e+00	 0.00000000000000000000e+00	 0.00000000000000000000e+00	 0.00000000000000000000e+00	 0.00000000000000000000e+00	 0.00000000000000000000e+00	 0.00000000000000000000e+00	 0.00000000000000000000e+00	 0.00000000000000000000e+00	 
 4.47999999999999953815e+00	 0.00000000000000000000e+00	 0.00000000000000000000e+00	 0.00000000000000000000e+00	 0.00000000000000000000e+00	 0.00000000000000000000e+00	 0.00000000000000000000e+00	 0.00000000000000000000e+00	 0.00000000000000000000e+00	 0.00000000000000000000e+00	 0.00000000000000000000e+00	 0.00000000000000000000e+00	 0.00000000000000000000e+00	 0.00000000000000000000e+00	 0.00000000000000000000e+00	 
 4.50000000000000000000e+00	 0.00000000000000000000e+00	 0.00000000000000000000e+00	 0.00000000000000000000e+00	 0.00000000000000000000e+00	 0.00000000000000000000e+00	 0.00000000000000000000e+00	 0.00000000000000000000e+00	 0.00000000000000000000e+00	 0.00000000000000000000e+00	 0.00000000000000000000e+00	 0.00000000000000000000e+00	 0.00000000000000000000e+00	 0.00000000000000000000e+00	 0.00000000000000000000e+00	 
 4.52000000000000046185e+00	 0.00000000000000000000e+00	 0.00000000000000000000e+00	 0.00000000000000000000e+00	 0.00000000000000000000e+00	 0.00000000000000000000e+00	 0.00000000000000000000e+00	 0.00000000000000000000e+00	 0.00000000000000000000e+00	 0.00000000000000000000e+00	 0.00000000000000000000e+00	 0.00000000000000000000e+00	 0.00000000000000000000e+00	 0.00000000000000000000e+00	 0.00000000000000000000e+00	 
 4.54000000000000003553e+00	 0.00000000000000000000e+00	 0.00000000000000000000e+00	 0.00000000000000000000e+00	 0.00000000000000000000e+00	 0.00000000000000000000e+00	 0.00000000000000000000e+00	 0.00000000000000000000e+00	 0.00000000000000000000e+00	 0.00000000000000000000e+00	 0.00000000000000000000e+00	 0.00000000000000000000e+00	 0.00000000000000000000e+00	 0.00000000000000000000e+00	 0.00000000000000000000e+00	 
 4.55999999999999960920e+00	 0.00000000000000000000e+00	 0.00000000000000000000e+00	 0.00000000000000000000e+00	 0.00000000000000000000e+00	 0.00000000000000000000e+00	 0.00000000000000000000e+00	 0.00000000000000000000e+00	 0.00000000000000000000e+00	 0.00000000000000000000e+00	 0.00000000000000000000e+00	 0.00000000000000000000e+00	 0.00000000000000000000e+00	 0.00000000000000000000e+00	 0.00000000000000000000e+00	 
 4.58000000000000007105e+00	 0.00000000000000000000e+00	 0.00000000000000000000e+00	 0.00000000000000000000e+00	 0.00000000000000000000e+00	 0.00000000000000000000e+00	 0.00000000000000000000e+00	 0.00000000000000000000e+00	 0.00000000000000000000e+00	 0.00000000000000000000e+00	 0.00000000000000000000e+00	 0.00000000000000000000e+00	 0.00000000000000000000e+00	 0.00000000000000000000e+00	 0.00000000000000000000e+00	 
 4.60000000000000053291e+00	 0.00000000000000000000e+00	 0.00000000000000000000e+00	 0.00000000000000000000e+00	 0.00000000000000000000e+00	 0.00000000000000000000e+00	 0.00000000000000000000e+00	 0.00000000000000000000e+00	 0.00000000000000000000e+00	 0.00000000000000000000e+00	 0.00000000000000000000e+00	 0.00000000000000000000e+00	 0.00000000000000000000e+00	 0.00000000000000000000e+00	 0.00000000000000000000e+00	 
 4.62000000000000010658e+00	 0.00000000000000000000e+00	 0.00000000000000000000e+00	 0.00000000000000000000e+00	 0.00000000000000000000e+00	 0.00000000000000000000e+00	 0.00000000000000000000e+00	 0.00000000000000000000e+00	 0.00000000000000000000e+00	 0.00000000000000000000e+00	 0.00000000000000000000e+00	 0.00000000000000000000e+00	 0.00000000000000000000e+00	 0.00000000000000000000e+00	 0.00000000000000000000e+00	 
 4.63999999999999968026e+00	 0.00000000000000000000e+00	 0.00000000000000000000e+00	 0.00000000000000000000e+00	 0.00000000000000000000e+00	 0.00000000000000000000e+00	 0.00000000000000000000e+00	 0.00000000000000000000e+00	 0.00000000000000000000e+00	 0.00000000000000000000e+00	 0.00000000000000000000e+00	 0.00000000000000000000e+00	 0.00000000000000000000e+00	 0.00000000000000000000e+00	 0.00000000000000000000e+00	 
 4.66000000000000014211e+00	 0.00000000000000000000e+00	 0.00000000000000000000e+00	 0.00000000000000000000e+00	 0.00000000000000000000e+00	 0.00000000000000000000e+00	 0.00000000000000000000e+00	 0.00000000000000000000e+00	 0.00000000000000000000e+00	 0.00000000000000000000e+00	 0.00000000000000000000e+00	 0.00000000000000000000e+00	 0.00000000000000000000e+00	 0.00000000000000000000e+00	 0.00000000000000000000e+00	 
 4.67999999999999971578e+00	 0.00000000000000000000e+00	 0.00000000000000000000e+00	 0.00000000000000000000e+00	 0.00000000000000000000e+00	 0.00000000000000000000e+00	 0.00000000000000000000e+00	 0.00000000000000000000e+00	 0.00000000000000000000e+00	 0.00000000000000000000e+00	 0.00000000000000000000e+00	 0.00000000000000000000e+00	 0.00000000000000000000e+00	 0.00000000000000000000e+00	 0.00000000000000000000e+00	 
 4.69999999999999928946e+00	 0.00000000000000000000e+00	 0.00000000000000000000e+00	 0.00000000000000000000e+00	 0.00000000000000000000e+00	 0.00000000000000000000e+00	 0.00000000000000000000e+00	 0.00000000000000000000e+00	 0.00000000000000000000e+00	 0.00000000000000000000e+00	 0.00000000000000000000e+00	 0.00000000000000000000e+00	 0.00000000000000000000e+00	 0.00000000000000000000e+00	 0.00000000000000000000e+00	 
 4.72000000000000063949e+00	 0.00000000000000000000e+00	 0.00000000000000000000e+00	 0.00000000000000000000e+00	 0.00000000000000000000e+00	 0.00000000000000000000e+00	 0.00000000000000000000e+00	 0.00000000000000000000e+00	 0.00000000000000000000e+00	 0.00000000000000000000e+00	 0.00000000000000000000e+00	 0.00000000000000000000e+00	 0.00000000000000000000e+00	 0.00000000000000000000e+00	 0.00000000000000000000e+00	 
 4.74000000000000021316e+00	 0.00000000000000000000e+00	 0.00000000000000000000e+00	 0.00000000000000000000e+00	 0.00000000000000000000e+00	 0.00000000000000000000e+00	 0.00000000000000000000e+00	 0.00000000000000000000e+00	 0.00000000000000000000e+00	 0.00000000000000000000e+00	 0.00000000000000000000e+00	 0.00000000000000000000e+00	 0.00000000000000000000e+00	 0.00000000000000000000e+00	 0.00000000000000000000e+00	 
 4.75999999999999978684e+00	 0.00000000000000000000e+00	 0.00000000000000000000e+00	 0.00000000000000000000e+00	 0.00000000000000000000e+00	 0.00000000000000000000e+00	 0.00000000000000000000e+00	 0.00000000000000000000e+00	 0.00000000000000000000e+00	 0.00000000000000000000e+00	 0.00000000000000000000e+00	 0.00000000000000000000e+00	 0.00000000000000000000e+00	 0.00000000000000000000e+00	 0.00000000000000000000e+00	 
 4.78000000000000024869e+00	 0.00000000000000000000e+00	 0.00000000000000000000e+00	 0.00000000000000000000e+00	 0.00000000000000000000e+00	 0.00000000000000000000e+00	 0.00000000000000000000e+00	 0.00000000000000000000e+00	 0.00000000000000000000e+00	 0.00000000000000000000e+00	 0.00000000000000000000e+00	 0.00000000000000000000e+00	 0.00000000000000000000e+00	 0.00000000000000000000e+00	 0.00000000000000000000e+00	 
 4.79999999999999982236e+00	 0.00000000000000000000e+00	 0.00000000000000000000e+00	 0.00000000000000000000e+00	 0.00000000000000000000e+00	 0.00000000000000000000e+00	 0.00000000000000000000e+00	 0.00000000000000000000e+00	 0.00000000000000000000e+00	 0.00000000000000000000e+00	 0.00000000000000000000e+00	 0.00000000000000000000e+00	 0.00000000000000000000e+00	 0.00000000000000000000e+00	 0.00000000000000000000e+00	 
 4.81999999999999939604e+00	 0.00000000000000000000e+00	 0.00000000000000000000e+00	 0.00000000000000000000e+00	 0.00000000000000000000e+00	 0.00000000000000000000e+00	 0.00000000000000000000e+00	 0.00000000000000000000e+00	 0.00000000000000000000e+00	 0.00000000000000000000e+00	 0.00000000000000000000e+00	 0.00000000000000000000e+00	 0.00000000000000000000e+00	 0.00000000000000000000e+00	 0.00000000000000000000e+00	 
 4.84000000000000074607e+00	 0.00000000000000000000e+00	 0.00000000000000000000e+00	 0.00000000000000000000e+00	 0.00000000000000000000e+00	 0.00000000000000000000e+00	 0.00000000000000000000e+00	 0.00000000000000000000e+00	 0.00000000000000000000e+00	 0.00000000000000000000e+00	 0.00000000000000000000e+00	 0.00000000000000000000e+00	 0.00000000000000000000e+00	 0.00000000000000000000e+00	 0.00000000000000000000e+00	 
 4.86000000000000031974e+00	 0.00000000000000000000e+00	 0.00000000000000000000e+00	 0.00000000000000000000e+00	 0.00000000000000000000e+00	 0.00000000000000000000e+00	 0.00000000000000000000e+00	 0.00000000000000000000e+00	 0.00000000000000000000e+00	 0.00000000000000000000e+00	 0.00000000000000000000e+00	 0.00000000000000000000e+00	 0.00000000000000000000e+00	 0.00000000000000000000e+00	 0.00000000000000000000e+00	 
 4.87999999999999989342e+00	 0.00000000000000000000e+00	 0.00000000000000000000e+00	 0.00000000000000000000e+00	 0.00000000000000000000e+00	 0.00000000000000000000e+00	 0.00000000000000000000e+00	 0.00000000000000000000e+00	 0.00000000000000000000e+00	 0.00000000000000000000e+00	 0.00000000000000000000e+00	 0.00000000000000000000e+00	 0.00000000000000000000e+00	 0.00000000000000000000e+00	 0.00000000000000000000e+00	 
 4.89999999999999946709e+00	 0.00000000000000000000e+00	 0.00000000000000000000e+00	 0.00000000000000000000e+00	 0.00000000000000000000e+00	 0.00000000000000000000e+00	 0.00000000000000000000e+00	 0.00000000000000000000e+00	 0.00000000000000000000e+00	 0.00000000000000000000e+00	 0.00000000000000000000e+00	 0.00000000000000000000e+00	 0.00000000000000000000e+00	 0.00000000000000000000e+00	 0.00000000000000000000e+00	 
 4.91999999999999992895e+00	 0.00000000000000000000e+00	 0.00000000000000000000e+00	 0.00000000000000000000e+00	 0.00000000000000000000e+00	 0.00000000000000000000e+00	 0.00000000000000000000e+00	 0.00000000000000000000e+00	 0.00000000000000000000e+00	 0.00000000000000000000e+00	 0.00000000000000000000e+00	 0.00000000000000000000e+00	 0.00000000000000000000e+00	 0.00000000000000000000e+00	 0.00000000000000000000e+00	 
 4.93999999999999950262e+00	 0.00000000000000000000e+00	 0.00000000000000000000e+00	 0.00000000000000000000e+00	 0.00000000000000000000e+00	 0.00000000000000000000e+00	 0.00000000000000000000e+00	 0.00000000000000000000e+00	 0.00000000000000000000e+00	 0.00000000000000000000e+00	 0.00000000000000000000e+00	 0.00000000000000000000e+00	 0.00000000000000000000e+00	 0.00000000000000000000e+00	 0.00000000000000000000e+00	 
 4.95999999999999996447e+00	 0.00000000000000000000e+00	 0.00000000000000000000e+00	 0.00000000000000000000e+00	 0.00000000000000000000e+00	 0.00000000000000000000e+00	 0.00000000000000000000e+00	 0.00000000000000000000e+00	 0.00000000000000000000e+00	 0.00000000000000000000e+00	 0.00000000000000000000e+00	 0.00000000000000000000e+00	 0.00000000000000000000e+00	 0.00000000000000000000e+00	 0.00000000000000000000e+00	 
 4.98000000000000042633e+00	 0.00000000000000000000e+00	 0.00000000000000000000e+00	 0.00000000000000000000e+00	 0.00000000000000000000e+00	 0.00000000000000000000e+00	 0.00000000000000000000e+00	 0.00000000000000000000e+00	 0.00000000000000000000e+00	 0.00000000000000000000e+00	 0.00000000000000000000e+00	 0.00000000000000000000e+00	 0.00000000000000000000e+00	 0.00000000000000000000e+00	 0.00000000000000000000e+00	 
 5.00000000000000000000e+00	 0.00000000000000000000e+00	 0.00000000000000000000e+00	 0.00000000000000000000e+00	 0.00000000000000000000e+00	 0.00000000000000000000e+00	 0.00000000000000000000e+00	 0.00000000000000000000e+00	 0.00000000000000000000e+00	 0.00000000000000000000e+00	 0.00000000000000000000e+00	 0.00000000000000000000e+00	 0.00000000000000000000e+00	 0.00000000000000000000e+00	 0.00000000000000000000e+00	 
