 -1.00000000000000000000e+00	 1.05586505773782132364e-08	 1.05278797237638945438e-08	 1.05610981525132858119e-08	 1.26466206799841624101e-06	 1.26404361753429019830e-06	 1.26286732087946144263e-06	 1.34175016507543608958e-06	 3.73849059976210610489e-07	 3.70085480159673031815e-07	 1.25449717426749102883e-06	 1.99089202075884498944e-08	 2.66916840628354222063e-08	 2.66901793702530602342e-08	 2.66916752854751542433e-08	 
 -9.79999999999999982236e-01	 1.08297624413468995887e-08	 1.07982056870750642395e-08	 1.08322316791880696716e-08	 1.29789279015569989537e-06	 1.29725427812246085353e-06	 1.29608683724627140987e-06	 1.37697106905731775444e-06	 3.83244187698284780535e-07	 3.79334497244488122741e-07	 1.28746219651747745549e-06	 2.03995479745748458235e-08	 2.73777403487510609980e-08	 2.73761965187303911218e-08	 2.73777313304555302802e-08	 
 -9.59999999999999964473e-01	 1.11059888465863919488e-08	 1.10736314037690554687e-08	 1.11084791929443229150e-08	 1.33176522736182501650e-06	 1.33110623326907198629e-06	 1.32994858125702612122e-06	 1.41287147570720541201e-06	 3.92811922049984544615e-07	 3.88752319573485329504e-07	 1.32106384622459743037e-06	 2.08989968481850703323e-08	 2.80767531342436854620e-08	 2.80751694200496397783e-08	 2.80767438700644659544e-08	 
 -9.39999999999999946709e-01	 1.13873150020895748428e-08	 1.13541420665834195672e-08	 1.13898257416291171166e-08	 1.36627704158953788504e-06	 1.36559720321605101728e-06	 1.36445024116503806289e-06	 1.44944897053599421178e-06	 4.02551109693169585348e-07	 3.98337740836075265504e-07	 1.35529982635937169793e-06	 2.14072145773607680485e-08	 2.87886848825259826548e-08	 2.87870605417337990835e-08	 2.87886753674684751009e-08	 
 -9.19999999999999928946e-01	 1.16737190275096670000e-08	 1.16397157818431414403e-08	 1.16762492580766120232e-08	 1.40142474732556317431e-06	 1.40072377711450609765e-06	 1.39958835330885056189e-06	 1.48669994506228424238e-06	 4.12460269996940942704e-07	 4.08089230190109936962e-07	 1.39016670715688435146e-06	 2.19241356533259801255e-08	 2.95134799210501750343e-08	 2.95118142172498923059e-08	 2.95134701500595713549e-08	 
 -9.00000000000000022204e-01	 1.19651715396857501406e-08	 1.19303233692786332935e-08	 1.19677206795154514899e-08	 1.43720375911833935251e-06	 1.43648139505280179782e-06	 1.43535836884432690766e-06	 1.52461959647235418973e-06	 4.22537593875137792383e-07	 4.18004928683236303402e-07	 1.42565989515793909868e-06	 2.24496808168091637119e-08	 3.02510640839279663429e-08	 3.02493562892048574145e-08	 3.02510540600423619616e-08	 
 -8.80000000000000115463e-01	 1.22616354772694858840e-08	 1.22259280328341833050e-08	 1.22642033923559149253e-08	 1.47360821847990294666e-06	 1.47286422653903307858e-06	 1.47175446481972103196e-06	 1.56320178672851063323e-06	 4.32780910694733942175e-07	 4.28082618534120897508e-07	 1.46177351856886160579e-06	 2.29837567502383308408e-08	 3.10013437222641347965e-08	 3.09995931194310423316e-08	 3.10013334590541688160e-08	 
 -8.59999999999999986677e-01	 1.25630658284692083477e-08	 1.25264850920475500291e-08	 1.25656529735184298212e-08	 1.51063090822252792303e-06	 1.50986508660644141301e-06	 1.50876945739326926360e-06	 1.60243895483062630138e-06	 4.43187667570857849005e-07	 4.38319702786101156815e-07	 1.49850034120387299296e-06	 2.35262557309128566607e-08	 3.17642049942404223722e-08	 3.17624108793001794716e-08	 3.17641945185278562885e-08	 
 -8.40000000000000079936e-01	 1.28694098156750685346e-08	 1.28319417644112225082e-08	 1.28720165122814331375e-08	 1.54826330917247206220e-06	 1.54747542129485227160e-06	 1.54639479317953095061e-06	 1.64232223364058497698e-06	 4.53754932053661436933e-07	 4.48713216173984238700e-07	 1.53583187991310987723e-06	 2.40770553525611213200e-08	 3.25395133399674589715e-08	 3.25376750244613409591e-08	 3.25395026845970607231e-08	 
 -8.20000000000000062172e-01	 1.31806063325323923847e-08	 1.31422369005710281550e-08	 1.31832327036590890805e-08	 1.58649540583491162086e-06	 1.58568516485222746970e-06	 1.58462039995357172147e-06	 1.68284120760151651407e-06	 4.64479353422822352955e-07	 4.59259781183091039365e-07	 1.57375816296428934083e-06	 2.46360182534132314969e-08	 3.33271127403508156864e-08	 3.33252295542604220468e-08	 3.33271019448349318746e-08	 
 -8.00000000000000044409e-01	 1.34965857069715876964e-08	 1.34573007451549004838e-08	 1.34992316193554837219e-08	 1.62531559171325578516e-06	 1.62448264354473186868e-06	 1.62343458896642869234e-06	 1.72398381661287120015e-06	 4.75357140222223478887e-07	 4.69955586187334766413e-07	 1.61226763406025635281e-06	 2.52029918907891286372e-08	 3.41268250783785648197e-08	 3.41248963733532463377e-08	 3.41268141898627184164e-08	 
 -7.80000000000000026645e-01	 1.38172690147972936533e-08	 1.37770547644269612545e-08	 1.38199340212925714328e-08	 1.66471064050310493443e-06	 1.66385469243959213973e-06	 1.66282418329221063360e-06	 1.76573635283013467571e-06	 4.86384083822834783852e-07	 4.80796401665722459388e-07	 1.65134722550789182676e-06	 2.57778083823601776415e-08	 3.49384497490144260582e-08	 3.49364748927289667469e-08	 3.49384388190516825939e-08	 
 -7.60000000000000008882e-01	 1.41425682188536342009e-08	 1.41014114014298135758e-08	 1.41452514804175141507e-08	 1.70466555516734496402e-06	 1.70378639427765092228e-06	 1.70277424570308720212e-06	 1.80808329190160426419e-06	 4.97555501352050346799e-07	 4.91777529897729043919e-07	 1.69098213400997251969e-06	 2.63602843863874166812e-08	 3.57617629430204576980e-08	 3.57597413204096451716e-08	 3.57617520275243553759e-08	 
 -7.39999999999999991118e-01	 1.44723859531068724454e-08	 1.44302738606988049498e-08	 1.44750861462002473356e-08	 1.74516345913919328691e-06	 1.74426097030630792025e-06	 1.74326796789381717358e-06	 1.85100718565070474776e-06	 5.08866211416106784664e-07	 5.02893781501358989596e-07	 1.73115571438195438192e-06	 2.69502210147972295888e-08	 3.65965170628858187373e-08	 3.65944480775331216408e-08	 3.65965062221092852543e-08	 
 -7.19999999999999973355e-01	 1.48066161297791504509e-08	 1.47635366763959051791e-08	 1.48093322308834421155e-08	 1.78618569030904962358e-06	 1.78525990864698485831e-06	 1.78428679647881160096e-06	 1.89448865808442056575e-06	 5.20310560487198314702e-07	 5.14139517938750275302e-07	 1.77184947006771860045e-06	 2.75474049250991050639e-08	 3.74424420721286611302e-08	 3.74403251387131437047e-08	 3.74424313571841725352e-08	 
 -6.99999999999999955591e-01	 1.51451431520233526948e-08	 1.51010849744031751919e-08	 1.51478745713460606913e-08	 1.82771152888785123663e-06	 1.82676267256278831628e-06	 1.82581014025544490776e-06	 1.93850620863388580902e-06	 5.31882360510065883305e-07	 5.25508578784000966002e-07	 1.81304286469408156165e-06	 2.81516075595793398131e-08	 3.82992436147080084036e-08	 3.82970781577171249564e-08	 3.82992330635025390175e-08	 
 -6.79999999999999937828e-01	 1.54878417060133849571e-08	 1.54427942789904928792e-08	 1.54905884268574765376e-08	 1.86971806887940715111e-06	 1.86874657646119162087e-06	 1.86781524427648442994e-06	 1.98303608480296514189e-06	 5.43574862289461595989e-07	 5.36994256352331745010e-07	 1.85471319736432508948e-06	 2.87625852176946648413e-08	 3.91666024763066785357e-08	 3.91643879284055695809e-08	 3.91665921089603578200e-08	 
 -6.60000000000000031086e-01	 1.58345773364306274278e-08	 1.57885308656860080711e-08	 1.58373400577090766483e-08	 1.91218065455396421011e-06	 1.91118703925381777238e-06	 1.91027733636952924180e-06	 2.02805269516231029367e-06	 5.55380858397315127038e-07	 5.48589356888567906682e-07	 1.89683602000434231314e-06	 2.93800799046281215501e-08	 4.00441752123288762662e-08	 4.00419110160755903903e-08	 4.00441650431007892038e-08	 
 -6.40000000000000013323e-01	 1.61852057126301215761e-08	 1.61381512135438389858e-08	 1.61879860359216395415e-08	 1.95507232197644941542e-06	 1.95405716927036065124e-06	 1.95316928577749076085e-06	 2.07352806691505910132e-06	 5.67292559573330408201e-07	 5.60286110397138458640e-07	 1.93938459602707206165e-06	 3.00038190368936718584e-08	 4.09315928500349125782e-08	 4.09292784561419374907e-08	 4.09315828858939102461e-08	 
 -6.19999999999999884537e-01	 1.65395724119349561666e-08	 1.64915018016084292580e-08	 1.65423730627788427577e-08	 1.99836365199529565330e-06	 1.99732762035570783445e-06	 1.99646145417575976520e-06	 2.11943169757550773003e-06	 5.79301565632605145651e-07	 5.72076142718847380769e-07	 1.98232975509921519397e-06	 3.06335156464734148919e-08	 4.18284603034087668571e-08	 4.18260951682965467756e-08	 4.18284505419179222312e-08	 
 -5.99999999999999977796e-01	 1.68975148094043695977e-08	 1.68484197588553261501e-08	 1.69003365381104563053e-08	 2.04202308365624902363e-06	 2.04096680494179083214e-06	 2.04012222219952082789e-06	 2.16573118181261482272e-06	 5.91399015006006087694e-07	 5.83950606997565325679e-07	 2.02564028250234341377e-06	 3.12688686291691823652e-08	 4.27343681722026341789e-08	 4.27319517683776689619e-08	 4.27343586012919527540e-08	 
 -5.79999999999999849010e-01	 1.72588603220150738826e-08	 1.72087320182227882767e-08	 1.72617012603149166428e-08	 2.08601641567370878362e-06	 2.08494046767248198960e-06	 2.08411731913677879366e-06	 2.21239147985269694253e-06	 6.03575422970176528182e-07	 5.95900035806479448500e-07	 2.06928236761988996626e-06	 3.19095630213077380019e-08	 4.36488831429866872394e-08	 4.36464149589947338157e-08	 4.36488737387183032420e-08	 
 -5.60000000000000053291e-01	 1.76234261337948479533e-08	 1.75722550219223429441e-08	 1.76262811137989115823e-08	 2.13030663621598503250e-06	 2.12921151209844568763e-06	 2.12840964602717056523e-06	 2.25937475086042073978e-06	 6.15820650384438337392e-07	 6.07914309871144860901e-07	 2.11321943704196798318e-06	 3.25552701976209883115e-08	 4.45715474107409750007e-08	 4.45690269505734559450e-08	 4.45715381346406402632e-08	 
 -5.40000000000000035527e-01	 1.79910218151149413988e-08	 1.79387996907401729923e-08	 1.79938847137175299990e-08	 2.17485485830402264023e-06	 2.17374049908450518668e-06	 2.17296004070317296078e-06	 2.30664105966783088876e-06	 6.28124028521077717786e-07	 6.19982857259435879507e-07	 2.15741288923676597595e-06	 3.32056564705421638182e-08	 4.55018672436774690875e-08	 4.54992940321629101209e-08	 4.55018580324301854868e-08	 
 -5.20000000000000017764e-01	 1.83614468982012824780e-08	 1.83081672055946174643e-08	 1.83643105811923890621e-08	 2.21961930092400285225e-06	 2.21848494100099010261e-06	 2.21772638056465751187e-06	 2.35414754660313651908e-06	 6.40474210014130722175e-07	 6.32094448531162005700e-07	 2.20182123377870330705e-06	 3.38603771583362108109e-08	 4.64393204487658103352e-08	 4.64366940320289718877e-08	 4.64393112086120715716e-08	 
 -5.00000000000000000000e-01	 1.87344904778111679813e-08	 1.86801485995298539346e-08	 1.87373466668752055844e-08	 2.26455508734334026792e-06	 2.26339908532501349792e-06	 2.26266337500390966601e-06	 2.40184823476044445180e-06	 6.52859132846701345849e-07	 6.44237161387319925526e-07	 2.24639989283086968284e-06	 3.45190767569278957895e-08	 4.73833553121124890374e-08	 4.73806752577632479775e-08	 4.73833459124793935822e-08	 
 -4.79999999999999926725e-01	 1.91099302447112971660e-08	 1.90545208913841880236e-08	 1.91127671860193563110e-08	 2.30961505817773469433e-06	 2.30843562237789447572e-06	 2.30772402402936775036e-06	 2.44969464858868968523e-06	 6.65266268508995798382e-07	 6.56398597951905334783e-07	 2.29110191474834082683e-06	 3.51813820572050502142e-08	 4.83333959582109154470e-08	 4.83306618866950985117e-08	 4.83333862804118295365e-08	 
 -4.59999999999999964473e-01	 1.94875323374860191338e-08	 1.94310491359608908360e-08	 1.94903340480507349221e-08	 2.35474879059518447277e-06	 2.35354399050812247685e-06	 2.35285813673660116049e-06	 2.49763498570373083745e-06	 6.77682366564538642156e-07	 6.68565656791866514127e-07	 2.33587706570157417317e-06	 3.58469075246325306684e-08	 4.92888354686513744924e-08	 4.92860470616373704646e-08	 4.92888254126493181584e-08	 
 -4.40000000000000002220e-01	 1.98670505896963617519e-08	 1.98094856655449329716e-08	 1.98697960372225582024e-08	 2.39990235896560355101e-06	 2.39867011797463499206e-06	 2.39801208871802090363e-06	 2.54561387863519421670e-06	 6.90093409979810853021e-07	 6.80724490736717605050e-07	 2.38067158756306036912e-06	 3.65152550641749532489e-08	 5.02490335806603779388e-08	 5.02461905899377613885e-08	 5.02490230717744811600e-08	 
 -4.19999999999999984457e-01	 2.02482273916617415787e-08	 2.01895735051228541086e-08	 2.02508975622347127192e-08	 2.44502006369745828723e-06	 2.44375789223666136583e-06	 2.44313010155028192510e-06	 2.59357444453989549512e-06	 7.02484953566793997594e-07	 6.92860772048856509275e-07	 2.42543010944526569130e-06	 3.71860191369195563084e-08	 5.12133270133374652360e-08	 5.12104292575958956577e-08	 5.12133160101877664064e-08	 
 -3.99999999999999911182e-01	 2.06307912569388095732e-08	 2.05710419289451352816e-08	 2.06333701843640289663e-08	 2.49004266225409320463e-06	 2.48874758665153056903e-06	 2.48815283284203815801e-06	 2.64145626719497332737e-06	 7.14841783026087314339e-07	 7.04959410485069469206e-07	 2.47009373183411748786e-06	 3.78587817408439749960e-08	 5.21810168395700453516e-08	 5.21780642123955030324e-08	 5.21810053432001750891e-08	 
 -3.80000000000000004441e-01	 2.10144554041824154456e-08	 2.09536050009266772481e-08	 2.10169311938550473836e-08	 2.53490707482652893249e-06	 2.53357556314270530984e-06	 2.53301709039341555515e-06	 2.68919510006286173546e-06	 7.27147859157706588312e-07	 7.17004499109906432110e-07	 2.51459972822694119359e-06	 3.85331111797942812211e-08	 5.31513647480041623219e-08	 5.31483572273116197383e-08	 5.31513528125475793865e-08	 
 -3.59999999999999931166e-01	 2.13989217686377482966e-08	 2.13369663166967815434e-08	 2.14012845466126504669e-08	 2.57954760674627767492e-06	 2.57817640258068035971e-06	 2.57765758771300384990e-06	 2.73672429668270900924e-06	 7.39386793635064664989e-07	 7.28980017639419840516e-07	 2.55888314939649351779e-06	 3.92085685986179089462e-08	 5.41236049374441537717e-08	 5.41205425742145784902e-08	 5.41235926565004671419e-08	 
 -3.39999999999999968914e-01	 2.17838748622116366360e-08	 2.17208123443451570744e-08	 2.17861173252085607813e-08	 2.62389446891375482490e-06	 2.62248071652735997817e-06	 2.62200505626396402424e-06	 2.78397317842395042019e-06	 7.51541378868970241216e-07	 7.40869188827682911705e-07	 2.60287505272666852893e-06	 3.98847001818565574401e-08	 5.50969273128228995471e-08	 5.50938102375371775249e-08	 5.50969148268816820688e-08	 
 -3.20000000000000006661e-01	 2.21689794504736956538e-08	 2.21048101309874653212e-08	 2.21710975854605919279e-08	 2.66787341779280455503e-06	 2.66641478433069590491e-06	 2.66598588907045951115e-06	 2.83086667839867459540e-06	 7.63593517137811807087e-07	 7.52654409625563278149e-07	 2.64650214565373668007e-06	 4.05610346961826718331e-08	 5.60704716875382245942e-08	 5.60673001179140848513e-08	 5.60704591931313032373e-08	 
 -2.99999999999999933387e-01	 2.25538909702779510300e-08	 2.24886169324987771930e-08	 2.25558787687223336965e-08	 2.71140913553750867549e-06	 2.70990392986389128319e-06	 2.70952429465745500049e-06	 2.87732841662725301256e-06	 7.75524896972512855737e-07	 7.64317785197882953371e-07	 2.68968917339338609257e-06	 4.12370949965317122034e-08	 5.70433528116299509184e-08	 5.70401270517606521439e-08	 5.70433405271786942366e-08	 
 -2.80000000000000026645e-01	 2.29382427992188350798e-08	 2.28718681613208217435e-08	 2.29400916837231932597e-08	 2.75442191866940371908e-06	 2.75286924364472067637e-06	 2.75253995939897593039e-06	 2.92327763732574654387e-06	 7.87316337684922632243e-07	 7.75840596861374838622e-07	 2.73235639501817837503e-06	 4.19123839195471050334e-08	 5.80146293657884233110e-08	 5.80113498134997842581e-08	 5.80146175322703894582e-08	 
 -2.59999999999999953371e-01	 2.33216428356754600103e-08	 2.32541740169739184100e-08	 2.33233411455724514395e-08	 2.79682722349654111228e-06	 2.79522714878596584298e-06	 2.79494760468636563414e-06	 2.96862875940674487621e-06	 7.98947700453691504985e-07	 7.87203221200484326679e-07	 2.77441913803479974721e-06	 4.25863801407062845767e-08	 5.89832954705060342363e-08	 5.89799626258206354406e-08	 5.89832843531327777991e-08	 
 -2.39999999999999907851e-01	 2.37036855995552786539e-08	 2.36351305957851853835e-08	 2.37052229430408801504e-08	 2.83853899693131655330e-06	 2.83689188725045515188e-06	 2.83666140409407449861e-06	 3.01329482406235674675e-06	 8.10398663783632343860e-07	 7.98385952064431279373e-07	 2.81579129229021886402e-06	 4.32585522245577846718e-08	 5.99483040466399298225e-08	 5.99449185289810806801e-08	 5.99482938989436849771e-08	 
 -2.19999999999999945599e-01	 2.40839361862316898521e-08	 2.40143046646996127583e-08	 2.40853039692396159328e-08	 2.87946627635659725038e-06	 2.87777281841057558192e-06	 2.87759070886471005006e-06	 3.05718399832234506540e-06	 8.21647957251280585096e-07	 8.09368207888698188480e-07	 2.85638176013023024709e-06	 4.39283392927757803759e-08	 6.09085319551758529130e-08	 6.09050945158449031539e-08	 6.09085230118114342040e-08	 
 -1.99999999999999983347e-01	 2.44619255986664396466e-08	 2.43912290289917011292e-08	 2.44631175199273746903e-08	 2.91951266558994685496e-06	 2.91777391834200594287e-06	 2.91763950939005473937e-06	 3.10019904601814314210e-06	 8.32673253587685592599e-07	 8.20128430250826038286e-07	 2.89609391843880696623e-06	 4.45951448024470217342e-08	 6.18627683075380440445e-08	 6.18592798435839394392e-08	 6.18627607767898870549e-08	 
 -1.79999999999999993339e-01	 2.48371668616636109993e-08	 2.47654185127618647197e-08	 2.48381794149618127107e-08	 2.95858205907689086317e-06	 2.95679811278523949877e-06	 2.95671105629440141821e-06	 3.14224088580690109459e-06	 8.43452282210125651954e-07	 8.30645217199789929939e-07	 2.93483071811324119782e-06	 4.52583552023970252334e-08	 6.28097579637006679723e-08	 6.28062194348808106499e-08	 6.28097519380647837771e-08	 
 -1.59999999999999920064e-01	 2.52091334429994890504e-08	 2.51363485136892943287e-08	 2.52099665433710511803e-08	 2.99657319807015487385e-06	 2.99474294150692096469e-06	 2.99470330397363611587e-06	 3.18320484876873881282e-06	 8.53961759362255219245e-07	 8.40896252367383946487e-07	 2.97248971336096708896e-06	 4.59173130454857394175e-08	 6.37481447468255241269e-08	 6.37445571700289076501e-08	 6.37481401743766887119e-08	 
 -1.39999999999999902300e-01	 2.55772531660719854270e-08	 2.55034489350230017950e-08	 2.55779108660951328012e-08	 3.03337906350442973013e-06	 3.03149995789463054454e-06	 3.03150831424767284807e-06	 3.22298006535160496091e-06	 8.64177260471066798845e-07	 8.50858186507302452637e-07	 3.00896244225712387519e-06	 4.65713083668795290850e-08	 6.46764560453111566790e-08	 6.46728204902482521272e-08	 6.46764526989361993722e-08	 
 -1.20000000000000009437e-01	 2.59409360730613131775e-08	 2.58661304188548409254e-08	 2.59414188821552690503e-08	 3.06889343435315986843e-06	 3.06696179874604559569e-06	 3.06701868990543497509e-06	 3.26145643648952614693e-06	 8.74074623457850933327e-07	 8.60507920649982689221e-07	 3.04414317827120293694e-06	 4.72196075016422389861e-08	 6.55931712482319473808e-08	 6.55894889452270574264e-08	 6.55931689086667283159e-08	 
 -1.00000000000000005551e-01	 2.62995411000896712245e-08	 2.62237523227954524744e-08	 2.62998450024320474632e-08	 3.10300469169766583605e-06	 3.10101553469214181219e-06	 3.10112145350660113610e-06	 3.29851800664294897967e-06	 8.83628620639283348906e-07	 8.69821392651279090014e-07	 3.07792093118126209716e-06	 4.78614139384138429512e-08	 6.64966391006588184952e-08	 6.64929114601403452245e-08	 6.64966375662736032044e-08	 
 -8.00000000000000155431e-02	 2.66523686008968468254e-08	 2.65756152570572235642e-08	 2.66524841464134117109e-08	 3.13559517999972088139e-06	 3.13354200239574675935e-06	 3.13369739378173171193e-06	 3.33404226101408325756e-06	 8.92812819078332304062e-07	 8.78773449382071248536e-07	 3.11017877067661770651e-06	 4.84958572627805273749e-08	 6.73850588745779983018e-08	 6.73812875061997090737e-08	 6.73850579673814787092e-08	 
 -5.99999999999999630851e-02	 2.69986923923220668486e-08	 2.69210006107331847897e-08	 2.69986162126880431850e-08	 3.16654771930297275305e-06	 3.16442495101028734331e-06	 3.16463069269670969704e-06	 3.36791013221003398469e-06	 9.01601480398571507545e-07	 8.87339719842182773590e-07	 3.14080232626430840608e-06	 4.91220444139315568559e-08	 6.82565853795256359397e-08	 6.82527720496264453127e-08	 6.82565849217975412776e-08	 
 -3.99999999999999383826e-02	 2.73377208895515227401e-08	 2.72591257592837944272e-08	 2.73374572334662274444e-08	 3.19573940795151411115e-06	 3.19354267550869274053e-06	 3.19380017055558310397e-06	 3.39999686908224650495e-06	 9.09967819552399754033e-07	 8.95494913169432120934e-07	 3.16967199833866132325e-06	 4.97389988661943997874e-08	 6.91092118039322296783e-08	 6.91053584454716179495e-08	 6.91092116193167666128e-08	 
 -2.00000000000000281719e-02	 2.76685885603085876751e-08	 2.75891355077875827979e-08	 2.76681507236179090614e-08	 3.22304098446601456170e-06	 3.22076734075913913741e-06	 3.22107860767703763443e-06	 3.43017131573166623478e-06	 9.17883861690677693776e-07	 9.03212686321514173916e-07	 3.19666231806019580233e-06	 5.03456475441127196241e-08	 6.99407482104102002384e-08	 6.99368569352876591515e-08	 6.99407481258768414980e-08	 
 -4.82163733276643543166e-17	 2.79904268254188084808e-08	 2.79101604517108862538e-08	 2.79898216056576015987e-08	 3.24832772228750020672e-06	 3.24597742517558578344e-06	 3.24634112776564023059e-06	 3.45830492349423118656e-06	 9.25322715740899697740e-07	 9.10467744517725061169e-07	 3.22164956295175014699e-06	 5.09408894843060764653e-08	 7.07489754781984018413e-08	 7.07450485188076318307e-08	 7.07489753274646007731e-08	 
 2.00000000000001253164e-02	 2.83022922709339318521e-08	 2.82212554840484559398e-08	 2.83015182784565553046e-08	 3.27146963695689852825e-06	 3.26904669350417755012e-06	 3.26945752326143837676e-06	 3.48426349623884039063e-06	 9.32256539940497583369e-07	 9.17233968304982321705e-07	 3.24450473990234754130e-06	 5.15235183029034260931e-08	 7.15314850745733426702e-08	 7.15275247840581362199e-08	 7.15314847007527817494e-08	 
 4.00000000000001187939e-02	 2.86031572676765778088e-08	 2.85213906116934981491e-08	 2.86022034540394701391e-08	 3.29233082477186027434e-06	 3.28984354178707456574e-06	 3.29029164791390741891e-06	 3.50790654482664436784e-06	 9.38656409926201688174e-07	 9.23484294703758403304e-07	 3.26509300015846154740e-06	 5.20922080005070693159e-08	 7.22856561215784496657e-08	 7.22816649754453626321e-08	 7.22856553800908104277e-08	 
 6.00000000000000255351e-02	 2.88919810427949024853e-08	 2.88095340147584323243e-08	 2.88908475458105591311e-08	 3.31078495553934429053e-06	 3.30824205061417576251e-06	 3.30871650418006344995e-06	 3.52910017307406192238e-06	 9.44495294452208651734e-07	 9.29193507519303393529e-07	 3.28329128800279788328e-06	 5.26456086977314403558e-08	 7.30088617699476294700e-08	 7.30048424240697914578e-08	 7.30088606027570334003e-08	 
 7.99999999999999322764e-02	 2.91676372674451013426e-08	 2.90845697805318548492e-08	 2.91663378811897951688e-08	 3.32670175523062458946e-06	 3.32411225341964336114e-06	 3.32460106218392403854e-06	 3.54770569337657532615e-06	 9.49745472714609805124e-07	 9.34335826543319900783e-07	 3.29897303238512734562e-06	 5.31822458370987079829e-08	 7.36982647913975012341e-08	 7.36942200942696206266e-08	 7.36982632439528907812e-08	 
 9.99999999999999500400e-02	 2.94289049503568493460e-08	 2.93452886553247262992e-08	 2.94274693176008170106e-08	 3.33994636260568851627e-06	 3.33731959190074312202e-06	 3.33780962016899471962e-06	 3.56357900052928560036e-06	 9.54378419685162074904e-07	 9.38884805456016135328e-07	 3.31200748070486634177e-06	 5.37005058071353031748e-08	 7.43507946989799350256e-08	 7.43467277035213060575e-08	 7.43507929372082485884e-08	 
 1.20000000000000023315e-01	 2.96745885671181881833e-08	 2.95905070209387091356e-08	 2.96730644515378431877e-08	 3.35040056143268386593e-06	 3.34774243953822595566e-06	 3.34822126249695573811e-06	 3.57659041878571999846e-06	 9.58368046464670552740e-07	 9.42816747012099521455e-07	 3.32227494651406504163e-06	 5.41987778156585750950e-08	 7.49634459535338744225e-08	 7.49593597642594004121e-08	 7.49634441366785104597e-08	 
 1.40000000000000041078e-01	 2.99034052012868183604e-08	 2.98189552006743601316e-08	 2.99018610609902937427e-08	 3.35794455797080460205e-06	 3.35525702364616622075e-06	 3.35571313039627917163e-06	 3.58660758765075486109e-06	 9.61687950171079644103e-07	 9.46107821036856338969e-07	 3.32965370982132567745e-06	 5.46753156528089701288e-08	 7.55329983228763845085e-08	 7.55288960802777800014e-08	 7.55329965978947138674e-08	 
 1.59999999999999975575e-01	 3.01139755236109487681e-08	 3.00292685845453478836e-08	 3.01125033238103494700e-08	 3.36245633506359914528e-06	 3.35973683901261201156e-06	 3.36015979798083047516e-06	 3.59349481645691564360e-06	 9.64311328752650643694e-07	 9.48733986432667982338e-07	 3.33401948918352540282e-06	 5.51282240821442966712e-08	 7.60559949112872330972e-08	 7.60518797783310539892e-08	 7.60559934101735646187e-08	 
 1.79999999999999937828e-01	 3.03050108244217490796e-08	 3.02201603378812044315e-08	 3.03037016063167039459e-08	 3.36382602359964717344e-06	 3.36107479216789032642e-06	 3.36145837252970656149e-06	 3.59713296379817574163e-06	 9.66215075955349939695e-07	 9.50674462647006184595e-07	 3.33526711898614583500e-06	 5.55556605864298297227e-08	 7.65291844273252257627e-08	 7.65250595194391905226e-08	 7.65291831751283354005e-08	 
 2.00000000000000094369e-01	 3.04751448453031863609e-08	 3.03902654684327295487e-08	 3.04740875831976458920e-08	 3.36194371083057584330e-06	 3.35916425807972412272e-06	 3.35950701952349720241e-06	 3.59740243719541675943e-06	 9.67376357594059719310e-07	 9.51908863185088355719e-07	 3.33329202403731878458e-06	 5.59556493421248648381e-08	 7.69491227706876199797e-08	 7.69449911307995545453e-08	 7.69491216680182631246e-08	 
 2.20000000000000001110e-01	 3.06229250859034360878e-08	 3.05381324316505253384e-08	 3.06222061245478906609e-08	 3.35669895928401535191e-06	 3.35389843493047524109e-06	 3.35420426635862572472e-06	 3.59418260538247152079e-06	 9.67772539660228607166e-07	 9.52417147915105201671e-07	 3.32798959002262242929e-06	 5.63260692106540728672e-08	 7.73121521255826597118e-08	 7.73080166981396279524e-08	 7.73121509318654401888e-08	 
 2.39999999999999963363e-01	 3.07470438319151440217e-08	 3.06624303894661974419e-08	 3.07467067793283228632e-08	 3.34800956108483566647e-06	 3.34520033892155313167e-06	 3.34546551417670551051e-06	 3.58737618152360320645e-06	 9.67385763069124206390e-07	 9.52183911681486968221e-07	 3.31927530543744489454e-06	 5.66649012668067324150e-08	 7.76149248588907726762e-08	 7.76107888840593161985e-08	 7.76149234231479571631e-08	 
 2.59999999999999953371e-01	 3.08461331358339321297e-08	 3.07617644715824553751e-08	 3.08461724933631733922e-08	 3.33579675055613956097e-06	 3.33299696082509827236e-06	 3.33320905874072115181e-06	 3.57688829961546262947e-06	 9.66199148711237937938e-07	 9.51194859097352335370e-07	 3.30706755971418156557e-06	 5.69700068599393687866e-08	 7.78539371236661220469e-08	 7.78498041693626919820e-08	 7.78539354020380798371e-08	 
 2.80000000000000082157e-01	 3.09187567104586804098e-08	 3.08346679901556089281e-08	 3.09191120395669237373e-08	 3.31998432584971145013e-06	 3.31721837075164530212e-06	 3.31735548888849911945e-06	 3.56262577149888079136e-06	 9.64196730247594309534e-07	 9.49436757487868106579e-07	 3.29128695773286916411e-06	 5.72391177584500577957e-08	 7.80255095427942162791e-08	 7.80213835285384284049e-08	 7.80255076112857960649e-08	 
 2.99999999999999988898e-01	 3.09636428436765496470e-08	 3.08798767466000615214e-08	 3.09642650213156902926e-08	 3.30052769923795208821e-06	 3.29782069770763251293e-06	 3.29786200853412504990e-06	 3.54452705893701813894e-06	 9.61367921934857360799e-07	 9.46901376118937088122e-07	 3.27188814597174081292e-06	 5.74701608431872017705e-08	 7.81264804826476071633e-08	 7.81223653344310177798e-08	 7.81264782807261552345e-08	 
 3.20000000000000006661e-01	 3.09794771935650201377e-08	 3.08960854547187435785e-08	 3.09803313810071521776e-08	 3.27738856835472235128e-06	 3.27476626378999849777e-06	 3.27469239424938079870e-06	 3.52253616089541635189e-06	 9.57703833723167706674e-07	 9.43582297031937169263e-07	 3.24883198025374660413e-06	 5.76609718349699771515e-08	 7.81535908425391144369e-08	 7.81494904702793473621e-08	 7.81535881517206876810e-08	 
 3.39999999999999968914e-01	 3.09648950823404592128e-08	 3.08819391197193210459e-08	 3.09659621210034296220e-08	 3.25053377319914131607e-06	 3.24802259407250186753e-06	 3.24781573140184561267e-06	 3.49660151482731348685e-06	 9.53197194413680116021e-07	 9.39474870606816486249e-07	 3.22208431830621691984e-06	 5.78092865078662150265e-08	 7.81034624834004486690e-08	 7.80993807659380315169e-08	 7.81034589110177648607e-08	 
 3.59999999999999931166e-01	 3.09188307449204445987e-08	 3.08363725548192777788e-08	 3.09200876886772785701e-08	 3.21996278329680275272e-06	 3.21758627143861713937e-06	 3.21723200444367155026e-06	 3.46670774249459747975e-06	 9.47847047510521940007e-07	 9.34580546772751403898e-07	 3.19165050194144470831e-06	 5.79131516863077463766e-08	 7.79734493648923509076e-08	 7.79693902706219842970e-08	 7.79734447484459639994e-08	 
 3.80000000000000059952e-01	 3.08402042422469849813e-08	 3.07583059387237322338e-08	 3.08416234506310452386e-08	 3.18568323799660320809e-06	 3.18346179603790133925e-06	 3.18294937424470041613e-06	 3.43284738318018383391e-06	 9.41654834143219802002e-07	 9.28903326817163291023e-07	 3.15754453579917063866e-06	 5.79705629490278863317e-08	 7.77608744276927134816e-08	 7.77568420138710730648e-08	 7.77608688655953846782e-08	 
 4.00000000000000077716e-01	 3.07279103752550575691e-08	 3.06466339374466951272e-08	 3.07294590528870307328e-08	 3.14770938515596968848e-06	 3.14566013183650953298e-06	 3.14498266426629335856e-06	 3.39501931084711559367e-06	 9.34624266877288385706e-07	 9.22449677928163401850e-07	 3.11978735358122378360e-06	 5.79794553109537709628e-08	 7.74630022500051004840e-08	 7.74590006591018454800e-08	 7.74629961235353702230e-08	 
 4.19999999999999984457e-01	 3.05812220006301319306e-08	 3.05006367049899153771e-08	 3.05828746979599622268e-08	 3.10610503512262829562e-06	 3.10423640447758109187e-06	 3.10338785545182632551e-06	 3.35326636202303410259e-06	 9.26765017576333826402e-07	 9.15231359350196537524e-07	 3.07844039199186638803e-06	 5.79380074899385321775e-08	 7.70780774137212639771e-08	 7.70741110277007813230e-08	 7.70780713779979717689e-08	 
 4.39999999999999946709e-01	 3.03994212600113264678e-08	 3.03196041529248989611e-08	 3.04011606267516400308e-08	 3.06094402489625214974e-06	 3.05925523165835593238e-06	 3.05823037111675243238e-06	 3.30764078248961831101e-06	 9.18089648580118973360e-07	 9.07263207445751749278e-07	 3.03357473747424379783e-06	 5.78443694669162450348e-08	 7.66043751238507349132e-08	 7.66004485763970349196e-08	 7.66043701286784737029e-08	 
 4.60000000000000131006e-01	 3.01817844986081769691e-08	 3.01028207079675449896e-08	 3.01836017386460713631e-08	 3.01230761528219086241e-06	 3.01078828293985387903e-06	 3.00958269737985549509e-06	 3.25820184296544233392e-06	 9.08613435583071223960e-07	 8.98563030055604854623e-07	 2.98526876451778892398e-06	 5.76966535970107537395e-08	 7.60401624571313500125e-08	 7.60362806435026859000e-08	 7.60401597696525227047e-08	 
 4.80000000000000037748e-01	 2.99280818185827560453e-08	 2.98500573190219439801e-08	 2.99299508432319278758e-08	 2.96031845181448609718e-06	 2.95895772132135181882e-06	 2.95756575637640549723e-06	 3.20505007204442155051e-06	 8.98358986064286763161e-07	 8.89152222152985060459e-07	 2.93364154979528136239e-06	 5.74936712272153336340e-08	 7.53849231338893812714e-08	 7.53810910728321455474e-08	 7.53849241073458207866e-08	 
 5.00000000000000000000e-01	 2.96381087976901597217e-08	 2.95611101529222871725e-08	 2.96399845620522236115e-08	 2.90510830409184038167e-06	 2.90389500396445461827e-06	 2.90230963978331834880e-06	 3.14829469142033745917e-06	 8.87352202474707447802e-07	 8.79055549210094014270e-07	 2.87882112485114089197e-06	 5.72342584029119316815e-08	 7.46382084319368114595e-08	 7.46344312662023715999e-08	 7.46382145105985860443e-08	 
 5.20000000000000128786e-01	 2.93116643466993700904e-08	 2.92357786586194512330e-08	 2.93134817627297667107e-08	 2.84681489242972673092e-06	 2.84573748465692672114e-06	 2.84395024768287652756e-06	 3.08805048861757054816e-06	 8.75621985624352487769e-07	 8.68301025013276419733e-07	 2.82094133910463534972e-06	 5.69172534365592298544e-08	 7.37995816777604151903e-08	 7.37958646804231323930e-08	 7.37995944091104105989e-08	 
 5.40000000000000035527e-01	 2.89491486517798298886e-08	 2.88744574193284989857e-08	 2.89508640277794632291e-08	 2.78561481770797165475e-06	 2.78466417575265606584e-06	 2.78267179953981360404e-06	 3.02448703946071742474e-06	 8.63200607740945066918e-07	 8.56918670058978340863e-07	 2.76018164894092208239e-06	 5.65421616249007862941e-08	 7.28701062135945288775e-08	 7.28664544329106029690e-08	 7.28701271200122212854e-08	 
 5.60000000000000053291e-01	 2.85509872811609578588e-08	 2.84775660083442399427e-08	 2.85525797700092229234e-08	 2.72169120049597969223e-06	 2.72086066397744912387e-06	 2.71866526326158431474e-06	 2.95778056570217632844e-06	 8.50123568317582791907e-07	 8.44942002853283789542e-07	 2.69672818124929026729e-06	 5.61085274774336886444e-08	 7.18509110919682771815e-08	 7.18473293389553319347e-08	 7.18509416770579692741e-08	 
 5.79999999999999849010e-01	 2.81176001848368122277e-08	 2.80455181775176482589e-08	 2.81190721984726821863e-08	 2.65522971059393483788e-06	 2.65451506678782997458e-06	 2.65212410846065101369e-06	 2.88810949842845157608e-06	 8.36429300494327297792e-07	 8.32407890008887913035e-07	 2.63076960060808889345e-06	 5.56159068803924561177e-08	 7.07431126280354469535e-08	 7.07396054760440108255e-08	 7.07431543879998954695e-08	 
 5.99999999999999977796e-01	 2.76500426667532038996e-08	 2.75793779740042607833e-08	 2.76513975467007180747e-08	 2.58646200941179763632e-06	 2.58585681218501414901e-06	 2.58327915711456882337e-06	 2.81570710844102924708e-06	 8.22158054499913796187e-07	 8.19351485862774023896e-07	 2.56253547796406100416e-06	 5.50646048204860180786e-08	 6.95494756320912947521e-08	 6.95460470125529402070e-08	 6.95495291447061387483e-08	 
 6.20000000000000106581e-01	 2.71493698577959357906e-08	 2.70802097796021717792e-08	 2.71506113675664711255e-08	 2.51562221882072836081e-06	 2.51511766171374243707e-06	 2.51236345772795935746e-06	 2.74080868885207305308e-06	 8.07353116024819508467e-07	 8.05811363481293869773e-07	 2.49225774460556659124e-06	 5.44549544946831086418e-08	 6.82727670646478777240e-08	 6.82694202521755411138e-08	 6.82728319615934529367e-08	 
 6.39999999999999902300e-01	 2.66165973231424936204e-08	 2.65490386367947314834e-08	 2.66177296870348624508e-08	 2.44294191074350786907e-06	 2.44252682682938207330e-06	 2.43960747692380200034e-06	 2.66364613505486609704e-06	 7.92060456974394435539e-07	 7.91829389833342748401e-07	 2.42016583804350836543e-06	 5.37872782349086859636e-08	 6.69156547400599691818e-08	 6.69123923508871337223e-08	 6.69157297017475778458e-08	 
 6.60000000000000031086e-01	 2.60534886279981929862e-08	 2.59876012903039223338e-08	 2.60545103877140751041e-08	 2.36867915201016190693e-06	 2.36834725424626884051e-06	 2.36526777207533767239e-06	 2.58449718342972992383e-06	 7.76326459561810944214e-07	 7.77442823626054944016e-07	 2.34651506273996216434e-06	 5.30627375923472417673e-08	 6.54825967175919349125e-08	 6.54794208287281832102e-08	 6.54826801357270196168e-08	 
 6.80000000000000159872e-01	 2.54617584862215904043e-08	 2.53975851099329223809e-08	 2.54626623790450262822e-08	 2.29308863829648163277e-06	 2.29283854263576232447e-06	 2.28959747241082262891e-06	 2.50363498012189639768e-06	 7.60200248476201702056e-07	 7.62692230814760037497e-07	 2.27155742194186041158e-06	 5.22824756059437797206e-08	 6.39779256643466131064e-08	 6.39748378150501807024e-08	 6.39780156471192688155e-08	 
 6.99999999999999955591e-01	 2.48430231209073161519e-08	 2.47805793921717283957e-08	 2.48437960859987374586e-08	 2.21641647741183421750e-06	 2.21625154829413289248e-06	 2.21284105383170923685e-06	 2.42132204826619444694e-06	 7.43733299429459103950e-07	 7.47621362843158867768e-07	 2.19553645419765458837e-06	 5.14475643145401314361e-08	 6.24057249151473807662e-08	 6.24027261087861139910e-08	 6.24058192749865877438e-08	 
 7.20000000000000084377e-01	 2.41996321905015447756e-08	 2.41389008039781565130e-08	 2.42002325974560123204e-08	 2.13893929122817911848e-06	 2.13886095420612800470e-06	 2.13527408651230112444e-06	 2.33786263005409645661e-06	 7.26971406734873736900e-07	 7.32267015243004385496e-07	 2.11872148505047474233e-06	 5.05600498711278944689e-08	 6.07719186676107393021e-08	 6.07690095035720449288e-08	 6.07720154018661903757e-08	 
 7.39999999999999991118e-01	 2.35338114528109295754e-08	 2.34747422229161924790e-08	 2.35341688398666926217e-08	 2.06092424532840123912e-06	 2.06093198213940956181e-06	 2.05716256518691986206e-06	 2.25354884357295928189e-06	 7.09962779998860382067e-07	 7.16669220870438479930e-07	 2.04137256608679320169e-06	 4.96218726747787900049e-08	 5.90821164328004608007e-08	 5.90792971071984263550e-08	 5.90822137089577005289e-08	 
 7.60000000000000008882e-01	 2.28476076106672429256e-08	 2.27901176621506176880e-08	 2.28476228128124811325e-08	 1.98262325300053516208e-06	 1.98271477352468926555e-06	 1.97875706744758345234e-06	 2.16865416689327549814e-06	 6.92757736338985507466e-07	 7.00871115235786731814e-07	 1.96373482826873736176e-06	 4.86348003149817423334e-08	 5.73414726573700433014e-08	 5.73387429638516072866e-08	 5.73415687858177763849e-08	 
 7.80000000000000137668e-01	 2.21437325809390525713e-08	 2.20877726730337376564e-08	 2.21433728441099006949e-08	 1.90430229542268456736e-06	 1.90447363007059912954e-06	 1.90032841264082212150e-06	 2.08348272120591279931e-06	 6.75398051076223697782e-07	 6.84901202937130483176e-07	 1.88607808630266684575e-06	 4.76016055935691190986e-08	 5.55569644308399346070e-08	 5.55543241122544770628e-08	 5.55570580726803546312e-08	 
 7.99999999999999933387e-01	 2.14246835510708704871e-08	 2.13702367186122948065e-08	 2.14239806879671881926e-08	 1.82621223050905693654e-06	 1.82645786678643753302e-06	 1.82213188673625007446e-06	 1.99831909124754527403e-06	 6.57927805918043895820e-07	 6.68791233225438686964e-07	 1.80865693909121434208e-06	 4.65248227702934009199e-08	 5.37350204584508098117e-08	 5.37324691999995351251e-08	 5.37351105952470234421e-08	 
 8.20000000000000062172e-01	 2.06926861780913716856e-08	 2.06397649908256068750e-08	 2.06917327361227259761e-08	 1.74858317513886123906e-06	 1.74889619891779013168e-06	 1.74440145486570849840e-06	 1.91342180256823868580e-06	 6.40393080096501439426e-07	 6.52576119917308717833e-07	 1.73170495312347130029e-06	 4.54066696831008256318e-08	 5.18813734484151688506e-08	 5.18789108674960873086e-08	 5.18814593477469649927e-08	 
 8.39999999999999857891e-01	 1.99506965050855811627e-08	 1.98993168135863986619e-08	 1.99495472305334577770e-08	 1.67166272387862812916e-06	 1.67202705337450103388e-06	 1.66738935949095634466e-06	 1.82907914017406349198e-06	 6.22826475263973897743e-07	 6.36274195214001540411e-07	 1.65546611363532285418e-06	 4.42505629898123310652e-08	 5.00035555534714673157e-08	 5.00011816128742825791e-08	 5.00036371069693911406e-08	 
 8.60000000000000097700e-01	 1.92013556021915540320e-08	 1.91515355172425277904e-08	 1.92000286045070911539e-08	 1.59567873669405559364e-06	 1.59606958567889156132e-06	 1.59132759193026001497e-06	 1.74555342156013863172e-06	 6.05263022465434293137e-07	 6.19907110608490624198e-07	 1.58016489093409907989e-06	 4.30595037769143027380e-08	 4.81082975426792872432e-08	 4.81060125302421134081e-08	 4.81083752257871473572e-08	 
 8.80000000000000115463e-01	 1.84469320802037311436e-08	 1.83986917181492831477e-08	 1.84454120002953627423e-08	 1.52083370166719670753e-06	 1.52121815853936130606e-06	 1.51642223874157479211e-06	 1.66307455408672159342e-06	 5.87739864853370107338e-07	 6.03499578060293686557e-07	 1.50600080652010302973e-06	 4.18359892439776807000e-08	 4.62013841073635448726e-08	 4.61991886164107070234e-08	 4.62014589366094524809e-08	 
 8.99999999999999911182e-01	 1.76904474877181549056e-08	 1.76438133742675881646e-08	 1.76887197995648174241e-08	 1.44732453096735857041e-06	 1.44767597131030321432e-06	 1.44286609239196006320e-06	 1.58187856975037878332e-06	 5.70276026551831621065e-07	 5.87059863324286295768e-07	 1.43316901203969400617e-06	 4.05840188615816782228e-08	 4.42904310209460824943e-08	 4.42883249203609302723e-08	 4.42905036900291433594e-08	 
 9.20000000000000039968e-01	 1.69345074328617690582e-08	 1.68895122372328099252e-08	 1.69325584878179126316e-08	 1.37532701064906432815e-06	 1.37562426952534238705e-06	 1.37083100499478777592e-06	 1.50217242850370225404e-06	 5.52893272829842923571e-07	 5.70599254748815699639e-07	 1.36184382803641901530e-06	 3.93069490064840201514e-08	 4.23820054415253008779e-08	 4.23799879324194853622e-08	 4.23820763468558225843e-08	 
 9.39999999999999835687e-01	 1.61812493525314344078e-08	 1.61379317557865974599e-08	 1.61790655509960568498e-08	 1.30499075716896298988e-06	 1.30521702222182896304e-06	 1.30046294427513612547e-06	 1.42412821113936233412e-06	 5.35615639680951369791e-07	 5.54131464995803818622e-07	 1.29217371898962146454e-06	 3.80074002075025109359e-08	 4.04814945052335956780e-08	 4.04795642004169313411e-08	 4.04815637876912494482e-08	 
 9.60000000000000075495e-01	 1.54335153023987547303e-08	 1.53918943270284482961e-08	 1.54311047102565329917e-08	 1.23645686211956012437e-06	 1.23661152139741506602e-06	 1.23190527395309182503e-06	 1.34793514463936720214e-06	 5.18448984680811632511e-07	 5.37653673692713109522e-07	 1.22430256991172612045e-06	 3.66901109651737824102e-08	 3.85959938505256989244e-08	 3.85941491121507282348e-08	 3.85960613650617239868e-08	 
 9.80000000000000093259e-01	 1.46936484679514012172e-08	 1.46537259120467262816e-08	 1.46910382317801298411e-08	 1.16984637022992949986e-06	 1.16994300183868208900e-06	 1.16528092099058652103e-06	 1.27375157088590123593e-06	 5.01401826069209192270e-07	 5.21165011448588233955e-07	 1.15835419297506987098e-06	 3.53588847149224843126e-08	 3.67313495147573690474e-08	 3.67295884855303626714e-08	 3.67314148627156161326e-08	 
 9.99999999999999888978e-01	 1.39634512307106276585e-08	 1.39252144651973976293e-08	 1.39606848907991498254e-08	 1.10525526477750801745e-06	 1.10531966626421499377e-06	 1.10068723788451825874e-06	 1.20169917424315016659e-06	 4.84484465742978184059e-07	 5.04665461512545966965e-07	 1.09442736129152343147e-06	 3.40165047135382520783e-08	 3.48920513049797634462e-08	 3.48903719348208374169e-08	 3.48921138607474615066e-08	 
 1.02000000000000001776e+00	 1.32454154219476714233e-08	 1.32088452427727249571e-08	 1.32425188451472236868e-08	 1.04277979986491898409e-06	 1.04283811240721656191e-06	 1.03821104796000979480e-06	 1.13191960459184635844e-06	 4.67699407094636931902e-07	 4.88153262763257168038e-07	 1.03261137017590547610e-06	 3.26677982297138201286e-08	 3.30843376265544849521e-08	 3.30827378484205573404e-08	 3.30843970105694867038e-08	 
 1.04000000000000003553e+00	 1.25414776565850877392e-08	 1.25065495669789891064e-08	 1.25384609477491324020e-08	 9.82497902510189043311e-07	 9.82576879586216053356e-07	 9.77921684533436235683e-07	 1.06452370740393778972e-06	 4.51050034462264654112e-07	 4.71625187968952546581e-07	 9.72978570046397522167e-07	 3.13163680275581429736e-08	 3.13130537224718464161e-08	 3.13115314521763251917e-08	 3.13131097637962393360e-08	 
 1.06000000000000005329e+00	 1.18529890032068999522e-08	 1.18196742915887110728e-08	 1.18498486417052999585e-08	 9.24464045307821106918e-07	 9.24591618282035490810e-07	 9.19865806778727387192e-07	 9.99586101161619190793e-07	 4.34539220695755405491e-07	 4.55074821232648533744e-07	 9.15579355865333980535e-07	 2.99645368121731160319e-08	 2.95815729699102424571e-08	 2.95801261102078584204e-08	 2.95816256646067725610e-08	 
 1.08000000000000007105e+00	 1.11819861115089867269e-08	 1.11502414963836091843e-08	 1.11787357118943299656e-08	 8.68722948122937686507e-07	 8.68907273305154389884e-07	 8.64091865013881221554e-07	 9.37173319384908172062e-07	 4.18171912595524028986e-07	 4.38515796329312045247e-07	 8.60447176218516585593e-07	 2.86181630167926242986e-08	 2.78949956702980282967e-08	 2.78936219316988532053e-08	 2.78950448589391071645e-08	 
 1.09999999999999986677e+00	 1.05299250069113321529e-08	 1.04996947635443223773e-08	 1.05265925214712774085e-08	 8.15305929748770311659e-07	 8.15538948761169010141e-07	 8.10633480540380892358e-07	 8.77327865629373345364e-07	 4.01950230987814279823e-07	 4.21953502427780531204e-07	 8.07604161462503241277e-07	 2.72814520285735709437e-08	 2.62569660170100963380e-08	 2.62556629439571689331e-08	 2.62570113959633603916e-08	 
 1.11999999999999988454e+00	 9.89766252469825020002e-09	 9.86888042136604261849e-09	 9.89428740202237197797e-09	 7.64225623280463103315e-07	 7.64486312612725264828e-07	 7.59504009726078259328e-07	 8.20062673857028261186e-07	 3.85871838117462132385e-07	 4.05383303883141761649e-07	 7.57055630223206635633e-07	 2.59569567043395977987e-08	 2.46696237185998171932e-08	 2.46683887203735174751e-08	 2.46696648517697778211e-08	 
 1.14000000000000012434e+00	 9.28673265518107457380e-09	 9.25932396649552684600e-09	 9.28333921824294735968e-09	 7.15472576130709268116e-07	 7.15748390462139451977e-07	 7.10694572544836931313e-07	 7.65399316347639439300e-07	 3.69947963874313148638e-07	 3.88835695607183161097e-07	 7.08800254037533686614e-07	 2.46499857919876352448e-08	 2.31367052325945087268e-08	 2.31355359481041678653e-08	 2.31367420256741984128e-08	 
 1.15999999999999992006e+00	 8.69809826224917861859e-09	 8.67198015724576397097e-09	 8.69469834730840729151e-09	 6.69032036195744155697e-07	 6.69317299745578368230e-07	 6.64189587791248367579e-07	 7.13340274776049887334e-07	 3.54181269717442951309e-07	 3.72324039443528025861e-07	 6.62829883414731166219e-07	 2.33639781403266310733e-08	 2.16605353267950570989e-08	 2.16594295832574278659e-08	 2.16605679521845624474e-08	 
 1.18000000000000015987e+00	 8.13211973256885992618e-09	 8.10720136498150141325e-09	 8.12871509551903328935e-09	 6.24875900774002373105e-07	 6.25170177998589044483e-07	 6.19958737584138509302e-07	 6.63860833690499055897e-07	 3.38563445974586194701e-07	 3.55842585907947158417e-07	 6.19121673206420640566e-07	 2.21005177705711461872e-08	 2.02419443330026475844e-08	 2.02409001194054804651e-08	 2.02419731619129632809e-08	 
 1.19999999999999973355e+00	 7.58970621981623930380e-09	 7.56592746345012939727e-09	 7.58631453839156507932e-09	 5.82964026477686262008e-07	 5.83264181216427792798e-07	 5.77967905455600338422e-07	 6.16931625761477985282e-07	 3.23126670157552733511e-07	 3.39452817538621673614e-07	 5.77640022091342554034e-07	 2.08647638490151655989e-08	 1.88831909616383930695e-08	 1.88822058330434130733e-08	 1.88832163936400603023e-08	 
 1.21999999999999997335e+00	 7.07123770838143709391e-09	 7.04856115772878920767e-09	 7.06788924827576708776e-09	 5.43254782271179219076e-07	 5.43555447647546662088e-07	 5.38178523493923236543e-07	 5.72510782154362398024e-07	 3.07883801406107721847e-07	 3.23185279220262922150e-07	 5.38347215383577237756e-07	 1.96596794422620627721e-08	 1.75852142460876851211e-08	 1.75842854178217705563e-08	 1.75852367015447822768e-08	 
 1.24000000000000021316e+00	 6.57656225856622139577e-09	 6.55496666747272294541e-09	 6.57329708548798876902e-09	 5.05698013289125882621e-07	 5.05992048503489788417e-07	 5.00540769356166439873e-07	 5.30536906935454383524e-07	 2.92828367102411750540e-07	 3.07041005776067118655e-07	 5.01196773378158291128e-07	 1.84862049664998536176e-08	 1.63476236678679633333e-08	 1.63467480978631855223e-08	 1.63476435857403929881e-08	 
 1.25999999999999978684e+00	 6.10609039950137477962e-09	 6.08555225402484520887e-09	 6.10295177735573929852e-09	 4.70224749011713995488e-07	 4.70514082901886939962e-07	 4.64997355486703949001e-07	 4.90959461882899128593e-07	 2.78010644139752170545e-07	 2.91107701472671849432e-07	 4.66116648120263707635e-07	 1.73489497146293616837e-08	 1.51713119358290726237e-08	 1.51704869818026180368e-08	 1.51713298519675557148e-08	 
 1.28000000000000002665e+00	 5.65978596948866340703e-09	 5.64027973586239663299e-09	 5.65682115542237805559e-09	 4.36771834395418903607e-07	 4.37065401590051437993e-07	 4.31492385672395324284e-07	 4.53720370128055586975e-07	 2.63451428419492681854e-07	 2.75429958651407596271e-07	 4.33042197968422980012e-07	 1.62502136240529946126e-08	 1.40560920147409737515e-08	 1.40553153235988015096e-08	 1.40561085526176702499e-08	 
 1.30000000000000026645e+00	 5.23715725602639011709e-09	 5.21865590548599973919e-09	 5.23441870446535607625e-09	 4.05273201279891813417e-07	 4.05585467105694083187e-07	 3.99963461627255952970e-07	 4.18746091606403773319e-07	 2.49144449015667474068e-07	 2.60014431806082229407e-07	 4.01907343007984688810e-07	 1.51902543185895432717e-08	 1.30006652234084446029e-08	 1.29999346473063529603e-08	 1.30006810914952756999e-08	 
 1.32000000000000006217e+00	 4.83819230894077865177e-09	 4.82066120540130261027e-09	 4.83569022132980659761e-09	 3.75648904237404329942e-07	 3.75987056580412738884e-07	 3.70327471032170198119e-07	 3.85964596721533679521e-07	 2.35154245675191645528e-07	 2.44952836835238275322e-07	 3.72631107188529325403e-07	 1.41726910591159163513e-08	 1.20048962495183904462e-08	 1.20042097096239951288e-08	 1.20049119308074608071e-08	 
 1.34000000000000007994e+00	 4.46253932087750633119e-09	 4.44593798387430155975e-09	 4.46025505422141299891e-09	 3.47828957962234020770e-07	 3.48195583532700793329e-07	 3.42510958864672615636e-07	 3.55304178420084005211e-07	 2.21506472483151368302e-07	 2.30287839458737905645e-07	 3.45143796711943458850e-07	 1.31989428137911666782e-08	 1.10678338924329073237e-08	 1.10671893588945332452e-08	 1.10678497366830715778e-08	 
 1.35999999999999987566e+00	 4.10948538271085464406e-09	 4.09376857596334568707e-09	 4.10738095993183418841e-09	 3.21743293929269631047e-07	 3.22138466088416149913e-07	 3.16439908638088584085e-07	 3.26684115087089448583e-07	 2.08193604524741739073e-07	 2.16021613943355495250e-07	 3.19376843690700921445e-07	 1.22685539309209714402e-08	 1.01876466997086370580e-08	 1.01870421849151065812e-08	 1.01876629953568119641e-08	 
 1.37999999999999989342e+00	 3.77847163481043670012e-09	 3.76364022323878163090e-09	 3.77657169253659794439e-09	 2.97313472723184555984e-07	 2.97734169640783219166e-07	 2.92022767697477338181e-07	 2.99999348051399180428e-07	 1.95290681036702049199e-07	 2.02233143759450876409e-07	 2.95241985027862185483e-07	 1.13835518374176943018e-08	 9.36299000680113126059e-09	 9.36242379161634498246e-09	 9.36300636297227690060e-09	 
 1.40000000000000013323e+00	 3.46878369002945444030e-09	 3.45487205084025742251e-09	 3.46715870726878867758e-09	 2.74472921076375164289e-07	 2.74914336570416786010e-07	 2.69181454141586598867e-07	 2.75158764703899996313e-07	 1.82826755577460725988e-07	 1.88953102712942930720e-07	 2.72666554704195305562e-07	 1.05441863598446195810e-08	 8.59212816210800553574e-09	 8.59159873008595638499e-09	 8.59214371123549790097e-09	 
 1.41999999999999992895e+00	 3.17948380141942356443e-09	 3.16655275501664614007e-09	 3.17824050981595104673e-09	 2.53156408985414220253e-07	 2.53612814827073670868e-07	 2.47839284173458925281e-07	 2.52071629374195478632e-07	 1.70794622864959731582e-07	 1.76174320984759256340e-07	 2.51581748653408277861e-07	 9.74921090303860782101e-09	 7.87277019554392340434e-09	 7.87227620097761298250e-09	 7.87278371169127577764e-09	 
 1.44000000000000016875e+00	 2.90992587152101775331e-09	 2.89796372552486692077e-09	 2.90905247044025823798e-09	 2.33279170030611891703e-07	 2.33738998350433139643e-07	 2.27920563335708772929e-07	 2.30645278033690087905e-07	 1.59252319576854631019e-07	 1.63955044243061307691e-07	 2.31903878173413284299e-07	 8.99938886431874696314e-09	 7.20298643079828489842e-09	 7.20252578758749921229e-09	 7.20299694170245191389e-09	 
 1.45999999999999996447e+00	 2.65937617382154513903e-09	 2.64832856250899915744e-09	 2.65878772046562353852e-09	 2.14774322947906171850e-07	 2.15221655737834186628e-07	 2.09359279900815828781e-07	 2.10801162867560567204e-07	 1.48215735235112920501e-07	 1.52311211282358318059e-07	 2.13566154770566807249e-07	 8.29417050682501870408e-09	 6.58076271275995739563e-09	 6.58033284904321532379e-09	 6.58076930720327116430e-09	 
 1.47999999999999998224e+00	 2.42693293317872816001e-09	 2.41672153046771014511e-09	 2.42649859625898118928e-09	 1.97580361758055774731e-07	 1.97995510914440614268e-07	 1.92088136958942737999e-07	 1.92461372011959673232e-07	 1.37669173571230263770e-07	 1.41227132598811795287e-07	 1.96506285071213687249e-07	 7.63189115390960728470e-09	 6.00375003106860444451e-09	 6.00334803023821526530e-09	 6.00375170494811232454e-09	 
 1.50000000000000000000e+00	 2.21167320939194088020e-09	 2.20224627087993907096e-09	 2.21135827940141808300e-09	 1.81601814794739277917e-07	 1.81976847926339334923e-07	 1.76032731427845687826e-07	 1.75527719664413909357e-07	 1.27650545405394521255e-07	 1.30731079447339701933e-07	 1.80643205052482466637e-07	 7.01191289461923781154e-09	 5.46962385382114053830e-09	 5.46924815945292547143e-09	 5.46962121744342216350e-09	 
 1.52000000000000001776e+00	 2.01275363077829335121e-09	 2.00407663928400310652e-09	 2.01258107425966345028e-09	 1.66769094250311629116e-07	 1.67102192684678798492e-07	 1.61130611040572170555e-07	 1.59924670720234330292e-07	 1.18163217211221764240e-07	 1.20820993076047009910e-07	 1.65915594464181279185e-07	 6.43291904263336878727e-09	 4.97627735218735018010e-09	 4.97592722201579016664e-09	 4.97627196847079090045e-09	 
 1.54000000000000003553e+00	 1.82927158201748238717e-09	 1.82132249139817015542e-09	 1.82930158225862667940e-09	 1.53022022839591874405e-07	 1.53314141149838646927e-07	 1.47319320370339606174e-07	 1.45582878721368245838e-07	 1.09185665766118746745e-07	 1.11472349964649615560e-07	 1.52268209056145937383e-07	 5.89291689626681498762e-09	 4.52146834249561067915e-09	 4.52114356098622149155e-09	 4.52146238325498142654e-09	 
 1.56000000000000027534e+00	 1.66025622235476454677e-09	 1.65298068847206256386e-09	 1.66048191012444670434e-09	 1.40278577892511955228e-07	 1.40534463086999672173e-07	 1.34531609920036322446e-07	 1.32391722902880935670e-07	 1.00732472366528808202e-07	 1.02691982386546468172e-07	 1.39618881701062561198e-07	 5.39063798798073368165e-09	 4.10265602101297574794e-09	 4.10235597932811320830e-09	 4.10265037020340235521e-09	 
 1.58000000000000007105e+00	 1.50490819866570077435e-09	 1.49823409884211482153e-09	 1.50528835133120137533e-09	 1.28480324687213454303e-07	 1.28706892506279527876e-07	 1.22712846395552414365e-07	 1.20274722703658784581e-07	 9.27948930991332160783e-08	 9.44671431843491612514e-08	 1.27909707030512516774e-07	 4.92454656413435736993e-09	 3.71778574442125957786e-09	 3.71750973706779609969e-09	 3.71778064577200377416e-09	 
 1.60000000000000008882e+00	 1.36242389851611319061e-09	 1.35626806370093587961e-09	 1.36289974645698013141e-09	 1.17576139388665668396e-07	 1.17781822072089284996e-07	 1.11808790553074025576e-07	 1.09166976569116295204e-07	 8.53472952861161370687e-08	 8.67701480446636995170e-08	 1.17090731272945213251e-07	 4.49270418027807787061e-09	 3.36482128269453245252e-09	 3.36456870447045677162e-09	 3.36481668213370873471e-09	 
 1.61999999999999988454e+00	 1.23179548677354603389e-09	 1.22609074832977581169e-09	 1.23232644051175605416e-09	 1.07497006800201390543e-07	 1.07687587580431274518e-07	 1.01750677160644948779e-07	 9.89830666962072380114e-08	 7.83880876903239357121e-08	 7.95919927276501778449e-08	 1.07095680566738361834e-07	 4.09325078179238692405e-09	 3.04123309616810070959e-09	 3.04100228570944084937e-09	 3.04122891858824050781e-09	 
 1.64000000000000012434e+00	 1.11227939909346135893e-09	 1.10696215495855045037e-09	 1.11283167037012420599e-09	 9.81953829478094295038e-08	 9.83758799623339619383e-08	 9.24869573040018874484e-08	 8.96658556666255244668e-08	 7.19023628460508593576e-08	 7.29140716179842332716e-08	 9.78799960426372420888e-08	 3.72450241049952805851e-09	 2.74514773257008055900e-09	 2.74493651493292487552e-09	 2.74514389108293994983e-09	 
 1.66000000000000014211e+00	 1.00317304358661879992e-09	 9.98175494698876531713e-10	 1.00371337112190378247e-09	 8.96296026575278290829e-08	 8.98053678169734258066e-08	 8.39683062331210822113e-08	 8.11665652581944343283e-08	 6.58649054598640874218e-08	 6.67091360126840890865e-08	 8.94058849043251335733e-08	 3.38461593415848520453e-09	 2.47478599895755375863e-09	 2.47459191010623259470e-09	 2.47478239324009469275e-09	 
 1.67999999999999993783e+00	 9.03544776628239726288e-10	 8.98843925565459302048e-10	 9.04066847577977830081e-10	 8.17370390014517964196e-08	 8.19081917717499287602e-08	 7.61363856628716340741e-08	 7.34050804314346437126e-08	 6.02578472881562115531e-08	 6.09562918398340838590e-08	 8.15958649303014024539e-08	 3.07172101785968403233e-09	 2.22798520928352700652e-09	 2.22780654342210479567e-09	 2.22798187009474304389e-09	 
 1.70000000000000017764e+00	 8.12758384727753804189e-10	 8.08350118283149128380e-10	 8.13268194252709368226e-10	 7.44778608261201755892e-08	 7.46421129966169377433e-08	 6.89483478063755158251e-08	 6.63338610728269157049e-08	 5.50609968159844098495e-08	 5.56340866612560048483e-08	 7.44037160908693351217e-08	 2.78430628003265403746e-09	 2.00323167940095865067e-09	 2.00306701183162510953e-09	 2.00322870810387224627e-09	 
 1.71999999999999997335e+00	 7.30227112988122670905e-10	 7.26115922010708454489e-10	 7.30737713912999844675e-10	 6.78184502410227586499e-08	 6.79721068685547794164e-08	 6.23623202100586873118e-08	 5.99156020380107532200e-08	 5.02495339929843705261e-08	 5.07172599574352116381e-08	 6.77926435307764201664e-08	 2.52079999600173712466e-09	 1.79910271671273320867e-09	 1.79895068342211940641e-09	 1.79910026950917902940e-09	 
 1.73999999999999999112e+00	 6.55157699002513064170e-10	 6.51329640509096903151e-10	 6.55654156682169802997e-10	 6.16987668309427626364e-08	 6.18417643844189114750e-08	 5.63302745885994133265e-08	 5.40677444236292176226e-08	 4.58008792086611655129e-08	 4.61791091492580557211e-08	 6.17113533390511678924e-08	 2.27935635584452190788e-09	 1.61351628529736990189e-09	 1.61337583111748016561e-09	 1.61351425811256233345e-09	 
 1.76000000000000023093e+00	 5.87043092463856286092e-10	 5.83476058390580077247e-10	 5.87496025730520693398e-10	 5.60843025888032650131e-08	 5.62180376336901924713e-08	 5.08180698303252862201e-08	 4.87468867831848706732e-08	 4.16949634547630378820e-08	 4.19982780008836994268e-08	 5.61287140116473654615e-08	 2.05867513919296457528e-09	 1.44516896128957788767e-09	 1.44503910810180430564e-09	 1.44516712988604937690e-09	 
 1.78000000000000002665e+00	 5.25418560584729970708e-10	 5.22084998349246897289e-10	 5.25786421620843533004e-10	 5.09470613154490612711e-08	 5.10736997277347271935e-08	 4.57919281912764582684e-08	 4.39207227007433401949e-08	 3.79091816052539043309e-08	 3.81521149789109476015e-08	 5.10182259229172620607e-08	 1.85748829697255084516e-09	 1.29288446593326603252e-09	 1.29276420436110493392e-09	 1.29288251996713801987e-09	 
 1.80000000000000004441e+00	 4.69567628923882641277e-10	 4.66465071892828610217e-10	 4.69857009241811200146e-10	 4.62385133693113362882e-08	 4.63583132600616086107e-08	 4.12072754192110494723e-08	 3.95339396244056619952e-08	 3.44241484730021884280e-08	 3.46156058757998076378e-08	 4.63304422871734452495e-08	 1.67388574272711267770e-09	 1.15494055553782832188e-09	 1.15482938398254952713e-09	 1.15493853754003874065e-09	 
 1.81999999999999984013e+00	 4.19074385191588754123e-10	 4.16211960301956179279e-10	 4.19308818873895741248e-10	 4.19329115858748858096e-08	 4.20453981635866903646e-08	 3.70357818822749983364e-08	 3.55589654215081714866e-08	 3.12236653578543517977e-08	 3.13705402318964806121e-08	 4.20389713682529777474e-08	 1.50672890093930544891e-09	 1.03033184995136371175e-09	 1.03022947634563561025e-09	 1.03032993903214785249e-09	 
 1.84000000000000007994e+00	 3.73562111986991064427e-10	 3.70958726903431031638e-10	 3.73773924560979527910e-10	 3.80098290381373699055e-08	 3.81140713695691032052e-08	 3.32502974771111023007e-08	 3.19753009700956011709e-08	 2.82897893207640510631e-08	 2.83979941286456189959e-08	 3.81225461653398626874e-08	 1.35498319790889753950e-09	 9.18147201623761762182e-10	 9.18053479349586273210e-10	 9.18145664878687451323e-10	 
 1.86000000000000009770e+00	 3.32470519946874667345e-10	 3.30113221819760520735e-10	 3.32664576550989991604e-10	 3.44215745366920714681e-08	 3.45177306101825092399e-08	 2.98136239479628591817e-08	 2.87231862708962523427e-08	 2.56004607560526109778e-08	 2.56754599955390887493e-08	 3.45373602616314002024e-08	 1.21708127368467973071e-09	 8.16907603271753354777e-10	 8.16821952364294030796e-10	 8.16906334341561476661e-10	 
 1.87999999999999989342e+00	 2.95495509135183567943e-10	 2.93363557670897670405e-10	 2.95668337063987320221e-10	 3.11460635646740080550e-08	 3.12345263386806671006e-08	 2.67052945466442410827e-08	 2.57771671005119736455e-08	 2.31413086182916278524e-08	 2.31883123097350861875e-08	 3.12621131273000045084e-08	 1.09220799086164016650e-09	 7.25836555135968232758e-10	 7.25758269401217634878e-10	 7.25835303183181971260e-10	 
 1.89999999999999991118e+00	 2.62357894674989924852e-10	 2.60429045657963276651e-10	 2.62501855325610409767e-10	 2.81662753870192670642e-08	 2.82474229828867024342e-08	 2.39070968478851826017e-08	 2.31188473343559435906e-08	 2.08978089243910713000e-08	 2.09218071712706757278e-08	 2.82795686174404321161e-08	 9.79674331975824129418e-10	 6.44236821975444552726e-10	 6.44165129373075448527e-10	 6.44235216591454372363e-10	 
 1.92000000000000015099e+00	 2.32551417745422570079e-10	 2.30803973835586350640e-10	 2.32661584893021382391e-10	 2.54451510804840704549e-08	 2.55204636450158489764e-08	 2.13772665309120346570e-08	 2.07106499245921211723e-08	 1.88476807573517838244e-08	 1.88530983346758414545e-08	 2.55557230714529515889e-08	 8.77529094216894020228e-10	 5.70844561827651749473e-10	 5.70778861034035691071e-10	 5.70842664107433393705e-10	 
 1.93999999999999994671e+00	 2.05839543912493214361e-10	 2.04250314928666554728e-10	 2.05907888997057491598e-10	 2.29663778370623964182e-08	 2.30380693882395098595e-08	 1.90989830906236636388e-08	 1.85369987856320965338e-08	 1.69785012053588159956e-08	 1.69698629882211946676e-08	 2.30754050385542827464e-08	 7.84921559514296331417e-10	 5.05065054886697752083e-10	 5.05004737080482814327e-10	 5.05063038266547599159e-10	 
 1.95999999999999996447e+00	 1.82009415864833232740e-10	 1.80551634641620050931e-10	 1.82020702975869985370e-10	 2.07166521582148302032e-08	 2.07880002902819337816e-08	 1.70598650919882597014e-08	 1.65860493868426927473e-08	 1.52778809784592189465e-08	 1.52602031370846104330e-08	 2.08264264349307231631e-08	 7.01104074707153707650e-10	 4.46356434257860418140e-10	 4.46300800662513660582e-10	 4.46354534522674499452e-10	 
 1.97999999999999998224e+00	 1.60641745573351807945e-10	 1.59307041682088772517e-10	 1.60613378979933600608e-10	 1.86663436154865186388e-08	 1.87379397910731225193e-08	 1.52232002498078643435e-08	 1.48203308325280033510e-08	 1.37288392362472315355e-08	 1.37047903484687938645e-08	 1.87772631196890454248e-08	 6.25329360897968964622e-10	 3.93737749480037816933e-10	 3.93686649074445309110e-10	 3.93736107559404034582e-10	 
 2.00000000000000000000e+00	 1.41560161318731414138e-10	 1.40344741229138639377e-10	 1.41520408788849731062e-10	 1.68034550130083492849e-08	 1.68758507499416006609e-08	 1.35783433675376255837e-08	 1.32261135438392525125e-08	 1.23222330974857540376e-08	 1.22943791717570752587e-08	 1.69162543567440580451e-08	 5.57198092620975920430e-10	 3.46785742533763709588e-10	 3.46739213181470722286e-10	 3.46784550104068904553e-10	 
 2.02000000000000001776e+00	 1.24599062804084155812e-10	 1.23502487289299809315e-10	 1.24588468012803748364e-10	 1.51178704032527472976e-08	 1.51923762079478545321e-08	 1.21201366809176571937e-08	 1.17918470330520559341e-08	 1.10486258222237556738e-08	 1.10201127177822655263e-08	 1.52345531790136704431e-08	 4.96334613885230158104e-10	 3.05099676659451912601e-10	 3.05057964390327834176e-10	 3.05099260302147646445e-10	 
 2.04000000000000003553e+00	 1.09448386929970294992e-10	 1.08461898607556433967e-10	 1.09462246334567913632e-10	 1.35846701860875132611e-08	 1.36611531522777583365e-08	 1.08097433933138509133e-08	 1.04949029783202474922e-08	 9.89190183574363923683e-09	 9.86382623509270639680e-09	 1.37046414154046035452e-08	 4.41441586001814369650e-10	 2.67880034849315258325e-10	 2.67842689701961465989e-10	 2.67880095265445328062e-10	 
 2.06000000000000005329e+00	 9.59892721503142424222e-11	 9.51035499013482112483e-11	 9.60150327253164961784e-11	 1.21947829941360186903e-08	 1.22734204108303139335e-08	 9.64016256560525393020e-09	 9.32541750386722804851e-09	 8.84459111865077989548e-09	 8.81809998866176294436e-09	 1.23176797551215908458e-08	 3.92096871421921390044e-10	 2.34828723213746544323e-10	 2.34795166802935710485e-10	 2.34828752848984429655e-10	 
 2.08000000000000007105e+00	 8.41060522604412180946e-11	 8.33123627952870494425e-11	 8.41257477948394841184e-11	 1.09401439063618115841e-08	 1.10221062623935207098e-08	 8.61088574283585583872e-09	 8.27265029417875124152e-09	 7.89871122408887160933e-09	 7.87559037755655575582e-09	 1.10667023355759960626e-08	 3.47924002335415943817e-10	 2.05658722939519380964e-10	 2.05628265803605207552e-10	 2.05657924786284370991e-10	 
 2.10000000000000053291e+00	 7.35299810320531960755e-11	 7.28200270472458776843e-11	 7.35446918566954110938e-11	 9.80154613684816651853e-09	 9.88602181449739437737e-09	 7.68552616850185362273e-09	 7.32277532394596135769e-09	 7.04218339142615055192e-09	 7.02222060607293502124e-09	 9.93021145158812952017e-09	 3.08211868354470706543e-10	 1.79706219038685001939e-10	 1.79678682502350322796e-10	 1.79704781144889522518e-10	 
 2.12000000000000010658e+00	 6.41769039516631334259e-11	 6.35426975744487019523e-11	 6.41904557975983181513e-11	 8.77265966217827913878e-09	 8.85897589145804070141e-09	 6.85988034674339716778e-09	 6.46782223780627333581e-09	 6.26937056655714782343e-09	 6.25219959288114908242e-09	 8.90175865672548550589e-09	 2.72722891247096127185e-10	 1.56762372927593161820e-10	 1.56737695146347960939e-10	 1.56760622160330938738e-10	 
 2.14000000000000012434e+00	 5.59629788433736100473e-11	 5.53968067764465513451e-11	 5.59817315608269182558e-11	 7.84768408116785568448e-09	 7.93579829473678305440e-09	 6.13541234465300188458e-09	 5.69695452155788273728e-09	 5.57366020723735144806e-09	 5.55893582267452496443e-09	 7.97564359151452349087e-09	 2.41241444184161234922e-10	 1.36617543864256811372e-10	 1.36595816547010468189e-10	 1.36615936156316994756e-10	 
 2.15999999999999969802e+00	 4.86797458163590754955e-11	 4.81735215265216986684e-11	 4.87005621354924866357e-11	 7.00991056542112155387e-09	 7.09867269147311152111e-09	 5.48239125884966758672e-09	 5.00458692883306172997e-09	 4.94604315119422276142e-09	 4.93350448825371907122e-09	 7.13569275223009365866e-09	 2.13020666501565424878e-10	 1.18758642462606408974e-10	 1.18739558623289986437e-10	 1.18757210846522179999e-10	 
 2.18000000000000015987e+00	 4.22724170360681435279e-11	 4.18166182737027071646e-11	 4.22897257691812861985e-11	 6.25458852404940275110e-09	 6.34276659921086655175e-09	 4.89835188899832986448e-09	 4.38433521909263041610e-09	 4.38246566428103290065e-09	 4.37190029593589193516e-09	 6.37719934544180930375e-09	 1.87895520308956783618e-10	 1.03045867926530543281e-10	 1.03029099662685028653e-10	 1.03044642810552167226e-10	 
 2.20000000000000017764e+00	 3.66843263078930569058e-11	 3.62658215933048190747e-11	 3.66879940186892962927e-11	 5.57695594050923580524e-09	 5.66320972487994656735e-09	 4.38456584546038379627e-09	 3.82597343893611151569e-09	 3.87794110806486734253e-09	 3.86922546001109531168e-09	 5.69538809811005476890e-09	 1.65731159058041101350e-10	 8.93282199571531396541e-11	 8.93134249662136973913e-11	 8.93272778043977466862e-11	 
 2.21999999999999975131e+00	 3.17454934971211463813e-11	 3.13618239587381388973e-11	 3.17377690504127581124e-11	 4.96468261944110833730e-09	 5.04850661550240374626e-09	 3.91901694532714157314e-09	 3.32776710949034189490e-09	 3.42477367574471555076e-09	 3.41721364272313742269e-09	 5.07886429036060800085e-09	 1.45896515575843792769e-10	 7.72126645048367003969e-11	 7.71996221702593259470e-11	 7.72119844342028125133e-11	 
 2.24000000000000021316e+00	 2.74193092250357644308e-11	 2.70678150136681438336e-11	 2.74022191092780214840e-11	 4.41449663112574368706e-09	 4.49543767914111184131e-09	 3.49890557800465303175e-09	 2.88421651086069192990e-09	 3.02028772247350898026e-09	 3.01268503021838669675e-09	 4.52479514164417138350e-09	 1.28280887282634894341e-10	 6.66073297368461881775e-11	 6.65958137782328602402e-11	 6.66069162492529704265e-11	 
 2.25999999999999978684e+00	 2.36637505248091780721e-11	 2.33405179818227953463e-11	 2.36381843057727584047e-11	 3.92289939471063243341e-09	 4.00055360798796872875e-09	 3.12147442241365080142e-09	 2.48550724401313843880e-09	 2.66136404403051674259e-09	 2.65129305644234233764e-09	 4.03068730348570377349e-09	 1.12785044009597027935e-10	 5.74032416238284632502e-11	 5.73929924078204469880e-11	 5.74031652910495682814e-11	 
 2.27999999999999980460e+00	 2.03567389672305123960e-11	 2.00612713941583440898e-11	 2.03255658682671176007e-11	 3.47987542135068797112e-09	 3.55404059191066624421e-09	 2.77836789460608668985e-09	 2.13387447681922573893e-09	 2.33992519823863998932e-09	 2.32780318917055426621e-09	 3.58450976950774571772e-09	 9.89416215408798913933e-11	 4.93089144546860176626e-11	 4.92998105953148822096e-11	 4.93090759934594104666e-11	 
 2.30000000000000026645e+00	 1.74746864352992763823e-11	 1.72072955781149148676e-11	 1.74414457198081234578e-11	 3.08322770236553430899e-09	 3.15370423101702849083e-09	 2.46549588227788424844e-09	 1.82555348521520228860e-09	 2.05399853641865727637e-09	 2.03997980101939976723e-09	 3.18408891880141700874e-09	 8.66758321118685548911e-11	 4.22675365985827353842e-11	 4.22594549223811324978e-11	 4.22678070345010963888e-11	 
 2.32000000000000028422e+00	 1.49867646920872206900e-11	 1.47498307151824122039e-11	 1.49569331826652149319e-11	 2.73055823155438931663e-09	 2.79713935181064575200e-09	 2.17457426021140650079e-09	 1.55397932936381431298e-09	 1.80101248988640793493e-09	 1.78460083112993512299e-09	 2.82704032137614643865e-09	 7.59057429344203239031e-11	 3.62068595691854025758e-11	 3.61996640910102705794e-11	 3.62070258417998329336e-11	 
 2.33999999999999985789e+00	 1.28062358935349072107e-11	 1.25963737834162752910e-11	 1.27794224985075750461e-11	 2.41341003979778372077e-09	 2.47623705061437517797e-09	 1.91187878111047318332e-09	 1.31721490712944049441e-09	 1.57532149891902420129e-09	 1.55697946639121866214e-09	 2.50540085440265714149e-09	 6.63180874163440915916e-11	 3.08987421469749977705e-11	 3.08923575819119188381e-11	 3.08988237510309246762e-11	 
 2.36000000000000031974e+00	 1.09193303728582644999e-11	 1.07327816919945149381e-11	 1.08952323032285343266e-11	 2.13017258118729680671e-09	 2.18957872159273656591e-09	 1.67242845032750138644e-09	 1.11308290960957983303e-09	 1.37564270691010889756e-09	 1.35541344271531713752e-09	 2.21771044928858985418e-09	 5.78776471211619686162e-11	 2.63081194306683069040e-11	 2.63024764337671641016e-11	 2.63081224620966353441e-11	 
 2.38000000000000033751e+00	 9.30735213678286504523e-12	 9.13869023018734275699e-12	 9.28553589300971564606e-12	 1.87872986768759904525e-09	 1.93561986578415036675e-09	 1.44491254052138876331e-09	 9.38192293197221512163e-10	 1.20027302376465204105e-09	 1.17711535083641787402e-09	 1.96229607414975648180e-09	 5.05637764106961432467e-11	 2.23844733217274514941e-11	 2.23795166104149697008e-11	 2.23843815183447823266e-11	 
 2.39999999999999991118e+00	 7.89998999917564721593e-12	 7.74819468644433599292e-12	 7.88039149186819516849e-12	 1.65335743708511037512e-09	 1.70752714199451782238e-09	 1.24366486554884000709e-09	 7.86806055231358280404e-10	 1.04433931698997495518e-09	 1.01918962424382287296e-09	 1.73265558886631825287e-09	 4.40514240998330036894e-11	 1.89639167783638705110e-11	 1.89595798615688444399e-11	 1.89637591784610314172e-11	 
 2.41999999999999948486e+00	 6.68890094701556349691e-12	 6.55278371718818425053e-12	 6.67156397530250513104e-12	 1.45302099703299384473e-09	 1.50430056815181456000e-09	 1.06467249852519153692e-09	 6.57684079719958443426e-10	 9.06953550187986462345e-10	 8.80555243391387778336e-10	 1.52762876293821676099e-09	 3.83103363936696918392e-11	 1.60255564513097797094e-11	 1.60217834097844403320e-11	 1.60253662373039673352e-11	 
 2.44000000000000039080e+00	 5.66037762750599738590e-12	 5.53863614848927710737e-12	 5.64571266799956049148e-12	 1.27643739388022747493e-09	 1.32461506951362553621e-09	 8.99836577347843198884e-10	 5.48652783111281406685e-10	 7.86730937025143755707e-10	 7.59552940505130243257e-10	 1.34542827644465175313e-09	 3.32887229328420220023e-11	 1.35355418453321319121e-11	 1.35323013915683747497e-11	 1.35353728904468607818e-11	 
 2.45999999999999996447e+00	 4.76660759178629023657e-12	 4.65828046805507810178e-12	 4.75416912215574029834e-12	 1.11859125628530060314e-09	 1.16372298996996700679e-09	 7.57005886260315155764e-10	 4.54981613100800160951e-10	 6.80296758330041725143e-10	 6.52930778592593959161e-10	 1.18229440443074023382e-09	 2.88364061031246073940e-11	 1.13752845375843443186e-11	 1.13725079753993307488e-11	 1.13751314824169394609e-11	 
 2.47999999999999953815e+00	 4.00204274573186411096e-12	 3.90643267997866992645e-12	 3.99132463194634879995e-12	 9.78831337828257146896e-10	 1.02099469998773069480e-09	 6.33909944017282134224e-10	 3.76000752149651876628e-10	 5.87056076774308956194e-10	 5.60099663527659058172e-10	 1.03752894570273706791e-09	 2.49286567323257771202e-11	 9.53207606811001733124e-12	 9.52969453631000390765e-12	 9.53193362286618646348e-12	 
 2.50000000000000044409e+00	 3.35553985135787308902e-12	 3.27278388949039884308e-12	 3.34563780830154283632e-12	 8.56290266097092013087e-10	 8.95686827183865236493e-10	 5.26745243176937956444e-10	 3.10431661484110636402e-10	 5.06033256778674562341e-10	 4.80191808744627969510e-10	 9.10354108316239816130e-10	 2.15228248968235094901e-11	 7.98130229123806517262e-12	 7.97923221280364817219e-12	 7.98115490786856100579e-12	 
 2.52000000000000001776e+00	 2.79773769817558938054e-12	 2.72621325175608809336e-12	 2.78867649857522560851e-12	 7.47071492694628635439e-10	 7.83738175560439847773e-10	 4.35012201585708189803e-10	 2.54485867874322918695e-10	 4.34625526868230217784e-10	 4.10035023483343542037e-10	 7.96759708512244528312e-10	 1.85200696764079390315e-11	 6.64415304707652466272e-12	 6.64236288256923375478e-12	 6.64400453273820086856e-12	 
 2.54000000000000003553e+00	 2.32558745506879409752e-12	 2.26359616500591778999e-12	 2.31728820036895555679e-12	 6.50762268808445722171e-10	 6.84713561790092923482e-10	 3.57671123975040878629e-10	 2.07812636312283532758e-10	 3.72445988955146514400e-10	 3.49253770100535791039e-10	 6.96382231707516198432e-10	 1.59092866017510492818e-11	 5.51315559363022358882e-12	 5.51161231551457522755e-12	 5.51300500515279247391e-12	 
 2.56000000000000049738e+00	 1.93342290730247092300e-12	 1.87838335976787074452e-12	 1.92562411647750199336e-12	 5.66795114236045869171e-10	 5.97931344749629506462e-10	 2.92832043973188261012e-10	 1.69591090088200305871e-10	 3.18798304792382290933e-10	 2.97088902267294268686e-10	 6.08848056014218289940e-10	 1.36825488166755550407e-11	 4.57242762913346673509e-12	 4.57109959932937942542e-12	 4.57226101607549256618e-12	 
 2.58000000000000007105e+00	 1.59664889336785874804e-12	 1.54819203462844679956e-12	 1.58944729367020666693e-12	 4.92176967600508788202e-10	 5.20677848803615843283e-10	 2.37857598128307154026e-10	 1.37230523632384514418e-10	 2.71741873965292554292e-10	 2.51573262353797994599e-10	 5.30809720334763968396e-10	 1.17226192512852601058e-11	 3.76637437272112502223e-12	 3.76523815849535689771e-12	 3.76620112609894144260e-12	 
 2.60000000000000008882e+00	 1.31329429098815218482e-12	 1.27110822640257218058e-12	 1.30685547124853817444e-12	 4.26627306383862611317e-10	 4.52667657794686098993e-10	 1.92252600987956073275e-10	 1.10527758033297150694e-10	 2.30992508720674383456e-10	 2.12486519014609012732e-10	 4.61984201113314934704e-10	 1.00268338312222030044e-11	 3.09038202967241850946e-12	 3.08941800073475694542e-12	 3.09021043778188629681e-12	 
 2.62000000000000055067e+00	 1.07757370395811732861e-12	 1.04210169228941405342e-12	 1.07245744164845879138e-12	 3.69692487602503300453e-10	 3.93528760045161572060e-10	 1.54842990089587368877e-10	 8.88948976467402664504e-11	 1.95916186653965828143e-10	 1.79460927120749879296e-10	 4.01838206240632052324e-10	 8.59602281243453395302e-12	 2.53222002848080621146e-12	 2.53142270549176606156e-12	 2.53206138677053010754e-12	 
 2.64000000000000012434e+00	 8.77279980224407983689e-13	 8.47520641959722736793e-13	 8.73134209233047287636e-13	 3.19281114964666991954e-10	 3.41023917984552481656e-10	 1.23477307603309297287e-10	 7.07696948015642468795e-11	 1.65365779931141466428e-10	 1.50764842869771801360e-10	 3.48436099866975074093e-10	 7.33704572783698764690e-12	 2.05814587041551676132e-12	 2.05748978125190803415e-12	 2.05800042323226914666e-12	 
 2.66000000000000014211e+00	 7.11148076631735183255e-13	 6.86133923171772588888e-13	 7.07412109545280478412e-13	 2.75185021514221994489e-10	 2.94925801936305673985e-10	 9.78786400972830500576e-11	 5.60348441208343280517e-11	 1.39132619662937499312e-10	 1.26258083232116001944e-10	 3.01531317753656401163e-10	 6.24457607034737662639e-12	 1.66519403922346837295e-12	 1.66465634568688238741e-12	 1.66506317493891908396e-12	 
 2.67999999999999971578e+00	 5.76203095414174783172e-13	 5.54500132438574817575e-13	 5.71009663383271994883e-13	 2.37022614738467659376e-10	 2.54740638280054672842e-10	 7.72344659983909599209e-11	 4.43247991239567497672e-11	 1.16745886389068408546e-10	 1.05572772877473362871e-10	 2.60653104580813560197e-10	 5.29774394003173394253e-12	 1.34503097368964527124e-12	 1.34459024985262833467e-12	 1.34491806739301119916e-12	 
 2.70000000000000017764e+00	 4.62430840437117778395e-13	 4.43786209474856515683e-13	 4.56524547669210777573e-13	 2.03367797823925507551e-10	 2.19241173636198240453e-10	 6.01785235764278922388e-11	 3.46278967560391132196e-11	 9.73985018774553464131e-11	 8.77341490294737647079e-11	 2.24518589739131188357e-10	 4.47254058144735888890e-12	 1.07584190518855327318e-12	 1.07548351417904213136e-12	 1.07574479513962057466e-12	 
 2.72000000000000019540e+00	 3.69131168756348077523e-13	 3.53264760686251838715e-13	 3.63288007081287354396e-13	 1.74004277342164398237e-10	 1.88195838852800846983e-10	 4.65538760989271290879e-11	 2.68951938835983526792e-11	 8.09429119482980528567e-11	 7.26233609992308240334e-11	 1.92900056424392310062e-10	 3.76055316017263361604e-12	 8.55878585736207865656e-13	 8.55587640030743778284e-13	 8.55795210426379990922e-13	 
 2.73999999999999976907e+00	 2.93838267331760821247e-13	 2.80674502961679417162e-13	 2.90042981175245519545e-13	 1.48302114406117130058e-10	 1.61001891078465964428e-10	 3.58551864224142677093e-11	 2.09630185536908964962e-11	 6.69968715106244838010e-11	 5.99082397923877814403e-11	 1.65208416405674375890e-10	 3.13632011651262141864e-12	 6.79656973795547403715e-13	 6.79416433276397021440e-13	 6.79583443324251175729e-13	 
 2.76000000000000023093e+00	 2.31222605821590204005e-13	 2.20341532768250532009e-13	 2.28853901516608197106e-13	 1.25840952521755114163e-10	 1.37166417917579041926e-10	 2.71633559309897642120e-11	 1.60925090539419860725e-11	 5.50661965728897938040e-11	 4.90551262489807251366e-11	 1.40909250836945791088e-10	 2.60083559613470408368e-12	 5.33242222302327167085e-13	 5.33045388017022515607e-13	 5.33178404049064589212e-13	 
 2.77999999999999980460e+00	 1.80935991363348858891e-13	 1.71835311617614041025e-13	 1.79455029221994172594e-13	 1.06415714415742242720e-10	 1.16479969026445813519e-10	 2.03991551142462074496e-11	 1.22657561066606370185e-11	 4.50433323002294600197e-11	 3.99719052992997560502e-11	 1.19767797414048905361e-10	 2.15045476843278402681e-12	 4.15600107968139230239e-13	 4.15440108899979474303e-13	 4.15546609606598750472e-13	 
 2.79999999999999982236e+00	 1.42132961458389893298e-13	 1.33596876417345524747e-13	 1.40358987833050249187e-13	 8.94880242595936030118e-11	 9.83813449433425561374e-11	 1.52593489798483032936e-11	 9.36879935237864736787e-12	 3.66220068622671906440e-11	 3.23891296138931631139e-11	 1.01068393704330387218e-10	 1.78654157866641857051e-12	 3.22962799322610083256e-13	 3.22833923502703573726e-13	 3.22925905513103018968e-13	 
 2.82000000000000028422e+00	 1.10082139451218159955e-13	 1.02304391975119486276e-13	 1.08235397692316614660e-13	 7.48416346943435325118e-11	 8.26728806187308580964e-11	 1.11664397141252156921e-11	 7.02471294176583336892e-12	 2.95130773951748707110e-11	 2.60024161989955115404e-11	 8.48606853188407538821e-11	 1.47356951170906091653e-12	 2.47175924018254382396e-13	 2.47073274920084324765e-13	 2.47151311228963744552e-13	 
 2.83999999999999985789e+00	 8.45932106872199880268e-14	 7.77079315662078851121e-14	 8.28704876708225611988e-14	 6.23006563114487498820e-11	 6.91757069662272598404e-11	 8.08378193471156811760e-12	 5.22273340189059423907e-12	 2.36421152631737979088e-11	 2.07464571855552127797e-11	 7.09424854901035008763e-11	 1.21147804975559103887e-12	 1.87641524105110148851e-13	 1.87560715032715275222e-13	 1.87625776194626432073e-13	 
 2.85999999999999987566e+00	 6.44758627060873149459e-14	 5.88421788956194244123e-14	 6.35415643199998696842e-14	 5.12843845987988762557e-11	 5.73288340727409218022e-11	 5.84170218828388862187e-12	 3.90119428946254892176e-12	 1.87839370106326312079e-11	 1.64162056490115404685e-11	 5.87279127802691420231e-11	 1.00042936953181901366e-12	 1.42034432895349414411e-13	 1.41973339849724551558e-13	 1.42024630886864966967e-13	 
 2.87999999999999989342e+00	 4.82553786019155497759e-14	 4.36839684247837077752e-14	 4.78595879890018045015e-14	 4.19139380623713624256e-11	 4.71978079834659557231e-11	 4.09726666530524659177e-12	 2.84756111218364004059e-12	 1.47512673919979312153e-11	 1.28322041073687205171e-11	 4.82929311557148447891e-11	 8.19769405540526734424e-13	 1.05397664053350992942e-13	 1.05352247681257456562e-13	 1.05392266063547278875e-13	 
 2.90000000000000035527e+00	 3.57276372653153532448e-14	 3.21072693344537375962e-14	 3.57008516836645681289e-14	 3.40460214376270683357e-11	 3.86327088580283159627e-11	 2.83628376840430076636e-12	 2.05711631910563366095e-12	 1.14973111267028080914e-11	 9.95314438491053032280e-12	 3.94908553767136445585e-11	 6.69493933351884066702e-13	 7.74302592179511123025e-14	 7.73968514776709125602e-14	 7.74277668241312449333e-14	 
 2.91999999999999992895e+00	 2.60507462202817888317e-14	 2.35560018893558775479e-14	 2.63530771403035923122e-14	 2.72178778446487960622e-11	 3.11219452513206018929e-11	 1.97433171857991756207e-12	 1.49441105689432451726e-12	 8.87057774697224740467e-12	 7.64510566498036795762e-12	 3.18596934017926921086e-11	 5.51006342423803903258e-13	 5.67902154907090542991e-14	 5.67657614686887319223e-14	 5.67895221587634647484e-14	 
 2.93999999999999994671e+00	 1.84996252208766276827e-14	 1.68323165590589003515e-14	 1.89856022164025539601e-14	 2.15364756842030267743e-11	 2.48395103298316193437e-11	 1.31970450056645483202e-12	 1.05430092241899614569e-12	 6.73547593159371269602e-12	 5.77497215776704420664e-12	 2.54658934967052732296e-11	 4.49707652977764948411e-13	 4.05643967081735393153e-14	 4.05469690412405985713e-14	 4.05649031511496625585e-14	 
 2.96000000000000040856e+00	 1.29982380011301473139e-14	 1.18855577163107801755e-14	 1.35115864265223388184e-14	 1.69169726312226611002e-11	 1.96935030214806346481e-11	 8.69092904232521376649e-13	 7.34715318201214986729e-13	 5.06707684285364827565e-12	 4.32313801206543953272e-12	 2.02246466477339398665e-11	 3.65565249148498652530e-13	 2.86318703178210820660e-14	 2.86196155193421675334e-14	 2.86330787495533813292e-14	 
 2.97999999999999998224e+00	 9.40123402292016584508e-15	 8.46388019354341779122e-15	 9.59407082705590243654e-15	 1.31337566399180331541e-11	 1.54601219244665517723e-11	 5.90148189110397694763e-13	 5.19104063725076198616e-13	 3.78463617638256265140e-12	 3.23404019176063883740e-12	 1.59280075560222225150e-11	 2.98501687793692137604e-13	 2.03875552130008067489e-14	 2.03789981740980057467e-14	 2.03898125985475818605e-14	 
 3.00000000000000000000e+00	 6.45632838503698025056e-15	 5.77038987319161949897e-15	 6.57409237773452860847e-15	 9.94812129301544176864e-12	 1.18653026785756629525e-11	 3.79306280776859657191e-13	 3.51405483303460048741e-13	 2.74222645306790716136e-12	 2.34455209207913145093e-12	 1.22557383786243559834e-11	 2.40855237187980619714e-13	 1.38978916832831258858e-14	 1.38922096459692831030e-14	 1.39007539888572807340e-14	 
 3.02000000000000046185e+00	 4.21303013988901646296e-15	 3.81120757952714365863e-15	 4.43030131186412721545e-15	 7.35548800135903578457e-12	 8.90570677457169228251e-12	 2.37563459284211149247e-13	 2.31908867373677505456e-13	 1.93811121859215976748e-12	 1.65554356267951522568e-12	 9.20882582977532626134e-12	 1.92452562326402529911e-13	 9.17815667705341581880e-15	 9.17452816774410151130e-15	 9.18122719108159457596e-15	 
 3.04000000000000003553e+00	 2.87111970239374482898e-15	 2.60801570721417529093e-15	 3.05738866173218512703e-15	 5.47094209907499327583e-12	 6.71108407464975367996e-12	 1.58043228969268548007e-13	 1.59309048260900433655e-13	 1.39617823985543416138e-12	 1.19024448484019119905e-12	 6.93182700967369898796e-12	 1.52378118348312988806e-13	 6.27965862328092320613e-15	 6.27720473028817745310e-15	 6.28243892404575497730e-15	 
 3.06000000000000005329e+00	 1.84434974377947177387e-15	 1.68399993908358577023e-15	 2.02751808799986310128e-15	 3.93151343473496184028e-12	 4.88994134464001951134e-12	 9.88376612064814229864e-14	 1.03438293352016516394e-13	 9.62705480477033908534e-13	 8.17285080928059863757e-13	 5.04799853977641059966e-12	 1.18819371534569117033e-13	 4.05381058760053222537e-15	 4.05225429818873941038e-15	 4.05614446826945183130e-15	 
 3.08000000000000007105e+00	 1.14178775931629284367e-15	 1.04569892699166336508e-15	 1.33320824655156155002e-15	 2.74025479523512433484e-12	 3.44829783957581552511e-12	 6.04755212493699541341e-14	 6.47678787085573152461e-14	 6.40107742862679152247e-13	 5.39088182630328201418e-13	 3.56120545246844722905e-12	 9.14652338850842341041e-14	 2.51638090958161096683e-15	 2.51543435710851864242e-15	 2.51811891179795105044e-15	 
 3.10000000000000008882e+00	 7.49396702608503588513e-16	 6.86297630883341752416e-16	 8.71749666909038141319e-16	 1.93673647522217238205e-12	 2.45943561922484646842e-12	 3.98904310785394388560e-14	 4.30722889974477803750e-14	 4.38644856678545708802e-13	 3.68086823368897054601e-13	 2.53759861213007943633e-12	 6.94262221086692996319e-14	 1.65122772023765384221e-15	 1.65062129313555717969e-15	 1.65237639925466143695e-15	 
 3.12000000000000010658e+00	 4.55794161908247723168e-16	 4.16943938307993057789e-16	 5.31329670576872244834e-16	 1.30282844143481731367e-12	 1.67537235225426538414e-12	 2.47401348554016554948e-14	 2.68972384478205487909e-14	 2.84436129489523362670e-13	 2.38117305238202720797e-13	 1.72583477044884344255e-12	 5.02316838605577632009e-14	 1.00290244563360493426e-15	 1.00255934895112125520e-15	 1.00362631862109359312e-15	 
 3.13999999999999968026e+00	 2.63220111997999877787e-16	 2.39593507755070505723e-16	 3.09161421362108394724e-16	 8.40634571963686178797e-13	 1.09789550358028510247e-12	 1.51417823466589264245e-14	 1.63623642747849726056e-14	 1.78018197222553941435e-13	 1.49559610826641085117e-13	 1.12769222309481633413e-12	 3.40245161944158090824e-14	 5.76138907625522491713e-16	 5.75976649103266857681e-16	 5.76585835490914874220e-16	 
 3.16000000000000014211e+00	 1.59975413186138520500e-16	 1.44156243364573823106e-16	 1.90737833323706434532e-16	 5.73255676940679666737e-13	 7.52293102700202055220e-13	 1.00905089064929493912e-14	 1.08945545044533551642e-14	 1.19245684164008565824e-13	 1.00257487878341938659e-13	 7.70951256538145700509e-13	 2.31102218627958176297e-14	 3.46619843768815543897e-16	 3.46529270646281461121e-16	 3.46894712963766930160e-16	 
 3.18000000000000015987e+00	 8.30352180951752645768e-17	 7.29457875122299090730e-17	 1.02654376531594860373e-16	 3.73438897808415151508e-13	 4.93106918602356080685e-13	 6.38165756264094626226e-15	 6.87357172809406459347e-15	 7.52690606773575962733e-14	 6.36051602615144775235e-14	 5.03688333623080196606e-13	 1.49002683827390959819e-14	 1.75376951559837923446e-16	 1.75338684017020463555e-16	 1.75508211719229743497e-16	 
 3.19999999999999973355e+00	 3.31648173909323509184e-17	 2.68449876537411118329e-17	 4.54491780889799987364e-17	 2.35666623144603407001e-13	 3.12526973919409802505e-13	 3.93936520057338042359e-15	 4.22526819172670653052e-15	 4.53079766873190416962e-14	 3.88279118611924965085e-14	 3.18033333242608083567e-13	 9.13250199530257038923e-15	 6.45380341450665762855e-17	 6.45304107227441535210e-17	 6.45596305546384516622e-17	 
 3.22000000000000019540e+00	 1.02521452762279343187e-17	 8.35075958485966810159e-18	 1.39480921337740106079e-17	 7.08808810500983811631e-14	 9.39795699461033907910e-14	 1.18604466281306713100e-15	 1.27238568001745802651e-15	 1.36587662238130680170e-14	 1.16969248533514643872e-14	 9.56524185254550187317e-14	 2.75074550423286353503e-15	 2.00761208730511424629e-17	 2.00735913082318870691e-17	 2.00835104994838243332e-17	 
 3.24000000000000021316e+00	 0.00000000000000000000e+00	 0.00000000000000000000e+00	 0.00000000000000000000e+00	 0.00000000000000000000e+00	 0.00000000000000000000e+00	 0.00000000000000000000e+00	 0.00000000000000000000e+00	 0.00000000000000000000e+00	 0.00000000000000000000e+00	 0.00000000000000000000e+00	 0.00000000000000000000e+00	 0.00000000000000000000e+00	 0.00000000000000000000e+00	 0.00000000000000000000e+00	 
 3.25999999999999978684e+00	 2.31074453318124340112e-20	 1.88229907697798463606e-20	 3.14356447996104742150e-20	 1.59717740425680312220e-16	 2.11766221510824756843e-16	 2.67257160280606838670e-18	 2.86713367605633030918e-18	 3.07783405030093734172e-17	 2.63573929440722054412e-17	 2.15536057455681343389e-16	 6.19841338171903060909e-18	 4.52524880332948358150e-20	 4.52467829639169176946e-20	 4.52691587026430862835e-20	 
 3.28000000000000024869e+00	 0.00000000000000000000e+00	 0.00000000000000000000e+00	 0.00000000000000000000e+00	 0.00000000000000000000e+00	 0.00000000000000000000e+00	 0.00000000000000000000e+00	 0.00000000000000000000e+00	 0.00000000000000000000e+00	 0.00000000000000000000e+00	 0.00000000000000000000e+00	 0.00000000000000000000e+00	 0.00000000000000000000e+00	 0.00000000000000000000e+00	 0.00000000000000000000e+00	 
 3.29999999999999982236e+00	 4.80030996497669502129e-23	 3.91043089958812433981e-23	 6.53007305348488894608e-23	 3.31732207098148922973e-19	 4.39835787620723643294e-19	 5.55094574682558922007e-21	 5.95506089716014157354e-21	 6.39273602480319354307e-20	 5.47446711232056158120e-20	 4.47666253498306378859e-19	 1.28741760423981507204e-20	 9.40109536138104224601e-23	 9.39990964132884058476e-23	 9.40456079127979213396e-23	 
 3.31999999999999984013e+00	 0.00000000000000000000e+00	 0.00000000000000000000e+00	 0.00000000000000000000e+00	 0.00000000000000000000e+00	 0.00000000000000000000e+00	 0.00000000000000000000e+00	 0.00000000000000000000e+00	 0.00000000000000000000e+00	 0.00000000000000000000e+00	 0.00000000000000000000e+00	 0.00000000000000000000e+00	 0.00000000000000000000e+00	 0.00000000000000000000e+00	 0.00000000000000000000e+00	 
 3.34000000000000030198e+00	 9.05374632741516180975e-26	 7.37542004322207368806e-26	 1.23161075090417594906e-25	 6.25652008201012711028e-22	 8.29536803859615348000e-22	 1.04691820105800313657e-23	 1.12313530657073072222e-23	 1.20568306511780634142e-22	 1.03249483417659460461e-22	 8.44305358753531836603e-22	 2.42809324878995796777e-23	 1.77313010409594441095e-25	 1.77290645058163298466e-25	 1.77378378054800476349e-25	 
 3.36000000000000031974e+00	 0.00000000000000000000e+00	 0.00000000000000000000e+00	 0.00000000000000000000e+00	 0.00000000000000000000e+00	 0.00000000000000000000e+00	 0.00000000000000000000e+00	 0.00000000000000000000e+00	 0.00000000000000000000e+00	 0.00000000000000000000e+00	 0.00000000000000000000e+00	 0.00000000000000000000e+00	 0.00000000000000000000e+00	 0.00000000000000000000e+00	 0.00000000000000000000e+00	 
 3.37999999999999989342e+00	 1.50469664388182559153e-28	 1.22573843101654319090e-28	 2.04694065773777941883e-28	 1.03991069279433306555e-24	 1.37879328798582870271e-24	 1.74010069115713243910e-26	 1.86678105187920712522e-26	 2.00397694023357637667e-25	 1.71612364281651584840e-25	 1.40333956006120075244e-24	 4.03576857579269819878e-26	 2.94680666167475558238e-28	 2.94643504748040767148e-28	 2.94789267381929126190e-28	 
 3.39999999999999991118e+00	 0.00000000000000000000e+00	 0.00000000000000000000e+00	 0.00000000000000000000e+00	 0.00000000000000000000e+00	 0.00000000000000000000e+00	 0.00000000000000000000e+00	 0.00000000000000000000e+00	 0.00000000000000000000e+00	 0.00000000000000000000e+00	 0.00000000000000000000e+00	 0.00000000000000000000e+00	 0.00000000000000000000e+00	 0.00000000000000000000e+00	 0.00000000000000000000e+00	 
 3.42000000000000037303e+00	 2.14907513861150881844e-31	 1.75059275172435906746e-31	 2.92365231479219569100e-31	 1.48547986467316893683e-27	 1.96956525348807418349e-27	 2.48566478136329709097e-29	 2.66661945974987952082e-29	 2.86257992446084038019e-28	 2.45140615013177270272e-28	 2.00462680761643428135e-27	 5.76492037238900723309e-29	 4.20861267794589700024e-31	 4.20808212588328297884e-31	 4.21016292287093001916e-31	 
 3.43999999999999994671e+00	 0.00000000000000000000e+00	 0.00000000000000000000e+00	 0.00000000000000000000e+00	 0.00000000000000000000e+00	 0.00000000000000000000e+00	 0.00000000000000000000e+00	 0.00000000000000000000e+00	 0.00000000000000000000e+00	 0.00000000000000000000e+00	 0.00000000000000000000e+00	 0.00000000000000000000e+00	 0.00000000000000000000e+00	 0.00000000000000000000e+00	 0.00000000000000000000e+00	 
 3.45999999999999996447e+00	 2.60268268471664031702e-34	 2.12001367028473907544e-34	 3.54090322052526191680e-34	 1.79931771534302987662e-30	 2.38567881922873374983e-30	 3.01079344419609135423e-32	 3.22997307201130674119e-32	 3.46730938004794032798e-31	 2.96928665218450279561e-31	 2.42814526097907248209e-30	 6.98281536121645139129e-32	 5.09674008943326628726e-34	 5.09609781276991061099e-34	 5.09861647173144198175e-34	 
 3.48000000000000042633e+00	 0.00000000000000000000e+00	 0.00000000000000000000e+00	 0.00000000000000000000e+00	 0.00000000000000000000e+00	 0.00000000000000000000e+00	 0.00000000000000000000e+00	 0.00000000000000000000e+00	 0.00000000000000000000e+00	 0.00000000000000000000e+00	 0.00000000000000000000e+00	 0.00000000000000000000e+00	 0.00000000000000000000e+00	 0.00000000000000000000e+00	 0.00000000000000000000e+00	 
 3.50000000000000000000e+00	 2.66074253089022996278e-37	 2.16723362262984417736e-37	 3.62003374203842206020e-37	 1.83973029392047843258e-33	 2.43926365718868745788e-33	 3.07839845083240984456e-35	 3.30249583466689500342e-35	 3.54513980545064026359e-34	 3.03594989100141378873e-34	 2.48268150560057288860e-33	 7.13959194398025634299e-35	 5.21026183463240805795e-37	 5.20960547056718107421e-37	 5.21217908122740082219e-37	 
 3.52000000000000001776e+00	 0.00000000000000000000e+00	 0.00000000000000000000e+00	 0.00000000000000000000e+00	 0.00000000000000000000e+00	 0.00000000000000000000e+00	 0.00000000000000000000e+00	 0.00000000000000000000e+00	 0.00000000000000000000e+00	 0.00000000000000000000e+00	 0.00000000000000000000e+00	 0.00000000000000000000e+00	 0.00000000000000000000e+00	 0.00000000000000000000e+00	 0.00000000000000000000e+00	 
 3.54000000000000047962e+00	 2.29652559861191199371e-40	 1.87051766155920442189e-40	 3.12460717216340191625e-40	 1.58809863963032244386e-36	 2.10563192044950463757e-36	 2.65733359611893451003e-38	 2.85077608294845827225e-38	 3.06021533870249934564e-37	 2.62068403209359271305e-37	 2.14310948383162533426e-36	 6.16302261844003812297e-38	 4.49692481293535063574e-40	 4.49635847161822460915e-40	 4.49857888907798593757e-40	 
 3.56000000000000005329e+00	 0.00000000000000000000e+00	 0.00000000000000000000e+00	 0.00000000000000000000e+00	 0.00000000000000000000e+00	 0.00000000000000000000e+00	 0.00000000000000000000e+00	 0.00000000000000000000e+00	 0.00000000000000000000e+00	 0.00000000000000000000e+00	 0.00000000000000000000e+00	 0.00000000000000000000e+00	 0.00000000000000000000e+00	 0.00000000000000000000e+00	 0.00000000000000000000e+00	 
 3.58000000000000007105e+00	 1.67694040901168410038e-43	 1.36583414377364607267e-43	 2.28167408708501647714e-43	 1.15976247593772856510e-39	 1.53770972912732540687e-39	 1.94059966316983317779e-41	 2.08186534083715556026e-41	 2.23480532932901722489e-40	 1.91383089810357956967e-40	 1.56507792806106434713e-39	 4.50072953947425293145e-41	 3.28361154233143922124e-43	 3.28319810162621260276e-43	 3.28481892353679467800e-43	 
 3.60000000000000053291e+00	 0.00000000000000000000e+00	 0.00000000000000000000e+00	 0.00000000000000000000e+00	 0.00000000000000000000e+00	 0.00000000000000000000e+00	 0.00000000000000000000e+00	 0.00000000000000000000e+00	 0.00000000000000000000e+00	 0.00000000000000000000e+00	 0.00000000000000000000e+00	 0.00000000000000000000e+00	 0.00000000000000000000e+00	 0.00000000000000000000e+00	 0.00000000000000000000e+00	 
 3.62000000000000010658e+00	 1.03856150213171495360e-46	 0.00000000000000000000e+00	 1.41311612903780422717e-46	 7.18324217972840110853e-43	 9.52414688359228825023e-43	 1.20194893339429339850e-44	 1.28944380140179355576e-44	 1.38416544077211452908e-43	 1.18536700259343934817e-43	 9.69365248600926189264e-43	 2.78761245401985559216e-44	 2.03356499448356622002e-46	 2.03330899620772435506e-46	 2.03431252803716546885e-46	 
 3.63999999999999968026e+00	 0.00000000000000000000e+00	 0.00000000000000000000e+00	 0.00000000000000000000e+00	 0.00000000000000000000e+00	 0.00000000000000000000e+00	 0.00000000000000000000e+00	 0.00000000000000000000e+00	 0.00000000000000000000e+00	 0.00000000000000000000e+00	 0.00000000000000000000e+00	 0.00000000000000000000e+00	 0.00000000000000000000e+00	 0.00000000000000000000e+00	 0.00000000000000000000e+00	 
 3.65999999999999969802e+00	 0.00000000000000000000e+00	 0.00000000000000000000e+00	 0.00000000000000000000e+00	 3.78231328086224283903e-46	 5.01491169732965083605e-46	 0.00000000000000000000e+00	 0.00000000000000000000e+00	 0.00000000000000000000e+00	 0.00000000000000000000e+00	 5.10416205840625141867e-46	 0.00000000000000000000e+00	 0.00000000000000000000e+00	 0.00000000000000000000e+00	 0.00000000000000000000e+00	 
 3.68000000000000015987e+00	 0.00000000000000000000e+00	 0.00000000000000000000e+00	 0.00000000000000000000e+00	 0.00000000000000000000e+00	 0.00000000000000000000e+00	 0.00000000000000000000e+00	 0.00000000000000000000e+00	 0.00000000000000000000e+00	 0.00000000000000000000e+00	 0.00000000000000000000e+00	 0.00000000000000000000e+00	 0.00000000000000000000e+00	 0.00000000000000000000e+00	 0.00000000000000000000e+00	 
 3.70000000000000017764e+00	 0.00000000000000000000e+00	 0.00000000000000000000e+00	 0.00000000000000000000e+00	 0.00000000000000000000e+00	 0.00000000000000000000e+00	 0.00000000000000000000e+00	 0.00000000000000000000e+00	 0.00000000000000000000e+00	 0.00000000000000000000e+00	 0.00000000000000000000e+00	 0.00000000000000000000e+00	 0.00000000000000000000e+00	 0.00000000000000000000e+00	 0.00000000000000000000e+00	 
 3.71999999999999975131e+00	 0.00000000000000000000e+00	 0.00000000000000000000e+00	 0.00000000000000000000e+00	 0.00000000000000000000e+00	 0.00000000000000000000e+00	 0.00000000000000000000e+00	 0.00000000000000000000e+00	 0.00000000000000000000e+00	 0.00000000000000000000e+00	 0.00000000000000000000e+00	 0.00000000000000000000e+00	 0.00000000000000000000e+00	 0.00000000000000000000e+00	 0.00000000000000000000e+00	 
 3.74000000000000021316e+00	 0.00000000000000000000e+00	 0.00000000000000000000e+00	 0.00000000000000000000e+00	 0.00000000000000000000e+00	 0.00000000000000000000e+00	 0.00000000000000000000e+00	 0.00000000000000000000e+00	 0.00000000000000000000e+00	 0.00000000000000000000e+00	 0.00000000000000000000e+00	 0.00000000000000000000e+00	 0.00000000000000000000e+00	 0.00000000000000000000e+00	 0.00000000000000000000e+00	 
 3.76000000000000023093e+00	 0.00000000000000000000e+00	 0.00000000000000000000e+00	 0.00000000000000000000e+00	 0.00000000000000000000e+00	 0.00000000000000000000e+00	 0.00000000000000000000e+00	 0.00000000000000000000e+00	 0.00000000000000000000e+00	 0.00000000000000000000e+00	 0.00000000000000000000e+00	 0.00000000000000000000e+00	 0.00000000000000000000e+00	 0.00000000000000000000e+00	 0.00000000000000000000e+00	 
 3.77999999999999980460e+00	 0.00000000000000000000e+00	 0.00000000000000000000e+00	 0.00000000000000000000e+00	 0.00000000000000000000e+00	 0.00000000000000000000e+00	 0.00000000000000000000e+00	 0.00000000000000000000e+00	 0.00000000000000000000e+00	 0.00000000000000000000e+00	 0.00000000000000000000e+00	 0.00000000000000000000e+00	 0.00000000000000000000e+00	 0.00000000000000000000e+00	 0.00000000000000000000e+00	 
 3.80000000000000026645e+00	 0.00000000000000000000e+00	 0.00000000000000000000e+00	 0.00000000000000000000e+00	 0.00000000000000000000e+00	 0.00000000000000000000e+00	 0.00000000000000000000e+00	 0.00000000000000000000e+00	 0.00000000000000000000e+00	 0.00000000000000000000e+00	 0.00000000000000000000e+00	 0.00000000000000000000e+00	 0.00000000000000000000e+00	 0.00000000000000000000e+00	 0.00000000000000000000e+00	 
 3.82000000000000028422e+00	 0.00000000000000000000e+00	 0.00000000000000000000e+00	 0.00000000000000000000e+00	 0.00000000000000000000e+00	 0.00000000000000000000e+00	 0.00000000000000000000e+00	 0.00000000000000000000e+00	 0.00000000000000000000e+00	 0.00000000000000000000e+00	 0.00000000000000000000e+00	 0.00000000000000000000e+00	 0.00000000000000000000e+00	 0.00000000000000000000e+00	 0.00000000000000000000e+00	 
 3.83999999999999985789e+00	 0.00000000000000000000e+00	 0.00000000000000000000e+00	 0.00000000000000000000e+00	 0.00000000000000000000e+00	 0.00000000000000000000e+00	 0.00000000000000000000e+00	 0.00000000000000000000e+00	 0.00000000000000000000e+00	 0.00000000000000000000e+00	 0.00000000000000000000e+00	 0.00000000000000000000e+00	 0.00000000000000000000e+00	 0.00000000000000000000e+00	 0.00000000000000000000e+00	 
 3.86000000000000031974e+00	 0.00000000000000000000e+00	 0.00000000000000000000e+00	 0.00000000000000000000e+00	 0.00000000000000000000e+00	 0.00000000000000000000e+00	 0.00000000000000000000e+00	 0.00000000000000000000e+00	 0.00000000000000000000e+00	 0.00000000000000000000e+00	 0.00000000000000000000e+00	 0.00000000000000000000e+00	 0.00000000000000000000e+00	 0.00000000000000000000e+00	 0.00000000000000000000e+00	 
 3.87999999999999989342e+00	 0.00000000000000000000e+00	 0.00000000000000000000e+00	 0.00000000000000000000e+00	 0.00000000000000000000e+00	 0.00000000000000000000e+00	 0.00000000000000000000e+00	 0.00000000000000000000e+00	 0.00000000000000000000e+00	 0.00000000000000000000e+00	 0.00000000000000000000e+00	 0.00000000000000000000e+00	 0.00000000000000000000e+00	 0.00000000000000000000e+00	 0.00000000000000000000e+00	 
 3.89999999999999991118e+00	 0.00000000000000000000e+00	 0.00000000000000000000e+00	 0.00000000000000000000e+00	 0.00000000000000000000e+00	 0.00000000000000000000e+00	 0.00000000000000000000e+00	 0.00000000000000000000e+00	 0.00000000000000000000e+00	 0.00000000000000000000e+00	 0.00000000000000000000e+00	 0.00000000000000000000e+00	 0.00000000000000000000e+00	 0.00000000000000000000e+00	 0.00000000000000000000e+00	 
 3.91999999999999948486e+00	 0.00000000000000000000e+00	 0.00000000000000000000e+00	 0.00000000000000000000e+00	 0.00000000000000000000e+00	 0.00000000000000000000e+00	 0.00000000000000000000e+00	 0.00000000000000000000e+00	 0.00000000000000000000e+00	 0.00000000000000000000e+00	 0.00000000000000000000e+00	 0.00000000000000000000e+00	 0.00000000000000000000e+00	 0.00000000000000000000e+00	 0.00000000000000000000e+00	 
 3.93999999999999994671e+00	 0.00000000000000000000e+00	 0.00000000000000000000e+00	 0.00000000000000000000e+00	 0.00000000000000000000e+00	 0.00000000000000000000e+00	 0.00000000000000000000e+00	 0.00000000000000000000e+00	 0.00000000000000000000e+00	 0.00000000000000000000e+00	 0.00000000000000000000e+00	 0.00000000000000000000e+00	 0.00000000000000000000e+00	 0.00000000000000000000e+00	 0.00000000000000000000e+00	 
 3.95999999999999996447e+00	 0.00000000000000000000e+00	 0.00000000000000000000e+00	 0.00000000000000000000e+00	 0.00000000000000000000e+00	 0.00000000000000000000e+00	 0.00000000000000000000e+00	 0.00000000000000000000e+00	 0.00000000000000000000e+00	 0.00000000000000000000e+00	 0.00000000000000000000e+00	 0.00000000000000000000e+00	 0.00000000000000000000e+00	 0.00000000000000000000e+00	 0.00000000000000000000e+00	 
 3.97999999999999953815e+00	 0.00000000000000000000e+00	 0.00000000000000000000e+00	 0.00000000000000000000e+00	 0.00000000000000000000e+00	 0.00000000000000000000e+00	 0.00000000000000000000e+00	 0.00000000000000000000e+00	 0.00000000000000000000e+00	 0.00000000000000000000e+00	 0.00000000000000000000e+00	 0.00000000000000000000e+00	 0.00000000000000000000e+00	 0.00000000000000000000e+00	 0.00000000000000000000e+00	 
 4.00000000000000000000e+00	 0.00000000000000000000e+00	 0.00000000000000000000e+00	 0.00000000000000000000e+00	 0.00000000000000000000e+00	 0.00000000000000000000e+00	 0.00000000000000000000e+00	 0.00000000000000000000e+00	 0.00000000000000000000e+00	 0.00000000000000000000e+00	 0.00000000000000000000e+00	 0.00000000000000000000e+00	 0.00000000000000000000e+00	 0.00000000000000000000e+00	 0.00000000000000000000e+00	 
 4.01999999999999957367e+00	 0.00000000000000000000e+00	 0.00000000000000000000e+00	 0.00000000000000000000e+00	 0.00000000000000000000e+00	 0.00000000000000000000e+00	 0.00000000000000000000e+00	 0.00000000000000000000e+00	 0.00000000000000000000e+00	 0.00000000000000000000e+00	 0.00000000000000000000e+00	 0.00000000000000000000e+00	 0.00000000000000000000e+00	 0.00000000000000000000e+00	 0.00000000000000000000e+00	 
 4.04000000000000003553e+00	 0.00000000000000000000e+00	 0.00000000000000000000e+00	 0.00000000000000000000e+00	 0.00000000000000000000e+00	 0.00000000000000000000e+00	 0.00000000000000000000e+00	 0.00000000000000000000e+00	 0.00000000000000000000e+00	 0.00000000000000000000e+00	 0.00000000000000000000e+00	 0.00000000000000000000e+00	 0.00000000000000000000e+00	 0.00000000000000000000e+00	 0.00000000000000000000e+00	 
 4.06000000000000049738e+00	 0.00000000000000000000e+00	 0.00000000000000000000e+00	 0.00000000000000000000e+00	 0.00000000000000000000e+00	 0.00000000000000000000e+00	 0.00000000000000000000e+00	 0.00000000000000000000e+00	 0.00000000000000000000e+00	 0.00000000000000000000e+00	 0.00000000000000000000e+00	 0.00000000000000000000e+00	 0.00000000000000000000e+00	 0.00000000000000000000e+00	 0.00000000000000000000e+00	 
 4.08000000000000007105e+00	 0.00000000000000000000e+00	 0.00000000000000000000e+00	 0.00000000000000000000e+00	 0.00000000000000000000e+00	 0.00000000000000000000e+00	 0.00000000000000000000e+00	 0.00000000000000000000e+00	 0.00000000000000000000e+00	 0.00000000000000000000e+00	 0.00000000000000000000e+00	 0.00000000000000000000e+00	 0.00000000000000000000e+00	 0.00000000000000000000e+00	 0.00000000000000000000e+00	 
 4.09999999999999964473e+00	 0.00000000000000000000e+00	 0.00000000000000000000e+00	 0.00000000000000000000e+00	 0.00000000000000000000e+00	 0.00000000000000000000e+00	 0.00000000000000000000e+00	 0.00000000000000000000e+00	 0.00000000000000000000e+00	 0.00000000000000000000e+00	 0.00000000000000000000e+00	 0.00000000000000000000e+00	 0.00000000000000000000e+00	 0.00000000000000000000e+00	 0.00000000000000000000e+00	 
 4.12000000000000010658e+00	 0.00000000000000000000e+00	 0.00000000000000000000e+00	 0.00000000000000000000e+00	 0.00000000000000000000e+00	 0.00000000000000000000e+00	 0.00000000000000000000e+00	 0.00000000000000000000e+00	 0.00000000000000000000e+00	 0.00000000000000000000e+00	 0.00000000000000000000e+00	 0.00000000000000000000e+00	 0.00000000000000000000e+00	 0.00000000000000000000e+00	 0.00000000000000000000e+00	 
 4.14000000000000056843e+00	 0.00000000000000000000e+00	 0.00000000000000000000e+00	 0.00000000000000000000e+00	 0.00000000000000000000e+00	 0.00000000000000000000e+00	 0.00000000000000000000e+00	 0.00000000000000000000e+00	 0.00000000000000000000e+00	 0.00000000000000000000e+00	 0.00000000000000000000e+00	 0.00000000000000000000e+00	 0.00000000000000000000e+00	 0.00000000000000000000e+00	 0.00000000000000000000e+00	 
 4.16000000000000014211e+00	 0.00000000000000000000e+00	 0.00000000000000000000e+00	 0.00000000000000000000e+00	 0.00000000000000000000e+00	 0.00000000000000000000e+00	 0.00000000000000000000e+00	 0.00000000000000000000e+00	 0.00000000000000000000e+00	 0.00000000000000000000e+00	 0.00000000000000000000e+00	 0.00000000000000000000e+00	 0.00000000000000000000e+00	 0.00000000000000000000e+00	 0.00000000000000000000e+00	 
 4.17999999999999971578e+00	 0.00000000000000000000e+00	 0.00000000000000000000e+00	 0.00000000000000000000e+00	 0.00000000000000000000e+00	 0.00000000000000000000e+00	 0.00000000000000000000e+00	 0.00000000000000000000e+00	 0.00000000000000000000e+00	 0.00000000000000000000e+00	 0.00000000000000000000e+00	 0.00000000000000000000e+00	 0.00000000000000000000e+00	 0.00000000000000000000e+00	 0.00000000000000000000e+00	 
 4.20000000000000017764e+00	 0.00000000000000000000e+00	 0.00000000000000000000e+00	 0.00000000000000000000e+00	 0.00000000000000000000e+00	 0.00000000000000000000e+00	 0.00000000000000000000e+00	 0.00000000000000000000e+00	 0.00000000000000000000e+00	 0.00000000000000000000e+00	 0.00000000000000000000e+00	 0.00000000000000000000e+00	 0.00000000000000000000e+00	 0.00000000000000000000e+00	 0.00000000000000000000e+00	 
 4.21999999999999975131e+00	 0.00000000000000000000e+00	 0.00000000000000000000e+00	 0.00000000000000000000e+00	 0.00000000000000000000e+00	 0.00000000000000000000e+00	 0.00000000000000000000e+00	 0.00000000000000000000e+00	 0.00000000000000000000e+00	 0.00000000000000000000e+00	 0.00000000000000000000e+00	 0.00000000000000000000e+00	 0.00000000000000000000e+00	 0.00000000000000000000e+00	 0.00000000000000000000e+00	 
 4.24000000000000021316e+00	 0.00000000000000000000e+00	 0.00000000000000000000e+00	 0.00000000000000000000e+00	 0.00000000000000000000e+00	 0.00000000000000000000e+00	 0.00000000000000000000e+00	 0.00000000000000000000e+00	 0.00000000000000000000e+00	 0.00000000000000000000e+00	 0.00000000000000000000e+00	 0.00000000000000000000e+00	 0.00000000000000000000e+00	 0.00000000000000000000e+00	 0.00000000000000000000e+00	 
 4.25999999999999978684e+00	 0.00000000000000000000e+00	 0.00000000000000000000e+00	 0.00000000000000000000e+00	 0.00000000000000000000e+00	 0.00000000000000000000e+00	 0.00000000000000000000e+00	 0.00000000000000000000e+00	 0.00000000000000000000e+00	 0.00000000000000000000e+00	 0.00000000000000000000e+00	 0.00000000000000000000e+00	 0.00000000000000000000e+00	 0.00000000000000000000e+00	 0.00000000000000000000e+00	 
 4.28000000000000024869e+00	 0.00000000000000000000e+00	 0.00000000000000000000e+00	 0.00000000000000000000e+00	 0.00000000000000000000e+00	 0.00000000000000000000e+00	 0.00000000000000000000e+00	 0.00000000000000000000e+00	 0.00000000000000000000e+00	 0.00000000000000000000e+00	 0.00000000000000000000e+00	 0.00000000000000000000e+00	 0.00000000000000000000e+00	 0.00000000000000000000e+00	 0.00000000000000000000e+00	 
 4.29999999999999982236e+00	 0.00000000000000000000e+00	 0.00000000000000000000e+00	 0.00000000000000000000e+00	 0.00000000000000000000e+00	 0.00000000000000000000e+00	 0.00000000000000000000e+00	 0.00000000000000000000e+00	 0.00000000000000000000e+00	 0.00000000000000000000e+00	 0.00000000000000000000e+00	 0.00000000000000000000e+00	 0.00000000000000000000e+00	 0.00000000000000000000e+00	 0.00000000000000000000e+00	 
 4.32000000000000028422e+00	 0.00000000000000000000e+00	 0.00000000000000000000e+00	 0.00000000000000000000e+00	 0.00000000000000000000e+00	 0.00000000000000000000e+00	 0.00000000000000000000e+00	 0.00000000000000000000e+00	 0.00000000000000000000e+00	 0.00000000000000000000e+00	 0.00000000000000000000e+00	 0.00000000000000000000e+00	 0.00000000000000000000e+00	 0.00000000000000000000e+00	 0.00000000000000000000e+00	 
 4.33999999999999985789e+00	 0.00000000000000000000e+00	 0.00000000000000000000e+00	 0.00000000000000000000e+00	 0.00000000000000000000e+00	 0.00000000000000000000e+00	 0.00000000000000000000e+00	 0.00000000000000000000e+00	 0.00000000000000000000e+00	 0.00000000000000000000e+00	 0.00000000000000000000e+00	 0.00000000000000000000e+00	 0.00000000000000000000e+00	 0.00000000000000000000e+00	 0.00000000000000000000e+00	 
 4.36000000000000031974e+00	 0.00000000000000000000e+00	 0.00000000000000000000e+00	 0.00000000000000000000e+00	 0.00000000000000000000e+00	 0.00000000000000000000e+00	 0.00000000000000000000e+00	 0.00000000000000000000e+00	 0.00000000000000000000e+00	 0.00000000000000000000e+00	 0.00000000000000000000e+00	 0.00000000000000000000e+00	 0.00000000000000000000e+00	 0.00000000000000000000e+00	 0.00000000000000000000e+00	 
 4.37999999999999989342e+00	 0.00000000000000000000e+00	 0.00000000000000000000e+00	 0.00000000000000000000e+00	 0.00000000000000000000e+00	 0.00000000000000000000e+00	 0.00000000000000000000e+00	 0.00000000000000000000e+00	 0.00000000000000000000e+00	 0.00000000000000000000e+00	 0.00000000000000000000e+00	 0.00000000000000000000e+00	 0.00000000000000000000e+00	 0.00000000000000000000e+00	 0.00000000000000000000e+00	 
 4.40000000000000035527e+00	 0.00000000000000000000e+00	 0.00000000000000000000e+00	 0.00000000000000000000e+00	 0.00000000000000000000e+00	 0.00000000000000000000e+00	 0.00000000000000000000e+00	 0.00000000000000000000e+00	 0.00000000000000000000e+00	 0.00000000000000000000e+00	 0.00000000000000000000e+00	 0.00000000000000000000e+00	 0.00000000000000000000e+00	 0.00000000000000000000e+00	 0.00000000000000000000e+00	 
 4.41999999999999992895e+00	 0.00000000000000000000e+00	 0.00000000000000000000e+00	 0.00000000000000000000e+00	 0.00000000000000000000e+00	 0.00000000000000000000e+00	 0.00000000000000000000e+00	 0.00000000000000000000e+00	 0.00000000000000000000e+00	 0.00000000000000000000e+00	 0.00000000000000000000e+00	 0.00000000000000000000e+00	 0.00000000000000000000e+00	 0.00000000000000000000e+00	 0.00000000000000000000e+00	 
 4.43999999999999950262e+00	 0.00000000000000000000e+00	 0.00000000000000000000e+00	 0.00000000000000000000e+00	 0.00000000000000000000e+00	 0.00000000000000000000e+00	 0.00000000000000000000e+00	 0.00000000000000000000e+00	 0.00000000000000000000e+00	 0.00000000000000000000e+00	 0.00000000000000000000e+00	 0.00000000000000000000e+00	 0.00000000000000000000e+00	 0.00000000000000000000e+00	 0.00000000000000000000e+00	 
 4.45999999999999996447e+00	 0.00000000000000000000e+00	 0.00000000000000000000e+00	 0.00000000000000000000e+00	 0.00000000000000000000e+00	 0.00000000000000000000e+00	 0.00000000000000000000e+00	 0.00000000000000000000e+00	 0.00000000000000000000e+00	 0.00000000000000000000e+00	 0.00000000000000000000e+00	 0.00000000000000000000e+00	 0.00000000000000000000e+00	 0.00000000000000000000e+00	 0.00000000000000000000e+00	 
 4.47999999999999953815e+00	 0.00000000000000000000e+00	 0.00000000000000000000e+00	 0.00000000000000000000e+00	 0.00000000000000000000e+00	 0.00000000000000000000e+00	 0.00000000000000000000e+00	 0.00000000000000000000e+00	 0.00000000000000000000e+00	 0.00000000000000000000e+00	 0.00000000000000000000e+00	 0.00000000000000000000e+00	 0.00000000000000000000e+00	 0.00000000000000000000e+00	 0.00000000000000000000e+00	 
 4.50000000000000000000e+00	 0.00000000000000000000e+00	 0.00000000000000000000e+00	 0.00000000000000000000e+00	 0.00000000000000000000e+00	 0.00000000000000000000e+00	 0.00000000000000000000e+00	 0.00000000000000000000e+00	 0.00000000000000000000e+00	 0.00000000000000000000e+00	 0.00000000000000000000e+00	 0.00000000000000000000e+00	 0.00000000000000000000e+00	 0.00000000000000000000e+00	 0.00000000000000000000e+00	 
 4.52000000000000046185e+00	 0.00000000000000000000e+00	 0.00000000000000000000e+00	 0.00000000000000000000e+00	 0.00000000000000000000e+00	 0.00000000000000000000e+00	 0.00000000000000000000e+00	 0.00000000000000000000e+00	 0.00000000000000000000e+00	 0.00000000000000000000e+00	 0.00000000000000000000e+00	 0.00000000000000000000e+00	 0.00000000000000000000e+00	 0.00000000000000000000e+00	 0.00000000000000000000e+00	 
 4.54000000000000003553e+00	 0.00000000000000000000e+00	 0.00000000000000000000e+00	 0.00000000000000000000e+00	 0.00000000000000000000e+00	 0.00000000000000000000e+00	 0.00000000000000000000e+00	 0.00000000000000000000e+00	 0.00000000000000000000e+00	 0.00000000000000000000e+00	 0.00000000000000000000e+00	 0.00000000000000000000e+00	 0.00000000000000000000e+00	 0.00000000000000000000e+00	 0.00000000000000000000e+00	 
 4.55999999999999960920e+00	 0.00000000000000000000e+00	 0.00000000000000000000e+00	 0.00000000000000000000e+00	 0.00000000000000000000e+00	 0.00000000000000000000e+00	 0.00000000000000000000e+00	 0.00000000000000000000e+00	 0.00000000000000000000e+00	 0.00000000000000000000e+00	 0.00000000000000000000e+00	 0.00000000000000000000e+00	 0.00000000000000000000e+00	 0.00000000000000000000e+00	 0.00000000000000000000e+00	 
 4.58000000000000007105e+00	 0.00000000000000000000e+00	 0.00000000000000000000e+00	 0.00000000000000000000e+00	 0.00000000000000000000e+00	 0.00000000000000000000e+00	 0.00000000000000000000e+00	 0.00000000000000000000e+00	 0.00000000000000000000e+00	 0.00000000000000000000e+00	 0.00000000000000000000e+00	 0.00000000000000000000e+00	 0.00000000000000000000e+00	 0.00000000000000000000e+00	 0.00000000000000000000e+00	 
 4.60000000000000053291e+00	 0.00000000000000000000e+00	 0.00000000000000000000e+00	 0.00000000000000000000e+00	 0.00000000000000000000e+00	 0.00000000000000000000e+00	 0.00000000000000000000e+00	 0.00000000000000000000e+00	 0.00000000000000000000e+00	 0.00000000000000000000e+00	 0.00000000000000000000e+00	 0.00000000000000000000e+00	 0.00000000000000000000e+00	 0.00000000000000000000e+00	 0.00000000000000000000e+00	 
 4.62000000000000010658e+00	 0.00000000000000000000e+00	 0.00000000000000000000e+00	 0.00000000000000000000e+00	 0.00000000000000000000e+00	 0.00000000000000000000e+00	 0.00000000000000000000e+00	 0.00000000000000000000e+00	 0.00000000000000000000e+00	 0.00000000000000000000e+00	 0.00000000000000000000e+00	 0.00000000000000000000e+00	 0.00000000000000000000e+00	 0.00000000000000000000e+00	 0.00000000000000000000e+00	 
 4.63999999999999968026e+00	 0.00000000000000000000e+00	 0.00000000000000000000e+00	 0.00000000000000000000e+00	 0.00000000000000000000e+00	 0.00000000000000000000e+00	 0.00000000000000000000e+00	 0.00000000000000000000e+00	 0.00000000000000000000e+00	 0.00000000000000000000e+00	 0.00000000000000000000e+00	 0.00000000000000000000e+00	 0.00000000000000000000e+00	 0.00000000000000000000e+00	 0.00000000000000000000e+00	 
 4.66000000000000014211e+00	 0.00000000000000000000e+00	 0.00000000000000000000e+00	 0.00000000000000000000e+00	 0.00000000000000000000e+00	 0.00000000000000000000e+00	 0.00000000000000000000e+00	 0.00000000000000000000e+00	 0.00000000000000000000e+00	 0.00000000000000000000e+00	 0.00000000000000000000e+00	 0.00000000000000000000e+00	 0.00000000000000000000e+00	 0.00000000000000000000e+00	 0.00000000000000000000e+00	 
 4.67999999999999971578e+00	 0.00000000000000000000e+00	 0.00000000000000000000e+00	 0.00000000000000000000e+00	 0.00000000000000000000e+00	 0.00000000000000000000e+00	 0.00000000000000000000e+00	 0.00000000000000000000e+00	 0.00000000000000000000e+00	 0.00000000000000000000e+00	 0.00000000000000000000e+00	 0.00000000000000000000e+00	 0.00000000000000000000e+00	 0.00000000000000000000e+00	 0.00000000000000000000e+00	 
 4.69999999999999928946e+00	 0.00000000000000000000e+00	 0.00000000000000000000e+00	 0.00000000000000000000e+00	 0.00000000000000000000e+00	 0.00000000000000000000e+00	 0.00000000000000000000e+00	 0.00000000000000000000e+00	 0.00000000000000000000e+00	 0.00000000000000000000e+00	 0.00000000000000000000e+00	 0.00000000000000000000e+00	 0.00000000000000000000e+00	 0.00000000000000000000e+00	 0.00000000000000000000e+00	 
 4.72000000000000063949e+00	 0.00000000000000000000e+00	 0.00000000000000000000e+00	 0.00000000000000000000e+00	 0.00000000000000000000e+00	 0.00000000000000000000e+00	 0.00000000000000000000e+00	 0.00000000000000000000e+00	 0.00000000000000000000e+00	 0.00000000000000000000e+00	 0.00000000000000000000e+00	 0.00000000000000000000e+00	 0.00000000000000000000e+00	 0.00000000000000000000e+00	 0.00000000000000000000e+00	 
 4.74000000000000021316e+00	 0.00000000000000000000e+00	 0.00000000000000000000e+00	 0.00000000000000000000e+00	 0.00000000000000000000e+00	 0.00000000000000000000e+00	 0.00000000000000000000e+00	 0.00000000000000000000e+00	 0.00000000000000000000e+00	 0.00000000000000000000e+00	 0.00000000000000000000e+00	 0.00000000000000000000e+00	 0.00000000000000000000e+00	 0.00000000000000000000e+00	 0.00000000000000000000e+00	 
 4.75999999999999978684e+00	 0.00000000000000000000e+00	 0.00000000000000000000e+00	 0.00000000000000000000e+00	 0.00000000000000000000e+00	 0.00000000000000000000e+00	 0.00000000000000000000e+00	 0.00000000000000000000e+00	 0.00000000000000000000e+00	 0.00000000000000000000e+00	 0.00000000000000000000e+00	 0.00000000000000000000e+00	 0.00000000000000000000e+00	 0.00000000000000000000e+00	 0.00000000000000000000e+00	 
 4.78000000000000024869e+00	 0.00000000000000000000e+00	 0.00000000000000000000e+00	 0.00000000000000000000e+00	 0.00000000000000000000e+00	 0.00000000000000000000e+00	 0.00000000000000000000e+00	 0.00000000000000000000e+00	 0.00000000000000000000e+00	 0.00000000000000000000e+00	 0.00000000000000000000e+00	 0.00000000000000000000e+00	 0.00000000000000000000e+00	 0.00000000000000000000e+00	 0.00000000000000000000e+00	 
 4.79999999999999982236e+00	 0.00000000000000000000e+00	 0.00000000000000000000e+00	 0.00000000000000000000e+00	 0.00000000000000000000e+00	 0.00000000000000000000e+00	 0.00000000000000000000e+00	 0.00000000000000000000e+00	 0.00000000000000000000e+00	 0.00000000000000000000e+00	 0.00000000000000000000e+00	 0.00000000000000000000e+00	 0.00000000000000000000e+00	 0.00000000000000000000e+00	 0.00000000000000000000e+00	 
 4.81999999999999939604e+00	 0.00000000000000000000e+00	 0.00000000000000000000e+00	 0.00000000000000000000e+00	 0.00000000000000000000e+00	 0.00000000000000000000e+00	 0.00000000000000000000e+00	 0.00000000000000000000e+00	 0.00000000000000000000e+00	 0.00000000000000000000e+00	 0.00000000000000000000e+00	 0.00000000000000000000e+00	 0.00000000000000000000e+00	 0.00000000000000000000e+00	 0.00000000000000000000e+00	 
 4.84000000000000074607e+00	 0.00000000000000000000e+00	 0.00000000000000000000e+00	 0.00000000000000000000e+00	 0.00000000000000000000e+00	 0.00000000000000000000e+00	 0.00000000000000000000e+00	 0.00000000000000000000e+00	 0.00000000000000000000e+00	 0.00000000000000000000e+00	 0.00000000000000000000e+00	 0.00000000000000000000e+00	 0.00000000000000000000e+00	 0.00000000000000000000e+00	 0.00000000000000000000e+00	 
 4.86000000000000031974e+00	 0.00000000000000000000e+00	 0.00000000000000000000e+00	 0.00000000000000000000e+00	 0.00000000000000000000e+00	 0.00000000000000000000e+00	 0.00000000000000000000e+00	 0.00000000000000000000e+00	 0.00000000000000000000e+00	 0.00000000000000000000e+00	 0.00000000000000000000e+00	 0.00000000000000000000e+00	 0.00000000000000000000e+00	 0.00000000000000000000e+00	 0.00000000000000000000e+00	 
 4.87999999999999989342e+00	 0.00000000000000000000e+00	 0.00000000000000000000e+00	 0.00000000000000000000e+00	 0.00000000000000000000e+00	 0.00000000000000000000e+00	 0.00000000000000000000e+00	 0.00000000000000000000e+00	 0.00000000000000000000e+00	 0.00000000000000000000e+00	 0.00000000000000000000e+00	 0.00000000000000000000e+00	 0.00000000000000000000e+00	 0.00000000000000000000e+00	 0.00000000000000000000e+00	 
 4.89999999999999946709e+00	 0.00000000000000000000e+00	 0.00000000000000000000e+00	 0.00000000000000000000e+00	 0.00000000000000000000e+00	 0.00000000000000000000e+00	 0.00000000000000000000e+00	 0.00000000000000000000e+00	 0.00000000000000000000e+00	 0.00000000000000000000e+00	 0.00000000000000000000e+00	 0.00000000000000000000e+00	 0.00000000000000000000e+00	 0.00000000000000000000e+00	 0.00000000000000000000e+00	 
 4.91999999999999992895e+00	 0.00000000000000000000e+00	 0.00000000000000000000e+00	 0.00000000000000000000e+00	 0.00000000000000000000e+00	 0.00000000000000000000e+00	 0.00000000000000000000e+00	 0.00000000000000000000e+00	 0.00000000000000000000e+00	 0.00000000000000000000e+00	 0.00000000000000000000e+00	 0.00000000000000000000e+00	 0.00000000000000000000e+00	 0.00000000000000000000e+00	 0.00000000000000000000e+00	 
 4.93999999999999950262e+00	 0.00000000000000000000e+00	 0.00000000000000000000e+00	 0.00000000000000000000e+00	 0.00000000000000000000e+00	 0.00000000000000000000e+00	 0.00000000000000000000e+00	 0.00000000000000000000e+00	 0.00000000000000000000e+00	 0.00000000000000000000e+00	 0.00000000000000000000e+00	 0.00000000000000000000e+00	 0.00000000000000000000e+00	 0.00000000000000000000e+00	 0.00000000000000000000e+00	 
 4.95999999999999996447e+00	 0.00000000000000000000e+00	 0.00000000000000000000e+00	 0.00000000000000000000e+00	 0.00000000000000000000e+00	 0.00000000000000000000e+00	 0.00000000000000000000e+00	 0.00000000000000000000e+00	 0.00000000000000000000e+00	 0.00000000000000000000e+00	 0.00000000000000000000e+00	 0.00000000000000000000e+00	 0.00000000000000000000e+00	 0.00000000000000000000e+00	 0.00000000000000000000e+00	 
 4.98000000000000042633e+00	 0.00000000000000000000e+00	 0.00000000000000000000e+00	 0.00000000000000000000e+00	 0.00000000000000000000e+00	 0.00000000000000000000e+00	 0.00000000000000000000e+00	 0.00000000000000000000e+00	 0.00000000000000000000e+00	 0.00000000000000000000e+00	 0.00000000000000000000e+00	 0.00000000000000000000e+00	 0.00000000000000000000e+00	 0.00000000000000000000e+00	 0.00000000000000000000e+00	 
 5.00000000000000000000e+00	 0.00000000000000000000e+00	 0.00000000000000000000e+00	 0.00000000000000000000e+00	 0.00000000000000000000e+00	 0.00000000000000000000e+00	 0.00000000000000000000e+00	 0.00000000000000000000e+00	 0.00000000000000000000e+00	 0.00000000000000000000e+00	 0.00000000000000000000e+00	 0.00000000000000000000e+00	 0.00000000000000000000e+00	 0.00000000000000000000e+00	 0.00000000000000000000e+00	 
