 -1.00000000000000000000e+00	 8.06690407074390902604e-10	 8.04737405435635263442e-10	 8.06617324881507439543e-10	 9.13353840675335202425e-08	 9.13327877499501431706e-08	 9.13392832175264806200e-08	 9.24509843347766764815e-08	 3.08437774980040942376e-08	 2.90682379386369089579e-08	 9.05832084677732946468e-08	 1.20297206970172730640e-09	 2.04257947440477864703e-09	 2.04237533447241483204e-09	 2.04257357950630731508e-09	 
 -9.79999999999999982236e-01	 8.26748181538512432491e-10	 8.24746996766262760276e-10	 8.26676164311159720860e-10	 9.37105448564059604667e-08	 9.37088836862257353752e-08	 9.37136023910773750326e-08	 9.48490205501048569942e-08	 3.16399144945476472336e-08	 2.98184562848605376858e-08	 9.29404742184797965956e-08	 1.23217145841821103782e-09	 2.09342926732196857574e-09	 2.09322004260979919789e-09	 2.09342338814973262692e-09	 
 -9.59999999999999964473e-01	 8.47170438675975913987e-10	 8.45120208839417808409e-10	 8.47099575112807035065e-10	 9.61310850737861844917e-08	 9.61303993729182517933e-08	 9.61332657745327103442e-08	 9.72927437859055743949e-08	 3.24511357297233480859e-08	 3.05828866472383758559e-08	 9.53428140899808351779e-08	 1.26188589766204080231e-09	 2.14520445560719284785e-09	 2.14499005382514378532e-09	 2.14519859644628481302e-09	 
 -9.39999999999999946709e-01	 8.67955218973194417383e-10	 8.65855085088627409518e-10	 8.67885596276984069625e-10	 9.85968422276033267787e-08	 9.85971710717039902312e-08	 9.85981101970535554440e-08	 9.97819801384607105467e-08	 3.32773757953292070260e-08	 3.13614668163795942000e-08	 9.77900652666265446769e-08	 1.29211157734908880094e-09	 2.19790012397228978424e-09	 2.19768045297319353299e-09	 2.19789428908429330767e-09	 
 -9.19999999999999928946e-01	 8.89100012716001533220e-10	 8.86949119110828126762e-10	 8.89031714759871710432e-10	 1.01107578199230142056e-07	 1.01108958613452113071e-07	 1.01107897068111618078e-07	 1.02316478666360265037e-07	 3.41185430409135897929e-08	 3.21541097594883165078e-08	 1.00281988760736602326e-07	 1.32284386049651307824e-09	 2.25150995684338039056e-09	 2.25128492463668327423e-09	 2.25150415037482656511e-09	 
 -9.00000000000000022204e-01	 9.10601747827653083027e-10	 9.08399240074182913757e-10	 9.10534854166098518939e-10	 1.03662976011811304202e-07	 1.03665441491987950710e-07	 1.03662309547266294455e-07	 1.04895908743113478147e-07	 3.49745184812950781806e-08	 3.29607025445775102577e-08	 1.02818266564355632872e-07	 1.35407726506485370885e-09	 2.30602620145035137094e-09	 2.30579571621565241953e-09	 2.30602042734568444839e-09	 
 -8.80000000000000115463e-01	 9.32456783378790056913e-10	 9.30201799743159394393e-10	 9.32391370660009918564e-10	 1.06262637645609872380e-07	 1.06266214975101114943e-07	 1.06260951416225182901e-07	 1.07519859548182469136e-07	 3.58451551598403589616e-08	 3.37811056364772989615e-08	 1.05398500573327633246e-07	 1.38580545087675271118e-09	 2.36143963674202271707e-09	 2.36120360684317296048e-09	 2.36143389867623782774e-09	 
 -8.59999999999999986677e-01	 9.54660879459104820007e-10	 9.52352547547446407604e-10	 9.54597019625538596964e-10	 1.08906076414948265848e-07	 1.08910783560213769397e-07	 1.08903338657774831458e-07	 1.10187830697097116557e-07	 3.67302753163760010618e-08	 3.46151502932078372155e-08	 1.08022203427881546682e-07	 1.41802118391113091118e-09	 2.41773950635843212358e-09	 2.41749784029277175820e-09	 2.41773380759229798961e-09	 
 -8.40000000000000079936e-01	 9.77209181200742042753e-10	 9.74846618482539893059e-10	 9.77146937896665092231e-10	 1.11592712023054290899e-07	 1.11598559582481139337e-07	 1.11588894104185390146e-07	 1.12899227608206886109e-07	 3.76296693404648307778e-08	 3.54626376008723264090e-08	 1.10688796388690257947e-07	 1.45071631945449990083e-09	 2.47491349010819783319e-09	 2.47466609660090237462e-09	 2.47490783331485944626e-09	 
 -8.20000000000000062172e-01	 1.00009619368288113454e-09	 9.97678518767658708915e-10	 1.00003561407192816836e-09	 1.14321864218952358188e-07	 1.14328866593072254569e-07	 1.14316939905670332590e-07	 1.15653356020630669678e-07	 3.85430954186793235096e-08	 3.63233382303061165748e-08	 1.13397610616842196976e-07	 1.48388177846744868565e-09	 2.53294767532639482881e-09	 2.53269446382420433021e-09	 2.53294206235246176890e-09	 
 -8.00000000000000044409e-01	 1.02331577677224938866e-09	 1.02084210874304679500e-09	 1.02325688636069713590e-09	 1.17092747947209029676e-07	 1.17100924741147264114e-07	 1.17086694219517121392e-07	 1.18449416451195079425e-07	 3.94702760918870314740e-08	 3.71969890535551390324e-08	 1.16147874906692397726e-07	 1.51750753523421096362e-09	 2.59182650441893764749e-09	 2.59156738513164725195e-09	 2.59182093602064283243e-09	 
 -7.80000000000000026645e-01	 1.04686113415958577114e-09	 1.04433059847915403496e-09	 1.04680394021808897949e-09	 1.19904472410728054009e-07	 1.19913847987924965126e-07	 1.19897269190895657749e-07	 1.21286502499716470251e-07	 4.04108973890279329775e-08	 3.80832923163282307841e-08	 1.18938713080716676247e-07	 1.55158261036929993030e-09	 2.65153276009522351673e-09	 2.65126764413394007921e-09	 2.65152723567203051309e-09	 
 -7.60000000000000008882e-01	 1.07072479145556784166e-09	 1.06813654353748182110e-09	 1.07066930977332915722e-09	 1.22756046120333575805e-07	 1.22766644062885084993e-07	 1.22747673035871064497e-07	 1.24163603835272227440e-07	 4.13646091273224039150e-08	 3.89819159291142521161e-08	 1.21769144340825043881e-07	 1.58609505547260708728e-09	 2.71204754720031664267e-09	 2.71177634697988292520e-09	 2.71204206454652890832e-09	 
 -7.39999999999999991118e-01	 1.09489859267452052953e-09	 1.09225182483802168868e-09	 1.09484485098020717581e-09	 1.25646359458990469109e-07	 1.25658202392907314331e-07	 1.25636795694861413121e-07	 1.27079590979197528310e-07	 4.23310204517217609655e-08	 3.98924891988439534574e-08	 1.24638070991638858603e-07	 1.62103194567016789230e-09	 2.77335024763194756959e-09	 2.77307287698813636324e-09	 2.77334480253850866994e-09	 
 -7.19999999999999973355e-01	 1.11937375266125922174e-09	 1.11666769045680768027e-09	 1.11932178436137707755e-09	 1.28574182500074006875e-07	 1.28587293381220772812e-07	 1.28563407568032978630e-07	 1.30033215717140070394e-07	 4.33096993239038327196e-08	 4.08146023012021539691e-08	 1.27544276895499738147e-07	 1.65637939634991607258e-09	 2.83541853613957023544e-09	 2.83513491037617906137e-09	 2.83541312203263016989e-09	 
 -6.99999999999999955591e-01	 1.14414099151411730800e-09	 1.14137486138182723428e-09	 1.14409080348184636105e-09	 1.31538167151319782410e-07	 1.31552574442053740057e-07	 1.31526164122759130428e-07	 1.33023120116816641060e-07	 4.43001739694397350230e-08	 4.17478075710146541976e-08	 1.30486431198235960979e-07	 1.69212258949483346200e-09	 2.89822841273500319094e-09	 2.89793844848899532276e-09	 2.89822302045265986401e-09	 
 -6.79999999999999937828e-01	 1.16919038713842373258e-09	 1.16636341320263631323e-09	 1.16914195336133564378e-09	 1.34536831454633265894e-07	 1.34552570651143372219e-07	 1.34523587835971866385e-07	 1.36047814539063297174e-07	 4.53019268467961491106e-08	 4.26916138161060423455e-08	 1.33463071380400168775e-07	 1.72824573916411987694e-09	 2.96175412410172497691e-09	 2.96145773935978463351e-09	 2.96174874136505543142e-09	 
 -6.60000000000000031086e-01	 1.19451133515466426141e-09	 1.19162274917213542704e-09	 1.19446459590389554018e-09	 1.37568560297404991827e-07	 1.37585671308197089959e-07	 1.37554068263496118239e-07	 1.39105674727845151552e-07	 4.63143941172309350494e-08	 4.36454862448688746300e-08	 1.36472599926092602161e-07	 1.76473213151742244859e-09	 3.02596819256403536793e-09	 3.02566530705867927980e-09	 3.02596280428962529992e-09	 
 -6.40000000000000013323e-01	 1.22009241601924262094e-09	 1.21714150300907922995e-09	 1.22004729281602748143e-09	 1.40631616110853314361e-07	 1.40650129433992309352e-07	 1.40615870926829881281e-07	 1.42194942437044713231e-07	 4.73369673103637394057e-08	 4.46088492324584853718e-08	 1.39513284094439711306e-07	 1.80156418908688006049e-09	 3.09084145082383890250e-09	 3.09053198744960949101e-09	 3.09083604171982904315e-09	 
 -6.19999999999999884537e-01	 1.24592152352196229523e-09	 1.24290763255600090510e-09	 1.24587791648099301981e-09	 1.43724112877469653179e-07	 1.43744046935973287425e-07	 1.43707113378562652325e-07	 1.45313710306955720796e-07	 4.83689864581384325384e-08	 4.55810786247438357197e-08	 1.42583240718729661303e-07	 1.83872341196018615828e-09	 3.15634296743289054267e-09	 3.15602685267978987567e-09	 3.15633752230778096532e-09	 
 -5.99999999999999977796e-01	 1.27198592398206700167e-09	 1.26890845645673305173e-09	 1.27194371272863106547e-09	 1.46844015189688994585e-07	 1.46865376943366585983e-07	 1.46825764362390325973e-07	 1.48459922555962835568e-07	 4.94097416126923659409e-08	 4.65615019579584961106e-08	 1.45680438422255339690e-07	 1.87619043104376706490e-09	 3.22244032433699363560e-09	 3.22211748852878216775e-09	 3.22243482853910330853e-09	 
 -5.79999999999999849010e-01	 1.29827238281423611221e-09	 1.29513072057655952344e-09	 1.29823143716633851890e-09	 1.49989145678409152395e-07	 1.50011940273743923533e-07	 1.49969651451283527346e-07	 1.51631386629797941288e-07	 5.04584804019485482042e-08	 4.75494023877308869459e-08	 1.48802713770497515399e-07	 1.91394508447775653991e-09	 3.28910028099032353346e-09	 3.28877065799079985129e-09	 3.28909472117687100700e-09	 
 -5.60000000000000053291e-01	 1.32476702320934014054e-09	 1.32156051648122617392e-09	 1.32472720405753408089e-09	 1.53157159724599119773e-07	 1.53181390459913835624e-07	 1.53136435720309531164e-07	 1.54825744022208632082e-07	 5.15143944908149953480e-08	 4.85440090520669041807e-08	 1.51947736488534643600e-07	 1.95196635086123967770e-09	 3.35628809916040672760e-09	 3.35595162670615211778e-09	 3.35628246394272920984e-09	 
 -5.40000000000000035527e-01	 1.35145539953742590481e-09	 1.34818337662059574548e-09	 1.35141655622526782792e-09	 1.56345550679476593441e-07	 1.56371217622537251448e-07	 1.56323612458437828341e-07	 1.58040474238767500215e-07	 5.25766200800859389962e-08	 4.95444987774572540627e-08	 1.55113013633191447659e-07	 1.99023239553538487646e-09	 3.42396733248165972392e-09	 3.42362395305100091938e-09	 3.42396161313338639142e-09	 
 -5.20000000000000017764e-01	 1.37832265176682622085e-09	 1.37498448746971828818e-09	 1.37828461025606883617e-09	 1.59551675859314167848e-07	 1.59578770913308261251e-07	 1.59528525204269323502e-07	 1.61272917090087123093e-07	 5.36442432428621619569e-08	 5.05500045681598900576e-08	 1.58295912872775762689e-07	 2.02872061270558125461e-09	 3.49209916588234639373e-09	 3.49174882895855481682e-09	 3.49209335714327856696e-09	 
 -5.00000000000000000000e-01	 1.40535333364419594745e-09	 1.40194845683809535463e-09	 1.40531589423564983165e-09	 1.62772708528902377998e-07	 1.62801213962500963197e-07	 1.62748329475518709696e-07	 1.64520229070322346539e-07	 5.47162876325381196027e-08	 5.15596002747824491909e-08	 1.61493616934534508029e-07	 2.06740757325435324288e-09	 3.56064303019931565621e-09	 3.56028569333602307867e-09	 3.56063713134973589188e-09	 
 -4.79999999999999926725e-01	 1.43253135882409335257e-09	 1.42905925920199491323e-09	 1.43249429536478301773e-09	 1.66005646951730002068e-07	 1.66035528656790353528e-07	 1.65980001208692227326e-07	 1.67779386621504714565e-07	 5.57917167336910216065e-08	 5.25723020425198557061e-08	 1.64703136084472907925e-07	 2.10626922154754599269e-09	 3.62955676092735721734e-09	 3.62919238993219068351e-09	 3.62955077530633267286e-09	 
 -4.59999999999999964473e-01	 1.45983982013008637394e-09	 1.45630005235189290030e-09	 1.45980288345339972304e-09	 1.69247353260399835124e-07	 1.69278540407385037753e-07	 1.69220374702784066152e-07	 1.71047209534581683682e-07	 5.68694448627644340500e-08	 5.35870769496852404635e-08	 1.67921356251162268701e-07	 2.14528131243594154508e-09	 3.69879694470767605177e-09	 3.69842551143538632637e-09	 3.69879087506216393998e-09	 
 -4.40000000000000002220e-01	 1.48726111286162912997e-09	 1.48365330635955827225e-09	 1.48722402983420397273e-09	 1.72494487601970700771e-07	 1.72526865100879010417e-07	 1.72466076143109831254e-07	 1.74320310683672453942e-07	 5.79483173007672405099e-08	 5.46028259847385707364e-08	 1.71144963529182152665e-07	 2.18441893171743476081e-09	 3.76831836983942485417e-09	 3.76793985263594179060e-09	 3.76831221807998243387e-09	 
 -4.19999999999999984457e-01	 1.51477697918549448684e-09	 1.51110085338131762540e-09	 1.51473946607546784644e-09	 1.75743510753296692579e-07	 1.75776927945404256309e-07	 1.75713536619284361568e-07	 1.77595102650136719949e-07	 5.90271139931270353993e-08	 5.56183882663101828594e-08	 1.74370447598339652716e-07	 2.22365639287300133874e-09	 3.83807414453729741716e-09	 3.83768852910957530519e-09	 3.83806791212494940246e-09	 
 -3.99999999999999911182e-01	 1.54236861221264127273e-09	 1.53862400512540198924e-09	 1.54233042575261309172e-09	 1.78990710095471410867e-07	 1.79025033169579560126e-07	 1.78959046370503529649e-07	 1.80867834915332372346e-07	 6.01045657318377947292e-08	 5.66325583618627450230e-08	 1.77594129517470413743e-07	 2.26296689755662627912e-09	 3.90801598712077168326e-09	 3.90762326848036218129e-09	 3.90800967711883175307e-09	 
 -3.80000000000000004441e-01	 1.57001640321098693800e-09	 1.56620329127187787662e-09	 1.56997735603989599576e-09	 1.82232139485636772973e-07	 1.82267257938403164899e-07	 1.82198664495174297546e-07	 1.84134520934393814417e-07	 6.11793265964698144849e-08	 5.76440580292808720191e-08	 1.80812100372043853231e-07	 2.30232275639220363473e-09	 3.97809356969705238163e-09	 3.97769375319251360223e-09	 3.97808718712085886493e-09	 
 -3.59999999999999931166e-01	 1.59769999900749118518e-09	 1.59381851148135077894e-09	 1.59765997827923515139e-09	 1.85463627400034757429e-07	 1.85499460574330835463e-07	 1.85428231552143854969e-07	 1.87390958937601726877e-07	 6.22499795643306005320e-08	 5.86515413875174449573e-08	 1.84020233874273183609e-07	 2.34169546208967322148e-09	 4.04825465028937609719e-09	 4.04784775237096386029e-09	 4.04824820340874988603e-09	 
 -3.39999999999999968914e-01	 1.62539848355834761230e-09	 1.62144890110192294610e-09	 1.62535747656507233185e-09	 1.88680824643171059999e-07	 1.88717327183568507226e-07	 1.88643428394712318814e-07	 1.90632812980503095274e-07	 6.33150595193836332659e-08	 5.96536163261461810414e-08	 1.87214245134108357578e-07	 2.38105587550152867759e-09	 4.11844550910168726876e-09	 4.11803155728675992694e-09	 4.11843901319447891471e-09	 
 -3.20000000000000006661e-01	 1.65308994042111585856e-09	 1.64907271672289186760e-09	 1.65304806040900093878e-09	 1.91879109720400508006e-07	 1.91916280522414259803e-07	 1.91839671307930754971e-07	 1.93855483957210800445e-07	 6.43730154420239366610e-08	 6.06488091286545353353e-08	 1.90389585913073620887e-07	 2.42037373261805296115e-09	 4.18860988264529005370e-09	 4.18818891660553897284e-09	 4.18860336151974530105e-09	 
 -2.99999999999999933387e-01	 1.68075159811645319188e-09	 1.67666730392713542396e-09	 1.68070903732460150350e-09	 1.95053626765572849725e-07	 1.95091503236971636200e-07	 1.95012135640215360488e-07	 1.97054135922172365371e-07	 6.54222186345589660644e-08	 6.16355722145866843441e-08	 1.93541463979869879611e-07	 2.45961775861969175706e-09	 4.25868911546955340825e-09	 4.25826118704516347245e-09	 4.25868260039501102589e-09	 
 -2.80000000000000026645e-01	 1.70836031005985604856e-09	 1.70420937341295520738e-09	 1.70831710141219526706e-09	 1.98199419703147405640e-07	 1.98238032118870607001e-07	 1.98155851304961857754e-07	 2.00223798328554354481e-07	 6.64609947399543310216e-08	 6.26123143153013104156e-08	 1.96664927443068953060e-07	 2.49875605356636289112e-09	 4.32862282524563661859e-09	 4.32818799554270863358e-09	 4.32861634700707149594e-09	 
 -2.59999999999999953371e-01	 1.73589167797136676968e-09	 1.73167433299727833330e-09	 1.73584765561204474368e-09	 2.01311233750730164975e-07	 2.01350603394561396830e-07	 2.01265546439809620192e-07	 2.03359203070067872252e-07	 6.74875725076360148502e-08	 6.35773521320910894774e-08	 1.99754719989708305923e-07	 2.53775519445395608614e-09	 4.39834724918364115124e-09	 4.39790558887820801639e-09	 4.39834083746215316872e-09	 
 -2.39999999999999907851e-01	 1.76331997981712937182e-09	 1.75903631071474242711e-09	 1.76327483509152317420e-09	 2.04383550715155655800e-07	 2.04423689752302147066e-07	 2.04335691930203987401e-07	 2.06454808891196871027e-07	 6.85000951170503300095e-08	 6.45289214689298138423e-08	 2.02805312203643120583e-07	 2.57658032496936072245e-09	 4.46779529578235657203e-09	 4.46734688752762775546e-09	 4.46778898045345869661e-09	 
 -2.19999999999999945599e-01	 1.79061817609518547987e-09	 1.78626841208307903636e-09	 1.79057176450401759856e-09	 2.07410722006027884419e-07	 2.07451638242611075209e-07	 2.07360658911708442341e-07	 2.09504906150600630390e-07	 6.94966624750456518276e-08	 6.54652182840112135235e-08	 2.05811025654463951155e-07	 2.61519561021061994574e-09	 4.53689719983145435522e-09	 4.53644214601970901218e-09	 4.53689101726689933349e-09	 
 -1.99999999999999983347e-01	 1.81775735580008407992e-09	 1.81334189491637072702e-09	 1.81770973777030922525e-09	 2.10386759023439429026e-07	 2.10428455010477499250e-07	 2.10334482701609762282e-07	 2.12503436813937570481e-07	 7.04752644719724547139e-08	 6.63843344641771401318e-08	 2.08765830861476311700e-07	 2.65356302064407332390e-09	 4.60557843258380945286e-09	 4.60511685779139011529e-09	 4.60557242667317937425e-09	 
 -1.79999999999999993339e-01	 1.84470673615733648351e-09	 1.84022615806873656918e-09	 1.84465815252840900910e-09	 2.13305375863433914197e-07	 2.13347859691290088224e-07	 2.13250896505601590990e-07	 2.15444057465035251071e-07	 7.14337981756367663293e-08	 6.72842745740027261738e-08	 2.11663402911593067195e-07	 2.69164248059652285708e-09	 4.67375984274093400356e-09	 4.67329189261455128280e-09	 4.67375406398473602033e-09	 
 -1.59999999999999920064e-01	 1.87143398805565593798e-09	 1.86688903581610662304e-09	 1.87138466346900883646e-09	 2.16160147526983402876e-07	 2.16203473939556489234e-07	 2.16103465435224962623e-07	 2.18320351936401025999e-07	 7.23701270216798906462e-08	 6.81630129017589818178e-08	 2.14497315500958336300e-07	 2.72939264418897537968e-09	 4.74135886251323375479e-09	 4.74088469318667430466e-09	 4.74135336203930631421e-09	 
 -1.39999999999999902300e-01	 1.89790411974356406496e-09	 1.89329572189859377383e-09	 1.89785425589081608074e-09	 2.18944258492773898723e-07	 2.18988537464350176103e-07	 2.18885361951267951726e-07	 2.21125519489247520530e-07	 7.32819910565463721940e-08	 6.90184075074278293284e-08	 2.17260748576312073459e-07	 2.76676906176170352349e-09	 4.80828632006940530678e-09	 4.80780609797535567884e-09	 4.80828114911990817988e-09	 
 -1.20000000000000009437e-01	 1.92407979484859188339e-09	 1.91940905708543784134e-09	 1.92402956975043172060e-09	 2.21650564364235348134e-07	 2.21695965211622030769e-07	 2.21589445337728433516e-07	 2.23852457963083821362e-07	 7.41670323835102888937e-08	 6.98482245325946731235e-08	 2.19946572634111773886e-07	 2.80372429247030148176e-09	 4.87444695817294368576e-09	 4.87396085948790498897e-09	 4.87444216772307981727e-09	 
 -1.00000000000000005551e-01	 1.94992261973440379429e-09	 1.94519073574581007724e-09	 1.94987220298711202982e-09	 2.24271801791078378445e-07	 2.24318543793649934907e-07	 2.24208517781393810859e-07	 2.26494027670496731030e-07	 7.50228755176615447374e-08	 7.06502144354890686711e-08	 2.22547617514677841051e-07	 2.84020877530830477237e-09	 4.93974196086651490014e-09	 4.93925016992381709104e-09	 4.93973760160868162801e-09	 
 -8.00000000000000155431e-02	 1.97539080120236945832e-09	 1.97059905444937215745e-09	 1.97534035033038424230e-09	 2.26800266325435251115e-07	 2.26848625917292885834e-07	 2.26734951640504430153e-07	 2.29042671619797081834e-07	 7.58470101415843106853e-08	 7.14220009795792197255e-08	 2.25056285718273167964e-07	 2.87616861024797945917e-09	 5.00406386619235597262e-09	 5.00356657478760738218e-09	 5.00405998791197604445e-09	 
 -5.99999999999999630851e-02	 2.00043946746547609392e-09	 1.99558925143245503415e-09	 2.00038912329921004364e-09	 2.29227928710458807198e-07	 2.29278216335190564009e-07	 2.29160792522453346012e-07	 2.31490492825009351085e-07	 7.66368276694330157717e-08	 7.21611159698327535228e-08	 2.27464669241042650004e-07	 2.91154614977186932993e-09	 5.06729751439314996608e-09	 5.06679492319805771139e-09	 5.06729416490255649791e-09	 
 -3.99999999999999383826e-02	 2.02502207818199790745e-09	 2.02011496290438926223e-09	 2.02497195810671957912e-09	 2.31546779717407492872e-07	 2.31599237622218300656e-07	 2.31478067433862750888e-07	 2.33829494028100120396e-07	 7.73897267597738286959e-08	 7.28650988598149878896e-08	 2.29764892320362443890e-07	 2.94628227999356712705e-09	 5.12932398318170656376e-09	 5.12881630849559336369e-09	 5.12932120616773636816e-09	 
 -2.00000000000000281719e-02	 2.04908781061115822696e-09	 2.04412556033516916215e-09	 2.04903800287209265348e-09	 2.33748346857163693749e-07	 2.33803135901663031267e-07	 2.33678344303586071474e-07	 2.36051215169936289062e-07	 7.81029646679288593174e-08	 7.35313564746864017923e-08	 2.31948633119158159903e-07	 2.98031244801504071418e-09	 5.19001360429407143109e-09	 5.18950107883988722618e-09	 5.19001143807533947052e-09	 
 -4.82163733276643543166e-17	 2.07258209287919019847e-09	 2.06756662446150530263e-09	 2.07253257699934524489e-09	 2.35823850557855971604e-07	 2.35881058018472827390e-07	 2.35752870469427947414e-07	 2.38146917738614250319e-07	 7.87737094655060452164e-08	 7.41572122339516067910e-08	 2.34007242711657405289e-07	 3.01356571614405076327e-09	 5.24922699927998141430e-09	 5.24870987222462471286e-09	 5.24922547457292735570e-09	 
 2.00000000000001253164e-02	 2.09544864410408512355e-09	 2.09038183260060916890e-09	 2.09539902456068036616e-09	 2.37764627996828932744e-07	 2.37824332595941556883e-07	 2.37692950539552721701e-07	 2.40108080806426473098e-07	 7.93991772888673537302e-08	 7.47400347534459019789e-08	 2.35932070130779650797e-07	 3.04596326548317197612e-09	 5.30681944915119141951e-09	 5.30629798399000232566e-09	 5.30681858444003624438e-09	 
 4.00000000000001187939e-02	 2.11762607205984715179e-09	 2.11250972646451509881e-09	 2.11757551300983779391e-09	 2.39561553544809769716e-07	 2.39623823801586528062e-07	 2.39489419650699014188e-07	 2.41925739711236040911e-07	 7.99764451834500256471e-08	 7.52770621996846353944e-08	 2.37713997486896265807e-07	 3.07741834177066897797e-09	 5.36263320828631105358e-09	 5.36210768315395303839e-09	 5.36263300739094753374e-09	 
 6.00000000000000255351e-02	 2.13904853616423702467e-09	 2.13388451024262500638e-09	 2.13899578405229162084e-09	 2.41205292044046079238e-07	 2.41270150492435366311e-07	 2.41132878934931356302e-07	 2.43590679089569605714e-07	 8.05025242507847869514e-08	 7.57654756553771246958e-08	 2.39343647287314282760e-07	 3.10784067567707555958e-09	 5.41649974927005775969e-09	 5.41597045450340038549e-09	 5.41650019857465791551e-09	 
 7.99999999999999322764e-02	 2.15964814197461378302e-09	 2.15443878835466046537e-09	 2.15959177779465258316e-09	 2.42686927453699309293e-07	 2.42754229559838500090e-07	 2.42614281533812648573e-07	 2.45093904908408008367e-07	 8.09745351859687995186e-08	 7.62025747221791930213e-08	 2.40811897482652128047e-07	 3.13714869420099868605e-09	 5.46824727910067299816e-09	 5.46771450778972745601e-09	 5.46824834419279536714e-09	 
 9.99999999999999500400e-02	 2.17935112837739071778e-09	 2.17409936584177056197e-09	 2.17928954917925370485e-09	 2.43997139620512632500e-07	 2.44066551580521835830e-07	 2.43924158350537463260e-07	 2.46426005415634227318e-07	 8.13894743278932837186e-08	 7.65855448900061267943e-08	 2.42109189869800939739e-07	 3.16525412646874776401e-09	 5.51768947882446960076e-09	 5.51715352508520581290e-09	 5.51769110114906402890e-09	 
 1.20000000000000023315e-01	 2.19807931325980086935e-09	 2.19278864643590892150e-09	 2.19801080807796481600e-09	 2.45126434849604440163e-07	 2.45197481105012040899e-07	 2.45052927017084777563e-07	 2.47577503712533901319e-07	 8.17443143905953153518e-08	 7.69115523476413767082e-08	 2.43225916628654562299e-07	 3.19206181315877056487e-09	 5.56462909099441742857e-09	 5.56409025048035209624e-09	 5.56463118930259220858e-09	 
 1.40000000000000041078e-01	 2.21575442102671453396e-09	 2.21042883273248956129e-09	 2.21567748548644734974e-09	 2.46065646609365521956e-07	 2.46137939819575468249e-07	 2.45991595245743590848e-07	 2.48539670353227715727e-07	 8.20362265424353930390e-08	 7.71779507827173999705e-08	 2.44153323608496143971e-07	 3.21747007643107217175e-09	 5.60886865836531586681e-09	 5.60832723460040889433e-09	 5.60887114257287209002e-09	 
 1.59999999999999975575e-01	 2.23229211444315520901e-09	 2.22693611604762458371e-09	 2.23220549037204439231e-09	 2.46805251899295994531e-07	 2.46878505048660799749e-07	 2.46730835644492915006e-07	 2.49303470006962111195e-07	 8.22622869551672421179e-08	 7.73820072934940276266e-08	 2.44882346830885316105e-07	 3.24136905862741402049e-09	 5.65019574744095348899e-09	 5.64965205108762593353e-09	 5.65019851767672946702e-09	 
 1.79999999999999937828e-01	 2.24760419376189399535e-09	 2.24222293244794440900e-09	 2.24750710958109503334e-09	 2.47335930487175919244e-07	 2.47409912017700197668e-07	 2.47261441480262325580e-07	 2.49859901371513097801e-07	 8.24196114368295266287e-08	 7.75210312933181159181e-08	 2.45404037434888519824e-07	 3.26364357399172185567e-09	 5.68838873059511133586e-09	 5.68784307921164160558e-09	 5.68839168077295279922e-09	 
 2.00000000000000094369e-01	 2.26160464753469898551e-09	 2.25620414847721405663e-09	 2.26149755146649293818e-09	 2.47649805278268274429e-07	 2.47724147616209222177e-07	 2.47575301271500633656e-07	 2.50200674862742933690e-07	 8.25056296165916934231e-08	 7.75926352968746700282e-08	 2.45710450258910482199e-07	 3.28418100871264586420e-09	 5.72323258188154577047e-09	 5.72268530110433240427e-09	 5.72323561465619621903e-09	 
 2.20000000000000001110e-01	 2.27420178169285731485e-09	 2.26878904208075281705e-09	 2.27408650712305002638e-09	 2.47738836750578214944e-07	 2.47813022953860845800e-07	 2.47664116729433312178e-07	 2.50317294895915812700e-07	 8.25177187816539888181e-08	 7.75943859506027562154e-08	 2.45793465974064492091e-07	 3.30286101439095268471e-09	 5.75449846544478289229e-09	 5.75394988829759167287e-09	 5.75450149370583630167e-09	 
 2.39999999999999963363e-01	 2.28530158539165087731e-09	 2.27988424284786089873e-09	 2.28518087008269170548e-09	 2.47595258245146340748e-07	 2.47668680612165715715e-07	 2.47519930965271910623e-07	 2.50201577549121619745e-07	 8.24533754540528858479e-08	 7.75239654198514467446e-08	 2.45645273618871319850e-07	 3.31955933616179843110e-09	 5.78195107874892378345e-09	 5.78140154580263533875e-09	 5.78195401711675774398e-09	 
 2.59999999999999953371e-01	 2.29481639620971557089e-09	 2.28940133516437466937e-09	 2.29469178148347411889e-09	 2.47212351151643044390e-07	 2.47284553510422345408e-07	 2.47136144815531649483e-07	 2.49846655370821620616e-07	 8.23105374983901260097e-08	 7.73794705640969356020e-08	 2.45259269760581491426e-07	 3.33415779663219505209e-09	 5.80536757841248133391e-09	 5.80481744038230177570e-09	 5.80537030989237730687e-09	 
 2.80000000000000082157e-01	 2.30265397688283402156e-09	 2.29724721877810878140e-09	 2.30252566516524414694e-09	 2.46583350485894895752e-07	 2.46654041579343744652e-07	 2.46506123114290281355e-07	 2.49245605120931241709e-07	 8.20871396240737324503e-08	 7.71589979310323827078e-08	 2.44628810527911284585e-07	 3.34653167691842885298e-09	 5.82451359399977130992e-09	 5.82396321126803835591e-09	 5.82451596637727989373e-09	 
 2.99999999999999988898e-01	 2.30872125803686227546e-09	 2.30332807274487316378e-09	 2.30858831921112255327e-09	 2.45702155717274188523e-07	 2.45771141805369798249e-07	 2.45623867283537976256e-07	 2.48392138867270936071e-07	 8.17813262101575307369e-08	 7.68608461563799768261e-08	 2.43747922942467065703e-07	 3.35655488487331325766e-09	 5.83915319545658168336e-09	 5.83860294505672584237e-09	 5.83915502829159608178e-09	 
 3.20000000000000006661e-01	 2.31293351356618191592e-09	 2.30755909803216127357e-09	 2.31279497273502083641e-09	 2.44564635702066162751e-07	 2.44631546898423849630e-07	 2.44485219994172478673e-07	 2.47281873553185299402e-07	 8.13918193066020879415e-08	 7.64838630398624469956e-08	 2.42612609027580836488e-07	 3.36411277273294478532e-09	 5.84907328677615157540e-09	 5.84852358802959089903e-09	 5.84907440498370828961e-09	 
 3.39999999999999968914e-01	 2.31520273368704383219e-09	 2.30985218874823282729e-09	 2.31505756633001406566e-09	 2.43166770507144945448e-07	 2.43231048419586377820e-07	 2.43086133097155462962e-07	 2.45910526645262987767e-07	 8.09173835094575834799e-08	 7.60269386829013579219e-08	 2.41218987704482295174e-07	 3.36908607762484341861e-09	 5.85405271695222220239e-09	 5.85350403418558028690e-09	 5.85405295133124149600e-09	 
 3.59999999999999931166e-01	 2.31544166507391468022e-09	 2.31012005333780435882e-09	 2.31528866027686645141e-09	 2.41505390287424328126e-07	 2.41566338978108664612e-07	 2.41423460002820360001e-07	 2.44274806216667659286e-07	 8.03570880215148331674e-08	 7.54892517442557089611e-08	 2.39563962093515224766e-07	 3.37135759486632054785e-09	 5.85387505369617935748e-09	 5.85332790148036362075e-09	 5.85387424824187091166e-09	 
 3.80000000000000059952e-01	 2.31357324939721498586e-09	 2.30828586114700364934e-09	 2.31341055469637991081e-09	 2.39579329889228455790e-07	 2.39636328982656012650e-07	 2.39496240801196672243e-07	 2.42373951622896916675e-07	 7.97107257568481713540e-08	 7.48706573279723043758e-08	 2.37646197945554111360e-07	 3.37082806853246197909e-09	 5.84835851983609610506e-09	 5.84781347409596124324e-09	 5.84835655528243576791e-09	 
 4.00000000000000077716e-01	 2.30951833208501658577e-09	 2.30427069070457333584e-09	 2.30934339502216899464e-09	 2.37387610158277604859e-07	 2.37440117029503495804e-07	 2.37303711883490544766e-07	 2.40207419652473409455e-07	 7.89781622292197808783e-08	 7.41710796722480211286e-08	 2.35464535650542775595e-07	 3.36739598293405518383e-09	 5.83731722759945251025e-09	 5.83677492957473004561e-09	 5.83731402427391990274e-09	 
 4.19999999999999984457e-01	 2.30320422553159110558e-09	 2.29800217935300943145e-09	 2.30301422194106664987e-09	 2.34930428522716225158e-07	 2.34977936667533914843e-07	 2.34846203328727431096e-07	 2.37775696297544840524e-07	 7.81596425776906493443e-08	 7.33908009057135114494e-08	 2.33018936403726670203e-07	 3.36096537762201364957e-09	 5.82057751000865194419e-09	 5.82003866468320207062e-09	 5.82057303818251978058e-09	 
 4.39999999999999946709e-01	 2.29458452110027638470e-09	 2.28943454726010548847e-09	 2.29437796609674308249e-09	 2.32210679548352176993e-07	 2.32252566271468708593e-07	 2.32126423543233406507e-07	 2.35081373729654948560e-07	 7.72562339786110041453e-08	 7.25308705614983998336e-08	 2.30311910626032385571e-07	 3.35146375237824588129e-09	 5.79801477891510972974e-09	 5.79748013944324781314e-09	 5.79800908600530390404e-09	 
 4.60000000000000131006e-01	 2.28361269086506292614e-09	 2.27852192889241779631e-09	 2.28338950951335971941e-09	 2.29231442601654528496e-07	 2.29266962463368426143e-07	 2.29147260632602609930e-07	 2.32127238736170801253e-07	 7.62690745845678738312e-08	 7.15924042530742340434e-08	 2.27346135730857789069e-07	 3.33881848004871815308e-09	 5.76950388828287783196e-09	 5.76897425899367619701e-09	 5.76949710393250171501e-09	 
 4.80000000000000037748e-01	 2.27024850365917905490e-09	 2.26522452724024121309e-09	 2.27000994379993935895e-09	 2.25997086487786742559e-07	 2.26025471042573121908e-07	 2.25912868352377131395e-07	 2.28917423428301055222e-07	 7.51997261290462077485e-08	 7.05769215505147061088e-08	 2.24125731383491025175e-07	 3.32296640178052637231e-09	 5.73493803694508469040e-09	 5.73441425241962650201e-09	 5.73493035710131234083e-09	 
 5.00000000000000000000e-01	 2.25447158152649810554e-09	 2.24952154062102294467e-09	 2.25421970231034606166e-09	 2.22514740592368958769e-07	 2.22535555986409732623e-07	 2.22430103650517985143e-07	 2.25459016669456446322e-07	 7.40506228601739994644e-08	 6.94867756618458261433e-08	 2.20658164079331864050e-07	 3.30387508788947949618e-09	 5.69426954277451725958e-09	 5.69375238964340761405e-09	 5.69426116125184597608e-09	 
 5.20000000000000128786e-01	 2.23626189050865717329e-09	 2.23139250070922967759e-09	 2.23599960626586667958e-09	 2.18791572930942837359e-07	 2.18804720036932935669e-07	 2.18705856189917816708e-07	 2.21759172003707816524e-07	 7.28242249666606241207e-08	 6.83243424261731991368e-08	 2.16950933895174796121e-07	 3.28151345430230206192e-09	 5.64745176361962485585e-09	 5.64694197946536925732e-09	 5.64744287306600889771e-09	 
 5.40000000000000035527e-01	 2.21560957312292849343e-09	 2.21082686652026604422e-09	 2.21534039159623752185e-09	 2.14836085769771150786e-07	 2.14841805030833792360e-07	 2.14748443894179016752e-07	 2.17826452579481106460e-07	 7.15234343758415391717e-08	 6.70924100355464468666e-08	 2.13012877402044777539e-07	 3.25586345784051852560e-09	 5.59446327703386956376e-09	 5.59396154025138331104e-09	 5.59445406396984918372e-09	 
 5.60000000000000053291e-01	 2.19253562092379229829e-09	 2.18784416600242172995e-09	 2.19226262773430015591e-09	 2.10659661107284448153e-07	 2.10658523852334894454e-07	 2.10569411378683939305e-07	 2.13672514774807209727e-07	 7.01520712132068860764e-08	 6.57946139913512945680e-08	 2.08855712227876309391e-07	 3.22694510743566259444e-09	 5.53535821319782595339e-09	 5.53486511443544860101e-09	 5.53534883872528750380e-09	 
 5.79999999999999849010e-01	 2.16706098214610188337e-09	 2.16246385249288205252e-09	 2.16678685161262742923e-09	 2.06273413470220969873e-07	 2.06266320294821171147e-07	 2.06180028456823668243e-07	 2.09308787118177990468e-07	 6.87138872566792025678e-08	 6.44345224140855499969e-08	 2.04490881238042615111e-07	 3.19477995804816129170e-09	 5.47019057960146955764e-09	 5.46970662047921877824e-09	 5.47018117991884500888e-09	 
 5.99999999999999977796e-01	 2.13921664823228209752e-09	 2.13471591863006179761e-09	 2.13894398747532053680e-09	 2.01689738947887734875e-07	 2.01677897522054580497e-07	 2.01592832555710758378e-07	 2.04747929064578329877e-07	 6.72130353724103459979e-08	 6.30160792169207523871e-08	 1.99931109264358655669e-07	 3.15940345105365390853e-09	 5.39904121661589208959e-09	 5.39856682014980964745e-09	 5.39903191013650894064e-09	 
 6.20000000000000106581e-01	 2.10906319666388002590e-09	 2.10466174844303865969e-09	 2.10879567480301506802e-09	 1.96923992864650168238e-07	 1.96908818751725628616e-07	 1.96823280035491472805e-07	 2.00005307629360036718e-07	 6.56545228862279950882e-08	 6.15440239395570848983e-08	 1.95192074931897253222e-07	 3.12088969416802499685e-09	 5.32207028006095660700e-09	 5.32160583354913673029e-09	 5.32206119049655181758e-09	 
 6.39999999999999902300e-01	 2.07665909549287633668e-09	 2.07236061176487761612e-09	 2.07640147524993224990e-09	 1.91990792155680475103e-07	 1.91973911270423252786e-07	 1.91886080401041381651e-07	 1.95095616640146048660e-07	 6.40431466156558259842e-08	 6.00228941200490731876e-08	 1.90288713150291764329e-07	 3.07931261294740792532e-09	 5.23943252710111397657e-09	 5.23897838209593655863e-09	 5.23942378451450318755e-09	 
 6.60000000000000031086e-01	 2.04207385307602180758e-09	 2.03788241852711312716e-09	 2.04183134986340620337e-09	 1.86905892155519588383e-07	 1.86888934558119987005e-07	 1.86797042127218732318e-07	 1.90034523836862580440e-07	 6.23840349762912360032e-08	 5.84575368946230871616e-08	 1.85236763776637170783e-07	 3.03476062848376975518e-09	 5.15130964709511494266e-09	 5.15086611813260595834e-09	 5.15130138766498697753e-09	 
 6.80000000000000159872e-01	 2.00541248994219882433e-09	 2.00133127181853861299e-09	 2.00518852413257428517e-09	 1.81688051868418496095e-07	 1.81671939623583727665e-07	 1.81574856672875763683e-07	 1.84840045809188319760e-07	 6.06830958543669972495e-08	 5.68535226898793914087e-08	 1.80053850386677227988e-07	 2.98736458587702482516e-09	 5.05796933780933210445e-09	 5.05753670235693459913e-09	 5.05796170012136383577e-09	 
 6.99999999999999955591e-01	 1.96677410194269393537e-09	 1.96280537892504184315e-09	 1.96657037570268111958e-09	 1.76354673272068330862e-07	 1.76339662724519366586e-07	 1.76236854229089369571e-07	 1.79528964501597870756e-07	 5.89458466243802862621e-08	 5.52160502994242995599e-08	 1.74756296575885096272e-07	 2.93725143311283194272e-09	 4.95966422118008935742e-09	 4.95924272045788587758e-09	 4.95965734776797739772e-09	 
 7.20000000000000084377e-01	 1.92626661524231772571e-09	 1.92241181351892370628e-09	 1.92608338135273580496e-09	 1.70923756670283605300e-07	 1.70909599510324077133e-07	 1.70801115050553932803e-07	 1.74118695955185003460e-07	 5.71780256614406191919e-08	 5.35505292659474008572e-08	 1.69361340179232349788e-07	 2.88456037039711990811e-09	 4.85666933583666007740e-09	 4.85625917436128761471e-09	 4.85666335645495797736e-09	 
 7.39999999999999991118e-01	 1.88403163444501195768e-09	 1.88029145789929316831e-09	 1.88386848954826231982e-09	 1.65415236870247987878e-07	 1.65401663407193337580e-07	 1.65288162811603566970e-07	 1.68628553039706721338e-07	 5.53859949340163506289e-08	 5.18629626517146078651e-08	 1.63889149143309243459e-07	 2.82947089808706628099e-09	 4.74934475770915365914e-09	 4.74894610487061338446e-09	 4.74933973056396543137e-09	 
 7.60000000000000008882e-01	 1.84019944969825438143e-09	 1.83657390579070310682e-09	 1.84005536558320791330e-09	 1.59847051570335462092e-07	 1.59833769657086638883e-07	 1.59716478308167353940e-07	 1.63075993706552293076e-07	 5.35755299620447433218e-08	 5.01587966215357968364e-08	 1.58357866086124971295e-07	 2.77215315171603742231e-09	 4.63802176179272213251e-09	 4.63763475351714229445e-09	 4.63801767769407282589e-09	 
 7.80000000000000137668e-01	 1.79490611542320392415e-09	 1.79139429169759241028e-09	 1.79477901012925174214e-09	 1.54237293688543220261e-07	 1.54224058647876698308e-07	 1.54104634166662584848e-07	 1.57478879195379228183e-07	 5.17525045620373046496e-08	 4.84435750942305827451e-08	 1.52785835563618118062e-07	 2.71278511450202936225e-09	 4.52304527058384251299e-09	 4.52267001373410576649e-09	 4.52304205990557588675e-09	 
 7.99999999999999933387e-01	 1.74831925207845360855e-09	 1.74491861550838597105e-09	 1.74820457356554043101e-09	 1.48605257673398080614e-07	 1.48592107017489062243e-07	 1.48472239713078949337e-07	 1.51856917420587934496e-07	 4.99232298117818579422e-08	 4.67232674603493009535e-08	 1.47192805322276019272e-07	 2.65157881107223073022e-09	 4.40483664474436614570e-09	 4.40447323350325041861e-09	 4.40483419508698274725e-09	 
 8.20000000000000062172e-01	 1.70058863196026121320e-09	 1.69729509339715009223e-09	 1.70047946005039802435e-09	 1.42967639929870229250e-07	 1.42954867615359873208e-07	 1.42836290603766238686e-07	 1.46227309038844572585e-07	 4.80932453223259286835e-08	 4.50031113871367741786e-08	 1.41595884721173455418e-07	 2.58873046241432761752e-09	 4.28377204658368763185e-09	 4.28342056409813243783e-09	 4.28377020446819231561e-09	 
 8.39999999999999857891e-01	 1.65186596942081893156e-09	 1.64867451144461519328e-09	 1.65175425120853870833e-09	 1.37341348796134106005e-07	 1.37329451853399398979e-07	 1.37213652936119063677e-07	 1.40607047729052766881e-07	 4.62680958508151230344e-08	 4.32883500709423537603e-08	 1.36012017298430588037e-07	 2.52444069371063006458e-09	 4.16023437923500381201e-09	 4.15989489413115118055e-09	 4.16023296999363568317e-09	 
 8.60000000000000097700e-01	 1.60233126642694791028e-09	 1.59923800077446039510e-09	 1.60221178495577642461e-09	 1.31745246743030759709e-07	 1.31734783130958005426e-07	 1.31622025553188718076e-07	 1.35013625245820009194e-07	 4.44536276643677766600e-08	 4.15845072697239735404e-08	 1.30458921523781929196e-07	 2.45894224042366189229e-09	 4.03468348579599144034e-09	 4.03435604256075539660e-09	 4.03468237824064166146e-09	 
 8.80000000000000115463e-01	 1.55213968240884734382e-09	 1.54914168137356662483e-09	 1.55200970635025006034e-09	 1.26194920703721484532e-07	 1.26186511223471660131e-07	 1.26075974473729071592e-07	 1.29461569184739735115e-07	 4.26547611778219415628e-08	 3.98962330422728999647e-08	 1.24951172132199165310e-07	 2.39244516050936364812e-09	 3.90751563237615069227e-09	 3.90720025567901675482e-09	 3.90751473314342163489e-09	 
 8.99999999999999911182e-01	 1.50144557217332455459e-09	 1.49854087048563507560e-09	 1.50130427681846258208e-09	 1.20705617333181663180e-07	 1.20699887922994943910e-07	 1.20590109234430550849e-07	 1.23965326917353017030e-07	 4.08763519383763426291e-08	 3.82281055158183490299e-08	 1.19503450392696914442e-07	 2.32515715553782467147e-09	 3.77912544719714208145e-09	 3.77882214908981827374e-09	 3.77912471543800546048e-09	 
 9.20000000000000039968e-01	 1.45043146723196525123e-09	 1.44761942476998633583e-09	 1.45027866897548712920e-09	 1.15293251980545466112e-07	 1.15290632932177743016e-07	 1.15180736182608232621e-07	 1.18540495277407456229e-07	 3.91234082800551551932e-08	 3.65847973761808888804e-08	 1.14132371440042313080e-07	 2.25730496572378070110e-09	 3.64998038091274032984e-09	 3.64968918154826466686e-09	 3.64997988615388019509e-09	 
 9.39999999999999835687e-01	 1.39924789959988431537e-09	 1.39652904110025071606e-09	 1.39908395219700960421e-09	 1.09970085834176828762e-07	 1.09970851520814501099e-07	 1.09860445573466483310e-07	 1.13199212903776460080e-07	 3.73999142566953759189e-08	 3.49700278308789570610e-08	 1.08850792524997293671e-07	 2.18908743324613823765e-09	 3.52046615259531593646e-09	 3.52018708396958789559e-09	 3.52046606410829194842e-09	 
 9.60000000000000075495e-01	 1.34804106329191703184e-09	 1.34541674806733043601e-09	 1.34786720326043387551e-09	 1.04748183769331261390e-07	 1.04752361463358266257e-07	 1.04641435456302028806e-07	 1.07953455404683553043e-07	 3.57097578579513529265e-08	 3.33874339644673640781e-08	 1.03671178057227160097e-07	 2.12069978315996991911e-09	 3.39095522901053905453e-09	 3.39068829392440625194e-09	 3.39095576174910212476e-09	 
 9.80000000000000093259e-01	 1.29698132863210375886e-09	 1.29445297113858372203e-09	 1.29680092844301149432e-09	 9.96406445508231476298e-08	 9.96476587817596455201e-08	 9.95364100239147745870e-08	 1.02816215597391279027e-07	 3.40568280487808755148e-08	 3.18406448027125167742e-08	 9.86065583086123934013e-08	 2.05235692399436218642e-09	 3.26187384707023092323e-09	 3.26161888586917579595e-09	 3.26187510289249261002e-09	 
 9.99999999999999888978e-01	 1.24620099057389683696e-09	 1.24377011027963606888e-09	 1.24601930935703502435e-09	 9.46565904065743126940e-08	 9.46653592538964711850e-08	 9.45541504510173858263e-08	 9.77966854980936559047e-08	 3.24439655477602933313e-08	 3.03323199864033867572e-08	 9.36660183421478670962e-08	 1.98424138018189134075e-09	 3.13355263821325758953e-09	 3.13330935541452205248e-09	 3.13355462527624112788e-09	 
 1.02000000000000001776e+00	 1.19582753858512430933e-09	 1.19349536533186340906e-09	 1.19565088245204343252e-09	 8.98048334468130482818e-08	 8.98139329444317215937e-08	 8.97032974167613044753e-08	 9.29037556373698139584e-08	 3.08739391235175996159e-08	 2.88650551352825089960e-08	 8.88581364257410643843e-08	 1.91653172640416548726e-09	 3.00630978488925158608e-09	 3.00607777510416617050e-09	 3.00631241951630257860e-09	 
 1.04000000000000003553e+00	 1.14601484543195457334e-09	 1.14378097756022931107e-09	 1.14584817824177723999e-09	 8.50945199545389752556e-08	 8.51025896250520641527e-08	 8.49932997314796651973e-08	 8.81466364839534439331e-08	 2.93493962430139651183e-08	 2.74412966764090051012e-08	 8.41911433194241102266e-08	 1.84942682977576005756e-09	 2.88052666757739109184e-09	 2.88030546557141007574e-09	 2.88052974939084527685e-09	 
 1.06000000000000005329e+00	 1.09687318083859721264e-09	 1.09473590904006254970e-09	 1.09672048062012984116e-09	 8.05308253670907207800e-08	 8.05365272023505660209e-08	 8.04295546026278070852e-08	 8.35307087281712174532e-08	 2.78719879101394186316e-08	 2.60625859318348914492e-08	 7.96694869316932282326e-08	 1.78309044264112585126e-09	 2.75647555389390000712e-09	 2.75626464248253460250e-09	 2.75647878141108401746e-09	 
 1.08000000000000007105e+00	 1.04850653404393482832e-09	 1.04646331869225394885e-09	 1.04837047437356218012e-09	 7.61187655609051674523e-08	 7.61209747854396979256e-08	 7.60173509897049508692e-08	 7.90611839032150522598e-08	 2.64433835250988224676e-08	 2.47304782824503002390e-08	 7.52977638407695530848e-08	 1.71767134060087423074e-09	 2.63441425040622210703e-09	 2.63421308939291649198e-09	 2.63441727324707239586e-09	 
 1.09999999999999986677e+00	 1.00104131385146163664e-09	 9.99089834499885050072e-10	 1.00092159264354117295e-09	 7.18632485376185739810e-08	 7.18617574338023690894e-08	 7.17621616906610229200e-08	 7.47431912033346142604e-08	 2.50650871704846582969e-08	 2.34462931772842483849e-08	 7.10811872067825168766e-08	 1.65330056932183362157e-09	 2.51465861487283608993e-09	 2.51446673610757326803e-09	 2.51466118152743693973e-09	 
 1.11999999999999988454e+00	 9.54557209827869132402e-10	 9.52695347618778414680e-10	 9.54451155252261573338e-10	 6.77654549358432308899e-08	 6.77607553609975856219e-08	 6.76656058944326215049e-08	 7.05782159700345562444e-08	 2.37377120355608962655e-08	 2.22105731779341423247e-08	 6.70211794578786705373e-08	 1.59008115978574031848e-09	 2.39740670666104691280e-09	 2.39722369672082078156e-09	 2.39740863681532572853e-09	 
 1.14000000000000012434e+00	 9.09128765310836298944e-10	 9.07354706075142523562e-10	 9.09032975259000724209e-10	 6.38271728420814788076e-08	 6.38201177383525446112e-08	 6.37297037028373639267e-08	 6.65682462027853619485e-08	 2.24619874596126556756e-08	 2.10239862941963990389e-08	 6.31196263723114181707e-08	 1.52811485790353922124e-09	 2.28284565950003459751e-09	 2.28267115406713239570e-09	 2.28284685256751987942e-09	 
 1.15999999999999992006e+00	 8.64851592350664097737e-10	 8.63164251167416599504e-10	 8.64766191846953778387e-10	 6.00512271078539119550e-08	 6.00422810996116861991e-08	 5.99570187121926718244e-08	 6.27161542057615678235e-08	 2.12383769066358718655e-08	 1.98868925089654484993e-08	 5.93791363637607366064e-08	 1.46750976011596327505e-09	 2.17122067008825992444e-09	 2.17105437775925492047e-09	 2.17122118040917208484e-09	 
 1.18000000000000015987e+00	 8.21770928970102186336e-10	 8.20169888172517521949e-10	 8.21698833900149169420e-10	 5.64365344272714779547e-08	 5.64258659030419802854e-08	 5.63462900925906672381e-08	 5.90209660259546234086e-08	 2.00665653574313110895e-08	 1.87990027307807911631e-08	 5.57984716791829486123e-08	 1.40834320285997997163e-09	 2.06264862849550281278e-09	 2.06249031653211203268e-09	 2.06264862979493986220e-09	 
 1.19999999999999973355e+00	 7.79928583179521384339e-10	 7.78413812573185816621e-10	 7.79874004079206603907e-10	 5.29824067961001559492e-08	 5.29701984278352042180e-08	 5.28966760269955386475e-08	 5.54823913788003692029e-08	 1.89464166913317809993e-08	 1.77601876648039647112e-08	 5.23770197810883841818e-08	 1.35068452481892326532e-09	 1.95723592146151210696e-09	 1.95708539326495782278e-09	 1.95723564964326679498e-09	 
 1.21999999999999997335e+00	 7.39389455438343602965e-10	 7.37960556421853777317e-10	 7.39354298465903558238e-10	 4.96880296292119470039e-08	 4.96752893270378750325e-08	 4.96071222258250730658e-08	 5.21011589356576821378e-08	 1.78773852489288902006e-08	 1.67697734707559157289e-08	 4.91147108258033240162e-08	 1.29458821277274380489e-09	 1.85514142647669576001e-09	 1.85499848178458380998e-09	 1.85514104980327700123e-09	 
 1.24000000000000021316e+00	 7.00167082225448676678e-10	 6.98823581965655858452e-10	 7.00151719445225800499e-10	 4.65491880494063622658e-08	 4.65375509598850973508e-08	 4.64732603190261505733e-08	 4.88742146789173685168e-08	 1.68583708967473953907e-08	 1.58267036520131647515e-08	 4.60079108936616628729e-08	 1.24008665125992673912e-09	 1.75639571792060381948e-09	 1.75626016102133890869e-09	 1.75639535995442241395e-09	 
 1.25999999999999978684e+00	 6.62276626287756816250e-10	 6.61017429783143627827e-10	 6.62280221054225312487e-10	 4.35630811584420792157e-08	 4.35543562044214641686e-08	 4.34921991293042617555e-08	 4.57994427163587729788e-08	 1.58886281691416779818e-08	 1.49302691626250237166e-08	 4.30541079024197109916e-08	 1.18720983302134785503e-09	 1.66103274305392808058e-09	 1.66090437619212243327e-09	 1.66103250913219035961e-09	 
 1.28000000000000002665e+00	 6.25760065515482825806e-10	 6.24581367012109094393e-10	 6.25780441670851566608e-10	 4.07282715319510601677e-08	 4.07232524064804318503e-08	 4.06624713752701304306e-08	 4.28754194737743228840e-08	 1.49670038219072983444e-08	 1.40792245572675769198e-08	 4.02514825692785840715e-08	 1.13596710346599477888e-09	 1.56914808307000002017e-09	 1.56902668154777880183e-09	 1.56914810179988681936e-09	 
 1.30000000000000026645e+00	 5.90606865102168783217e-10	 5.89503030964733030151e-10	 5.90640925828103564732e-10	 3.80398179364915773180e-08	 3.80386522729748718739e-08	 3.79791385528636951174e-08	 4.00972312599386512422e-08	 1.40919944681491636420e-08	 1.32721762508352228884e-08	 3.75949278477039297345e-08	 1.08635462210006969433e-09	 1.48070746696907524778e-09	 1.48059279573330770420e-09	 1.48070789183828778866e-09	 
 1.32000000000000006217e+00	 5.56811750810179469029e-10	 5.55776766392303769427e-10	 5.56856380005500008870e-10	 3.54941937464422115967e-08	 3.54966640832372351291e-08	 3.54386162153670411127e-08	 3.74613095754195007496e-08	 1.32625524054322065567e-08	 1.25081397134132366569e-08	 3.50806867577473837127e-08	 1.03837427747628523004e-09	 1.39569475968667522661e-09	 1.39558658975507765717e-09	 1.39569575863026767545e-09	 
 1.34000000000000007994e+00	 5.24396348479830159136e-10	 5.23427263018134331295e-10	 5.24450756118137087775e-10	 3.30885742517093159340e-08	 3.30944357451873416152e-08	 3.30377918771511465621e-08	 3.49647761290693953688e-08	 1.24771154515107356040e-08	 1.17853586790650855654e-08	 3.27052167108097437734e-08	 9.92013324133531198319e-10	 1.31417170276408020938e-09	 1.31406984816570708357e-09	 1.31417341686637861224e-09	 
 1.35999999999999987566e+00	 4.93329108646000004980e-10	 4.92425188148241842624e-10	 4.93394170219335784864e-10	 3.08169553756129152127e-08	 3.08259762485215378288e-08	 3.07704864822088949762e-08	 3.26014794190531913939e-08	 1.17339826346054984349e-08	 1.11022124298512548658e-08	 3.04621281505865690466e-08	 9.47249118192536970082e-10	 1.23606330667616354377e-09	 1.23596762476041674219e-09	 1.23606587479935408799e-09	 
 1.37999999999999989342e+00	 4.63590245576177571454e-10	 4.62751203386005830907e-10	 4.63667254388734657835e-10	 2.86751221238669776102e-08	 2.86870246523962259037e-08	 2.86323792240944838218e-08	 3.03672652551098776873e-08	 1.10319588985156534297e-08	 1.04575656946714255159e-08	 2.83469926196843508069e-08	 9.04066004210218549359e-10	 1.16131979030507017876e-09	 1.16123014357036891543e-09	 1.16132331651937926590e-09	 
 1.40000000000000013323e+00	 4.35194697599998600226e-10	 4.34416563871188479737e-10	 4.35282492958705159467e-10	 2.66595410267598001401e-08	 2.66737998390998715353e-08	 2.66199254660476245318e-08	 2.82596569199072175576e-08	 1.03691308810188143100e-08	 9.84933882333427193320e-09	 2.63562510703781198309e-08	 8.62428611036999627977e-10	 1.08996723889217667168e-09	 1.08988338652748645086e-09	 1.08997165436061579526e-09	 
 1.41999999999999992895e+00	 4.08100588613465442517e-10	 4.07377133585700185621e-10	 4.08196533382745444176e-10	 2.47637691274609538458e-08	 2.47797160763096776565e-08	 2.47266615533207868532e-08	 2.62726309642071979878e-08	 9.74368892979261493834e-09	 9.27585474702732529872e-09	 2.44834954687381305619e-08	 8.22294590697799262036e-10	 1.02189227983114648113e-09	 1.02181392969929166323e-09	 1.02189741312493449719e-09	 
 1.44000000000000016875e+00	 3.82278497715482694097e-10	 3.81602505864604432569e-10	 3.82379211967044154530e-10	 2.29833702845605137084e-08	 2.30001939724997417402e-08	 2.29481175575817273901e-08	 2.44018723047612083170e-08	 9.15438712242194787471e-09	 8.73595351399694781556e-09	 2.27243100812394313244e-08	 7.83636968794116706346e-10	 9.57016803508427924377e-10	 9.56943633244664182707e-10	 9.57022424886554264929e-10	 
 1.45999999999999996447e+00	 3.57726852811595838856e-10	 3.57092552169602041038e-10	 3.57829391650094178628e-10	 2.13143144252170236058e-08	 2.13309943277198785352e-08	 2.12802539823746216618e-08	 2.26434993031878961887e-08	 8.59912419435899018815e-09	 8.22734050958392385246e-09	 2.10747165304216737650e-08	 7.46427884875967435303e-10	 8.95338765119329500160e-10	 8.95270437773041552265e-10	 8.95344644222883815540e-10	 
 1.47999999999999998224e+00	 3.34388485946372523748e-10	 3.33790764748854873897e-10	 3.34490028546843561381e-10	 1.97499991831424673226e-08	 1.97653286219956762966e-08	 1.97164101688033209999e-08	 2.09905856146271930082e-08	 8.07610801778903391440e-09	 7.74836295114556079641e-09	 1.95281670940780683049e-08	 7.10624640490631078737e-10	 8.36713998514110166116e-10	 8.36650173893240048422e-10	 8.36719893936119410590e-10	 
 1.50000000000000000000e+00	 3.12225243433958327765e-10	 3.11659860567510352023e-10	 3.12323084456837024802e-10	 1.82859935626027942976e-08	 1.82988535054548080356e-08	 1.82521678387992515400e-08	 1.94387315252847722374e-08	 7.58413457750293248040e-09	 7.29789922504458333702e-09	 1.80802872570552320752e-08	 6.76190583664330618964e-10	 7.81046994174860517694e-10	 7.80987336535549786193e-10	 7.81052667065225235164e-10	 
 1.52000000000000001776e+00	 2.91231857085816593873e-10	 2.90697445724902037058e-10	 2.91324054053057906926e-10	 1.69179363753791933266e-08	 1.69282035445026261170e-08	 1.68835090598563738346e-08	 1.79852885700498459859e-08	 7.12104408224827445155e-09	 6.87358401999133474253e-09	 1.67269342935299772763e-08	 6.43067238011290140392e-10	 7.28328893700257871778e-10	 7.28273108350021805973e-10	 7.28334185208600719640e-10	 
 1.54000000000000003553e+00	 2.71344302765275687383e-10	 2.70841161984101954343e-10	 2.71429120216524008120e-10	 1.56392401065004690419e-08	 1.56472868040918406634e-08	 1.56039564938180620477e-08	 1.66240721286159413784e-08	 6.68512557915853626291e-09	 6.47383862007634722521e-09	 1.54616419882217171384e-08	 6.11183127526046446142e-10	 6.78399929894891868438e-10	 6.78347747244357231275e-10	 6.78404707736337376849e-10	 
 1.56000000000000027534e+00	 2.52522209585527861265e-10	 2.52051044654307858273e-10	 2.52597926093218902998e-10	 1.44456812557877671167e-08	 1.44521605890709812563e-08	 1.44094620737510017706e-08	 1.53511593141498069204e-08	 6.27527826919482798833e-09	 6.09763467371562095228e-09	 1.42803847045607410710e-08	 5.80488775562249397165e-10	 6.31158117748321956369e-10	 6.31109278239171224257e-10	 6.31162275721071249921e-10	 
 1.58000000000000007105e+00	 2.34762851628444056543e-10	 2.34322341630224358331e-10	 2.34828017571565716029e-10	 1.33330803747017117954e-08	 1.33388095224098580623e-08	 1.32964848495978730440e-08	 1.41635886970083655466e-08	 5.88949888903128319936e-09	 5.74281069800781961808e-09	 1.31796523826940229598e-08	 5.50959076911506802934e-10	 5.86592427557917166431e-10	 5.86546679695546975767e-10	 5.86595959588152372377e-10	 
 1.60000000000000008882e+00	 2.17999975318109741756e-10	 2.17587868549432910182e-10	 2.18052912305640250758e-10	 1.22951268739200269463e-08	 1.23010833064074689263e-08	 1.22590466785451972031e-08	 1.30551983308404154650e-08	 5.52623107095205248290e-09	 5.40793717194665857256e-09	 1.21535553363970964325e-08	 5.22524805677957201378e-10	 5.44532688743071213964e-10	 5.44489783196177394172e-10	 5.44535628519089694490e-10	 
 1.61999999999999988454e+00	 2.02192674553715950174e-10	 2.01806414953646792762e-10	 2.02232223281967523894e-10	 1.13282427700441374190e-08	 1.13353515592533690656e-08	 1.12935760916419824162e-08	 1.20223074234223655954e-08	 5.18450558804883015668e-09	 5.09208982941658890207e-09	 1.11986129884995943999e-08	 4.95134658477651529495e-10	 5.04876791996386851100e-10	 5.04836488904744175592e-10	 5.04879190179532756768e-10	 
 1.64000000000000012434e+00	 1.87334419935949472704e-10	 1.86972048527738097816e-10	 1.87362843626029551323e-10	 1.04298597604659495680e-08	 1.04382418128912011012e-08	 1.03967288349961058583e-08	 1.10620282750178343993e-08	 4.86257593259080850817e-09	 4.79339959148073730159e-09	 1.03116539763854101512e-08	 4.68783274623473297498e-10	 4.67619473370548204832e-10	 4.67581595144964771464e-10	 4.67621388387250894656e-10	 
 1.66000000000000014211e+00	 1.73354220254249504058e-10	 1.73014022257167777709e-10	 1.73375431313629748226e-10	 9.59475269549279025636e-09	 9.60422262300344548728e-09	 9.56292728866802528997e-09	 1.01684862894094808508e-08	 4.55901380879067990625e-09	 4.51050337353584060894e-09	 9.48728977166422890125e-09	 4.43389340011195851030e-10	 4.32587701716468109782e-10	 4.32552097821818657095e-10	 4.32589191254410623099e-10	 
 1.67999999999999993783e+00	 1.60212683442620635972e-10	 1.59893121059849969969e-10	 1.60231002560970777715e-10	 8.81999194760610504285e-09	 8.83020646394214986038e-09	 8.78910093225659212064e-09	 9.33837358522920185081e-09	 4.27296462690666818972e-09	 4.24258284695131141554e-09	 8.72253118346375879442e-09	 4.18897289653295409992e-10	 3.99681652998245188833e-10	 3.99648195053726759889e-10	 3.99682782268650297467e-10	 
 1.70000000000000017764e+00	 1.47911654833632435151e-10	 1.47611692386419506259e-10	 1.47929248111177163814e-10	 8.10268446915325888314e-09	 8.11314409264869289888e-09	 8.07244383835087776033e-09	 8.56894742918977306870e-09	 4.00309309957771543957e-09	 3.98849949715192065540e-09	 8.01441535532306842427e-09	 3.95349035280753503143e-10	 3.68887977776983125347e-10	 3.68856593313026286245e-10	 3.68888840592474790505e-10	 
 1.71999999999999997335e+00	 1.36382685067728091994e-10	 1.36101544411067418300e-10	 1.36401159099014519975e-10	 7.43789158535214875193e-09	 7.44798106361408478252e-09	 7.40797375428640936749e-09	 7.85465289095803584291e-09	 3.74806988254879590867e-09	 3.74704538921505454657e-09	 7.35804208701550666824e-09	 3.72658360207582647483e-10	 3.40026326663596107682e-10	 3.39996978917158749958e-10	 3.40027036352548185811e-10	 
 1.73999999999999999112e+00	 1.25589020092046803021e-10	 1.25326113080920333167e-10	 1.25609581024714169728e-10	 6.82306499596996794107e-09	 6.83217578407090124062e-09	 6.79309084217541902128e-09	 7.19268077369348462243e-09	 3.50715162103121588935e-09	 3.51750957208582497376e-09	 6.75087550653659830461e-09	 3.50768223411594302571e-10	 3.13003405700606701224e-10	 3.12976073861075516925e-10	 3.13004079094851289371e-10	 
 1.76000000000000023093e+00	 1.15527203442407774746e-10	 1.15282194127446678174e-10	 1.15549439967324676747e-10	 6.25540234000092541849e-09	 6.26338479733554765873e-09	 6.22506358292136310767e-09	 6.58108621345610653382e-09	 3.27962229266675001579e-09	 3.29944697234249666596e-09	 6.19010801279855949602e-09	 3.29764918802629493770e-10	 2.87822556138553214537e-10	 2.87797192471119747099e-10	 2.87823252575682587691e-10	 
 1.78000000000000002665e+00	 1.06126341054659190659e-10	 1.05899217884651762272e-10	 1.06149270272892527446e-10	 5.73041560152241929090e-09	 5.73722854911622493171e-09	 5.69927104456060156447e-09	 6.01493184995052570810e-09	 3.06425823447981343035e-09	 3.09169212726493669118e-09	 5.67128078520440332449e-09	 3.09552041724794020688e-10	 2.64310036932252180755e-10	 2.64286610001555946593e-10	 2.64310808726314406531e-10	 
 1.80000000000000004441e+00	 9.73535771767405233614e-11	 9.71443776561703913024e-11	 9.73761087750986389327e-11	 5.24600203672804931438e-09	 5.25168700570769921646e-09	 5.21364750548960865273e-09	 5.49191228701315252783e-09	 2.86040604565388969729e-09	 2.89357345342326114748e-09	 5.19232716166938547436e-09	 2.90071736973829531304e-10	 2.42383717150883005060e-10	 2.42362187914190015295e-10	 2.42384606968985920514e-10	 
 1.81999999999999984013e+00	 8.92148276562463329118e-11	 8.90226953416279370629e-11	 8.92365689805170373145e-11	 4.79973463130279630892e-09	 4.80461849519895256660e-09	 4.76650320453760287269e-09	 5.01033475915279139388e-09	 2.66790508302638517858e-09	 2.70528287940496927751e-09	 4.75101822583564789333e-09	 2.71457455382265231636e-10	 2.22049681092081036543e-10	 2.22029898781713454580e-10	 2.22050664907706742497e-10	 
 1.84000000000000007994e+00	 8.16445372860863380680e-11	 8.14685587680609143810e-11	 8.16652549297369733902e-11	 4.38761953896581062584e-09	 4.39217059310719280220e-09	 4.35400853027187297617e-09	 4.56569339283063788879e-09	 2.48555677456488154544e-09	 2.52558790915636692821e-09	 4.34345802397308794623e-09	 2.53604891588343372358e-10	 2.03140617817769258406e-10	 2.03122402803962863705e-10	 2.03141652151471717174e-10	 
 1.86000000000000009770e+00	 7.46147266038291962946e-11	 7.44537769757128928757e-11	 7.46342053924055088651e-11	 4.00805777553834075013e-09	 4.01271520616203926447e-09	 3.97451281878807112013e-09	 4.15614911766995481619e-09	 2.31276191089937922437e-09	 2.35387911003615493569e-09	 3.96807244867375845639e-09	 2.36456147716159282867e-10	 1.85585371240271099866e-10	 1.85568534710658218360e-10	 1.85586407845312982814e-10	 
 1.87999999999999989342e+00	 6.81260074840401969230e-11	 6.79779146211485773249e-11	 6.81440888061164109450e-11	 3.65945647846116626348e-09	 3.66409952410562135034e-09	 3.62591624207416492656e-09	 3.78051358142196238220e-09	 2.14985246277560968781e-09	 2.19123583837728014069e-09	 3.62325204583571730741e-09	 2.20165722898568548097e-10	 1.69384650462463132180e-10	 1.69369037186702275819e-10	 1.69385661893741295530e-10	 
 1.89999999999999991118e+00	 6.21153998963375140515e-11	 6.19774322956969383021e-11	 6.21318594164049595618e-11	 3.33852099945742749776e-09	 3.34284943386433970379e-09	 3.30462227668735292133e-09	 3.43485321199510919294e-09	 1.99560803824819261174e-09	 2.03650209599741983627e-09	 3.30572414422897729296e-09	 2.04616671833480792637e-10	 1.54379156367393320830e-10	 1.54364605358099631260e-10	 1.54380115211851097000e-10	 
 1.92000000000000015099e+00	 5.65593246501081853959e-11	 5.64287815376964722381e-11	 5.65740812535678306304e-11	 3.04403711056528190747e-09	 3.04772338251382593118e-09	 3.00936928051900167311e-09	 3.11776143763673961260e-09	 1.84948315003943901860e-09	 1.88913198917769979779e-09	 3.01431223475994250301e-09	 1.89753560839769581638e-10	 1.40509846348873106788e-10	 1.40496206672152593586e-10	 1.40510724104920770665e-10	 
 1.93999999999999994671e+00	 5.14553501001724898918e-11	 5.13318088661463209000e-11	 5.14692399653052971089e-11	 2.77421546104678383142e-09	 2.77723802641922108197e-09	 2.73898816036576638576e-09	 2.82812735559983884955e-09	 1.71224735182281752827e-09	 1.75036144135446642476e-09	 2.74740389344509848076e-09	 1.75743488685934872559e-10	 1.27774669568512409730e-10	 1.27761910334550339968e-10	 1.27775455567172998889e-10	 
 1.95999999999999996447e+00	 4.67447898232546229407e-11	 4.66282396420526956984e-11	 4.67591598692349477376e-11	 2.52610811633061478460e-09	 2.52846254294425004249e-09	 2.49052082044994089380e-09	 2.56253281250572792365e-09	 1.58268479466875109467e-09	 1.61897947077510033228e-09	 2.50217536720322334276e-09	 1.62465418385320362224e-10	 1.16027116345436260376e-10	 1.16015241749226093508e-10	 1.16027795644315056994e-10	 
 1.97999999999999998224e+00	 4.24087626128287976534e-11	 4.22992607596696380352e-11	 4.24248409736577065510e-11	 2.29881491187883322716e-09	 2.30051847458579237157e-09	 2.26303981812326046803e-09	 2.31991842811614643093e-09	 1.46030832785748051563e-09	 1.49448250781294480700e-09	 2.27775587655029169777e-09	 1.49868671112148614687e-10	 1.05220347253232736239e-10	 1.05209363669163542479e-10	 1.05220902598780448599e-10	 
 2.00000000000000000000e+00	 3.84437338526774935866e-11	 3.83410859422067649545e-11	 3.84604500369008213295e-11	 2.09103464059573667238e-09	 2.09227068939025273057e-09	 2.05527455190192426387e-09	 2.09905501531245694098e-09	 1.34600952647613465818e-09	 1.37803772014353311066e-09	 2.07262644029536796710e-09	 1.38091066498725718558e-10	 9.53447905757807947072e-11	 9.53346324469534282386e-11	 9.53452241047985957700e-11	 
 2.02000000000000001776e+00	 3.47963145828358122755e-11	 3.47003188513414497187e-11	 3.48118947577680892057e-11	 1.90028289737830116694e-09	 1.90130028315860203834e-09	 1.86461043062985035798e-09	 1.89695114784167164978e-09	 1.23856787984943065079e-09	 1.26839623997765297609e-09	 1.88435336810004216190e-09	 1.27006634821889853779e-10	 8.62677282838391787306e-11	 8.62583181798088440740e-11	 8.62680351004641739583e-11	 
 2.04000000000000003553e+00	 3.14525097398706256113e-11	 3.13629744936209933164e-11	 3.14650579986445152039e-11	 1.72592827505378092905e-09	 1.72698584311741080163e-09	 1.69038136765589092366e-09	 1.71285736803591638694e-09	 1.13757143673953075418e-09	 1.16512919523455297658e-09	 1.71232030931759530189e-09	 1.16572073174395049769e-10	 7.79542130451946495703e-11	 7.79454725368521307035e-11	 7.79543875351435979006e-11	 
 2.06000000000000005329e+00	 2.84107861358705613709e-11	 2.83274206172817849355e-11	 2.84203369710676466960e-11	 1.56691842903576697383e-09	 1.56803371992463209921e-09	 1.53169610621057791002e-09	 1.54585101635376054914e-09	 1.04388902955183335966e-09	 1.06928902641659295075e-09	 1.55537294686648586608e-09	 1.06895521757522343629e-10	 7.03940975858859873904e-11	 7.03859814335180197443e-11	 7.03941623356327217084e-11	 
 2.08000000000000007105e+00	 2.56252861442937308499e-11	 2.55478256607692018352e-11	 2.56317978439012380026e-11	 1.42114678897527642426e-09	 1.42233007208344781959e-09	 1.38634572902508997429e-09	 1.39343660945183391499e-09	 9.56371000375098061601e-10	 9.79698120257037212707e-10	 1.41145159130551452247e-09	 9.78565676382550430027e-11	 6.34720162841263449469e-11	 6.34644823918182620222e-11	 6.34719939048206719575e-11	 
 2.10000000000000053291e+00	 2.30862329330470039827e-11	 2.30143857337988793112e-11	 2.30896444337764625159e-11	 1.28818884897185350038e-09	 1.28945528857097964765e-09	 1.25386012505060224555e-09	 1.25511860090902131702e-09	 8.74687339106166358284e-10	 8.96019375860234006214e-10	 1.28014806863700493030e-09	 8.94203436947819132093e-11	 5.71634839765864728030e-11	 5.71564907266098701281e-11	 5.71633979211310005840e-11	 
 2.12000000000000010658e+00	 2.07867910036618016433e-11	 2.07200283607278725480e-11	 2.07876883004435466024e-11	 1.16723259638724205508e-09	 1.16857877777344594891e-09	 1.13344325575344251717e-09	 1.13004664960693039874e-09	 7.99376095163087198777e-10	 8.18886502970575123850e-10	 1.16066506627462754868e-09	 8.16466531087404498202e-11	 5.14521112742414548726e-11	 5.14456260619738732694e-11	 5.14519800062921559658e-11	 
 2.14000000000000012434e+00	 1.86873366038145913325e-11	 1.86249737644744616481e-11	 1.86862825213863589698e-11	 1.05651367758969677550e-09	 1.05795869015559855736e-09	 1.02314133662787975799e-09	 1.01614824607016800932e-09	 7.29340411044229757723e-10	 7.47196960548023769021e-10	 1.05130999894742173009e-09	 7.44189605153794372026e-11	 4.62388822169873181409e-11	 4.62328741995620368262e-11	 4.62387257065233510449e-11	 
 2.15999999999999969802e+00	 1.67814340762237238941e-11	 1.67227748888941218785e-11	 1.67790446957657596308e-11	 9.55775351572745121807e-10	 9.57335226294135496452e-10	 9.22640261813878612622e-10	 9.13114299605402886694e-10	 6.64334630642328769917e-10	 6.80702837117096865480e-10	 9.51828308958902756301e-10	 6.77113119236113173244e-11	 4.15078179430769081902e-11	 4.15022584363706117098e-11	 4.15076577573442078634e-11	 
 2.18000000000000015987e+00	 1.50624893571674408429e-11	 1.50075660028740282861e-11	 1.50593270561056900309e-11	 8.64417637214089643856e-10	 8.66013061687298703156e-10	 8.31674028800873019533e-10	 8.20206640069205681119e-10	 6.04778529446588171152e-10	 6.19768040424205180951e-10	 8.61479836014486042145e-10	 6.15723817456263152429e-11	 3.72427946917770166838e-11	 3.72376654235268860262e-11	 3.72426377328361230958e-11	 
 2.20000000000000017764e+00	 1.34972088492328091088e-11	 1.34461775739814795243e-11	 1.34940378148315370700e-11	 7.81033936689601387424e-10	 7.82547133006985870711e-10	 7.48656029680927872828e-10	 7.35706491103574343090e-10	 5.49715590241390266351e-10	 5.63407841973830491137e-10	 7.78834089400999133098e-10	 5.59014388876901331107e-11	 3.33610831772876044055e-11	 3.33563774492620218368e-11	 3.33609395038483587762e-11	 
 2.21999999999999975131e+00	 1.20817224421426801660e-11	 1.20348119367373883455e-11	 1.20794265101515453463e-11	 7.05491459771881062223e-10	 7.06790193179406425495e-10	 6.73404833850038211259e-10	 6.59446055306290232572e-10	 4.98987572960624666618e-10	 5.11456242901072138925e-10	 7.03744840642222349122e-10	 5.06818833198660199452e-11	 2.98532636152343558078e-11	 2.98489781610112009690e-11	 2.98531449717791034961e-11	 
 2.24000000000000021316e+00	 1.08102977570189376954e-11	 1.07673751824049076665e-11	 1.08089452890085884217e-11	 6.37086118616343042714e-10	 6.38199140911180827981e-10	 6.05487063179582887263e-10	 5.90956887187592219950e-10	 4.52751601101710232039e-10	 4.64093260096714310938e-10	 6.35750314612467081250e-10	 4.59291318689319262913e-11	 2.67039023720491562517e-11	 2.67000020826638745351e-11	 2.67038074804284410744e-11	 
 2.25999999999999978684e+00	 9.65550782394435706826e-12	 9.61666217813408675442e-12	 9.65546248201543262517e-12	 5.74637876398949604429e-10	 5.75588171030046958133e-10	 5.43558612245430001649e-10	 5.28912088235708633431e-10	 4.10191098440729386220e-10	 4.20473444726057156599e-10	 5.73709169904095750296e-10	 4.15561031361769048196e-11	 2.38452837122072488191e-11	 2.38417394589491566151e-11	 2.38452150046119107607e-11	 
 2.27999999999999980460e+00	 8.61537780743273876204e-12	 8.58074434784151998752e-12	 8.61705117754869189277e-12	 5.18077793014659445077e-10	 5.18892102607407915914e-10	 4.87513807754248497593e-10	 4.73257888986717798165e-10	 3.71213424987062904693e-10	 3.80499426404762786006e-10	 5.17565719822974211596e-10	 3.75527847113040149240e-11	 2.12726517746576583494e-11	 2.12694340653251421812e-11	 2.12726118437234230084e-11	 
 2.30000000000000026645e+00	 7.68516360930634047982e-12	 7.65412039494861593824e-12	 7.68788638547941405579e-12	 4.66991197003033782498e-10	 4.67707584579525303600e-10	 4.37113751390882185907e-10	 4.23378223756860028435e-10	 3.35828029695074684119e-10	 3.44221474486630495829e-10	 4.66836774480073887461e-10	 3.39236971610557350901e-11	 1.89718537459226320110e-11	 1.89689283625741698862e-11	 1.89718316691549431845e-11	 
 2.32000000000000028422e+00	 6.84306506003791287989e-12	 6.81489031482469057498e-12	 6.84592719013677399648e-12	 4.20425510789404587758e-10	 4.21106164488561242033e-10	 3.91251987190138898432e-10	 3.78224903959928683536e-10	 3.03342066873650792037e-10	 3.10939609734173033478e-10	 4.20610979587258567553e-10	 3.05956423394210025858e-11	 1.68883476106083799720e-11	 1.68856775911921923766e-11	 1.68883271630450726149e-11	 
 2.33999999999999985789e+00	 6.08843997983563509642e-12	 6.06232250056356222134e-12	 6.09037251622081093144e-12	 3.78366060397148987982e-10	 3.79085274748006068881e-10	 3.49880975305097851420e-10	 3.37792845229992229833e-10	 2.73704554955901471465e-10	 2.80606468371504782485e-10	 3.78882658164516411492e-10	 2.75633175153826726420e-11	 1.50203225207359855254e-11	 1.50178675230725814159e-11	 1.50202840137120560644e-11	 
 2.36000000000000031974e+00	 5.41565231906617542760e-12	 5.39152218632810204820e-12	 5.41691235263162860160e-12	 3.40468947422261803255e-10	 3.41204178924116451186e-10	 3.12809665344602445412e-10	 3.01631814711207044010e-10	 2.46905218046112471688e-10	 2.53166887877959765983e-10	 3.41244934835520991408e-10	 2.48250809958177332699e-11	 1.33556601828502551775e-11	 1.33534050106769424938e-11	 1.33556067753304401095e-11	 
 2.38000000000000033751e+00	 4.80706700407331755825e-12	 4.78483521638268976823e-12	 4.80786019756583423274e-12	 3.05979622631695875845e-10	 3.06710613639876140047e-10	 2.79135593237587740441e-10	 2.68905675508911055103e-10	 2.22372038540147108459e-10	 2.28030856966618412569e-10	 3.06963134695323582015e-10	 2.23198833358192412079e-11	 1.18505018638469504422e-11	 1.18484290564985951300e-11	 1.18504311456298996901e-11	 
 2.39999999999999991118e+00	 4.26252493810391204367e-12	 4.24211560559238191206e-12	 4.26309793895410788814e-12	 2.74914592098844617896e-10	 2.75619327793166745184e-10	 2.48846039086358864396e-10	 2.39633169538843123404e-10	 2.00084597702750889459e-10	 2.05173386962582172711e-10	 2.76052876559600375120e-10	 2.00452788336448731795e-11	 1.05045380985119845774e-11	 1.05026289676059058770e-11	 1.05044464750346572943e-11	 
 2.41999999999999948486e+00	 3.77911090184560893095e-12	 3.76041434269669657332e-12	 3.77953608425716566817e-12	 2.46968943038882288825e-10	 2.47660946063366911691e-10	 2.21813305135043072958e-10	 2.13540985136414684588e-10	 1.79999452721915745954e-10	 1.84579161472943459872e-10	 2.48228842314744105908e-10	 1.79996913217581381924e-11	 9.31009537282400026094e-12	 9.30833953255914320204e-12	 9.30999099593251156672e-12	 
 2.44000000000000039080e+00	 3.34283684167319698687e-12	 3.32579069130139504136e-12	 3.34326354154532563063e-12	 2.21522607505196746750e-10	 2.22241964531195869227e-10	 1.97320269860390508901e-10	 1.89998968409160045081e-10	 1.61643991094539849022e-10	 1.65766943315880384209e-10	 2.22897943347600120439e-10	 1.61336152767385080411e-11	 8.23253939171229733953e-12	 8.23092562957254844971e-12	 8.23243135112311726265e-12	 
 2.45999999999999996447e+00	 2.95395901973955166895e-12	 2.93851207842698560238e-12	 2.95457275747239944815e-12	 1.98593511719909013325e-10	 1.99395255555831830685e-10	 1.75380160831010673442e-10	 1.69053637177162208702e-10	 1.45012129749534880783e-10	 1.48733178894569594352e-10	 2.00085734596187360297e-10	 1.44467462095306763039e-11	 7.27253973776812029457e-12	 7.27105650442724140370e-12	 7.27243947104215701401e-12	 
 2.47999999999999953815e+00	 2.61025018961523069643e-12	 2.59621022752918108950e-12	 2.61093624439082085205e-12	 1.78039300126442979996e-10	 1.78887079483690776788e-10	 1.55876659330352438912e-10	 1.50410117739634799268e-10	 1.30083883666228898441e-10	 1.33437011401728995215e-10	 1.79605499803083116122e-10	 1.29349752178057351100e-11	 6.42419678120550712438e-12	 6.42283722351783384520e-12	 6.42410456515569997911e-12	 
 2.50000000000000044409e+00	 2.30097086733389378752e-12	 2.28808113752186690197e-12	 2.30154487322238067735e-12	 1.59385058827757837871e-10	 1.60243757536099346104e-10	 1.38259382554321323958e-10	 1.33579954424944140518e-10	 1.16482997503672587935e-10	 1.19486875234273916799e-10	 1.60996772290978032471e-10	 1.15580870008408444041e-11	 5.66068139657498483004e-12	 5.65944181007346426127e-12	 5.66060101686508915454e-12	 
 2.52000000000000001776e+00	 2.02662274709318481242e-12	 2.01456608685484045187e-12	 2.02683647009580796909e-12	 1.42671356867607169265e-10	 1.43495413795457722783e-10	 1.22560119368227629838e-10	 1.18599912980400812636e-10	 1.04218208430041406092e-10	 1.06886149930071927458e-10	 1.44296824989353672902e-10	 1.03164154354035951228e-11	 4.98310155123194388372e-12	 4.98198013246846452492e-12	 4.98303869407743103756e-12	 
 2.54000000000000003553e+00	 1.78503663094092354949e-12	 1.77384735944388272826e-12	 1.78504065173901133357e-12	 1.27710966843114585758e-10	 1.28499572559275017244e-10	 1.08660720740801661432e-10	 1.05301667264714779331e-10	 9.32432408948267471628e-11	 9.56159417829399346613e-11	 1.29327806812087275044e-10	 9.20828323125134786929e-12	 4.38685850670733424223e-12	 4.38584488456607015130e-12	 4.38681106327730599627e-12	 
 2.56000000000000049738e+00	 1.56793779978303979848e-12	 1.55767878724092726392e-12	 1.56795011758635889344e-12	 1.14134799710971335246e-10	 1.14881933291421629425e-10	 9.61719514608069753648e-11	 9.33005390946404848490e-11	 8.32569723244099113841e-11	 8.53674043492151938382e-11	 1.15723275172527256725e-10	 8.20189951044992386987e-12	 3.85144067608971875341e-12	 3.85052882533559044641e-12	 3.85141193985389061469e-12	 
 2.58000000000000007105e+00	 1.37574875703773984769e-12	 1.36653677561502424215e-12	 1.37607937890243009465e-12	 1.01975065326295293874e-10	 1.02672547272542062302e-10	 8.51477587263751578259e-11	 8.26260529820543483416e-11	 7.42681254399262272716e-11	 7.61524332986283882939e-11	 1.03510856582902690405e-10	 7.29838852242381981568e-12	 3.37800415588518318001e-12	 3.37718900656067993364e-12	 3.37799982034776523022e-12	 
 2.60000000000000008882e+00	 1.20729691762480369517e-12	 1.19902620118840006523e-12	 1.20783778234167016198e-12	 9.11174588462025716468e-11	 9.17696374129211436288e-11	 7.54004485585089434714e-11	 7.31805615483988067600e-11	 6.62535923965365786095e-11	 6.79352780307928207177e-11	 9.25948697904829384107e-11	 6.49500852528810620494e-12	 2.96322172167575393406e-12	 2.96249207907990905211e-12	 2.96323416030235889377e-12	 
 2.62000000000000055067e+00	 1.05625162128919183618e-12	 1.04889082845538066245e-12	 1.05695247335283527622e-12	 8.12718317730759803844e-11	 8.18868830546825110026e-11	 6.66607531470895998234e-11	 6.46662108188831551153e-11	 5.89708561307561560067e-11	 6.04680848431162127755e-11	 8.26884891636375743975e-11	 5.76703376341531216864e-12	 2.59156519825234759315e-12	 2.59091037057490818116e-12	 2.59158652673489287196e-12	 
 2.64000000000000012434e+00	 9.22984720400474595817e-13	 9.16524273806775265623e-13	 9.23782830006854517794e-13	 7.24649749360524476357e-11	 7.30547913196834144650e-11	 5.89799375741737174732e-11	 5.71065924684563893832e-11	 5.24268973926242041598e-11	 5.37577791592566125940e-11	 7.38183417134109686465e-11	 5.11568451020692977859e-12	 2.26403473036823364776e-12	 2.26344208514919095813e-12	 2.26405421406189374088e-12	 
 2.66000000000000014211e+00	 8.06772913192933368925e-13	 8.01081120103326950982e-13	 8.07609278837427898230e-13	 6.46216105922080471660e-11	 6.51835530358845205068e-11	 5.21972777649833672780e-11	 5.04352301728776672589e-11	 4.66167297445512616226e-11	 4.78007024217909591359e-11	 6.59068370402532692682e-11	 4.53862942602343253455e-12	 1.97843376610706912272e-12	 1.97789865030823737615e-12	 1.97845228574250617870e-12	 
 2.67999999999999971578e+00	 7.02938166919452924074e-13	 6.97879803649392056531e-13	 7.03688635659881519279e-13	 5.75168566606341873355e-11	 5.80516290438677911969e-11	 4.61322343435348069240e-11	 4.44071209137569833672e-11	 4.13492379917709334992e-11	 4.24029789164783046655e-11	 5.87264197654381790163e-11	 4.01651330022999307016e-12	 1.72314693850432613966e-12	 1.72266542082902754278e-12	 1.72316448888267123450e-12	 
 2.70000000000000017764e+00	 6.11846384184748758001e-13	 6.07245638801235649078e-13	 6.12319067699761055336e-13	 5.11723013733173118305e-11	 5.16810297438694585470e-11	 4.08346010334648222261e-11	 3.90252355089928289834e-11	 3.66313981840479832128e-11	 3.75738446548226120372e-11	 5.22934706177520791697e-11	 3.55021642471346688607e-12	 1.49897246296834541309e-12	 1.49854094824504740996e-12	 1.49898918645602293497e-12	 
 2.72000000000000019540e+00	 5.32754543772610065684e-13	 5.28582706232924559271e-13	 5.33033387312737838830e-13	 4.55366443141735170322e-11	 4.60193115857358356344e-11	 3.61539985055177054240e-11	 3.43032800285976310647e-11	 3.24588826301968274508e-11	 3.33025728779007256887e-11	 4.65764919507461378129e-11	 3.13892126664685112914e-12	 1.30445832644263299751e-12	 1.30407149915527529608e-12	 1.30447407777071772140e-12	 
 2.73999999999999976907e+00	 4.62209047744668193008e-13	 4.58411582138048328908e-13	 4.62355189544842788550e-13	 4.04350584867369589081e-11	 4.08966316476971434462e-11	 3.19708951170459728242e-11	 3.00328069900727762835e-11	 2.86787522065035734833e-11	 2.94382416567322050268e-11	 4.14032097652879717670e-11	 2.76773190232825235315e-12	 1.13095783102976722064e-12	 1.13061040310403320945e-12	 1.13097239076924228817e-12	 
 2.76000000000000023093e+00	 4.00444571544730794987e-13	 3.96951482892702579588e-13	 4.00544017835757997145e-13	 3.58821374644690765563e-11	 3.63310598859098507132e-11	 2.83256423661744802769e-11	 2.62047461544913665554e-11	 2.52924414060712613551e-11	 2.59864472227515088458e-11	 3.67923041756589004875e-11	 2.43745515396158123464e-12	 9.79003108580453688473e-13	 9.78688631980479402819e-13	 9.79016118130225619980e-13	 
 2.77999999999999980460e+00	 3.47117897419114587271e-13	 3.43922235305844246100e-13	 3.47183156864303930357e-13	 3.18509401181801390570e-11	 3.22835603674773238897e-11	 2.51015605163803137637e-11	 2.28749071624246485057e-11	 2.23150274945567337928e-11	 2.29471206483687473665e-11	 3.27031520825313232062e-11	 2.14752658000700813769e-12	 8.47937985063681242420e-13	 8.47654268923430419650e-13	 8.47949781728950410166e-13	 
 2.79999999999999982236e+00	 2.99705526234661862758e-13	 2.96804302820414587115e-13	 2.99783759763963467481e-13	 2.82065486396864488162e-11	 2.86233198368821295685e-11	 2.22156278574076187667e-11	 1.98705187716056947816e-11	 1.96300050766215985966e-11	 2.02020779861228007593e-11	 2.90039791660904930569e-11	 1.88731431358845056498e-12	 7.31494639511012684589e-13	 7.31240303855327572993e-13	 7.31506144350851269651e-13	 
 2.82000000000000028422e+00	 2.58385142303716094653e-13	 2.55786628179001843994e-13	 2.58555130302036858861e-13	 2.49592776383208512462e-11	 2.53617044260065505636e-11	 1.96955162778350399169e-11	 1.71795171824386565978e-11	 1.72422346668352766082e-11	 1.77539050918929698536e-11	 2.57058816104684634402e-11	 1.65807427852139982088e-12	 6.30129455076556202160e-13	 6.29903859253542560704e-13	 6.30142259921968303537e-13	 
 2.83999999999999985789e+00	 2.22907309238538491776e-13	 2.20581520274078913895e-13	 2.23132825061121366473e-13	 2.20939900010898113134e-11	 2.24797712988154256533e-11	 1.74624000258636270510e-11	 1.48631926193919267881e-11	 1.51517727152446475942e-11	 1.56093844559248685654e-11	 2.27916815538468480320e-11	 1.45719164270618501937e-12	 5.43168780908010900024e-13	 5.42968681713874954771e-13	 5.43182176027042026456e-13	 
 2.85999999999999987566e+00	 1.91450425944250044823e-13	 1.89381240809577781729e-13	 1.91705834723389643864e-13	 1.95078588904003014214e-11	 1.98780457767891953867e-11	 1.54390263869769207824e-11	 1.27816379647952065665e-11	 1.32706388286382854792e-11	 1.36758459448448612015e-11	 2.01648541688657477650e-11	 1.27651399940120167964e-12	 4.66113048942472774288e-13	 4.65936503023168061278e-13	 4.66126944733565212987e-13	 
 2.87999999999999989342e+00	 1.64122374774070205649e-13	 1.62298141607091272845e-13	 1.64370213919712220744e-13	 1.72079684677319118751e-11	 1.75651135989873472801e-11	 1.36248102557272952893e-11	 1.09221110871569385724e-11	 1.16012236676468120929e-11	 1.19530146064799406700e-11	 1.78381136141763149104e-11	 1.11633088273658437330e-12	 3.99231943705540069503e-13	 3.99077259490191499074e-13	 3.99246386327078464838e-13	 
 2.90000000000000035527e+00	 1.40813357053179880794e-13	 1.39204635979996583636e-13	 1.41051014206724669595e-13	 1.51858019053612205508e-11	 1.55278186084172101464e-11	 1.20268112518807296601e-11	 9.34342544979436978744e-12	 1.01480513088798627409e-11	 1.04535890366338655010e-11	 1.57854687963684342675e-11	 9.76844339090662244891e-13	 3.42237394810012692940e-13	 3.42101802092930432453e-13	 3.42251767022985510401e-13	 
 2.91999999999999992895e+00	 1.20233447336881926514e-13	 1.18819094851375132151e-13	 1.20449713106341001272e-13	 1.33616493365040621642e-11	 1.36905648505309866946e-11	 1.05627112581618248777e-11	 7.94016828363117237577e-12	 8.84635062727977411039e-12	 9.10630827123608306059e-12	 1.39325476084794650813e-11	 8.51970803574016611050e-13	 2.91941994846303255207e-13	 2.91823578771696667263e-13	 2.91955206578527179286e-13	 
 2.93999999999999994671e+00	 1.02462274834250996559e-13	 1.01219839801482913780e-13	 1.02637061427527885759e-13	 1.17378856349386862111e-11	 1.20582003206314174945e-11	 9.21287090024950584047e-12	 6.70698226863453404825e-12	 7.69942588726710189533e-12	 7.91052097661607288000e-12	 1.22835590761003478086e-11	 7.42124206761828179196e-13	 2.48536791992648867688e-13	 2.48433586951408086060e-13	 2.48546904672864210929e-13	 
 2.96000000000000040856e+00	 8.74050175112153121417e-14	 8.63134827827544825707e-14	 8.75473118425901217698e-14	 1.03176230573305981386e-11	 1.06258503508789393844e-11	 8.04075085545210183680e-12	 5.67295904565132042559e-12	 6.70557145058656849540e-12	 6.87698417062600910585e-12	 1.08352617663288472234e-11	 6.46855523437553236697e-13	 2.11798675763700769749e-13	 2.11708702991670942628e-13	 2.11806462323503376933e-13	 
 2.97999999999999998224e+00	 7.41708856277658521715e-14	 7.32096678339317863507e-14	 7.42824314758355063474e-14	 9.04192204414143826026e-12	 9.33547033055335155110e-12	 6.96169102522138368404e-12	 4.76363445160021978309e-12	 5.81608533554115456484e-12	 5.95197357640700733856e-12	 9.53027169294181658212e-12	 5.61681302038969744978e-13	 1.79517101399525698477e-13	 1.79438866251137093258e-13	 1.79522761932378107571e-13	 
 3.00000000000000000000e+00	 6.28162815042699286917e-14	 6.19584939667955586534e-14	 6.28963123579764173773e-14	 7.91441690118005427004e-12	 8.18891332763432628859e-12	 5.94725431960030168099e-12	 3.97733106172136190858e-12	 5.03113144334235668554e-12	 5.13460464379863725795e-12	 8.37113257105800573080e-12	 4.86753786845883389754e-13	 1.51815392994623773869e-13	 1.51747250568282887906e-13	 1.51818988665197362018e-13	 
 3.02000000000000046185e+00	 5.32605228170065085396e-14	 5.24978323162947543673e-14	 5.33170956652463377265e-14	 6.93209644809859600156e-12	 7.18786875974953827098e-12	 5.08861655101461276011e-12	 3.32619439371262086592e-12	 4.35601570817928689657e-12	 4.43373080512628906415e-12	 7.35772401829914049418e-12	 4.22166451591512187523e-13	 1.28540544942171797465e-13	 1.28481207734368630327e-13	 1.28542602933830769035e-13	 
 3.04000000000000003553e+00	 4.48895980176297490105e-14	 4.42146245961547848366e-14	 4.49297185823603106554e-14	 6.05291118218684220366e-12	 6.28975193868536136966e-12	 4.31455313221761675410e-12	 2.76008477869913879335e-12	 3.75548814970573850181e-12	 3.81050507800485158501e-12	 6.44936508037688602496e-12	 3.64642067221814142823e-13	 1.08175896915956046398e-13	 1.08124344071880562093e-13	 1.08176535107221922300e-13	 
 3.06000000000000005329e+00	 3.77287879639923219409e-14	 3.71344978337260943864e-14	 3.77626281628675046385e-14	 5.28027453092717748571e-12	 5.49711526419264215652e-12	 3.60964730049836514020e-12	 2.27953792001934904841e-12	 3.23086463784094026019e-12	 3.26531145572090185794e-12	 5.65045344294292757999e-12	 3.14296970596850455881e-13	 9.07879636844086070603e-14	 9.07430410405840553015e-14	 9.07871101094230351771e-14	 
 3.08000000000000007105e+00	 3.17545180176683112508e-14	 3.12318050108900984504e-14	 3.17822136195450169056e-14	 4.60946395278286811274e-12	 4.80779888134865394202e-12	 3.02619653063443503518e-12	 1.88611289974075843118e-12	 2.78221647160210422639e-12	 2.80119279502302278318e-12	 4.95344996346104214481e-12	 2.71156599792746710740e-13	 7.63023755862614528697e-14	 7.62632695675224952605e-14	 7.63005424267840151443e-14	 
 3.10000000000000008882e+00	 2.65520962214207881658e-14	 2.60917077060119351233e-14	 2.65695442786468201973e-14	 4.00922509391405122859e-12	 4.19129934022328269011e-12	 2.51357379922945938272e-12	 1.54761031586501161113e-12	 2.38452250499338143794e-12	 2.39117824350300450662e-12	 4.32726225724954979622e-12	 2.32861389740440370862e-13	 6.36970625102002409388e-14	 6.36631693548060395828e-14	 6.36945360667074114546e-14	 
 3.12000000000000010658e+00	 2.21398113257185506100e-14	 2.17291932579079181817e-14	 2.21371495996619317626e-14	 3.48032935771288366185e-12	 3.64969449285827662153e-12	 2.06716075855488514049e-12	 1.26513009063597310221e-12	 2.03836814538995974612e-12	 2.03625101763422858708e-12	 3.77181336249934789107e-12	 1.99461645467642490788e-13	 5.30115781644400304336e-14	 5.29822708223198474724e-14	 5.30086840366464227352e-14	 
 3.13999999999999968026e+00	 1.84896354292986013434e-14	 1.81253916755305323928e-14	 1.84740565335906007019e-14	 3.02388122303109055939e-12	 3.18057983407151495535e-12	 1.70388499159709449603e-12	 1.03627114407406824010e-12	 1.74442355743008783614e-12	 1.73607056312862718987e-12	 3.29045053005500601891e-12	 1.71043854984143204245e-13	 4.41904675265935866275e-14	 4.41651355607521895576e-14	 4.41874194616121727096e-14	 
 3.16000000000000014211e+00	 1.53236548533519941726e-14	 1.50038422510180408252e-14	 1.52988220545875330307e-14	 2.61744805932608174837e-12	 2.76200781393026940523e-12	 1.39070744501723582836e-12	 8.40511985869776410404e-13	 1.48474581187820990420e-12	 1.47190287817858878705e-12	 2.86066036275749657636e-12	 1.45961784653270506279e-13	 3.65555198524078697889e-14	 3.65336874561549455169e-14	 3.65525923424195150671e-14	 
 3.18000000000000015987e+00	 1.26453578151316960321e-14	 1.23698806575402429825e-14	 1.26154121665129934318e-14	 2.26226128608628010640e-12	 2.39521892230774455588e-12	 1.12678826764409475928e-12	 6.77987946318577804317e-13	 1.25931044504130392620e-12	 1.24410710005186880766e-12	 2.48377729837399132043e-12	 1.24284083612423144028e-13	 3.01223193261113378470e-14	 3.01034385758250721696e-14	 3.01199963280177702476e-14	 
 3.19999999999999973355e+00	 1.04552784997183072729e-14	 1.02177924139927290318e-14	 1.04229560558813721837e-14	 1.95713432347509277770e-12	 2.07897188632546316048e-12	 9.15156149756229418158e-13	 5.48238612778258227881e-13	 1.06955170201510021703e-12	 1.05304069545932059222e-12	 2.15840411533541410904e-12	 1.05951378125752528640e-13	 2.48686714418768531335e-14	 2.48523790291357732236e-14	 2.48668081668559043438e-14	 
 3.22000000000000019540e+00	 8.57161042493953813681e-15	 8.36548681633168157746e-15	 8.53975043595884691655e-15	 1.68633440866479997815e-12	 1.79732569783471087671e-12	 7.34501385105807348238e-13	 4.38451871281572212274e-13	 9.02920140395083204124e-13	 8.85843498891404597157e-13	 1.86842135438215590364e-12	 8.97783261023133617152e-14	 2.03488046876047488835e-14	 2.03349313954039123858e-14	 2.03473956426795254705e-14	 
 3.24000000000000021316e+00	 6.99794819034013431841e-15	 6.81315848606375914343e-15	 6.97127566646082992188e-15	 1.45068917799450618108e-12	 1.55070109532438084841e-12	 5.83867565310512861364e-13	 3.48783420572836831119e-13	 7.59453228608089437397e-13	 7.42771328927402891735e-13	 1.61429775974414400660e-12	 7.57262448643567024360e-14	 1.65634348591748334875e-14	 1.65519352825767871027e-14	 1.65625543703556817066e-14	 
 3.25999999999999978684e+00	 5.72542312268026150691e-15	 5.56148917772621466320e-15	 5.70296655164192353726e-15	 1.24925056987301004403e-12	 1.33926348077983554880e-12	 4.65530204540872344508e-13	 2.78231897410919637143e-13	 6.39758630310813770531e-13	 6.23784290263512223928e-13	 1.39609673611881518573e-12	 6.39718276796632163910e-14	 1.35130178508031471949e-14	 1.35034596833303242063e-14	 1.35125036670258361218e-14	 
 3.28000000000000024869e+00	 4.63523133652359090610e-15	 4.49287963208840730290e-15	 4.61770846820830531695e-15	 1.07037175456677652902e-12	 1.15121013371685652828e-12	 3.66000353961045649541e-13	 2.19113055129746766631e-13	 5.35086494402949829893e-13	 5.20022008915889403705e-13	 1.20176455960866562586e-12	 5.36796687824749385369e-14	 1.09100631130957843000e-14	 1.09021916741787313627e-14	 1.09098281518700724399e-14	 
 3.29999999999999982236e+00	 3.72310688372661563385e-15	 3.60566516468892942382e-15	 3.71284593153442943599e-15	 9.13625902426038010077e-13	 9.86211782971609346474e-13	 2.84723848352916513824e-13	 1.71403162040544982121e-13	 4.45160583498849505107e-13	 4.31288274758589516054e-13	 1.03085416148092739411e-12	 4.48335801658810170814e-14	 8.75084191373389212093e-15	 8.74440875712684301409e-15	 8.75079329473143284413e-15	 
 3.31999999999999984013e+00	 2.99868606017519273466e-15	 2.90146134517040082948e-15	 2.99325340488026437796e-15	 7.80830907810958209810e-13	 8.45872527515407323834e-13	 2.22297887576882145730e-13	 1.34529580641282456165e-13	 3.71025355657424228047e-13	 3.58376222474100930678e-13	 8.85288077617660462507e-13	 3.75102279973394870118e-14	 7.03798333491490026962e-15	 7.03271109941177525959e-15	 7.03804666007731611776e-15	 
 3.34000000000000030198e+00	 2.38559235386738047918e-15	 2.30599755360900121728e-15	 2.38315077188235261803e-15	 6.63236220378643549234e-13	 7.21307804223497900405e-13	 1.70627552610324302129e-13	 1.04045018625176088482e-13	 3.06497056450442637937e-13	 2.95171216271323901059e-13	 7.55868151919515658398e-13	 3.11285692266732751722e-14	 5.59055758106400958532e-15	 5.58621054371263699238e-15	 5.59056567205870966545e-15	 
 3.36000000000000031974e+00	 1.88116882376849028055e-15	 1.81679655140213329322e-15	 1.87898101081473616506e-15	 5.60088387260936288430e-13	 6.11749721396352760942e-13	 1.29312311614583608854e-13	 7.99344285739700870315e-14	 2.51090939824129861243e-13	 2.41358816374162260321e-13	 6.41658858291173639493e-13	 2.56549572627373161489e-14	 4.40300538605243094269e-15	 4.39925407393746500469e-15	 4.40260957375254273690e-15	 
 3.37999999999999989342e+00	 1.48825059011943705824e-15	 1.43604898085733493960e-15	 1.48630857166901347599e-15	 4.73717346694865273984e-13	 5.19587790235821868904e-13	 9.84313502860370892703e-14	 6.16436658959734922434e-14	 2.06174713949241449049e-13	 1.97809711738336017732e-13	 5.45503267887892934895e-13	 2.11894272826494411735e-14	 3.47903588064955179540e-15	 3.47582720104855315668e-15	 3.47842952196501039960e-15	 
 3.39999999999999991118e+00	 1.16052552795666108889e-15	 1.11813077393472336357e-15	 1.15729683057722221486e-15	 3.97456085556453896265e-13	 4.37966479285534538111e-13	 7.33406411696879797639e-14	 4.66840407243146663016e-14	 1.67415421353418210494e-13	 1.60290436926039236296e-13	 4.60382769473668113330e-13	 1.73400199224133950090e-14	 2.70787188597630926072e-15	 2.70515951486836519698e-15	 2.70717709667269758045e-15	 
 3.42000000000000037303e+00	 8.96492667902090501088e-16	 8.60783201120132266880e-16	 8.88304975541879747531e-16	 3.30273459973692812436e-13	 3.65778589558150597195e-13	 5.37251676721097068363e-14	 3.49579020385297233640e-14	 1.34356686231631673518e-13	 1.28367673507044268116e-13	 3.85278565897764705429e-13	 1.40908212883067386950e-14	 2.08419670852851608528e-15	 2.08193855600582716516e-15	 2.08358588668284536773e-15	 
 3.43999999999999994671e+00	 6.95191702688488305666e-16	 6.65309286381186077425e-16	 6.84764871822418297390e-16	 2.75006941055527119567e-13	 3.06074086092316073938e-13	 3.95721386296395067258e-14	 2.63021018885337986886e-14	 1.08142558555573708232e-13	 1.03111782318697113885e-13	 3.23018165493060574749e-13	 1.14790149361365279134e-14	 1.61056067334744522777e-15	 1.60868794483044449563e-15	 1.61002940216798024089e-15	 
 3.45999999999999996447e+00	 5.29807344714159908738e-16	 5.04917395562089727253e-16	 5.19251728627046552693e-16	 2.26640234411390409112e-13	 2.53610871687823441682e-13	 2.83863927579443945912e-14	 1.94022674721282253226e-14	 8.58401927453870018958e-14	 8.17024928148335518984e-14	 2.68195148467529003482e-13	 9.25062541672993591268e-15	 1.22199039394423776059e-15	 1.22046939656688996169e-15	 1.22156780300251174214e-15	 
 3.48000000000000042633e+00	 3.99131886448443329682e-16	 3.78119137631524191701e-16	 3.91845374296129432073e-16	 1.84299188224437947314e-13	 2.07406460366726518872e-13	 1.99929291845000931156e-14	 1.42525888571220746279e-14	 6.71304089420640190167e-14	 6.38965016984613360019e-14	 2.19728971139293830986e-13	 7.39440079792158843412e-15	 9.14869405085309116905e-16	 9.13683761814320524823e-16	 9.14630425124638796750e-16	 
 3.50000000000000000000e+00	 3.02059894463239358756e-16	 2.84519550271199698740e-16	 2.96972105852508705096e-16	 1.50263327341243956918e-13	 1.70045986004586016358e-13	 1.41732717204534930035e-14	 1.05211040359673420442e-14	 5.26937129833705418695e-14	 5.01527115386925929448e-14	 1.80465637650642941776e-13	 5.92850873586958898568e-15	 6.88222069285386082750e-16	 6.87295191934393854027e-16	 6.88096017499360338530e-16	 
 3.52000000000000001776e+00	 2.23277431269105590289e-16	 2.09245853613179550670e-16	 2.20092987609042983070e-16	 1.20788619355458159920e-13	 1.37629581136841627392e-13	 9.72457551305171152907e-15	 7.57507751933657791151e-15	 4.06523746091264618764e-14	 3.86785632568888419704e-14	 1.46298899088131434499e-13	 4.70381553561619976006e-15	 5.05978391104299544076e-16	 5.05275386980740730796e-16	 5.05930074025857268561e-16	 
 3.54000000000000047962e+00	 1.61150063476025135563e-16	 1.51214240875796282554e-16	 1.59902179165403574219e-16	 9.50825332225788859721e-14	 1.09395273463635596600e-13	 6.55496272307236535121e-15	 5.37761812158940991676e-15	 3.08192078389644769941e-14	 2.92785914715618425075e-14	 1.16345603189711727046e-13	 3.72914574247813340608e-15	 3.65494841946082150691e-16	 3.64995245560122829632e-16	 3.65488962621029543004e-16	 
 3.56000000000000005329e+00	 1.17030522864981515853e-16	 1.09925379554972378264e-16	 1.16860308189876841302e-16	 7.51302810850745819973e-14	 8.72506151506953069907e-14	 4.45182306511182189026e-15	 3.84143368793704186983e-15	 2.34730896493657217518e-14	 2.22684734088326859480e-14	 9.28442336890136320787e-14	 2.96484040892532827889e-15	 2.65586583196488958055e-16	 2.65228743114161151897e-16	 2.65602957648577392651e-16	 
 3.58000000000000007105e+00	 8.26535852501090944002e-17	 7.78049947954852120564e-17	 8.31857523039115036222e-17	 5.84268142103115694194e-14	 6.85507665565049135595e-14	 2.91770510877625341658e-15	 2.66473477795100375173e-15	 1.75070189855925722237e-14	 1.65945642603742360322e-14	 7.29974753236454697344e-14	 2.32012396494449219373e-15	 1.87889482413435385611e-16	 1.87642166776947431793e-16	 1.87917888129463464035e-16	 
 3.60000000000000053291e+00	 5.74587895007155948465e-17	 5.44467705487329196975e-17	 5.84059934903337526026e-17	 4.47241602025109629456e-14	 5.29826387291955528386e-14	 1.92695455874123856712e-15	 1.83075093473064013844e-15	 1.28321970157681646309e-14	 1.21903213746784912567e-14	 5.64843235526172469304e-14	 1.78336564860830028824e-15	 1.31414822503649708336e-16	 1.31250608079671511828e-16	 1.31445800573703395562e-16	 
 3.62000000000000010658e+00	 3.97538537262654878595e-17	 3.78600514913617164462e-17	 4.06629426019025784367e-17	 3.38743631804112539885e-14	 4.05141633171977615551e-14	 1.27318656217642987975e-15	 1.24958112548505546214e-15	 9.33760314356685227233e-15	 8.85907506627113859277e-15	 4.32379817057327037224e-14	 1.38259478922125699995e-15	 9.13362623658529986538e-17	 9.12256870244000795048e-17	 9.13687173102898635537e-17	 
 3.63999999999999968026e+00	 2.64001779559992837819e-17	 2.52637775834681156721e-17	 2.71955072828546420782e-17	 2.49240824607921737876e-14	 3.01358914178060417738e-14	 8.04431038163684603324e-16	 8.15679122011592580929e-16	 6.57065282757313161665e-15	 6.21427897812061527687e-15	 3.21951913266870908691e-14	 1.05743766629789125986e-15	 6.09160020326523524617e-17	 6.08430380752721820270e-17	 6.09500158059071852066e-17	 
 3.65999999999999969802e+00	 1.76206850665508021292e-17	 1.69091223019310885130e-17	 1.84555744788484204322e-17	 1.81335061749822109804e-14	 2.21385291601701326373e-14	 5.18302859587549537359e-16	 5.37430441503776018399e-16	 4.59899053876027995557e-15	 4.34721996317789349023e-15	 2.36569228433068975459e-14	 8.03311173367458388523e-16	 4.07604399484107737363e-17	 4.07088673620256889034e-17	 4.07972972001750209421e-17	 
 3.68000000000000015987e+00	 1.16737537831729608608e-17	 1.12246515256556916691e-17	 1.26722407796577888798e-17	 1.30155276780088077171e-14	 1.60549020782530070254e-14	 3.35538770427681038250e-16	 3.52785585794167637279e-16	 3.18837092927546203273e-15	 3.00992490189967577903e-15	 1.71629708689384168088e-14	 6.07460004417731030742e-16	 2.70569691090266675535e-17	 2.70193128271927500406e-17	 2.70918775369709285956e-17	 
 3.70000000000000017764e+00	 7.33720930754566224110e-18	 7.06596689511384283071e-18	 8.44827720430719717098e-18	 8.97292361253094426353e-15	 1.12069461813795042423e-14	 2.07736431659080882408e-16	 2.20437998214833511774e-16	 2.11402310697136953317e-15	 1.99345425786096036859e-15	 1.19764887153004188603e-14	 4.49387320531514737417e-16	 1.70353786322441860748e-17	 1.70083002121837162362e-17	 1.70654768886823488061e-17	 
 3.71999999999999975131e+00	 4.65737325205719663196e-18	 4.48645532135053048232e-18	 5.65317808810182943694e-18	 6.15820141552399405375e-15	 7.76654679003036142168e-15	 1.31936903278704415499e-16	 1.40993835633112176201e-16	 1.40285201708606075976e-15	 1.32769797597136074844e-15	 8.26217089800489636567e-15	 3.33843947558682422550e-16	 1.08179987019541607667e-17	 1.07995306024302358289e-17	 1.08392653694187339177e-17	 
 3.74000000000000021316e+00	 2.92785479831583434507e-18	 2.81906318990387454451e-18	 3.64293748308422630350e-18	 4.17862077111931227921e-15	 5.31358147818368522007e-15	 8.43922198268882178007e-17	 9.06049495105305971934e-17	 9.27370955813990015695e-16	 8.77476807275752082986e-16	 5.64651281333439258426e-15	 2.39789821232187205303e-16	 6.79856917047468886710e-18	 6.78643169385915046057e-18	 6.81285212189118530097e-18	 
 3.76000000000000023093e+00	 1.71317850435984833348e-18	 1.64657436828770423423e-18	 2.14963825549924596966e-18	 2.70067943899109663815e-15	 3.46417347379508538188e-15	 5.17296874303852489682e-17	 5.56821631527693875028e-17	 5.82790977756391204287e-16	 5.50614898540091107322e-16	 3.68419364547430947399e-15	 1.62301058920343617524e-16	 3.97167361561708751184e-18	 3.96445859360825590376e-18	 3.98052411328065667546e-18	 
 3.77999999999999980460e+00	 9.99651267355210198446e-19	 9.56863506099018955631e-19	 1.28091919386902011857e-18	 1.77305143298890840475e-15	 2.28764657287388677277e-15	 3.30182657730941852898e-17	 3.54643174815284213443e-17	 3.69425837126728256031e-16	 3.52294745381420839552e-16	 2.43015479313640898053e-15	 1.06099387248973071009e-16	 2.30795533785429718200e-18	 2.30408336983984719530e-18	 2.31374165965417169049e-18	 
 3.80000000000000026645e+00	 5.46773105487325092507e-19	 5.18661452571182328441e-19	 7.32240086843541423501e-19	 1.18210775195259167255e-15	 1.52948516394729373097e-15	 2.14285764036020510019e-17	 2.29182223248583907341e-17	 2.35083092564571569628e-16	 2.27837599259780710538e-16	 1.62413996758010192813e-15	 6.97725965195834632433e-17	 1.25078249896089742453e-18	 1.24886224893412401365e-18	 1.25456232283710335732e-18	 
 3.82000000000000028422e+00	 2.30905213757012092260e-19	 2.14796724149231805615e-19	 3.37625768416907108000e-19	 6.83434197825788093397e-16	 8.84842426842151885151e-16	 1.20714871049083186258e-17	 1.28317609589265952784e-17	 1.28317167941068402097e-16	 1.27233858365701103999e-16	 9.39698849289464182038e-16	 3.94561463012784071528e-17	 5.17747763341916802160e-19	 5.17064137499529945702e-19	 5.19863849674044282104e-19	 
 3.83999999999999985789e+00	 4.29202784695103988987e-20	 3.99599868483927409621e-20	 6.25299195071234545037e-20	 1.25560382616040051986e-16	 1.62559714507462540270e-16	 2.21962751189860721973e-18	 2.35989542176402594430e-18	 2.36188318602723396459e-17	 2.34016403689102746940e-17	 1.72637152678322279592e-16	 7.25403867584656572379e-18	 9.63218939770854589240e-20	 9.61938033594092192350e-20	 9.67110657736366539503e-20	 
 3.86000000000000031974e+00	 0.00000000000000000000e+00	 0.00000000000000000000e+00	 0.00000000000000000000e+00	 0.00000000000000000000e+00	 0.00000000000000000000e+00	 0.00000000000000000000e+00	 0.00000000000000000000e+00	 0.00000000000000000000e+00	 0.00000000000000000000e+00	 0.00000000000000000000e+00	 0.00000000000000000000e+00	 0.00000000000000000000e+00	 0.00000000000000000000e+00	 0.00000000000000000000e+00	 
 3.87999999999999989342e+00	 1.08537857017552954039e-23	 1.01052162974111421633e-23	 1.58124758457633411161e-23	 3.17504350675363044426e-20	 4.11064470677729122142e-20	 5.61278885801131350238e-22	 5.96749052516221697196e-22	 5.97253869336365096497e-21	 5.91759777559729967655e-21	 4.36547264821706499319e-20	 1.83433328895882243685e-21	 2.43582077018712060628e-23	 2.43258147392850105888e-23	 2.44566179560463143072e-23	 
 3.89999999999999991118e+00	 0.00000000000000000000e+00	 0.00000000000000000000e+00	 0.00000000000000000000e+00	 0.00000000000000000000e+00	 0.00000000000000000000e+00	 0.00000000000000000000e+00	 0.00000000000000000000e+00	 0.00000000000000000000e+00	 0.00000000000000000000e+00	 0.00000000000000000000e+00	 0.00000000000000000000e+00	 0.00000000000000000000e+00	 0.00000000000000000000e+00	 0.00000000000000000000e+00	 
 3.91999999999999948486e+00	 2.48113206421143334878e-27	 2.31001792236676893101e-27	 3.61462972294378347800e-27	 7.25776899336290137080e-24	 9.39644065341337841356e-24	 1.28301950081461660050e-25	 1.36410107900945822017e-25	 1.36525850471507938186e-24	 1.35269650824630762284e-24	 9.97894665569633925703e-24	 4.19307508447156500469e-25	 5.56820341075337398299e-27	 5.56079833379410031492e-27	 5.59069888611443368116e-27	 
 3.93999999999999994671e+00	 0.00000000000000000000e+00	 0.00000000000000000000e+00	 0.00000000000000000000e+00	 0.00000000000000000000e+00	 0.00000000000000000000e+00	 0.00000000000000000000e+00	 0.00000000000000000000e+00	 0.00000000000000000000e+00	 0.00000000000000000000e+00	 0.00000000000000000000e+00	 0.00000000000000000000e+00	 0.00000000000000000000e+00	 0.00000000000000000000e+00	 0.00000000000000000000e+00	 
 3.95999999999999996447e+00	 5.04437412671851985134e-31	 4.69648440887748808167e-31	 7.34887191926069252594e-31	 1.47556649496653749763e-27	 1.91037671440314520678e-27	 2.60848912412134510440e-29	 2.77333514827704948118e-29	 2.77568910836510850508e-28	 2.75014875000733719565e-28	 2.02880516264949923540e-27	 8.52488228526136156881e-29	 1.13206830297913502983e-30	 1.13056277721889427744e-30	 1.13664182712266892278e-30	 
 3.97999999999999953815e+00	 0.00000000000000000000e+00	 0.00000000000000000000e+00	 0.00000000000000000000e+00	 0.00000000000000000000e+00	 0.00000000000000000000e+00	 0.00000000000000000000e+00	 0.00000000000000000000e+00	 0.00000000000000000000e+00	 0.00000000000000000000e+00	 0.00000000000000000000e+00	 0.00000000000000000000e+00	 0.00000000000000000000e+00	 0.00000000000000000000e+00	 0.00000000000000000000e+00	 
 4.00000000000000000000e+00	 8.85524104007668284667e-35	 8.24451965335582746769e-35	 1.29007943797231285569e-34	 2.59036241263908490474e-31	 3.35367346330423148496e-31	 4.57920572345550267971e-33	 4.86859143640728668315e-33	 4.87271674223957082739e-32	 4.82788697942211207373e-32	 3.56157506861622210854e-31	 1.49654438947585625886e-32	 1.98730757488212130829e-34	 1.98466470698151656043e-34	 1.99533639898311604681e-34	 
 4.01999999999999957367e+00	 0.00000000000000000000e+00	 0.00000000000000000000e+00	 0.00000000000000000000e+00	 0.00000000000000000000e+00	 0.00000000000000000000e+00	 0.00000000000000000000e+00	 0.00000000000000000000e+00	 0.00000000000000000000e+00	 0.00000000000000000000e+00	 0.00000000000000000000e+00	 0.00000000000000000000e+00	 0.00000000000000000000e+00	 0.00000000000000000000e+00	 0.00000000000000000000e+00	 
 4.04000000000000003553e+00	 1.31191567714219359624e-38	 1.22143383357281447768e-38	 1.91128759924468489004e-38	 3.83777190465016120598e-35	 4.96866167690823721537e-35	 6.78434374733724952825e-37	 7.21308075011437837140e-37	 7.21917675783186286002e-36	 7.15277329310938804242e-36	 5.27668000658631934183e-35	 2.21721305890832725013e-36	 2.94421589266552009798e-38	 2.94030052863272472038e-38	 2.95611102826272890592e-38	 
 4.06000000000000049738e+00	 0.00000000000000000000e+00	 0.00000000000000000000e+00	 0.00000000000000000000e+00	 0.00000000000000000000e+00	 0.00000000000000000000e+00	 0.00000000000000000000e+00	 0.00000000000000000000e+00	 0.00000000000000000000e+00	 0.00000000000000000000e+00	 0.00000000000000000000e+00	 0.00000000000000000000e+00	 0.00000000000000000000e+00	 0.00000000000000000000e+00	 0.00000000000000000000e+00	 
 4.08000000000000007105e+00	 1.62276380283851659658e-42	 1.51083960093992667925e-42	 2.36417495649061151022e-42	 4.74724944720219648784e-39	 6.14613849662696124639e-39	 8.39208295656368076249e-41	 8.92241633874844611466e-41	 8.92993674307984920356e-40	 8.84781534232838307266e-40	 6.52715127950541926553e-39	 2.74264433208989947886e-40	 3.64181635987810537983e-42	 3.63697338280535807730e-42	 3.65653037095005152775e-42	 
 4.09999999999999964473e+00	 0.00000000000000000000e+00	 0.00000000000000000000e+00	 0.00000000000000000000e+00	 0.00000000000000000000e+00	 0.00000000000000000000e+00	 0.00000000000000000000e+00	 0.00000000000000000000e+00	 0.00000000000000000000e+00	 0.00000000000000000000e+00	 0.00000000000000000000e+00	 0.00000000000000000000e+00	 0.00000000000000000000e+00	 0.00000000000000000000e+00	 0.00000000000000000000e+00	 
 4.12000000000000010658e+00	 1.67210999064205312186e-46	 1.55677917431298495207e-46	 2.43608757197754329444e-46	 4.89174384406302310056e-43	 6.33321187795564680194e-43	 8.64749962597966576558e-45	 9.19396949806104740300e-45	 9.20170008255502124397e-44	 9.11709613272443947468e-44	 6.72582181086095605311e-43	 2.82611871809386444179e-44	 3.75255161425121308127e-46	 3.74756146255036048185e-46	 3.76771344502465855909e-46	 
 4.14000000000000056843e+00	 0.00000000000000000000e+00	 0.00000000000000000000e+00	 0.00000000000000000000e+00	 0.00000000000000000000e+00	 0.00000000000000000000e+00	 0.00000000000000000000e+00	 0.00000000000000000000e+00	 0.00000000000000000000e+00	 0.00000000000000000000e+00	 0.00000000000000000000e+00	 0.00000000000000000000e+00	 0.00000000000000000000e+00	 0.00000000000000000000e+00	 0.00000000000000000000e+00	 
 4.16000000000000014211e+00	 0.00000000000000000000e+00	 0.00000000000000000000e+00	 0.00000000000000000000e+00	 0.00000000000000000000e+00	 0.00000000000000000000e+00	 0.00000000000000000000e+00	 0.00000000000000000000e+00	 0.00000000000000000000e+00	 0.00000000000000000000e+00	 0.00000000000000000000e+00	 0.00000000000000000000e+00	 0.00000000000000000000e+00	 0.00000000000000000000e+00	 0.00000000000000000000e+00	 
 4.17999999999999971578e+00	 0.00000000000000000000e+00	 0.00000000000000000000e+00	 0.00000000000000000000e+00	 0.00000000000000000000e+00	 0.00000000000000000000e+00	 0.00000000000000000000e+00	 0.00000000000000000000e+00	 0.00000000000000000000e+00	 0.00000000000000000000e+00	 0.00000000000000000000e+00	 0.00000000000000000000e+00	 0.00000000000000000000e+00	 0.00000000000000000000e+00	 0.00000000000000000000e+00	 
 4.20000000000000017764e+00	 0.00000000000000000000e+00	 0.00000000000000000000e+00	 0.00000000000000000000e+00	 0.00000000000000000000e+00	 0.00000000000000000000e+00	 0.00000000000000000000e+00	 0.00000000000000000000e+00	 0.00000000000000000000e+00	 0.00000000000000000000e+00	 0.00000000000000000000e+00	 0.00000000000000000000e+00	 0.00000000000000000000e+00	 0.00000000000000000000e+00	 0.00000000000000000000e+00	 
 4.21999999999999975131e+00	 0.00000000000000000000e+00	 0.00000000000000000000e+00	 0.00000000000000000000e+00	 0.00000000000000000000e+00	 0.00000000000000000000e+00	 0.00000000000000000000e+00	 0.00000000000000000000e+00	 0.00000000000000000000e+00	 0.00000000000000000000e+00	 0.00000000000000000000e+00	 0.00000000000000000000e+00	 0.00000000000000000000e+00	 0.00000000000000000000e+00	 0.00000000000000000000e+00	 
 4.24000000000000021316e+00	 0.00000000000000000000e+00	 0.00000000000000000000e+00	 0.00000000000000000000e+00	 0.00000000000000000000e+00	 0.00000000000000000000e+00	 0.00000000000000000000e+00	 0.00000000000000000000e+00	 0.00000000000000000000e+00	 0.00000000000000000000e+00	 0.00000000000000000000e+00	 0.00000000000000000000e+00	 0.00000000000000000000e+00	 0.00000000000000000000e+00	 0.00000000000000000000e+00	 
 4.25999999999999978684e+00	 0.00000000000000000000e+00	 0.00000000000000000000e+00	 0.00000000000000000000e+00	 0.00000000000000000000e+00	 0.00000000000000000000e+00	 0.00000000000000000000e+00	 0.00000000000000000000e+00	 0.00000000000000000000e+00	 0.00000000000000000000e+00	 0.00000000000000000000e+00	 0.00000000000000000000e+00	 0.00000000000000000000e+00	 0.00000000000000000000e+00	 0.00000000000000000000e+00	 
 4.28000000000000024869e+00	 0.00000000000000000000e+00	 0.00000000000000000000e+00	 0.00000000000000000000e+00	 0.00000000000000000000e+00	 0.00000000000000000000e+00	 0.00000000000000000000e+00	 0.00000000000000000000e+00	 0.00000000000000000000e+00	 0.00000000000000000000e+00	 0.00000000000000000000e+00	 0.00000000000000000000e+00	 0.00000000000000000000e+00	 0.00000000000000000000e+00	 0.00000000000000000000e+00	 
 4.29999999999999982236e+00	 0.00000000000000000000e+00	 0.00000000000000000000e+00	 0.00000000000000000000e+00	 0.00000000000000000000e+00	 0.00000000000000000000e+00	 0.00000000000000000000e+00	 0.00000000000000000000e+00	 0.00000000000000000000e+00	 0.00000000000000000000e+00	 0.00000000000000000000e+00	 0.00000000000000000000e+00	 0.00000000000000000000e+00	 0.00000000000000000000e+00	 0.00000000000000000000e+00	 
 4.32000000000000028422e+00	 0.00000000000000000000e+00	 0.00000000000000000000e+00	 0.00000000000000000000e+00	 0.00000000000000000000e+00	 0.00000000000000000000e+00	 0.00000000000000000000e+00	 0.00000000000000000000e+00	 0.00000000000000000000e+00	 0.00000000000000000000e+00	 0.00000000000000000000e+00	 0.00000000000000000000e+00	 0.00000000000000000000e+00	 0.00000000000000000000e+00	 0.00000000000000000000e+00	 
 4.33999999999999985789e+00	 0.00000000000000000000e+00	 0.00000000000000000000e+00	 0.00000000000000000000e+00	 0.00000000000000000000e+00	 0.00000000000000000000e+00	 0.00000000000000000000e+00	 0.00000000000000000000e+00	 0.00000000000000000000e+00	 0.00000000000000000000e+00	 0.00000000000000000000e+00	 0.00000000000000000000e+00	 0.00000000000000000000e+00	 0.00000000000000000000e+00	 0.00000000000000000000e+00	 
 4.36000000000000031974e+00	 0.00000000000000000000e+00	 0.00000000000000000000e+00	 0.00000000000000000000e+00	 0.00000000000000000000e+00	 0.00000000000000000000e+00	 0.00000000000000000000e+00	 0.00000000000000000000e+00	 0.00000000000000000000e+00	 0.00000000000000000000e+00	 0.00000000000000000000e+00	 0.00000000000000000000e+00	 0.00000000000000000000e+00	 0.00000000000000000000e+00	 0.00000000000000000000e+00	 
 4.37999999999999989342e+00	 0.00000000000000000000e+00	 0.00000000000000000000e+00	 0.00000000000000000000e+00	 0.00000000000000000000e+00	 0.00000000000000000000e+00	 0.00000000000000000000e+00	 0.00000000000000000000e+00	 0.00000000000000000000e+00	 0.00000000000000000000e+00	 0.00000000000000000000e+00	 0.00000000000000000000e+00	 0.00000000000000000000e+00	 0.00000000000000000000e+00	 0.00000000000000000000e+00	 
 4.40000000000000035527e+00	 0.00000000000000000000e+00	 0.00000000000000000000e+00	 0.00000000000000000000e+00	 0.00000000000000000000e+00	 0.00000000000000000000e+00	 0.00000000000000000000e+00	 0.00000000000000000000e+00	 0.00000000000000000000e+00	 0.00000000000000000000e+00	 0.00000000000000000000e+00	 0.00000000000000000000e+00	 0.00000000000000000000e+00	 0.00000000000000000000e+00	 0.00000000000000000000e+00	 
 4.41999999999999992895e+00	 0.00000000000000000000e+00	 0.00000000000000000000e+00	 0.00000000000000000000e+00	 0.00000000000000000000e+00	 0.00000000000000000000e+00	 0.00000000000000000000e+00	 0.00000000000000000000e+00	 0.00000000000000000000e+00	 0.00000000000000000000e+00	 0.00000000000000000000e+00	 0.00000000000000000000e+00	 0.00000000000000000000e+00	 0.00000000000000000000e+00	 0.00000000000000000000e+00	 
 4.43999999999999950262e+00	 0.00000000000000000000e+00	 0.00000000000000000000e+00	 0.00000000000000000000e+00	 0.00000000000000000000e+00	 0.00000000000000000000e+00	 0.00000000000000000000e+00	 0.00000000000000000000e+00	 0.00000000000000000000e+00	 0.00000000000000000000e+00	 0.00000000000000000000e+00	 0.00000000000000000000e+00	 0.00000000000000000000e+00	 0.00000000000000000000e+00	 0.00000000000000000000e+00	 
 4.45999999999999996447e+00	 0.00000000000000000000e+00	 0.00000000000000000000e+00	 0.00000000000000000000e+00	 0.00000000000000000000e+00	 0.00000000000000000000e+00	 0.00000000000000000000e+00	 0.00000000000000000000e+00	 0.00000000000000000000e+00	 0.00000000000000000000e+00	 0.00000000000000000000e+00	 0.00000000000000000000e+00	 0.00000000000000000000e+00	 0.00000000000000000000e+00	 0.00000000000000000000e+00	 
 4.47999999999999953815e+00	 0.00000000000000000000e+00	 0.00000000000000000000e+00	 0.00000000000000000000e+00	 0.00000000000000000000e+00	 0.00000000000000000000e+00	 0.00000000000000000000e+00	 0.00000000000000000000e+00	 0.00000000000000000000e+00	 0.00000000000000000000e+00	 0.00000000000000000000e+00	 0.00000000000000000000e+00	 0.00000000000000000000e+00	 0.00000000000000000000e+00	 0.00000000000000000000e+00	 
 4.50000000000000000000e+00	 0.00000000000000000000e+00	 0.00000000000000000000e+00	 0.00000000000000000000e+00	 0.00000000000000000000e+00	 0.00000000000000000000e+00	 0.00000000000000000000e+00	 0.00000000000000000000e+00	 0.00000000000000000000e+00	 0.00000000000000000000e+00	 0.00000000000000000000e+00	 0.00000000000000000000e+00	 0.00000000000000000000e+00	 0.00000000000000000000e+00	 0.00000000000000000000e+00	 
 4.52000000000000046185e+00	 0.00000000000000000000e+00	 0.00000000000000000000e+00	 0.00000000000000000000e+00	 0.00000000000000000000e+00	 0.00000000000000000000e+00	 0.00000000000000000000e+00	 0.00000000000000000000e+00	 0.00000000000000000000e+00	 0.00000000000000000000e+00	 0.00000000000000000000e+00	 0.00000000000000000000e+00	 0.00000000000000000000e+00	 0.00000000000000000000e+00	 0.00000000000000000000e+00	 
 4.54000000000000003553e+00	 0.00000000000000000000e+00	 0.00000000000000000000e+00	 0.00000000000000000000e+00	 0.00000000000000000000e+00	 0.00000000000000000000e+00	 0.00000000000000000000e+00	 0.00000000000000000000e+00	 0.00000000000000000000e+00	 0.00000000000000000000e+00	 0.00000000000000000000e+00	 0.00000000000000000000e+00	 0.00000000000000000000e+00	 0.00000000000000000000e+00	 0.00000000000000000000e+00	 
 4.55999999999999960920e+00	 0.00000000000000000000e+00	 0.00000000000000000000e+00	 0.00000000000000000000e+00	 0.00000000000000000000e+00	 0.00000000000000000000e+00	 0.00000000000000000000e+00	 0.00000000000000000000e+00	 0.00000000000000000000e+00	 0.00000000000000000000e+00	 0.00000000000000000000e+00	 0.00000000000000000000e+00	 0.00000000000000000000e+00	 0.00000000000000000000e+00	 0.00000000000000000000e+00	 
 4.58000000000000007105e+00	 0.00000000000000000000e+00	 0.00000000000000000000e+00	 0.00000000000000000000e+00	 0.00000000000000000000e+00	 0.00000000000000000000e+00	 0.00000000000000000000e+00	 0.00000000000000000000e+00	 0.00000000000000000000e+00	 0.00000000000000000000e+00	 0.00000000000000000000e+00	 0.00000000000000000000e+00	 0.00000000000000000000e+00	 0.00000000000000000000e+00	 0.00000000000000000000e+00	 
 4.60000000000000053291e+00	 0.00000000000000000000e+00	 0.00000000000000000000e+00	 0.00000000000000000000e+00	 0.00000000000000000000e+00	 0.00000000000000000000e+00	 0.00000000000000000000e+00	 0.00000000000000000000e+00	 0.00000000000000000000e+00	 0.00000000000000000000e+00	 0.00000000000000000000e+00	 0.00000000000000000000e+00	 0.00000000000000000000e+00	 0.00000000000000000000e+00	 0.00000000000000000000e+00	 
 4.62000000000000010658e+00	 0.00000000000000000000e+00	 0.00000000000000000000e+00	 0.00000000000000000000e+00	 0.00000000000000000000e+00	 0.00000000000000000000e+00	 0.00000000000000000000e+00	 0.00000000000000000000e+00	 0.00000000000000000000e+00	 0.00000000000000000000e+00	 0.00000000000000000000e+00	 0.00000000000000000000e+00	 0.00000000000000000000e+00	 0.00000000000000000000e+00	 0.00000000000000000000e+00	 
 4.63999999999999968026e+00	 0.00000000000000000000e+00	 0.00000000000000000000e+00	 0.00000000000000000000e+00	 0.00000000000000000000e+00	 0.00000000000000000000e+00	 0.00000000000000000000e+00	 0.00000000000000000000e+00	 0.00000000000000000000e+00	 0.00000000000000000000e+00	 0.00000000000000000000e+00	 0.00000000000000000000e+00	 0.00000000000000000000e+00	 0.00000000000000000000e+00	 0.00000000000000000000e+00	 
 4.66000000000000014211e+00	 0.00000000000000000000e+00	 0.00000000000000000000e+00	 0.00000000000000000000e+00	 0.00000000000000000000e+00	 0.00000000000000000000e+00	 0.00000000000000000000e+00	 0.00000000000000000000e+00	 0.00000000000000000000e+00	 0.00000000000000000000e+00	 0.00000000000000000000e+00	 0.00000000000000000000e+00	 0.00000000000000000000e+00	 0.00000000000000000000e+00	 0.00000000000000000000e+00	 
 4.67999999999999971578e+00	 0.00000000000000000000e+00	 0.00000000000000000000e+00	 0.00000000000000000000e+00	 0.00000000000000000000e+00	 0.00000000000000000000e+00	 0.00000000000000000000e+00	 0.00000000000000000000e+00	 0.00000000000000000000e+00	 0.00000000000000000000e+00	 0.00000000000000000000e+00	 0.00000000000000000000e+00	 0.00000000000000000000e+00	 0.00000000000000000000e+00	 0.00000000000000000000e+00	 
 4.69999999999999928946e+00	 0.00000000000000000000e+00	 0.00000000000000000000e+00	 0.00000000000000000000e+00	 0.00000000000000000000e+00	 0.00000000000000000000e+00	 0.00000000000000000000e+00	 0.00000000000000000000e+00	 0.00000000000000000000e+00	 0.00000000000000000000e+00	 0.00000000000000000000e+00	 0.00000000000000000000e+00	 0.00000000000000000000e+00	 0.00000000000000000000e+00	 0.00000000000000000000e+00	 
 4.72000000000000063949e+00	 0.00000000000000000000e+00	 0.00000000000000000000e+00	 0.00000000000000000000e+00	 0.00000000000000000000e+00	 0.00000000000000000000e+00	 0.00000000000000000000e+00	 0.00000000000000000000e+00	 0.00000000000000000000e+00	 0.00000000000000000000e+00	 0.00000000000000000000e+00	 0.00000000000000000000e+00	 0.00000000000000000000e+00	 0.00000000000000000000e+00	 0.00000000000000000000e+00	 
 4.74000000000000021316e+00	 0.00000000000000000000e+00	 0.00000000000000000000e+00	 0.00000000000000000000e+00	 0.00000000000000000000e+00	 0.00000000000000000000e+00	 0.00000000000000000000e+00	 0.00000000000000000000e+00	 0.00000000000000000000e+00	 0.00000000000000000000e+00	 0.00000000000000000000e+00	 0.00000000000000000000e+00	 0.00000000000000000000e+00	 0.00000000000000000000e+00	 0.00000000000000000000e+00	 
 4.75999999999999978684e+00	 0.00000000000000000000e+00	 0.00000000000000000000e+00	 0.00000000000000000000e+00	 0.00000000000000000000e+00	 0.00000000000000000000e+00	 0.00000000000000000000e+00	 0.00000000000000000000e+00	 0.00000000000000000000e+00	 0.00000000000000000000e+00	 0.00000000000000000000e+00	 0.00000000000000000000e+00	 0.00000000000000000000e+00	 0.00000000000000000000e+00	 0.00000000000000000000e+00	 
 4.78000000000000024869e+00	 0.00000000000000000000e+00	 0.00000000000000000000e+00	 0.00000000000000000000e+00	 0.00000000000000000000e+00	 0.00000000000000000000e+00	 0.00000000000000000000e+00	 0.00000000000000000000e+00	 0.00000000000000000000e+00	 0.00000000000000000000e+00	 0.00000000000000000000e+00	 0.00000000000000000000e+00	 0.00000000000000000000e+00	 0.00000000000000000000e+00	 0.00000000000000000000e+00	 
 4.79999999999999982236e+00	 0.00000000000000000000e+00	 0.00000000000000000000e+00	 0.00000000000000000000e+00	 0.00000000000000000000e+00	 0.00000000000000000000e+00	 0.00000000000000000000e+00	 0.00000000000000000000e+00	 0.00000000000000000000e+00	 0.00000000000000000000e+00	 0.00000000000000000000e+00	 0.00000000000000000000e+00	 0.00000000000000000000e+00	 0.00000000000000000000e+00	 0.00000000000000000000e+00	 
 4.81999999999999939604e+00	 0.00000000000000000000e+00	 0.00000000000000000000e+00	 0.00000000000000000000e+00	 0.00000000000000000000e+00	 0.00000000000000000000e+00	 0.00000000000000000000e+00	 0.00000000000000000000e+00	 0.00000000000000000000e+00	 0.00000000000000000000e+00	 0.00000000000000000000e+00	 0.00000000000000000000e+00	 0.00000000000000000000e+00	 0.00000000000000000000e+00	 0.00000000000000000000e+00	 
 4.84000000000000074607e+00	 0.00000000000000000000e+00	 0.00000000000000000000e+00	 0.00000000000000000000e+00	 0.00000000000000000000e+00	 0.00000000000000000000e+00	 0.00000000000000000000e+00	 0.00000000000000000000e+00	 0.00000000000000000000e+00	 0.00000000000000000000e+00	 0.00000000000000000000e+00	 0.00000000000000000000e+00	 0.00000000000000000000e+00	 0.00000000000000000000e+00	 0.00000000000000000000e+00	 
 4.86000000000000031974e+00	 0.00000000000000000000e+00	 0.00000000000000000000e+00	 0.00000000000000000000e+00	 0.00000000000000000000e+00	 0.00000000000000000000e+00	 0.00000000000000000000e+00	 0.00000000000000000000e+00	 0.00000000000000000000e+00	 0.00000000000000000000e+00	 0.00000000000000000000e+00	 0.00000000000000000000e+00	 0.00000000000000000000e+00	 0.00000000000000000000e+00	 0.00000000000000000000e+00	 
 4.87999999999999989342e+00	 0.00000000000000000000e+00	 0.00000000000000000000e+00	 0.00000000000000000000e+00	 0.00000000000000000000e+00	 0.00000000000000000000e+00	 0.00000000000000000000e+00	 0.00000000000000000000e+00	 0.00000000000000000000e+00	 0.00000000000000000000e+00	 0.00000000000000000000e+00	 0.00000000000000000000e+00	 0.00000000000000000000e+00	 0.00000000000000000000e+00	 0.00000000000000000000e+00	 
 4.89999999999999946709e+00	 0.00000000000000000000e+00	 0.00000000000000000000e+00	 0.00000000000000000000e+00	 0.00000000000000000000e+00	 0.00000000000000000000e+00	 0.00000000000000000000e+00	 0.00000000000000000000e+00	 0.00000000000000000000e+00	 0.00000000000000000000e+00	 0.00000000000000000000e+00	 0.00000000000000000000e+00	 0.00000000000000000000e+00	 0.00000000000000000000e+00	 0.00000000000000000000e+00	 
 4.91999999999999992895e+00	 0.00000000000000000000e+00	 0.00000000000000000000e+00	 0.00000000000000000000e+00	 0.00000000000000000000e+00	 0.00000000000000000000e+00	 0.00000000000000000000e+00	 0.00000000000000000000e+00	 0.00000000000000000000e+00	 0.00000000000000000000e+00	 0.00000000000000000000e+00	 0.00000000000000000000e+00	 0.00000000000000000000e+00	 0.00000000000000000000e+00	 0.00000000000000000000e+00	 
 4.93999999999999950262e+00	 0.00000000000000000000e+00	 0.00000000000000000000e+00	 0.00000000000000000000e+00	 0.00000000000000000000e+00	 0.00000000000000000000e+00	 0.00000000000000000000e+00	 0.00000000000000000000e+00	 0.00000000000000000000e+00	 0.00000000000000000000e+00	 0.00000000000000000000e+00	 0.00000000000000000000e+00	 0.00000000000000000000e+00	 0.00000000000000000000e+00	 0.00000000000000000000e+00	 
 4.95999999999999996447e+00	 0.00000000000000000000e+00	 0.00000000000000000000e+00	 0.00000000000000000000e+00	 0.00000000000000000000e+00	 0.00000000000000000000e+00	 0.00000000000000000000e+00	 0.00000000000000000000e+00	 0.00000000000000000000e+00	 0.00000000000000000000e+00	 0.00000000000000000000e+00	 0.00000000000000000000e+00	 0.00000000000000000000e+00	 0.00000000000000000000e+00	 0.00000000000000000000e+00	 
 4.98000000000000042633e+00	 0.00000000000000000000e+00	 0.00000000000000000000e+00	 0.00000000000000000000e+00	 0.00000000000000000000e+00	 0.00000000000000000000e+00	 0.00000000000000000000e+00	 0.00000000000000000000e+00	 0.00000000000000000000e+00	 0.00000000000000000000e+00	 0.00000000000000000000e+00	 0.00000000000000000000e+00	 0.00000000000000000000e+00	 0.00000000000000000000e+00	 0.00000000000000000000e+00	 
 5.00000000000000000000e+00	 0.00000000000000000000e+00	 0.00000000000000000000e+00	 0.00000000000000000000e+00	 0.00000000000000000000e+00	 0.00000000000000000000e+00	 0.00000000000000000000e+00	 0.00000000000000000000e+00	 0.00000000000000000000e+00	 0.00000000000000000000e+00	 0.00000000000000000000e+00	 0.00000000000000000000e+00	 0.00000000000000000000e+00	 0.00000000000000000000e+00	 0.00000000000000000000e+00	 
