 -1.00000000000000000000e+00	 5.26008682633621374832e-06	 5.09616274893796657630e-06	 5.27638871906094174350e-06	 7.57684890921776679068e-03	 7.56808153666143918620e-03	 7.47400249424125164704e-03	 0.00000000000000000000e+00	 3.94800128301739036707e-03	 4.88653645681460732653e-03	 7.56542043195019154461e-03	 1.09316564786868943531e-05	 1.30376593619450117760e-05	 1.30376593619450117760e-05	 1.30376593619450117760e-05	 
 -9.79999999999999982236e-01	 5.35484940502432035618e-06	 5.18797716065423075173e-06	 5.37086693575771302790e-06	 7.71004644738893397254e-03	 7.70135929337078823514e-03	 7.60530505839008760804e-03	 0.00000000000000000000e+00	 4.03567655338695884665e-03	 4.99178731909227443864e-03	 7.69825209843400751902e-03	 1.11301479200986129932e-05	 1.32693267190363989056e-05	 1.32693267190363989056e-05	 1.32693267190363989056e-05	 
 -9.59999999999999964473e-01	 5.45045935451027329012e-06	 5.28061670658641121444e-06	 5.46617849019931529295e-06	 7.84434287175995656471e-03	 7.83574708065923331013e-03	 7.73768909586901917214e-03	 0.00000000000000000000e+00	 4.12467895277516573282e-03	 5.09854059390334960616e-03	 7.83217744715445328418e-03	 1.13304753364588839962e-05	 1.35029731058552139003e-05	 1.35029731058552139003e-05	 1.35029731058552139003e-05	 
 -9.39999999999999946709e-01	 5.54676488262415260560e-06	 5.37393565012245201328e-06	 5.56217928721303536585e-06	 7.97952173341938061912e-03	 7.97103032750698901887e-03	 7.87094098069088428382e-03	 0.00000000000000000000e+00	 4.21494512424032147929e-03	 5.20670200113810231757e-03	 7.96698370035562458691e-03	 1.15323323785178471763e-05	 1.37382188847998840472e-05	 1.37382188847998840472e-05	 1.37382188847998840472e-05	 
 -9.19999999999999928946e-01	 5.64360493208528875519e-06	 5.46777792047320335481e-06	 5.65871800768214138128e-06	 8.11535173160555373117e-03	 8.10697877188389787184e-03	 8.00483190780034575829e-03	 0.00000000000000000000e+00	 4.30640612174970453807e-03	 5.31616843824471180940e-03	 8.10244381930358241461e-03	 1.17353907214917348357e-05	 1.39746581445878281650e-05	 1.39746581445878281650e-05	 1.39746581445878281650e-05	 
 -9.00000000000000022204e-01	 5.74080604614234332083e-06	 5.56197538251364344871e-06	 5.75563267730134409979e-06	 8.25158476618126010549e-03	 8.24334538555063223164e-03	 8.13911643395729030026e-03	 0.00000000000000000000e+00	 4.39898628298353473742e-03	 5.42682665304828650010e-03	 8.23831467610440168481e-03	 1.19392965657086382579e-05	 1.42118541472359148138e-05	 1.42118541472359148138e-05	 1.42118541472359148138e-05	 
 -8.80000000000000115463e-01	 5.83819391609631253609e-06	 5.65634979657656025020e-06	 5.85274651323128102106e-06	 8.38795930689608705555e-03	 8.37986933139181315588e-03	 8.27353643337210183095e-03	 0.00000000000000000000e+00	 4.49260317970952196415e-03	 5.53855731130153180336e-03	 8.37433957834178913093e-03	 1.21436736318799800319e-05	 1.44493446710759854503e-05	 1.44493446710759854503e-05	 1.44493446710759854503e-05	 
 -8.59999999999999986677e-01	 5.93558831819125215208e-06	 5.75071139182494251888e-06	 5.94986900206710236011e-06	 8.52419822998909393341e-03	 8.51627395527917822882e-03	 8.40781871943567515881e-03	 0.00000000000000000000e+00	 4.58716737346479691562e-03	 5.65123300247671010721e-03	 8.51024649965565101184e-03	 1.23481205919980786508e-05	 1.46866382443009579504e-05	 1.46866382443009579504e-05	 1.46866382443009579504e-05	 
 -8.40000000000000079936e-01	 6.03279786056019491614e-06	 5.84485717565093710837e-06	 6.04679677487925049323e-06	 8.66000642701789460909e-03	 8.65226453830574004922e-03	 8.54167245174909835204e-03	 0.00000000000000000000e+00	 4.68258170297162958778e-03	 5.76471569544223863546e-03	 8.64574612836578604291e-03	 1.25522078906853024895e-05	 1.49232097930293648968e-05	 1.49232097930293648968e-05	 1.49232097930293648968e-05	 
 -8.20000000000000062172e-01	 6.12960118927238431638e-06	 5.93857457008369623799e-06	 6.14331186539955503606e-06	 8.79507865106282822609e-03	 8.78753345476275017634e-03	 8.67479368087632242423e-03	 0.00000000000000000000e+00	 4.77873962789057606798e-03	 5.87885489875656242625e-03	 8.78053525910084224637e-03	 1.27554840810713170568e-05	 1.51585110962944873321e-05	 1.51585110962944873321e-05	 1.51585110962944873321e-05	 
 -8.00000000000000044409e-01	 6.22575376798883755800e-06	 6.03163941112878618288e-06	 6.23918180945803718798e-06	 8.92909578681264602673e-03	 8.92175745344883815158e-03	 8.80686289337535323229e-03	 0.00000000000000000000e+00	 4.87552561896659793911e-03	 5.99348795784709204026e-03	 8.91429482735968739537e-03	 1.29574721002626115976e-05	 1.53919652535057348156e-05	 1.53919652535057348156e-05	 1.53919652535057348156e-05	 
 -7.80000000000000026645e-01	 6.32099413128218575814e-06	 6.12381371945082654204e-06	 6.33415946311040934161e-06	 9.06172099354701429674e-03	 9.05459475835231585028e-03	 8.93754239504836178742e-03	 0.00000000000000000000e+00	 4.97281487696691996969e-03	 6.10843960049990437194e-03	 9.04668779404083078788e-03	 1.31576649789475097388e-05	 1.56229606913013150196e-05	 1.56229606913013150196e-05	 1.56229606913013150196e-05	 
 -7.60000000000000008882e-01	 6.41506249846140077755e-06	 6.21485143619996500616e-06	 6.42798471909574972613e-06	 9.19260831324067613501e-03	 9.18569424180558195825e-03	 9.06648899911957281694e-03	 0.00000000000000000000e+00	 5.07047478601117297681e-03	 6.22352217955128312471e-03	 9.17736571793707940625e-03	 1.33555377407536843786e-05	 1.58508661930864708527e-05	 1.58508661930864708527e-05	 1.58508661930864708527e-05	 
 -7.39999999999999991118e-01	 6.50769289559143368940e-06	 6.30449572455998502244e-06	 6.52038328150727288001e-06	 9.32139890031527702796e-03	 9.31469135110488989648e-03	 9.19334861151914137234e-03	 0.00000000000000000000e+00	 5.16836416918916262409e-03	 6.33853520407626821326e-03	 9.30596573776650524967e-03	 1.35505417429087224811e-05	 1.60750239155548843724e-05	 1.60750239155548843724e-05	 1.60750239155548843724e-05	 
 -7.19999999999999973355e-01	 6.59860513313148291757e-06	 6.39247611546823903247e-06	 6.61106513705768396273e-06	 9.44771722255802366697e-03	 9.44120396668548730879e-03	 9.31775080712162438734e-03	 0.00000000000000000000e+00	 5.26633176597046236828e-03	 6.45326393691561788629e-03	 9.43210747630690224397e-03	 1.37420986068316367744e-05	 1.62947421376351695636e-05	 1.62947421376351695636e-05	 1.62947421376351695636e-05	 
 -6.99999999999999955591e-01	 6.68752128148392637310e-06	 6.47851457835615114064e-06	 6.69975437666257065252e-06	 9.57118251982368509201e-03	 9.56484478484754055416e-03	 9.43931480654815018017e-03	 0.00000000000000000000e+00	 5.36421858186173026312e-03	 6.56748478269582065120e-03	 9.55540473904160046759e-03	 1.39296160882643618679e-05	 1.65093094789951793560e-05	 1.65093094789951793560e-05	 1.65093094789951793560e-05	 
 -6.79999999999999937828e-01	 6.77415887879294014400e-06	 6.56232284508609794657e-06	 6.78617701735901267935e-06	 9.69140420501382604535e-03	 9.68521626666890046720e-03	 9.55764704873247362971e-03	 0.00000000000000000000e+00	 5.46185688743737723233e-03	 6.68096291839499669546e-03	 9.67546072901239589958e-03	 1.41124811771015844447e-05	 1.67179886454242441389e-05	 1.67179886454242441389e-05	 1.67179886454242441389e-05	 
 -6.60000000000000031086e-01	 6.85822413483435235992e-06	 6.64359964399986467799e-06	 6.87004885595981555049e-06	 9.80797733447408282004e-03	 9.80190563914282858571e-03	 9.67233878337512599510e-03	 0.00000000000000000000e+00	 5.55906834452572079508e-03	 6.79344899695657252620e-03	 9.79186330332065812954e-03	 1.42900529880377030457e-05	 1.69200100428131122439e-05	 1.69200100428131122439e-05	 1.69200100428131122439e-05	 
 -6.40000000000000013323e-01	 6.93940273196586558956e-06	 6.72204105042686629297e-06	 6.95107157749158144914e-06	 9.92049281221430573341e-03	 9.91450239927463977674e-03	 9.78298109722719119730e-03	 0.00000000000000000000e+00	 5.65566438044743432373e-03	 6.90468069419913725582e-03	 9.90419928170516161714e-03	 1.44616841410353483033e-05	 1.71145993624800800837e-05	 1.71145993624800800837e-05	 1.71145993624800800837e-05	 
 -6.19999999999999884537e-01	 7.01736359956666728960e-06	 6.79733625727784357461e-06	 7.02893459595297726223e-06	 1.00285336230111279954e-02	 1.00225915460201084328e-02	 9.88915911360733687618e-03	 0.00000000000000000000e+00	 5.75144603830179783344e-03	 7.01438193620464861544e-03	 1.00120489349632465353e-02	 1.46267120251055800830e-05	 1.73009663859546920675e-05	 1.73009663859546920675e-05	 1.73009663859546920675e-05	 
 -5.99999999999999977796e-01	 7.09176249019715761521e-06	 6.86916336634136159286e-06	 7.10331682259085594701e-06	 1.01316711678246188649e-02	 1.01257469701242913684e-02	 9.99044632782344552147e-03	 0.00000000000000000000e+00	 5.84620272456240659686e-03	 7.12226099937610882679e-03	 1.01149806018892892551e-02	 1.47844500859842833658e-05	 1.74782939430203090555e-05	 1.74782939430203090555e-05	 1.74782939430203090555e-05	 
 -5.79999999999999849010e-01	 7.16226298514858810904e-06	 6.93720322572668946415e-06	 7.17389663383430374111e-06	 1.02294790257065580652e-02	 1.02235456665566368240e-02	 1.00864199699816723538e-02	 0.00000000000000000000e+00	 5.93971107075872643138e-03	 7.22801478070037375923e-03	 1.02125702363278017537e-02	 1.49342157990162006893e-05	 1.76457743005551013983e-05	 1.76457743005551013983e-05	 1.76457743005551013983e-05	 
 -5.60000000000000053291e-01	 7.22852798088014576912e-06	 7.00113395796179661327e-06	 7.24034805618303682671e-06	 1.03215280039680463303e-02	 1.03155626595662300998e-02	 1.01766553815634212127e-02	 0.00000000000000000000e+00	 6.03173541679897801809e-03	 7.33132699930168999641e-03	 1.03043940752952940115e-02	 1.50753196168039709651e-05	 1.78025948577989069741e-05	 1.78025948577989069741e-05	 1.78025948577989069741e-05	 
 -5.40000000000000035527e-01	 7.29021135765889645029e-06	 7.06062560082410493878e-06	 7.30233702936008547454e-06	 1.04073813174051805347e-02	 1.04013660502689855858e-02	 1.02607205310128717785e-02	 0.00000000000000000000e+00	 6.12202683020200352781e-03	 7.43186516120995441237e-03	 1.03900214817023786584e-02	 1.52070541562876326841e-05	 1.79479241890951015845e-05	 1.79479241890951015845e-05	 1.79479241890951015845e-05	 
 -5.20000000000000017764e-01	 7.34698790825576318126e-06	 7.11535683232791842161e-06	 7.35952582878573878289e-06	 1.04866166455774845190e-02	 1.04805373638211466597e-02	 1.03382012307342858320e-02	 0.00000000000000000000e+00	 6.21033117474308060668e-03	 7.52929078312683172647e-03	 1.04690306041250180691e-02	 1.53287277697437810298e-05	 1.80809560942494151545e-05	 1.80809560942494151545e-05	 1.80809560942494151545e-05	 
 -5.00000000000000000000e-01	 7.39854131329571340934e-06	 7.16500844266023331091e-06	 7.41157160568724327718e-06	 1.05588179604791335825e-02	 1.05526641559687099636e-02	 1.04086916649300618293e-02	 0.00000000000000000000e+00	 6.29638595742191241322e-03	 7.62325522896026720049e-03	 1.05410029155327822359e-02	 1.54396514521299206980e-05	 1.82008925049107615930e-05	 1.82008925049107615930e-05	 1.82008925049107615930e-05	 
 -4.79999999999999926725e-01	 7.44455233618240150230e-06	 7.20925694198841643525e-06	 7.45812494203855086167e-06	 1.06235674730770831425e-02	 1.06173326945535797389e-02	 1.04717850318751613120e-02	 0.00000000000000000000e+00	 6.37991577100935434302e-03	 7.71339440512737797850e-03	 1.06055178024290538280e-02	 1.55391260856629147519e-05	 1.83069267282691061573e-05	 1.83069267282691061573e-05	 1.83069267282691061573e-05	 
 -4.59999999999999964473e-01	 7.48473531148555779551e-06	 7.24779697612213995252e-06	 7.49887136996563122840e-06	 1.06804668869625810773e-02	 1.06741546924667019686e-02	 1.05270979988885474143e-02	 0.00000000000000000000e+00	 6.46064148774004327197e-03	 7.79935013313895388748e-03	 1.06621842693569220811e-02	 1.56264906992874055293e-05	 1.83983004216586589982e-05	 1.83983004216586589982e-05	 1.83983004216586589982e-05	 
 -4.40000000000000002220e-01	 7.51882351363053976520e-06	 7.28033246143302643422e-06	 7.53351433867073413492e-06	 1.07291296817315588014e-02	 1.07227573499988401012e-02	 1.05742617134819572727e-02	 0.00000000000000000000e+00	 6.53827662797111606313e-03	 7.88076141449081321588e-03	 1.07106288094796428534e-02	 1.57011033006918099384e-05	 1.84742812271255405193e-05	 1.84742812271255405193e-05	 1.84742812271255405193e-05	 
 -4.19999999999999984457e-01	 7.54655434735376370815e-06	 7.30656779418625779778e-06	 7.56175851004832388284e-06	 1.07691732887739179125e-02	 1.07627732645758436569e-02	 1.06129126371450714650e-02	 0.00000000000000000000e+00	 6.61252232044512704839e-03	 7.95725502133353378154e-03	 1.07504832229145166206e-02	 1.57623220281790209630e-05	 1.85341404409156437587e-05	 1.85341404409156437587e-05	 1.85341404409156437587e-05	 
 -3.99999999999999911182e-01	 7.56765777797052275336e-06	 7.32623226167690413046e-06	 7.58330868347416580267e-06	 1.08002569792283748679e-02	 1.07938601304405825537e-02	 1.06427092307398406257e-02	 0.00000000000000000000e+00	 6.68308171887510658188e-03	 8.02845225584033518607e-03	 1.07814080943141373664e-02	 1.58095576513626351496e-05	 1.85772131539955986620e-05	 1.85772131539955986620e-05	 1.85772131539955986620e-05	 
 -3.80000000000000004441e-01	 7.58186245040985737055e-06	 7.33907025556681576482e-06	 7.59787092013265223748e-06	 1.08220669444728800901e-02	 1.08156937268944625119e-02	 1.06633262026652516491e-02	 0.00000000000000000000e+00	 6.74965409818259736568e-03	 8.09396603690898559791e-03	 1.08030841624867542106e-02	 1.58422524306650127116e-05	 1.86028743823007990197e-05	 1.86028743823007990197e-05	 1.86028743823007990197e-05	 
 -3.59999999999999931166e-01	 7.58890110628752520349e-06	 7.34483127995295106196e-06	 7.60515328210961811769e-06	 1.08343009624651941819e-02	 1.08279602980645376503e-02	 1.06744481279529082607e-02	 0.00000000000000000000e+00	 6.81192774951281526663e-03	 8.15339702389282841577e-03	 1.08152030936144016166e-02	 1.58598587801672876862e-05	 1.86105143542565266046e-05	 1.86105143542565266046e-05	 1.86105143542565266046e-05	 
 -3.39999999999999968914e-01	 7.58854508010733210438e-06	 7.34329814229048983789e-06	 7.60490195861908063811e-06	 1.08366958449207829995e-02	 1.08303899150447562744e-02	 1.06758024912673617213e-02	 0.00000000000000000000e+00	 6.86959211616533678424e-03	 8.20636873532785450502e-03	 1.08174960781852944058e-02	 1.58619014904600191698e-05	 1.85996082065878926308e-05	 1.85996082065878926308e-05	 1.85996082065878926308e-05	 
 -3.20000000000000006661e-01	 7.58058977061733778183e-06	 7.33427527327997721729e-06	 7.59688583466436618565e-06	 1.08290168100869717976e-02	 1.08227431472945733598e-02	 1.06671464194993802915e-02	 0.00000000000000000000e+00	 6.92233252145941450190e-03	 8.25251231686808736643e-03	 1.08097226209096144295e-02	 1.58479518247807622290e-05	 1.85696873431227577229e-05	 1.85696873431227577229e-05	 1.85696873431227577229e-05	 
 -2.99999999999999933387e-01	 7.56483968166816269946e-06	 7.31757635465034387548e-06	 7.58088088930867674641e-06	 1.08110455890537832113e-02	 1.08047966603196116814e-02	 1.06482523882434378104e-02	 0.00000000000000000000e+00	 6.96982369314435527136e-03	 8.29145134116626193743e-03	 1.07916581750375929066e-02	 1.58176004727007384889e-05	 1.85203085652852197040e-05	 1.85203085652852197040e-05	 1.85203085652852197040e-05	 
 -2.80000000000000026645e-01	 7.54114466811132250315e-06	 7.29306282675853254956e-06	 7.55674151841490135059e-06	 1.07826127214570889612e-02	 1.07763802566675521294e-02	 1.06189438461653015006e-02	 0.00000000000000000000e+00	 7.01175313574444337289e-03	 8.32283599195354772959e-03	 1.07631411650643497163e-02	 1.57705419138708463557e-05	 1.84511496356870131690e-05	 1.84511496356870131690e-05	 1.84511496356870131690e-05	 
 -2.59999999999999953371e-01	 7.50938422487020522416e-06	 7.26062722960960027442e-06	 7.52436912501612076374e-06	 1.07435841827108694707e-02	 1.07373613602411589057e-02	 1.05790802318807969362e-02	 0.00000000000000000000e+00	 7.04781057986566834145e-03	 8.34632753235381788515e-03	 1.07240530620780847443e-02	 1.57065378417953840928e-05	 1.83619681581775792125e-05	 1.83619681581775792125e-05	 1.83619681581775792125e-05	 
 -2.39999999999999907851e-01	 7.46945047993273050281e-06	 7.22017504859556923455e-06	 7.48367964255525855183e-06	 1.06938458993620748305e-02	 1.06876274711510694387e-02	 1.05285400333560361097e-02	 0.00000000000000000000e+00	 7.07767676869156328601e-03	 8.36158313511242180793e-03	 1.06742964359213127201e-02	 1.56253777886325513256e-05	 1.82525560076646740926e-05	 1.82525560076646740926e-05	 1.82525560076646740926e-05	 
 -2.19999999999999945599e-01	 7.42130349175182099707e-06	 7.17166751343143081218e-06	 7.43463969113897102598e-06	 1.06333421463868649237e-02	 1.06271284162853755367e-02	 1.04672666128175391453e-02	 0.00000000000000000000e+00	 7.10104871373653644823e-03	 8.36829893905216559702e-03	 1.06138200664743411611e-02	 1.55269712068760638401e-05	 1.81228454809682096522e-05	 1.81228454809682096522e-05	 1.81228454809682096522e-05	 
 -1.99999999999999983347e-01	 7.36494641909510012432e-06	 7.11510249781224437545e-06	 7.37725067249792267656e-06	 1.05620586214405093317e-02	 1.05558577227803599557e-02	 1.03952478544405303024e-02	 0.00000000000000000000e+00	 7.11762750439420659176e-03	 8.36618965659386738809e-03	 1.05426081482238760689e-02	 1.54113063284132904818e-05	 1.79728621706282698533e-05	 1.79728621706282698533e-05	 1.79728621706282698533e-05	 
 -1.79999999999999993339e-01	 7.30039805497076704294e-06	 7.05049251547389856510e-06	 7.31152957178774743453e-06	 1.04800022252269954548e-02	 1.04738306433884136720e-02	 1.03124925883762343787e-02	 0.00000000000000000000e+00	 7.12710581578303477290e-03	 8.35496902804408816956e-03	 1.04606658895636025347e-02	 1.52784032556576954240e-05	 1.78026696405751580455e-05	 1.78026696405751580455e-05	 1.78026696405751580455e-05	 
 -1.59999999999999920064e-01	 7.22769523480157917845e-06	 6.97790933135436618754e-06	 7.23757608754603569472e-06	 1.03872557531065334846e-02	 1.03811346259836036893e-02	 1.02190800083000656734e-02	 0.00000000000000000000e+00	 7.12921760194171628272e-03	 8.33441323604376671508e-03	 1.03680721107447144924e-02	 1.51284061514886090959e-05	 1.76124792214323021582e-05	 1.76124792214323021582e-05	 1.76124792214323021582e-05	 
 -1.39999999999999902300e-01	 7.14689163753793894868e-06	 6.89746349317225860458e-06	 7.15554188667126772285e-06	 1.02839526391086504009e-02	 1.02779060764517336801e-02	 1.01151368278629642111e-02	 0.00000000000000000000e+00	 7.12371409072262186390e-03	 8.30433018785921121807e-03	 1.02649549171352494348e-02	 1.49615408820112169309e-05	 1.74025999254671027603e-05	 1.74025999254671027603e-05	 1.74025999254671027603e-05	 
 -1.20000000000000009437e-01	 7.05805186578653574666e-06	 6.80927902364309875439e-06	 7.06559444731274111372e-06	 1.01702467398276895361e-02	 1.01643019730833401859e-02	 1.00008093172475748256e-02	 0.00000000000000000000e+00	 7.11034074937039965031e-03	 8.26453022715055440894e-03	 1.01514624963594292384e-02	 1.47780628524173334950e-05	 1.71733751139842298519e-05	 1.71733751139842298519e-05	 1.71733751139842298519e-05	 
 -1.00000000000000005551e-01	 6.96135804945857403946e-06	 6.71354083097816154400e-06	 6.96792463764321917137e-06	 1.00463661363197169496e-02	 1.00405488172184403223e-02	 9.87631096631837006317e-03	 0.00000000000000000000e+00	 7.08890996604253330327e-03	 8.21491166869555387853e-03	 1.00278222169034644112e-02	 1.45783574218229361989e-05	 1.69252999567903848895e-05	 1.69252999567903848895e-05	 1.69252999567903848895e-05	 
 -8.00000000000000155431e-02	 6.85705939330091220112e-06	 6.61047249283927096879e-06	 6.86274365914606197732e-06	 9.91258756121595439870e-03	 9.90691934523653568168e-03	 9.74189966321458225562e-03	 0.00000000000000000000e+00	 7.05926530117372257739e-03	 8.15541855513794190780e-03	 9.89431253970759171101e-03	 1.43628927148152791535e-05	 1.66589667386577222684e-05	 1.66589667386577222684e-05	 1.66589667386577222684e-05	 
 -5.99999999999999630851e-02	 6.74541578833168955338e-06	 6.50030677492495622148e-06	 6.75027183808027256891e-06	 9.76920329530171598076e-03	 9.76370166886088644564e-03	 9.59784737391581460608e-03	 0.00000000000000000000e+00	 7.02124786718050404588e-03	 8.08599982247039557326e-03	 9.75122755138800589858e-03	 1.41321576695772517393e-05	 1.63749906866185824595e-05	 1.63749906866185824595e-05	 1.63749906866185824595e-05	 
 -3.99999999999999383826e-02	 6.62673060940586513401e-06	 6.38334151092450973559e-06	 6.63080118853183226609e-06	 9.61656080974670340877e-03	 9.61124435353982037311e-03	 9.44450006311161292805e-03	 0.00000000000000000000e+00	 6.97478007580687193318e-03	 8.00669993540908432605e-03	 9.59891873683618376822e-03	 1.38867866678064869512e-05	 1.60741468056884067911e-05	 1.60741468056884067911e-05	 1.60741468056884067911e-05	 
 -2.00000000000000281719e-02	 6.50133557230097345014e-06	 6.25991321520560640686e-06	 6.50466556022330685534e-06	 9.45504338364135110684e-03	 9.44993442888504737998e-03	 9.28224852847930360922e-03	 0.00000000000000000000e+00	 6.91982315241498804198e-03	 7.91761279838206627479e-03	 9.43777463298586631602e-03	 1.36275004940563436391e-05	 1.57573057029815532463e-05	 1.57573057029815532463e-05	 1.57573057029815532463e-05	 
 -4.82163733276643543166e-17	 6.36956478451582794201e-06	 6.13036039399262986407e-06	 6.37220108145180711725e-06	 9.28504031329908420533e-03	 9.28016511331100808768e-03	 9.11148899265017998828e-03	 0.00000000000000000000e+00	 6.85633693389762176318e-03	 7.81883556330131845868e-03	 9.26819002124745251747e-03	 1.33550261297633734661e-05	 1.54253421834953064959e-05	 1.54253421834953064959e-05	 1.54253421834953064959e-05	 
 2.00000000000001253164e-02	 6.23184223090043273592e-06	 5.99507906556078596716e-06	 6.23381895239529552145e-06	 9.10701772505045394068e-03	 9.10240405601433349991e-03	 8.93269007836176506809e-03	 0.00000000000000000000e+00	 6.78435534743058663021e-03	 7.71057261318043064835e-03	 9.09062717518164566111e-03	 1.30702153577098791911e-05	 1.50792702462539866901e-05	 1.50792702462539866901e-05	 1.50792702462539866901e-05	 
 4.00000000000001187939e-02	 6.08864026789757719043e-06	 5.85449696353210748904e-06	 6.08997108374742479283e-06	 8.92148408709063887867e-03	 8.91716014275544671674e-03	 8.74636029992477241624e-03	 0.00000000000000000000e+00	 6.70394619169278112997e-03	 7.59308204415943231724e-03	 8.90558604214366361651e-03	 1.27739895748980629637e-05	 1.47201809469539566952e-05	 1.47201809469539566952e-05	 1.47201809469539566952e-05	 
 6.00000000000000255351e-02	 5.94042397806731907093e-06	 5.70903365015104268464e-06	 5.94110176804081959926e-06	 8.72894253440990516846e-03	 8.72493702106316194878e-03	 8.55300163480269236282e-03	 0.00000000000000000000e+00	 6.61517194939640305884e-03	 7.46661949516001267890e-03	 8.71356113379527855156e-03	 1.24672552097187579477e-05	 1.43491435484327512200e-05	 1.43491435484327512200e-05	 1.43491435484327512200e-05	 
 7.99999999999999322764e-02	 5.78768963925398016300e-06	 5.55915324999943301392e-06	 5.78766267321907246625e-06	 8.52995546141228737358e-03	 8.52629167068774847238e-03	 8.35315540030596645482e-03	 0.00000000000000000000e+00	 6.51820307250567700097e-03	 7.33154141546046595607e-03	 8.51511725586707665658e-03	 1.21510121113339569218e-05	 1.39673367110947092482e-05	 1.39673367110947092482e-05	 1.39673367110947092482e-05	 
 9.99999999999999500400e-02	 5.63094898375878066121e-06	 5.40534107328163079386e-06	 5.63010815094448559021e-06	 8.32511394331345369602e-03	 8.32180677040635259634e-03	 8.14738084338497911552e-03	 0.00000000000000000000e+00	 6.41325852581464770502e-03	 7.18825150762554109657e-03	 8.31085339531848973915e-03	 1.18263056493103217601e-05	 1.35759909425626573926e-05	 1.35759909425626573926e-05	 1.35759909425626573926e-05	 
 1.20000000000000023315e-01	 5.47069401580475497148e-06	 5.24806206648149675367e-06	 5.46887224569122660210e-06	 8.11498948601943777270e-03	 8.11204545185483134884e-03	 7.93621553567585256983e-03	 0.00000000000000000000e+00	 6.30054640470684070713e-03	 7.03714025549696722134e-03	 8.10134921591478159020e-03	 1.14941408388290232308e-05	 1.31762841876444445596e-05	 1.31762841876444445596e-05	 1.31762841876444445596e-05	 
 1.40000000000000041078e-01	 5.30739912062641599902e-06	 5.08782176457196956581e-06	 5.30447224722128355540e-06	 7.90020185847848700755e-03	 7.89762259562363892751e-03	 7.72026770735396300482e-03	 0.00000000000000000000e+00	 6.18038700186247010743e-03	 6.87870656540490611058e-03	 7.88722056037947580331e-03	 1.11556131767667663187e-05	 1.27694927650724689638e-05	 1.27694927650724689638e-05	 1.27694927650724689638e-05	 
 1.59999999999999975575e-01	 5.14152477085115851708e-06	 4.92514051552204777060e-06	 5.13746075566470782080e-06	 7.68138856823501799814e-03	 7.67917244521794037371e-03	 7.50017310871075974787e-03	 0.00000000000000000000e+00	 6.05314812526771758860e-03	 6.71349581464161012517e-03	 7.66909518771643258089e-03	 1.08118531448446011695e-05	 1.23569283405972015394e-05	 1.23569283405972015394e-05	 1.23569283405972015394e-05	 
 1.79999999999999937828e-01	 4.97349892043614171758e-06	 4.76050521053586569753e-06	 4.96835649357681015224e-06	 7.45915207922071693547e-03	 7.45729432541279973340e-03	 7.27652983929077262770e-03	 0.00000000000000000000e+00	 5.91917664476666102041e-03	 6.54202567965436743158e-03	 7.44756604428073280821e-03	 1.04639237958348703091e-05	 1.19398171934410327126e-05	 1.19398171934410327126e-05	 1.19398171934410327126e-05	 
 2.00000000000000094369e-01	 4.80382748766143356214e-06	 4.59443256910516791751e-06	 4.79770942713135895919e-06	 7.23414523604104606896e-03	 7.23263159550686322158e-03	 7.04997409346066680746e-03	 0.00000000000000000000e+00	 5.77893235767121260515e-03	 6.36491261635061065377e-03	 7.22326759777252788708e-03	 1.01129586075925875061e-05	 1.15194580639248723243e-05	 1.15194580639248723243e-05	 1.15194580639248723243e-05	 
 2.20000000000000001110e-01	 4.63304445877547778631e-06	 4.42744478345546368275e-06	 4.62607585489844480787e-06	 7.00703448493443428052e-03	 7.00583804244449617760e-03	 6.82114834177742924287e-03	 0.00000000000000000000e+00	 5.63291875744528942882e-03	 6.18280963658637307268e-03	 6.99684343777848358897e-03	 9.76010811529588200486e-06	 1.10971622292328064982e-05	 1.10971622292328064982e-05	 1.10971622292328064982e-05	 
 2.39999999999999963363e-01	 4.46163761295511715108e-06	 4.26001773685182190502e-06	 4.45396495247326522447e-06	 6.77843570420726647396e-03	 6.77751711693449273438e-03	 6.59064098828426175869e-03	 0.00000000000000000000e+00	 5.48160426670731698584e-03	 5.99632441964974369913e-03	 6.76888702883009230060e-03	 9.40642908479102490132e-06	 1.06741235688454735072e-05	 1.06741235688454735072e-05	 1.06741235688454735072e-05	 
 2.59999999999999953371e-01	 4.29008115977933443519e-06	 4.09264750490689102050e-06	 4.28183690174615232935e-06	 6.54897873718159832107e-03	 6.54830003957251622487e-03	 6.35909408228660984891e-03	 0.00000000000000000000e+00	 5.32557133296746899875e-03	 5.80614544679215402456e-03	 6.54001764902349246728e-03	 9.05301448791885129280e-06	 1.02515818080712205402e-05	 1.02515818080712205402e-05	 1.02515818080712205402e-05	 
 2.80000000000000082157e-01	 4.11883011091950044635e-06	 3.92582764439931978563e-06	 4.11011581841666253186e-06	 6.31928510453295521482e-03	 6.31881625637973308451e-03	 6.12715865360801553718e-03	 0.00000000000000000000e+00	 5.16544196543353845152e-03	 5.61298372781284492239e-03	 6.31085171727062063662e-03	 8.70095156716212418582e-06	 9.83076817035388053428e-06	 9.83076817035388053428e-06	 9.83076817035388053428e-06	 
 2.99999999999999988898e-01	 3.94828282079955664537e-06	 3.75999392445267725837e-06	 3.93916984220454235402e-06	 6.08991210075167117149e-03	 6.08963083810123029932e-03	 5.89541547125352945885e-03	 0.00000000000000000000e+00	 5.00178588048236227870e-03	 5.41748611208608347317e-03	 6.08194156062316464151e-03	 8.35121162563195085400e-06	 9.41276824932094441042e-06	 9.41276824932094441042e-06	 9.41276824932094441042e-06	 
 3.20000000000000006661e-01	 3.77887056340931552914e-06	 3.59559211047231436171e-06	 3.76943539251920866750e-06	 5.86142257119308136143e-03	 5.86132126625139079218e-03	 5.66446556353752527641e-03	 0.00000000000000000000e+00	 4.83524369924689945144e-03	 5.22034936265252085680e-03	 5.85386873807102608991e-03	 8.00476715515548175889e-06	 8.99869008317579962013e-06	 8.99869008317579962013e-06	 8.99869008317579962013e-06	 
 3.39999999999999968914e-01	 3.61102481960377668738e-06	 3.43305842125091535317e-06	 3.60136578603925799281e-06	 5.63436377054643555695e-03	 5.63445282020490732788e-03	 5.43489958744829484982e-03	 0.00000000000000000000e+00	 4.66647044102897097517e-03	 5.02227337676136066646e-03	 5.62721048968163953252e-03	 7.66256475458085957941e-06	 8.58961684440920204375e-06	 8.58961684440920204375e-06	 8.58961684440920204375e-06	 
 3.59999999999999931166e-01	 3.44510948841720180216e-06	 3.27276222825920607841e-06	 3.43534560416765344514e-06	 5.40920761715053648178e-03	 5.40951501157546817133e-03	 5.20722459831328074453e-03	 0.00000000000000000000e+00	 4.49605148550724382367e-03	 4.82387667915768186128e-03	 5.40246779934152633607e-03	 7.32542006101457068271e-06	 8.18646399222194394104e-06	 8.18646399222194394104e-06	 8.18646399222194394104e-06	 
 3.80000000000000059952e-01	 3.28158534805033816703e-06	 3.11507841333172857455e-06	 3.27180033162058439780e-06	 5.18646962130092214344e-03	 5.18701873324352216027e-03	 4.98195319864838757212e-03	 0.00000000000000000000e+00	 4.32462186211433723126e-03	 4.62581780130372210991e-03	 5.18016013580452610449e-03	 6.99413750012208175737e-06	 7.79015561590964562811e-06	 7.79015561590964562811e-06	 7.79015561590964562811e-06	 
 4.00000000000000077716e-01	 3.12094197475444510607e-06	 2.96036943203953667496e-06	 3.11115852781684466420e-06	 4.96666611630941674804e-03	 4.96746545156920987774e-03	 4.75957865754213574339e-03	 0.00000000000000000000e+00	 4.15281729259648832442e-03	 4.42875056782982869097e-03	 4.96079622240188158888e-03	 6.66948972273008060556e-06	 7.40158279274370831233e-06	 7.40158279274370831233e-06	 7.40158279274370831233e-06	 
 4.19999999999999984457e-01	 2.96358582416483993938e-06	 2.80892456746815868880e-06	 2.95376990076400939173e-06	 4.75022750891162821169e-03	 4.75127167403046907906e-03	 4.54050066617778854544e-03	 0.00000000000000000000e+00	 3.98118858909813667923e-03	 4.23323287559244226808e-03	 4.74479949927512564822e-03	 6.35211087962328231193e-06	 7.02145401760121041796e-06	 7.02145401760121041796e-06	 7.02145401760121041796e-06	 
 4.39999999999999946709e-01	 2.80986837593633450148e-06	 2.66103460110323051282e-06	 2.79997542515642325217e-06	 4.53757475565190904893e-03	 4.53884937950987249478e-03	 4.32515092847858290820e-03	 0.00000000000000000000e+00	 3.81031238519809103277e-03	 4.03984288271007525861e-03	 4.53258605114812470477e-03	 6.04263229157033089189e-06	 6.65047607262302631993e-06	 6.65047607262302631993e-06	 6.65047607262302631993e-06	 
 4.60000000000000131006e-01	 2.66010093174585723666e-06	 2.51697672666163634622e-06	 2.65009699740806474544e-06	 4.32910540650789394529e-03	 4.33058944458578759518e-03	 4.11395368033002240687e-03	 0.00000000000000000000e+00	 3.64075301724382793811e-03	 3.84914382332015832591e-03	 4.32454962170842217156e-03	 5.74166097634004848785e-06	 6.28931994755739141937e-06	 6.28931994755739141937e-06	 6.28931994755739141937e-06	 
 4.80000000000000037748e-01	 2.51451524899358707776e-06	 2.37695171236190290243e-06	 2.50437549351328803514e-06	 4.12512714499152586406e-03	 4.12679343520513854798e-03	 3.90723021558683249188e-03	 0.00000000000000000000e+00	 3.47297879766769778190e-03	 3.66159321516116003509e-03	 4.12099461112533978907e-03	 5.44966436315839272686e-06	 5.93846700434344743703e-06	 5.93846700434344743703e-06	 5.93846700434344743703e-06	 
 5.00000000000000000000e-01	 2.37328681807509544278e-06	 2.24115677393463355062e-06	 2.36303969903420550238e-06	 3.92594580619954648670e-03	 3.92777489761292949305e-03	 3.70533159208285460887e-03	 0.00000000000000000000e+00	 3.30747996810882693292e-03	 3.47765030224427658043e-03	 3.92223600680083675507e-03	 5.16701973505958278533e-06	 5.59838526185599820895e-06	 5.59838526185599820895e-06	 5.59838526185599820895e-06	 
 5.20000000000000128786e-01	 2.23655315579030281896e-06	 2.10977527651982517794e-06	 2.22630026913912621377e-06	 3.73184935941795825967e-03	 3.73383583338725982825e-03	 3.50860160463026390584e-03	 0.00000000000000000000e+00	 3.14473287558405395492e-03	 3.29775218550098147760e-03	 3.72857673658257005034e-03	 4.89404761028982648961e-06	 5.26950693877529145824e-06	 5.26950693877529145824e-06	 5.26950693877529145824e-06	 
 5.40000000000000035527e-01	 2.10437839121451044643e-06	 1.98291424384731140794e-06	 2.09428837714985969967e-06	 3.54303452929325855478e-03	 3.54518630347937886357e-03	 3.31727472410889637211e-03	 0.00000000000000000000e+00	 2.98511043121529916558e-03	 3.12222625916587677442e-03	 3.54022798369739910215e-03	 4.63094493612140390874e-06	 4.95207577119365955379e-06	 4.95207577119365955379e-06	 4.95207577119365955379e-06	 
 5.60000000000000053291e-01	 1.97686693474854354433e-06	 1.86068219899656903236e-06	 1.96709893875223465197e-06	 3.35971893947447806592e-03	 3.36204009518794449951e-03	 3.13161072139989159549e-03	 0.00000000000000000000e+00	 2.82899636918826488316e-03	 2.95140626578118325449e-03	 3.35739602347060643942e-03	 4.37805855292158969169e-06	 4.64633713647108237036e-06	 4.64633713647108237036e-06	 4.64633713647108237036e-06	 
 5.79999999999999849010e-01	 1.85413162304070057315e-06	 1.74317911117145770673e-06	 1.84480158427627708459e-06	 3.18211596661709074027e-03	 3.18459909991754535480e-03	 2.95186297999490030938e-03	 0.00000000000000000000e+00	 2.67675781861512933693e-03	 2.78560920184286065632e-03	 3.18027150581331064655e-03	 4.13579605824354755217e-06	 4.35251494855280658149e-06	 4.35251494855280658149e-06	 4.35251494855280658149e-06	 
 5.99999999999999977796e-01	 1.73620818632106597710e-06	 1.63043049102903295747e-06	 1.72739385696267022592e-06	 3.01034697436639020474e-03	 3.01297446392147921790e-03	 2.77817285980277214191e-03	 0.00000000000000000000e+00	 2.52865602751033754364e-03	 2.62504186347490946207e-03	 3.00895548447301141096e-03	 3.90443507504953672606e-06	 4.07064976151867133260e-06	 4.07064976151867133260e-06	 4.07064976151867133260e-06	 
 6.20000000000000106581e-01	 1.62314398274871916310e-06	 1.52246526817077988199e-06	 1.61490032385147795964e-06	 2.84452885713529788139e-03	 2.84728072132905962732e-03	 2.61069722869495439779e-03	 0.00000000000000000000e+00	 2.38494925449139055784e-03	 2.46990826531382845835e-03	 2.84355164924856521763e-03	 3.68411689241238761143e-06	 3.80079320238705573281e-06	 3.80079320238705573281e-06	 3.80079320238705573281e-06	 
 6.39999999999999902300e-01	 1.51498510613346494052e-06	 1.41930827090422613995e-06	 1.50735216926459783403e-06	 2.68476737547088291358e-03	 2.68762486684629873721e-03	 2.44958665779215160191e-03	 0.00000000000000000000e+00	 2.24587721341984025009e-03	 2.32039653366623681296e-03	 2.68415589274065930978e-03	 3.47493016390366791000e-06	 3.54298842512483576320e-06	 3.54298842512483576320e-06	 3.54298842512483576320e-06	 
 6.60000000000000031086e-01	 1.41170289812038169796e-06	 1.32091357610814857355e-06	 1.40470856983450271651e-06	 2.53108124573426032655e-03	 2.53402706575384887439e-03	 2.29488171152647264101e-03	 0.00000000000000000000e+00	 2.11157679396249166326e-03	 2.17658910320521134518e-03	 2.53077826899265282551e-03	 3.27687771661861185001e-06	 3.29710387431610975860e-06	 3.29710387431610975860e-06	 3.29710387431610975860e-06	 
 6.80000000000000159872e-01	 1.31330182414418347011e-06	 1.22724890430615542903e-06	 1.30698542518783686823e-06	 2.38347524138063761659e-03	 2.38651533695713284622e-03	 2.14664908202140880186e-03	 0.00000000000000000000e+00	 1.98219054480654058650e-03	 2.03857337783276432869e-03	 2.38344011439565106256e-03	 3.08984589771376712562e-06	 3.06304698825064671195e-06	 3.06304698825064671195e-06	 3.06304698825064671195e-06	 
 6.99999999999999955591e-01	 1.21979820880419914137e-06	 1.13828608214541404939e-06	 1.21422139637230174934e-06	 2.24194404774772770156e-03	 2.24511724342562300760e-03	 2.00495938873586224474e-03	 0.00000000000000000000e+00	 1.85785168735633264905e-03	 1.90643019246663396674e-03	 2.24216364091984381515e-03	 2.91369539564869348169e-06	 2.84073789230114518854e-06	 2.84073789230114518854e-06	 2.84073789230114518854e-06	 
 7.20000000000000084377e-01	 1.13113432632036444457e-06	 1.05392978978422073316e-06	 1.12637987579084467426e-06	 2.10640335606927190520e-03	 2.10977903084528638916e-03	 1.86977689797771071296e-03	 0.00000000000000000000e+00	 1.73859553906038195002e-03	 1.78014111798953378329e-03	 2.10688983924154369168e-03	 2.74824655367232138900e-06	 2.62992972548821936219e-06	 2.62992972548821936219e-06	 2.62992972548821936219e-06	 
 7.39999999999999991118e-01	 1.04722569913426854258e-06	 9.74102283957525050701e-07	 1.04335078836957427411e-06	 1.97679749023838523259e-03	 1.98043914700707585422e-03	 1.74109431175398536237e-03	 0.00000000000000000000e+00	 1.62446838449489166026e-03	 1.65970377166735675277e-03	 1.97756824184647629974e-03	 2.59320388816063696823e-06	 2.43042362864594754340e-06	 2.43042362864594754340e-06	 2.43042362864594754340e-06	 
 7.60000000000000008882e-01	 9.67978494666713402942e-07	 8.98735207472461627649e-07	 9.64995754319136102368e-07	 1.85308405024858509173e-03	 1.85703407705664342957e-03	 1.61891556952679926962e-03	 0.00000000000000000000e+00	 1.51551532480828578427e-03	 1.54512012506541319100e-03	 1.85415303924199299616e-03	 2.44826342382910751644e-06	 2.24204584249497973719e-06	 2.24204584249497973719e-06	 2.24204584249497973719e-06	 
 7.80000000000000137668e-01	 8.93238886078171723318e-07	 8.27697328875461466049e-07	 8.91124606857367312400e-07	 1.73514452742845625734e-03	 1.73942818240283621906e-03	 1.50314491771603889018e-03	 0.00000000000000000000e+00	 1.41169015267724557924e-03	 1.43629992635518444026e-03	 1.73652375879703433671e-03	 2.31312655339913886932e-06	 2.06446503735439986155e-06	 2.06446503735439986155e-06	 2.06446503735439986155e-06	 
 7.99999999999999933387e-01	 8.22858919096089476154e-07	 7.60875076295537736217e-07	 8.21567796612466511647e-07	 1.62288464031016773682e-03	 1.62750444223155052784e-03	 1.39370206417650018688e-03	 0.00000000000000000000e+00	 1.31295415733176010741e-03	 1.33315905909896378033e-03	 1.62458021806740010931e-03	 2.18731925924640684746e-06	 1.89739773801593426155e-06	 1.89739773801593426155e-06	 1.89739773801593426155e-06	 
 8.20000000000000062172e-01	 7.56699464881657067496e-07	 6.98167689834824071195e-07	 7.56172024410551374534e-07	 1.51622573833322437167e-03	 1.52115996252422374518e-03	 1.29051961065661138610e-03	 0.00000000000000000000e+00	 1.21927186508855446394e-03	 1.23561963212276437231e-03	 1.51823668239662191298e-03	 2.07034708958997319998e-06	 1.74059361701828653034e-06	 1.74059361701828653034e-06	 1.74059361701828653034e-06	 
 8.39999999999999857891e-01	 6.94568391697698701093e-07	 6.39416962508752428291e-07	 6.94735132629963876048e-07	 1.41501804270474521377e-03	 1.42022506601373029247e-03	 1.19344307758535565257e-03	 0.00000000000000000000e+00	 1.13052557596803374650e-03	 1.14352234664820504723e-03	 1.41733845086735752924e-03	 1.96176856357700477138e-06	 1.59365713395703681881e-06	 1.59365713395703681881e-06	 1.59365713395703681881e-06	 
 8.60000000000000097700e-01	 6.36324457176003961282e-07	 5.84485818386834638212e-07	 6.37101844801750486004e-07	 1.31911669521459851487e-03	 1.32454910660806499285e-03	 1.10233098508665710094e-03	 0.00000000000000000000e+00	 1.04661580289009000476e-03	 1.05672459692459199190e-03	 1.32173954385326184770e-03	 1.86110446970205803814e-06	 1.45625074020697140672e-06	 1.45625074020697140672e-06	 1.45625074020697140672e-06	 
 8.80000000000000115463e-01	 5.81856094960623310632e-07	 5.33254423895444047533e-07	 5.83145265773414938178e-07	 1.22838859456486041571e-03	 1.23399942823190084118e-03	 1.01706142823512540527e-03	 0.00000000000000000000e+00	 9.67456180612878170744e-04	 9.75099976322000455177e-04	 1.23130779191978545137e-03	 1.76792325190877572508e-06	 1.32808143293163695177e-06	 1.32808143293163695177e-06	 1.32808143293163695177e-06	 
 8.99999999999999911182e-01	 5.30996054415191896321e-07	 4.85550898658358825141e-07	 5.32687191034389235257e-07	 1.14263858498472913386e-03	 1.14838220974313527829e-03	 9.37441333360479532415e-04	 0.00000000000000000000e+00	 8.92886046970146050362e-04	 8.98450119683414402498e-04	 1.14585036045731125838e-03	 1.68186732789242025800e-06	 1.20872305956404502885e-06	 1.20872305956404502885e-06	 1.20872305956404502885e-06	 
 9.20000000000000039968e-01	 4.83601346423641544842e-07	 4.41225112543682435173e-07	 4.85625202039945968640e-07	 1.06170423781353612767e-03	 1.06753667815801043910e-03	 8.63274650913373577457e-04	 0.00000000000000000000e+00	 8.22773040041974569429e-04	 8.26595238323038342988e-04	 1.06519235476025347052e-03	 1.60257764282438595018e-06	 1.09780930144470168113e-06	 1.09780930144470168113e-06	 1.09780930144470168113e-06	 
 9.39999999999999835687e-01	 4.39549118375577233106e-07	 4.00146826576358983545e-07	 4.41897445085155030528e-07	 9.85450047510221796218e-04	 9.91328874123960802206e-04	 7.94385965240943479893e-04	 0.00000000000000000000e+00	 7.57006447863202858867e-04	 7.59376823648159090911e-04	 9.89180037775935468505e-04	 1.52976438143501072893e-06	 9.95024996888076183400e-07	 9.95024996888076183400e-07	 9.95024996888076183400e-07	 
 9.60000000000000075495e-01	 3.98665917414431589864e-07	 3.62139501507703741961e-07	 4.01382545798646433851e-07	 9.13682112348502650616e-04	 9.19566918005877502983e-04	 7.30549973997852248805e-04	 0.00000000000000000000e+00	 6.95407728640723052892e-04	 6.96573607027458816497e-04	 9.17605177610532340982e-04	 1.46322907175785914389e-06	 8.99935058573077997650e-07	 8.99935058573077997650e-07	 8.99935058573077997650e-07	 
 9.80000000000000093259e-01	 3.60826809349262919463e-07	 3.27048129130967595211e-07	 3.63945555999727519491e-07	 8.46219185944078653404e-04	 8.52071109225183294898e-04	 6.71522003047592369422e-04	 0.00000000000000000000e+00	 6.37815155574243501657e-04	 6.37981615447715823784e-04	 8.50290633875681184373e-04	 1.40256728774161350049e-06	 8.12158937988681363595e-07	 8.12158937988681363595e-07	 8.12158937988681363595e-07	 
 9.99999999999999888978e-01	 3.25938524622886918098e-07	 2.94739277365446940793e-07	 3.29458557309712402479e-07	 7.82901188872535359550e-04	 7.88682361629866753548e-04	 6.17078208732175061482e-04	 0.00000000000000000000e+00	 5.84087542507974043400e-04	 5.83420625862208380198e-04	 7.87088080096143391691e-04	 1.34736261131339563704e-06	 7.31369740624861102346e-07	 7.31369740624861102346e-07	 7.31369740624861102346e-07	 
 1.02000000000000001776e+00	 2.93856646295780274013e-07	 2.65039160933501690107e-07	 2.97753393859483328039e-07	 7.23517439814878003668e-04	 7.29191222577764072699e-04	 5.66969131394610753247e-04	 0.00000000000000000000e+00	 5.34025410172592543412e-04	 5.32656396875651650009e-04	 7.27797931951246397132e-04	 1.29732403194651515083e-06	 6.57136186229564247720e-07	 6.57136186229564247720e-07	 6.57136186229564247720e-07	 
 1.04000000000000003553e+00	 2.64453443752296134986e-07	 2.37795011882821922010e-07	 2.68648456611129689858e-07	 6.67877461762884645606e-04	 6.73424129028279429797e-04	 5.20904545182480742394e-04	 0.00000000000000000000e+00	 4.87456768338642861503e-04	 4.85492855780595279451e-04	 6.72238129626176786867e-04	 1.25173239413896613258e-06	 5.89077151509934818035e-07	 5.89077151509934818035e-07	 5.89077151509934818035e-07	 
 1.06000000000000005329e+00	 2.37622481285564961894e-07	 2.12876493877820022184e-07	 2.41972761211655956431e-07	 6.15816691036048303488e-04	 6.21239447697872798800e-04	 4.78610892779264931237e-04	 0.00000000000000000000e+00	 4.44237054874152797589e-04	 4.41767347639500276412e-04	 6.20251344948648470137e-04	 1.20975321994544617864e-06	 5.26866554460599151495e-07	 5.26866554460599151495e-07	 5.26866554460599151495e-07	 
 1.08000000000000007105e+00	 2.13217756528385411440e-07	 1.90118713277570395047e-07	 2.17530499558077265767e-07	 5.67124683268830959322e-04	 5.72446922332408582833e-04	 4.39813024942319313187e-04	 0.00000000000000000000e+00	 4.04169623109608411315e-04	 4.01265516827711149223e-04	 5.71634886281654846195e-04	 1.17067868645940509696e-06	 4.70090187910131858775e-07	 4.70090187910131858775e-07	 4.70090187910131858775e-07	 
 1.09999999999999986677e+00	 1.91047018190204069816e-07	 1.69378455686518568406e-07	 1.95148294997554330917e-07	 5.21628686314676640046e-04	 5.26882429035028317273e-04	 4.04208606592313464574e-04	 0.00000000000000000000e+00	 3.67089869371670161728e-04	 3.63806250661942583938e-04	 5.26219297306236783243e-04	 1.13394194255227199816e-06	 4.18386552034252122144e-07	 4.18386552034252122144e-07	 4.18386552034252122144e-07	 
 1.11999999999999988454e+00	 1.70917897376278312237e-07	 1.50535453735273745780e-07	 1.74677375483871733627e-07	 4.79189028184022318153e-04	 4.84410654105197203793e-04	 3.71517248026328832360e-04	 0.00000000000000000000e+00	 3.32863704673873751338e-04	 3.29239934239621695466e-04	 4.83866852730873385751e-04	 1.09907619903720946409e-06	 3.71451217617667941189e-07	 3.71451217617667941189e-07	 3.71451217617667941189e-07	 
 1.14000000000000012434e+00	 1.52626242092102614598e-07	 1.33439731158377121372e-07	 1.55944871214854929412e-07	 4.39620020071453446696e-04	 4.44851981670388004278e-04	 3.41467826408063483950e-04	 0.00000000000000000000e+00	 3.01309692195877748978e-04	 2.97368775688653936944e-04	 4.44395948254150104442e-04	 1.06567747738643226344e-06	 3.28905027418729319438e-07	 3.28905027418729319438e-07	 3.28905027418729319438e-07	 
 1.15999999999999992006e+00	 1.36017212975885287667e-07	 1.17963702825879690048e-07	 1.38814467240132028782e-07	 4.02779330322636296233e-04	 4.08046917367090131602e-04	 3.13770393070836621160e-04	 0.00000000000000000000e+00	 2.72273172900640866943e-04	 2.68034725336718695609e-04	 4.07650255712573689713e-04	 1.03318913512716546801e-06	 2.90425098229374662368e-07	 2.90425098229374662368e-07	 2.90425098229374662368e-07	 
 1.18000000000000015987e+00	 1.20972130705243074259e-07	 1.04002278442046109889e-07	 1.23176807206471169464e-07	 3.68558860882180433591e-04	 3.73862260778283278170e-04	 2.88153630628757632774e-04	 0.00000000000000000000e+00	 2.45628143463949826647e-04	 2.41112929737234308681e-04	 3.73501256822706588848e-04	 1.00099032387233633510e-06	 2.55745294024002927676e-07	 2.55745294024002927676e-07	 2.55745294024002927676e-07	 
 1.19999999999999973355e+00	 1.07351481794189186178e-07	 9.14241343984840113059e-08	 1.08893334572320920578e-07	 3.36803185619133772614e-04	 3.42124830832551485651e-04	 2.64352673950400186322e-04	 0.00000000000000000000e+00	 2.21206887042517071941e-04	 2.16431337794830628944e-04	 3.41779135890418175794e-04	 9.68458077347588854153e-07	 2.24533856524307462963e-07	 2.24533856524307462963e-07	 2.24533856524307462963e-07	 
 1.21999999999999997335e+00	 9.50526824782512881502e-08	 8.01193600325634536433e-08	 9.58960140104609611710e-08	 3.07371787471619835243e-04	 3.12688030338767344960e-04	 2.42140785291125674441e-04	 0.00000000000000000000e+00	 1.98861397032323459957e-04	 1.93847607789396505313e-04	 3.12345880241935553411e-04	 9.35437313151037208701e-07	 1.96512609186071107641e-07	 1.96512609186071107641e-07	 1.96512609186071107641e-07	 
 1.24000000000000021316e+00	 8.40011987504995164121e-08	 6.99992489160080875142e-08	 8.41533958680314923019e-08	 2.80147844502887989095e-04	 2.85434155475097902591e-04	 2.21321250588041762604e-04	 0.00000000000000000000e+00	 1.78470093669902716638e-04	 1.73248529513598230204e-04	 2.85093878059721817560e-04	 9.01930071196120443431e-07	 1.71456761643996480890e-07	 1.71456761643996480890e-07	 1.71456761643996480890e-07	 
 1.25999999999999978684e+00	 7.40985395791222255065e-08	 6.09520640976374971003e-08	 7.35893899608860268549e-08	 2.54974790939287794447e-04	 2.60207846375050649412e-04	 2.01680259904332519205e-04	 0.00000000000000000000e+00	 1.59877078074694036055e-04	 1.54478706451175059038e-04	 2.59875676513252225341e-04	 8.67845152807576639206e-07	 1.49084283463063920131e-07	 1.49084283463063920131e-07	 1.49084283463063920131e-07	 
 1.28000000000000002665e+00	 6.52224698908269268742e-08	 5.28846859358918871172e-08	 6.41323461943022303725e-08	 2.31727507156386262552e-04	 2.36885064904021901177e-04	 1.83108364809286697575e-04	 0.00000000000000000000e+00	 1.42950733044769177915e-04	 1.37412573432012382561e-04	 2.36568631346869981879e-04	 8.33156112946541804231e-07	 1.29159643464224455390e-07	 1.29159643464224455390e-07	 1.29159643464224455390e-07	 
 1.30000000000000026645e+00	 5.72546693017345523820e-08	 4.57228332552161306194e-08	 5.57228220105158064255e-08	 2.10310848056510362467e-04	 2.15371540172182220508e-04	 1.65538418380315431599e-04	 0.00000000000000000000e+00	 1.27586922414536497973e-04	 1.21953262190062266591e-04	 2.15077328910897149286e-04	 7.97799967471049629731e-07	 1.11494673647108513572e-07	 1.11494673647108513572e-07	 1.11494673647108513572e-07	 
 1.32000000000000006217e+00	 5.00689920329267587166e-08	 3.93724968621916104080e-08	 4.82727248466215965288e-08	 1.90591387969552282554e-04	 1.95536104946965620579e-04	 1.48847025911171665889e-04	 0.00000000000000000000e+00	 1.13651334153403433635e-04	 1.07966121475830848322e-04	 1.95269974550519199042e-04	 7.61581100613198478358e-07	 9.58525024973364254838e-08	 9.58525024973364254838e-08	 9.58525024973364254838e-08	 
 1.34000000000000007994e+00	 4.35990506119270693684e-08	 3.37586267018648719347e-08	 4.17026922319850467934e-08	 1.72455237023568186622e-04	 1.77270502582537749746e-04	 1.33057216425084352991e-04	 0.00000000000000000000e+00	 1.01030717322641213902e-04	 9.53420670067444417720e-05	 1.77036876858306386606e-04	 7.24775172756732953621e-07	 8.20439013021890507353e-08	 8.20439013021890507353e-08	 8.20439013021890507353e-08	 
 1.35999999999999987566e+00	 3.78102981964044690687e-08	 2.88235359307420217309e-08	 3.59490934151884983298e-08	 1.55813098207739121615e-04	 1.60492140945371673886e-04	 1.18240393414144434841e-04	 0.00000000000000000000e+00	 8.96366151348597909763e-05	 8.39983745816629196520e-05	 1.60293978838535228389e-04	 6.87770876158921511130e-07	 6.99233039040257021996e-08	 6.99233039040257021996e-08	 6.99233039040257021996e-08	 
 1.37999999999999989342e+00	 3.26424462151580536493e-08	 2.44917718894998456944e-08	 3.09310423785659911943e-08	 1.40541972596504657770e-04	 1.45084899969214950726e-04	 1.04368564373100513958e-04	 0.00000000000000000000e+00	 7.93543867748111797977e-05	 7.38200099082273500069e-05	 1.44924469346948943740e-04	 6.50753918429395622147e-07	 5.93013430869531428541e-08	 5.93013430869531428541e-08	 5.93013430869531428541e-08	 
 1.40000000000000013323e+00	 2.80480237762881249989e-08	 2.07036325139347953942e-08	 2.65511323922889427595e-08	 1.26550848210650167952e-04	 1.30956149522832833660e-04	 9.14968194032583998290e-05	 0.00000000000000000000e+00	 7.00908524324299830269e-05	 6.47086899209364254347e-05	 1.30832130836790183626e-04	 6.14002799584806959958e-07	 5.00280424836375386703e-08	 5.00280424836375386703e-08	 5.00280424836375386703e-08	 
 1.41999999999999992895e+00	 2.39915960530507431557e-08	 1.74140097168956514605e-08	 2.27181601486972956915e-08	 1.13776861020121916363e-04	 1.18038296007479294328e-04	 7.97052277073319635292e-05	 0.00000000000000000000e+00	 6.17759241420593022175e-05	 5.65883841338387524552e-05	 1.17944856776374640511e-04	 5.77765732310294420783e-07	 4.19899812198363814554e-08	 4.19899812198363814554e-08	 4.19899812198363814554e-08	 
 1.44000000000000016875e+00	 2.04170372873625666375e-08	 1.45626384977280525089e-08	 1.93392545245230550843e-08	 1.02123613469663372124e-04	 1.06232969360209149193e-04	 6.89667965006370963649e-05	 0.00000000000000000000e+00	 5.43158946600695566645e-05	 4.93583462749985811893e-05	 1.06161000232651072392e-04	 5.42103332772921674173e-07	 3.50365314590919606993e-08	 3.50365314590919606993e-08	 3.50365314590919606993e-08	 
 1.45999999999999996447e+00	 1.72767677522182909842e-08	 1.21020551734137790108e-08	 1.63582659653286704187e-08	 9.15100012183965415150e-05	 9.54572728398995898943e-05	 5.92759872949238998435e-05	 0.00000000000000000000e+00	 4.76335049214435599227e-05	 4.29335753401680419810e-05	 9.54001496908315902356e-05	 5.07160012092710496014e-07	 2.90485841359828255154e-08	 2.90485841359828255154e-08	 2.90485841359828255154e-08	 
 1.47999999999999998224e+00	 1.45334111143984422762e-08	 9.99688096779355930120e-09	 1.37402912430182170947e-08	 8.18760996235601067961e-05	 8.56493972807496585986e-05	 5.06390960419693815075e-05	 0.00000000000000000000e+00	 4.16707906524474837144e-05	 3.72494069337189962605e-05	 8.56049895315745887478e-05	 4.73058854616952753326e-07	 2.39370877244617566788e-08	 2.39370877244617566788e-08	 2.39370877244617566788e-08	 
 1.50000000000000000000e+00	 1.21345004891168975678e-08	 8.19958338962990981360e-09	 1.14352123270275435195e-08	 7.31346745088849384134e-05	 7.67213731901395163716e-05	 4.29825247658909139837e-05	 0.00000000000000000000e+00	 3.63495488896514704655e-05	 3.22218254111140262313e-05	 7.66910418432176400763e-05	 4.39739770486447214989e-07	 1.95835620813937231331e-08	 1.95835620813937231331e-08	 1.95835620813937231331e-08	 
 1.52000000000000001776e+00	 1.00515082276747468436e-08	 6.67344253423476972058e-09	 9.42462881548751021358e-09	 6.52145626779294398066e-05	 6.86050728072322733376e-05	 3.62461840282175422117e-05	 0.00000000000000000000e+00	 3.16087148556759895313e-05	 2.77834005554548306839e-05	 6.85892034393571742952e-05	 4.07392648670744341648e-07	 1.58960841693462143734e-08	 1.58960841693462143734e-08	 1.58960841693462143734e-08	 
 1.54000000000000003553e+00	 8.27002805512479131003e-09	 5.39170752689537789786e-09	 7.70556516067644084674e-09	 5.80651682624115119107e-05	 6.12536911569922930569e-05	 3.03872374517598154494e-05	 0.00000000000000000000e+00	 2.74046346834557586576e-05	 2.38850223243349491181e-05	 6.12500407018587921752e-05	 3.76257621125980436067e-07	 1.28074525773376538270e-08	 1.28074525773376538270e-08	 1.28074525773376538270e-08	 
 1.56000000000000027534e+00	 6.75690545400466773986e-09	 4.31818477910728917354e-09	 6.25098328864966718044e-09	 5.16128053150806187033e-05	 5.45961897463024278896e-05	 2.53112295262143041760e-05	 0.00000000000000000000e+00	 2.36750525091950879007e-05	 2.04609236689657225260e-05	 5.46007018311039335782e-05	 3.46362338578388874405e-07	 1.02279197104455407031e-08	 1.02279197104455407031e-08	 1.02279197104455407031e-08	 
 1.58000000000000007105e+00	 5.48484351616406924987e-09	 3.42523429565170000864e-09	 5.03352034597181644268e-09	 4.57935678047015112921e-05	 4.85717235520458806043e-05	 2.09406904806971304333e-05	 0.00000000000000000000e+00	 2.03739301128575520821e-05	 1.74592740845322241252e-05	 4.85803240503130510128e-05	 3.17807876556293476860e-07	 8.08862216655047949908e-09	 8.08862216655047949908e-09	 8.08862216655047949908e-09	 
 1.60000000000000008882e+00	 4.43437202201375317286e-09	 2.69307497467256595245e-09	 4.03113799131265388524e-09	 4.05602382292878977277e-05	 4.31357118040540595829e-05	 1.72193077127418963128e-05	 0.00000000000000000000e+00	 1.74702347129630685871e-05	 1.48432037086115772026e-05	 4.31448247439051541332e-05	 2.90696131111495022876e-07	 6.34007673647467683696e-09	 6.34007673647467683696e-09	 6.34007673647467683696e-09	 
 1.61999999999999988454e+00	 3.57611971399329216538e-09	 2.09512758700995404937e-09	 3.21257072773001285775e-09	 3.58469059221352837476e-05	 3.82235502924493000918e-05	 1.40584444506341905447e-05	 0.00000000000000000000e+00	 1.49156259236117933522e-05	 1.25615371919650956273e-05	 3.82297609774694634437e-05	 2.64944389719951192806e-07	 4.91685531089666989577e-09	 4.91685531089666989577e-09	 4.91685531089666989577e-09	 
 1.64000000000000012434e+00	 2.87794136966254773248e-09	 1.61096595772504989648e-09	 2.54770837030173032227e-09	 3.16031396853593102465e-05	 3.37883011689559602480e-05	 1.13886478270039925560e-05	 0.00000000000000000000e+00	 1.26739943734487097045e-05	 1.05770656970967145369e-05	 3.37890793363469787731e-05	 2.40674497802167151865e-07	 3.76840726330269148946e-09	 3.76840726330269148946e-09	 3.76840726330269148946e-09	 
 1.66000000000000014211e+00	 2.31273782735878218336e-09	 1.22603600211187358541e-09	 2.01246355343713375272e-09	 2.77946512926315866853e-05	 2.97997284593649935990e-05	 9.16094008641949367048e-06	 0.00000000000000000000e+00	 1.07211368264905143534e-05	 8.86529115673423966538e-06	 2.97934542861857372213e-05	 2.18075984438367364922e-07	 2.85854680254570544323e-09	 2.85854680254570544323e-09	 2.85854680254570544323e-09	 
 1.67999999999999993783e+00	 1.85400662219390252753e-09	 9.21671660166951656578e-10	 1.58160009129016475342e-09	 2.43681767128179298633e-05	 2.62070577663721588409e-05	 7.30497340674031339202e-06	 0.00000000000000000000e+00	 9.01802629287795046598e-06	 7.38848361201197357438e-06	 2.61923942745232125938e-05	 1.97150120565446585192e-07	 2.14174814106417277835e-09	 2.14174814106417277835e-09	 2.14174814106417277835e-09	 
 1.70000000000000017764e+00	 1.48181483115808582401e-09	 6.83388591400165913790e-10	 1.23740013294891733759e-09	 2.12882295525375349430e-05	 2.29736302758486308411e-05	 5.76852595527045776896e-06	 0.00000000000000000000e+00	 7.53780181142484966776e-06	 6.11892468798220951631e-06	 2.29505187763999632747e-05	 1.77762057200984952650e-07	 1.58264820804647711642e-09	 1.58264820804647711642e-09	 1.58264820804647711642e-09	 
 1.71999999999999997335e+00	 1.18246643202621506983e-09	 5.00865758100167635232e-10	 9.68551409707753992795e-10	 1.85335400961773189975e-05	 2.00760061075281783644e-05	 4.51641207889904124822e-06	 0.00000000000000000000e+00	 6.26387500801469119865e-06	 5.03850793864131904682e-06	 2.00458811695400974148e-05	 1.59739133425065674981e-07	 1.15600486658895894827e-09	 1.15600486658895894827e-09	 1.15600486658895894827e-09	 
 1.73999999999999999112e+00	 9.41724252649918009397e-10	 3.61961629264025698694e-10	 7.62053429137148823494e-10	 1.60622541248402197979e-05	 1.74707108755693001946e-05	 3.49827073951057566294e-06	 0.00000000000000000000e+00	 5.16624502920440043424e-06	 4.11833230285446279440e-06	 1.74357803277244083004e-05	 1.42804365581093864154e-07	 8.32617158342623111867e-10	 8.32617158342623111867e-10	 8.32617158342623111867e-10	 
 1.76000000000000023093e+00	 7.48094478691999718106e-10	 2.57439558721767928828e-10	 6.04832266123335598507e-10	 1.38494108177529890764e-05	 1.51317381494109860031e-05	 2.67706021477869649962e-06	 0.00000000000000000000e+00	 4.22556586088273715516e-06	 3.33831968638281645820e-06	 1.50940182006044026713e-05	 1.26953825744875625703e-07	 5.90244073733961481458e-10	 5.90244073733961481458e-10	 5.90244073733961481458e-10	 
 1.78000000000000002665e+00	 5.93418528566474048092e-10	 1.80837761933800741853e-10	 4.86737595596944251647e-10	 1.18818065156619997867e-05	 1.30452417496366034793e-05	 2.02822408631634333860e-06	 0.00000000000000000000e+00	 3.43091659156596220470e-06	 2.68612251804167502322e-06	 1.30062888717963908195e-05	 1.12276788514563613714e-07	 4.13299274913548703234e-10	 4.13299274913548703234e-10	 4.13299274913548703234e-10	 
 1.80000000000000004441e+00	 4.69427132472180879102e-10	 1.25184926018018411795e-10	 3.99724709031532785452e-10	 1.01247398298801707586e-05	 1.11757730169911168039e-05	 1.51754716575224717401e-06	 0.00000000000000000000e+00	 2.75966114675314813746e-06	 2.14046154419343345301e-06	 1.11367489839853398210e-05	 9.86665375603341659197e-08	 2.85254840296315714577e-10	 2.85254840296315714577e-10	 2.85254840296315714577e-10	 
 1.81999999999999984013e+00	 3.68913531362791256326e-10	 8.52371737018611577013e-11	 3.35160007107111533563e-10	 8.56243867473538369675e-06	 9.50761543472680182036e-06	 1.11938472825912189099e-06	 0.00000000000000000000e+00	 2.19645004140624758364e-06	 1.68696732689685750198e-06	 9.46955498609479221492e-06	 8.61969318997510755325e-08	 1.93695081077817699146e-10	 1.93695081077817699146e-10	 1.93695081077817699146e-10	 
 1.84000000000000007994e+00	 2.86343929675613313476e-10	 5.73737054302382574220e-11	 2.85999652857627089357e-10	 7.18998562486487668044e-06	 8.03628653344683507355e-06	 8.16590899368453257800e-07	 0.00000000000000000000e+00	 1.73230888745450228007e-06	 1.31716070489641415707e-06	 8.00026953744990177331e-06	 7.50131765051607630795e-08	 1.30047737259373530119e-10	 1.30047737259373530119e-10	 1.30047737259373530119e-10	 
 1.86000000000000009770e+00	 2.16212937320651088910e-10	 3.81345620967170383167e-11	 2.47585425333408494155e-10	 5.97966272618475757906e-06	 6.73401372750841686855e-06	 5.87416156062496348083e-07	 0.00000000000000000000e+00	 1.34962336820903208705e-06	 1.01567377426396513280e-06	 6.70115243582736636448e-06	 6.50720578154018487453e-08	 8.62440611875118824797e-11	 8.62440611875118824797e-11	 8.62440611875118824797e-11	 
 1.87999999999999989342e+00	 1.58509109121057805018e-10	 2.49909409397945795052e-11	 2.15913889034517416552e-10	 4.92108621751702093433e-06	 5.58968109922408190300e-06	 4.15778828271693671156e-07	 0.00000000000000000000e+00	 1.03698665781991557773e-06	 7.72113047798459828123e-07	 5.56079737645611452509e-06	 5.62647692389581691262e-08	 5.64090935406945064312e-11	 5.64090935406945064312e-11	 5.64090935406945064312e-11	 
 1.89999999999999991118e+00	 1.15257223430777249376e-10	 1.62388569143293268582e-11	 1.87761446820790151930e-10	 4.01354145985458713483e-06	 4.60177986055882906586e-06	 2.91061964190506965392e-07	 0.00000000000000000000e+00	 7.88095601887647277241e-07	 5.80404836043316896541e-07	 4.57741353100155309625e-06	 4.84960058756733724223e-08	 3.65915926992627477465e-11	 3.65915926992627477465e-11	 3.65915926992627477465e-11	 
 1.92000000000000015099e+00	 8.48254876235517179387e-11	 1.04557920516497981935e-11	 1.60501102655159503410e-10	 3.23444531854719616608e-06	 3.74689081219100316724e-06	 2.01090667866042239576e-07	 0.00000000000000000000e+00	 5.90391497514529275786e-07	 4.29836569500860095394e-07	 3.72758481996509005856e-06	 4.15939482211473307380e-08	 2.35260474985480182030e-11	 2.35260474985480182030e-11	 2.35260474985480182030e-11	 
 1.93999999999999994671e+00	 6.40446307954560678506e-11	 6.65440114940059400623e-12	 1.34316702390049835482e-10	 2.56922452817078845813e-06	 3.01044358858281557278e-06	 1.36761510922419739809e-07	 0.00000000000000000000e+00	 4.34576546901354105029e-07	 3.12488241802759209525e-07	 2.99611567334816060237e-06	 3.54001954068232660623e-08	 1.49548451674689602434e-11	 1.49548451674689602434e-11	 1.49548451674689602434e-11	 
 1.95999999999999996447e+00	 4.95891035920040711963e-11	 4.19505792710135794836e-12	 1.10187868413891535680e-10	 2.01210391644141977450e-06	 2.38698650673788739831e-06	 9.20549503452719275918e-08	 0.00000000000000000000e+00	 3.15067160144652047822e-07	 2.23544350236644837928e-07	 2.37684628635737996147e-06	 2.98181075805243275613e-08	 9.41889253294707907876e-12	 9.41889253294707907876e-12	 9.41889253294707907876e-12	 
 1.97999999999999998224e+00	 3.70685289380361313457e-11	 2.59653934255747776863e-12	 8.78003413426670065491e-11	 1.55134792474314230965e-06	 1.86443018705740238048e-06	 6.12782161834879072590e-08	 0.00000000000000000000e+00	 2.24579669995851878464e-07	 1.57110220569807520004e-07	 1.85764601515956571923e-06	 2.48310265000954989738e-08	 5.82613874136750247270e-12	 5.82613874136750247270e-12	 5.82613874136750247270e-12	 
 2.00000000000000000000e+00	 2.61446495943199917065e-11	 1.55105550627785301258e-12	 6.70243152546091470976e-11	 1.17449689990652432225e-06	 1.43087335514505581638e-06	 4.02507052285868453803e-08	 0.00000000000000000000e+00	 1.56892172589263524898e-07	 1.08180848926072952128e-07	 1.42630230274042272629e-06	 2.03662872100510326682e-08	 3.47938026976538481775e-12	 3.47938026976538481775e-12	 3.47938026976538481775e-12	 
 2.02000000000000001776e+00	 1.78335806276136770612e-11	 8.76802232765709654683e-13	 4.82324655560786153073e-11	 8.74018522831833443235e-07	 1.07969515925874095947e-06	 2.62442847003109832282e-08	 0.00000000000000000000e+00	 1.07862171585383809638e-07	 7.33798111371395065231e-08	 1.07604456569673153836e-06	 1.63722787347973712465e-08	 1.96707868548678676673e-12	 1.96707868548678676673e-12	 1.96707868548678676673e-12	 
 2.04000000000000003553e+00	 1.18479195361505594422e-11	 4.61736517214921530449e-13	 3.33081610808458775719e-11	 6.38216673475393967658e-07	 7.98967216730669757466e-07	 1.69730238946671915949e-08	 0.00000000000000000000e+00	 7.29195822012228141285e-08	 4.89851008313140377252e-08	 7.96338995359544948635e-07	 1.28457964575766916637e-08	 1.03609204008431846898e-12	 1.03609204008431846898e-12	 1.03609204008431846898e-12	 
 2.06000000000000005329e+00	 7.69722037003745634149e-12	 2.23665310047816652437e-13	 2.22757298223596483090e-11	 4.55789887978314524948e-07	 5.77680934649551631334e-07	 1.08682272403605588481e-08	 0.00000000000000000000e+00	 4.83694085384773921757e-08	 3.21130739341730742460e-08	 5.76128504751718908073e-07	 9.78945917862501270992e-09	 5.01885348137808067440e-13	 5.01885348137808067440e-13	 5.01885348137808067440e-13	 
 2.08000000000000007105e+00	 4.96540213490890019897e-12	 1.06432624451703333570e-13	 1.46827615239912257818e-11	 3.19481630464315386694e-07	 4.09306821898653053629e-07	 6.95074411630204241688e-09	 0.00000000000000000000e+00	 3.17555312966364530980e-08	 2.08721674049231344720e-08	 4.08426385946186863164e-07	 7.23260100089660043553e-09	 2.38826359922105983158e-13	 2.38826359922105983158e-13	 2.38826359922105983158e-13	 
 2.10000000000000053291e+00	 3.17670669251481660075e-12	 4.98100300287945074597e-14	 9.54394100232213548522e-12	 2.19138290607080563392e-07	 2.83414823894590452692e-07	 4.42569270347702628242e-09	 0.00000000000000000000e+00	 2.06056988612069739530e-08	 1.34326647721039452273e-08	 2.82898909308783675540e-07	 5.15626036193147261187e-09	 1.11770106900538132035e-13	 1.11770106900538132035e-13	 1.11770106900538132035e-13	 
 2.12000000000000010658e+00	 1.99964410733721814369e-12	 2.29392806944798335569e-14	 6.07666120772958354413e-12	 1.45676853193084506327e-07	 1.89929160144539082797e-07	 2.77863833793316297065e-09	 0.00000000000000000000e+00	 1.31089988343569679896e-08	 8.49229369640571514175e-09	 1.89600023572435143754e-07	 3.51346833444013768495e-09	 5.14742230160765978327e-14	 5.14742230160765978327e-14	 5.14742230160765978327e-14	 
 2.14000000000000012434e+00	 1.22249895666242172629e-12	 1.03983100815287587238e-14	 3.74472126452123455077e-12	 9.25602471755997360065e-08	 1.21382056294979686355e-07	 1.69574023868366614526e-09	 0.00000000000000000000e+00	 8.07412828638240970091e-09	 5.20776535021020299736e-09	 1.21170766979755616827e-07	 2.26413953002935806208e-09	 2.33331672880295510410e-14	 2.33331672880295510410e-14	 2.33331672880295510410e-14	 
 2.15999999999999969802e+00	 6.65053965859029151573e-13	 4.63943132781145558939e-15	 2.04550203459536788361e-12	 5.13681656534329032626e-08	 6.75700286578905144974e-08	 9.21673913078688203992e-10	 0.00000000000000000000e+00	 4.40924254944258651056e-09	 2.83756675115140020809e-09	 6.74505912220154864471e-08	 1.26440493796161767349e-09	 1.04106158269231690346e-14	 1.04106158269231690346e-14	 1.04106158269231690346e-14	 
 2.18000000000000015987e+00	 2.95449466339483325393e-13	 2.03714579397083662855e-15	 9.08905996454057684675e-13	 2.28433796789686434850e-08	 3.00526940061496308280e-08	 4.09436101738360157145e-10	 0.00000000000000000000e+00	 1.95920359380402918838e-09	 1.26069656820479806357e-09	 2.99995710089868900626e-08	 5.62477741975799546274e-10	 4.57124357260547568496e-15	 4.57124357260547568496e-15	 4.57124357260547568496e-15	 
 2.20000000000000017764e+00	 1.28339387319309414158e-13	 8.80101592628929505700e-16	 3.94855313911790072145e-13	 9.92769676254711698907e-09	 1.30617805841529475841e-08	 1.77851616285974497714e-10	 0.00000000000000000000e+00	 8.51136287308953615928e-10	 5.47653799740194292303e-10	 1.30386897866686217719e-08	 2.44492414370336474412e-10	 1.97490182075372491397e-15	 1.97490182075372491397e-15	 1.97490182075372491397e-15	 
 2.21999999999999975131e+00	 5.46505020468643998799e-14	 3.74000212908079988877e-16	 1.68146365929475487599e-13	 4.22834099807042276593e-09	 5.56335980250940753213e-09	 7.57343749464048922797e-11	 0.00000000000000000000e+00	 3.62452311185742652755e-10	 2.33210701858181402431e-10	 5.55352382418038193560e-09	 1.04139440475682116498e-10	 8.39237538069551415802e-16	 8.39237538069551415802e-16	 8.39237538069551415802e-16	 
 2.24000000000000021316e+00	 2.28436255757598797388e-14	 1.56279087984598746912e-16	 7.02845782065595178841e-14	 1.76751764962130015997e-09	 2.32559965271989455687e-09	 3.16568414804734705538e-11	 0.00000000000000000000e+00	 1.51504749992794929544e-10	 9.74814432354560905610e-11	 2.32148761295098866969e-09	 4.35326390904195283802e-11	 3.50682574278225789076e-16	 3.50682574278225789076e-16	 3.50682574278225789076e-16	 
 2.25999999999999978684e+00	 9.37847775627675294339e-15	 6.41909560297815790280e-17	 2.88551183419411860103e-14	 7.25643201604318323246e-10	 9.54759272726750818249e-10	 1.29968865774205732235e-11	 0.00000000000000000000e+00	 6.22002067410333239100e-11	 4.00211103172621339990e-11	 9.53070960529051519987e-10	 1.78718655968949608253e-11	 1.44041409995822574419e-16	 1.44041409995822574419e-16	 1.44041409995822574419e-16	 
 2.27999999999999980460e+00	 3.78238310932216650765e-15	 2.59083894477286386141e-17	 1.16372224489670431942e-14	 2.92641463978224472440e-10	 3.85038605627593445081e-10	 5.24175558174442110530e-12	 0.00000000000000000000e+00	 2.50853831546162264967e-11	 1.61406488764569809561e-11	 3.84357690054175989660e-10	 7.20732480040295608144e-12	 5.81371970767378456307e-17	 5.81371970767378456307e-17	 5.81371970767378456307e-17	 
 2.30000000000000026645e+00	 1.49838418498347784023e-15	 1.02718268298198306165e-17	 4.60999173127226725272e-15	 1.15923131611834767414e-10	 1.52523105374074682675e-10	 2.07652973726793109464e-12	 0.00000000000000000000e+00	 9.93741820838956712984e-12	 6.39406431398232541403e-12	 1.52253363370327416405e-10	 2.85495364275989545290e-12	 2.30494983447086590790e-17	 2.30494983447086590790e-17	 2.30494983447086590790e-17	 
 2.32000000000000028422e+00	 5.82910013159777364181e-16	 3.99890539716303541706e-18	 1.79338016974486851282e-15	 4.50948064513815953394e-11	 5.93320416042697700132e-11	 8.07829197478537857157e-13	 0.00000000000000000000e+00	 3.86587129209549913260e-12	 2.48744639208397505013e-12	 5.92271065050353509603e-11	 1.11057267479356846683e-12	 8.97335823947180488671e-18	 8.97335823947180488671e-18	 8.97335823947180488671e-18	 
 2.33999999999999985789e+00	 2.22619255396088581569e-16	 1.52814635104092157264e-18	 6.84902104428022262304e-16	 1.72214259064134403853e-11	 2.26584129084900208930e-11	 3.08519890213312319741e-13	 0.00000000000000000000e+00	 1.47640249925337163192e-12	 9.49978005286807365072e-13	 2.26183377692419402792e-11	 4.24113812688488003211e-13	 3.42909006308436378958e-18	 3.42909006308436378958e-18	 3.42909006308436378958e-18	 
 2.36000000000000031974e+00	 8.34356037451267463556e-17	 5.73009974493421565115e-19	 2.56692495077559157847e-16	 6.45420601128571455329e-12	 8.49182958516110111743e-12	 1.15630847214762409252e-13	 0.00000000000000000000e+00	 5.53337858219173541821e-13	 3.56041899272111304504e-13	 8.47681002130192319101e-12	 1.58946301707029521140e-13	 1.28580815726071151237e-18	 1.28580815726071151237e-18	 1.28580815726071151237e-18	 
 2.38000000000000033751e+00	 3.06763441790368241674e-17	 2.10753423598795970701e-19	 9.43761549912217720962e-17	 2.37292178315859200448e-12	 3.12205368202515337011e-12	 4.25135421641132783090e-14	 0.00000000000000000000e+00	 2.03441802878095442932e-13	 1.30903849924691706593e-13	 3.11653158355466710933e-12	 5.84368273185451999752e-14	 4.72921081376486032102e-19	 4.72921081376486032102e-19	 4.72921081376486032102e-19	 
 2.39999999999999991118e+00	 1.10599066220846189472e-17	 7.60051079681060737320e-20	 3.40257595727162646945e-17	 8.55504989418726706150e-13	 1.12558514566387488151e-12	 1.53276715208219257755e-14	 0.00000000000000000000e+00	 7.33476600382456581082e-14	 4.71953937644057309859e-14	 1.12359425339557711251e-12	 2.10679581609649508454e-14	 1.70552012873373075429e-19	 1.70552012873373075429e-19	 1.70552012873373075429e-19	 
 2.41999999999999948486e+00	 3.90863906544303824122e-18	 2.68661594489428437027e-20	 1.20248657245593937459e-17	 3.02336235814907885382e-13	 3.97782036198484582386e-13	 5.41690293324654876161e-15	 0.00000000000000000000e+00	 2.59214355388947729611e-14	 1.66791237544367553394e-14	 3.97078447861529174914e-13	 7.44539365826944763917e-15	 6.02864464445152310118e-20	 6.02864464445152310118e-20	 6.02864464445152310118e-20	 
 2.44000000000000039080e+00	 1.35349247975326776411e-18	 9.30465832165804481976e-21	 4.16398615101824002098e-18	 1.04692551774406608231e-13	 1.37743190269821550295e-13	 1.87577994638776478747e-15	 0.00000000000000000000e+00	 8.97611414978918074099e-15	 5.77568040002737577615e-15	 1.37499551437711381724e-13	 2.57816956979115057582e-15	 2.08792335604585202588e-20	 2.08792335604585202588e-20	 2.08792335604585202588e-20	 
 2.45999999999999996447e+00	 4.59062474910480591246e-19	 3.15618863910534959752e-21	 1.41229145104053688766e-18	 3.55081753235058543716e-14	 4.67177874920771538478e-14	 6.36206706030081691481e-16	 0.00000000000000000000e+00	 3.04441338841843553299e-15	 1.95892967366450712287e-15	 4.66351531240639644030e-14	 8.74425423533105777675e-16	 7.08234531636060128556e-21	 7.08234531636060128556e-21	 7.08234531636060128556e-21	 
 2.47999999999999953815e+00	 1.52441209994194004762e-19	 1.04815856605011652210e-21	 4.68979957155585182777e-19	 1.17911602181625572224e-14	 1.55135124207595881271e-14	 2.11265769915742015012e-16	 0.00000000000000000000e+00	 1.01095942433813748492e-15	 6.50502931917035325173e-16	 1.54860720449346271328e-14	 2.90368869752116513133e-16	 2.35202078947485419831e-21	 2.35202078947485419831e-21	 2.35202078947485419831e-21	 
 2.50000000000000044409e+00	 4.95422657120346500549e-20	 3.40662625092209819325e-22	 1.52414855508535274752e-19	 3.83202476363848704183e-15	 5.04175434781315010832e-15	 6.86598482741838086508e-17	 0.00000000000000000000e+00	 3.28554071950280740450e-16	 2.11408580148903512949e-16	 5.03283644671713621240e-15	 9.43672233216553816962e-17	 7.64431684022006745698e-22	 7.64431684022006745698e-22	 7.64431684022006745698e-22	 
 2.52000000000000001776e+00	 1.57514110788533997312e-20	 1.08314219626181196255e-22	 4.84585669082754502590e-20	 1.21834614387766340249e-15	 1.60296452103119847594e-15	 2.18296420952344940611e-17	 0.00000000000000000000e+00	 1.04460045171584055405e-16	 6.72149877808813957230e-17	 1.60012917780558418497e-15	 3.00028910516186994426e-17	 2.43052273993869633100e-22	 2.43052273993869633100e-22	 2.43052273993869633100e-22	 
 2.54000000000000003553e+00	 4.89732815229930618369e-21	 3.36773572381378363039e-23	 1.50664196527333898552e-20	 3.78799644746880348017e-16	 4.98382366607525560082e-16	 6.78713512025892195610e-18	 0.00000000000000000000e+00	 3.24780371264000992958e-17	 2.08980519345913084623e-17	 4.97500820657864781871e-16	 9.32828158421874908949e-18	 7.55704905543442722674e-23	 7.55704905543442722674e-23	 7.55704905543442722674e-23	 
 2.56000000000000049738e+00	 1.48840004809975201208e-21	 1.02354784543067659271e-23	 4.57899683131203816177e-21	 1.15124935665071455680e-16	 1.51468534982114739989e-16	 2.06275231848802298762e-18	 0.00000000000000000000e+00	 9.87074921064240788211e-18	 6.35135274640692376851e-18	 1.51200614982613219003e-16	 2.83505341743546418470e-18	 2.29679593793411286564e-23	 2.29679593793411286564e-23	 2.29679593793411286564e-23	 
 2.58000000000000007105e+00	 4.42001654947666077543e-22	 3.03962488748603682159e-24	 1.35979805377741793924e-21	 3.41879568956740400780e-17	 4.49806899489421473800e-17	 6.12563915461994159689e-19	 0.00000000000000000000e+00	 2.93125934713850205572e-18	 1.88612480421615569035e-18	 4.49011273142675011052e-17	 8.41908345795564228885e-19	 6.82078376729806762225e-24	 6.82078376729806762225e-24	 6.82078376729806762225e-24	 
 2.60000000000000008882e+00	 1.28201528272134611699e-22	 8.81648811694030776030e-25	 3.94406077853405546972e-22	 9.91612713381204392625e-18	 1.30465296535550717322e-17	 1.77672746967544402887e-19	 0.00000000000000000000e+00	 8.50204659516043036341e-19	 5.47065988548674771225e-19	 1.30234527077993293104e-17	 2.44193226648751198133e-19	 1.97838105908906887728e-24	 1.97838105908906887728e-24	 1.97838105908906887728e-24	 
 2.62000000000000055067e+00	 3.63033892541833933344e-23	 2.49663562933077246485e-25	 1.11685671488800384408e-22	 2.80799126890095171225e-18	 3.69444015586733375727e-18	 5.03123827164632145761e-20	 0.00000000000000000000e+00	 2.40756152049611241266e-19	 1.54915071967756656420e-19	 3.68790535724714265240e-18	 6.91492007995110084135e-20	 5.60234066932757137698e-25	 5.60234066932757137698e-25	 5.60234066932757137698e-25	 
 2.64000000000000012434e+00	 1.00323706919249863511e-23	 6.89948615817195215952e-26	 3.08641098464610008672e-23	 7.75982427682202576103e-19	 1.02095062287149480226e-18	 1.39037318774402221019e-20	 0.00000000000000000000e+00	 6.65324847437333823690e-20	 4.28104766816898897213e-20	 1.01914474429523348206e-18	 1.91092304314588090776e-20	 1.54821450181170811821e-25	 1.54821450181170811821e-25	 1.54821450181170811821e-25	 
 2.66000000000000014211e+00	 2.70444606272415898118e-24	 1.85992987955716781713e-26	 8.32009737522602716179e-24	 2.09183003449052681328e-19	 2.75219510248997545280e-19	 3.74805747866518053018e-21	 0.00000000000000000000e+00	 1.79352920160832759254e-20	 1.15405049550932836616e-20	 2.74732696026967968037e-19	 5.15130910798564223356e-21	 4.17360160369706224942e-26	 4.17360160369706224942e-26	 4.17360160369706224942e-26	 
 2.67999999999999971578e+00	 7.10862342256875578995e-25	 4.88887463421255426260e-27	 2.18693306436259276806e-24	 5.49836210632669402044e-20	 7.23412708507045461702e-20	 9.85175350978956006282e-22	 0.00000000000000000000e+00	 4.71428238513368650993e-21	 3.03341613181707366088e-21	 7.22133119760443814570e-20	 1.35401807504654626289e-21	 1.09704226189281461825e-26	 1.09704226189281461825e-26	 1.09704226189281461825e-26	 
 2.70000000000000017764e+00	 1.82111489520220226200e-25	 1.25246643962738093624e-27	 5.60256910817871194526e-25	 1.40859107352429280423e-20	 1.85326575373415295334e-20	 2.52386135781000076608e-22	 0.00000000000000000000e+00	 1.20772314283754265581e-21	 7.77112380184557264582e-22	 1.84998765349745295283e-20	 3.46877365127021352466e-22	 2.81048063027446307935e-27	 2.81048063027446307935e-27	 2.81048063027446307935e-27	 
 2.72000000000000019540e+00	 4.54510814810617940839e-26	 3.12592566022585796041e-28	 1.39827947848232758730e-25	 3.51553601664632783992e-21	 4.62534670388835284381e-21	 6.29901288567070781368e-23	 0.00000000000000000000e+00	 3.01421494471208819639e-22	 1.93950409387462763764e-22	 4.61716527635694257761e-21	 8.65730030826388328441e-23	 7.01444297042893078639e-28	 7.01444297042893078639e-28	 7.01444297042893078639e-28	 
 2.73999999999999976907e+00	 1.10462454336429931235e-26	 7.59722830454643356309e-29	 3.39832045453456530383e-26	 8.54400999345798531567e-22	 1.12412461531161476652e-21	 1.53088688037693228173e-23	 0.00000000000000000000e+00	 7.32562424571727958198e-23	 4.71369161212648818096e-23	 1.12213623459948096256e-21	 2.10403312974716051673e-23	 1.70478559840999360447e-28	 1.70478559840999360447e-28	 1.70478559840999360447e-28	 
 2.76000000000000023093e+00	 2.61309679115444733900e-27	 1.79722521893352614944e-29	 8.03905513210397801303e-27	 2.02116730857864648924e-22	 2.65922413060524157504e-22	 3.62146304186345536559e-24	 0.00000000000000000000e+00	 1.73294746130308182859e-23	 1.11506959103131801482e-23	 2.65452042277018457260e-22	 4.97729037976476305401e-24	 4.03289713507598652904e-29	 4.03289713507598652904e-29	 4.03289713507598652904e-29	 
 2.77999999999999980460e+00	 6.01411338202985427714e-28	 4.13642963682666275811e-30	 1.85020981734758314215e-27	 4.65176821070509640116e-23	 6.12027180246224187316e-23	 8.33489881404823654032e-25	 0.00000000000000000000e+00	 3.98842524510148369880e-24	 2.56636300059737991695e-24	 6.10944609113901160607e-23	 1.14553577932691394459e-24	 9.28197374724284712132e-30	 9.28197374724284712132e-30	 9.28197374724284712132e-30	 
 2.79999999999999982236e+00	 1.34606564356655658783e-28	 9.25822730793855818747e-31	 4.14109751289518938829e-28	 1.04114772847504581151e-23	 1.36982460117196915394e-23	 1.86549947786560536651e-25	 0.00000000000000000000e+00	 8.92680454325886546320e-25	 5.74397725622082183944e-25	 1.36740161431000441081e-23	 2.56391023646400052177e-25	 2.07750745726539916000e-30	 2.07750745726539916000e-30	 2.07750745726539916000e-30	 
 2.82000000000000028422e+00	 2.92847050826124587512e-29	 2.01423719705842102559e-31	 9.00927634462341182986e-29	 2.26509595663879482399e-24	 2.98015717690249596602e-24	 4.05854094368156097949e-26	 0.00000000000000000000e+00	 1.94209547855822376703e-25	 1.24964692381644212459e-25	 2.97488578065628923946e-24	 5.57797961631479919179e-26	 4.51986459884294871601e-31	 4.51986459884294871601e-31	 4.51986459884294871601e-31	 
 2.83999999999999985789e+00	 6.19006518924741853095e-30	 4.25768729192506737528e-32	 1.90433829013545265358e-29	 4.78785045563162622302e-25	 6.29931169679081038563e-25	 8.57875959916217144301e-27	 0.00000000000000000000e+00	 4.10511073081958546880e-26	 2.64144571499097043656e-26	 6.28816926411273651603e-25	 1.17904597859438414085e-26	 9.55407484570304477382e-32	 9.55407484570304477382e-32	 9.55407484570304477382e-32	 
 2.85999999999999987566e+00	 1.27065434825765986065e-30	 8.74007996647974198181e-33	 3.90909400212345374962e-30	 9.82816308516442244264e-26	 1.29307831329624509183e-25	 1.76099010075240813486e-27	 0.00000000000000000000e+00	 8.42668977874822940690e-27	 5.42217950470738713640e-27	 1.29079107080835100921e-25	 2.42026183533506623502e-27	 1.96123824192921444018e-32	 1.96123824192921444018e-32	 1.96123824192921444018e-32	 
 2.87999999999999989342e+00	 2.53182621407317873389e-31	 1.74153419108861884499e-33	 7.78901204028865491168e-31	 1.95829610211680064281e-26	 2.57650376800602364680e-26	 3.50884033934181395852e-28	 0.00000000000000000000e+00	 1.67904907921943110050e-27	 1.08038949514552183316e-27	 2.57194635213147959069e-26	 4.82245494224825023754e-28	 3.90793224087580465526e-33	 3.90793224087580465526e-33	 3.90793224087580465526e-33	 
 2.90000000000000035527e+00	 4.89451209554879237155e-32	 3.36680822816236192643e-34	 1.50576663689048711323e-31	 3.78576261742758730689e-27	 4.98087618094894802866e-27	 6.78327406347299151840e-29	 0.00000000000000000000e+00	 3.24592752261086911060e-28	 2.08860283317754039312e-28	 4.97206581071296139651e-27	 9.32272781697188870227e-29	 7.55498274464683624765e-34	 7.55498274464683624765e-34	 7.55498274464683624765e-34	 
 2.91999999999999992895e+00	 9.17586762346819911659e-33	 6.31201080906018471401e-35	 2.82289789253978567358e-32	 7.09725779428787726616e-28	 9.33776389211020150900e-28	 1.27167858195067877506e-29	 0.00000000000000000000e+00	 6.08522245027061405316e-29	 3.91555737188568162243e-29	 9.32124686523582648870e-28	 1.74775277311213158380e-29	 1.41639019741158685432e-34	 1.41639019741158685432e-34	 1.41639019741158685432e-34	 
 2.93999999999999994671e+00	 1.66739564582739972326e-33	 1.14702179663049203080e-35	 5.12963474893670399102e-33	 1.28967872083192466892e-28	 1.69681220229188043381e-28	 2.31083616877587101619e-30	 0.00000000000000000000e+00	 1.10577784064644275294e-29	 7.11516720249606920227e-30	 1.69381080573297574830e-28	 3.17592861098007774221e-30	 2.57387194116189549714e-35	 2.57387194116189549714e-35	 2.57387194116189549714e-35	 
 2.96000000000000040856e+00	 2.93544508680128160168e-34	 2.01939002654191387946e-36	 9.03070119965293587941e-34	 2.27047237393474348176e-29	 2.98722818519125602880e-29	 4.06822296864339423779e-31	 0.00000000000000000000e+00	 1.94671812828447902069e-30	 1.25262305836610795844e-30	 2.98194423570253606831e-29	 5.59120198836762383030e-31	 4.53143299511362800125e-36	 4.53143299511362800125e-36	 4.53143299511362800125e-36	 
 2.97999999999999998224e+00	 5.00427812288002145812e-35	 3.44272062806609575237e-37	 1.53953180863277387103e-34	 3.87064239180286357574e-30	 5.09254824719396935982e-30	 6.93541633899167784132e-32	 0.00000000000000000000e+00	 3.31871865756159138090e-31	 2.13544245953948890341e-31	 5.08354029415722782516e-30	 9.53173050499155408087e-32	 7.72533343286180125091e-37	 7.72533343286180125091e-37	 7.72533343286180125091e-37	 
 3.00000000000000000000e+00	 8.25710736939619893874e-36	 5.68071840813470427648e-38	 2.54024062437619142448e-35	 6.38658722100068433328e-31	 8.40273898817100758944e-31	 1.14435128407330509247e-32	 0.00000000000000000000e+00	 5.47591638917477154149e-32	 3.52350068322456880124e-32	 8.38787577923826393026e-31	 1.57274126924351855819e-32	 1.27473178223079479394e-37	 1.27473178223079479394e-37	 1.27473178223079479394e-37	 
 3.02000000000000046185e+00	 1.31800999460161686765e-36	 9.06796723727486750225e-39	 4.05476143646715249877e-36	 1.01943345065962449980e-31	 1.34125335974817861200e-31	 1.82662956652479442003e-33	 0.00000000000000000000e+00	 8.74072486645540899553e-33	 5.62425656584297968161e-33	 1.33888087555021910054e-31	 2.51042370367205854216e-33	 2.03481813820473007402e-38	 2.03481813820473007402e-38	 2.03481813820473007402e-38	 
 3.04000000000000003553e+00	 2.03421774797823106001e-37	 1.39960517610861854248e-39	 6.25811734285971536238e-37	 1.57339160864557179091e-32	 2.07008741143043032707e-32	 2.81922403114317759811e-34	 0.00000000000000000000e+00	 1.34904379073396769850e-33	 8.68048220282178726542e-34	 2.06642571753540861742e-32	 3.87458033533066361541e-34	 3.14066278887092427248e-39	 3.14066278887092427248e-39	 3.14066278887092427248e-39	 
 3.06000000000000005329e+00	 3.03421418811763232971e-38	 2.08771966517891704765e-40	 9.33452314787361456737e-38	 2.34684707636135815964e-33	 3.08771034206102612613e-33	 4.20512369495387673345e-35	 0.00000000000000000000e+00	 2.01221645537176480279e-34	 1.29477002747932130404e-34	 3.08224860483696874712e-33	 5.77926097244091454388e-35	 4.68476777364003570334e-40	 4.68476777364003570334e-40	 4.68476777364003570334e-40	 
 3.08000000000000007105e+00	 4.37165195930035807858e-39	 3.00808696292445485360e-41	 1.34490342586705649269e-38	 3.38129647646408247138e-34	 4.44871837567309365745e-34	 6.05868720687880333752e-36	 0.00000000000000000000e+00	 2.89917135389034503173e-35	 1.86548590312815988923e-35	 4.44084918418886625281e-34	 8.32665214533055828139e-36	 6.75004075419449665575e-41	 6.75004075419449665575e-41	 6.75004075419449665575e-41	 
 3.10000000000000008882e+00	 6.08099051770760084100e-40	 4.18445633056345027198e-42	 1.87076589628617134756e-39	 4.70339078606509064310e-35	 6.18817548230310157843e-35	 8.42767370641045553434e-37	 0.00000000000000000000e+00	 4.03276083820158673335e-36	 2.59490048723483609718e-36	 6.17722939707010435329e-35	 1.15823815916969863850e-36	 9.38977476892265961022e-42	 9.38977476892265961022e-42	 9.38977476892265961022e-42	 
 3.12000000000000010658e+00	 8.16224564977325272195e-41	 5.61688268645357625583e-43	 2.51104418365798584544e-40	 6.31313986745764236515e-36	 8.30609428937318569577e-36	 1.13121069898575536428e-37	 0.00000000000000000000e+00	 5.41299502146747133800e-37	 3.48302049935219413179e-37	 8.29140184270158499008e-36	 1.55464713391471046504e-37	 1.26040936653971276497e-42	 1.26040936653971276497e-42	 1.26040936653971276497e-42	 
 3.13999999999999968026e+00	 1.05664002123706883484e-41	 7.27168115674993011340e-44	 3.25065816738643854668e-41	 8.17262861891602342633e-37	 1.07525901519455309272e-36	 1.46440559095431436928e-38	 0.00000000000000000000e+00	 7.00736659577808946725e-38	 4.50892916323348078026e-38	 1.07335701096652514575e-36	 2.01255508682603524803e-38	 1.63174103697326081803e-43	 1.63174103697326081803e-43	 1.63174103697326081803e-43	 
 3.16000000000000014211e+00	 1.31856096992733284687e-42	 9.07467742658108777269e-45	 4.05643006262874669259e-42	 1.01984419165918133581e-37	 1.34179148485614731578e-37	 1.82740597891113472550e-39	 0.00000000000000000000e+00	 8.74435548824155273509e-39	 5.62660669719331643245e-39	 1.33941801021637608699e-37	 2.51142035830163074608e-39	 2.03632807689878678998e-44	 2.03632807689878678998e-44	 2.03632807689878678998e-44	 
 3.18000000000000015987e+00	 1.58526187836836011166e-43	 1.09107940525143702690e-45	 4.87690503496212964213e-43	 1.22612139854585282643e-38	 1.61318637924116783254e-38	 2.19703192765560562896e-40	 0.00000000000000000000e+00	 1.05130420252921888065e-39	 6.76468134392575559727e-40	 1.61033283013831488484e-38	 3.01938577359457967790e-40	 2.44834752417711276745e-45	 2.44834752417711276745e-45	 2.44834752417711276745e-45	 
 3.19999999999999973355e+00	 1.83526770205202952563e-44	 1.26322381654792278860e-46	 5.64601707299271214625e-44	 1.41948453253050929510e-39	 1.86759026861437123297e-39	 2.54352098655230665336e-41	 0.00000000000000000000e+00	 1.21710092243299546357e-40	 7.83151408348987623222e-41	 1.86428669713835344680e-39	 3.49554842677706542927e-41	 2.83463514209848688073e-46	 2.83463514209848688073e-46	 2.83463514209848688073e-46	 
 3.22000000000000019540e+00	 2.04485916907089005378e-45	 0.00000000000000000000e+00	 6.29079635480710475897e-45	 1.58158804440578924708e-40	 2.08086625546874990818e-40	 2.83400024308905909764e-42	 0.00000000000000000000e+00	 1.35609572762022112873e-41	 8.72588926992125522273e-42	 2.07718540955167570806e-40	 3.89473160322020146591e-42	 0.00000000000000000000e+00	 0.00000000000000000000e+00	 0.00000000000000000000e+00	 
 3.24000000000000021316e+00	 2.19158758199831116405e-46	 0.00000000000000000000e+00	 6.74218223910503040162e-46	 1.69506933667724990188e-41	 2.23017072808704940950e-41	 3.03735750598627103174e-43	 0.00000000000000000000e+00	 1.45340128317185505703e-42	 9.35201311143696580961e-43	 2.22622576438547165286e-41	 4.17417937342495057259e-43	 0.00000000000000000000e+00	 0.00000000000000000000e+00	 0.00000000000000000000e+00	 
 3.25999999999999978684e+00	 0.00000000000000000000e+00	 0.00000000000000000000e+00	 0.00000000000000000000e+00	 1.74653221339774566991e-42	 2.29787862940933623985e-42	 3.12958728167896492193e-44	 0.00000000000000000000e+00	 1.49753099513714904303e-43	 9.63597391229840872530e-44	 2.29381388275527611721e-42	 4.30090346476817511116e-44	 0.00000000000000000000e+00	 0.00000000000000000000e+00	 0.00000000000000000000e+00	 
 3.28000000000000024869e+00	 0.00000000000000000000e+00	 0.00000000000000000000e+00	 0.00000000000000000000e+00	 1.72910781632256889315e-43	 2.27495282391428486293e-43	 3.09837980993152450331e-45	 0.00000000000000000000e+00	 1.48259487144520597692e-44	 9.53987154681443464503e-45	 2.27092861652752599332e-43	 4.25798961915879134870e-45	 0.00000000000000000000e+00	 0.00000000000000000000e+00	 0.00000000000000000000e+00	 
 3.29999999999999982236e+00	 0.00000000000000000000e+00	 0.00000000000000000000e+00	 0.00000000000000000000e+00	 1.64392761678218898000e-44	 2.16288206915254822167e-44	 2.94576076769500344974e-46	 0.00000000000000000000e+00	 1.40956258397388343740e-45	 9.06994481910097835244e-46	 2.15905609149195516088e-44	 4.04822479315654648560e-46	 0.00000000000000000000e+00	 0.00000000000000000000e+00	 0.00000000000000000000e+00	 
 3.31999999999999984013e+00	 0.00000000000000000000e+00	 0.00000000000000000000e+00	 0.00000000000000000000e+00	 1.50008056829716343456e-45	 1.97362462233629457543e-45	 0.00000000000000000000e+00	 0.00000000000000000000e+00	 1.28622682445891937594e-46	 0.00000000000000000000e+00	 1.97013341337167110123e-45	 0.00000000000000000000e+00	 0.00000000000000000000e+00	 0.00000000000000000000e+00	 0.00000000000000000000e+00	 
 3.34000000000000030198e+00	 0.00000000000000000000e+00	 0.00000000000000000000e+00	 0.00000000000000000000e+00	 1.31301906025366682979e-46	 1.72751096524029916745e-46	 0.00000000000000000000e+00	 0.00000000000000000000e+00	 0.00000000000000000000e+00	 0.00000000000000000000e+00	 1.72445510229941799044e-46	 0.00000000000000000000e+00	 0.00000000000000000000e+00	 0.00000000000000000000e+00	 0.00000000000000000000e+00	 
 3.36000000000000031974e+00	 0.00000000000000000000e+00	 0.00000000000000000000e+00	 0.00000000000000000000e+00	 0.00000000000000000000e+00	 0.00000000000000000000e+00	 0.00000000000000000000e+00	 0.00000000000000000000e+00	 0.00000000000000000000e+00	 0.00000000000000000000e+00	 0.00000000000000000000e+00	 0.00000000000000000000e+00	 0.00000000000000000000e+00	 0.00000000000000000000e+00	 0.00000000000000000000e+00	 
 3.37999999999999989342e+00	 0.00000000000000000000e+00	 0.00000000000000000000e+00	 0.00000000000000000000e+00	 0.00000000000000000000e+00	 0.00000000000000000000e+00	 0.00000000000000000000e+00	 0.00000000000000000000e+00	 0.00000000000000000000e+00	 0.00000000000000000000e+00	 0.00000000000000000000e+00	 0.00000000000000000000e+00	 0.00000000000000000000e+00	 0.00000000000000000000e+00	 0.00000000000000000000e+00	 
 3.39999999999999991118e+00	 0.00000000000000000000e+00	 0.00000000000000000000e+00	 0.00000000000000000000e+00	 0.00000000000000000000e+00	 0.00000000000000000000e+00	 0.00000000000000000000e+00	 0.00000000000000000000e+00	 0.00000000000000000000e+00	 0.00000000000000000000e+00	 0.00000000000000000000e+00	 0.00000000000000000000e+00	 0.00000000000000000000e+00	 0.00000000000000000000e+00	 0.00000000000000000000e+00	 
 3.42000000000000037303e+00	 0.00000000000000000000e+00	 0.00000000000000000000e+00	 0.00000000000000000000e+00	 0.00000000000000000000e+00	 0.00000000000000000000e+00	 0.00000000000000000000e+00	 0.00000000000000000000e+00	 0.00000000000000000000e+00	 0.00000000000000000000e+00	 0.00000000000000000000e+00	 0.00000000000000000000e+00	 0.00000000000000000000e+00	 0.00000000000000000000e+00	 0.00000000000000000000e+00	 
 3.43999999999999994671e+00	 0.00000000000000000000e+00	 0.00000000000000000000e+00	 0.00000000000000000000e+00	 0.00000000000000000000e+00	 0.00000000000000000000e+00	 0.00000000000000000000e+00	 0.00000000000000000000e+00	 0.00000000000000000000e+00	 0.00000000000000000000e+00	 0.00000000000000000000e+00	 0.00000000000000000000e+00	 0.00000000000000000000e+00	 0.00000000000000000000e+00	 0.00000000000000000000e+00	 
 3.45999999999999996447e+00	 0.00000000000000000000e+00	 0.00000000000000000000e+00	 0.00000000000000000000e+00	 0.00000000000000000000e+00	 0.00000000000000000000e+00	 0.00000000000000000000e+00	 0.00000000000000000000e+00	 0.00000000000000000000e+00	 0.00000000000000000000e+00	 0.00000000000000000000e+00	 0.00000000000000000000e+00	 0.00000000000000000000e+00	 0.00000000000000000000e+00	 0.00000000000000000000e+00	 
 3.48000000000000042633e+00	 0.00000000000000000000e+00	 0.00000000000000000000e+00	 0.00000000000000000000e+00	 0.00000000000000000000e+00	 0.00000000000000000000e+00	 0.00000000000000000000e+00	 0.00000000000000000000e+00	 0.00000000000000000000e+00	 0.00000000000000000000e+00	 0.00000000000000000000e+00	 0.00000000000000000000e+00	 0.00000000000000000000e+00	 0.00000000000000000000e+00	 0.00000000000000000000e+00	 
 3.50000000000000000000e+00	 0.00000000000000000000e+00	 0.00000000000000000000e+00	 0.00000000000000000000e+00	 0.00000000000000000000e+00	 0.00000000000000000000e+00	 0.00000000000000000000e+00	 0.00000000000000000000e+00	 0.00000000000000000000e+00	 0.00000000000000000000e+00	 0.00000000000000000000e+00	 0.00000000000000000000e+00	 0.00000000000000000000e+00	 0.00000000000000000000e+00	 0.00000000000000000000e+00	 
 3.52000000000000001776e+00	 0.00000000000000000000e+00	 0.00000000000000000000e+00	 0.00000000000000000000e+00	 0.00000000000000000000e+00	 0.00000000000000000000e+00	 0.00000000000000000000e+00	 0.00000000000000000000e+00	 0.00000000000000000000e+00	 0.00000000000000000000e+00	 0.00000000000000000000e+00	 0.00000000000000000000e+00	 0.00000000000000000000e+00	 0.00000000000000000000e+00	 0.00000000000000000000e+00	 
 3.54000000000000047962e+00	 0.00000000000000000000e+00	 0.00000000000000000000e+00	 0.00000000000000000000e+00	 0.00000000000000000000e+00	 0.00000000000000000000e+00	 0.00000000000000000000e+00	 0.00000000000000000000e+00	 0.00000000000000000000e+00	 0.00000000000000000000e+00	 0.00000000000000000000e+00	 0.00000000000000000000e+00	 0.00000000000000000000e+00	 0.00000000000000000000e+00	 0.00000000000000000000e+00	 
 3.56000000000000005329e+00	 0.00000000000000000000e+00	 0.00000000000000000000e+00	 0.00000000000000000000e+00	 0.00000000000000000000e+00	 0.00000000000000000000e+00	 0.00000000000000000000e+00	 0.00000000000000000000e+00	 0.00000000000000000000e+00	 0.00000000000000000000e+00	 0.00000000000000000000e+00	 0.00000000000000000000e+00	 0.00000000000000000000e+00	 0.00000000000000000000e+00	 0.00000000000000000000e+00	 
 3.58000000000000007105e+00	 0.00000000000000000000e+00	 0.00000000000000000000e+00	 0.00000000000000000000e+00	 0.00000000000000000000e+00	 0.00000000000000000000e+00	 0.00000000000000000000e+00	 0.00000000000000000000e+00	 0.00000000000000000000e+00	 0.00000000000000000000e+00	 0.00000000000000000000e+00	 0.00000000000000000000e+00	 0.00000000000000000000e+00	 0.00000000000000000000e+00	 0.00000000000000000000e+00	 
 3.60000000000000053291e+00	 0.00000000000000000000e+00	 0.00000000000000000000e+00	 0.00000000000000000000e+00	 0.00000000000000000000e+00	 0.00000000000000000000e+00	 0.00000000000000000000e+00	 0.00000000000000000000e+00	 0.00000000000000000000e+00	 0.00000000000000000000e+00	 0.00000000000000000000e+00	 0.00000000000000000000e+00	 0.00000000000000000000e+00	 0.00000000000000000000e+00	 0.00000000000000000000e+00	 
 3.62000000000000010658e+00	 0.00000000000000000000e+00	 0.00000000000000000000e+00	 0.00000000000000000000e+00	 0.00000000000000000000e+00	 0.00000000000000000000e+00	 0.00000000000000000000e+00	 0.00000000000000000000e+00	 0.00000000000000000000e+00	 0.00000000000000000000e+00	 0.00000000000000000000e+00	 0.00000000000000000000e+00	 0.00000000000000000000e+00	 0.00000000000000000000e+00	 0.00000000000000000000e+00	 
 3.63999999999999968026e+00	 0.00000000000000000000e+00	 0.00000000000000000000e+00	 0.00000000000000000000e+00	 0.00000000000000000000e+00	 0.00000000000000000000e+00	 0.00000000000000000000e+00	 0.00000000000000000000e+00	 0.00000000000000000000e+00	 0.00000000000000000000e+00	 0.00000000000000000000e+00	 0.00000000000000000000e+00	 0.00000000000000000000e+00	 0.00000000000000000000e+00	 0.00000000000000000000e+00	 
 3.65999999999999969802e+00	 0.00000000000000000000e+00	 0.00000000000000000000e+00	 0.00000000000000000000e+00	 0.00000000000000000000e+00	 0.00000000000000000000e+00	 0.00000000000000000000e+00	 0.00000000000000000000e+00	 0.00000000000000000000e+00	 0.00000000000000000000e+00	 0.00000000000000000000e+00	 0.00000000000000000000e+00	 0.00000000000000000000e+00	 0.00000000000000000000e+00	 0.00000000000000000000e+00	 
 3.68000000000000015987e+00	 0.00000000000000000000e+00	 0.00000000000000000000e+00	 0.00000000000000000000e+00	 0.00000000000000000000e+00	 0.00000000000000000000e+00	 0.00000000000000000000e+00	 0.00000000000000000000e+00	 0.00000000000000000000e+00	 0.00000000000000000000e+00	 0.00000000000000000000e+00	 0.00000000000000000000e+00	 0.00000000000000000000e+00	 0.00000000000000000000e+00	 0.00000000000000000000e+00	 
 3.70000000000000017764e+00	 0.00000000000000000000e+00	 0.00000000000000000000e+00	 0.00000000000000000000e+00	 0.00000000000000000000e+00	 0.00000000000000000000e+00	 0.00000000000000000000e+00	 0.00000000000000000000e+00	 0.00000000000000000000e+00	 0.00000000000000000000e+00	 0.00000000000000000000e+00	 0.00000000000000000000e+00	 0.00000000000000000000e+00	 0.00000000000000000000e+00	 0.00000000000000000000e+00	 
 3.71999999999999975131e+00	 0.00000000000000000000e+00	 0.00000000000000000000e+00	 0.00000000000000000000e+00	 0.00000000000000000000e+00	 0.00000000000000000000e+00	 0.00000000000000000000e+00	 0.00000000000000000000e+00	 0.00000000000000000000e+00	 0.00000000000000000000e+00	 0.00000000000000000000e+00	 0.00000000000000000000e+00	 0.00000000000000000000e+00	 0.00000000000000000000e+00	 0.00000000000000000000e+00	 
 3.74000000000000021316e+00	 0.00000000000000000000e+00	 0.00000000000000000000e+00	 0.00000000000000000000e+00	 0.00000000000000000000e+00	 0.00000000000000000000e+00	 0.00000000000000000000e+00	 0.00000000000000000000e+00	 0.00000000000000000000e+00	 0.00000000000000000000e+00	 0.00000000000000000000e+00	 0.00000000000000000000e+00	 0.00000000000000000000e+00	 0.00000000000000000000e+00	 0.00000000000000000000e+00	 
 3.76000000000000023093e+00	 0.00000000000000000000e+00	 0.00000000000000000000e+00	 0.00000000000000000000e+00	 0.00000000000000000000e+00	 0.00000000000000000000e+00	 0.00000000000000000000e+00	 0.00000000000000000000e+00	 0.00000000000000000000e+00	 0.00000000000000000000e+00	 0.00000000000000000000e+00	 0.00000000000000000000e+00	 0.00000000000000000000e+00	 0.00000000000000000000e+00	 0.00000000000000000000e+00	 
 3.77999999999999980460e+00	 0.00000000000000000000e+00	 0.00000000000000000000e+00	 0.00000000000000000000e+00	 0.00000000000000000000e+00	 0.00000000000000000000e+00	 0.00000000000000000000e+00	 0.00000000000000000000e+00	 0.00000000000000000000e+00	 0.00000000000000000000e+00	 0.00000000000000000000e+00	 0.00000000000000000000e+00	 0.00000000000000000000e+00	 0.00000000000000000000e+00	 0.00000000000000000000e+00	 
 3.80000000000000026645e+00	 0.00000000000000000000e+00	 0.00000000000000000000e+00	 0.00000000000000000000e+00	 0.00000000000000000000e+00	 0.00000000000000000000e+00	 0.00000000000000000000e+00	 0.00000000000000000000e+00	 0.00000000000000000000e+00	 0.00000000000000000000e+00	 0.00000000000000000000e+00	 0.00000000000000000000e+00	 0.00000000000000000000e+00	 0.00000000000000000000e+00	 0.00000000000000000000e+00	 
 3.82000000000000028422e+00	 0.00000000000000000000e+00	 0.00000000000000000000e+00	 0.00000000000000000000e+00	 0.00000000000000000000e+00	 0.00000000000000000000e+00	 0.00000000000000000000e+00	 0.00000000000000000000e+00	 0.00000000000000000000e+00	 0.00000000000000000000e+00	 0.00000000000000000000e+00	 0.00000000000000000000e+00	 0.00000000000000000000e+00	 0.00000000000000000000e+00	 0.00000000000000000000e+00	 
 3.83999999999999985789e+00	 0.00000000000000000000e+00	 0.00000000000000000000e+00	 0.00000000000000000000e+00	 0.00000000000000000000e+00	 0.00000000000000000000e+00	 0.00000000000000000000e+00	 0.00000000000000000000e+00	 0.00000000000000000000e+00	 0.00000000000000000000e+00	 0.00000000000000000000e+00	 0.00000000000000000000e+00	 0.00000000000000000000e+00	 0.00000000000000000000e+00	 0.00000000000000000000e+00	 
 3.86000000000000031974e+00	 0.00000000000000000000e+00	 0.00000000000000000000e+00	 0.00000000000000000000e+00	 0.00000000000000000000e+00	 0.00000000000000000000e+00	 0.00000000000000000000e+00	 0.00000000000000000000e+00	 0.00000000000000000000e+00	 0.00000000000000000000e+00	 0.00000000000000000000e+00	 0.00000000000000000000e+00	 0.00000000000000000000e+00	 0.00000000000000000000e+00	 0.00000000000000000000e+00	 
 3.87999999999999989342e+00	 0.00000000000000000000e+00	 0.00000000000000000000e+00	 0.00000000000000000000e+00	 0.00000000000000000000e+00	 0.00000000000000000000e+00	 0.00000000000000000000e+00	 0.00000000000000000000e+00	 0.00000000000000000000e+00	 0.00000000000000000000e+00	 0.00000000000000000000e+00	 0.00000000000000000000e+00	 0.00000000000000000000e+00	 0.00000000000000000000e+00	 0.00000000000000000000e+00	 
 3.89999999999999991118e+00	 0.00000000000000000000e+00	 0.00000000000000000000e+00	 0.00000000000000000000e+00	 0.00000000000000000000e+00	 0.00000000000000000000e+00	 0.00000000000000000000e+00	 0.00000000000000000000e+00	 0.00000000000000000000e+00	 0.00000000000000000000e+00	 0.00000000000000000000e+00	 0.00000000000000000000e+00	 0.00000000000000000000e+00	 0.00000000000000000000e+00	 0.00000000000000000000e+00	 
 3.91999999999999948486e+00	 0.00000000000000000000e+00	 0.00000000000000000000e+00	 0.00000000000000000000e+00	 0.00000000000000000000e+00	 0.00000000000000000000e+00	 0.00000000000000000000e+00	 0.00000000000000000000e+00	 0.00000000000000000000e+00	 0.00000000000000000000e+00	 0.00000000000000000000e+00	 0.00000000000000000000e+00	 0.00000000000000000000e+00	 0.00000000000000000000e+00	 0.00000000000000000000e+00	 
 3.93999999999999994671e+00	 0.00000000000000000000e+00	 0.00000000000000000000e+00	 0.00000000000000000000e+00	 0.00000000000000000000e+00	 0.00000000000000000000e+00	 0.00000000000000000000e+00	 0.00000000000000000000e+00	 0.00000000000000000000e+00	 0.00000000000000000000e+00	 0.00000000000000000000e+00	 0.00000000000000000000e+00	 0.00000000000000000000e+00	 0.00000000000000000000e+00	 0.00000000000000000000e+00	 
 3.95999999999999996447e+00	 0.00000000000000000000e+00	 0.00000000000000000000e+00	 0.00000000000000000000e+00	 0.00000000000000000000e+00	 0.00000000000000000000e+00	 0.00000000000000000000e+00	 0.00000000000000000000e+00	 0.00000000000000000000e+00	 0.00000000000000000000e+00	 0.00000000000000000000e+00	 0.00000000000000000000e+00	 0.00000000000000000000e+00	 0.00000000000000000000e+00	 0.00000000000000000000e+00	 
 3.97999999999999953815e+00	 0.00000000000000000000e+00	 0.00000000000000000000e+00	 0.00000000000000000000e+00	 0.00000000000000000000e+00	 0.00000000000000000000e+00	 0.00000000000000000000e+00	 0.00000000000000000000e+00	 0.00000000000000000000e+00	 0.00000000000000000000e+00	 0.00000000000000000000e+00	 0.00000000000000000000e+00	 0.00000000000000000000e+00	 0.00000000000000000000e+00	 0.00000000000000000000e+00	 
 4.00000000000000000000e+00	 0.00000000000000000000e+00	 0.00000000000000000000e+00	 0.00000000000000000000e+00	 0.00000000000000000000e+00	 0.00000000000000000000e+00	 0.00000000000000000000e+00	 0.00000000000000000000e+00	 0.00000000000000000000e+00	 0.00000000000000000000e+00	 0.00000000000000000000e+00	 0.00000000000000000000e+00	 0.00000000000000000000e+00	 0.00000000000000000000e+00	 0.00000000000000000000e+00	 
 4.01999999999999957367e+00	 0.00000000000000000000e+00	 0.00000000000000000000e+00	 0.00000000000000000000e+00	 0.00000000000000000000e+00	 0.00000000000000000000e+00	 0.00000000000000000000e+00	 0.00000000000000000000e+00	 0.00000000000000000000e+00	 0.00000000000000000000e+00	 0.00000000000000000000e+00	 0.00000000000000000000e+00	 0.00000000000000000000e+00	 0.00000000000000000000e+00	 0.00000000000000000000e+00	 
 4.04000000000000003553e+00	 0.00000000000000000000e+00	 0.00000000000000000000e+00	 0.00000000000000000000e+00	 0.00000000000000000000e+00	 0.00000000000000000000e+00	 0.00000000000000000000e+00	 0.00000000000000000000e+00	 0.00000000000000000000e+00	 0.00000000000000000000e+00	 0.00000000000000000000e+00	 0.00000000000000000000e+00	 0.00000000000000000000e+00	 0.00000000000000000000e+00	 0.00000000000000000000e+00	 
 4.06000000000000049738e+00	 0.00000000000000000000e+00	 0.00000000000000000000e+00	 0.00000000000000000000e+00	 0.00000000000000000000e+00	 0.00000000000000000000e+00	 0.00000000000000000000e+00	 0.00000000000000000000e+00	 0.00000000000000000000e+00	 0.00000000000000000000e+00	 0.00000000000000000000e+00	 0.00000000000000000000e+00	 0.00000000000000000000e+00	 0.00000000000000000000e+00	 0.00000000000000000000e+00	 
 4.08000000000000007105e+00	 0.00000000000000000000e+00	 0.00000000000000000000e+00	 0.00000000000000000000e+00	 0.00000000000000000000e+00	 0.00000000000000000000e+00	 0.00000000000000000000e+00	 0.00000000000000000000e+00	 0.00000000000000000000e+00	 0.00000000000000000000e+00	 0.00000000000000000000e+00	 0.00000000000000000000e+00	 0.00000000000000000000e+00	 0.00000000000000000000e+00	 0.00000000000000000000e+00	 
 4.09999999999999964473e+00	 0.00000000000000000000e+00	 0.00000000000000000000e+00	 0.00000000000000000000e+00	 0.00000000000000000000e+00	 0.00000000000000000000e+00	 0.00000000000000000000e+00	 0.00000000000000000000e+00	 0.00000000000000000000e+00	 0.00000000000000000000e+00	 0.00000000000000000000e+00	 0.00000000000000000000e+00	 0.00000000000000000000e+00	 0.00000000000000000000e+00	 0.00000000000000000000e+00	 
 4.12000000000000010658e+00	 0.00000000000000000000e+00	 0.00000000000000000000e+00	 0.00000000000000000000e+00	 0.00000000000000000000e+00	 0.00000000000000000000e+00	 0.00000000000000000000e+00	 0.00000000000000000000e+00	 0.00000000000000000000e+00	 0.00000000000000000000e+00	 0.00000000000000000000e+00	 0.00000000000000000000e+00	 0.00000000000000000000e+00	 0.00000000000000000000e+00	 0.00000000000000000000e+00	 
 4.14000000000000056843e+00	 0.00000000000000000000e+00	 0.00000000000000000000e+00	 0.00000000000000000000e+00	 0.00000000000000000000e+00	 0.00000000000000000000e+00	 0.00000000000000000000e+00	 0.00000000000000000000e+00	 0.00000000000000000000e+00	 0.00000000000000000000e+00	 0.00000000000000000000e+00	 0.00000000000000000000e+00	 0.00000000000000000000e+00	 0.00000000000000000000e+00	 0.00000000000000000000e+00	 
 4.16000000000000014211e+00	 0.00000000000000000000e+00	 0.00000000000000000000e+00	 0.00000000000000000000e+00	 0.00000000000000000000e+00	 0.00000000000000000000e+00	 0.00000000000000000000e+00	 0.00000000000000000000e+00	 0.00000000000000000000e+00	 0.00000000000000000000e+00	 0.00000000000000000000e+00	 0.00000000000000000000e+00	 0.00000000000000000000e+00	 0.00000000000000000000e+00	 0.00000000000000000000e+00	 
 4.17999999999999971578e+00	 0.00000000000000000000e+00	 0.00000000000000000000e+00	 0.00000000000000000000e+00	 0.00000000000000000000e+00	 0.00000000000000000000e+00	 0.00000000000000000000e+00	 0.00000000000000000000e+00	 0.00000000000000000000e+00	 0.00000000000000000000e+00	 0.00000000000000000000e+00	 0.00000000000000000000e+00	 0.00000000000000000000e+00	 0.00000000000000000000e+00	 0.00000000000000000000e+00	 
 4.20000000000000017764e+00	 0.00000000000000000000e+00	 0.00000000000000000000e+00	 0.00000000000000000000e+00	 0.00000000000000000000e+00	 0.00000000000000000000e+00	 0.00000000000000000000e+00	 0.00000000000000000000e+00	 0.00000000000000000000e+00	 0.00000000000000000000e+00	 0.00000000000000000000e+00	 0.00000000000000000000e+00	 0.00000000000000000000e+00	 0.00000000000000000000e+00	 0.00000000000000000000e+00	 
 4.21999999999999975131e+00	 0.00000000000000000000e+00	 0.00000000000000000000e+00	 0.00000000000000000000e+00	 0.00000000000000000000e+00	 0.00000000000000000000e+00	 0.00000000000000000000e+00	 0.00000000000000000000e+00	 0.00000000000000000000e+00	 0.00000000000000000000e+00	 0.00000000000000000000e+00	 0.00000000000000000000e+00	 0.00000000000000000000e+00	 0.00000000000000000000e+00	 0.00000000000000000000e+00	 
 4.24000000000000021316e+00	 0.00000000000000000000e+00	 0.00000000000000000000e+00	 0.00000000000000000000e+00	 0.00000000000000000000e+00	 0.00000000000000000000e+00	 0.00000000000000000000e+00	 0.00000000000000000000e+00	 0.00000000000000000000e+00	 0.00000000000000000000e+00	 0.00000000000000000000e+00	 0.00000000000000000000e+00	 0.00000000000000000000e+00	 0.00000000000000000000e+00	 0.00000000000000000000e+00	 
 4.25999999999999978684e+00	 0.00000000000000000000e+00	 0.00000000000000000000e+00	 0.00000000000000000000e+00	 0.00000000000000000000e+00	 0.00000000000000000000e+00	 0.00000000000000000000e+00	 0.00000000000000000000e+00	 0.00000000000000000000e+00	 0.00000000000000000000e+00	 0.00000000000000000000e+00	 0.00000000000000000000e+00	 0.00000000000000000000e+00	 0.00000000000000000000e+00	 0.00000000000000000000e+00	 
 4.28000000000000024869e+00	 0.00000000000000000000e+00	 0.00000000000000000000e+00	 0.00000000000000000000e+00	 0.00000000000000000000e+00	 0.00000000000000000000e+00	 0.00000000000000000000e+00	 0.00000000000000000000e+00	 0.00000000000000000000e+00	 0.00000000000000000000e+00	 0.00000000000000000000e+00	 0.00000000000000000000e+00	 0.00000000000000000000e+00	 0.00000000000000000000e+00	 0.00000000000000000000e+00	 
 4.29999999999999982236e+00	 0.00000000000000000000e+00	 0.00000000000000000000e+00	 0.00000000000000000000e+00	 0.00000000000000000000e+00	 0.00000000000000000000e+00	 0.00000000000000000000e+00	 0.00000000000000000000e+00	 0.00000000000000000000e+00	 0.00000000000000000000e+00	 0.00000000000000000000e+00	 0.00000000000000000000e+00	 0.00000000000000000000e+00	 0.00000000000000000000e+00	 0.00000000000000000000e+00	 
 4.32000000000000028422e+00	 0.00000000000000000000e+00	 0.00000000000000000000e+00	 0.00000000000000000000e+00	 0.00000000000000000000e+00	 0.00000000000000000000e+00	 0.00000000000000000000e+00	 0.00000000000000000000e+00	 0.00000000000000000000e+00	 0.00000000000000000000e+00	 0.00000000000000000000e+00	 0.00000000000000000000e+00	 0.00000000000000000000e+00	 0.00000000000000000000e+00	 0.00000000000000000000e+00	 
 4.33999999999999985789e+00	 0.00000000000000000000e+00	 0.00000000000000000000e+00	 0.00000000000000000000e+00	 0.00000000000000000000e+00	 0.00000000000000000000e+00	 0.00000000000000000000e+00	 0.00000000000000000000e+00	 0.00000000000000000000e+00	 0.00000000000000000000e+00	 0.00000000000000000000e+00	 0.00000000000000000000e+00	 0.00000000000000000000e+00	 0.00000000000000000000e+00	 0.00000000000000000000e+00	 
 4.36000000000000031974e+00	 0.00000000000000000000e+00	 0.00000000000000000000e+00	 0.00000000000000000000e+00	 0.00000000000000000000e+00	 0.00000000000000000000e+00	 0.00000000000000000000e+00	 0.00000000000000000000e+00	 0.00000000000000000000e+00	 0.00000000000000000000e+00	 0.00000000000000000000e+00	 0.00000000000000000000e+00	 0.00000000000000000000e+00	 0.00000000000000000000e+00	 0.00000000000000000000e+00	 
 4.37999999999999989342e+00	 0.00000000000000000000e+00	 0.00000000000000000000e+00	 0.00000000000000000000e+00	 0.00000000000000000000e+00	 0.00000000000000000000e+00	 0.00000000000000000000e+00	 0.00000000000000000000e+00	 0.00000000000000000000e+00	 0.00000000000000000000e+00	 0.00000000000000000000e+00	 0.00000000000000000000e+00	 0.00000000000000000000e+00	 0.00000000000000000000e+00	 0.00000000000000000000e+00	 
 4.40000000000000035527e+00	 0.00000000000000000000e+00	 0.00000000000000000000e+00	 0.00000000000000000000e+00	 0.00000000000000000000e+00	 0.00000000000000000000e+00	 0.00000000000000000000e+00	 0.00000000000000000000e+00	 0.00000000000000000000e+00	 0.00000000000000000000e+00	 0.00000000000000000000e+00	 0.00000000000000000000e+00	 0.00000000000000000000e+00	 0.00000000000000000000e+00	 0.00000000000000000000e+00	 
 4.41999999999999992895e+00	 0.00000000000000000000e+00	 0.00000000000000000000e+00	 0.00000000000000000000e+00	 0.00000000000000000000e+00	 0.00000000000000000000e+00	 0.00000000000000000000e+00	 0.00000000000000000000e+00	 0.00000000000000000000e+00	 0.00000000000000000000e+00	 0.00000000000000000000e+00	 0.00000000000000000000e+00	 0.00000000000000000000e+00	 0.00000000000000000000e+00	 0.00000000000000000000e+00	 
 4.43999999999999950262e+00	 0.00000000000000000000e+00	 0.00000000000000000000e+00	 0.00000000000000000000e+00	 0.00000000000000000000e+00	 0.00000000000000000000e+00	 0.00000000000000000000e+00	 0.00000000000000000000e+00	 0.00000000000000000000e+00	 0.00000000000000000000e+00	 0.00000000000000000000e+00	 0.00000000000000000000e+00	 0.00000000000000000000e+00	 0.00000000000000000000e+00	 0.00000000000000000000e+00	 
 4.45999999999999996447e+00	 0.00000000000000000000e+00	 0.00000000000000000000e+00	 0.00000000000000000000e+00	 0.00000000000000000000e+00	 0.00000000000000000000e+00	 0.00000000000000000000e+00	 0.00000000000000000000e+00	 0.00000000000000000000e+00	 0.00000000000000000000e+00	 0.00000000000000000000e+00	 0.00000000000000000000e+00	 0.00000000000000000000e+00	 0.00000000000000000000e+00	 0.00000000000000000000e+00	 
 4.47999999999999953815e+00	 0.00000000000000000000e+00	 0.00000000000000000000e+00	 0.00000000000000000000e+00	 0.00000000000000000000e+00	 0.00000000000000000000e+00	 0.00000000000000000000e+00	 0.00000000000000000000e+00	 0.00000000000000000000e+00	 0.00000000000000000000e+00	 0.00000000000000000000e+00	 0.00000000000000000000e+00	 0.00000000000000000000e+00	 0.00000000000000000000e+00	 0.00000000000000000000e+00	 
 4.50000000000000000000e+00	 0.00000000000000000000e+00	 0.00000000000000000000e+00	 0.00000000000000000000e+00	 0.00000000000000000000e+00	 0.00000000000000000000e+00	 0.00000000000000000000e+00	 0.00000000000000000000e+00	 0.00000000000000000000e+00	 0.00000000000000000000e+00	 0.00000000000000000000e+00	 0.00000000000000000000e+00	 0.00000000000000000000e+00	 0.00000000000000000000e+00	 0.00000000000000000000e+00	 
 4.52000000000000046185e+00	 0.00000000000000000000e+00	 0.00000000000000000000e+00	 0.00000000000000000000e+00	 0.00000000000000000000e+00	 0.00000000000000000000e+00	 0.00000000000000000000e+00	 0.00000000000000000000e+00	 0.00000000000000000000e+00	 0.00000000000000000000e+00	 0.00000000000000000000e+00	 0.00000000000000000000e+00	 0.00000000000000000000e+00	 0.00000000000000000000e+00	 0.00000000000000000000e+00	 
 4.54000000000000003553e+00	 0.00000000000000000000e+00	 0.00000000000000000000e+00	 0.00000000000000000000e+00	 0.00000000000000000000e+00	 0.00000000000000000000e+00	 0.00000000000000000000e+00	 0.00000000000000000000e+00	 0.00000000000000000000e+00	 0.00000000000000000000e+00	 0.00000000000000000000e+00	 0.00000000000000000000e+00	 0.00000000000000000000e+00	 0.00000000000000000000e+00	 0.00000000000000000000e+00	 
 4.55999999999999960920e+00	 0.00000000000000000000e+00	 0.00000000000000000000e+00	 0.00000000000000000000e+00	 0.00000000000000000000e+00	 0.00000000000000000000e+00	 0.00000000000000000000e+00	 0.00000000000000000000e+00	 0.00000000000000000000e+00	 0.00000000000000000000e+00	 0.00000000000000000000e+00	 0.00000000000000000000e+00	 0.00000000000000000000e+00	 0.00000000000000000000e+00	 0.00000000000000000000e+00	 
 4.58000000000000007105e+00	 0.00000000000000000000e+00	 0.00000000000000000000e+00	 0.00000000000000000000e+00	 0.00000000000000000000e+00	 0.00000000000000000000e+00	 0.00000000000000000000e+00	 0.00000000000000000000e+00	 0.00000000000000000000e+00	 0.00000000000000000000e+00	 0.00000000000000000000e+00	 0.00000000000000000000e+00	 0.00000000000000000000e+00	 0.00000000000000000000e+00	 0.00000000000000000000e+00	 
 4.60000000000000053291e+00	 0.00000000000000000000e+00	 0.00000000000000000000e+00	 0.00000000000000000000e+00	 0.00000000000000000000e+00	 0.00000000000000000000e+00	 0.00000000000000000000e+00	 0.00000000000000000000e+00	 0.00000000000000000000e+00	 0.00000000000000000000e+00	 0.00000000000000000000e+00	 0.00000000000000000000e+00	 0.00000000000000000000e+00	 0.00000000000000000000e+00	 0.00000000000000000000e+00	 
 4.62000000000000010658e+00	 0.00000000000000000000e+00	 0.00000000000000000000e+00	 0.00000000000000000000e+00	 0.00000000000000000000e+00	 0.00000000000000000000e+00	 0.00000000000000000000e+00	 0.00000000000000000000e+00	 0.00000000000000000000e+00	 0.00000000000000000000e+00	 0.00000000000000000000e+00	 0.00000000000000000000e+00	 0.00000000000000000000e+00	 0.00000000000000000000e+00	 0.00000000000000000000e+00	 
 4.63999999999999968026e+00	 0.00000000000000000000e+00	 0.00000000000000000000e+00	 0.00000000000000000000e+00	 0.00000000000000000000e+00	 0.00000000000000000000e+00	 0.00000000000000000000e+00	 0.00000000000000000000e+00	 0.00000000000000000000e+00	 0.00000000000000000000e+00	 0.00000000000000000000e+00	 0.00000000000000000000e+00	 0.00000000000000000000e+00	 0.00000000000000000000e+00	 0.00000000000000000000e+00	 
 4.66000000000000014211e+00	 0.00000000000000000000e+00	 0.00000000000000000000e+00	 0.00000000000000000000e+00	 0.00000000000000000000e+00	 0.00000000000000000000e+00	 0.00000000000000000000e+00	 0.00000000000000000000e+00	 0.00000000000000000000e+00	 0.00000000000000000000e+00	 0.00000000000000000000e+00	 0.00000000000000000000e+00	 0.00000000000000000000e+00	 0.00000000000000000000e+00	 0.00000000000000000000e+00	 
 4.67999999999999971578e+00	 0.00000000000000000000e+00	 0.00000000000000000000e+00	 0.00000000000000000000e+00	 0.00000000000000000000e+00	 0.00000000000000000000e+00	 0.00000000000000000000e+00	 0.00000000000000000000e+00	 0.00000000000000000000e+00	 0.00000000000000000000e+00	 0.00000000000000000000e+00	 0.00000000000000000000e+00	 0.00000000000000000000e+00	 0.00000000000000000000e+00	 0.00000000000000000000e+00	 
 4.69999999999999928946e+00	 0.00000000000000000000e+00	 0.00000000000000000000e+00	 0.00000000000000000000e+00	 0.00000000000000000000e+00	 0.00000000000000000000e+00	 0.00000000000000000000e+00	 0.00000000000000000000e+00	 0.00000000000000000000e+00	 0.00000000000000000000e+00	 0.00000000000000000000e+00	 0.00000000000000000000e+00	 0.00000000000000000000e+00	 0.00000000000000000000e+00	 0.00000000000000000000e+00	 
 4.72000000000000063949e+00	 0.00000000000000000000e+00	 0.00000000000000000000e+00	 0.00000000000000000000e+00	 0.00000000000000000000e+00	 0.00000000000000000000e+00	 0.00000000000000000000e+00	 0.00000000000000000000e+00	 0.00000000000000000000e+00	 0.00000000000000000000e+00	 0.00000000000000000000e+00	 0.00000000000000000000e+00	 0.00000000000000000000e+00	 0.00000000000000000000e+00	 0.00000000000000000000e+00	 
 4.74000000000000021316e+00	 0.00000000000000000000e+00	 0.00000000000000000000e+00	 0.00000000000000000000e+00	 0.00000000000000000000e+00	 0.00000000000000000000e+00	 0.00000000000000000000e+00	 0.00000000000000000000e+00	 0.00000000000000000000e+00	 0.00000000000000000000e+00	 0.00000000000000000000e+00	 0.00000000000000000000e+00	 0.00000000000000000000e+00	 0.00000000000000000000e+00	 0.00000000000000000000e+00	 
 4.75999999999999978684e+00	 0.00000000000000000000e+00	 0.00000000000000000000e+00	 0.00000000000000000000e+00	 0.00000000000000000000e+00	 0.00000000000000000000e+00	 0.00000000000000000000e+00	 0.00000000000000000000e+00	 0.00000000000000000000e+00	 0.00000000000000000000e+00	 0.00000000000000000000e+00	 0.00000000000000000000e+00	 0.00000000000000000000e+00	 0.00000000000000000000e+00	 0.00000000000000000000e+00	 
 4.78000000000000024869e+00	 0.00000000000000000000e+00	 0.00000000000000000000e+00	 0.00000000000000000000e+00	 0.00000000000000000000e+00	 0.00000000000000000000e+00	 0.00000000000000000000e+00	 0.00000000000000000000e+00	 0.00000000000000000000e+00	 0.00000000000000000000e+00	 0.00000000000000000000e+00	 0.00000000000000000000e+00	 0.00000000000000000000e+00	 0.00000000000000000000e+00	 0.00000000000000000000e+00	 
 4.79999999999999982236e+00	 0.00000000000000000000e+00	 0.00000000000000000000e+00	 0.00000000000000000000e+00	 0.00000000000000000000e+00	 0.00000000000000000000e+00	 0.00000000000000000000e+00	 0.00000000000000000000e+00	 0.00000000000000000000e+00	 0.00000000000000000000e+00	 0.00000000000000000000e+00	 0.00000000000000000000e+00	 0.00000000000000000000e+00	 0.00000000000000000000e+00	 0.00000000000000000000e+00	 
 4.81999999999999939604e+00	 0.00000000000000000000e+00	 0.00000000000000000000e+00	 0.00000000000000000000e+00	 0.00000000000000000000e+00	 0.00000000000000000000e+00	 0.00000000000000000000e+00	 0.00000000000000000000e+00	 0.00000000000000000000e+00	 0.00000000000000000000e+00	 0.00000000000000000000e+00	 0.00000000000000000000e+00	 0.00000000000000000000e+00	 0.00000000000000000000e+00	 0.00000000000000000000e+00	 
 4.84000000000000074607e+00	 0.00000000000000000000e+00	 0.00000000000000000000e+00	 0.00000000000000000000e+00	 0.00000000000000000000e+00	 0.00000000000000000000e+00	 0.00000000000000000000e+00	 0.00000000000000000000e+00	 0.00000000000000000000e+00	 0.00000000000000000000e+00	 0.00000000000000000000e+00	 0.00000000000000000000e+00	 0.00000000000000000000e+00	 0.00000000000000000000e+00	 0.00000000000000000000e+00	 
 4.86000000000000031974e+00	 0.00000000000000000000e+00	 0.00000000000000000000e+00	 0.00000000000000000000e+00	 0.00000000000000000000e+00	 0.00000000000000000000e+00	 0.00000000000000000000e+00	 0.00000000000000000000e+00	 0.00000000000000000000e+00	 0.00000000000000000000e+00	 0.00000000000000000000e+00	 0.00000000000000000000e+00	 0.00000000000000000000e+00	 0.00000000000000000000e+00	 0.00000000000000000000e+00	 
 4.87999999999999989342e+00	 0.00000000000000000000e+00	 0.00000000000000000000e+00	 0.00000000000000000000e+00	 0.00000000000000000000e+00	 0.00000000000000000000e+00	 0.00000000000000000000e+00	 0.00000000000000000000e+00	 0.00000000000000000000e+00	 0.00000000000000000000e+00	 0.00000000000000000000e+00	 0.00000000000000000000e+00	 0.00000000000000000000e+00	 0.00000000000000000000e+00	 0.00000000000000000000e+00	 
 4.89999999999999946709e+00	 0.00000000000000000000e+00	 0.00000000000000000000e+00	 0.00000000000000000000e+00	 0.00000000000000000000e+00	 0.00000000000000000000e+00	 0.00000000000000000000e+00	 0.00000000000000000000e+00	 0.00000000000000000000e+00	 0.00000000000000000000e+00	 0.00000000000000000000e+00	 0.00000000000000000000e+00	 0.00000000000000000000e+00	 0.00000000000000000000e+00	 0.00000000000000000000e+00	 
 4.91999999999999992895e+00	 0.00000000000000000000e+00	 0.00000000000000000000e+00	 0.00000000000000000000e+00	 0.00000000000000000000e+00	 0.00000000000000000000e+00	 0.00000000000000000000e+00	 0.00000000000000000000e+00	 0.00000000000000000000e+00	 0.00000000000000000000e+00	 0.00000000000000000000e+00	 0.00000000000000000000e+00	 0.00000000000000000000e+00	 0.00000000000000000000e+00	 0.00000000000000000000e+00	 
 4.93999999999999950262e+00	 0.00000000000000000000e+00	 0.00000000000000000000e+00	 0.00000000000000000000e+00	 0.00000000000000000000e+00	 0.00000000000000000000e+00	 0.00000000000000000000e+00	 0.00000000000000000000e+00	 0.00000000000000000000e+00	 0.00000000000000000000e+00	 0.00000000000000000000e+00	 0.00000000000000000000e+00	 0.00000000000000000000e+00	 0.00000000000000000000e+00	 0.00000000000000000000e+00	 
 4.95999999999999996447e+00	 0.00000000000000000000e+00	 0.00000000000000000000e+00	 0.00000000000000000000e+00	 0.00000000000000000000e+00	 0.00000000000000000000e+00	 0.00000000000000000000e+00	 0.00000000000000000000e+00	 0.00000000000000000000e+00	 0.00000000000000000000e+00	 0.00000000000000000000e+00	 0.00000000000000000000e+00	 0.00000000000000000000e+00	 0.00000000000000000000e+00	 0.00000000000000000000e+00	 
 4.98000000000000042633e+00	 0.00000000000000000000e+00	 0.00000000000000000000e+00	 0.00000000000000000000e+00	 0.00000000000000000000e+00	 0.00000000000000000000e+00	 0.00000000000000000000e+00	 0.00000000000000000000e+00	 0.00000000000000000000e+00	 0.00000000000000000000e+00	 0.00000000000000000000e+00	 0.00000000000000000000e+00	 0.00000000000000000000e+00	 0.00000000000000000000e+00	 0.00000000000000000000e+00	 
 5.00000000000000000000e+00	 0.00000000000000000000e+00	 0.00000000000000000000e+00	 0.00000000000000000000e+00	 0.00000000000000000000e+00	 0.00000000000000000000e+00	 0.00000000000000000000e+00	 0.00000000000000000000e+00	 0.00000000000000000000e+00	 0.00000000000000000000e+00	 0.00000000000000000000e+00	 0.00000000000000000000e+00	 0.00000000000000000000e+00	 0.00000000000000000000e+00	 0.00000000000000000000e+00	 
