 -1.00000000000000000000e+00	 1.38483514554432054643e-07	 1.38141133367770957670e-07	 1.38499886611558727074e-07	 2.32260343183360631056e-05	 2.32353633167052462370e-05	 2.32704571677239103154e-05	 2.37374667486736125061e-05	 6.67260671655906596918e-06	 6.39056955914867425787e-06	 2.30785168992635904956e-05	 2.01836252278948803587e-07	 3.54158027303364935382e-07	 3.54129684889290177396e-07	 3.54159936803637353971e-07	 
 -9.79999999999999982236e-01	 1.41425716691925029080e-07	 1.41073995894706361905e-07	 1.41440638630299542812e-07	 2.36792020834725836604e-05	 2.36886368707161822360e-05	 2.37245724144456417376e-05	 2.41997030401754126456e-05	 6.80111609610503794424e-06	 6.51345956736724124975e-06	 2.35280463105901138188e-05	 2.06106511483766701607e-07	 3.61663029834040626484e-07	 3.61634028598013615141e-07	 3.61664918531651687392e-07	 
 -9.59999999999999964473e-01	 1.44409285621686562688e-07	 1.44048041398865813451e-07	 1.44422701898555019548e-07	 2.41376031661449084748e-05	 2.41471400971116606342e-05	 2.41839335331240863137e-05	 2.46672570776942249920e-05	 6.93106173891841360332e-06	 6.63771748649604716511e-06	 2.39827492638476940832e-05	 2.10436467022627180689e-07	 3.69273003792779757347e-07	 3.69243333222719117752e-07	 3.69274870187164642976e-07	 
 -9.39999999999999946709e-01	 1.47431962145578957795e-07	 1.47061017715896846149e-07	 1.47443827556758264548e-07	 2.46007034904657219605e-05	 2.46103365492675463667e-05	 2.46480031745250198504e-05	 2.51395856053234132929e-05	 7.06228859838252141031e-06	 6.76319438916160602424e-06	 2.44420986114567899243e-05	 2.14822945500974489733e-07	 3.76982101556803278135e-07	 3.76951751771688833378e-07	 3.76983944571906684764e-07	 
 -9.19999999999999928946e-01	 1.50491288877086556224e-07	 1.50110476142337843422e-07	 1.50501571314802877438e-07	 2.50679248296500625456e-05	 2.50776452571428736969e-05	 2.51161993031549848887e-05	 2.56161009726786808910e-05	 7.19462921757718954109e-06	 6.88972945023236588353e-06	 2.49055242807621786806e-05	 2.19262504811483632995e-07	 3.84783964554338821203e-07	 3.84752926399816306993e-07	 3.84785783651858605359e-07	 
 -9.00000000000000022204e-01	 1.53584623796850391718e-07	 1.53193780036499851945e-07	 1.53593300361508017853e-07	 2.55386486951220547813e-05	 2.55484511044763949728e-05	 2.55879043796476517147e-05	 2.60961797603649038808e-05	 7.32790535930764430194e-06	 7.01715135131468263575e-06	 2.53724142928711514919e-05	 2.23751438165253484607e-07	 3.92671772880731998250e-07	 3.92640037806533260587e-07	 3.92673567556757618760e-07	 
 -8.80000000000000115463e-01	 1.56709130798560347621e-07	 1.56308096704291593530e-07	 1.56716185806756419398e-07	 2.60122132528855864531e-05	 2.60221001013921200359e-05	 2.60624609166429962830e-05	 2.65791585484982378765e-05	 7.46192702228032434187e-06	 7.14527737630619319841e-06	 2.58421124993827420091e-05	 2.28285766248291834930e-07	 4.00638217038996348299e-07	 4.00605777036193260323e-07	 4.00639986482294017210e-07	 
 -8.59999999999999986677e-01	 1.59861755934635652680e-07	 1.59450376163134551180e-07	 1.59867182553090633864e-07	 2.64879076070226448657e-05	 2.64978907573329291070e-05	 2.65391633393416431644e-05	 2.70643262303403326231e-05	 7.59649067110463288414e-06	 7.27391178615532309513e-06	 2.63139144002026139843e-05	 2.32861212601919967000e-07	 4.08675430882400672091e-07	 4.08642278532384178980e-07	 4.08677173924498550121e-07	 
 -8.40000000000000079936e-01	 1.63039240412171769673e-07	 1.62617365933675927707e-07	 1.63043026823640148413e-07	 2.69649862939539296713e-05	 2.69750789934471103728e-05	 2.70172685368639412873e-05	 2.75509310629832478699e-05	 7.73138159901164422104e-06	 7.40284810735983717236e-06	 2.67870817303264314047e-05	 2.37473224191484520028e-07	 4.16775012370260033390e-07	 4.16741141288097155169e-07	 4.16776727974948199570e-07	 
 -8.20000000000000062172e-01	 1.66238113584620521239e-07	 1.65805603588938181743e-07	 1.66240233159772287641e-07	 2.74426637746743542123e-05	 2.74528752145254978259e-05	 2.74959914522024279093e-05	 2.80381772392747821818e-05	 7.86637285515144110270e-06	 7.53186809210811160495e-06	 2.72608369739215491078e-05	 2.42116962789669908587e-07	 4.24928008762472861592e-07	 4.24893413942951839339e-07	 4.24929696376083518329e-07	 
 -8.00000000000000044409e-01	 1.69454670063209620299e-07	 1.69011393201481265478e-07	 1.69455078518724217057e-07	 2.79201041730129015091e-05	 2.79304386725169433159e-05	 2.79744968149431009661e-05	 2.85252184054399521177e-05	 8.00122324667460370557e-06	 7.66073978359214906731e-06	 2.77343531776134388767e-05	 2.46787273576233029161e-07	 4.33124864824867013439e-07	 4.33089542827677081581e-07	 4.33126524485770488546e-07	 
 -7.80000000000000026645e-01	 1.72684964815593826432e-07	 1.72230831074629529802e-07	 1.72683637310692181118e-07	 2.83964355808786006268e-05	 2.84068890156670879343e-05	 2.84519105316689489805e-05	 2.90111674011045077390e-05	 8.13568138070688848056e-06	 7.78922061760937544522e-06	 2.82067615340447515988e-05	 2.51478714501960849634e-07	 4.41355475297817922165e-07	 4.41319424142208850085e-07	 4.41357107200866945377e-07	 
 -7.60000000000000008882e-01	 1.75924813613131593642e-07	 1.75459798443169298288e-07	 1.75921771422588861772e-07	 2.88707451727090228498e-05	 2.88813020402873124398e-05	 2.89273155721476363104e-05	 2.94950926056391109816e-05	 8.26948429432212342297e-06	 7.91705630358207719445e-06	 2.86771482953550505999e-05	 2.56185549998726880390e-07	 4.49609169226691074068e-07	 4.49572388371925869146e-07	 4.49610773435828215514e-07	 
 -7.39999999999999991118e-01	 1.79169778364064896352e-07	 1.78693934003627204208e-07	 1.79165097725166781180e-07	 2.93420698474408241400e-05	 2.93527013905961895921e-05	 2.93997439627077408557e-05	 2.99760107313626934517e-05	 8.40235485372678966886e-06	 8.04397867317962901969e-06	 2.91445485949893456001e-05	 2.60901717219784186664e-07	 4.57874645683643281015e-07	 4.57837136174100438204e-07	 4.57876222107648650929e-07	 
 -7.19999999999999973355e-01	 1.82415258495851782463e-07	 1.81928674016752163710e-07	 1.82409015646271848922e-07	 2.98094072518194956264e-05	 2.98200764725322919619e-05	 2.98681882845926655924e-05	 3.04528894231296753622e-05	 8.53400568433530627515e-06	 8.16971097306589809795e-06	 2.96079643870955849046e-05	 2.65620876358068693030e-07	 4.66140324235314303613e-07	 4.66102087806518962635e-07	 4.66141872326151602951e-07	 
 -6.99999999999999955591e-01	 1.85656469410863428194e-07	 1.85159244952217878048e-07	 1.85648702928591209891e-07	 3.02717124216158228658e-05	 3.02823771036175035457e-05	 3.03315981341725199164e-05	 3.09246460780236787969e-05	 8.66413802104170064267e-06	 8.29396633012362463199e-06	 3.00663591482389940175e-05	 2.70336404419459929541e-07	 4.74394260802438194099e-07	 4.74355299264421518568e-07	 4.74395779323929646067e-07	 
 -6.79999999999999937828e-01	 1.88888385192209018160e-07	 1.88380631248798546906e-07	 1.88879088282236997909e-07	 3.07278907981257327670e-05	 3.07385029867491304969e-05	 3.07888727882422904561e-05	 3.13901445505386489897e-05	 8.79243941213986474092e-06	 8.41644479072865973120e-06	 3.05186474839871498747e-05	 2.75041354170565642850e-07	 4.82623956722247014716e-07	 4.82584271821301944817e-07	 4.82625443633989140476e-07	 
 -6.60000000000000031086e-01	 1.92105849480799930105e-07	 1.91587687910758184821e-07	 1.92095030254283158866e-07	 3.11768269424033824216e-05	 3.11873285565737845657e-05	 3.12388745821366801405e-05	 3.18482412959498388614e-05	 8.91859022440210321195e-06	 8.53683849119229354763e-06	 3.09637236134690729751e-05	 2.79728505860339471583e-07	 4.90816109269663649914e-07	 4.90775703324749237157e-07	 4.90817562974864930350e-07	 
 -6.40000000000000013323e-01	 1.95303553708541663603e-07	 1.94775118138267170126e-07	 1.95291276759989982262e-07	 3.16173770080146226600e-05	 3.16276964585710857912e-05	 3.16804254732031391755e-05	 3.22977728879150104884e-05	 9.04226198903344497782e-06	 8.65483036266640353470e-06	 3.14004539316454096267e-05	 2.84390366904392984509e-07	 4.98956701904110010653e-07	 4.98915578220006613913e-07	 4.98958122126600117872e-07	 
 -6.19999999999999884537e-01	 1.98475976191944629610e-07	 1.97937411256196142400e-07	 1.98462372059151718763e-07	 3.20483541836774518631e-05	 3.20584047278622239234e-05	 3.21122995126074648495e-05	 3.27375327335464332457e-05	 9.16311413716761460956e-06	 8.77009151428406650522e-06	 3.18276626406181360664e-05	 2.89019132442708444754e-07	 5.07031098760024578662e-07	 5.06989261650393806774e-07	 5.07032486796515028430e-07	 
 -5.99999999999999977796e-01	 2.01617380094524112456e-07	 2.01068832190149273015e-07	 2.01602621135038767299e-07	 3.24685497963121162679e-05	 3.24782513461658277473e-05	 3.25332662703082197385e-05	 3.31662929255962282389e-05	 9.28080221531811278305e-06	 8.88229103496816791840e-06	 3.22441424367696526142e-05	 2.93606912279974950074e-07	 5.15024309817851738265e-07	 5.14981764969952214088e-07	 5.15025668036991817032e-07	 
 -5.79999999999999849010e-01	 2.04721827378907569013e-07	 2.04163437564031666086e-07	 2.04706113486233353753e-07	 3.28767286952915888175e-05	 3.28860230061850272753e-05	 3.29420796557531008874e-05	 3.35827995061538858235e-05	 9.39497596750889867024e-06	 8.99109359961427290285e-06	 3.26486527989918473591e-05	 2.98145689553031978787e-07	 5.22920947820170959063e-07	 5.22877702562823439212e-07	 5.22922279382629592914e-07	 
 -5.60000000000000053291e-01	 2.07783173168043813413e-07	 2.07215073466957239672e-07	 2.07766734784960676953e-07	 3.32716195263189519070e-05	 3.32804739451467322870e-05	 3.33374567755729959203e-05	 3.39857625050731546133e-05	 9.50527554537603772047e-06	 9.09615487904691689416e-06	 3.30399152910716131511e-05	 3.02627205133466111096e-07	 5.30705077179630013676e-07	 5.30661140596038153692e-07	 5.30706386153049256588e-07	 
 -5.40000000000000035527e-01	 2.10795158665433629553e-07	 2.10217462012202903257e-07	 2.10778234020881438365e-07	 3.36519471703341081802e-05	 3.36603344135568297653e-05	 3.37181186358571108276e-05	 3.43738965981292752508e-05	 9.61134266418059797141e-06	 9.19713122967539113716e-06	 3.34166450818466906412e-05	 3.07042883743682226515e-07	 5.38360481308154089212e-07	 5.38315865018514076547e-07	 5.38361772589688701172e-07	 
 -5.20000000000000017764e-01	 2.13751402021225846764e-07	 2.13164193610611361758e-07	 2.13734221702682764614e-07	 3.40164254301285857800e-05	 3.40243104434720340440e-05	 3.40827804625889416732e-05	 3.47459115907663331347e-05	 9.71281802683258802011e-06	 9.29367752043633910976e-06	 3.37775437113427862037e-05	 3.11383882899782267812e-07	 5.45870629231890524839e-07	 5.45825347992538245913e-07	 5.45871908531327558125e-07	 
 -5.00000000000000000000e-01	 2.16645347253980930168e-07	 2.16048677806640722811e-07	 2.16628131038897471509e-07	 3.43637424895684340958e-05	 3.43710815071039430348e-05	 3.44301331132534595885e-05	 3.51004940555722636832e-05	 9.80933635649526228109e-06	 9.38544288839874467703e-06	 3.41212846798506842555e-05	 3.15641119738466479945e-07	 5.53218529388688633715e-07	 5.53172601409342947059e-07	 5.53219803322660366519e-07	 
 -4.79999999999999926725e-01	 2.19470366748505462776e-07	 2.18864273345440819228e-07	 2.19453289882128158563e-07	 3.46926247123825450209e-05	 3.46993603334812004469e-05	 3.47588873402768260609e-05	 3.54363412715848078100e-05	 9.90053895050284148800e-06	 9.47208268616538444850e-06	 3.44465878812577345667e-05	 3.19805438759348491596e-07	 5.60387038368467861378e-07	 5.60340484473241392881e-07	 5.60388312900018056217e-07	 
 -4.59999999999999964473e-01	 2.22219752033013441005e-07	 2.21604270627734453269e-07	 2.22202919904102710476e-07	 3.50018205370356824202e-05	 3.50078778755782263669e-05	 3.50677634276362203310e-05	 3.57521540136869009699e-05	 9.98607080239894463216e-06	 9.55325574203485058293e-06	 3.47522002071316368928e-05	 3.23867595360024007519e-07	 5.67358822312677641042e-07	 5.67311665439664224153e-07	 5.67360101661890883112e-07	 
 -4.40000000000000002220e-01	 2.24886657694979092161e-07	 2.24261821439459128443e-07	 2.24870093675735536514e-07	 3.52900709333484920160e-05	 3.52953556196084137207e-05	 3.53554714738309874898e-05	 3.60466221505499978214e-05	 1.00655751119197853016e-05	 9.62861913563786925383e-06	 3.50368604241201375758e-05	 3.27818162317865296118e-07	 5.74116191137077256232e-07	 5.74068456426185013426e-07	 5.74117477460320493531e-07	 
 -4.19999999999999984457e-01	 2.27464254747020166694e-07	 2.26830104863700497945e-07	 2.27447915700099858058e-07	 3.55561359492681424961e-05	 3.55605590574682928684e-05	 3.56207753816631538554e-05	 3.63184859690569814840e-05	 1.01387081095531630151e-05	 9.69784306082915934075e-06	 3.52993485359920548621e-05	 3.31647749844530039953e-07	 5.80641539723363398230e-07	 5.80593254544510667879e-07	 5.80642834320149178601e-07	 
 -3.99999999999999911182e-01	 2.29945706977904281067e-07	 2.29302299812909348334e-07	 2.29929490078276641780e-07	 3.57987895985405280897e-05	 3.58022844768179706611e-05	 3.58624764960294178549e-05	 3.65665206200499278322e-05	 1.02051354654789168028e-05	 9.76060718017617309588e-06	 3.55384738641567599331e-05	 3.35346975223696723263e-07	 5.86917271681370366767e-07	 5.86868465679692169167e-07	 5.86918575744856828283e-07	 
 -3.80000000000000004441e-01	 2.32324087468608650714e-07	 2.31671495373215269212e-07	 2.32307821623565569094e-07	 3.60168092405873031163e-05	 3.60193346109757701044e-05	 3.60793838968767965436e-05	 3.67895077574890657680e-05	 1.02645256279719004699e-05	 9.81659389610628828435e-06	 3.57530528776023225827e-05	 3.38906340145430918168e-07	 5.92925564181356482242e-07	 5.92876269361869486104e-07	 5.92926878775019642324e-07	 
 -3.59999999999999931166e-01	 2.34592594763986155786e-07	 2.33930930564632761151e-07	 2.34576109183486468004e-07	 3.62090600446039444509e-05	 3.62105811542821825013e-05	 3.62703828963958945690e-05	 3.69863025154480636611e-05	 1.03165692663156651881e-05	 9.86550728784725200547e-06	 3.59419811260445237386e-05	 3.42316550700323759861e-07	 5.98648997359260493066e-07	 5.98599248672592016011e-07	 5.98650325160441796064e-07	 
 -3.39999999999999968914e-01	 2.36744507841934846235e-07	 2.36073942324784938404e-07	 2.36727677462358062990e-07	 3.63744713811430976235e-05	 3.63749479910418279521e-05	 3.64344165661574539397e-05	 3.71558154570389157965e-05	 1.03609740543749379645e-05	 9.90706801660172839538e-06	 3.61042136684835735265e-05	 3.45568454580285589845e-07	 6.04070415175198711888e-07	 6.04020250957974290437e-07	 6.04071761700077512897e-07	 
 -3.20000000000000006661e-01	 2.38773066748258176660e-07	 2.38093835229344385894e-07	 2.38755819653084612969e-07	 3.65119954371994625566e-05	 3.65113812627492802113e-05	 3.65704528382873459346e-05	 3.72969804399754731859e-05	 1.03974553516875191811e-05	 9.94100422475118297196e-06	 3.62387303511912215880e-05	 3.48652862728025394851e-07	 6.09172587268373292500e-07	 6.09122049463508246442e-07	 6.09173961265817484319e-07	 
 -2.99999999999999933387e-01	 2.40671758369161649759e-07	 2.39984194174648640532e-07	 2.40654070771539304094e-07	 3.66206867940799049165e-05	 3.66189217661411315166e-05	 3.66775439782189978345e-05	 3.74088579301276274286e-05	 1.04257589094351327952e-05	 9.96707363686190040114e-06	 3.63446003236477901727e-05	 3.51560997992843286230e-07	 6.13939162767581608800e-07	 6.13888296200737874343e-07	 6.13940573880673566586e-07	 
 -2.80000000000000026645e-01	 2.42434243466783889589e-07	 2.41738803612448964200e-07	 2.42416138797967441437e-07	 3.66996788103122971426e-05	 3.66966834865788463487e-05	 3.67548092986880496017e-05	 3.74906041275964747460e-05	 1.04456542071246072373e-05	 9.98505706670241755148e-06	 3.64209632042252758966e-05	 3.54284385255481380929e-07	 6.18354415784093637387e-07	 6.18303267733982070603e-07	 6.18355873049763395013e-07	 
 -2.59999999999999953371e-01	 2.44054194666037079442e-07	 2.43351473953063328860e-07	 2.44035750005145402867e-07	 3.67481427690695847880e-05	 3.67438164223604524380e-05	 3.68014048474144718904e-05	 3.75414178199587987160e-05	 1.04569228212932524195e-05	 9.99474706695501148763e-06	 3.64669961482237429073e-05	 3.56814599618142711793e-07	 6.22402730654405073404e-07	 6.22351350914249337254e-07	 6.22404242373462223307e-07	 
 -2.39999999999999907851e-01	 2.45525680316045305455e-07	 2.44816397933907502544e-07	 2.45507026171934073913e-07	 3.67653695192539519570e-05	 3.67596303979776797355e-05	 3.68166302347467698573e-05	 3.75606230531273603806e-05	 1.04593831815342550701e-05	 9.99597226310923036175e-06	 3.64820000608682016435e-05	 3.59143745188692792981e-07	 6.26069336698092653009e-07	 6.26017777256633538913e-07	 6.26070909230690967443e-07	 
 -2.19999999999999945599e-01	 2.46843049366136239569e-07	 2.46128044590130758951e-07	 2.46824371800362976666e-07	 3.67507427558727968421e-05	 3.67435549015816852788e-05	 3.67998938618741916690e-05	 3.75476424544782800392e-05	 1.04528825910609647355e-05	 9.98858951565403367526e-06	 3.64653714198631922865e-05	 3.61264320853827892829e-07	 6.29340090427618447291e-07	 6.29288405275186317130e-07	 6.29341727313100872348e-07	 
 -1.99999999999999983347e-01	 2.48000708203518112959e-07	 2.47280951881977380966e-07	 2.47982255239146625522e-07	 3.67036936665664722287e-05	 3.66950712714090627629e-05	 3.67506541187744237308e-05	 3.75019515395989716283e-05	 1.04372835185665749743e-05	 9.97247041678199867278e-06	 3.64165544628405478574e-05	 3.63168937185582957476e-07	 6.32201038508389085413e-07	 6.32149283645169430782e-07	 6.32202740080430062862e-07	 
 -1.79999999999999993339e-01	 2.48993637672488222348e-07	 2.48270142855802991989e-07	 2.48975571504535358066e-07	 3.66238053218703721509e-05	 3.66137884821700007338e-05	 3.66685062840008021675e-05	 3.74231704960701131151e-05	 1.04124923876903194216e-05	 9.94752891927367256103e-06	 3.63351434637429845280e-05	 3.64850880595393967981e-07	 6.34637583379149090611e-07	 6.34585814099173399158e-07	 6.34639344627313897558e-07	 
 -1.59999999999999920064e-01	 2.49817218852777329052e-07	 2.49090983656077027079e-07	 2.49799516619886998425e-07	 3.65107753538961398560e-05	 3.64994154095879172993e-05	 3.65531510193964652086e-05	 3.73110313396786099282e-05	 1.03784494187016955745e-05	 9.91371159983394362853e-06	 3.62208461611848570841e-05	 3.66303930197818939700e-07	 6.36634709060793340688e-07	 6.36582978094706174475e-07	 6.36636518017489837681e-07	 
 -1.39999999999999902300e-01	 2.50466926934037589123e-07	 2.49738929092737763854e-07	 2.50449358416636736196e-07	 3.63643536379051256170e-05	 3.63517138843194953057e-05	 3.64043413859860889034e-05	 3.71653225369419050396e-05	 1.03351113762136972280e-05	 9.87098104273675483488e-06	 3.60734225571150766802e-05	 3.67522009143604146016e-07	 6.38177255820839892194e-07	 6.38125612804853381366e-07	 6.38179092713371309783e-07	 
 -1.20000000000000009437e-01	 2.50938767383879695683e-07	 2.50210042607831910329e-07	 2.50921044144848776466e-07	 3.61844739873587255795e-05	 3.61706132805413960001e-05	 3.62220353185342772715e-05	 3.69860290295446521172e-05	 1.02824846452316485935e-05	 9.81934760283404945520e-06	 3.58928131478120521778e-05	 3.68498967730301122458e-07	 6.39256075031744436734e-07	 6.39204568169356726922e-07	 6.39257916064620863743e-07	 
 -1.00000000000000005551e-01	 2.51229104992582786865e-07	 2.50500798592917301982e-07	 2.51210973737317742351e-07	 3.59712040837500266117e-05	 3.59561661496395442621e-05	 3.60063387154004342422e-05	 3.67732797556086476705e-05	 1.02206126567238254259e-05	 9.75885734988955912518e-06	 3.56790900840680958567e-05	 3.69228618664848330807e-07	 6.39865962969470171650e-07	 6.39814640000416058491e-07	 6.39867782601555201675e-07	 
 -8.00000000000000155431e-02	 2.51334377733139901480e-07	 2.50607753960623129853e-07	 2.51315624902346486220e-07	 3.57246621517843838001e-05	 3.57084742264948221146e-05	 3.57574105831693413735e-05	 3.65272599021253724155e-05	 1.01495545703538526104e-05	 9.68957151589978579482e-06	 3.54323757320227066686e-05	 3.69704739174594792301e-07	 6.40002356828930883816e-07	 6.39951264881297801295e-07	 6.40004127646449882973e-07	 
 -5.99999999999999630851e-02	 2.51252063089797346631e-07	 2.50528369711392234633e-07	 2.51232501925085471834e-07	 3.54451761401085042305e-05	 3.54278862753058012810e-05	 3.54755987476906438339e-05	 3.62483176633584771491e-05	 1.00694221860755090780e-05	 9.61160200733800742709e-06	 3.51530416414709589220e-05	 3.69924138674066167779e-07	 6.39660533808673127539e-07	 6.39609719782599979194e-07	 6.39662230110812967438e-07	 
 -3.99999999999999383826e-02	 2.50980306360791923358e-07	 2.50260687486030174850e-07	 2.50959769772374061456e-07	 3.51332206025852414690e-05	 3.51149218391292783814e-05	 3.51613849344878333153e-05	 3.59369192859582925839e-05	 9.98036506924502757950e-06	 9.52509713076081266118e-06	 3.48416321465948972840e-05	 3.69885591831719047732e-07	 6.38835747555210402622e-07	 6.38785258344006677096e-07	 6.38837347708860465827e-07	 
 -2.00000000000000281719e-02	 2.50517337446097231245e-07	 2.49802821998331020570e-07	 2.50495680136102232465e-07	 3.47893107465592574951e-05	 3.47701437369540009622e-05	 3.48152916166699914931e-05	 3.55935725312353011085e-05	 9.88254511637208845080e-06	 9.43021702697778399537e-06	 3.44987361400133542701e-05	 3.69588151080504160959e-07	 6.37523459481110910283e-07	 6.37473341923776249464e-07	 6.37524946361995202257e-07	 
 -4.82163733276643543166e-17	 2.49862269106102749013e-07	 2.49153767841579627390e-07	 2.49839394167391171711e-07	 3.44141696760427332836e-05	 3.43942977619406497331e-05	 3.44380678166789061913e-05	 3.52189554540288429817e-05	 9.77617765455879624687e-06	 9.32717304192067586481e-06	 3.41250945812325310398e-05	 3.69031045819313048245e-07	 6.35721490106439678242e-07	 6.35671787958550920471e-07	 6.35722849045941150463e-07	 
 2.00000000000001253164e-02	 2.49014751306571088226e-07	 2.48313050909834912253e-07	 2.48990628687183757948e-07	 3.40086592616467220320e-05	 3.39882534687388165417e-05	 3.40306136594323150441e-05	 3.48138603840195435613e-05	 9.66151426128564292262e-06	 9.21621131426965560572e-06	 3.37215527158282496641e-05	 3.68213625814575445882e-07	 6.33429094429225711206e-07	 6.33379846352655598102e-07	 6.33430312001656579808e-07	 
 4.00000000000001187939e-02	 2.47974451177400002013e-07	 2.47280203435544258685e-07	 2.47949123542299651082e-07	 3.35736613731044608241e-05	 3.35529007276990851039e-05	 3.35938509384663187862e-05	 3.43790978182669047097e-05	 9.53881284209311586155e-06	 9.09758397194120556665e-06	 3.32889748951263004313e-05	 3.67135279948929758013e-07	 6.30645573525384977829e-07	 6.30596812643555964514e-07	 6.30646637654880058085e-07	 
 6.00000000000000255351e-02	 2.46742104962198359387e-07	 2.46055845986073706686e-07	 2.46715685656386840505e-07	 3.31102471571032415344e-05	 3.30893073711402465058e-05	 3.31288385935896010541e-05	 3.39157195635789109034e-05	 9.40838346254206798200e-06	 8.97159418762912184661e-06	 3.28283873444972003493e-05	 3.65796729721751903374e-07	 6.27372806484674105316e-07	 6.27324561437337678807e-07	 6.27373705956241678114e-07	 
 7.99999999999999322764e-02	 2.45319054030981274196e-07	 2.44641213075499545691e-07	 2.45291728108115936922e-07	 3.26196050514570030769e-05	 3.25986514410148760668e-05	 3.26367200439466783051e-05	 3.34249270603550341233e-05	 9.27056895191451134028e-06	 8.83857726327302303327e-06	 3.23409155634108986914e-05	 3.64199460640404175269e-07	 6.23614115599478894738e-07	 6.23566411087113813539e-07	 6.23614839769319356143e-07	 
 9.99999999999999500400e-02	 2.43706562324315812076e-07	 2.43037454588469483142e-07	 2.43678592163084491130e-07	 3.21029125566659872268e-05	 3.20820997300017181353e-05	 3.21186257017146224290e-05	 3.29079137329044117016e-05	 9.12571013911802490553e-06	 8.69886650379490483187e-06	 3.18276718703964749796e-05	 3.62344875644275603087e-07	 6.19372603609071838185e-07	 6.19325460143814200032e-07	 6.19373142425741770543e-07	 
 1.20000000000000023315e-01	 2.41906876255668077754e-07	 2.41246793174899578028e-07	 2.41878604531592277059e-07	 3.15615413594549972117e-05	 3.15409820389154574587e-05	 3.15758783133015665336e-05	 3.23660265378568134465e-05	 8.97419620802936598958e-06	 8.55284160470714399649e-06	 3.12899811600277069829e-05	 3.60235820868219708955e-07	 6.14654309076538507846e-07	 6.14607746735520370134e-07	 6.14654653890175464397e-07	 
 1.40000000000000041078e-01	 2.39922727319022134405e-07	 2.39271992620939495912e-07	 2.39894581495744938969e-07	 3.09969719061398436681e-05	 3.09767167961990592712e-05	 3.10099070099413226336e-05	 3.18006960583051514384e-05	 8.81644359573861595631e-06	 8.40090850718693842492e-06	 3.07292876498346936376e-05	 3.57875896065098519791e-07	 6.09466776198062477094e-07	 6.09420816983974096270e-07	 6.09466920288456026244e-07	 
 1.59999999999999975575e-01	 2.37756615880497295757e-07	 2.37115589399633964619e-07	 2.37729114649886942698e-07	 3.04106364860445660631e-05	 3.03906725253318535428e-05	 3.04220908147167300541e-05	 3.12133061100691578510e-05	 8.65285658742311323307e-06	 8.24346137006853363382e-06	 3.01469868065849009675e-05	 3.55268453580882943800e-07	 6.03816982278195610701e-07	 6.03771650351531076725e-07	 6.03816920951449888922e-07	 
 1.79999999999999937828e-01	 2.35412301356170548874e-07	 2.34781454473258690822e-07	 2.35386076348698581444e-07	 2.98041160033814658879e-05	 2.97844132035241901022e-05	 2.98140089577958964111e-05	 3.06054587753180917277e-05	 8.48388383105791979335e-06	 8.08093593970558694514e-06	 2.95446564649127608548e-05	 3.52418587019792762577e-07	 5.97715362790025769033e-07	 5.97670685166586579478e-07	 5.97715097772788640182e-07	 
 2.00000000000000094369e-01	 2.32894123739155059714e-07	 2.32274089896801093816e-07	 2.32869936732891339607e-07	 2.91790593492934813475e-05	 2.91595991144213830622e-05	 2.91873399890904971653e-05	 2.99788677631605325158e-05	 8.30999548572061972381e-06	 7.91378811652867818281e-06	 2.89239634026017173620e-05	 3.49332240935925234843e-07	 5.91174002069697342613e-07	 5.91130009190977824841e-07	 5.91173544377746635181e-07	 
 2.20000000000000001110e-01	 2.30206024465982283045e-07	 2.29597611190154907031e-07	 2.30184776964266940273e-07	 2.85370240002826484709e-05	 2.85177992984036905450e-05	 2.85436709335902992696e-05	 2.93351604163063569175e-05	 8.13163839142561650796e-06	 7.74245127148705319594e-06	 2.82864839841483921897e-05	 3.46014932844676193808e-07	 5.84204009756096430614e-07	 5.84160735842527503363e-07	 5.84203380216395036358e-07	 
 2.39999999999999963363e-01	 2.27353459677367306448e-07	 2.26757409299613180537e-07	 2.27336018334939992435e-07	 2.78797437734749097070e-05	 2.78607550852609604157e-05	 2.78847521365275213660e-05	 2.86760532870932382480e-05	 7.94929758639814507343e-06	 7.56739373114591326662e-06	 2.76339285332736609737e-05	 3.42473777213812938635e-07	 5.76819662134383250448e-07	 5.76777141218973805127e-07	 5.76818886612908522691e-07	 
 2.59999999999999953371e-01	 2.24342545387077807524e-07	 2.23759389233935247157e-07	 2.24329636204166863639e-07	 2.72090254350391082716e-05	 2.71902784394355424142e-05	 2.72123991044475864475e-05	 2.80032834866955466732e-05	 7.76347276860279669102e-06	 7.38909698683261727671e-06	 2.69680546665089972017e-05	 3.38716553175082181335e-07	 5.69036499013477165412e-07	 5.68994762611175171406e-07	 5.69035605649941043505e-07	 
 2.80000000000000082157e-01	 2.21178812801029004101e-07	 2.20608865768238289979e-07	 2.21171018522873572126e-07	 2.65265404630745524274e-05	 2.65080460796359168726e-05	 2.65282914578950203353e-05	 2.73184570959766308414e-05	 7.57462893267324189922e-06	 7.20800910876839341803e-06	 2.62904851559119052333e-05	 3.34750380292191220071e-07	 5.60868554367181967937e-07	 5.60827631582901560685e-07	 5.60867573749674347907e-07	 
 2.99999999999999988898e-01	 2.17869101498138302192e-07	 2.17312537405358598335e-07	 2.17866754238863141235e-07	 2.58340704208065697321e-05	 2.58158289409108566352e-05	 2.58342351538140476428e-05	 2.66233320612585888459e-05	 7.38326204965176218127e-06	 7.02460855894507570508e-06	 2.56029714731027811835e-05	 3.30584037547362132921e-07	 5.52333405768761531140e-07	 5.52293322853951099855e-07	 5.52332366824475377687e-07	 
 3.20000000000000006661e-01	 2.14420700452248263085e-07	 2.13877596046558219511e-07	 2.14423812570634497337e-07	 2.51334191291536501191e-05	 2.51154105246687017815e-05	 2.51320684487502884498e-05	 2.59197140953829810569e-05	 7.18987579715918941802e-06	 6.83938180037280900569e-06	 2.49072984830493634459e-05	 3.26226903017520524832e-07	 5.43449904108092132611e-07	 5.43410684243667833863e-07	 5.43448831636286445394e-07	 
 3.39999999999999968914e-01	 2.10840081668112566474e-07	 2.10310416281274689534e-07	 2.10848336772657642099e-07	 2.44262116813687053276e-05	 2.44083955961786964919e-05	 2.44234502577903955615e-05	 2.52092358476301748205e-05	 6.99492842487292793198e-06	 6.65277172364756016679e-06	 2.42050729938371636367e-05	 3.21687443694689207369e-07	 5.34234813611114977280e-07	 5.34196477061694846781e-07	 5.34233728251233741336e-07	 
 3.59999999999999931166e-01	 2.07135165769692166704e-07	 2.06618814368057857358e-07	 2.07147991457135439812e-07	 2.37141788382600988223e-05	 2.36965369165594115974e-05	 2.37101394794352800265e-05	 2.44936101769391851159e-05	 6.79889985951895829138e-06	 6.46524355762835686769e-06	 2.34980407466786389353e-05	 3.16975857356701697171e-07	 5.24708435859086046293e-07	 5.24670999751993597243e-07	 5.24707354875751521616e-07	 
 3.80000000000000059952e-01	 2.03314320275355283088e-07	 2.02811048091932155922e-07	 2.03330926175759156859e-07	 2.29990626320133633505e-05	 2.29816240335886130949e-05	 2.29939034009838336734e-05	 2.37745465352356673359e-05	 6.60227033037536776411e-06	 6.27726409442764025725e-06	 2.27879791649955046817e-05	 3.12102883845498836251e-07	 5.14892122169360156488e-07	 5.14855600421026745579e-07	 5.14891059914579169709e-07	 
 4.00000000000000077716e-01	 1.99384847871914363923e-07	 1.98894309532653588465e-07	 1.99404217844116741586e-07	 2.22823865720050393090e-05	 2.22652273582694295423e-05	 2.22762905059121912052e-05	 2.30535429786748339643e-05	 6.40546539747853683745e-06	 6.08924791821789884814e-06	 2.20764474775493654954e-05	 3.07078093417659014256e-07	 5.04804497813354627445e-07	 5.04768901335271069064e-07	 5.04803465759522045952e-07	 
 4.19999999999999984457e-01	 1.95355379478767654921e-07	 1.94877255328468581072e-07	 1.95376408778803556279e-07	 2.15657760923123446059e-05	 2.15489940444862924701e-05	 2.15589381997364796183e-05	 2.23322431394840803130e-05	 6.20892945592272866223e-06	 5.90162521646849090893e-06	 2.13650747322682316588e-05	 3.01912815879001958137e-07	 4.94467853462663425263e-07	 4.94433191019057495915e-07	 4.94466860804611470891e-07	 
 4.39999999999999946709e-01	 1.91234836173594497834e-07	 1.90768913855136042816e-07	 1.91256408338749651260e-07	 2.08508606648159715660e-05	 2.08345609117211169939e-05	 2.08434808521620670439e-05	 2.16123214136576137349e-05	 6.01310467979393817317e-06	 5.71482310965471049512e-06	 2.06554757216067993433e-05	 2.96618849985550176285e-07	 4.83905395709571379416e-07	 4.83871674509742722297e-07	 4.83904449729573701351e-07	 
 4.60000000000000131006e-01	 1.87030807151292992077e-07	 1.86576983912993872752e-07	 1.87051786182681095531e-07	 2.01390166010621876602e-05	 2.01233122126750555423e-05	 2.01313003372284631204e-05	 2.08952062425614632554e-05	 5.81837134303403884147e-06	 5.52921005246487198457e-06	 1.99490138866326494386e-05	 2.91206569710438845702e-07	 4.73136932567361092660e-07	 4.73104158547689826022e-07	 4.73136038697017312203e-07	 
 4.80000000000000037748e-01	 1.82752447416552434529e-07	 1.82310594460897235405e-07	 1.82771801817969033126e-07	 1.94316849207354339795e-05	 1.94166826566152183828e-05	 1.94238487100749363098e-05	 2.01823584821407726875e-05	 5.62512161055962532874e-06	 5.34515966929350221429e-06	 1.92471356122835425117e-05	 2.85687826660444944038e-07	 4.62185795918434943851e-07	 4.62153973142998065872e-07	 4.62184959078192062370e-07	 
 5.00000000000000000000e-01	 1.78409266814018122627e-07	 1.77979149347281516139e-07	 1.78426139643288449814e-07	 1.87302871754475067881e-05	 1.87160795904069088226e-05	 1.87225626672891731295e-05	 1.94752017624139210129e-05	 5.43374158667876142119e-06	 5.16303679284759453469e-06	 1.85512793669108023054e-05	 2.80074695523940676987e-07	 4.51075958109881708248e-07	 4.51045088510229381985e-07	 4.51075183526923985911e-07	 
 5.20000000000000128786e-01	 1.74009171830372250761e-07	 1.73590450392911134226e-07	 1.74022871322487787995e-07	 1.80359649833706043524e-05	 1.80226320961007058620e-05	 1.80286000988545476074e-05	 1.87748900077104983076e-05	 5.24455079050470642974e-06	 4.98314390736713448319e-06	 1.78626051098150511907e-05	 2.74377576882531245172e-07	 4.39827300448289687254e-07	 4.39797384149052117103e-07	 4.39826593741195033303e-07	 
 5.40000000000000035527e-01	 1.69561470094871928261e-07	 1.69153829536732242918e-07	 1.69571487218763592936e-07	 1.73499942143580165648e-05	 1.73375858002005706028e-05	 1.73431851439068142296e-05	 1.80826236347283791570e-05	 5.05787612874276330533e-06	 4.80578928560641608199e-06	 1.71823664850463465631e-05	 2.68608470651120608885e-07	 4.28463535568265164781e-07	 4.28434570730632501593e-07	 4.28462901469580826677e-07	 
 5.60000000000000053291e-01	 1.65075663127053787746e-07	 1.64678888189484028929e-07	 1.65081680314052896466e-07	 1.66736741352420998091e-05	 1.66621997175740054658e-05	 1.66675265342971179689e-05	 1.73995758516855842236e-05	 4.87403714219677136187e-06	 4.63127425428284972980e-06	 1.65118178957846602380e-05	 2.62779612614356381423e-07	 4.17009037404243668896e-07	 4.16981020225753457641e-07	 4.17008479038282277503e-07	 
 5.79999999999999849010e-01	 1.60559378120127056311e-07	 1.60173353293167259302e-07	 1.60561260095680836160e-07	 1.60080002721121395556e-05	 1.59974319683589262476e-05	 1.60025352042667356567e-05	 1.67266324212228143994e-05	 4.69328479405881132593e-06	 4.45983657809225753055e-06	 1.58519146626445216002e-05	 2.56901344964865959541e-07	 4.05483397928410515463e-07	 4.05456323004375595036e-07	 4.05482916913005211795e-07	 
 5.99999999999999977796e-01	 1.56021655220948423482e-07	 1.55646381053935850523e-07	 1.56019503474546172581e-07	 1.53540198089929696740e-05	 1.53443094777941443777e-05	 1.53491941795268126646e-05	 1.60647793420738033978e-05	 4.51587554445288950937e-06	 4.29171725909312783977e-06	 1.52036817673247797968e-05	 2.50985128004230037800e-07	 3.93909849534206520468e-07	 3.93883707988367466266e-07	 3.93909443337640570263e-07	 
 6.20000000000000106581e-01	 1.51471685186391549093e-07	 1.51107289913684799140e-07	 1.51465870716627453289e-07	 1.47127616647763148421e-05	 1.47038507747810180546e-05	 1.47084799713259968865e-05	 1.54150113652617969660e-05	 4.34205970895205090873e-06	 4.12715135209337244751e-06	 1.45681370935197979631e-05	 2.45042338768368454835e-07	 3.82312055819824161313e-07	 3.82286834281527302334e-07	 3.82311716193361598968e-07	 
 6.39999999999999902300e-01	 1.46916519433753654417e-07	 1.46563261104153640204e-07	 1.46907675947099560105e-07	 1.40849416801976568583e-05	 1.40767622371620659610e-05	 1.40810590382703623475e-05	 1.47780207676788277212e-05	 4.17201961671254872101e-06	 3.96631181650828088203e-06	 1.39459885956989819596e-05	 2.39082274152564382572e-07	 3.70708233096413483609e-07	 3.70683914100222782817e-07	 3.70707946172672354007e-07	 
 6.60000000000000031086e-01	 1.42364832681826890804e-07	 1.42022961367857480150e-07	 1.42353680476984617079e-07	 1.34713138322189320510e-05	 1.34637954736623227431e-05	 1.34677026495310816183e-05	 1.41545308242998485725e-05	 4.00593897265340329977e-06	 3.80936931235235592846e-06	 1.33379588876802611299e-05	 2.33115496653968204049e-07	 3.59120369271269730252e-07	 3.59096932208530267908e-07	 3.59120119382197369882e-07	 
 6.80000000000000159872e-01	 1.37825540533634970508e-07	 1.37495222090664751631e-07	 1.37812788900256490671e-07	 1.28726152426022372752e-05	 1.28656890756719747263e-05	 1.28692028153970891596e-05	 1.35452412920340030785e-05	 3.84399612459761888696e-06	 3.65648869897511823480e-06	 1.27447409129673161748e-05	 2.27152554785511295892e-07	 3.47570888194835286115e-07	 3.47548309871606397657e-07	 3.47570659972970854475e-07	 
 6.99999999999999955591e-01	 1.33305161052171475608e-07	 1.32986487814902436745e-07	 1.33291514648120769730e-07	 1.22892693810172523800e-05	 1.22828678576081759419e-05	 1.22860336808810692414e-05	 1.29505465136793902921e-05	 3.68630467829830043680e-06	 3.50777704170695545034e-06	 1.21667191769963758822e-05	 2.21201765492625592962e-07	 3.36076136802637080083e-07	 3.36054391726121047099e-07	 3.36075914990067778287e-07	 
 7.20000000000000084377e-01	 1.28811873238048489937e-07	 1.28504743215505953001e-07	 1.28797810067240901813e-07	 1.17217325889535337757e-05	 1.17157951915631775372e-05	 1.17186738746256007655e-05	 1.23709120181817637199e-05	 3.53298072038538626627e-06	 3.36333828347373632738e-06	 1.16043600939781945086e-05	 2.15272735852358736021e-07	 3.24656283553903656330e-07	 3.24635345039483940245e-07	 3.24656053953245292957e-07	 
 7.39999999999999991118e-01	 1.24354111185816193798e-07	 1.24058160071192758155e-07	 1.24339758178776080096e-07	 1.11704522288434753642e-05	 1.11649284058923052153e-05	 1.11675768297996797152e-05	 1.18068115502749476880e-05	 3.38413940890608230447e-06	 3.22327408175278360837e-06	 1.10581491242655075117e-05	 2.09375082877596768083e-07	 3.13331945070222024262e-07	 3.13311785844217258496e-07	 3.13331694978942623531e-07	 
 7.60000000000000008882e-01	 1.19937677353345449852e-07	 1.19652293053041887154e-07	 1.19922827831285693884e-07	 1.06355677840498490523e-05	 1.06304160793685028398e-05	 1.06328878944367316757e-05	 1.12584108840245492961e-05	 3.23983640676139327547e-06	 3.08763484003772182028e-06	 1.05282632384944346355e-05	 2.03516082908717738224e-07	 3.02117087747648430109e-07	 3.02097680101097498521e-07	 3.02116805661532796721e-07	 
 7.80000000000000137668e-01	 1.15569564780186260360e-07	 1.15294162146123101596e-07	 1.15553921703203306695e-07	 1.01173268211825401387e-05	 1.01125194070698369613e-05	 1.01148380883907263573e-05	 1.07259902643750150826e-05	 3.10012754867088117611e-06	 2.95646648024808233763e-06	 1.00149218942061623563e-05	 1.97704462704593176740e-07	 2.91029303196046614967e-07	 2.91010622383683521390e-07	 2.91028980626970861164e-07	 
 7.99999999999999933387e-01	 1.11256770937415373952e-07	 1.10990945536641710805e-07	 1.11240082565741804095e-07	 9.61602172367824135620e-06	 9.61154678055497606890e-06	 9.61369064362717538571e-06	 1.02098721530193144272e-05	 2.96507071973724220591e-06	 2.82981633866964748744e-06	 9.51835288618004763533e-06	 1.91949089807722253094e-07	 2.80086559357327757739e-07	 2.80068585503275684801e-07	 2.80086191780027097841e-07	 
 8.20000000000000062172e-01	 1.07003488457147445702e-07	 1.06747006573498842155e-07	 1.06985540104760546751e-07	 9.13163850689887441042e-06	 9.12749909017727991387e-06	 9.12940471628896524185e-06	 9.71006785414176797598e-06	 2.83467170043997091950e-06	 2.70768909290293686702e-06	 9.03848528581705034474e-06	 1.86256429525580070713e-07	 2.69299684220188624608e-07	 2.69282402268001454050e-07	 2.69299270687693140838e-07	 
 8.39999999999999857891e-01	 1.02815472147436767753e-07	 1.02568215480176408052e-07	 1.02796223328734497061e-07	 8.66425829054431808230e-06	 8.66045207913244868337e-06	 8.66205528945463599383e-06	 9.22669137380514467418e-06	 2.70892982374070817500e-06	 2.59007966043269185227e-06	 8.57538320659686975958e-06	 1.80633203623407959602e-07	 2.58683212472540506315e-07	 2.58666612227861833433e-07	 2.58682759568046698303e-07	 
 8.60000000000000097700e-01	 9.86987222545725361798e-08	 9.84606581415029295073e-08	 9.86783830941214457076e-08	 8.21401212895262872714e-06	 8.21052021969761058222e-06	 8.21177826301367229161e-06	 8.75990291922081458519e-06	 2.58784733944025290231e-06	 2.47698623237504733302e-06	 8.12918235165891885064e-06	 1.75085659709496677951e-07	 2.48252189857913736416e-07	 2.48236266113425188272e-07	 2.48251713962328513995e-07	 
 8.80000000000000115463e-01	 9.46562501723286588818e-08	 9.44274332360233863452e-08	 9.46352657665951468142e-08	 7.78073393747202569871e-06	 7.77752277357905458417e-06	 7.77841062545887992549e-06	 8.30955458146932773996e-06	 2.47138401053999957728e-06	 2.36837519767690783917e-06	 7.69972116155910288901e-06	 1.69617670065806014051e-07	 2.38014094693608731182e-07	 2.37998847448162604601e-07	 2.38013621558275396725e-07	 
 8.99999999999999911182e-01	 9.06926666795262622535e-08	 9.04732389182739853707e-08	 9.06716820240801846158e-08	 7.36431511090948375312e-06	 7.36135616061689128527e-06	 7.36184347774294236904e-06	 7.87558226964213777726e-06	 2.35949126475432274908e-06	 2.26419014257254163689e-06	 7.28693495605950218011e-06	 1.64233828029463721644e-07	 2.27980501960087703472e-07	 2.27965930364753909155e-07	 2.27980056623703524317e-07	 
 9.20000000000000039968e-01	 8.68128972423110806389e-08	 8.66030929731666095212e-08	 8.67927442584529392253e-08	 6.96468918318681717828e-06	 6.96196973033052379396e-06	 6.96200732961169946913e-06	 7.45796856143357518788e-06	 2.25212696136606844725e-06	 2.16437555277679297231e-06	 6.89082207231633861287e-06	 1.58938563582193267589e-07	 2.18163846661545322638e-07	 2.18149945879903109921e-07	 2.18163448100165063927e-07	 
 9.39999999999999835687e-01	 8.30187200435867410442e-08	 8.28188752289467771454e-08	 8.30004211919659295675e-08	 6.58151147767532711464e-06	 6.57903330272907759842e-06	 6.57855264496228930740e-06	 7.05639671858577077876e-06	 2.14921715935308249636e-06	 2.06885728544291411983e-06	 6.51109720131947935568e-06	 1.53733905319551006007e-07	 2.08568603950603300900e-07	 2.08555366226748054403e-07	 2.08568266049097474663e-07	 
 9.60000000000000075495e-01	 7.93137037233182259776e-08	 7.91240500743104357534e-08	 7.92980545322018490095e-08	 6.21452797430871513876e-06	 6.21230299797873680397e-06	 6.21124506844369738925e-06	 6.67072105143205007309e-06	 2.05067273290029892114e-06	 1.97753705051142160997e-06	 6.14751184632782630925e-06	 1.48622586662604043712e-07	 1.99203347752709080632e-07	 1.99190761710790139490e-07	 1.99203078069670688808e-07	 
 9.80000000000000093259e-01	 7.57019026512968022315e-08	 7.55224614814970146881e-08	 7.56892526469089044342e-08	 5.86355674291189794687e-06	 5.86160485858476652430e-06	 5.85993474749762714292e-06	 6.30090060348030903803e-06	 1.95641148041289568852e-06	 1.89032112867642411792e-06	 5.79986051594173225419e-06	 1.43607196481913829772e-07	 1.90077685234306609837e-07	 1.90065735671365931630e-07	 1.90077484497150659807e-07	 
 9.99999999999999888978e-01	 7.21840780532677296383e-08	 7.20146971537609108849e-08	 7.21743879074808936027e-08	 5.52815245756305973093e-06	 5.52650187499923562602e-06	 5.52420253815454801951e-06	 5.94659347827825901544e-06	 1.86633106348136644332e-06	 1.80711008247568287017e-06	 5.46768004499352920379e-06	 1.38687847357416330304e-07	 1.81192952984208514819e-07	 1.81181621889557034323e-07	 1.81192815944605918846e-07	 
 1.02000000000000001776e+00	 6.87627389621759931170e-08	 6.86030753583580304113e-08	 6.87557348502694055148e-08	 5.20797574880370600111e-06	 5.20664549153584342014e-06	 5.20372144078291223049e-06	 5.60754077309264643516e-06	 1.78030850648816104070e-06	 1.72777132181306167835e-06	 5.15062681874132826770e-06	 1.33865930747212258409e-07	 1.72554935423438468601e-07	 1.72544202397923801212e-07	 1.72554854225057658692e-07	 
 1.04000000000000003553e+00	 6.54409404026123531806e-08	 6.52904527897104519410e-08	 6.54361992720492197921e-08	 4.90277778546493900959e-06	 4.90176871852799845772e-06	 4.89824714780882751751e-06	 5.28355124630066374153e-06	 1.69822834074490596719e-06	 1.65217540402507955284e-06	 4.84845558393504111094e-06	 1.29143002336311454901e-07	 1.64170844880459684434e-07	 1.64160687420735677225e-07	 1.64170810873032273291e-07	 
 1.06000000000000005329e+00	 6.22183463690779898213e-08	 6.20763204142811697324e-08	 6.22153094074740542247e-08	 4.61206022065280953428e-06	 4.61135867201646083559e-06	 4.60728388829711789793e-06	 4.97415079324708911282e-06	 1.61996627134243561357e-06	 1.58019956754599271895e-06	 4.56067429251825344255e-06	 1.24517944463944997901e-07	 1.56039348024051768806e-07	 1.56029742256260757623e-07	 1.56039351814003176627e-07	 
 1.08000000000000007105e+00	 5.90962764677415698129e-08	 5.89620227434683224531e-08	 5.90944390832483210258e-08	 4.33542135652890939012e-06	 4.33500236296422831160e-06	 4.33044207649223522822e-06	 4.67897723745974653063e-06	 1.54537837402627873676e-06	 1.51168494238991263983e-06	 4.28688867205094561839e-06	 1.19991011347962503664e-07	 1.48163732373958888415e-07	 1.48154652666928808559e-07	 1.48163765312141378962e-07	 
 1.09999999999999986677e+00	 5.60766416054948596062e-08	 5.59495975787969576113e-08	 5.60756501051771923938e-08	 4.07255401270573792272e-06	 4.07238309406847588537e-06	 4.06743195035385423362e-06	 4.39776086715926854042e-06	 1.47433122126148635281e-06	 1.44647618012896609265e-06	 4.02680004499773777074e-06	 1.15562622905715964742e-07	 1.40549038401126377566e-07	 1.40540457080303676476e-07	 1.40549093279257991257e-07	 
 1.11999999999999988454e+00	 5.31579086809771364957e-08	 5.30376237380838278659e-08	 5.31575371776932318087e-08	 3.82291860924130562409e-06	 3.82295336177209528711e-06	 3.81772869285316990675e-06	 4.12996054111822310335e-06	 1.40669163648573354227e-06	 1.38443394311890481686e-06	 3.77988045435462563800e-06	 1.11230225745322494554e-07	 1.33191554088120373772e-07	 1.33183441949274132419e-07	 1.33191624876621057197e-07	 
 1.14000000000000012434e+00	 5.03404687492970676957e-08	 5.02265420740597268166e-08	 5.03405807239651206551e-08	 3.58608214009212613053e-06	 3.58626660806445060002e-06	 3.58086290092670103728e-06	 3.87520796097060811399e-06	 1.34230167641434394116e-06	 1.32538407778142240347e-06	 3.54567793596909409744e-06	 1.06993536055025585681e-07	 1.26091982743814150196e-07	 1.26084311355888644287e-07	 1.26092064856718327926e-07	 
 1.15999999999999992006e+00	 4.76255452421078868801e-08	 4.75175885127253649865e-08	 4.76260697747245747589e-08	 3.36171901783889358597e-06	 3.36197991348007968088e-06	 3.35644559330065843771e-06	 3.63326689074571549493e-06	 1.28101216091164521051e-06	 1.26915647777700602943e-06	 3.32383214924993982716e-06	 1.02852821580757592502e-07	 1.19252919285597791206e-07	 1.19245662023212301965e-07	 1.19253009640525277840e-07	 
 1.18000000000000015987e+00	 4.50107638198841837958e-08	 4.49084007509848664329e-08	 4.50116872154096262499e-08	 3.14928118156658064597e-06	 3.14952860952793784447e-06	 3.14387185098064121240e-06	 3.40362476435009603189e-06	 1.22267869696940270704e-06	 1.21559907059909588916e-06	 3.11376882708141071440e-06	 9.88047015911168887063e-08	 1.12667903923270219441e-07	 1.12661035876533093134e-07	 1.12668000711782485065e-07	 
 1.19999999999999973355e+00	 4.24956048952358899323e-08	 4.23985416850107817206e-08	 4.24969344421011296610e-08	 2.94831602163874224350e-06	 2.94848337025510201590e-06	 2.94269293117256314988e-06	 3.18587613098419964418e-06	 1.16713467273803039798e-06	 1.16452286669357447441e-06	 2.91502263458140191798e-06	 9.48480718261678220399e-08	 1.06335576399146955795e-07	 1.06329075045870638616e-07	 1.06335678550597743211e-07	 
 1.21999999999999997335e+00	 4.00804010966368087404e-08	 3.99884619443690288472e-08	 4.00821459679502268148e-08	 2.75847592530698014862e-06	 2.75853955599208347895e-06	 2.75259547146088576761e-06	 2.97971715097901358548e-06	 1.11422152560333850499e-06	 1.11573753478909182914e-06	 2.72723948341516143190e-06	 9.09821299442479295410e-08	 1.00256972280254191402e-07	 1.00250817651433399226e-07	 1.00257079154139830792e-07	 
 1.24000000000000021316e+00	 3.77618316721300271642e-08	 3.76749498988507090827e-08	 3.77640056924828374003e-08	 2.57920759536830552567e-06	 2.57917872404689060034e-06	 2.57305016293639432138e-06	 2.78458491200755965791e-06	 1.06378655965139177227e-06	 1.06906745482985295439e-06	 2.54986163670911533292e-06	 8.72017247355571052560e-08	 9.44238512274348855209e-08	 9.44180257446902610649e-08	 9.44239625859595325619e-08	 
 1.25999999999999978684e+00	 3.55389031921447624083e-08	 3.54569828856262617975e-08	 3.55414781316547286249e-08	 2.41005102140002243572e-06	 2.40995373649816729066e-06	 2.40362111097158392996e-06	 2.60005380770834669218e-06	 1.01566542814499131491e-06	 1.02433341495250693007e-06	 2.38245964853365892788e-06	 8.35058934794470938565e-08	 8.88335408544459931817e-08	 8.88280283998094263663e-08	 8.88336570378062962759e-08	 
 1.28000000000000002665e+00	 3.34118132543069301377e-08	 3.33346577705282500922e-08	 3.34146939718616980096e-08	 2.25065409015504727674e-06	 2.25051385068037915178e-06	 2.24397925708719236574e-06	 2.42582078289833723389e-06	 9.69703881560320769001e-07	 9.81365689876163877303e-07	 2.22472899547163207172e-06	 7.98947408383821583143e-08	 8.34862440901804568834e-08	 8.34810293979938530848e-08	 8.34863661250616235613e-08	 
 1.30000000000000026645e+00	 3.13770004566828133104e-08	 3.13043345711020261350e-08	 3.13800332683083742213e-08	 2.10047489473216663012e-06	 2.10031874505291854562e-06	 2.09359857723729244822e-06	 2.26133272407539394778e-06	 9.25747838537925088366e-07	 9.39994161581602780078e-07	 2.07617014210776167649e-06	 7.63629419407347143579e-08	 7.83727031084179319434e-08	 7.83677718880136788946e-08	 7.83728327203752726748e-08	 
 1.32000000000000006217e+00	 2.94330171199266850785e-08	 2.93645273268557339029e-08	 2.94360368048177660701e-08	 1.95908343089277383006e-06	 1.95892973810029344717e-06	 1.95204829338589747867e-06	 2.10619128190932023318e-06	 8.83648350302099963441e-07	 9.00074854268899838218e-07	 1.93636087716317757635e-06	 7.29105408337554766542e-08	 7.34890945358068909566e-08	 7.34844321313421631252e-08	 7.34892314412618879881e-08	 
 1.34000000000000007994e+00	 2.75795894088018015297e-08	 2.75149416284365468869e-08	 2.75824394332857473819e-08	 1.82616899788533753861e-06	 1.82602257843379513563e-06	 1.81900832378705908271e-06	 1.96013291162299880884e-06	 8.43269253153280031717e-07	 8.61479506081099080366e-07	 1.80498087158926222961e-06	 6.95389938586862405283e-08	 6.88346355760750418258e-08	 6.88302261444076436836e-08	 6.88347760591533419799e-08	 
 1.35999999999999987566e+00	 2.58126704627271424472e-08	 2.57515107637723288560e-08	 2.58151925574785209410e-08	 1.70124055654326497328e-06	 1.70109513986581119258e-06	 1.69397689695676039644e-06	 1.82264971528951073028e-06	 8.04460877687609643701e-07	 8.24055755461442680222e-07	 1.68153604762944406832e-06	 6.62430427934100175570e-08	 6.43990189762149137413e-08	 6.43948457714278803803e-08	 6.43991563120879823844e-08	 
 1.37999999999999989342e+00	 2.41305683604116065979e-08	 2.40725582878842389638e-08	 2.41325972280377160860e-08	 1.58389887273475166224e-06	 1.58374578479173443755e-06	 1.57653988395449602374e-06	 1.69335794158987624523e-06	 7.67104017653611590800e-07	 7.87705688400534013929e-07	 1.56562192709609685576e-06	 6.30241677866773161925e-08	 6.01778577863473465390e-08	 6.01739063542897908764e-08	 6.01779855417791572627e-08	 
 1.40000000000000013323e+00	 2.25329841641384900718e-08	 2.24778121523910747642e-08	 2.25343381199386580053e-08	 1.47385449274224848157e-06	 1.47368697792276833570e-06	 1.46639013654442836958e-06	 1.57199580741242974334e-06	 7.31097384925102718543e-07	 7.52351482737740669493e-07	 1.45694336497886721533e-06	 5.98857476348226659510e-08	 5.61702925928714269776e-08	 5.61665522633072247556e-08	 5.61704061419086406575e-08	 
 1.41999999999999992895e+00	 2.10158183952139257636e-08	 2.09631862902569922789e-08	 2.10162850840330626138e-08	 1.37065151063092004094e-06	 1.37046384562785118381e-06	 1.36305157880181157835e-06	 1.45807195183911622255e-06	 6.96304955637117836899e-07	 7.17862119450042429749e-07	 1.35504497910551123965e-06	 5.68230472624270830937e-08	 5.23658798056795530415e-08	 5.23623432328171131509e-08	 5.23659756479777851488e-08	 
 1.44000000000000016875e+00	 1.95770848118663371180e-08	 1.95268124239665356963e-08	 1.95766053258468386016e-08	 1.27391432052572736105e-06	 1.27370803863234770023e-06	 1.26615604909072545211e-06	 1.35121893832695573448e-06	 6.62650849060810643108e-07	 6.84200793515172813882e-07	 1.25955902841979016900e-06	 5.38392490127081013335e-08	 4.87597156350550572701e-08	 4.87563760806571017637e-08	 4.87597916993761430030e-08	 
 1.45999999999999996447e+00	 1.82161666749919752605e-08	 1.81682420960064517860e-08	 1.82149265809207559891e-08	 1.18337037328215299213e-06	 1.18315750524808077327e-06	 1.17545067924047830027e-06	 1.25119235536325017410e-06	 6.30083982864513305275e-07	 6.51362139080504454031e-07	 1.17022532531868439322e-06	 5.09399641650761533332e-08	 4.53504901750830698829e-08	 4.53473401251111254195e-08	 4.53505458361076887880e-08	 
 1.47999999999999998224e+00	 1.69287318439584517782e-08	 1.68832850969914510648e-08	 1.69271167468181074589e-08	 1.09859351427163704160e-06	 1.09839522933248340086e-06	 1.09051803998524551744e-06	 1.15753031230153439502e-06	 5.98492572816187415633e-07	 6.19255833701156323803e-07	 1.08663488955085446697e-06	 4.81214034614868933532e-08	 4.21275105150290474355e-08	 4.21245421949641886140e-08	 4.21275460296806227375e-08	 
 1.50000000000000000000e+00	 1.57126786796217123978e-08	 1.56697991627511830590e-08	 1.57110241619561788725e-08	 1.01926275759120658212e-06	 1.01909914112652625541e-06	 1.01103681491088130103e-06	 1.06991003447916600290e-06	 5.67849432255983676774e-07	 5.87894615905793281276e-07	 1.00845525675497768636e-06	 4.53874789222605719599e-08	 3.90852119680877925106e-08	 3.90824175832601668798e-08	 3.90852288174369299898e-08	 
 1.52000000000000001776e+00	 1.45674322027534355833e-08	 1.45270816865575271266e-08	 1.45659074190974544354e-08	 9.45170445575195734222e-07	 9.45056173506837100670e-07	 9.36792837759997169236e-07	 9.88139482100746290391e-07	 5.38158117578400572096e-07	 5.57321664910701202462e-07	 9.35453936695806291579e-07	 4.27445709184054639280e-08	 3.62216777689595031193e-08	 3.62190496198151289740e-08	 3.62216788343532362192e-08	 
 1.54000000000000003553e+00	 1.34887981238137946836e-08	 1.34508457196672195453e-08	 1.34874509483090650699e-08	 8.75959809707155579481e-07	 8.75907049075781604518e-07	 8.67415363342991892128e-07	 9.11817318537110825015e-07	 5.09336077792488939190e-07	 5.27469697944326126490e-07	 8.67261287454179921554e-07	 4.01888702384775751513e-08	 3.35260153770297901443e-08	 3.35235462047888469019e-08	 3.35260046166791938218e-08	 
 1.56000000000000027534e+00	 1.24745014233032055752e-08	 1.24387965977253884035e-08	 1.24733468557669220532e-08	 8.11341216691166366412e-07	 8.11360885059470462701e-07	 8.02624952523550786892e-07	 8.40647641333059462095e-07	 4.81391652052416683632e-07	 4.98387883723443906647e-07	 8.03591363698462659212e-07	 3.77241014136134573544e-08	 3.09923137478789008963e-08	 3.09899969325092987870e-08	 3.09922956104757647886e-08	 
 1.58000000000000007105e+00	 1.15237395041572567316e-08	 1.14901473767387113771e-08	 1.15228072144472650323e-08	 7.51117471891347225949e-07	 7.51220781277352786177e-07	 7.42244793354986032630e-07	 7.74449057103662562426e-07	 4.54364134827447071668e-07	 4.70161780593524053783e-07	 7.44258977873595970128e-07	 3.53567347011378465152e-08	 2.86184735563525550088e-08	 2.86163032256501862049e-08	 2.86184528646818022293e-08	 
 1.60000000000000008882e+00	 1.06323244037366772680e-08	 1.06007242448638592655e-08	 1.06316625669369098078e-08	 6.94957417023544681461e-07	 6.95158502013269146349e-07	 6.85950496467191686694e-07	 7.12850420155606856611e-07	 4.28187799287620924162e-07	 4.42747932406225387848e-07	 6.88949532880160175644e-07	 3.30827441285525925882e-08	 2.63939288086311384496e-08	 2.63919001776962860737e-08	 2.63939110034378645880e-08	 
 1.61999999999999988454e+00	 9.79784532285993506051e-09	 9.76813864716269824731e-09	 9.79749380647813467497e-09	 6.42609645867056532525e-07	 6.42915890155547816146e-07	 6.33486979376476859478e-07	 6.55578049988671164430e-07	 4.02890191652424673716e-07	 4.16208551881226162522e-07	 6.37408215219681460644e-07	 3.09047363390143290582e-08	 2.43125179668152369463e-08	 2.43106246248291574044e-08	 2.43125070555052144630e-08	 
 1.64000000000000012434e+00	 9.01938049467807057415e-09	 8.99149428615501948141e-09	 9.01936081252689641449e-09	 5.93918264654261923041e-07	 5.94326262398366631159e-07	 5.84687981483755350650e-07	 6.02467879173393258993e-07	 3.78531856801261296624e-07	 3.90641444387679733582e-07	 5.89466117257251046297e-07	 2.88281493405443881603e-08	 2.23718182537738155545e-08	 2.23700507618330965286e-08	 2.23718160077527181926e-08	 
 1.66000000000000014211e+00	 8.29290035546689196701e-09	 8.26678694796646870249e-09	 8.29322948860263129492e-09	 5.48601051132243895520e-07	 5.49101205100449945373e-07	 5.39251835345146815400e-07	 5.53183795937026528211e-07	 3.55056908924661463528e-07	 3.66010120352683758666e-07	 5.44837595941658661901e-07	 2.68482404354261906444e-08	 2.05616623398058755874e-08	 2.05600090507836218238e-08	 2.05616691479031719324e-08	 
 1.67999999999999993783e+00	 7.61587369190852547924e-09	 7.59147857649032788813e-09	 7.61653926317782179698e-09	 5.06448832505253389783e-07	 5.07024670100880138006e-07	 4.96968290996277108587e-07	 5.07486848770158726312e-07	 3.32497142310122162946e-07	 3.42359301363582919019e-07	 5.03301180750766441069e-07	 2.49657577128548537857e-08	 1.88756775224837165152e-08	 1.88741281607406733574e-08	 1.88756926237380695901e-08	 
 1.70000000000000017764e+00	 6.98718206926324323234e-09	 6.96442899208703289039e-09	 6.98813084887717159726e-09	 4.67342257236207825693e-07	 4.67969480194931603657e-07	 4.57722626594659634589e-07	 4.65245327658238888374e-07	 3.10919057945222966584e-07	 3.19765247490415057332e-07	 4.64718837729171712145e-07	 2.31843162532155952202e-08	 1.73110857182591264284e-08	 1.73096328571507584309e-08	 1.73111073151760988220e-08	 
 1.71999999999999997335e+00	 6.40292898362900878957e-09	 6.38173176877399908502e-09	 6.40408018539172210442e-09	 4.31046715588492055308e-07	 4.31694376594462983827e-07	 4.21267611652944587760e-07	 4.26170515812507857095e-07	 2.90270557287239804524e-07	 2.98177073631235167886e-07	 4.28842090315881116896e-07	 2.14981656631596484918e-08	 1.58582048452074102354e-08	 1.58568432028817522912e-08	 1.58582303748878416107e-08	 
 1.73999999999999999112e+00	 5.86068078635257983937e-09	 5.84094163104484317892e-09	 5.86196335722825132217e-09	 3.97367853757100823397e-07	 3.98009185976508878332e-07	 3.87419955281508177154e-07	 3.90055555423241303014e-07	 2.70568761065010386452e-07	 2.77612846883848714486e-07	 3.95493852484319092738e-07	 1.99062068056585633560e-08	 1.45106930663789890455e-08	 1.45094179662020589288e-08	 1.45107201613354938553e-08	 
 1.76000000000000023093e+00	 5.35942574243230599663e-09	 5.34103215474573367074e-09	 5.36079352713730560059e-09	 3.66182545900917882556e-07	 3.66798673572722789188e-07	 3.56075403436894773320e-07	 3.56791528754572463258e-07	 2.51863136423424226926e-07	 2.58124482287832268127e-07	 3.64579759157412734118e-07	 1.84103392533112839231e-08	 1.32656446633045246994e-08	 1.32644511984729373266e-08	 1.32656714860266966328e-08	 
 1.78000000000000002665e+00	 4.89566066806542008674e-09	 4.87848948916185239606e-09	 4.89708605976889723175e-09	 3.37269731931644000242e-07	 3.37845648241671271679e-07	 3.27009200588643082757e-07	 3.26132018255955394377e-07	 2.34091943673658969024e-07	 2.39648212106994691601e-07	 3.35899613927897339007e-07	 1.70041305687065032912e-08	 1.21140610074585417392e-08	 1.21129442124055347812e-08	 1.21140859442811017950e-08	 
 1.80000000000000004441e+00	 4.46705429218978994031e-09	 4.45099368638366836296e-09	 4.46851125113478912104e-09	 3.10464556998961592660e-07	 3.10992421607739788513e-07	 3.00063313640144622619e-07	 2.97891233054188881771e-07	 2.17256605700028414844e-07	 2.22178050654848704235e-07	 3.09298983358585694265e-07	 1.56850248172402893658e-08	 1.10500484065423354710e-08	 1.10490036903689241006e-08	 1.10500703985858427187e-08	 
 1.81999999999999984013e+00	 4.07256183991461404746e-09	 4.05751735625529845349e-09	 4.07401596781093971157e-09	 2.85675629742592965051e-07	 2.86155737318282698812e-07	 2.75155444010736116582e-07	 2.71968768909112783222e-07	 2.01394850038160074676e-07	 2.05743717370476168804e-07	 2.84690884196937669010e-07	 1.44535108425698868784e-08	 1.00710131716326768978e-08	 1.00700364273980997848e-08	 1.00710317865301163235e-08	 
 1.84000000000000007994e+00	 3.70897822788507197297e-09	 3.69486466290634982425e-09	 3.71038700908257787384e-09	 2.62718354544863125771e-07	 2.63156333537160575689e-07	 2.52088854335681170117e-07	 2.48149345175283160009e-07	 1.86443948515117999804e-07	 1.90272932915263056577e-07	 2.61895372261501599618e-07	 1.33028552100072147446e-08	 9.16897213257182343729e-09	 9.16805971827851996740e-09	 9.16898724824975959482e-09	 
 1.86000000000000009770e+00	 3.37416661646618969034e-09	 3.36091437019329055656e-09	 3.37549574047176118654e-09	 2.41458659212391075223e-07	 2.41861982283298017177e-07	 2.30735922155860114516e-07	 2.26263650112855461701e-07	 1.72384733901614270404e-07	 1.75744994805616604077e-07	 2.40784527107145300221e-07	 1.22294894745155550170e-08	 8.33856883723939087890e-09	 8.33771726298483308323e-09	 8.33858032093335352872e-09	 
 1.87999999999999989342e+00	 3.06719673793447114748e-09	 3.05475210561151786799e-09	 3.06842500118281572897e-09	 2.21828318700099288351e-07	 2.22205157999359419028e-07	 2.11041227395234963194e-07	 2.06215699002372398757e-07	 1.59231188747861746075e-07	 1.62178063946301186906e-07	 2.21297190172450455903e-07	 1.12328039397705352382e-08	 7.57743988786098742039e-09	 7.57664559524989892763e-09	 7.57744739128272829411e-09	 
 1.89999999999999991118e+00	 2.78524913842676572093e-09	 2.77356811656842827138e-09	 2.78636022317726032088e-09	 2.03671930124422638108e-07	 2.04031890058373363105e-07	 1.92839140578916793053e-07	 1.87812329218738307956e-07	 1.46912585385907274506e-07	 1.49503012718229096468e-07	 2.03287009237484975316e-07	 1.03060034651797966073e-08	 6.87852356501543850147e-09	 6.87778305883950425807e-09	 6.87852636698007275818e-09	 
 1.92000000000000015099e+00	 2.52642943430605791524e-09	 2.51547631813317808426e-09	 2.52741723004710029587e-09	 1.86883022945182116125e-07	 1.87232157159673868928e-07	 1.76024302445049029315e-07	 1.70922161478803427683e-07	 1.35393625139253504454e-07	 1.37678202677393333026e-07	 1.86641268205147465179e-07	 9.44519206617080894310e-09	 6.23711381246522197480e-09	 6.23642387616407912939e-09	 6.23711157223121500874e-09	 
 1.93999999999999994671e+00	 2.28992634582969929930e-09	 2.27967264548448169367e-09	 2.29079636342274341130e-09	 1.71416478578757698978e-07	 1.71755340692216904914e-07	 1.60555657253965569320e-07	 1.55488190702610094286e-07	 1.24671514537154576157e-07	 1.26693413813625356633e-07	 1.71301834911340840991e-07	 8.64938546352680168115e-09	 5.65122802648826493630e-09	 5.65058574317860535996e-09	 5.65122107500822732829e-09	 
 1.95999999999999996447e+00	 2.07327109120692838827e-09	 2.06369537971356546230e-09	 2.07403430910695853397e-09	 1.57147295478468618489e-07	 1.57472762896779225543e-07	 1.46289428617802073115e-07	 1.41363255137111570914e-07	 1.14671035991454595434e-07	 1.16468300990657108534e-07	 1.57136714215620238172e-07	 7.91219075082200451267e-09	 5.11474919289886629904e-09	 5.11415198756175542030e-09	 5.11473813593961361220e-09	 
 1.97999999999999998224e+00	 1.87489952445765206428e-09	 1.86597369308908574894e-09	 1.87555736434391076980e-09	 1.43980962114692143970e-07	 1.44292689071423873362e-07	 1.33139804967767663793e-07	 1.28436380771535763919e-07	 1.05355843858999107569e-07	 1.06957775959092972630e-07	 1.44055010498952710170e-07	 7.22990070049195805888e-09	 4.62374770034444666525e-09	 4.62319286005324433220e-09	 4.62373318890378226428e-09	 
 2.00000000000000000000e+00	 1.69425138382295909110e-09	 1.68593359792242204904e-09	 1.69478694158211724883e-09	 1.31872304799041670674e-07	 1.32175988658451505183e-07	 1.21080827964840888749e-07	 1.16654746499367890027e-07	 9.67247186729333290783e-08	 9.81515105249015002548e-08	 1.32019260997139523056e-07	 6.60159260030688499037e-09	 4.17676719041328873200e-09	 4.17625153622269933911e-09	 4.17674983552244713506e-09	 
 2.02000000000000001776e+00	 1.52928030242006991980e-09	 1.52151878885830993449e-09	 1.52965477884069022079e-09	 1.20707311125581673909e-07	 1.21014613896098496457e-07	 1.09991437463627856861e-07	 1.05891415728415804926e-07	 8.87114245984909106421e-08	 8.99752210632546513045e-08	 1.20922940290623116393e-07	 6.02154497758449791200e-09	 3.76867407002047572830e-09	 3.76819406774765060254e-09	 3.76865433897487062759e-09	 
 2.04000000000000003553e+00	 1.37869830724482756477e-09	 1.37143821093031251925e-09	 1.37888757347405839357e-09	 1.10412214607324123713e-07	 1.10730032900803971714e-07	 9.98016401098489239107e-08	 9.60552192933289481176e-08	 8.12787451701129066009e-08	 8.23904107833632973443e-08	 1.10690604074541931319e-07	 5.48640526122920554664e-09	 3.39624829887135218093e-09	 3.39580094061009269453e-09	 3.39622670605741979156e-09	 
 2.06000000000000005329e+00	 1.24209287670270877909e-09	 1.23527449811393597566e-09	 1.24210007709199984810e-09	 1.00962684500323893363e-07	 1.01288861051136808358e-07	 9.04958693842056676979e-08	 8.71072728084026938983e-08	 7.44205617404769808761e-08	 7.53928311047127288125e-08	 1.01291874941992736529e-07	 4.99537566257537293871e-09	 3.05845226122328851577e-09	 3.05803530734773750648e-09	 3.05842949033746627795e-09	 
 2.08000000000000007105e+00	 1.11776093315815663801e-09	 1.11131125730773016858e-09	 1.11759633560003460113e-09	 9.22698701895004575423e-08	 9.25966862762459829088e-08	 8.19744184089437590763e-08	 7.89440163201112213165e-08	 6.80748530354222050581e-08	 6.89192998410702547973e-08	 9.26348150146290655891e-08	 4.54340376919872656883e-09	 2.75102461875795168949e-09	 2.75063629039713452171e-09	 2.75100144269217667661e-09	 
 2.10000000000000053291e+00	 1.00460566559381076371e-09	 9.98484593209022809793e-10	 1.00430115066415229950e-09	 8.42706674163340283776e-08	 8.45919666024908194804e-08	 7.41750691499194049926e-08	 7.14934136877939225716e-08	 6.22056514358013357939e-08	 6.29344316449077395521e-08	 8.46602725336108241082e-08	 4.12760004489355818026e-09	 2.47129677549294850690e-09	 2.47093561668642828544e-09	 2.47127379388820715359e-09	 
 2.12000000000000010658e+00	 9.02267159303955113488e-10	 8.96486961416823465799e-10	 9.01887274473816282860e-10	 7.69415993864510691442e-08	 7.72554862471280582737e-08	 6.70818791437830777143e-08	 6.47285231272068524251e-08	 5.68055564378985603647e-08	 5.74328128583896623948e-08	 7.73513571394251305993e-08	 3.74741665010210225072e-09	 2.21847114757075091425e-09	 2.21813594865056640212e-09	 2.21844872463464790245e-09	 
 2.14000000000000012434e+00	 8.09272757602978266677e-10	 8.03883733938823238127e-10	 8.08912158003389340233e-10	 7.02035038417656016430e-08	 7.05112383566827335345e-08	 6.06088927641871451010e-08	 5.85657536183714272939e-08	 5.18170746730221882688e-08	 5.23572257904759874456e-08	 7.06352771229505868604e-08	 3.39852104056844476875e-09	 1.98896436267456082452e-09	 1.98865424426642639441e-09	 1.98894272538135507731e-09	 
 2.15999999999999969802e+00	 7.24790852315972951031e-10	 7.19818964326106028858e-10	 7.24507603619500692887e-10	 6.40066086339756326766e-08	 6.43102239200139145567e-08	 5.47048975278845078418e-08	 5.29474215302497216349e-08	 4.72111525483479613502e-08	 4.76771921695400226410e-08	 6.44606883134501177701e-08	 3.07849029677243418155e-09	 1.78064510385163348834e-09	 1.78035907000630873624e-09	 1.78062438832837335716e-09	 
 2.18000000000000015987e+00	 6.48668851967376233080e-10	 6.44092153051043549212e-10	 6.48460800172990761942e-10	 5.83383392190016604419e-08	 5.86401201881799029756e-08	 4.93614058143788091947e-08	 4.78534252257578500328e-08	 4.29865966919649811464e-08	 4.33904269508681654627e-08	 5.88103026604969946560e-08	 2.78701098194203530388e-09	 1.59301558980158888702e-09	 1.59275234631754455885e-09	 1.59299587623680159757e-09	 
 2.20000000000000017764e+00	 5.79750511515016019004e-10	 5.75519226070624266362e-10	 5.79580499117027949878e-10	 5.31345053152879737195e-08	 5.34387146139556135491e-08	 4.45123886160230541993e-08	 4.32138317829543569665e-08	 3.90953753293370415861e-08	 3.94483421279717825551e-08	 5.36186820885050265265e-08	 2.52046156837317475337e-09	 1.42313311120678850384e-09	 1.42289140628607724297e-09	 1.42311444452699404499e-09	 
 2.21999999999999975131e+00	 5.17360391239577442350e-10	 5.13433200905398750079e-10	 5.17200670220705249000e-10	 4.83546454868235783384e-08	 4.86638194949793828382e-08	 4.01124004924224026271e-08	 3.89842600472922089363e-08	 3.55128618548612725316e-08	 3.58238404413363848545e-08	 4.88462726691134385822e-08	 2.27667234679078704863e-09	 1.26934214778131190967e-09	 1.26912068694365886447e-09	 1.26932465667973671909e-09	 
 2.24000000000000021316e+00	 4.61377670812970605817e-10	 4.57733960681613927886e-10	 4.61226184212053683126e-10	 4.39896429395791157840e-08	 4.43035150354884422542e-08	 3.61509951821541629813e-08	 3.51525762010608072725e-08	 3.22388412534316165572e-08	 3.25141795206796924857e-08	 4.44856050029686207824e-08	 2.05522687877777230239e-09	 1.13139548155744126671e-09	 1.13119284682504462594e-09	 1.13137947823499306454e-09	 
 2.25999999999999978684e+00	 4.10836082412704809415e-10	 4.07467702473971254318e-10	 4.10706882330907677361e-10	 3.99839197642956820610e-08	 4.03021765675416172722e-08	 3.25766236752232360717e-08	 3.16600401168508021350e-08	 2.92314444535566341644e-08	 2.94759319838542386620e-08	 4.04839918688524572647e-08	 1.85283724800512277867e-09	 1.00692376813560408821e-09	 1.00673865019596235812e-09	 1.00690983225240562986e-09	 
 2.27999999999999980460e+00	 3.65210716161996444987e-10	 3.62104967512178551347e-10	 3.65113129038071746919e-10	 3.63073536804164434606e-08	 3.66290615658674141689e-08	 2.93475672406762395131e-08	 2.84746769336622438504e-08	 2.64695931473976070396e-08	 2.66870454940240988042e-08	 3.68100867995929920076e-08	 1.66796966793545061971e-09	 8.94611538389830909449e-10	 8.94442646772150772629e-10	 8.94599963325597679082e-10	 
 2.30000000000000026645e+00	 3.24458875893285927400e-10	 3.21590011330008575772e-10	 3.24390104070606132908e-10	 3.29589621415298801719e-08	 3.32823928947892793105e-08	 2.64496940479283240257e-08	 2.55927301444795078802e-08	 2.39538773551777936924e-08	 2.41476775030659022638e-08	 3.34598170208674518173e-08	 1.50082077052520293508e-09	 7.94318499117239303029e-10	 7.94164442264388216586e-10	 7.94309111314874396318e-10	 
 2.32000000000000028422e+00	 2.87816363955311039854e-10	 2.85146987491613023370e-10	 2.87767857709838866969e-10	 2.98953793912317953706e-08	 3.02196481178904845752e-08	 2.38415933204016822920e-08	 2.29652076066295986700e-08	 2.16475776648651816125e-08	 2.18206822376936033366e-08	 3.03886355264660039707e-08	 1.34897898185290694142e-09	 7.04114165219948364534e-10	 7.03973580692616859467e-10	 7.04106632188641465976e-10	 
 2.33999999999999985789e+00	 2.54856909597933326946e-10	 2.52359494973057868719e-10	 2.54817198903470087801e-10	 2.70911050644687641106e-08	 2.74142651246858917910e-08	 2.14898292598231388898e-08	 2.05682397461324364185e-08	 1.95338791035274927880e-08	 1.96885076605239984418e-08	 2.75724087084570217049e-08	 1.21101823526062653436e-09	 6.22967205900680602776e-10	 6.22838917652855820154e-10	 6.22961219502756963439e-10	 
 2.36000000000000031974e+00	 2.25543226088287434524e-10	 2.23205792534529357417e-10	 2.25495896550520420686e-10	 2.45445785680540270860e-08	 2.48623842603863068631e-08	 1.93842010203942782402e-08	 1.84013795478523461621e-08	 1.76155468301783428035e-08	 1.77531356158566788853e-08	 2.50114549259073422938e-08	 1.08684150704922780832e-09	 5.50827024173733351894e-10	 5.50710022666878933012e-10	 5.50822348239646116526e-10	 
 2.38000000000000033751e+00	 1.99241684979215056449e-10	 1.97057064907183583426e-10	 1.99159154140183671564e-10	 2.22186972696532246319e-08	 2.25250025029800941834e-08	 1.74960207605810255255e-08	 1.64193369615500754510e-08	 1.58615047682445041855e-08	 1.59824071539630061298e-08	 2.26702119341930196202e-08	 9.74323831742225490016e-10	 4.86130297007242912355e-10	 4.86023755101524860819e-10	 4.86126795420600917721e-10	 
 2.39999999999999991118e+00	 1.75631364921355620519e-10	 1.73597711305223807715e-10	 1.75504083083032725565e-10	 2.00921017010549661471e-08	 2.03833183171112816517e-08	 1.57963521750116920113e-08	 1.46078402782985969013e-08	 1.42580769447989744146e-08	 1.43629411081527735660e-08	 2.05279153539071567530e-08	 8.72272835920274353690e-10	 4.28096285148257333699e-10	 4.27999493396791515294e-10	 4.28093836654887042726e-10	 
 2.41999999999999948486e+00	 1.54717633612752734616e-10	 1.52840743308169634748e-10	 1.54566203478454269756e-10	 1.81635987984968515763e-08	 1.84401284834919048484e-08	 1.42722547008675359195e-08	 1.29747275671108649747e-08	 1.28086040857172397289e-08	 1.28988628257530982443e-08	 1.85836767908875160445e-08	 7.80632195462336968216e-10	 3.76760598680024712229e-10	 3.76672921886817881657e-10	 3.76759062063144371161e-10	 
 2.44000000000000039080e+00	 1.35989373671139252293e-10	 1.34286131801211643976e-10	 1.35855792388911615631e-10	 1.64001249177124843561e-08	 1.66652796993092567015e-08	 1.28986306850785583786e-08	 1.14803590715299913522e-08	 1.14862605518435132012e-08	 1.15631405683799217919e-08	 1.68057066787613362848e-08	 6.97587369013265900890e-10	 3.30879841633126319647e-10	 3.30800898273873735426e-10	 3.30879141049600994260e-10	 
 2.45999999999999996447e+00	 1.19217925799030170606e-10	 1.17695551011012451224e-10	 1.19127742238061709685e-10	 1.47870144551524343853e-08	 1.50432282699378902284e-08	 1.16543964036049046916e-08	 1.01170504204012766226e-08	 1.02803220494921071274e-08	 1.03451104408266751622e-08	 1.51790085136476273110e-08	 6.22308480691174589845e-10	 2.89864919746991524134e-10	 2.89794231411077856393e-10	 2.89864964618836425496e-10	 
 2.47999999999999953815e+00	 1.04447937193524710748e-10	 1.03098981383974369013e-10	 1.04399728858201766814e-10	 1.33282320936816617927e-08	 1.35760682121635243188e-08	 1.05306496819511979311e-08	 8.89784096823083679134e-09	 9.19504831578567604592e-09	 9.24929879980578122806e-09	 1.37068660335495243832e-08	 5.54978870618939767033e-10	 2.53793884029745107556e-10	 2.53730724480077781940e-10	 2.53794533808105474949e-10	 
 2.50000000000000044409e+00	 9.12812886189043415864e-11	 9.01006902262245548507e-11	 9.12648076971518069550e-11	 1.19977735963573463197e-08	 1.22378885829819973760e-08	 9.50316996759825053064e-09	 7.78889045378434976457e-09	 8.20771565702264524098e-09	 8.25270711373066757010e-09	 1.23643502071409243650e-08	 4.94212482606424786504e-10	 2.21684388508579311139e-10	 2.21628095385848588110e-10	 2.21685537199961698995e-10	 
 2.52000000000000001776e+00	 7.95456881558776027657e-11	 7.85226737931653325958e-11	 7.95527322724986128307e-11	 1.07836938089746077083e-08	 1.10163392493345503599e-08	 8.55998052829299217109e-09	 6.78475727315090971402e-09	 7.31016216693532960302e-09	 7.34668704632891110740e-09	 1.11388921675238122282e-08	 4.39351924084850053975e-10	 1.93093884058450050896e-10	 1.93043823138807837433e-10	 1.93095435212005478738e-10	 
 2.54000000000000003553e+00	 6.92909347540264104762e-11	 6.84047693805204890944e-11	 6.93187762570169754208e-11	 9.68927173121743949811e-09	 9.91418179075205988968e-09	 7.69866904519975629573e-09	 5.89901150723289699691e-09	 6.50748414620893326276e-09	 6.53559768781686760131e-09	 1.00326787419536607190e-08	 3.90572504660009710900e-10	 1.68119672651415047739e-10	 1.68075159164437437566e-10	 1.68121521271461473461e-10	 
 2.56000000000000049738e+00	 6.02121830688230988250e-11	 5.94411074631580733708e-11	 6.02652462587314307360e-11	 8.69170107491087585212e-09	 8.90918695663228760403e-09	 6.89129806098218848623e-09	 5.10377722592662868403e-09	 5.78152730527588777043e-09	 5.79949486151569342863e-09	 9.02357447776734915265e-09	 3.46812448380088955296e-10	 1.45999641029656834864e-10	 1.45960074751102184638e-10	 1.46001725079717741936e-10	 
 2.58000000000000007105e+00	 5.21689402814236671452e-11	 5.14943235943791682926e-11	 5.22475094899512167560e-11	 7.78260758595555342539e-09	 7.99258869617589315950e-09	 6.13776513353769184529e-09	 4.39262863660044081356e-09	 5.12499730490568680303e-09	 5.13192531030777743847e-09	 8.10276406279532095198e-09	 3.07484193201967201593e-10	 1.26395133673863590098e-10	 1.26360008033223808000e-10	 1.26397394607769797468e-10	 
 2.60000000000000008882e+00	 4.51927107258300640437e-11	 4.45972384540691472297e-11	 4.52887190997712651683e-11	 6.96751005278933086175e-09	 7.16904590811905244788e-09	 5.44952178567174841877e-09	 3.77530338734771648943e-09	 4.54145295165193466710e-09	 4.53774169174577002642e-09	 7.27477947319017950118e-09	 2.72639784306652945576e-10	 1.09391171353400606382e-10	 1.09360029081743818480e-10	 1.09393533462022196819e-10	 
 2.62000000000000055067e+00	 3.90446757516356151242e-11	 3.85095863507023538973e-11	 3.91474952345404938053e-11	 6.22926206606724378124e-09	 6.42110108839606554663e-09	 4.80013315086388946004e-09	 3.22884415113729131475e-09	 4.01557001902046440885e-09	 3.99999155900487264658e-09	 6.52235296379075975440e-09	 2.41378288843174710157e-10	 9.43930039317791179298e-11	 9.43655330693567220760e-11	 9.43954176452623888056e-11	 
 2.64000000000000012434e+00	 3.36197672567697388922e-11	 3.31329932271275388360e-11	 3.37213410709241454749e-11	 5.55980354880758860959e-09	 5.74137842186242969048e-09	 4.19504920763152661864e-09	 2.74635877627811154548e-09	 3.54152759467303784773e-09	 3.51414055005170271239e-09	 5.83803337368512630437e-09	 2.13263780578169191660e-10	 8.11555683231241425275e-11	 8.11314678017583365488e-11	 8.11579722795065646638e-11	 
 2.66000000000000014211e+00	 2.89463090122129916640e-11	 2.85038739533340100776e-11	 2.90408313296473800956e-11	 4.96176267382937571515e-09	 5.13353257335132993062e-09	 3.65307230110466867813e-09	 2.33413999975540265825e-09	 3.12258407138594641038e-09	 3.08565820709701208122e-09	 5.22520395184005099606e-09	 1.88366031451576076022e-10	 6.97675065761729432150e-11	 6.97464158977737149173e-11	 6.97697887948958329912e-11	 
 2.67999999999999971578e+00	 2.48399093308998497032e-11	 2.44415102425900089075e-11	 2.49191048416570804606e-11	 4.41951425979018535454e-09	 4.58316642299750420327e-09	 3.15180764479040592684e-09	 1.97410092793105527667e-09	 2.74612700904265592726e-09	 2.70138626455479704636e-09	 4.66918461468970654329e-09	 1.65875667068360958420e-10	 5.97811822712422259489e-11	 5.97628532490220590652e-11	 5.97831520506897278192e-11	 
 2.70000000000000017764e+00	 2.12283927450017952305e-11	 2.08727932744192826915e-11	 2.12882713643627607604e-11	 3.92763574902345805639e-09	 4.08423899301387454148e-09	 2.69445272720343417861e-09	 1.65998702973930470079e-09	 2.40786923745303996836e-09	 2.35706013634007850871e-09	 4.16435217805073915591e-09	 1.45581299908651165787e-10	 5.10146271216317801707e-11	 5.09988012950244967938e-11	 5.10161850003250529813e-11	 
 2.72000000000000019540e+00	 1.81430188511586838599e-11	 1.78265677677222080624e-11	 1.81851937457639468189e-11	 3.49016346689114570789e-09	 3.63975881829987042520e-09	 2.29756991054218191203e-09	 1.39577025232933533843e-09	 2.11112701232129053132e-09	 2.05654341590936103378e-09	 3.71435467090619457938e-09	 1.27741878807483401472e-10	 4.35381062484784816547e-11	 4.35244362732302452102e-11	 4.35392762947278138421e-11	 
 2.73999999999999976907e+00	 1.54460822203449134985e-11	 1.51651503177680007436e-11	 1.54709713284798844359e-11	 3.09468547767144223668e-09	 3.23758176937646890396e-09	 1.94321009211694847986e-09	 1.16800867511761347531e-09	 1.84610732741860406650e-09	 1.78959042703451084352e-09	 3.30754370378062265791e-09	 1.11787204336431994907e-10	 3.70119702881363301188e-11	 3.70001519646672826139e-11	 3.70127506250602264039e-11	 
 2.76000000000000023093e+00	 1.30865495538972828157e-11	 1.28377189712103772022e-11	 1.30960544635327853525e-11	 2.73715011553113597903e-09	 2.87337024014199321247e-09	 1.62929731067062795405e-09	 9.71495099426036221341e-10	 1.60918301390130470215e-09	 1.55217613995896261861e-09	 2.93927655045062395145e-09	 9.75271829876417735842e-11	 3.13094949644392265433e-11	 3.12992750225249870038e-11	 3.13099104433140264160e-11	 
 2.77999999999999980460e+00	 1.10912583004480765948e-11	 1.08707475899670719548e-11	 1.10903443379201538889e-11	 2.42144059878009972684e-09	 2.55039196384460475493e-09	 1.36481058115239438763e-09	 8.08385066398573173161e-10	 1.40259255085916230896e-09	 1.34648929774414834809e-09	 2.61233297571327032687e-09	 8.51493060787480577028e-11	 2.64944286326260755781e-11	 2.64855621675635737215e-11	 2.64945487557802518033e-11	 
 2.79999999999999982236e+00	 9.35833237093885331177e-12	 9.16228230667997754019e-12	 9.35288723835279268225e-12	 2.13817736864992938705e-09	 2.25885347023204014787e-09	 1.13511062814979811546e-09	 6.68714958573995247675e-10	 1.21798910075377471461e-09	 1.16406392640769040404e-09	 2.31678654539028576876e-09	 7.42745371484646585299e-11	 2.23159518392976087669e-11	 2.23082206216903772562e-11	 2.23157988217785362362e-11	 
 2.82000000000000028422e+00	 7.85140428427592694335e-12	 7.67682104401986201539e-12	 7.84505139047571033252e-12	 1.88355804485664291481e-09	 1.99551031870332412819e-09	 9.36095671954677882267e-10	 5.49012799935739556632e-10	 1.05314110085719908372e-09	 1.00215818354347562555e-09	 2.04941216389077011935e-09	 6.46605711386098147144e-11	 1.86857671494019288556e-11	 1.86790052648828012765e-11	 1.86853792853933188948e-11	 
 2.83999999999999985789e+00	 6.59115729373279420976e-12	 6.43563047881920071317e-12	 6.58496490050088436189e-12	 1.65985403099917438921e-09	 1.76337642738773879371e-09	 7.71959333270348407610e-10	 4.51121315633603552047e-10	 9.10773605122292222911e-10	 8.63006639466470908765e-10	 1.81319667920038414820e-09	 5.62933643696867164672e-11	 1.56550138362106016735e-11	 1.56490853546983463547e-11	 1.56544756626484923249e-11	 
 2.85999999999999987566e+00	 5.50207789852083497947e-12	 5.36300946079313530127e-12	 5.49665065135372305871e-12	 1.45907493262898538386e-09	 1.55471007116737621934e-09	 6.31063198823671286749e-10	 3.68072403536041238178e-10	 7.84668747401138365767e-10	 7.40067729131625926849e-10	 1.60007212296204461458e-09	 4.87389028632266336307e-11	 1.30380459275154916199e-11	 1.30328260978516428012e-11	 1.30374325815562331173e-11	 
 2.87999999999999989342e+00	 4.56027549163961512887e-12	 4.43575658555422938883e-12	 4.55571259732687867818e-12	 1.27864104429801073692e-09	 1.36687081530981498448e-09	 5.10393432502394243931e-10	 2.97561770435062808526e-10	 6.72874204704881282613e-10	 6.31396738210022788736e-10	 1.40770691134244462923e-09	 4.19430239924929161152e-11	 1.07773561096655321532e-11	 1.07727587237996259316e-11	 1.07767237730832289585e-11	 
 2.90000000000000035527e+00	 3.78363411506157242574e-12	 3.67232745942394482978e-12	 3.77930115343078502521e-12	 1.12091469696428919175e-09	 1.20212735014680496197e-09	 4.13193192492213853615e-10	 2.40965052146092151057e-10	 5.77103121774097732744e-10	 5.38841925206426195298e-10	 1.23886097890915021392e-09	 3.60874224902582777269e-11	 8.91740314237784423082e-12	 8.91338210073305865973e-12	 8.91680542901397635095e-12	 
 2.91999999999999992895e+00	 3.11827583600647444986e-12	 3.01847948361397130252e-12	 3.11243240316620713580e-12	 9.79383647374649202602e-10	 1.05388337249769812595e-09	 3.31338959578818641499e-10	 1.93592777587386556704e-10	 4.92003781393381856368e-10	 4.57128319940119066131e-10	 1.08703769763570304476e-09	 3.08738586488577947446e-11	 7.32541822540061500756e-12	 7.32198337308822303322e-12	 7.32494097518619666431e-12	 
 2.93999999999999994671e+00	 2.54757899345207195978e-12	 2.45830428926367527090e-12	 2.53974898640560711041e-12	 8.52330318883931388289e-10	 9.20424979423710988274e-10	 2.62428378978205981644e-10	 1.53872291419750984543e-10	 4.16569926365373752888e-10	 3.85112617229578531653e-10	 9.50393926382539618324e-10	 2.62438736624846335710e-11	 5.96229586377569888695e-12	 5.95942488309415985262e-12	 5.96197541595156275324e-12	 
 2.96000000000000040856e+00	 2.08378910000851599712e-12	 2.00523883120741431251e-12	 2.07579329535736467018e-12	 7.41961498107387031292e-10	 8.03987970316603675193e-10	 2.08250207276309060878e-10	 1.22642752712535901358e-10	 3.52849824501532145763e-10	 3.24691180857646322198e-10	 8.31022035638693301059e-10	 2.23175863687471773154e-11	 4.86066952239274877796e-12	 4.85827830677423561488e-12	 4.86047509522830473794e-12	 
 2.97999999999999998224e+00	 1.68659670965563608962e-12	 1.62080775556199490302e-12	 1.68239895270088866912e-12	 6.42721086549779957183e-10	 6.98774253636573798066e-10	 1.63134823772747871471e-10	 9.68393193413762105689e-11	 2.96821718956625472107e-10	 2.72006407793110412975e-10	 7.22911827220913874989e-10	 1.88558280159141654658e-11	 3.92678856828797585964e-12	 3.92482162693690394901e-12	 3.92670475972715906010e-12	 
 3.00000000000000000000e+00	 1.34740818776984099225e-12	 1.29468268915475747712e-12	 1.34863416479764526892e-12	 5.53651179105745513663e-10	 6.03962492398704123254e-10	 1.25628374538250316613e-10	 7.54727158381145660697e-11	 2.47654316938225683281e-10	 2.26079824490125617092e-10	 6.25318531743755600033e-10	 1.58124744614054539772e-11	 3.13514976921041455790e-12	 3.13355253854058307516e-12	 3.13515661368609965748e-12	 
 3.02000000000000046185e+00	 1.07893557987337205564e-12	 1.03676448272464177638e-12	 1.08378686495531982430e-12	 4.76999975698950039218e-10	 5.22075482238061169424e-10	 9.70711620204898123485e-11	 5.90776919974883210134e-11	 2.06815963816804839117e-10	 1.88129840179845698078e-10	 5.40930238079590137528e-10	 1.32870461414572625513e-11	 2.50947792639530661429e-12	 2.50817428540463907956e-12	 2.50953773285695215479e-12	 
 3.04000000000000003553e+00	 8.54349667794064060436e-13	 8.20730949981899285573e-13	 8.61339262760038969393e-13	 4.07984289755979965711e-10	 4.48229886324103023719e-10	 7.37853229869357349726e-11	 4.57710831931982157141e-11	 1.71142793804851950876e-10	 1.55138383561656046777e-10	 4.64739293648579718183e-10	 1.11292273867775998389e-11	 1.98574156930764723821e-12	 1.98466899091617765971e-12	 1.98582097900204305704e-12	 
 3.06000000000000005329e+00	 6.66556709425361948430e-13	 6.39882665146570951259e-13	 6.74627898147571754057e-13	 3.46152349989001717072e-10	 3.81952212253979002830e-10	 5.48312361425575562603e-11	 3.49275584335707521071e-11	 1.40083397224663998117e-10	 1.26533508831411625798e-10	 3.96288400221328241089e-10	 9.27489244219571820892e-12	 1.54753682670232686850e-12	 1.54665101134138517771e-12	 1.54761589546062755655e-12	 
 3.08000000000000007105e+00	 5.22306360213259341344e-13	 5.00879523410822072068e-13	 5.30606365085625855315e-13	 2.93697362290591489635e-10	 3.25521328553923327600e-10	 4.09914362304512978597e-11	 2.68099485545410568237e-11	 1.14827130817101794897e-10	 1.03398865252559447599e-10	 3.37932849937309190132e-10	 7.75249882392163402227e-12	 1.21090642241046413258e-12	 1.21017317958377663018e-12	 1.21097585860416166455e-12	 
 3.10000000000000008882e+00	 4.04130566567094083075e-13	 3.86441041584436273186e-13	 4.12316005865253700628e-13	 2.46387021955484566036e-10	 2.74655578322068126884e-10	 3.00145530352143255977e-11	 2.02821627719758426947e-11	 9.29552574908508788154e-11	 8.35394182188847111550e-11	 2.85196826864461201217e-10	 6.45305056057746966296e-12	 9.33926964286986896783e-13	 9.33322603547082936567e-13	 9.33970995835359357385e-13	 
 3.12000000000000010658e+00	 3.07145811857259524973e-13	 2.92284992262816447331e-13	 3.14965149172603148306e-13	 2.04159263266274625540e-10	 2.29205737156220623479e-10	 2.13222275365283866097e-11	 1.50214620380171410178e-11	 7.41152174324176187946e-11	 6.65398741551788910366e-11	 2.37997927064164921278e-10	 5.33692206787375807073e-12	 7.06145867307010394927e-13	 7.05652209605183493414e-13	 7.06160453360599103861e-13	 
 3.13999999999999968026e+00	 2.34813328057094084659e-13	 2.22468553645218711804e-13	 2.41916706471413147179e-13	 1.69235898887466284345e-10	 1.91357978803381005601e-10	 1.53155514747596298644e-11	 1.12169215344970790213e-11	 5.92413619505026025264e-11	 5.31473009065559504511e-11	 1.98691814342247750339e-10	 4.42511540360550156635e-12	 5.37312220200076520744e-13	 5.36912335999198027358e-13	 5.37312116245350289183e-13	 
 3.16000000000000014211e+00	 1.75943681016953055506e-13	 1.66242873860541389241e-13	 1.81956118519131836463e-13	 1.38071919807879151705e-10	 1.57470657360793291632e-10	 1.07654062676907870818e-11	 8.22085159013262443909e-12	 4.65391665897575575912e-11	 4.17347110570007572764e-11	 1.63523109207908072308e-10	 3.63335102209802932669e-12	 4.01378460642649211189e-13	 4.01069482925722447458e-13	 4.01383298646748107072e-13	 
 3.18000000000000015987e+00	 1.28201466103177806345e-13	 1.21000715829587527545e-13	 1.32996172574041253270e-13	 1.10654680805596769920e-10	 1.27526500910928507510e-10	 7.30879358380938875011e-12	 5.85756242080771104788e-12	 3.57802200693878606835e-11	 3.20803934924555554231e-11	 1.32460835234995676901e-10	 2.94772450728755778597e-12	 2.92026054181748286502e-13	 2.91799407812431378014e-13	 2.92044196389458293829e-13	 
 3.19999999999999973355e+00	 9.44272270544562251494e-14	 8.90183527322384658941e-14	 9.81912033864575809919e-14	 8.89169324692562410680e-11	 1.03516924100117175177e-10	 5.05496344771545202577e-12	 4.22627521448791141127e-12	 2.76737561750623689580e-11	 2.48008460625759174859e-11	 1.07554975438822729234e-10	 2.40054039048704492501e-12	 2.14758850265587886865e-13	 2.14591300554310914938e-13	 2.14784132453553704782e-13	 
 3.22000000000000019540e+00	 6.84765423100132289860e-14	 6.42892101916959515779e-14	 7.12368706584164845148e-14	 7.02862257144023124887e-11	 8.27817244282991647595e-11	 3.43189949471943493603e-12	 2.98349766178657471884e-12	 2.10780193745338654779e-11	 1.88436655106639082997e-11	 8.60659448700280813791e-11	 1.93782628671380916664e-12	 1.55038609757141205066e-13	 1.54915769350662261887e-13	 1.55071630843024207541e-13	 
 3.24000000000000021316e+00	 4.82422372055327099405e-14	 4.49615373672739406555e-14	 5.02988935697992819351e-14	 5.42574877012507253144e-11	 6.47902428461102280300e-11	 2.25016072907343334791e-12	 2.02981447710017317449e-12	 1.56482962999984887800e-11	 1.39349099480565322989e-11	 6.74303550367602535740e-11	 1.54386323717455057205e-12	 1.08379527427156711258e-13	 1.08290883115093541201e-13	 1.08417895787245053592e-13	 
 3.25999999999999978684e+00	 3.39774201388966405548e-14	 3.15155255017609540648e-14	 3.61644346861312200035e-14	 4.15373386349749358755e-11	 5.02630702752660084109e-11	 1.50560163464933840920e-12	 1.39520044105298953384e-12	 1.15346563207650468508e-11	 1.02686962482862004287e-11	 5.23723392591907914088e-11	 1.23137232268976488614e-12	 7.59330757550118996249e-14	 7.58683037337744126388e-14	 7.59674163226624639624e-14	 
 3.28000000000000024869e+00	 2.36106992814003860639e-14	 2.16430139481497250741e-14	 2.54085068879384364115e-14	 3.12092033115127807734e-11	 3.83046005504165832745e-11	 9.89375600893732357128e-13	 9.42803337888347049624e-13	 8.33684900145020977076e-12	 7.40666192924524899590e-12	 3.99420372948299367646e-11	 9.77673784227728405104e-13	 5.21181090735230126969e-14	 5.20733002036198664368e-14	 5.21474095939858095904e-14	 
 3.29999999999999982236e+00	 1.59366479761282236371e-14	 1.43364504303835114334e-14	 1.70832509413025607072e-14	 2.27886193183435773454e-11	 2.84150276743035141390e-11	 6.27763000626877048049e-13	 6.17035573794677823914e-13	 5.83923713190284970022e-12	 5.16008704047142136412e-12	 2.96338076553934029635e-11	 7.67499247627452821830e-13	 3.45011302536668729469e-14	 3.44727731731939602370e-14	 3.45254486071471094069e-14	 
 3.31999999999999984013e+00	 1.06348322354591814210e-14	 9.56859915706714637395e-15	 1.13748321108553957023e-14	 1.65214950496401281686e-11	 2.08743072418890624968e-11	 4.09893274202785858620e-13	 4.11023228938596750917e-13	 4.08822789537964398885e-12	 3.58624666258656081934e-12	 2.17508318648735309410e-11	 5.99238312928392734154e-13	 2.30179516967145636665e-14	 2.30004051843331839945e-14	 2.30376535105089920893e-14	 
 3.34000000000000030198e+00	 6.90859934592013091470e-15	 6.22819907839360297856e-15	 7.37913561053656133326e-15	 1.17128757747259956680e-11	 1.49718092718285048976e-11	 2.63519189138785104649e-13	 2.69202994505067634317e-13	 2.80028207845975020657e-12	 2.44450247473085545121e-12	 1.55864673176775710315e-11	 4.61150664161121940004e-13	 1.49776243460805317803e-14	 1.49667600019604844761e-14	 1.49929373501361423107e-14	 
 3.36000000000000031974e+00	 4.29229610941551704224e-15	 3.87079867084531095243e-15	 4.58386698380791188183e-15	 8.01242824786750194451e-12	 1.03444054905716485332e-11	 1.64149164825598838004e-13	 1.70654948144580233167e-13	 1.84904253658939755208e-12	 1.61159896091106876745e-12	 1.07606629261053903565e-11	 3.44811073172299489418e-13	 9.30638137775537056351e-15	 9.29959423806238972544e-15	 9.31753054118136778475e-15	 
 3.37999999999999989342e+00	 2.71103320661501679865e-15	 2.43729193033288298958e-15	 2.90039376846269852759e-15	 5.51187184530224528716e-12	 7.14785731679353050959e-12	 1.06541461858139908525e-13	 1.11574605822887337008e-13	 1.24138404499618275129e-12	 1.07922574295164045566e-12	 7.43323705667922965159e-12	 2.48552675170330862231e-13	 5.85937665847260275986e-15	 5.85499898016660670298e-15	 5.86669716397099422941e-15	 
 3.39999999999999991118e+00	 1.64390052646762784376e-15	 1.46695374488048364808e-15	 1.76626046460482835828e-15	 3.72264227671039350212e-12	 4.84048737634792453941e-12	 6.86112309157836677016e-14	 7.20715617269471687247e-14	 8.15764217142998864955e-13	 7.09473195989440179416e-13	 5.03339891573606194165e-12	 1.72239253888292248803e-13	 3.52625632968517912456e-15	 3.52355222119805590390e-15	 3.53064648124163603653e-15	 
 3.42000000000000037303e+00	 9.13851405203332835352e-16	 8.01403007195342526805e-16	 9.91542741692010435293e-16	 2.43360546894854897110e-12	 3.16891281721827060890e-12	 4.32404031897208620889e-14	 4.53307664562698288490e-14	 5.14678485816632038212e-13	 4.50117560751369983580e-13	 3.29542557807971387750e-12	 1.12912204219707294115e-13	 1.92602153995470893688e-15	 1.92451602896608170938e-15	 1.92825205009896077726e-15	 
 3.43999999999999994671e+00	 4.80462244410443334714e-16	 4.06613730897845375577e-16	 5.31435712622073953481e-16	 1.60925990583228762156e-12	 2.10132099261510228726e-12	 2.80299945863776083975e-14	 2.92682489797082422022e-14	 3.28154401034695848725e-13	 2.89391300036904538833e-13	 2.18397508094680795039e-12	 7.39595041702701695785e-14	 9.76942784806760185281e-16	 9.76206925135420894164e-16	 9.77933774215737964394e-16	 
 3.45999999999999996447e+00	 1.88092189369102762578e-16	 1.53790261375649624542e-16	 2.11754826921686546622e-16	 7.49544022591541423424e-13	 9.80473052620168205669e-13	 1.29111540698424716038e-14	 1.34460773835821541096e-14	 1.49389485656490114152e-13	 1.32470748525468510288e-13	 1.01864630734291258091e-12	 3.42196424701034302982e-14	 3.69399332557502801969e-16	 3.69132974381294027064e-16	 3.69721645355107827157e-16	 
 3.48000000000000042633e+00	 1.23486216465693795601e-17	 1.00952502536268994748e-17	 1.39030708986744296741e-17	 4.92396983037426851896e-14	 6.44104642138107569249e-14	 8.48139529061954254506e-16	 8.83271163944479595477e-16	 9.81307897499088854508e-15	 8.70188342097767504306e-15	 6.69181051807612798868e-14	 2.24793745974929020580e-15	 2.42484440093582827646e-17	 2.42309626313873049588e-17	 2.42695876401517045151e-17	 
 3.50000000000000000000e+00	 7.59902138392719251841e-19	 6.21217981040318623554e-19	 8.55570965418616673694e-19	 3.03047184648787664694e-15	 3.96416589656929582173e-15	 5.21986063089575852551e-17	 5.43606789866675760418e-17	 6.03939429934063763600e-16	 5.35553671527263530722e-16	 4.11849851588334399767e-15	 1.38349352354261239347e-16	 1.49214388862030916311e-18	 1.49106820067188279593e-18	 1.49344479944688159807e-18	 
 3.52000000000000001776e+00	 4.44371250032606988831e-20	 3.63272113940169211968e-20	 5.00316062417790697479e-20	 1.77214650601270250538e-16	 2.31814822115921161076e-16	 3.05244771317638954386e-18	 3.17888035136048243263e-18	 3.53169042077937971157e-17	 3.13178743206972592449e-17	 2.40839818464351906097e-16	 8.09033398102542808482e-18	 8.72566923270966266215e-20	 8.71937889513365681359e-20	 8.73327660088530634168e-20	 
 3.54000000000000047962e+00	 2.47695638830616610232e-21	 2.02491304243201604533e-21	 2.78879055801218813843e-21	 9.87787060106794723860e-18	 1.29212589528092181583e-17	 1.70142367174190834998e-19	 1.77189727595150370193e-19	 1.96855430835012530164e-18	 1.74564847572267775093e-18	 1.34243089191245676455e-17	 4.50952145504663541993e-19	 4.86377054332723582035e-21	 4.86026422979258382196e-21	 4.86801105215215833285e-21	 
 3.56000000000000005329e+00	 1.31606410109016189491e-22	 1.07588714011742562740e-22	 1.48174597203310482822e-22	 5.24824955239826469451e-19	 6.86524285492177909767e-19	 9.03990921383611226790e-21	 9.41434791223633752210e-21	 1.04592240432586220321e-19	 9.27488719591396946205e-20	 7.13252047796889196803e-19	 2.39597268213359485462e-20	 2.58424348781798200238e-22	 2.58238048612385845181e-22	 2.58649661806936965638e-22	 
 3.58000000000000007105e+00	 6.66020884011407750832e-24	 5.44475811210985534967e-24	 7.49866627137546941241e-24	 2.65595317275965392003e-20	 3.47425583665082817285e-20	 4.57478087981120339884e-22	 4.76427191357995067069e-22	 5.29305000135940790042e-21	 4.69369670488956859033e-21	 3.60951563983395781609e-20	 1.21251736378410697331e-21	 1.30781198628569527124e-23	 1.30686917119861998235e-23	 1.30895224481946246638e-23	 
 3.60000000000000053291e+00	 3.20745537174558458333e-25	 2.62211650234138894465e-25	 3.61124116374359876532e-25	 1.27905840524260512987e-21	 1.67313788036724055014e-21	 2.20313154147194252020e-23	 2.29438719594748991834e-23	 2.54903795585256869181e-22	 2.26039972442245705726e-22	 1.73827654295414960015e-21	 5.83926286432093583707e-23	 6.29823283328856201875e-25	 6.29369236417134656084e-25	 6.30372419061777467274e-25	 
 3.62000000000000010658e+00	 1.46863171137972565376e-26	 1.20061731009161358838e-26	 1.65351676540638367861e-26	 5.85654006051741451526e-23	 7.66094703732765278460e-23	 1.00876791964938302764e-24	 1.05055202988103482216e-24	 1.16715149919343276138e-23	 1.03498994403856193723e-23	 7.95920335222832761897e-23	 2.67367627130537175090e-24	 2.88384112755774951486e-26	 2.88176213092791167296e-26	 2.88635552513619306381e-26	 
 3.63999999999999968026e+00	 6.38814568608717046100e-28	 5.22235859810638672607e-28	 7.19234355372511153466e-28	 2.54742974661385946862e-24	 3.33229583135426226367e-24	 4.38785642618522191316e-26	 4.56960566071304297088e-26	 5.07678099447216392521e-25	 4.50191512439792542819e-25	 3.46202892693985985027e-24	 1.16297384418547285378e-25	 1.25439242230901266908e-27	 1.25348811485923934185e-27	 1.25548611900555243550e-27	 
 3.65999999999999969802e+00	 2.63743563438617117991e-29	 2.15612452774560800260e-29	 2.96945969847263973327e-29	 1.05174111511494594789e-25	 1.37578377049563944592e-25	 1.81158647650656585439e-27	 1.88662415680871372301e-27	 2.09601852380965111039e-26	 1.85867722734667329885e-26	 1.42934585072460282250e-25	 4.80149629436685728067e-27	 5.17893634277744939275e-29	 5.17520278066827552488e-29	 5.18345182874901840339e-29	 
 3.68000000000000015987e+00	 1.03268449084318570380e-30	 8.44227845486228861679e-31	 1.16268801773016698302e-30	 4.11807660516089509265e-27	 5.38686075061254690838e-27	 7.09323996347866741484e-29	 7.38704893838849760780e-29	 8.20692967713660225788e-28	 7.27762321758755627326e-28	 5.59658227921178887276e-27	 1.88001872472734435832e-28	 2.02780600944535372965e-30	 2.02634413769077044938e-30	 2.02957404322571722880e-30	 
 3.70000000000000017764e+00	 3.83140829570799681158e-32	 3.13220715376429148153e-32	 4.31373999781305181415e-32	 1.52786538686133681498e-28	 1.99860246773133864672e-28	 2.63169363357280725977e-30	 2.74070098158625157617e-30	 3.04488851812235690335e-29	 2.70010248426429851348e-29	 2.07641215868998099555e-28	 6.97513872770958097540e-30	 7.52345297074154112426e-32	 7.51802921514705179462e-32	 7.53001263299768007419e-32	 
 3.71999999999999975131e+00	 1.34576556332734524873e-33	 1.10017422241980399456e-33	 1.51518246273370763352e-33	 5.36656029050458589610e-30	 7.02000367268185503025e-30	 9.24370875838981670386e-32	 9.62659231661469764750e-32	 1.06950377987742332868e-30	 9.48399189310548362140e-31	 7.29330680766316348231e-30	 2.44998695589178039815e-31	 2.64258033314947217960e-33	 2.64067526237371354354e-33	 2.64488438647025719220e-33	 
 3.74000000000000021316e+00	 4.47097188185480609273e-35	 3.65505569231150506588e-35	 5.03381742243802572300e-35	 1.78290627130290273629e-31	 2.33222173750256493292e-31	 3.07099249546019640994e-33	 3.19819604450330396440e-33	 3.55316051250666099498e-32	 3.15082060164847469697e-32	 2.42301991143970625634e-31	 8.13947273764438945919e-33	 8.77931703301911115064e-35	 8.77298790825902711582e-35	 8.78697167862425655762e-35	 
 3.76000000000000023093e+00	 1.40359316673194897994e-36	 1.14744877976455609787e-36	 1.58028990079890435826e-36	 5.59716107494208921413e-33	 7.32165281678744347301e-33	 9.64091044323504252441e-35	 1.00402465015707056530e-34	 1.11546030838556866345e-33	 9.89151856285198272555e-34	 7.60669977283985405982e-33	 2.55526276181452318164e-34	 2.75613218109903602344e-36	 2.75414524925397721573e-36	 2.75853523998496761844e-36	 
 3.77999999999999980460e+00	 4.15962629458887034450e-38	 3.40052819185451810590e-38	 4.68327686989362222728e-38	 1.65874973950683248234e-34	 2.16981243493317943737e-34	 2.85713730373036410527e-36	 2.97548276107570960040e-36	 3.30572852010334194440e-35	 2.93140641209210644049e-35	 2.25428768195813924878e-34	 7.57266297361400785483e-36	 8.16795080343947128465e-38	 8.16206242052796962061e-38	 8.17507240204653064817e-38	 
 3.80000000000000026645e+00	 1.16248605714731478117e-39	 9.50341770541264772135e-40	 1.30883009006187653083e-39	 4.63568910038231812744e-36	 6.06395022353563398938e-36	 7.98480925044564908419e-38	 8.31554796021509052490e-38	 9.23848204518673945957e-37	 8.19236828842545208026e-37	 6.30003223923098989557e-36	 2.11632354068730879663e-37	 2.28268797975286630278e-39	 2.28104236003142256127e-39	 2.28467824488534339410e-39	 
 3.82000000000000028422e+00	 3.06031058448489345149e-41	 2.50182870114845633721e-41	 3.44556956282461892098e-41	 1.22037148421642060293e-37	 1.59636933666596974080e-37	 2.10204638578719678022e-39	 2.18911522975348137907e-39	 2.43208287012670179787e-38	 2.15668748173754681113e-38	 1.65851926814654831840e-37	 5.57134191906943240185e-39	 6.00930578933826763081e-41	 6.00497360192549745584e-41	 6.01454527539689369696e-41	 
 3.83999999999999985789e+00	 7.58029913386878285808e-43	 6.19695597103900074541e-43	 8.53457426706835018397e-43	 3.02282419373696200765e-39	 3.95415979091678667651e-39	 5.20670693697385399865e-41	 5.42237389724988121761e-41	 6.02419758160504952174e-40	 5.34205132157174730171e-40	 4.10810333923353936128e-39	 1.38000497096157495745e-40	 1.48848733632959584011e-42	 1.48741426627218548902e-42	 1.48978514159146741048e-42	 
 3.86000000000000031974e+00	 1.76449754521458046616e-44	 1.44249104308265070068e-44	 1.98662810975709442999e-44	 7.03635273805517522788e-41	 9.20426107762040069850e-41	 1.21198668098381920911e-42	 1.26218837022173562667e-42	 1.40227735533758449131e-41	 1.24349135254669480261e-41	 9.56260183394427871553e-41	 3.21229457434741918841e-42	 3.46481346719450236964e-44	 3.46231563768803890424e-44	 3.46783442212697915781e-44	 
 3.87999999999999989342e+00	 3.85486574377583766935e-46	 3.15138398766530303933e-46	 4.34015035323757526530e-46	 1.53721920142105278544e-42	 2.01083819840504648910e-42	 2.64780528702297335063e-44	 2.75748000570193750016e-44	 3.06352986717608766475e-43	 2.71663297090581769705e-43	 2.08912425253418070311e-42	 7.01784160699034546505e-44	 7.56951506435099946378e-46	 7.56405810158300198166e-46	 7.57611488974934146071e-46	 
 3.89999999999999991118e+00	 0.00000000000000000000e+00	 0.00000000000000000000e+00	 0.00000000000000000000e+00	 3.14761985898240260060e-44	 4.11740514334455629293e-44	 5.42166302471011026069e-46	 5.64623367964039666083e-46	 6.27290333222424288907e-45	 5.56259503038469290254e-45	 4.27770416800697029166e-44	 1.43697773163795588210e-45	 0.00000000000000000000e+00	 0.00000000000000000000e+00	 0.00000000000000000000e+00	 
 3.91999999999999948486e+00	 0.00000000000000000000e+00	 0.00000000000000000000e+00	 0.00000000000000000000e+00	 6.03188195303786474480e-46	 7.89031169253765019496e-46	 0.00000000000000000000e+00	 0.00000000000000000000e+00	 1.20209599976855992482e-46	 1.06597740787517511311e-46	 8.19749770525788722354e-46	 0.00000000000000000000e+00	 0.00000000000000000000e+00	 0.00000000000000000000e+00	 0.00000000000000000000e+00	 
 3.93999999999999994671e+00	 0.00000000000000000000e+00	 0.00000000000000000000e+00	 0.00000000000000000000e+00	 0.00000000000000000000e+00	 0.00000000000000000000e+00	 0.00000000000000000000e+00	 0.00000000000000000000e+00	 0.00000000000000000000e+00	 0.00000000000000000000e+00	 0.00000000000000000000e+00	 0.00000000000000000000e+00	 0.00000000000000000000e+00	 0.00000000000000000000e+00	 0.00000000000000000000e+00	 
 3.95999999999999996447e+00	 0.00000000000000000000e+00	 0.00000000000000000000e+00	 0.00000000000000000000e+00	 0.00000000000000000000e+00	 0.00000000000000000000e+00	 0.00000000000000000000e+00	 0.00000000000000000000e+00	 0.00000000000000000000e+00	 0.00000000000000000000e+00	 0.00000000000000000000e+00	 0.00000000000000000000e+00	 0.00000000000000000000e+00	 0.00000000000000000000e+00	 0.00000000000000000000e+00	 
 3.97999999999999953815e+00	 0.00000000000000000000e+00	 0.00000000000000000000e+00	 0.00000000000000000000e+00	 0.00000000000000000000e+00	 0.00000000000000000000e+00	 0.00000000000000000000e+00	 0.00000000000000000000e+00	 0.00000000000000000000e+00	 0.00000000000000000000e+00	 0.00000000000000000000e+00	 0.00000000000000000000e+00	 0.00000000000000000000e+00	 0.00000000000000000000e+00	 0.00000000000000000000e+00	 
 4.00000000000000000000e+00	 0.00000000000000000000e+00	 0.00000000000000000000e+00	 0.00000000000000000000e+00	 0.00000000000000000000e+00	 0.00000000000000000000e+00	 0.00000000000000000000e+00	 0.00000000000000000000e+00	 0.00000000000000000000e+00	 0.00000000000000000000e+00	 0.00000000000000000000e+00	 0.00000000000000000000e+00	 0.00000000000000000000e+00	 0.00000000000000000000e+00	 0.00000000000000000000e+00	 
 4.01999999999999957367e+00	 0.00000000000000000000e+00	 0.00000000000000000000e+00	 0.00000000000000000000e+00	 0.00000000000000000000e+00	 0.00000000000000000000e+00	 0.00000000000000000000e+00	 0.00000000000000000000e+00	 0.00000000000000000000e+00	 0.00000000000000000000e+00	 0.00000000000000000000e+00	 0.00000000000000000000e+00	 0.00000000000000000000e+00	 0.00000000000000000000e+00	 0.00000000000000000000e+00	 
 4.04000000000000003553e+00	 0.00000000000000000000e+00	 0.00000000000000000000e+00	 0.00000000000000000000e+00	 0.00000000000000000000e+00	 0.00000000000000000000e+00	 0.00000000000000000000e+00	 0.00000000000000000000e+00	 0.00000000000000000000e+00	 0.00000000000000000000e+00	 0.00000000000000000000e+00	 0.00000000000000000000e+00	 0.00000000000000000000e+00	 0.00000000000000000000e+00	 0.00000000000000000000e+00	 
 4.06000000000000049738e+00	 0.00000000000000000000e+00	 0.00000000000000000000e+00	 0.00000000000000000000e+00	 0.00000000000000000000e+00	 0.00000000000000000000e+00	 0.00000000000000000000e+00	 0.00000000000000000000e+00	 0.00000000000000000000e+00	 0.00000000000000000000e+00	 0.00000000000000000000e+00	 0.00000000000000000000e+00	 0.00000000000000000000e+00	 0.00000000000000000000e+00	 0.00000000000000000000e+00	 
 4.08000000000000007105e+00	 0.00000000000000000000e+00	 0.00000000000000000000e+00	 0.00000000000000000000e+00	 0.00000000000000000000e+00	 0.00000000000000000000e+00	 0.00000000000000000000e+00	 0.00000000000000000000e+00	 0.00000000000000000000e+00	 0.00000000000000000000e+00	 0.00000000000000000000e+00	 0.00000000000000000000e+00	 0.00000000000000000000e+00	 0.00000000000000000000e+00	 0.00000000000000000000e+00	 
 4.09999999999999964473e+00	 0.00000000000000000000e+00	 0.00000000000000000000e+00	 0.00000000000000000000e+00	 0.00000000000000000000e+00	 0.00000000000000000000e+00	 0.00000000000000000000e+00	 0.00000000000000000000e+00	 0.00000000000000000000e+00	 0.00000000000000000000e+00	 0.00000000000000000000e+00	 0.00000000000000000000e+00	 0.00000000000000000000e+00	 0.00000000000000000000e+00	 0.00000000000000000000e+00	 
 4.12000000000000010658e+00	 0.00000000000000000000e+00	 0.00000000000000000000e+00	 0.00000000000000000000e+00	 0.00000000000000000000e+00	 0.00000000000000000000e+00	 0.00000000000000000000e+00	 0.00000000000000000000e+00	 0.00000000000000000000e+00	 0.00000000000000000000e+00	 0.00000000000000000000e+00	 0.00000000000000000000e+00	 0.00000000000000000000e+00	 0.00000000000000000000e+00	 0.00000000000000000000e+00	 
 4.14000000000000056843e+00	 0.00000000000000000000e+00	 0.00000000000000000000e+00	 0.00000000000000000000e+00	 0.00000000000000000000e+00	 0.00000000000000000000e+00	 0.00000000000000000000e+00	 0.00000000000000000000e+00	 0.00000000000000000000e+00	 0.00000000000000000000e+00	 0.00000000000000000000e+00	 0.00000000000000000000e+00	 0.00000000000000000000e+00	 0.00000000000000000000e+00	 0.00000000000000000000e+00	 
 4.16000000000000014211e+00	 0.00000000000000000000e+00	 0.00000000000000000000e+00	 0.00000000000000000000e+00	 0.00000000000000000000e+00	 0.00000000000000000000e+00	 0.00000000000000000000e+00	 0.00000000000000000000e+00	 0.00000000000000000000e+00	 0.00000000000000000000e+00	 0.00000000000000000000e+00	 0.00000000000000000000e+00	 0.00000000000000000000e+00	 0.00000000000000000000e+00	 0.00000000000000000000e+00	 
 4.17999999999999971578e+00	 0.00000000000000000000e+00	 0.00000000000000000000e+00	 0.00000000000000000000e+00	 0.00000000000000000000e+00	 0.00000000000000000000e+00	 0.00000000000000000000e+00	 0.00000000000000000000e+00	 0.00000000000000000000e+00	 0.00000000000000000000e+00	 0.00000000000000000000e+00	 0.00000000000000000000e+00	 0.00000000000000000000e+00	 0.00000000000000000000e+00	 0.00000000000000000000e+00	 
 4.20000000000000017764e+00	 0.00000000000000000000e+00	 0.00000000000000000000e+00	 0.00000000000000000000e+00	 0.00000000000000000000e+00	 0.00000000000000000000e+00	 0.00000000000000000000e+00	 0.00000000000000000000e+00	 0.00000000000000000000e+00	 0.00000000000000000000e+00	 0.00000000000000000000e+00	 0.00000000000000000000e+00	 0.00000000000000000000e+00	 0.00000000000000000000e+00	 0.00000000000000000000e+00	 
 4.21999999999999975131e+00	 0.00000000000000000000e+00	 0.00000000000000000000e+00	 0.00000000000000000000e+00	 0.00000000000000000000e+00	 0.00000000000000000000e+00	 0.00000000000000000000e+00	 0.00000000000000000000e+00	 0.00000000000000000000e+00	 0.00000000000000000000e+00	 0.00000000000000000000e+00	 0.00000000000000000000e+00	 0.00000000000000000000e+00	 0.00000000000000000000e+00	 0.00000000000000000000e+00	 
 4.24000000000000021316e+00	 0.00000000000000000000e+00	 0.00000000000000000000e+00	 0.00000000000000000000e+00	 0.00000000000000000000e+00	 0.00000000000000000000e+00	 0.00000000000000000000e+00	 0.00000000000000000000e+00	 0.00000000000000000000e+00	 0.00000000000000000000e+00	 0.00000000000000000000e+00	 0.00000000000000000000e+00	 0.00000000000000000000e+00	 0.00000000000000000000e+00	 0.00000000000000000000e+00	 
 4.25999999999999978684e+00	 0.00000000000000000000e+00	 0.00000000000000000000e+00	 0.00000000000000000000e+00	 0.00000000000000000000e+00	 0.00000000000000000000e+00	 0.00000000000000000000e+00	 0.00000000000000000000e+00	 0.00000000000000000000e+00	 0.00000000000000000000e+00	 0.00000000000000000000e+00	 0.00000000000000000000e+00	 0.00000000000000000000e+00	 0.00000000000000000000e+00	 0.00000000000000000000e+00	 
 4.28000000000000024869e+00	 0.00000000000000000000e+00	 0.00000000000000000000e+00	 0.00000000000000000000e+00	 0.00000000000000000000e+00	 0.00000000000000000000e+00	 0.00000000000000000000e+00	 0.00000000000000000000e+00	 0.00000000000000000000e+00	 0.00000000000000000000e+00	 0.00000000000000000000e+00	 0.00000000000000000000e+00	 0.00000000000000000000e+00	 0.00000000000000000000e+00	 0.00000000000000000000e+00	 
 4.29999999999999982236e+00	 0.00000000000000000000e+00	 0.00000000000000000000e+00	 0.00000000000000000000e+00	 0.00000000000000000000e+00	 0.00000000000000000000e+00	 0.00000000000000000000e+00	 0.00000000000000000000e+00	 0.00000000000000000000e+00	 0.00000000000000000000e+00	 0.00000000000000000000e+00	 0.00000000000000000000e+00	 0.00000000000000000000e+00	 0.00000000000000000000e+00	 0.00000000000000000000e+00	 
 4.32000000000000028422e+00	 0.00000000000000000000e+00	 0.00000000000000000000e+00	 0.00000000000000000000e+00	 0.00000000000000000000e+00	 0.00000000000000000000e+00	 0.00000000000000000000e+00	 0.00000000000000000000e+00	 0.00000000000000000000e+00	 0.00000000000000000000e+00	 0.00000000000000000000e+00	 0.00000000000000000000e+00	 0.00000000000000000000e+00	 0.00000000000000000000e+00	 0.00000000000000000000e+00	 
 4.33999999999999985789e+00	 0.00000000000000000000e+00	 0.00000000000000000000e+00	 0.00000000000000000000e+00	 0.00000000000000000000e+00	 0.00000000000000000000e+00	 0.00000000000000000000e+00	 0.00000000000000000000e+00	 0.00000000000000000000e+00	 0.00000000000000000000e+00	 0.00000000000000000000e+00	 0.00000000000000000000e+00	 0.00000000000000000000e+00	 0.00000000000000000000e+00	 0.00000000000000000000e+00	 
 4.36000000000000031974e+00	 0.00000000000000000000e+00	 0.00000000000000000000e+00	 0.00000000000000000000e+00	 0.00000000000000000000e+00	 0.00000000000000000000e+00	 0.00000000000000000000e+00	 0.00000000000000000000e+00	 0.00000000000000000000e+00	 0.00000000000000000000e+00	 0.00000000000000000000e+00	 0.00000000000000000000e+00	 0.00000000000000000000e+00	 0.00000000000000000000e+00	 0.00000000000000000000e+00	 
 4.37999999999999989342e+00	 0.00000000000000000000e+00	 0.00000000000000000000e+00	 0.00000000000000000000e+00	 0.00000000000000000000e+00	 0.00000000000000000000e+00	 0.00000000000000000000e+00	 0.00000000000000000000e+00	 0.00000000000000000000e+00	 0.00000000000000000000e+00	 0.00000000000000000000e+00	 0.00000000000000000000e+00	 0.00000000000000000000e+00	 0.00000000000000000000e+00	 0.00000000000000000000e+00	 
 4.40000000000000035527e+00	 0.00000000000000000000e+00	 0.00000000000000000000e+00	 0.00000000000000000000e+00	 0.00000000000000000000e+00	 0.00000000000000000000e+00	 0.00000000000000000000e+00	 0.00000000000000000000e+00	 0.00000000000000000000e+00	 0.00000000000000000000e+00	 0.00000000000000000000e+00	 0.00000000000000000000e+00	 0.00000000000000000000e+00	 0.00000000000000000000e+00	 0.00000000000000000000e+00	 
 4.41999999999999992895e+00	 0.00000000000000000000e+00	 0.00000000000000000000e+00	 0.00000000000000000000e+00	 0.00000000000000000000e+00	 0.00000000000000000000e+00	 0.00000000000000000000e+00	 0.00000000000000000000e+00	 0.00000000000000000000e+00	 0.00000000000000000000e+00	 0.00000000000000000000e+00	 0.00000000000000000000e+00	 0.00000000000000000000e+00	 0.00000000000000000000e+00	 0.00000000000000000000e+00	 
 4.43999999999999950262e+00	 0.00000000000000000000e+00	 0.00000000000000000000e+00	 0.00000000000000000000e+00	 0.00000000000000000000e+00	 0.00000000000000000000e+00	 0.00000000000000000000e+00	 0.00000000000000000000e+00	 0.00000000000000000000e+00	 0.00000000000000000000e+00	 0.00000000000000000000e+00	 0.00000000000000000000e+00	 0.00000000000000000000e+00	 0.00000000000000000000e+00	 0.00000000000000000000e+00	 
 4.45999999999999996447e+00	 0.00000000000000000000e+00	 0.00000000000000000000e+00	 0.00000000000000000000e+00	 0.00000000000000000000e+00	 0.00000000000000000000e+00	 0.00000000000000000000e+00	 0.00000000000000000000e+00	 0.00000000000000000000e+00	 0.00000000000000000000e+00	 0.00000000000000000000e+00	 0.00000000000000000000e+00	 0.00000000000000000000e+00	 0.00000000000000000000e+00	 0.00000000000000000000e+00	 
 4.47999999999999953815e+00	 0.00000000000000000000e+00	 0.00000000000000000000e+00	 0.00000000000000000000e+00	 0.00000000000000000000e+00	 0.00000000000000000000e+00	 0.00000000000000000000e+00	 0.00000000000000000000e+00	 0.00000000000000000000e+00	 0.00000000000000000000e+00	 0.00000000000000000000e+00	 0.00000000000000000000e+00	 0.00000000000000000000e+00	 0.00000000000000000000e+00	 0.00000000000000000000e+00	 
 4.50000000000000000000e+00	 0.00000000000000000000e+00	 0.00000000000000000000e+00	 0.00000000000000000000e+00	 0.00000000000000000000e+00	 0.00000000000000000000e+00	 0.00000000000000000000e+00	 0.00000000000000000000e+00	 0.00000000000000000000e+00	 0.00000000000000000000e+00	 0.00000000000000000000e+00	 0.00000000000000000000e+00	 0.00000000000000000000e+00	 0.00000000000000000000e+00	 0.00000000000000000000e+00	 
 4.52000000000000046185e+00	 0.00000000000000000000e+00	 0.00000000000000000000e+00	 0.00000000000000000000e+00	 0.00000000000000000000e+00	 0.00000000000000000000e+00	 0.00000000000000000000e+00	 0.00000000000000000000e+00	 0.00000000000000000000e+00	 0.00000000000000000000e+00	 0.00000000000000000000e+00	 0.00000000000000000000e+00	 0.00000000000000000000e+00	 0.00000000000000000000e+00	 0.00000000000000000000e+00	 
 4.54000000000000003553e+00	 0.00000000000000000000e+00	 0.00000000000000000000e+00	 0.00000000000000000000e+00	 0.00000000000000000000e+00	 0.00000000000000000000e+00	 0.00000000000000000000e+00	 0.00000000000000000000e+00	 0.00000000000000000000e+00	 0.00000000000000000000e+00	 0.00000000000000000000e+00	 0.00000000000000000000e+00	 0.00000000000000000000e+00	 0.00000000000000000000e+00	 0.00000000000000000000e+00	 
 4.55999999999999960920e+00	 0.00000000000000000000e+00	 0.00000000000000000000e+00	 0.00000000000000000000e+00	 0.00000000000000000000e+00	 0.00000000000000000000e+00	 0.00000000000000000000e+00	 0.00000000000000000000e+00	 0.00000000000000000000e+00	 0.00000000000000000000e+00	 0.00000000000000000000e+00	 0.00000000000000000000e+00	 0.00000000000000000000e+00	 0.00000000000000000000e+00	 0.00000000000000000000e+00	 
 4.58000000000000007105e+00	 0.00000000000000000000e+00	 0.00000000000000000000e+00	 0.00000000000000000000e+00	 0.00000000000000000000e+00	 0.00000000000000000000e+00	 0.00000000000000000000e+00	 0.00000000000000000000e+00	 0.00000000000000000000e+00	 0.00000000000000000000e+00	 0.00000000000000000000e+00	 0.00000000000000000000e+00	 0.00000000000000000000e+00	 0.00000000000000000000e+00	 0.00000000000000000000e+00	 
 4.60000000000000053291e+00	 0.00000000000000000000e+00	 0.00000000000000000000e+00	 0.00000000000000000000e+00	 0.00000000000000000000e+00	 0.00000000000000000000e+00	 0.00000000000000000000e+00	 0.00000000000000000000e+00	 0.00000000000000000000e+00	 0.00000000000000000000e+00	 0.00000000000000000000e+00	 0.00000000000000000000e+00	 0.00000000000000000000e+00	 0.00000000000000000000e+00	 0.00000000000000000000e+00	 
 4.62000000000000010658e+00	 0.00000000000000000000e+00	 0.00000000000000000000e+00	 0.00000000000000000000e+00	 0.00000000000000000000e+00	 0.00000000000000000000e+00	 0.00000000000000000000e+00	 0.00000000000000000000e+00	 0.00000000000000000000e+00	 0.00000000000000000000e+00	 0.00000000000000000000e+00	 0.00000000000000000000e+00	 0.00000000000000000000e+00	 0.00000000000000000000e+00	 0.00000000000000000000e+00	 
 4.63999999999999968026e+00	 0.00000000000000000000e+00	 0.00000000000000000000e+00	 0.00000000000000000000e+00	 0.00000000000000000000e+00	 0.00000000000000000000e+00	 0.00000000000000000000e+00	 0.00000000000000000000e+00	 0.00000000000000000000e+00	 0.00000000000000000000e+00	 0.00000000000000000000e+00	 0.00000000000000000000e+00	 0.00000000000000000000e+00	 0.00000000000000000000e+00	 0.00000000000000000000e+00	 
 4.66000000000000014211e+00	 0.00000000000000000000e+00	 0.00000000000000000000e+00	 0.00000000000000000000e+00	 0.00000000000000000000e+00	 0.00000000000000000000e+00	 0.00000000000000000000e+00	 0.00000000000000000000e+00	 0.00000000000000000000e+00	 0.00000000000000000000e+00	 0.00000000000000000000e+00	 0.00000000000000000000e+00	 0.00000000000000000000e+00	 0.00000000000000000000e+00	 0.00000000000000000000e+00	 
 4.67999999999999971578e+00	 0.00000000000000000000e+00	 0.00000000000000000000e+00	 0.00000000000000000000e+00	 0.00000000000000000000e+00	 0.00000000000000000000e+00	 0.00000000000000000000e+00	 0.00000000000000000000e+00	 0.00000000000000000000e+00	 0.00000000000000000000e+00	 0.00000000000000000000e+00	 0.00000000000000000000e+00	 0.00000000000000000000e+00	 0.00000000000000000000e+00	 0.00000000000000000000e+00	 
 4.69999999999999928946e+00	 0.00000000000000000000e+00	 0.00000000000000000000e+00	 0.00000000000000000000e+00	 0.00000000000000000000e+00	 0.00000000000000000000e+00	 0.00000000000000000000e+00	 0.00000000000000000000e+00	 0.00000000000000000000e+00	 0.00000000000000000000e+00	 0.00000000000000000000e+00	 0.00000000000000000000e+00	 0.00000000000000000000e+00	 0.00000000000000000000e+00	 0.00000000000000000000e+00	 
 4.72000000000000063949e+00	 0.00000000000000000000e+00	 0.00000000000000000000e+00	 0.00000000000000000000e+00	 0.00000000000000000000e+00	 0.00000000000000000000e+00	 0.00000000000000000000e+00	 0.00000000000000000000e+00	 0.00000000000000000000e+00	 0.00000000000000000000e+00	 0.00000000000000000000e+00	 0.00000000000000000000e+00	 0.00000000000000000000e+00	 0.00000000000000000000e+00	 0.00000000000000000000e+00	 
 4.74000000000000021316e+00	 0.00000000000000000000e+00	 0.00000000000000000000e+00	 0.00000000000000000000e+00	 0.00000000000000000000e+00	 0.00000000000000000000e+00	 0.00000000000000000000e+00	 0.00000000000000000000e+00	 0.00000000000000000000e+00	 0.00000000000000000000e+00	 0.00000000000000000000e+00	 0.00000000000000000000e+00	 0.00000000000000000000e+00	 0.00000000000000000000e+00	 0.00000000000000000000e+00	 
 4.75999999999999978684e+00	 0.00000000000000000000e+00	 0.00000000000000000000e+00	 0.00000000000000000000e+00	 0.00000000000000000000e+00	 0.00000000000000000000e+00	 0.00000000000000000000e+00	 0.00000000000000000000e+00	 0.00000000000000000000e+00	 0.00000000000000000000e+00	 0.00000000000000000000e+00	 0.00000000000000000000e+00	 0.00000000000000000000e+00	 0.00000000000000000000e+00	 0.00000000000000000000e+00	 
 4.78000000000000024869e+00	 0.00000000000000000000e+00	 0.00000000000000000000e+00	 0.00000000000000000000e+00	 0.00000000000000000000e+00	 0.00000000000000000000e+00	 0.00000000000000000000e+00	 0.00000000000000000000e+00	 0.00000000000000000000e+00	 0.00000000000000000000e+00	 0.00000000000000000000e+00	 0.00000000000000000000e+00	 0.00000000000000000000e+00	 0.00000000000000000000e+00	 0.00000000000000000000e+00	 
 4.79999999999999982236e+00	 0.00000000000000000000e+00	 0.00000000000000000000e+00	 0.00000000000000000000e+00	 0.00000000000000000000e+00	 0.00000000000000000000e+00	 0.00000000000000000000e+00	 0.00000000000000000000e+00	 0.00000000000000000000e+00	 0.00000000000000000000e+00	 0.00000000000000000000e+00	 0.00000000000000000000e+00	 0.00000000000000000000e+00	 0.00000000000000000000e+00	 0.00000000000000000000e+00	 
 4.81999999999999939604e+00	 0.00000000000000000000e+00	 0.00000000000000000000e+00	 0.00000000000000000000e+00	 0.00000000000000000000e+00	 0.00000000000000000000e+00	 0.00000000000000000000e+00	 0.00000000000000000000e+00	 0.00000000000000000000e+00	 0.00000000000000000000e+00	 0.00000000000000000000e+00	 0.00000000000000000000e+00	 0.00000000000000000000e+00	 0.00000000000000000000e+00	 0.00000000000000000000e+00	 
 4.84000000000000074607e+00	 0.00000000000000000000e+00	 0.00000000000000000000e+00	 0.00000000000000000000e+00	 0.00000000000000000000e+00	 0.00000000000000000000e+00	 0.00000000000000000000e+00	 0.00000000000000000000e+00	 0.00000000000000000000e+00	 0.00000000000000000000e+00	 0.00000000000000000000e+00	 0.00000000000000000000e+00	 0.00000000000000000000e+00	 0.00000000000000000000e+00	 0.00000000000000000000e+00	 
 4.86000000000000031974e+00	 0.00000000000000000000e+00	 0.00000000000000000000e+00	 0.00000000000000000000e+00	 0.00000000000000000000e+00	 0.00000000000000000000e+00	 0.00000000000000000000e+00	 0.00000000000000000000e+00	 0.00000000000000000000e+00	 0.00000000000000000000e+00	 0.00000000000000000000e+00	 0.00000000000000000000e+00	 0.00000000000000000000e+00	 0.00000000000000000000e+00	 0.00000000000000000000e+00	 
 4.87999999999999989342e+00	 0.00000000000000000000e+00	 0.00000000000000000000e+00	 0.00000000000000000000e+00	 0.00000000000000000000e+00	 0.00000000000000000000e+00	 0.00000000000000000000e+00	 0.00000000000000000000e+00	 0.00000000000000000000e+00	 0.00000000000000000000e+00	 0.00000000000000000000e+00	 0.00000000000000000000e+00	 0.00000000000000000000e+00	 0.00000000000000000000e+00	 0.00000000000000000000e+00	 
 4.89999999999999946709e+00	 0.00000000000000000000e+00	 0.00000000000000000000e+00	 0.00000000000000000000e+00	 0.00000000000000000000e+00	 0.00000000000000000000e+00	 0.00000000000000000000e+00	 0.00000000000000000000e+00	 0.00000000000000000000e+00	 0.00000000000000000000e+00	 0.00000000000000000000e+00	 0.00000000000000000000e+00	 0.00000000000000000000e+00	 0.00000000000000000000e+00	 0.00000000000000000000e+00	 
 4.91999999999999992895e+00	 0.00000000000000000000e+00	 0.00000000000000000000e+00	 0.00000000000000000000e+00	 0.00000000000000000000e+00	 0.00000000000000000000e+00	 0.00000000000000000000e+00	 0.00000000000000000000e+00	 0.00000000000000000000e+00	 0.00000000000000000000e+00	 0.00000000000000000000e+00	 0.00000000000000000000e+00	 0.00000000000000000000e+00	 0.00000000000000000000e+00	 0.00000000000000000000e+00	 
 4.93999999999999950262e+00	 0.00000000000000000000e+00	 0.00000000000000000000e+00	 0.00000000000000000000e+00	 0.00000000000000000000e+00	 0.00000000000000000000e+00	 0.00000000000000000000e+00	 0.00000000000000000000e+00	 0.00000000000000000000e+00	 0.00000000000000000000e+00	 0.00000000000000000000e+00	 0.00000000000000000000e+00	 0.00000000000000000000e+00	 0.00000000000000000000e+00	 0.00000000000000000000e+00	 
 4.95999999999999996447e+00	 0.00000000000000000000e+00	 0.00000000000000000000e+00	 0.00000000000000000000e+00	 0.00000000000000000000e+00	 0.00000000000000000000e+00	 0.00000000000000000000e+00	 0.00000000000000000000e+00	 0.00000000000000000000e+00	 0.00000000000000000000e+00	 0.00000000000000000000e+00	 0.00000000000000000000e+00	 0.00000000000000000000e+00	 0.00000000000000000000e+00	 0.00000000000000000000e+00	 
 4.98000000000000042633e+00	 0.00000000000000000000e+00	 0.00000000000000000000e+00	 0.00000000000000000000e+00	 0.00000000000000000000e+00	 0.00000000000000000000e+00	 0.00000000000000000000e+00	 0.00000000000000000000e+00	 0.00000000000000000000e+00	 0.00000000000000000000e+00	 0.00000000000000000000e+00	 0.00000000000000000000e+00	 0.00000000000000000000e+00	 0.00000000000000000000e+00	 0.00000000000000000000e+00	 
 5.00000000000000000000e+00	 0.00000000000000000000e+00	 0.00000000000000000000e+00	 0.00000000000000000000e+00	 0.00000000000000000000e+00	 0.00000000000000000000e+00	 0.00000000000000000000e+00	 0.00000000000000000000e+00	 0.00000000000000000000e+00	 0.00000000000000000000e+00	 0.00000000000000000000e+00	 0.00000000000000000000e+00	 0.00000000000000000000e+00	 0.00000000000000000000e+00	 0.00000000000000000000e+00	 
