 -1.00000000000000000000e+00	 2.03233205367704499917e-07	 0.00000000000000000000e+00	 1.94330134578638358756e-07	 1.16548864222450823669e-02	 1.16500145070343435333e-02	 1.14243530741192332589e-02	 0.00000000000000000000e+00	 8.14990541657113244656e-03	 9.99003720250769833289e-03	 1.16455017193214417637e-02	 4.38717107086879522210e-07	 0.00000000000000000000e+00	 0.00000000000000000000e+00	 0.00000000000000000000e+00	 
 -9.79999999999999982236e-01	 2.07704952590952153704e-07	 0.00000000000000000000e+00	 1.99292183972758296627e-07	 1.18569607162670835609e-02	 1.18523909745953132805e-02	 1.16226918479825636066e-02	 0.00000000000000000000e+00	 8.32065786529231216084e-03	 1.01871255952294612057e-02	 1.18474743118015205662e-02	 4.46031572955526448576e-07	 0.00000000000000000000e+00	 0.00000000000000000000e+00	 0.00000000000000000000e+00	 
 -9.59999999999999964473e-01	 2.12233632477011112314e-07	 0.00000000000000000000e+00	 2.04351649814980161429e-07	 1.20606127965537310298e-02	 1.20563563957420682993e-02	 1.18225824100701808195e-02	 0.00000000000000000000e+00	 8.49371981564605964266e-03	 1.03865367551608731023e-02	 1.20510207406722084228e-02	 4.53398014048105878705e-07	 0.00000000000000000000e+00	 0.00000000000000000000e+00	 0.00000000000000000000e+00	 
 -9.39999999999999946709e-01	 2.16800589536767136063e-07	 0.00000000000000000000e+00	 2.09512479585286367006e-07	 1.22655020840424285739e-02	 1.22615664683364544718e-02	 1.20236850494656929283e-02	 0.00000000000000000000e+00	 8.66892078009279774820e-03	 1.05880245174309762374e-02	 1.22557946941280367092e-02	 4.60808075694508531907e-07	 0.00000000000000000000e+00	 0.00000000000000000000e+00	 0.00000000000000000000e+00	 
 -9.19999999999999928946e-01	 2.21392678514689114038e-07	 0.00000000000000000000e+00	 2.14773913408637721264e-07	 1.24712666392717917013e-02	 1.24676567665598665019e-02	 1.22256401010585758621e-02	 0.00000000000000000000e+00	 8.84607373539273052210e-03	 1.07913193453106574099e-02	 1.24614318199915766194e-02	 4.68253074793233551650e-07	 0.00000000000000000000e+00	 0.00000000000000000000e+00	 0.00000000000000000000e+00	 
 -9.00000000000000022204e-01	 2.26002517683926413912e-07	 0.00000000000000000000e+00	 2.20130130287617787815e-07	 1.26775222443695958358e-02	 1.26742418693766862453e-02	 1.24280670704894034839e-02	 0.00000000000000000000e+00	 9.02497425469397755726e-03	 1.09961270704992016001e-02	 1.26675489765888053123e-02	 4.75724008026262846785e-07	 0.00000000000000000000e+00	 0.00000000000000000000e+00	 0.00000000000000000000e+00	 
 -8.80000000000000115463e-01	 2.30622068484468402588e-07	 0.00000000000000000000e+00	 2.25571805837933891576e-07	 1.28838581406631996068e-02	 1.28809095515547457345e-02	 1.26305588755986613475e-02	 0.00000000000000000000e+00	 9.20539889940018458969e-03	 1.12021276636014525258e-02	 1.28737367476057708998e-02	 4.83211563107221244448e-07	 0.00000000000000000000e+00	 0.00000000000000000000e+00	 0.00000000000000000000e+00	 
 -8.59999999999999986677e-01	 2.35254187595409885800e-07	 0.00000000000000000000e+00	 2.31087741079938388193e-07	 1.30898431149203200996e-02	 1.30872225352098650597e-02	 1.28326881940671235632e-02	 0.00000000000000000000e+00	 9.38710746824366303043e-03	 1.14089814009150879170e-02	 1.30795650351844521680e-02	 4.90706133257004440148e-07	 0.00000000000000000000e+00	 0.00000000000000000000e+00	 0.00000000000000000000e+00	 
 -8.40000000000000079936e-01	 2.39913038165754862872e-07	 0.00000000000000000000e+00	 2.36664570046953323138e-07	 1.32950248747815448491e-02	 1.32927175928514700737e-02	 1.30340068228601800582e-02	 0.00000000000000000000e+00	 9.56984223253009268217e-03	 1.16163279579712275941e-02	 1.32845824355483817236e-02	 4.98197835098522249174e-07	 0.00000000000000000000e+00	 0.00000000000000000000e+00	 0.00000000000000000000e+00	 
 -8.20000000000000062172e-01	 2.44610546859479024378e-07	 0.00000000000000000000e+00	 2.42283395034679808476e-07	 1.34989236885734130433e-02	 1.34969022294124264133e-02	 1.32340390671908947340e-02	 0.00000000000000000000e+00	 9.75332403242816330102e-03	 1.18237791358815572812e-02	 1.34883102927240254576e-02	 5.05676530157243803229e-07	 0.00000000000000000000e+00	 0.00000000000000000000e+00	 0.00000000000000000000e+00	 
 -8.00000000000000044409e-01	 2.49349086921049610317e-07	 0.00000000000000000000e+00	 2.47930035773356001695e-07	 1.37010404688569457227e-02	 1.36992755715315082249e-02	 1.34322911159132311193e-02	 0.00000000000000000000e+00	 9.93725457448083222822e-03	 1.20309274125564632379e-02	 1.36902550008281952837e-02	 5.13131850147392868634e-07	 0.00000000000000000000e+00	 0.00000000000000000000e+00	 0.00000000000000000000e+00	 
 -7.80000000000000026645e-01	 2.54121107421488194281e-07	 0.00000000000000000000e+00	 2.53595179685459800739e-07	 1.39008564697343378613e-02	 1.38993285547330466811e-02	 1.36282507721067949052e-02	 0.00000000000000000000e+00	 1.01213156817747500227e-02	 1.22373452674691182013e-02	 1.38899079357030757337e-02	 5.20553226212809816896e-07	 0.00000000000000000000e+00	 0.00000000000000000000e+00	 0.00000000000000000000e+00	 
 -7.60000000000000008882e-01	 2.58918048543481543020e-07	 0.00000000000000000000e+00	 2.59268440715206957008e-07	 1.40978259119003621058e-02	 1.40965268388697391455e-02	 1.38213790698250207217e-02	 0.00000000000000000000e+00	 1.03051652732565335313e-02	 1.24425764814582277829e-02	 1.40867350116173680602e-02	 5.27929922277865847754e-07	 0.00000000000000000000e+00	 0.00000000000000000000e+00	 0.00000000000000000000e+00	 
 -7.39999999999999991118e-01	 2.63728461165073138013e-07	 0.00000000000000000000e+00	 2.64935471751886607400e-07	 1.42913898036572169920e-02	 1.42903119548627010466e-02	 1.40111209410521703883e-02	 0.00000000000000000000e+00	 1.04884415006359036499e-02	 1.26461377068871408391e-02	 1.42801789057705567909e-02	 5.35251072649630280546e-07	 0.00000000000000000000e+00	 0.00000000000000000000e+00	 0.00000000000000000000e+00	 
 -7.19999999999999973355e-01	 2.68537822929325832783e-07	 0.00000000000000000000e+00	 2.70577730209237257582e-07	 1.44809761864950620192e-02	 1.44801011361033061392e-02	 1.41969053106431215838e-02	 0.00000000000000000000e+00	 1.06707621005216989063e-02	 1.28475176431649528580e-02	 1.44696589125715875668e-02	 5.42505723991425385042e-07	 0.00000000000000000000e+00	 0.00000000000000000000e+00	 0.00000000000000000000e+00	 
 -6.99999999999999955591e-01	 2.73328957779336222661e-07	 0.00000000000000000000e+00	 2.76173485495412001399e-07	 1.46659890437388466811e-02	 1.46652860026810546307e-02	 1.43781363519320647820e-02	 0.00000000000000000000e+00	 1.08517190315331087114e-02	 1.30461735608220635863e-02	 1.46545687700495447237e-02	 5.49682881763824511412e-07	 0.00000000000000000000e+00	 0.00000000000000000000e+00	 0.00000000000000000000e+00	 
 -6.79999999999999937828e-01	 2.78096019346996728457e-07	 0.00000000000000000000e+00	 2.81696886471269035864e-07	 1.48458182654182119231e-02	 1.48452492208139240348e-02	 1.45542094082200899191e-02	 0.00000000000000000000e+00	 1.10308834870647548554e-02	 1.32415459839065503822e-02	 1.48342902280624092115e-02	 5.56771561211264072467e-07	 0.00000000000000000000e+00	 0.00000000000000000000e+00	 0.00000000000000000000e+00	 
 -6.60000000000000031086e-01	 2.82844854347466509525e-07	 0.00000000000000000000e+00	 2.87117643559446275417e-07	 1.50198401345953899688e-02	 1.50193651283834841981e-02	 1.47245116275448346965e-02	 0.00000000000000000000e+00	 1.12078053286915162168e-02	 1.34330584342685979693e-02	 1.50081935458696771185e-02	 5.63760842937897398296e-07	 0.00000000000000000000e+00	 0.00000000000000000000e+00	 0.00000000000000000000e+00	 
 -6.40000000000000013323e-01	 2.87581747720875988453e-07	 0.00000000000000000000e+00	 2.92399978416281936139e-07	 1.51874099054731433178e-02	 1.51869870094526113191e-02	 1.48884098517837529241e-02	 0.00000000000000000000e+00	 1.13820071024270438181e-02	 1.36201046514980734364e-02	 1.51756271108588070701e-02	 5.70639933079867055827e-07	 0.00000000000000000000e+00	 0.00000000000000000000e+00	 0.00000000000000000000e+00	 
 -6.19999999999999884537e-01	 2.92310688389668516822e-07	 0.00000000000000000000e+00	 2.97506455851891501847e-07	 1.53478760353470029820e-02	 1.53474671612786831704e-02	 1.50452597845183184272e-02	 0.00000000000000000000e+00	 1.15530003441154521804e-02	 1.38020645052080014742e-02	 1.53359368124809086059e-02	 5.77398228074014268035e-07	 0.00000000000000000000e+00	 0.00000000000000000000e+00	 0.00000000000000000000e+00	 
 -5.99999999999999977796e-01	 2.97033389714538801507e-07	 0.00000000000000000000e+00	 3.02397725918417880432e-07	 1.55005811055978406227e-02	 1.55001580223507046119e-02	 1.51944067649302985007e-02	 0.00000000000000000000e+00	 1.17202854677496796920e-02	 1.39783040305304778750e-02	 1.54884670725647134726e-02	 5.84025383965863943754e-07	 0.00000000000000000000e+00	 0.00000000000000000000e+00	 0.00000000000000000000e+00	 
 -5.79999999999999849010e-01	 3.01752260912240195037e-07	 0.00000000000000000000e+00	 3.07028692861087431119e-07	 1.56448516455861795504e-02	 1.56443974764416855738e-02	 1.53351795391266296220e-02	 0.00000000000000000000e+00	 1.18833379175000714706e-02	 1.41481622969970716186e-02	 1.56325465913940038487e-02	 5.90511390143767244350e-07	 0.00000000000000000000e+00	 0.00000000000000000000e+00	 0.00000000000000000000e+00	 
 -5.60000000000000053291e-01	 3.06449800958761208944e-07	 0.00000000000000000000e+00	 3.11344969118478845708e-07	 1.57800265510531015356e-02	 1.57795277616405126009e-02	 1.54669183600817054108e-02	 0.00000000000000000000e+00	 1.20416099319148334895e-02	 1.43109641300368690964e-02	 1.57675170479572752946e-02	 5.96846647437998474627e-07	 0.00000000000000000000e+00	 0.00000000000000000000e+00	 0.00000000000000000000e+00	 
 -5.40000000000000035527e-01	 3.11087720542783903486e-07	 0.00000000000000000000e+00	 3.15282272169489424443e-07	 1.59054586609667127084e-02	 1.59048968941083064543e-02	 1.55889764812130095922e-02	 0.00000000000000000000e+00	 1.21945301552067435907e-02	 1.44660202365832508270e-02	 1.58927347119072540083e-02	 6.03022050408278702523e-07	 0.00000000000000000000e+00	 0.00000000000000000000e+00	 0.00000000000000000000e+00	 
 -5.20000000000000017764e-01	 3.15614438152980301559e-07	 0.00000000000000000000e+00	 3.18765595231328347764e-07	 1.60204938208651052889e-02	 1.60198453827114263570e-02	 1.57006993624004137500e-02	 0.00000000000000000000e+00	 1.23415005318775628657e-02	 1.46126168558354131016e-02	 1.60075493042746430650e-02	 6.09029073537212455845e-07	 0.00000000000000000000e+00	 0.00000000000000000000e+00	 0.00000000000000000000e+00	 
 -5.00000000000000000000e-01	 3.20011866732187836956e-07	 0.00000000000000000000e+00	 3.21825280452431632181e-07	 1.61244947653092426942e-02	 1.61237427495268433042e-02	 1.58014556460827210183e-02	 0.00000000000000000000e+00	 1.24819190316884306990e-02	 1.47500351881437469920e-02	 1.61113269779349262134e-02	 6.14859861316187671627e-07	 0.00000000000000000000e+00	 0.00000000000000000000e+00	 0.00000000000000000000e+00	 
 -4.79999999999999926725e-01	 3.24295885648125749429e-07	 0.00000000000000000000e+00	 3.24597071794423516776e-07	 1.62168428289687777122e-02	 1.62159894944864761690e-02	 1.58906389429932203006e-02	 0.00000000000000000000e+00	 1.26151796342710217913e-02	 1.48775516783212526095e-02	 1.62034520411792233585e-02	 6.20507321902493182537e-07	 0.00000000000000000000e+00	 0.00000000000000000000e+00	 0.00000000000000000000e+00	 
 -4.59999999999999964473e-01	 3.28483226440031276748e-07	 0.00000000000000000000e+00	 3.27181205631160908810e-07	 1.62969208160462300516e-02	 1.62959897184905486145e-02	 1.59676448475310622799e-02	 0.00000000000000000000e+00	 1.27406537241739389182e-02	 1.49944226962507760892e-02	 1.62833105788697009297e-02	 6.25965223752726067909e-07	 0.00000000000000000000e+00	 0.00000000000000000000e+00	 0.00000000000000000000e+00	 
 -4.40000000000000002220e-01	 3.32591084305550622324e-07	 0.00000000000000000000e+00	 3.29653479015298431850e-07	 1.63641423206626959730e-02	 1.63631685110434167696e-02	 1.60319000240028847193e-02	 0.00000000000000000000e+00	 1.28577103509390205244e-02	 1.50999267398537265206e-02	 1.63503260654899278126e-02	 6.31228295646953101922e-07	 0.00000000000000000000e+00	 0.00000000000000000000e+00	 0.00000000000000000000e+00	 
 -4.19999999999999984457e-01	 3.36637252983340519608e-07	 0.00000000000000000000e+00	 3.32065076979655556341e-07	 1.64179534598992912797e-02	 1.64169736332078139429e-02	 1.60828639470651790777e-02	 0.00000000000000000000e+00	 1.29657161146276758007e-02	 1.51933650043326838597e-02	 1.64039612268523649075e-02	 6.36292329536425826492e-07	 0.00000000000000000000e+00	 0.00000000000000000000e+00	 0.00000000000000000000e+00	 
 -3.99999999999999911182e-01	 3.40640828815924124550e-07	 0.00000000000000000000e+00	 3.34462354512381566628e-07	 1.64578108943737415337e-02	 1.64568634281017610321e-02	 1.61200070314134608074e-02	 0.00000000000000000000e+00	 1.30640184328491577165e-02	 1.52740284127926059105e-02	 1.64436908880987373016e-02	 6.41154284781740123531e-07	 0.00000000000000000000e+00	 0.00000000000000000000e+00	 0.00000000000000000000e+00	 
 -3.80000000000000004441e-01	 3.44625234200550461335e-07	 0.00000000000000000000e+00	 3.36864148118626830861e-07	 1.64832288820591053857e-02	 1.64823541670120650438e-02	 1.61428432132072058325e-02	 0.00000000000000000000e+00	 1.31519889457582337539e-02	 1.53412465236123837092e-02	 1.64690395499932674961e-02	 6.45812395856746710875e-07	 0.00000000000000000000e+00	 0.00000000000000000000e+00	 0.00000000000000000000e+00	 
 -3.59999999999999931166e-01	 3.48618361395507573528e-07	 0.00000000000000000000e+00	 3.39261725454614274951e-07	 1.64937808438427348234e-02	 1.64930216206000783419e-02	 1.61509313618527008960e-02	 0.00000000000000000000e+00	 1.32290234004000511331e-02	 1.53943879557649834777e-02	 1.64795829567697948992e-02	 6.50266282259611705419e-07	 0.00000000000000000000e+00	 0.00000000000000000000e+00	 0.00000000000000000000e+00	 
 -3.39999999999999968914e-01	 3.52649382498484718916e-07	 0.00000000000000000000e+00	 3.41644912464640516880e-07	 1.64890614445536293209e-02	 1.64884629048072627044e-02	 1.61438493650571564253e-02	 0.00000000000000000000e+00	 1.32945069948057718184e-02	 1.54328215033879643375e-02	 1.64749181191410180858e-02	 6.54517056444769881920e-07	 0.00000000000000000000e+00	 0.00000000000000000000e+00	 0.00000000000000000000e+00	 
 -3.20000000000000006661e-01	 3.56717093042012857780e-07	 0.00000000000000000000e+00	 3.43988007311588714574e-07	 1.64687306157615814817e-02	 1.64683365163728924474e-02	 1.61212364773565368370e-02	 0.00000000000000000000e+00	 1.33478613823632043939e-02	 1.54559812458517492617e-02	 1.64546942093343091795e-02	 6.58567437540495502790e-07	 0.00000000000000000000e+00	 0.00000000000000000000e+00	 0.00000000000000000000e+00	 
 -2.99999999999999933387e-01	 3.60789622527681880920e-07	 0.00000000000000000000e+00	 3.46249321756052177695e-07	 1.64325144564994134189e-02	 1.64323632238964519037e-02	 1.60827940475748859539e-02	 0.00000000000000000000e+00	 1.33885441511561731343e-02	 1.54633664857856695934e-02	 1.64186134024900502737e-02	 6.62421867171887570111e-07	 0.00000000000000000000e+00	 0.00000000000000000000e+00	 0.00000000000000000000e+00	 
 -2.80000000000000026645e-01	 3.64824667032576883023e-07	 0.00000000000000000000e+00	 3.48375475650537552886e-07	 1.63801677168886536395e-02	 1.63802919787628398218e-02	 1.60282493416010370091e-02	 0.00000000000000000000e+00	 1.34160105437724618688e-02	 1.54544881252123931376e-02	 1.63664045906822437637e-02	 6.66086613726525993174e-07	 0.00000000000000000000e+00	 0.00000000000000000000e+00	 0.00000000000000000000e+00	 
 -2.59999999999999953371e-01	 3.68756346527419471936e-07	 0.00000000000000000000e+00	 3.50327081545435259657e-07	 1.63115250815113674299e-02	 1.63119503376932643846e-02	 1.59574185799020197563e-02	 0.00000000000000000000e+00	 1.34297698981368646143e-02	 1.54289416330329262617e-02	 1.62978831104688137721e-02	 6.69569891889414407436e-07	 0.00000000000000000000e+00	 0.00000000000000000000e+00	 0.00000000000000000000e+00	 
 -2.39999999999999907851e-01	 3.72493960954788178112e-07	 0.00000000000000000000e+00	 3.52078400301487434268e-07	 1.62265009936207980912e-02	 1.62272442613444096982e-02	 1.58702065456872432048e-02	 0.00000000000000000000e+00	 1.34293843297423869804e-02	 1.53864060140217438766e-02	 1.62129504262149004568e-02	 6.72881985121087834762e-07	 0.00000000000000000000e+00	 0.00000000000000000000e+00	 0.00000000000000000000e+00	 
 -2.19999999999999945599e-01	 3.75914071305555733683e-07	 0.00000000000000000000e+00	 3.53600495595740280253e-07	 1.61250428449777154227e-02	 1.61261121216926678335e-02	 1.57665494625166234532e-02	 0.00000000000000000000e+00	 1.34144212106595342449e-02	 1.53265807078184247703e-02	 1.61115401389547822919e-02	 6.76035324914785937065e-07	 0.00000000000000000000e+00	 0.00000000000000000000e+00	 0.00000000000000000000e+00	 
 -1.99999999999999983347e-01	 3.78941281860040850586e-07	 0.00000000000000000000e+00	 3.54857216302504107579e-07	 1.60071669894927340327e-02	 1.60085565201742545394e-02	 1.56464522413448867133e-02	 0.00000000000000000000e+00	 1.33845174310381828664e-02	 1.52492578434044422087e-02	 1.59936730523939051041e-02	 6.79044617487953172059e-07	 0.00000000000000000000e+00	 0.00000000000000000000e+00	 0.00000000000000000000e+00	 
 -1.79999999999999993339e-01	 3.81547228148628423041e-07	 0.00000000000000000000e+00	 3.55804951414209338146e-07	 1.58729573151914320206e-02	 1.58746428587062914095e-02	 1.55099869263123687352e-02	 0.00000000000000000000e+00	 1.33393768523843644913e-02	 1.51543198156382386693e-02	 1.58594555284741617340e-02	 6.81926975370726102358e-07	 0.00000000000000000000e+00	 0.00000000000000000000e+00	 0.00000000000000000000e+00	 
 -1.59999999999999920064e-01	 3.83701508670124549960e-07	 0.00000000000000000000e+00	 3.56393802574072931809e-07	 1.57225281169484296107e-02	 1.57244659869776905181e-02	 1.53572542284025736342e-02	 0.00000000000000000000e+00	 1.32787136104843168927e-02	 1.50416726260873805793e-02	 1.57090255463823366688e-02	 6.84701897464541014854e-07	 0.00000000000000000000e+00	 0.00000000000000000000e+00	 0.00000000000000000000e+00	 
 -1.39999999999999902300e-01	 3.85312745033146839853e-07	 0.00000000000000000000e+00	 3.56564215488021792762e-07	 1.55560897389854773526e-02	 1.55582349284476787604e-02	 1.51884461827417049928e-02	 0.00000000000000000000e+00	 1.32023470665506570398e-02	 1.49113374816918272531e-02	 1.55426074978814825200e-02	 6.87391402222191055506e-07	 0.00000000000000000000e+00	 0.00000000000000000000e+00	 0.00000000000000000000e+00	 
 -1.20000000000000009437e-01	 3.86228080571943653385e-07	 0.00000000000000000000e+00	 3.56246545228020466254e-07	 1.53739450929941644242e-02	 1.53762690387909337075e-02	 1.50038425729558128757e-02	 0.00000000000000000000e+00	 1.31101973151302505366e-02	 1.47634463368590679311e-02	 1.53605089599693385438e-02	 6.90020167791398292354e-07	 0.00000000000000000000e+00	 0.00000000000000000000e+00	 0.00000000000000000000e+00	 
 -1.00000000000000005551e-01	 3.86257813425922073809e-07	 0.00000000000000000000e+00	 3.55360529788414072123e-07	 1.51764220027383028161e-02	 1.51789133290700858914e-02	 1.48037456121675719406e-02	 0.00000000000000000000e+00	 1.30021985777257539224e-02	 1.45981531267460919177e-02	 1.51630625864788235596e-02	 6.92615151928212112063e-07	 0.00000000000000000000e+00	 0.00000000000000000000e+00	 0.00000000000000000000e+00	 
 -8.00000000000000155431e-02	 3.85341143829147898104e-07	 0.00000000000000000000e+00	 3.53906755196374588415e-07	 1.49639358115600095561e-02	 1.49666015248433263013e-02	 1.45885762000608123351e-02	 0.00000000000000000000e+00	 1.28783930817433465987e-02	 1.44157448989555708740e-02	 1.49506946636963240771e-02	 6.95205713291659175151e-07	 0.00000000000000000000e+00	 0.00000000000000000000e+00	 0.00000000000000000000e+00	 
 -5.99999999999999630851e-02	 3.83542311118473516407e-07	 0.00000000000000000000e+00	 3.51964290607635476878e-07	 1.47369843500777079892e-02	 1.47398510875090607564e-02	 1.43588679407640439079e-02	 0.00000000000000000000e+00	 1.27389248126966933561e-02	 1.42166350211548053739e-02	 1.47239199727264777340e-02	 6.97823736688414630202e-07	 0.00000000000000000000e+00	 0.00000000000000000000e+00	 0.00000000000000000000e+00	 
 -3.99999999999999383826e-02	 3.80926060402242617560e-07	 0.00000000000000000000e+00	 3.49611138635780670999e-07	 1.44960782237016933688e-02	 1.44991929140010598898e-02	 1.41151660635860948939e-02	 0.00000000000000000000e+00	 1.25839481865098259949e-02	 1.40012504393709612954e-02	 1.44832665896757264989e-02	 7.00501996437105046269e-07	 0.00000000000000000000e+00	 0.00000000000000000000e+00	 0.00000000000000000000e+00	 
 -2.00000000000000281719e-02	 3.77613123272283350650e-07	 0.00000000000000000000e+00	 3.46873745245910619626e-07	 1.42418287572911271555e-02	 1.42452425189277063350e-02	 1.38580894526358008867e-02	 0.00000000000000000000e+00	 1.24137559554347923219e-02	 1.37701431091210527852e-02	 1.42293481943187600375e-02	 7.03274175835791894617e-07	 0.00000000000000000000e+00	 0.00000000000000000000e+00	 0.00000000000000000000e+00	 
 -4.82163733276643543166e-17	 3.73777943380559097098e-07	 0.00000000000000000000e+00	 3.43728625212622590835e-07	 1.39749408098431230490e-02	 1.39786934210062510631e-02	 1.35883241996964665432e-02	 0.00000000000000000000e+00	 1.22287701742998071441e-02	 1.35239813859161749077e-02	 1.39628574201048419323e-02	 7.06174863236613983352e-07	 0.00000000000000000000e+00	 0.00000000000000000000e+00	 0.00000000000000000000e+00	 
 2.00000000000001253164e-02	 3.69580723473029182566e-07	 0.00000000000000000000e+00	 3.40150024785050960178e-07	 1.36961150823142040894e-02	 1.37002349279443467328e-02	 1.33065489495358835886e-02	 0.00000000000000000000e+00	 1.20294141066031850390e-02	 1.32634300267638130522e-02	 1.36844826235141964199e-02	 7.09233642196018017068e-07	 0.00000000000000000000e+00	 0.00000000000000000000e+00	 0.00000000000000000000e+00	 
 4.00000000000001187939e-02	 3.65092606670073602317e-07	 0.00000000000000000000e+00	 3.36155694759432122574e-07	 1.34061325597368032059e-02	 1.34106434042642261306e-02	 1.30135395443999758031e-02	 0.00000000000000000000e+00	 1.18162356374847763579e-02	 1.29892769412815502206e-02	 1.33949959260963608748e-02	 7.12484642772636285322e-07	 0.00000000000000000000e+00	 0.00000000000000000000e+00	 0.00000000000000000000e+00	 
 6.00000000000000255351e-02	 3.60299303479579072879e-07	 0.00000000000000000000e+00	 3.31805025391489162231e-07	 1.31058464725657825012e-02	 1.31107739640785904423e-02	 1.27101600126898386239e-02	 0.00000000000000000000e+00	 1.15898967858911808304e-02	 1.27024226536257781733e-02	 1.30952450273109435863e-02	 7.15966529750507964544e-07	 0.00000000000000000000e+00	 0.00000000000000000000e+00	 0.00000000000000000000e+00	 
 7.99999999999999322764e-02	 3.55184715242043356179e-07	 0.00000000000000000000e+00	 3.27157232365304124812e-07	 1.27960835932214769123e-02	 1.28014554830767398469e-02	 1.23972438080928136495e-02	 0.00000000000000000000e+00	 1.13510424303041000671e-02	 1.24037396250303317419e-02	 1.27860512911618581788e-02	 7.19714144066694131551e-07	 0.00000000000000000000e+00	 0.00000000000000000000e+00	 0.00000000000000000000e+00	 
 9.99999999999999500400e-02	 3.49737331995117877677e-07	 0.00000000000000000000e+00	 3.22299748922337465035e-07	 1.24777476237597790415e-02	 1.24835985725453083028e-02	 1.20756893399251927224e-02	 0.00000000000000000000e+00	 1.11004256694011548684e-02	 1.20942092315168159972e-02	 1.24682976011456017607e-02	 7.23773697253163052665e-07	 0.00000000000000000000e+00	 0.00000000000000000000e+00	 0.00000000000000000000e+00	 
 1.20000000000000023315e-01	 3.43949706964724044386e-07	 0.00000000000000000000e+00	 3.17346869031602631188e-07	 1.21518100118310420910e-02	 1.21581862236527643573e-02	 1.17464509754843723921e-02	 0.00000000000000000000e+00	 1.08388962232442466471e-02	 1.17749101438992549024e-02	 1.21429198477375644566e-02	 7.28202881866451645119e-07	 0.00000000000000000000e+00	 0.00000000000000000000e+00	 0.00000000000000000000e+00	 
 1.40000000000000041078e-01	 3.37812735447243031549e-07	 0.00000000000000000000e+00	 3.12407290303570989403e-07	 1.18191901698919861474e-02	 1.18261496429272142811e-02	 1.14104255086396738639e-02	 0.00000000000000000000e+00	 1.05672613305288487506e-02	 1.14468626193766406102e-02	 1.18108022569606389840e-02	 7.33062477822370272537e-07	 0.00000000000000000000e+00	 0.00000000000000000000e+00	 0.00000000000000000000e+00	 
 1.59999999999999975575e-01	 3.31344737683110451738e-07	 0.00000000000000000000e+00	 3.07496982178529483139e-07	 1.14808663407174570137e-02	 1.14884505899665520512e-02	 1.10685759629597056664e-02	 0.00000000000000000000e+00	 1.02864629598136796129e-02	 1.11111756689116734920e-02	 1.14729155237454864130e-02	 7.38404408250060428197e-07	 0.00000000000000000000e+00	 0.00000000000000000000e+00	 0.00000000000000000000e+00	 
 1.79999999999999937828e-01	 3.24589763532720842255e-07	 0.00000000000000000000e+00	 3.02543763612152140047e-07	 1.11378665091861565190e-02	 1.11460738146934041498e-02	 1.07219215357540996469e-02	 0.00000000000000000000e+00	 9.99756338865639103408e-03	 1.07690352652236639303e-02	 1.11303061672744611765e-02	 7.44272574677430746203e-07	 0.00000000000000000000e+00	 0.00000000000000000000e+00	 0.00000000000000000000e+00	 
 2.00000000000000094369e-01	 3.17590612105111994624e-07	 0.00000000000000000000e+00	 2.97465203005286324994e-07	 1.07911396280394328989e-02	 1.07999262843303418802e-02	 1.03713946649683138451e-02	 0.00000000000000000000e+00	 9.70155111728883412514e-03	 1.04215354012310544574e-02	 1.07839412870491865165e-02	 7.50700704782174871698e-07	 0.00000000000000000000e+00	 0.00000000000000000000e+00	 0.00000000000000000000e+00	 
 2.20000000000000001110e-01	 3.10377687399060863425e-07	 0.00000000000000000000e+00	 2.92186497026079531909e-07	 1.04416749492982977032e-02	 1.04509680653772918379e-02	 1.00179734754745654313e-02	 0.00000000000000000000e+00	 9.39947099924695085582e-03	 1.00698287183698109715e-02	 1.04348264781782291283e-02	 7.57762691176319911569e-07	 0.00000000000000000000e+00	 0.00000000000000000000e+00	 0.00000000000000000000e+00	 
 2.39999999999999963363e-01	 3.02969579590727739545e-07	 0.00000000000000000000e+00	 2.86639149426590264716e-07	 1.00904937515240867435e-02	 1.01002031342925322616e-02	 9.66267243872628335544e-03	 0.00000000000000000000e+00	 9.09241351928178308250e-03	 9.71511594132825652415e-03	 1.00839977243374397803e-02	 7.65571821398663342830e-07	 0.00000000000000000000e+00	 0.00000000000000000000e+00	 0.00000000000000000000e+00	 
 2.59999999999999953371e-01	 2.95383131086701992191e-07	 0.00000000000000000000e+00	 2.80746548709792586922e-07	 9.73851222743937414150e-03	 9.74853110082443685691e-03	 9.30639032567297935783e-03	 0.00000000000000000000e+00	 8.78136412143330422064e-03	 9.35847275990287809366e-03	 9.73238554619066179030e-03	 7.74253131043027543325e-07	 0.00000000000000000000e+00	 0.00000000000000000000e+00	 0.00000000000000000000e+00	 
 2.80000000000000082157e-01	 2.87639095495683997897e-07	 0.00000000000000000000e+00	 2.74499160112712027174e-07	 9.38665956183320181194e-03	 9.39688357885132621861e-03	 8.95006594309418097855e-03	 0.00000000000000000000e+00	 8.46737710276935194587e-03	 9.00100610980178461595e-03	 9.38092330952631538177e-03	 7.83889053790506011029e-07	 0.00000000000000000000e+00	 0.00000000000000000000e+00	 0.00000000000000000000e+00	 
 2.99999999999999988898e-01	 2.79761632730000472064e-07	 0.00000000000000000000e+00	 2.67949509973101181506e-07	 9.03587176689091622905e-03	 9.04621664316272548756e-03	 8.59466922422834345152e-03	 0.00000000000000000000e+00	 8.15156386792706584565e-03	 8.64384560637201058986e-03	 9.03054180439824029369e-03	 7.94522980245584928124e-07	 0.00000000000000000000e+00	 0.00000000000000000000e+00	 0.00000000000000000000e+00	 
 3.20000000000000006661e-01	 2.71772445466475952678e-07	 0.00000000000000000000e+00	 2.61147253536368069811e-07	 8.68695758227317968436e-03	 8.69735820053494160242e-03	 8.24102671046702400792e-03	 0.00000000000000000000e+00	 7.83489847378921952514e-03	 8.28796653194278226673e-03	 8.68204501750488751022e-03	 8.06172639913322026303e-07	 0.00000000000000000000e+00	 0.00000000000000000000e+00	 0.00000000000000000000e+00	 
 3.39999999999999968914e-01	 2.63630792223596845646e-07	 0.00000000000000000000e+00	 2.54168113864310714948e-07	 8.34075069285351682058e-03	 8.35114809875093372371e-03	 7.89001041869952061958e-03	 0.00000000000000000000e+00	 7.51839135317248358215e-03	 7.93438015898298952544e-03	 8.33625300537166498416e-03	 8.18839693573564856523e-07	 0.00000000000000000000e+00	 0.00000000000000000000e+00	 0.00000000000000000000e+00	 
 3.59999999999999931166e-01	 2.55237199895215203832e-07	 0.00000000000000000000e+00	 2.47111813499536574964e-07	 7.99810352606660467101e-03	 8.00843287807378144405e-03	 7.54252913605325727570e-03	 0.00000000000000000000e+00	 7.20308046255574603578e-03	 7.58412570472181881559e-03	 7.99399634089218401323e-03	 8.32510397461463330261e-07	 0.00000000000000000000e+00	 0.00000000000000000000e+00	 0.00000000000000000000e+00	 
 3.80000000000000059952e-01	 2.46482400460492682740e-07	 0.00000000000000000000e+00	 2.40070976889859143296e-07	 7.65972125749313746679e-03	 7.66991211339933167540e-03	 7.19932198076206689152e-03	 0.00000000000000000000e+00	 6.88983912040426124679e-03	 7.23806147328070938890e-03	 7.65595977074869961376e-03	 8.47114683875583053428e-07	 0.00000000000000000000e+00	 0.00000000000000000000e+00	 0.00000000000000000000e+00	 
 4.00000000000000077716e-01	 2.37413201694604627993e-07	 0.00000000000000000000e+00	 2.33092851484298125543e-07	 7.32630579316165091164e-03	 7.33629639833342263311e-03	 6.86115348142938771825e-03	 0.00000000000000000000e+00	 6.57956942875855075453e-03	 6.89705041005993051140e-03	 7.32284871901458470772e-03	 8.62654667779377038424e-07	 0.00000000000000000000e+00	 0.00000000000000000000e+00	 0.00000000000000000000e+00	 
 4.19999999999999984457e-01	 2.28218648863822126870e-07	 0.00000000000000000000e+00	 2.26183106787701302078e-07	 6.99855311388348968332e-03	 7.00830346192225263346e-03	 6.52880763692196761094e-03	 0.00000000000000000000e+00	 6.27319523688363214070e-03	 6.56195607716302930362e-03	 6.99538463087920423661e-03	 8.79200479246736808290e-07	 0.00000000000000000000e+00	 0.00000000000000000000e+00	 0.00000000000000000000e+00	 
 4.39999999999999946709e-01	 2.19062364243443810390e-07	 0.00000000000000000000e+00	 2.19345645131525469684e-07	 6.67699954121087416170e-03	 6.68648975019595515762e-03	 6.20287872701887760263e-03	 0.00000000000000000000e+00	 5.97145343447513018281e-03	 6.23344407238115953696e-03	 6.67412770612106544948e-03	 8.96808994957290430374e-07	 0.00000000000000000000e+00	 0.00000000000000000000e+00	 0.00000000000000000000e+00	 
 4.60000000000000131006e-01	 2.09991641339252828704e-07	 0.00000000000000000000e+00	 2.12564705829185340846e-07	 6.36218288990626421042e-03	 6.37141274773755580951e-03	 5.88399214688293311498e-03	 0.00000000000000000000e+00	 5.67508419909976916801e-03	 5.91218091230538179970e-03	 6.35963216759605209916e-03	 9.15592385562305870229e-07	 0.00000000000000000000e+00	 0.00000000000000000000e+00	 0.00000000000000000000e+00	 
 4.80000000000000037748e-01	 2.00947653436770228835e-07	 0.00000000000000000000e+00	 2.05806269416014176863e-07	 6.05464095908469536467e-03	 6.06362958697791599311e-03	 5.57279957240246984901e-03	 0.00000000000000000000e+00	 5.38482795203693628133e-03	 5.59883225429779526200e-03	 6.05244555595348641963e-03	 9.35717417138875992643e-07	 0.00000000000000000000e+00	 0.00000000000000000000e+00	 0.00000000000000000000e+00	 
 5.00000000000000000000e-01	 1.91867638044833286810e-07	 0.00000000000000000000e+00	 1.99033751915657469568e-07	 5.75474389568233178627e-03	 5.76352832616190604437e-03	 5.26974701510771192936e-03	 0.00000000000000000000e+00	 5.10122572014270331264e-03	 5.29385593334041459207e-03	 5.75294755932265200471e-03	 9.57359141152837829478e-07	 0.00000000000000000000e+00	 0.00000000000000000000e+00	 0.00000000000000000000e+00	 
 5.20000000000000128786e-01	 1.82803713904641528869e-07	 0.00000000000000000000e+00	 1.92226823888672515710e-07	 5.46287247150561549452e-03	 5.47149585697280504970e-03	 4.97529921595951662994e-03	 0.00000000000000000000e+00	 4.82482706275962503623e-03	 4.99771962682597423178e-03	 5.46152384806221531666e-03	 9.80593299155816922641e-07	 0.00000000000000000000e+00	 0.00000000000000000000e+00	 0.00000000000000000000e+00	 
 5.40000000000000035527e-01	 1.73911256132052387055e-07	 0.00000000000000000000e+00	 1.85379323586414027391e-07	 5.17941740288161388273e-03	 5.18791848582501966686e-03	 4.68993794234052411435e-03	 0.00000000000000000000e+00	 4.55618859412132686665e-03	 4.71090033750112997801e-03	 5.17856600446720081315e-03	 1.00540815431649754175e-06	 0.00000000000000000000e+00	 0.00000000000000000000e+00	 0.00000000000000000000e+00	 
 5.60000000000000053291e-01	 1.65319396317407763030e-07	 0.00000000000000000000e+00	 1.78481552288336406865e-07	 4.90459747787239976058e-03	 4.91301149554248303003e-03	 4.41393211241012436291e-03	 0.00000000000000000000e+00	 4.29566094722003220113e-03	 4.43366275404274718525e-03	 4.90429468166110171107e-03	 1.03173494992865690067e-06	 0.00000000000000000000e+00	 0.00000000000000000000e+00	 0.00000000000000000000e+00	 
 5.79999999999999849010e-01	 1.57075651956746240748e-07	 0.00000000000000000000e+00	 1.71506863313697018613e-07	 4.63864409742388399127e-03	 4.64700474310031710901e-03	 4.14758468025238583726e-03	 0.00000000000000000000e+00	 4.04359639426655516348e-03	 4.16628710591358027843e-03	 4.63893294417365605053e-03	 1.05949262293055135053e-06	 0.00000000000000000000e+00	 0.00000000000000000000e+00	 0.00000000000000000000e+00	 
 5.99999999999999977796e-01	 1.49154767414505409286e-07	 0.00000000000000000000e+00	 1.64412542523520899902e-07	 4.38180210457441397798e-03	 4.39014339001628315501e-03	 3.89123153927040978106e-03	 0.00000000000000000000e+00	 3.80035020562078437040e-03	 3.90907020035990721701e-03	 4.38270829026477046902e-03	 1.08858959985158501826e-06	 0.00000000000000000000e+00	 0.00000000000000000000e+00	 0.00000000000000000000e+00	 
 6.20000000000000106581e-01	 1.41529774685078287164e-07	 0.00000000000000000000e+00	 1.57151074808305945020e-07	 4.13414499241726660778e-03	 4.14250203363189257316e-03	 3.64499245781413957340e-03	 0.00000000000000000000e+00	 3.56607381608757979113e-03	 3.66209814502796958402e-03	 4.13568018858485094563e-03	 1.11884474711354835946e-06	 0.00000000000000000000e+00	 0.00000000000000000000e+00	 0.00000000000000000000e+00	 
 6.39999999999999902300e-01	 1.34163038192832675831e-07	 0.00000000000000000000e+00	 1.49733983918635660340e-07	 3.89575644751804931257e-03	 3.90417354069126512975e-03	 3.40903151139652091720e-03	 0.00000000000000000000e+00	 3.34093233856694229317e-03	 3.42546200398994053413e-03	 3.89792974602372332971e-03	 1.15017019478823011754e-06	 0.00000000000000000000e+00	 0.00000000000000000000e+00	 0.00000000000000000000e+00	 
 6.60000000000000031086e-01	 1.27007272974434803290e-07	 0.00000000000000000000e+00	 1.42224535214100149265e-07	 3.66673299954899025582e-03	 3.67527101357694677836e-03	 3.18355721619040243908e-03	 0.00000000000000000000e+00	 3.12510656927589107468e-03	 3.19926192879420182372e-03	 3.66956121169423289327e-03	 1.18256297089720085229e-06	 0.00000000000000000000e+00	 0.00000000000000000000e+00	 0.00000000000000000000e+00	 
 6.80000000000000159872e-01	 1.20013954778542998445e-07	 0.00000000000000000000e+00	 1.34672698638305758925e-07	 3.44700582646514886928e-03	 3.45574176993416722417e-03	 2.96856439737006559676e-03	 0.00000000000000000000e+00	 2.91857961299510099834e-03	 2.98339887135497814144e-03	 3.45051454738241674888e-03	 1.21595376959095137509e-06	 0.00000000000000000000e+00	 0.00000000000000000000e+00	 0.00000000000000000000e+00	 
 6.99999999999999955591e-01	 1.13236858529305552945e-07	 0.00000000000000000000e+00	 1.27156283111005359918e-07	 3.23654595433590843573e-03	 3.24554363994622799283e-03	 2.76407948099504979442e-03	 0.00000000000000000000e+00	 2.72135996730993702866e-03	 2.77780703447682306498e-03	 3.24075174119458579020e-03	 1.25013724282282950744e-06	 0.00000000000000000000e+00	 0.00000000000000000000e+00	 0.00000000000000000000e+00	 
 7.20000000000000084377e-01	 1.06820094652352016135e-07	 0.00000000000000000000e+00	 1.19777514225718411332e-07	 3.03536483395931960122e-03	 3.04464914744006403050e-03	 2.57016457462031465420e-03	 0.00000000000000000000e+00	 2.53348379311457098245e-03	 2.58245624147264169618e-03	 3.04025957776592583096e-03	 1.28478334735287351452e-06	 0.00000000000000000000e+00	 0.00000000000000000000e+00	 0.00000000000000000000e+00	 
 7.39999999999999991118e-01	 1.00876624950021826988e-07	 0.00000000000000000000e+00	 1.12616847175947744534e-07	 2.84331204928893899880e-03	 2.85287597332285801713e-03	 2.38668363469919783335e-03	 0.00000000000000000000e+00	 2.35479880009594041632e-03	 2.39712689730030899943e-03	 2.84886853896220912374e-03	 1.31939297464999714832e-06	 0.00000000000000000000e+00	 0.00000000000000000000e+00	 0.00000000000000000000e+00	 
 7.60000000000000008882e-01	 9.54064642222966797547e-08	 0.00000000000000000000e+00	 1.05745489382036818863e-07	 2.66026693760793107174e-03	 2.67008698358247274773e-03	 2.21351762581858263479e-03	 0.00000000000000000000e+00	 2.18518778304578652552e-03	 2.22163078758909294727e-03	 2.66643448919497974212e-03	 1.35373837256116940729e-06	 0.00000000000000000000e+00	 0.00000000000000000000e+00	 0.00000000000000000000e+00	 
 7.80000000000000137668e-01	 9.03111362424159433595e-08	 0.00000000000000000000e+00	 9.92271231072600751660e-08	 2.48614147440375053005e-03	 2.49619115251296236346e-03	 2.05057269468948135879e-03	 0.00000000000000000000e+00	 2.02457089156172706512e-03	 2.05581466853691158594e-03	 2.49284193077793691032e-03	 1.38782784178399501861e-06	 0.00000000000000000000e+00	 0.00000000000000000000e+00	 0.00000000000000000000e+00	 
 7.99999999999999933387e-01	 8.54966802504904909947e-08	 0.00000000000000000000e+00	 9.31095853726375550138e-08	 2.32069589140281376527e-03	 2.33094813967652013734e-03	 1.89758617894362829545e-03	 0.00000000000000000000e+00	 1.87269155803484327327e-03	 1.89935133232486453615e-03	 2.32782949199106118168e-03	 1.42157847307765811916e-06	 0.00000000000000000000e+00	 0.00000000000000000000e+00	 0.00000000000000000000e+00	 
 8.20000000000000062172e-01	 8.09021748177301084343e-08	 0.00000000000000000000e+00	 8.73748629675547132013e-08	 2.16372521436089190749e-03	 2.17415221160816973106e-03	 1.75431235852146387780e-03	 0.00000000000000000000e+00	 1.72934804036766896947e-03	 1.75196668798198321518e-03	 2.17119531269679370139e-03	 1.45502884289304277909e-06	 0.00000000000000000000e+00	 0.00000000000000000000e+00	 0.00000000000000000000e+00	 
 8.39999999999999857891e-01	 7.64951253868731148461e-08	 0.00000000000000000000e+00	 8.19479133188847988926e-08	 2.01506210627132482938e-03	 2.02563512293959906152e-03	 1.62053242486540679396e-03	 0.00000000000000000000e+00	 1.59439390600322962628e-03	 1.61344094613892746065e-03	 2.02279652412398975106e-03	 1.48832433177263578343e-06	 0.00000000000000000000e+00	 0.00000000000000000000e+00	 0.00000000000000000000e+00	 
 8.60000000000000097700e-01	 7.22427691561777508989e-08	 0.00000000000000000000e+00	 7.67562355655308593263e-08	 1.87439894546121191797e-03	 1.88509065889849898590e-03	 1.49589510180357198980e-03	 0.00000000000000000000e+00	 1.46751575230869035250e-03	 1.48339206953090234700e-03	 1.88234805404502089643e-03	 1.52153841996782565585e-06	 0.00000000000000000000e+00	 0.00000000000000000000e+00	 0.00000000000000000000e+00	 
 8.80000000000000115463e-01	 6.80782727052563375121e-08	 0.00000000000000000000e+00	 7.17521782670867366828e-08	 1.74147946212661820960e-03	 1.75226992100861234981e-03	 1.38004418254397188438e-03	 0.00000000000000000000e+00	 1.34845412853880916929e-03	 1.36149848586831091063e-03	 1.74961324695041228229e-03	 1.55431348457970118160e-06	 0.00000000000000000000e+00	 0.00000000000000000000e+00	 0.00000000000000000000e+00	 
 8.99999999999999911182e-01	 6.39039750592077780323e-08	 0.00000000000000000000e+00	 6.69091127733310651014e-08	 1.61609949281765015103e-03	 1.62698139321363027636e-03	 1.27263226576788349848e-03	 0.00000000000000000000e+00	 1.23700448509577809811e-03	 1.24749914403130858498e-03	 1.62440521207229656223e-03	 1.58590135403519355194e-06	 0.00000000000000000000e+00	 0.00000000000000000000e+00	 0.00000000000000000000e+00	 
 9.20000000000000039968e-01	 5.96204317611774517250e-08	 0.00000000000000000000e+00	 6.21967152437497277410e-08	 1.49792266538929428298e-03	 1.50890199743755420124e-03	 1.17322615897498625653e-03	 0.00000000000000000000e+00	 1.13280913791434035068e-03	 1.14098215123242894414e-03	 1.50640452127096566119e-03	 1.61529160668290195304e-06	 0.00000000000000000000e+00	 0.00000000000000000000e+00	 0.00000000000000000000e+00	 
 9.39999999999999835687e-01	 5.52969262285500743932e-08	 0.00000000000000000000e+00	 5.76291419831305828235e-08	 1.38667551702445750877e-03	 1.39775490787874415513e-03	 1.08137854046552283997e-03	 0.00000000000000000000e+00	 1.03558052464114923839e-03	 1.04161418574554498137e-03	 1.39534137693138413777e-03	 1.64158498476735259767e-06	 0.00000000000000000000e+00	 0.00000000000000000000e+00	 0.00000000000000000000e+00	 
 9.60000000000000075495e-01	 5.11466769586882916527e-08	 0.00000000000000000000e+00	 5.32586691741631006720e-08	 1.28214648421046194075e-03	 1.29331100864821333524e-03	 9.96642144405890948247e-04	 0.00000000000000000000e+00	 9.45099855455127225816e-04	 9.49137489083448399226e-04	 1.29099672078454423031e-03	 1.66393760800371774774e-06	 0.00000000000000000000e+00	 0.00000000000000000000e+00	 0.00000000000000000000e+00	 
 9.80000000000000093259e-01	 4.73176404365716981262e-08	 0.00000000000000000000e+00	 4.91191665747094902487e-08	 1.18399736975343143272e-03	 1.19522077049196069100e-03	 9.18528459369194862430e-04	 0.00000000000000000000e+00	 8.61005485636769378639e-04	 8.63149206315444233670e-04	 1.19302951065990278309e-03	 1.68117847958491146640e-06	 0.00000000000000000000e+00	 0.00000000000000000000e+00	 0.00000000000000000000e+00	 
 9.99999999999999888978e-01	 4.38447999035859410495e-08	 0.00000000000000000000e+00	 4.52203705849703396462e-08	 1.09195554925291694187e-03	 1.10320606971091783252e-03	 8.46531057753178300951e-04	 0.00000000000000000000e+00	 7.82996796604737573498e-04	 7.83332272177277976616e-04	 1.10116043097226493606e-03	 1.69263316721199819569e-06	 0.00000000000000000000e+00	 0.00000000000000000000e+00	 0.00000000000000000000e+00	 
 1.02000000000000001776e+00	 4.06682210726853248266e-08	 0.00000000000000000000e+00	 4.15519396571153664980e-08	 1.00581225989312874475e-03	 1.01705754563407462822e-03	 7.80137212317169896278e-04	 0.00000000000000000000e+00	 7.10833824240037566618e-04	 7.09450736844284622455e-04	 1.01517080504778182785e-03	 1.69799993121055878419e-06	 0.00000000000000000000e+00	 0.00000000000000000000e+00	 0.00000000000000000000e+00	 
 1.04000000000000003553e+00	 3.77331918128490822290e-08	 0.00000000000000000000e+00	 3.80978507985056686143e-08	 9.25237850330999709973e-04	 9.36448245333747230669e-04	 7.18824315127816596861e-04	 0.00000000000000000000e+00	 6.44149804748525957668e-04	 6.41127745644172507625e-04	 9.34726684672591932174e-04	 1.69667425329280857716e-06	 0.00000000000000000000e+00	 0.00000000000000000000e+00	 0.00000000000000000000e+00	 
 1.06000000000000005329e+00	 3.49989189050808909540e-08	 0.00000000000000000000e+00	 3.48585166359297705499e-08	 8.49971157453867365295e-04	 8.61118800163073187977e-04	 6.62080691784099084098e-04	 0.00000000000000000000e+00	 5.82640829071597661677e-04	 5.78070156331876670169e-04	 8.59559580078533575637e-04	 1.68853640278452183864e-06	 0.00000000000000000000e+00	 0.00000000000000000000e+00	 0.00000000000000000000e+00	 
 1.08000000000000007105e+00	 3.24363301387327861978e-08	 0.00000000000000000000e+00	 3.18487372993286272748e-08	 7.79816915905625772550e-04	 7.90874988982929951094e-04	 6.09407473394478742951e-04	 0.00000000000000000000e+00	 5.26064351399968934200e-04	 5.20063567830249804703e-04	 7.89464231864469060361e-04	 1.67382597637455094301e-06	 0.00000000000000000000e+00	 0.00000000000000000000e+00	 0.00000000000000000000e+00	 
 1.09999999999999986677e+00	 3.00167039886890082211e-08	 0.00000000000000000000e+00	 2.90727218879076292932e-08	 7.14464471574763121051e-04	 7.25410359009618049657e-04	 5.60297221056472029115e-04	 0.00000000000000000000e+00	 4.74066154758692878072e-04	 4.66759463222946784176e-04	 7.24125701265340769412e-04	 1.65248278334240435530e-06	 0.00000000000000000000e+00	 0.00000000000000000000e+00	 0.00000000000000000000e+00	 
 1.11999999999999988454e+00	 2.77202368728952406369e-08	 0.00000000000000000000e+00	 2.65329251163888113909e-08	 6.53664825848751995449e-04	 6.64482227445819108140e-04	 5.14320335001939351466e-04	 0.00000000000000000000e+00	 4.26365667077720537307e-04	 4.17888615327822435155e-04	 6.63300898647012728872e-04	 1.62507539628641700996e-06	 0.00000000000000000000e+00	 0.00000000000000000000e+00	 0.00000000000000000000e+00	 
 1.14000000000000012434e+00	 2.55344013535599738642e-08	 0.00000000000000000000e+00	 2.42311672160997544977e-08	 5.97228472533996193432e-04	 6.07909343638962131051e-04	 4.71110530804786091941e-04	 0.00000000000000000000e+00	 3.82751759950947950152e-04	 3.73256144021654877752e-04	 6.06814840867896912631e-04	 1.59266602228308434295e-06	 0.00000000000000000000e+00	 0.00000000000000000000e+00	 0.00000000000000000000e+00	 
 1.15999999999999992006e+00	 2.34432758572992630472e-08	 0.00000000000000000000e+00	 2.21634011720166620322e-08	 5.44858987162280148861e-04	 5.55405696376706217374e-04	 4.30255562484076073751e-04	 0.00000000000000000000e+00	 3.42910573540841537125e-04	 3.32543341298380755976e-04	 5.54386508452806904025e-04	 1.55601353162993614517e-06	 0.00000000000000000000e+00	 0.00000000000000000000e+00	 0.00000000000000000000e+00	 
 1.18000000000000015987e+00	 2.14545124267938848061e-08	 0.00000000000000000000e+00	 2.02857276586063482452e-08	 4.96325797320788537209e-04	 5.06738038719403184607e-04	 3.91517330049738379420e-04	 0.00000000000000000000e+00	 3.06588544520668300746e-04	 2.95502363671536357435e-04	 5.05790231025040671643e-04	 1.51562186173273870492e-06	 0.00000000000000000000e+00	 0.00000000000000000000e+00	 0.00000000000000000000e+00	 
 1.19999999999999973355e+00	 1.95956849953746519359e-08	 0.00000000000000000000e+00	 1.85204706444567070766e-08	 4.51460243658429686425e-04	 4.61724174404936509898e-04	 3.54798690830119807862e-04	 0.00000000000000000000e+00	 2.73589178078440203694e-04	 2.61951707609838738318e-04	 4.60853723833160510912e-04	 1.47174836780251229900e-06	 0.00000000000000000000e+00	 0.00000000000000000000e+00	 0.00000000000000000000e+00	 
 1.21999999999999997335e+00	 1.78819334021908601746e-08	 0.00000000000000000000e+00	 1.67957185814467259299e-08	 4.09991480482107563659e-04	 4.20086983824328932119e-04	 3.19877893248886140381e-04	 0.00000000000000000000e+00	 2.43626939366210293683e-04	 2.31600362005144846294e-04	 4.19308091238751109997e-04	 1.42438010768436092268e-06	 0.00000000000000000000e+00	 0.00000000000000000000e+00	 0.00000000000000000000e+00	 
 1.24000000000000021316e+00	 1.63090920804542831874e-08	 0.00000000000000000000e+00	 1.51103387295286585133e-08	 3.71721057626983901120e-04	 3.81621164239087076655e-04	 2.86751138102920070071e-04	 0.00000000000000000000e+00	 2.16471584258965299603e-04	 2.04217114719769626645e-04	 3.80948904367913549970e-04	 1.37376963719682859851e-06	 0.00000000000000000000e+00	 0.00000000000000000000e+00	 0.00000000000000000000e+00	 
 1.25999999999999978684e+00	 1.48573490435534538112e-08	 0.00000000000000000000e+00	 1.35213846121015656255e-08	 3.36517488137214992438e-04	 3.46187610021068622752e-04	 2.55595138060243150680e-04	 0.00000000000000000000e+00	 1.91944453895767072399e-04	 1.79626807283899997576e-04	 3.45632041106908689462e-04	 1.32034959305663949865e-06	 0.00000000000000000000e+00	 0.00000000000000000000e+00	 0.00000000000000000000e+00	 
 1.28000000000000002665e+00	 1.35059901900436079576e-08	 0.00000000000000000000e+00	 1.20604909195023556856e-08	 3.04150303436221346697e-04	 3.13553617545398604933e-04	 2.26368426854255106297e-04	 0.00000000000000000000e+00	 1.69791488710212653190e-04	 1.57564477363906715619e-04	 3.13122246051995443885e-04	 1.26422343844034215253e-06	 0.00000000000000000000e+00	 0.00000000000000000000e+00	 0.00000000000000000000e+00	 
 1.30000000000000026645e+00	 1.22193060571156334966e-08	 0.00000000000000000000e+00	 1.07344902142181969055e-08	 2.74440911750337211261e-04	 2.83547246919445706387e-04	 1.99152731064556541259e-04	 0.00000000000000000000e+00	 1.49819056285759402182e-04	 1.37820516544546372087e-04	 2.83237471897983944785e-04	 1.20572990169954301357e-06	 0.00000000000000000000e+00	 0.00000000000000000000e+00	 0.00000000000000000000e+00	 
 1.32000000000000006217e+00	 1.09479071951745062663e-08	 0.00000000000000000000e+00	 9.53057801842646947229e-09	 2.47260013464190985411e-04	 2.56053134786410449726e-04	 1.74137699124220636342e-04	 0.00000000000000000000e+00	 1.31887907797625258564e-04	 1.20236060426851177523e-04	 2.55845737868739782957e-04	 1.14536393722174922341e-06	 0.00000000000000000000e+00	 0.00000000000000000000e+00	 0.00000000000000000000e+00	 
 1.34000000000000007994e+00	 9.64217707634374765653e-09	 0.00000000000000000000e+00	 8.43262836358374656261e-09	 2.22392387973302133953e-04	 2.30869474266893608431e-04	 1.51270598588352069361e-04	 0.00000000000000000000e+00	 1.15789555770914613024e-04	 1.04579914751256353189e-04	 2.30733551192502855725e-04	 1.08322395115385783723e-06	 0.00000000000000000000e+00	 0.00000000000000000000e+00	 0.00000000000000000000e+00	 
 1.35999999999999987566e+00	 8.33518642288837512856e-09	 0.00000000000000000000e+00	 7.43049061258574682416e-09	 1.99679412348891709497e-04	 2.07838631563378158171e-04	 1.30542901981973118305e-04	 0.00000000000000000000e+00	 1.01366155658492624356e-04	 9.06746359672017045346e-05	 2.07742073330908962742e-04	 1.01991005581201270723e-06	 0.00000000000000000000e+00	 0.00000000000000000000e+00	 0.00000000000000000000e+00	 
 1.37999999999999989342e+00	 7.12727187320435892739e-09	 0.00000000000000000000e+00	 6.51903501971783504936e-09	 1.79014594782853330964e-04	 1.86844958869018611634e-04	 1.11991507500487196946e-04	 0.00000000000000000000e+00	 8.85050267881564578379e-05	 7.83905555679577001858e-05	 1.86762624728146721864e-04	 9.56413721880787816513e-07	 0.00000000000000000000e+00	 0.00000000000000000000e+00	 0.00000000000000000000e+00	 
 1.40000000000000013323e+00	 6.06319265793396368894e-09	 0.00000000000000000000e+00	 5.68799141415672215979e-09	 1.60213814282921234583e-04	 1.67700247017558707729e-04	 9.54624350884794879496e-05	 0.00000000000000000000e+00	 7.70328011556441894078e-05	 6.75376558804910458915e-05	 1.67611531003555733416e-04	 8.93208723024161789142e-07	 0.00000000000000000000e+00	 0.00000000000000000000e+00	 0.00000000000000000000e+00	 
 1.41999999999999992895e+00	 5.14984256412994974255e-09	 0.00000000000000000000e+00	 4.93688967252054327658e-09	 1.43135019933724177022e-04	 1.50263226473565088357e-04	 8.08454287302871822847e-05	 0.00000000000000000000e+00	 6.68215254949297728353e-05	 5.79732387658886814843e-05	 1.50154829997300841163e-04	 8.30760247555714975317e-07	 0.00000000000000000000e+00	 0.00000000000000000000e+00	 0.00000000000000000000e+00	 
 1.44000000000000016875e+00	 4.36492994091833083165e-09	 0.00000000000000000000e+00	 4.27363645112046478267e-09	 1.27675201866233039173e-04	 1.34435422096586032524e-04	 6.80732891283556670664e-05	 0.00000000000000000000e+00	 5.77829563706384210608e-05	 4.95957142123391609562e-05	 1.34303707387421105215e-04	 7.69522109745679894995e-07	 0.00000000000000000000e+00	 0.00000000000000000000e+00	 0.00000000000000000000e+00	 
 1.45999999999999996447e+00	 3.68535693322777326640e-09	 0.00000000000000000000e+00	 3.69714138996192208772e-09	 1.13666853347254247480e-04	 1.20053872549071756763e-04	 5.69458353907003049944e-05	 0.00000000000000000000e+00	 4.97755953934324158849e-05	 4.22530502597797806997e-05	 1.19901355242860169084e-04	 7.09489542972455036747e-07	 0.00000000000000000000e+00	 0.00000000000000000000e+00	 0.00000000000000000000e+00	 
 1.47999999999999998224e+00	 3.10091188716006534886e-09	 0.00000000000000000000e+00	 3.20302058622739953287e-09	 1.00988941370820721173e-04	 1.07000619729411057426e-04	 4.73142441053171989023e-05	 0.00000000000000000000e+00	 4.26992294492223095279e-05	 3.58354509143759248865e-05	 1.06831519590973024426e-04	 6.51209941914662774557e-07	 0.00000000000000000000e+00	 0.00000000000000000000e+00	 0.00000000000000000000e+00	 
 1.50000000000000000000e+00	 2.61213672581355635684e-09	 0.00000000000000000000e+00	 2.78480903010873914019e-09	 8.95615683097219600307e-05	 9.51976365221216084015e-05	 3.90756140291235684082e-05	 0.00000000000000000000e+00	 3.64889857523520192112e-05	 3.02689524338776988618e-05	 9.50144198089946913572e-05	 5.95694546808304465800e-07	 0.00000000000000000000e+00	 0.00000000000000000000e+00	 0.00000000000000000000e+00	 
 1.52000000000000001776e+00	 2.21259750187960293986e-09	 0.00000000000000000000e+00	 2.43475141150070453523e-09	 7.92459083983345177098e-05	 8.45076801460000902235e-05	 3.20379085199076597628e-05	 0.00000000000000000000e+00	 3.10324482460973277579e-05	 2.54362767251793330198e-05	 8.43109872500871798022e-05	 5.43361916468805186230e-07	 0.00000000000000000000e+00	 0.00000000000000000000e+00	 0.00000000000000000000e+00	 
 1.54000000000000003553e+00	 1.89108561267904239423e-09	 0.00000000000000000000e+00	 2.13656823923361696886e-09	 6.99443520333927317226e-05	 7.48354534447088348822e-05	 2.60629743117866240893e-05	 0.00000000000000000000e+00	 2.62528529482110287619e-05	 2.12552219299563548746e-05	 7.46273531874622702122e-05	 4.94350471894626237149e-07	 0.00000000000000000000e+00	 0.00000000000000000000e+00	 0.00000000000000000000e+00	 
 1.56000000000000027534e+00	 1.63292172653679933265e-09	 0.00000000000000000000e+00	 1.86671254090612032132e-09	 6.15950029521386240635e-05	 6.61219545085604880298e-05	 2.10577481756320898112e-05	 0.00000000000000000000e+00	 2.21034215228015793939e-05	 1.76727827001520830107e-05	 6.59086618818008796068e-05	 4.48600747786580884179e-07	 0.00000000000000000000e+00	 0.00000000000000000000e+00	 0.00000000000000000000e+00	 
 1.58000000000000007105e+00	 1.42659555962062672975e-09	 0.00000000000000000000e+00	 1.60495857790307945588e-09	 5.40818597729999053260e-05	 5.82523910626982802064e-05	 1.68670740226753586820e-05	 0.00000000000000000000e+00	 1.84955589128208524577e-05	 1.45996022707166922847e-05	 5.80426819553661509847e-05	 4.05754892765555420011e-07	 0.00000000000000000000e+00	 0.00000000000000000000e+00	 0.00000000000000000000e+00	 
 1.60000000000000008882e+00	 1.25836860974468148067e-09	 0.00000000000000000000e+00	 1.35077105619519194876e-09	 4.73270627390237296731e-05	 5.11516126207039203934e-05	 1.33825822967844886035e-05	 0.00000000000000000000e+00	 1.53710861163504862708e-05	 1.19748117992803461190e-05	 5.09538878450202864447e-05	 3.65656262147799149097e-07	 0.00000000000000000000e+00	 0.00000000000000000000e+00	 0.00000000000000000000e+00	 
 1.61999999999999988454e+00	 1.11226979612184462177e-09	 0.00000000000000000000e+00	 1.11893271522588004938e-09	 4.12847896555400124233e-05	 4.47778342051981053350e-05	 1.05334642411666226203e-05	 0.00000000000000000000e+00	 1.26969349533025021350e-05	 9.76075971398288482785e-06	 4.45979424732284004864e-05	 3.28312725583338082739e-07	 0.00000000000000000000e+00	 0.00000000000000000000e+00	 0.00000000000000000000e+00	 
 1.64000000000000012434e+00	 9.75501052468761810104e-10	 0.00000000000000000000e+00	 9.13230114269746916994e-10	 3.58575913603594023855e-05	 3.90348518842898275279e-05	 8.20550372631700610957e-06	 0.00000000000000000000e+00	 1.04040369845843241425e-05	 7.89032754719223725299e-06	 3.88773573029930200788e-05	 2.93393037768800045234e-07	 0.00000000000000000000e+00	 0.00000000000000000000e+00	 0.00000000000000000000e+00	 
 1.66000000000000014211e+00	 8.43958564089225617960e-10	 0.00000000000000000000e+00	 7.38680593404236291279e-10	 3.09890221309370612348e-05	 3.38674508181589464144e-05	 6.31917958953910932732e-06	 0.00000000000000000000e+00	 8.44878676272117946780e-06	 6.31912295212205535257e-06	 3.37347372997330187242e-05	 2.60899491493327943277e-07	 0.00000000000000000000e+00	 0.00000000000000000000e+00	 0.00000000000000000000e+00	 
 1.67999999999999993783e+00	 7.19948434160037004786e-10	 0.00000000000000000000e+00	 6.01984665373599454853e-10	 2.66561342409182982257e-05	 2.92541116290082777699e-05	 4.82175201644711623575e-06	 0.00000000000000000000e+00	 6.80819058823646411799e-06	 5.02082233025246469884e-06	 2.91455941066565298362e-05	 2.31113778881710134791e-07	 0.00000000000000000000e+00	 0.00000000000000000000e+00	 0.00000000000000000000e+00	 
 1.70000000000000017764e+00	 6.02642643949408755333e-10	 0.00000000000000000000e+00	 5.02631518694905861286e-10	 2.27815979711681064663e-05	 2.51168582465514349385e-05	 3.63376170823317403910e-06	 0.00000000000000000000e+00	 5.42932341245563729646e-06	 3.94616824411835846883e-06	 2.50306618697636971559e-05	 2.03896506824773606961e-07	 0.00000000000000000000e+00	 0.00000000000000000000e+00	 0.00000000000000000000e+00	 
 1.71999999999999997335e+00	 4.94216464106629889538e-10	 0.00000000000000000000e+00	 4.32716696196319206609e-10	 1.93277370835533687311e-05	 2.14182923962169161720e-05	 2.70071311955732235396e-06	 0.00000000000000000000e+00	 4.27938444656104388268e-06	 3.06350859292220141907e-06	 2.13512998981778983915e-05	 1.79198723858344691575e-07	 0.00000000000000000000e+00	 0.00000000000000000000e+00	 0.00000000000000000000e+00	 
 1.73999999999999999112e+00	 3.99367835689077442680e-10	 0.00000000000000000000e+00	 3.78443143267594684964e-10	 1.62891671101886521876e-05	 1.81542510579721606747e-05	 1.98651506560010449466e-06	 0.00000000000000000000e+00	 3.34148859500894289905e-06	 2.35479537032429739259e-06	 1.81019726098584845413e-05	 1.57067347616296594093e-07	 0.00000000000000000000e+00	 0.00000000000000000000e+00	 0.00000000000000000000e+00	 
 1.76000000000000023093e+00	 3.17929637804039690298e-10	 0.00000000000000000000e+00	 3.29557472784945117864e-10	 1.36038590859927514321e-05	 1.52621333327281867652e-05	 1.44055566625194945211e-06	 0.00000000000000000000e+00	 2.57591708698461959701e-06	 1.78515722020270991915e-06	 1.52195625267343874677e-05	 1.37250954645023458647e-07	 0.00000000000000000000e+00	 0.00000000000000000000e+00	 0.00000000000000000000e+00	 
 1.78000000000000002665e+00	 2.49035335016765712377e-10	 0.00000000000000000000e+00	 2.83209277038226200118e-10	 1.12457152202273710751e-05	 1.27140214763471769187e-05	 1.02829837791614438225e-06	 0.00000000000000000000e+00	 1.95742595388125531085e-06	 1.33223299357030756462e-06	 1.26768881656343733303e-05	 1.19481544271612891288e-07	 0.00000000000000000000e+00	 0.00000000000000000000e+00	 0.00000000000000000000e+00	 
 1.80000000000000004441e+00	 1.91390585802843659385e-10	 0.00000000000000000000e+00	 2.41929618779424565398e-10	 9.21809880143806858782e-06	 1.05105573878875942933e-05	 7.26416817998771657189e-07	 0.00000000000000000000e+00	 1.47177624651860063570e-06	 9.82960991327420165829e-07	 1.04762493864810426764e-05	 1.03477750754087772075e-07	 0.00000000000000000000e+00	 0.00000000000000000000e+00	 0.00000000000000000000e+00	 
 1.81999999999999984013e+00	 1.42132533288135635282e-10	 0.00000000000000000000e+00	 2.06390551295302741020e-10	 7.46959401127950393576e-06	 8.59777441846599880821e-06	 5.05871317411775778834e-07	 0.00000000000000000000e+00	 1.09030553652756804585e-06	 7.13799008921817645653e-07	 8.56443596387198041611e-06	 8.87810797490083402912e-08	 0.00000000000000000000e+00	 0.00000000000000000000e+00	 0.00000000000000000000e+00	 
 1.84000000000000007994e+00	 1.01064680649176551639e-10	 0.00000000000000000000e+00	 1.72662233110384891954e-10	 5.97103408349728982099e-06	 6.94486500153025679375e-06	 3.46822820971716610990e-07	 0.00000000000000000000e+00	 7.93761821386473522581e-07	 5.08824589742220822183e-07	 6.91210692157503063082e-06	 7.52566412758696360355e-08	 0.00000000000000000000e+00	 0.00000000000000000000e+00	 0.00000000000000000000e+00	 
 1.86000000000000009770e+00	 7.00869212392288405092e-11	 0.00000000000000000000e+00	 1.33429664268362889369e-10	 4.71189149319098485747e-06	 5.54033229926126274197e-06	 2.35412610766284032295e-07	 0.00000000000000000000e+00	 5.69595580654759828854e-07	 3.57410454806119430833e-07	 5.50989933478372812480e-06	 6.30222026118844630454e-08	 0.00000000000000000000e+00	 0.00000000000000000000e+00	 0.00000000000000000000e+00	 
 1.87999999999999989342e+00	 4.73838064170367885637e-11	 0.00000000000000000000e+00	 9.72661884333794913362e-11	 3.66155634379946605994e-06	 4.35342002521871302572e-06	 1.57638153873568395996e-07	 0.00000000000000000000e+00	 4.01241098592100671079e-07	 2.46439876154702470048e-07	 4.32731349685459260154e-06	 5.21142623869320586648e-08	 0.00000000000000000000e+00	 0.00000000000000000000e+00	 0.00000000000000000000e+00	 
 1.89999999999999991118e+00	 3.13585087717910416066e-11	 0.00000000000000000000e+00	 6.80135556807296777182e-11	 2.79709777038299275980e-06	 3.36294993624208064673e-06	 1.04116000848153589087e-07	 0.00000000000000000000e+00	 2.77105447569113627686e-07	 1.66714991536804047975e-07	 3.34213893030936578542e-06	 4.24707050626584471997e-08	 0.00000000000000000000e+00	 0.00000000000000000000e+00	 0.00000000000000000000e+00	 
 1.92000000000000015099e+00	 2.05406875665058224485e-11	 0.00000000000000000000e+00	 4.65111468645156149780e-11	 2.10272624555952245657e-06	 2.55668791896177967756e-06	 6.82611726086597641067e-08	 0.00000000000000000000e+00	 1.88833601696570690275e-07	 1.11497951569353859623e-07	 2.54008223640794544347e-06	 3.39823409875951154652e-08	 0.00000000000000000000e+00	 0.00000000000000000000e+00	 0.00000000000000000000e+00	 
 1.93999999999999994671e+00	 1.32728784074570418765e-11	 0.00000000000000000000e+00	 3.10762443687668113619e-11	 1.54969875979734791174e-06	 1.90565096094502132773e-06	 4.42363390347669689790e-08	 0.00000000000000000000e+00	 1.26424099336130899659e-07	 7.33957781038850502680e-08	 1.89194390086732473171e-06	 2.66586052687387557936e-08	 0.00000000000000000000e+00	 0.00000000000000000000e+00	 0.00000000000000000000e+00	 
 1.95999999999999996447e+00	 8.47407253194260958169e-12	 0.00000000000000000000e+00	 2.03705416180300193305e-11	 1.11763426978089704869e-06	 1.38929653522446607051e-06	 2.83430509836191776836e-08	 0.00000000000000000000e+00	 8.31706453050813160905e-08	 4.75719622743326090616e-08	 1.37767354243544196784e-06	 2.04366004047871006380e-08	 0.00000000000000000000e+00	 0.00000000000000000000e+00	 0.00000000000000000000e+00	 
 1.97999999999999998224e+00	 5.39692879940898977225e-12	 0.00000000000000000000e+00	 1.32581824658020760917e-11	 7.92466913242603127109e-07	 9.93845058607917123029e-07	 1.81185711074735095829e-08	 0.00000000000000000000e+00	 5.43112541848512598134e-08	 3.06828293315982110977e-08	 9.84516624722583915186e-07	 1.52231718803308099674e-08	 0.00000000000000000000e+00	 0.00000000000000000000e+00	 0.00000000000000000000e+00	 
 2.00000000000000000000e+00	 3.40882050227892852570e-12	 0.00000000000000000000e+00	 8.52067196996177154174e-12	 5.48936831394377835150e-07	 6.93435536725780128574e-07	 1.14845654337990898890e-08	 0.00000000000000000000e+00	 3.50069379364069340198e-08	 1.95790243153511344136e-08	 6.86326088657876490062e-07	 1.09503588809832788907e-08	 0.00000000000000000000e+00	 0.00000000000000000000e+00	 0.00000000000000000000e+00	 
 2.02000000000000001776e+00	 2.12606786448373665405e-12	 0.00000000000000000000e+00	 5.38718451966236371231e-12	 3.69060752196020337011e-07	 4.68868176696426614668e-07	 7.18327951688863536370e-09	 0.00000000000000000000e+00	 2.21889817823037795833e-08	 1.23105477405028225326e-08	 4.63771319880895203554e-07	 7.55018881109631895632e-09	 0.00000000000000000000e+00	 0.00000000000000000000e+00	 0.00000000000000000000e+00	 
 2.04000000000000003553e+00	 1.30063179564845716297e-12	 0.00000000000000000000e+00	 3.33027235238712879258e-12	 2.38890993854427537545e-07	 3.04643478551704187069e-07	 4.40416320521214941800e-09	 0.00000000000000000000e+00	 1.37433897513319481015e-08	 7.57820904024458892944e-09	 3.01308549105772624028e-07	 4.96405453865105949542e-09	 0.00000000000000000000e+00	 0.00000000000000000000e+00	 0.00000000000000000000e+00	 
 2.06000000000000005329e+00	 7.32800498177920689569e-13	 0.00000000000000000000e+00	 1.88757199353526539066e-12	 1.38972128969535824815e-07	 1.77563839569566592098e-07	 2.48456730644140287564e-09	 0.00000000000000000000e+00	 7.79821419884175709112e-09	 4.28501616523604501722e-09	 1.75646984383347318475e-07	 2.90922363944015805279e-09	 0.00000000000000000000e+00	 0.00000000000000000000e+00	 0.00000000000000000000e+00	 
 2.08000000000000007105e+00	 3.51066742674044490993e-13	 0.00000000000000000000e+00	 9.04596131822176027241e-13	 6.66967666136347290476e-08	 8.52274525378836806730e-08	 1.19039273072636675844e-09	 0.00000000000000000000e+00	 3.73746977497624363064e-09	 2.05327802802270733883e-09	 8.43073155713111692660e-08	 1.39685879506087137478e-09	 0.00000000000000000000e+00	 0.00000000000000000000e+00	 0.00000000000000000000e+00	 
 2.10000000000000053291e+00	 1.64902156172569166607e-13	 0.00000000000000000000e+00	 4.24974293284394412303e-13	 3.13571862538416134958e-08	 4.00715860777395226761e-08	 5.59173121104225615069e-10	 0.00000000000000000000e+00	 1.75591470513765232433e-09	 9.64561684777103968637e-10	 3.96389602858576937658e-08	 6.56879986955541145355e-10	 0.00000000000000000000e+00	 0.00000000000000000000e+00	 0.00000000000000000000e+00	 
 2.12000000000000010658e+00	 7.60835925815567911232e-14	 0.00000000000000000000e+00	 1.96090059457519075911e-13	 1.44737224812705202853e-08	 1.84965639295907933430e-08	 2.58000659864775493188e-10	 0.00000000000000000000e+00	 8.10225736122341018081e-10	 4.45055461906761742550e-10	 1.82968753747297067106e-08	 3.03231804999913738254e-10	 0.00000000000000000000e+00	 0.00000000000000000000e+00	 0.00000000000000000000e+00	 
 2.14000000000000012434e+00	 3.45159652978429938802e-14	 0.00000000000000000000e+00	 8.89589382143045116482e-14	 6.56700559144061822129e-09	 8.39232218218933079408e-09	 1.17045367092929134158e-10	 0.00000000000000000000e+00	 3.67574180737743892663e-10	 2.01905562087817798732e-10	 8.30172306192849108619e-09	 1.37586775275069393122e-10	 0.00000000000000000000e+00	 0.00000000000000000000e+00	 0.00000000000000000000e+00	 
 2.15999999999999969802e+00	 1.54034833063682060530e-14	 0.00000000000000000000e+00	 3.96992222110755741960e-14	 2.93063622498723925068e-09	 3.74521482130562694623e-09	 5.22341527378050231499e-11	 0.00000000000000000000e+00	 1.64036181260842432045e-10	 9.01042054773562591518e-11	 3.70478543623053126709e-09	 6.14002375571829318036e-11	 0.00000000000000000000e+00	 0.00000000000000000000e+00	 0.00000000000000000000e+00	 
 2.18000000000000015987e+00	 6.76312199456625012833e-15	 0.00000000000000000000e+00	 1.74300643298214972248e-14	 1.28663968197768072825e-09	 1.64425811494882920670e-09	 2.29341533178730613960e-11	 0.00000000000000000000e+00	 7.20207119636603638614e-11	 3.95610670781431763691e-11	 1.62650925385356457479e-09	 2.69560684498051506803e-11	 0.00000000000000000000e+00	 0.00000000000000000000e+00	 0.00000000000000000000e+00	 
 2.20000000000000017764e+00	 2.92128291736653960339e-15	 0.00000000000000000000e+00	 7.52857886804788397594e-15	 5.55699556786789157017e-10	 7.10150941946403154481e-10	 9.90622749347849639646e-12	 0.00000000000000000000e+00	 3.11079533616487637638e-11	 1.70878766557953660812e-11	 7.02485557876440933486e-10	 1.16420262682899646832e-11	 0.00000000000000000000e+00	 0.00000000000000000000e+00	 0.00000000000000000000e+00	 
 2.21999999999999975131e+00	 1.24111467689955646304e-15	 0.00000000000000000000e+00	 3.19845076722161689955e-15	 2.36066789075204954122e-10	 3.01677568360218316366e-10	 4.20867655545131998727e-12	 0.00000000000000000000e+00	 1.32159314905139535908e-11	 7.25972728270017448912e-12	 2.98421361533671901705e-10	 4.94552382145620952188e-12	 0.00000000000000000000e+00	 0.00000000000000000000e+00	 0.00000000000000000000e+00	 
 2.24000000000000021316e+00	 5.18493621309229756314e-16	 0.00000000000000000000e+00	 1.33616811190955567845e-15	 9.86114689047223230622e-11	 1.26018207800391360648e-10	 1.75823139222372642877e-12	 0.00000000000000000000e+00	 5.52101300008061036009e-12	 3.03281875825117798702e-12	 1.24658045330717861009e-10	 2.06583134587644796471e-12	 0.00000000000000000000e+00	 0.00000000000000000000e+00	 0.00000000000000000000e+00	 
 2.25999999999999978684e+00	 2.12927056809267823099e-16	 0.00000000000000000000e+00	 5.48706657244993323097e-16	 4.04931968532498530411e-11	 5.17471013833451669964e-11	 7.22042158928243462522e-13	 0.00000000000000000000e+00	 2.26723978667557216510e-12	 1.24545900128294264488e-12	 5.11885868035352970971e-11	 8.48283677983681967156e-13	 0.00000000000000000000e+00	 0.00000000000000000000e+00	 0.00000000000000000000e+00	 
 2.27999999999999980460e+00	 8.59263923897246106436e-17	 0.00000000000000000000e+00	 2.21426366696833195088e-16	 1.63399721258389690576e-11	 2.08811171016788229606e-11	 2.91378520810835596643e-13	 0.00000000000000000000e+00	 9.14926420548102610155e-13	 5.02598969272833793515e-13	 2.06557475277726703307e-11	 3.42297388152957384289e-13	 0.00000000000000000000e+00	 0.00000000000000000000e+00	 0.00000000000000000000e+00	 
 2.30000000000000026645e+00	 3.40625666107096433426e-17	 0.00000000000000000000e+00	 8.77758354329959679846e-17	 6.47711094826374405443e-12	 8.27718266432271307760e-12	 1.15506848352091357928e-13	 0.00000000000000000000e+00	 3.62686580938280124430e-13	 1.99236819721668349211e-13	 8.18784824176089163389e-12	 1.35683894762775334075e-13	 0.00000000000000000000e+00	 0.00000000000000000000e+00	 0.00000000000000000000e+00	 
 2.32000000000000028422e+00	 1.32594950173072542233e-17	 0.00000000000000000000e+00	 3.41680859231155052796e-17	 2.52124481314143637787e-12	 3.22192397195799396159e-12	 4.49631677981031580185e-14	 0.00000000000000000000e+00	 1.41181215947320341726e-13	 7.75563014823505686270e-14	 3.18715053314118480072e-12	 5.28150762327967901892e-14	 0.00000000000000000000e+00	 0.00000000000000000000e+00	 0.00000000000000000000e+00	 
 2.33999999999999985789e+00	 5.06661004145898411705e-18	 0.00000000000000000000e+00	 1.30559409961567467140e-17	 9.63370820027631177176e-13	 1.23109921296061946679e-12	 1.71809457777344822209e-14	 0.00000000000000000000e+00	 5.39466227923276670775e-14	 2.96350720348466472119e-14	 1.21781234921910149721e-12	 2.01805644804530000986e-14	 0.00000000000000000000e+00	 0.00000000000000000000e+00	 0.00000000000000000000e+00	 
 2.36000000000000031974e+00	 1.89972072976813392884e-18	 0.00000000000000000000e+00	 4.89528798988349150614e-18	 3.61207541707006996202e-13	 4.61589425235125913829e-13	 6.44197622438516072319e-15	 0.00000000000000000000e+00	 2.02271269030461224354e-14	 1.11116123994279380710e-14	 4.56607661527686321997e-13	 7.56648796880104421475e-15	 0.00000000000000000000e+00	 0.00000000000000000000e+00	 0.00000000000000000000e+00	 
 2.38000000000000033751e+00	 6.98688751604091441549e-19	 0.00000000000000000000e+00	 1.80040658449736789222e-18	 1.32844685299464272712e-13	 1.69762920842840251233e-13	 2.36926125389724339028e-15	 0.00000000000000000000e+00	 7.43920383925998927477e-15	 4.08667595316067802366e-15	 1.67930739168269354274e-13	 2.78278744940339718684e-15	 0.00000000000000000000e+00	 0.00000000000000000000e+00	 0.00000000000000000000e+00	 
 2.39999999999999991118e+00	 2.51963907900997653371e-19	 0.00000000000000000000e+00	 6.49267939521132454408e-19	 4.79064416281632726710e-14	 6.12198533582841119693e-14	 8.54412199780748942187e-16	 0.00000000000000000000e+00	 2.68274733966291948294e-15	 1.47375113013165154627e-15	 6.05591343082003834666e-14	 1.00352577598174284993e-15	 0.00000000000000000000e+00	 0.00000000000000000000e+00	 0.00000000000000000000e+00	 
 2.41999999999999948486e+00	 8.90617514431243209136e-20	 0.00000000000000000000e+00	 2.29496436601010345209e-19	 1.69333643542928756458e-14	 2.16392108027811542626e-14	 3.02009279677118375799e-16	 0.00000000000000000000e+00	 9.48269401832370482815e-16	 5.20926661622911782469e-16	 2.14056687366207321131e-14	 3.54712890459659557852e-16	 0.00000000000000000000e+00	 0.00000000000000000000e+00	 0.00000000000000000000e+00	 
 2.44000000000000039080e+00	 3.08445774182802714679e-20	 0.00000000000000000000e+00	 7.94809145255418673273e-20	 5.86446274459283116160e-15	 7.49421667098083763341e-15	 1.04594263676035413998e-16	 0.00000000000000000000e+00	 3.28411717273391453704e-16	 1.80411344759186833905e-16	 7.41333514731859469497e-15	 1.22846076874973776014e-16	 0.00000000000000000000e+00	 0.00000000000000000000e+00	 0.00000000000000000000e+00	 
 2.45999999999999996447e+00	 1.04625130098918804882e-20	 0.00000000000000000000e+00	 2.69599768490232333980e-20	 1.98922301613178372778e-15	 2.54203413376138903817e-15	 3.54784850737875538402e-17	 0.00000000000000000000e+00	 1.11397467525624428891e-16	 6.11956828596261577731e-17	 2.51459919522088738858e-15	 4.16692852157398992470e-17	 0.00000000000000000000e+00	 0.00000000000000000000e+00	 0.00000000000000000000e+00	 
 2.47999999999999953815e+00	 3.47452996566420817752e-21	 0.00000000000000000000e+00	 8.95321773286480118703e-21	 6.60605300850398522717e-16	 8.44189358626589746363e-16	 1.17821664394060382640e-17	 0.00000000000000000000e+00	 3.69943139350617681515e-17	 2.03226648233750885757e-17	 8.35078440782092417467e-16	 1.38380299525507028044e-17	 0.00000000000000000000e+00	 0.00000000000000000000e+00	 0.00000000000000000000e+00	 
 2.50000000000000044409e+00	 1.12925107240640960077e-21	 0.00000000000000000000e+00	 2.90986773077937854451e-21	 2.14701636411967140450e-16	 2.74367780368038188675e-16	 3.82930233729092292050e-18	 0.00000000000000000000e+00	 1.20234505038432712971e-17	 6.60503262534621167930e-18	 2.71406666669474089630e-16	 4.49745976985436880367e-18	 0.00000000000000000000e+00	 0.00000000000000000000e+00	 0.00000000000000000000e+00	 
 2.52000000000000001776e+00	 3.59045160441340194599e-22	 0.00000000000000000000e+00	 9.25191236855106608495e-22	 6.82641966261920083778e-17	 8.72349844397839982182e-17	 1.21752612902900830015e-18	 0.00000000000000000000e+00	 3.82285153425987135262e-18	 2.10006832526464291727e-18	 8.62935015637601595700e-17	 1.42996264622217936158e-18	 0.00000000000000000000e+00	 0.00000000000000000000e+00	 0.00000000000000000000e+00	 
 2.54000000000000003553e+00	 1.11634798720321099441e-22	 0.00000000000000000000e+00	 2.87661505186822779455e-22	 2.12247555707559550926e-17	 2.71231645851387964318e-17	 3.78554913143898363281e-19	 0.00000000000000000000e+00	 1.18860548052535018397e-18	 6.52955902179887485798e-19	 2.68304381868152154817e-17	 4.44604873994710074724e-19	 0.00000000000000000000e+00	 0.00000000000000000000e+00	 0.00000000000000000000e+00	 
 2.56000000000000049738e+00	 3.39287589819666436548e-23	 0.00000000000000000000e+00	 8.74278627319311234358e-23	 6.45075210676657570038e-18	 8.24343042954167580308e-18	 1.15052844354470734905e-19	 0.00000000000000000000e+00	 3.61248379937773607097e-19	 1.98450480648865054752e-19	 8.15446335404978952042e-18	 1.35126867336923442522e-19	 0.00000000000000000000e+00	 0.00000000000000000000e+00	 0.00000000000000000000e+00	 
 2.58000000000000007105e+00	 1.00757686664199140021e-23	 0.00000000000000000000e+00	 2.59632949520702463918e-23	 1.91566637281875471242e-18	 2.44803411043574961217e-18	 3.41670650989877957493e-20	 0.00000000000000000000e+00	 1.07279299170168831155e-19	 5.89335084433916107649e-20	 2.42161375744802110020e-18	 4.01283290597313469672e-20	 0.00000000000000000000e+00	 0.00000000000000000000e+00	 0.00000000000000000000e+00	 
 2.60000000000000008882e+00	 2.92248467793335366726e-24	 0.00000000000000000000e+00	 7.53066947792086681963e-24	 5.55639671567692471126e-19	 7.10053055744624570552e-19	 9.91018684013441580106e-21	 0.00000000000000000000e+00	 3.11164317682700948508e-20	 1.70937080272318498999e-20	 7.02389827467113401757e-19	 1.16392311752393378550e-20	 0.00000000000000000000e+00	 0.00000000000000000000e+00	 0.00000000000000000000e+00	 
 2.62000000000000055067e+00	 8.27580389677491435269e-25	 0.00000000000000000000e+00	 2.13251083259486072079e-24	 1.57344110751970924268e-19	 2.01070340057271124897e-19	 2.80633758478068699191e-21	 0.00000000000000000000e+00	 8.81145317058666263124e-21	 4.84054385367207850280e-21	 1.98900294864084960410e-19	 3.29595585299200829320e-21	 0.00000000000000000000e+00	 0.00000000000000000000e+00	 0.00000000000000000000e+00	 
 2.64000000000000012434e+00	 2.28702089071484705953e-25	 0.00000000000000000000e+00	 5.89319591914255855925e-25	 4.34820186323997677987e-20	 5.55657501508074577656e-20	 7.75532469553013273464e-22	 0.00000000000000000000e+00	 2.43504654948049849947e-21	 1.33768551950495644864e-21	 5.49660588613334072375e-20	 9.10836510019545943783e-22	 0.00000000000000000000e+00	 0.00000000000000000000e+00	 0.00000000000000000000e+00	 
 2.66000000000000014211e+00	 6.16521498863545551078e-26	 0.00000000000000000000e+00	 1.58865152716081412877e-25	 1.17216030717214842388e-20	 1.49790564196406929084e-20	 2.09063502180337712639e-22	 0.00000000000000000000e+00	 6.56425037486828825558e-22	 3.60605246737851511684e-22	 1.48173955934447521199e-20	 2.45537354967491408571e-22	 0.00000000000000000000e+00	 0.00000000000000000000e+00	 0.00000000000000000000e+00	 
 2.67999999999999971578e+00	 1.62053611208909423625e-26	 0.00000000000000000000e+00	 4.17579124008591468118e-26	 3.08103521342003676052e-21	 3.93725974745209856077e-21	 5.49526779744733795080e-23	 0.00000000000000000000e+00	 1.72542221284435972941e-22	 9.47856177283968069353e-23	 3.89476706323474439824e-21	 6.45397147954198079836e-23	 0.00000000000000000000e+00	 0.00000000000000000000e+00	 0.00000000000000000000e+00	 
 2.70000000000000017764e+00	 4.15158502354697720862e-27	 0.00000000000000000000e+00	 1.06977789954768082321e-26	 7.89316142785557345855e-22	 1.00866823881867424772e-21	 1.40781065515286654142e-23	 0.00000000000000000000e+00	 4.42028578538427583620e-23	 2.42827336862863665120e-23	 9.97782242390322309038e-22	 1.65341231737372074393e-23	 0.00000000000000000000e+00	 0.00000000000000000000e+00	 0.00000000000000000000e+00	 
 2.72000000000000019540e+00	 1.03615413068967008786e-27	 0.00000000000000000000e+00	 2.66995313049742137510e-27	 1.96997375417147075370e-22	 2.51743203071291591337e-22	 3.51362046615370017942e-24	 0.00000000000000000000e+00	 1.10321585538066490721e-23	 6.06049230346682740008e-24	 2.49026280154319204988e-22	 4.12658136029815824394e-24	 0.00000000000000000000e+00	 0.00000000000000000000e+00	 0.00000000000000000000e+00	 
 2.73999999999999976907e+00	 2.51824865296276540098e-28	 0.00000000000000000000e+00	 6.48899506296284750073e-28	 4.78777398164249917651e-23	 6.11830189666481880604e-23	 8.53943783671353650108e-25	 0.00000000000000000000e+00	 2.68123228551030009529e-24	 1.47292978457029913330e-24	 6.05227054836533392601e-23	 1.00291328387856926550e-24	 0.00000000000000000000e+00	 0.00000000000000000000e+00	 0.00000000000000000000e+00	 
 2.76000000000000023093e+00	 5.95721778210559183241e-29	 0.00000000000000000000e+00	 1.53504755973878681691e-28	 1.13260213930259444039e-23	 1.44735339678737300973e-23	 2.02010687119926085556e-25	 0.00000000000000000000e+00	 6.34277025542557473245e-25	 3.48439028802681327685e-25	 1.43173294745553802597e-23	 2.37250356779004121527e-25	 0.00000000000000000000e+00	 0.00000000000000000000e+00	 0.00000000000000000000e+00	 
 2.77999999999999980460e+00	 1.37108370006541787715e-29	 0.00000000000000000000e+00	 3.53298518110141109394e-29	 2.60673360850673828606e-24	 3.33114700577752784559e-24	 4.64938003567247961878e-26	 0.00000000000000000000e+00	 1.45981936328256950220e-25	 8.01949754604684848427e-26	 3.29519588896273752607e-24	 5.46041790053258470038e-26	 0.00000000000000000000e+00	 0.00000000000000000000e+00	 0.00000000000000000000e+00	 
 2.79999999999999982236e+00	 3.06876280528307631342e-30	 0.00000000000000000000e+00	 7.90752588147863963703e-30	 5.83437978633352817293e-25	 7.45575758864782791846e-25	 1.04062588153482237843e-26	 0.00000000000000000000e+00	 3.26736833081313879203e-26	 1.79492528680687456485e-26	 7.37529203770473374516e-25	 1.22214754452824064909e-26	 0.00000000000000000000e+00	 0.00000000000000000000e+00	 0.00000000000000000000e+00	 
 2.82000000000000028422e+00	 6.67641064742067344920e-31	 0.00000000000000000000e+00	 1.72036165768846532404e-30	 1.26932551136060968278e-25	 1.62207160931093447072e-25	 2.26399038748432779202e-27	 0.00000000000000000000e+00	 7.10849083706781941684e-27	 3.90504414280050361253e-27	 1.60456557290918205194e-25	 2.65889779553516170795e-27	 0.00000000000000000000e+00	 0.00000000000000000000e+00	 0.00000000000000000000e+00	 
 2.83999999999999985789e+00	 1.41124663103492051134e-31	 0.00000000000000000000e+00	 3.63646158569324928465e-31	 2.68306613142963979891e-26	 3.42869076199741230443e-26	 4.78558137644277477009e-28	 0.00000000000000000000e+00	 1.50257738690957934627e-27	 8.25440294080304135584e-28	 3.39168701645835566128e-26	 5.62030237135642185814e-28	 0.00000000000000000000e+00	 0.00000000000000000000e+00	 0.00000000000000000000e+00	 
 2.85999999999999987566e+00	 2.89695041042936652920e-32	 0.00000000000000000000e+00	 7.46477078552808214429e-32	 5.50766991691388298181e-27	 7.03825123321046130271e-27	 9.82365524297290978777e-29	 0.00000000000000000000e+00	 3.08442719807060465165e-28	 1.69443001779906019717e-28	 6.96229180853915314298e-27	 1.15370786514595694490e-28	 0.00000000000000000000e+00	 0.00000000000000000000e+00	 0.00000000000000000000e+00	 
 2.87999999999999989342e+00	 5.77236677319444356518e-33	 0.00000000000000000000e+00	 1.48740288290345202364e-32	 1.09743557424375533587e-27	 1.40241261501776885207e-27	 1.95743003864107374765e-29	 0.00000000000000000000e+00	 6.14591969226901091044e-29	 3.37626331055236399350e-29	 1.38727727396367548842e-27	 2.29882865996765219687e-29	 0.00000000000000000000e+00	 0.00000000000000000000e+00	 0.00000000000000000000e+00	 
 2.90000000000000035527e+00	 1.11592832298878383769e-33	 0.00000000000000000000e+00	 2.87547926247117027404e-33	 2.12158078004894615367e-28	 2.71116692112303251343e-28	 3.78415507171513459744e-30	 0.00000000000000000000e+00	 1.18814304324999313329e-29	 6.52707336061626650483e-30	 2.68190706910939111505e-28	 4.44412980139444194946e-30	 0.00000000000000000000e+00	 0.00000000000000000000e+00	 0.00000000000000000000e+00	 
 2.91999999999999992895e+00	 2.09209499960633659179e-34	 0.00000000000000000000e+00	 5.39081628256722962576e-34	 3.97743149231882431852e-29	 5.08275639862105301438e-29	 7.09437818669383062428e-31	 0.00000000000000000000e+00	 2.22747716940558974989e-30	 1.22366738126228122222e-30	 5.02790160382442824212e-29	 8.33161968569296923247e-31	 0.00000000000000000000e+00	 0.00000000000000000000e+00	 0.00000000000000000000e+00	 
 2.93999999999999994671e+00	 3.80172601337613365719e-35	 0.00000000000000000000e+00	 9.79609718472209303079e-35	 7.22769852823513187834e-30	 9.23626774572462893904e-30	 1.28918153128389057645e-31	 0.00000000000000000000e+00	 4.04773496828932444561e-31	 2.22363023374215238505e-31	 9.13658701641144298072e-30	 1.51400147195998129064e-31	 0.00000000000000000000e+00	 0.00000000000000000000e+00	 0.00000000000000000000e+00	 
 2.96000000000000040856e+00	 6.69305734239748156322e-36	 0.00000000000000000000e+00	 1.72462987552298187282e-35	 1.27245238036927732436e-30	 1.62606504126222879671e-30	 2.26964612720950121879e-32	 0.00000000000000000000e+00	 7.12615322389751268041e-32	 3.91476827740274625017e-32	 1.60851605793323727796e-30	 2.66543020812019505515e-32	 0.00000000000000000000e+00	 0.00000000000000000000e+00	 0.00000000000000000000e+00	 
 2.97999999999999998224e+00	 1.14104040803563325721e-36	 0.00000000000000000000e+00	 2.94016307380893384958e-36	 2.16928023430985923697e-31	 2.77211930322794707410e-31	 3.86932302576681186386e-33	 0.00000000000000000000e+00	 1.21487319978979983376e-32	 6.67393975854163197080e-33	 2.74220180450400181152e-31	 4.54402712018437387870e-33	 0.00000000000000000000e+00	 0.00000000000000000000e+00	 0.00000000000000000000e+00	 
 3.00000000000000000000e+00	 1.88276929700782617799e-37	 0.00000000000000000000e+00	 4.85139327297238905989e-37	 3.57939184083305189926e-32	 4.57409708167080289595e-32	 6.38456698980571644861e-34	 0.00000000000000000000e+00	 2.00459346657862496263e-33	 1.10123014715537518806e-33	 4.52473220949445991472e-32	 7.49780163826325006558e-34	 0.00000000000000000000e+00	 0.00000000000000000000e+00	 0.00000000000000000000e+00	 
 3.02000000000000046185e+00	 3.00537091889296200242e-38	 0.00000000000000000000e+00	 7.74401840691623803520e-38	 5.71357026596069691958e-33	 7.30135686682626117778e-33	 1.01913757877822729468e-34	 0.00000000000000000000e+00	 3.19982713244266904241e-34	 1.75783769938757460868e-34	 7.22255882104466928436e-33	 1.19682785971259866172e-34	 0.00000000000000000000e+00	 0.00000000000000000000e+00	 0.00000000000000000000e+00	 
 3.04000000000000003553e+00	 4.63860774055015144720e-39	 0.00000000000000000000e+00	 1.19523914780543070216e-38	 8.81849247620308180706e-34	 1.12691254439859693465e-33	 1.57297854162492031838e-35	 0.00000000000000000000e+00	 4.93872990614116516165e-35	 2.71311395782225312190e-35	 1.11475064874790027844e-33	 1.84721670395095390012e-35	 0.00000000000000000000e+00	 0.00000000000000000000e+00	 0.00000000000000000000e+00	 
 3.06000000000000005329e+00	 6.91907329693699811486e-40	 0.00000000000000000000e+00	 1.78284626540879119467e-39	 1.31538136538003876361e-34	 1.68092138889646653002e-34	 2.34629985367376823970e-36	 0.00000000000000000000e+00	 7.36672917953932494766e-36	 4.04695144034225149751e-36	 1.66278053998797334531e-34	 2.75533576770539619170e-36	 0.00000000000000000000e+00	 0.00000000000000000000e+00	 0.00000000000000000000e+00	 
 3.08000000000000007105e+00	 9.96918001058172001392e-41	 0.00000000000000000000e+00	 2.56876363081323343840e-40	 1.89522199033426578511e-35	 2.42189689834938673507e-35	 3.38061311448328415347e-37	 0.00000000000000000000e+00	 1.06141521969282342393e-36	 5.83094783609632160825e-37	 2.39575934389325477320e-35	 3.96992445593456492871e-37	 0.00000000000000000000e+00	 0.00000000000000000000e+00	 0.00000000000000000000e+00	 
 3.10000000000000008882e+00	 1.38675915990611519200e-41	 0.00000000000000000000e+00	 3.57325842806717474711e-41	 2.63632182340052053011e-36	 3.36894426722920696433e-36	 4.70259468133978155659e-38	 0.00000000000000000000e+00	 1.47647455997346602971e-37	 8.11111200702609084541e-38	 3.33258608388956180612e-36	 5.52229820287899794710e-38	 0.00000000000000000000e+00	 0.00000000000000000000e+00	 0.00000000000000000000e+00	 
 3.12000000000000010658e+00	 1.86144390024510020958e-42	 0.00000000000000000000e+00	 4.79636194155508475295e-42	 3.53870125207198226024e-37	 4.52208926170109483763e-37	 6.31229007699456557740e-39	 0.00000000000000000000e+00	 1.98186414786804529009e-38	 1.08875189840378501960e-38	 4.47328626617973383588e-37	 7.41249761247018500606e-39	 0.00000000000000000000e+00	 0.00000000000000000000e+00	 0.00000000000000000000e+00	 
 3.13999999999999968026e+00	 2.40980364205994030890e-43	 0.00000000000000000000e+00	 6.20929364417001289701e-43	 4.58112349752986674580e-38	 5.85419320297081408202e-38	 8.17182700279621762935e-40	 0.00000000000000000000e+00	 2.56569211856936776505e-39	 1.40948425006092402190e-39	 5.79101411526771908191e-38	 9.59603591450195144922e-40	 0.00000000000000000000e+00	 0.00000000000000000000e+00	 0.00000000000000000000e+00	 
 3.16000000000000014211e+00	 3.00725240257959445737e-44	 0.00000000000000000000e+00	 7.74870095762681252688e-44	 5.71684536250082743840e-39	 7.30552293105577265792e-39	 1.01978335732368939094e-40	 0.00000000000000000000e+00	 3.20178133108867813965e-40	 1.75892786332377080555e-40	 7.22668113545834353417e-39	 1.19749985385178047968e-40	 0.00000000000000000000e+00	 0.00000000000000000000e+00	 0.00000000000000000000e+00	 
 3.18000000000000015987e+00	 3.61565110905272557167e-45	 0.00000000000000000000e+00	 9.31631030586945779401e-45	 6.87336052655433091869e-40	 8.78342284232274798175e-40	 1.22609778829757360475e-41	 0.00000000000000000000e+00	 3.84952510528647334276e-41	 2.11477526017484326898e-41	 8.68863168280917191542e-40	 1.43975059763406191459e-41	 0.00000000000000000000e+00	 0.00000000000000000000e+00	 0.00000000000000000000e+00	 
 3.19999999999999973355e+00	 4.18602240926379853808e-46	 0.00000000000000000000e+00	 1.07859230037998517442e-45	 7.95756177112685817192e-41	 1.01689117504328121005e-40	 1.41951738273967897290e-42	 0.00000000000000000000e+00	 4.45677785838104115633e-42	 2.44837980274492470492e-42	 1.00591686269151616661e-40	 1.66685276407179946718e-42	 0.00000000000000000000e+00	 0.00000000000000000000e+00	 0.00000000000000000000e+00	 
 3.22000000000000019540e+00	 0.00000000000000000000e+00	 0.00000000000000000000e+00	 1.20181327434549017462e-46	 8.86659987686765895423e-42	 1.13305594723115168068e-41	 1.58169493855620698220e-43	 0.00000000000000000000e+00	 4.96593634349216787730e-43	 2.72809642215290224090e-43	 1.12082801755322026273e-41	 1.85726283279071502721e-43	 0.00000000000000000000e+00	 0.00000000000000000000e+00	 0.00000000000000000000e+00	 
 3.24000000000000021316e+00	 0.00000000000000000000e+00	 0.00000000000000000000e+00	 0.00000000000000000000e+00	 9.50312153740491601338e-43	 1.21439592886518055687e-42	 1.69526277203181594944e-44	 0.00000000000000000000e+00	 5.32247368334301946129e-44	 2.92396985141196908678e-44	 1.20129021854247662288e-42	 1.99058870192638247327e-44	 0.00000000000000000000e+00	 0.00000000000000000000e+00	 0.00000000000000000000e+00	 
 3.25999999999999978684e+00	 0.00000000000000000000e+00	 0.00000000000000000000e+00	 0.00000000000000000000e+00	 9.79199546647207936539e-44	 1.25131020950030689799e-43	 1.74681649548065340005e-45	 0.00000000000000000000e+00	 5.48430727531581220540e-45	 3.01288100715811176463e-45	 1.23780616445713766448e-43	 2.05109325204039652041e-45	 0.00000000000000000000e+00	 0.00000000000000000000e+00	 0.00000000000000000000e+00	 
 3.28000000000000024869e+00	 0.00000000000000000000e+00	 0.00000000000000000000e+00	 0.00000000000000000000e+00	 9.69467347203338839253e-45	 1.23887282265740295480e-44	 1.72947711986052933145e-46	 0.00000000000000000000e+00	 5.42984253610659574093e-46	 2.98296598678971156535e-46	 1.22550304493461742245e-44	 2.03070246247187202365e-46	 0.00000000000000000000e+00	 0.00000000000000000000e+00	 0.00000000000000000000e+00	 
 3.29999999999999982236e+00	 0.00000000000000000000e+00	 0.00000000000000000000e+00	 0.00000000000000000000e+00	 9.21745539421240355403e-46	 1.17788890213066078774e-45	 0.00000000000000000000e+00	 0.00000000000000000000e+00	 0.00000000000000000000e+00	 0.00000000000000000000e+00	 1.16517729959589696547e-45	 0.00000000000000000000e+00	 0.00000000000000000000e+00	 0.00000000000000000000e+00	 0.00000000000000000000e+00	 
 3.31999999999999984013e+00	 0.00000000000000000000e+00	 0.00000000000000000000e+00	 0.00000000000000000000e+00	 0.00000000000000000000e+00	 1.07486505483364723972e-46	 0.00000000000000000000e+00	 0.00000000000000000000e+00	 0.00000000000000000000e+00	 0.00000000000000000000e+00	 1.06326531164311603756e-46	 0.00000000000000000000e+00	 0.00000000000000000000e+00	 0.00000000000000000000e+00	 0.00000000000000000000e+00	 
 3.34000000000000030198e+00	 0.00000000000000000000e+00	 0.00000000000000000000e+00	 0.00000000000000000000e+00	 0.00000000000000000000e+00	 0.00000000000000000000e+00	 0.00000000000000000000e+00	 0.00000000000000000000e+00	 0.00000000000000000000e+00	 0.00000000000000000000e+00	 0.00000000000000000000e+00	 0.00000000000000000000e+00	 0.00000000000000000000e+00	 0.00000000000000000000e+00	 0.00000000000000000000e+00	 
 3.36000000000000031974e+00	 0.00000000000000000000e+00	 0.00000000000000000000e+00	 0.00000000000000000000e+00	 0.00000000000000000000e+00	 0.00000000000000000000e+00	 0.00000000000000000000e+00	 0.00000000000000000000e+00	 0.00000000000000000000e+00	 0.00000000000000000000e+00	 0.00000000000000000000e+00	 0.00000000000000000000e+00	 0.00000000000000000000e+00	 0.00000000000000000000e+00	 0.00000000000000000000e+00	 
 3.37999999999999989342e+00	 0.00000000000000000000e+00	 0.00000000000000000000e+00	 0.00000000000000000000e+00	 0.00000000000000000000e+00	 0.00000000000000000000e+00	 0.00000000000000000000e+00	 0.00000000000000000000e+00	 0.00000000000000000000e+00	 0.00000000000000000000e+00	 0.00000000000000000000e+00	 0.00000000000000000000e+00	 0.00000000000000000000e+00	 0.00000000000000000000e+00	 0.00000000000000000000e+00	 
 3.39999999999999991118e+00	 0.00000000000000000000e+00	 0.00000000000000000000e+00	 0.00000000000000000000e+00	 0.00000000000000000000e+00	 0.00000000000000000000e+00	 0.00000000000000000000e+00	 0.00000000000000000000e+00	 0.00000000000000000000e+00	 0.00000000000000000000e+00	 0.00000000000000000000e+00	 0.00000000000000000000e+00	 0.00000000000000000000e+00	 0.00000000000000000000e+00	 0.00000000000000000000e+00	 
 3.42000000000000037303e+00	 0.00000000000000000000e+00	 0.00000000000000000000e+00	 0.00000000000000000000e+00	 0.00000000000000000000e+00	 0.00000000000000000000e+00	 0.00000000000000000000e+00	 0.00000000000000000000e+00	 0.00000000000000000000e+00	 0.00000000000000000000e+00	 0.00000000000000000000e+00	 0.00000000000000000000e+00	 0.00000000000000000000e+00	 0.00000000000000000000e+00	 0.00000000000000000000e+00	 
 3.43999999999999994671e+00	 0.00000000000000000000e+00	 0.00000000000000000000e+00	 0.00000000000000000000e+00	 0.00000000000000000000e+00	 0.00000000000000000000e+00	 0.00000000000000000000e+00	 0.00000000000000000000e+00	 0.00000000000000000000e+00	 0.00000000000000000000e+00	 0.00000000000000000000e+00	 0.00000000000000000000e+00	 0.00000000000000000000e+00	 0.00000000000000000000e+00	 0.00000000000000000000e+00	 
 3.45999999999999996447e+00	 0.00000000000000000000e+00	 0.00000000000000000000e+00	 0.00000000000000000000e+00	 0.00000000000000000000e+00	 0.00000000000000000000e+00	 0.00000000000000000000e+00	 0.00000000000000000000e+00	 0.00000000000000000000e+00	 0.00000000000000000000e+00	 0.00000000000000000000e+00	 0.00000000000000000000e+00	 0.00000000000000000000e+00	 0.00000000000000000000e+00	 0.00000000000000000000e+00	 
 3.48000000000000042633e+00	 0.00000000000000000000e+00	 0.00000000000000000000e+00	 0.00000000000000000000e+00	 0.00000000000000000000e+00	 0.00000000000000000000e+00	 0.00000000000000000000e+00	 0.00000000000000000000e+00	 0.00000000000000000000e+00	 0.00000000000000000000e+00	 0.00000000000000000000e+00	 0.00000000000000000000e+00	 0.00000000000000000000e+00	 0.00000000000000000000e+00	 0.00000000000000000000e+00	 
 3.50000000000000000000e+00	 0.00000000000000000000e+00	 0.00000000000000000000e+00	 0.00000000000000000000e+00	 0.00000000000000000000e+00	 0.00000000000000000000e+00	 0.00000000000000000000e+00	 0.00000000000000000000e+00	 0.00000000000000000000e+00	 0.00000000000000000000e+00	 0.00000000000000000000e+00	 0.00000000000000000000e+00	 0.00000000000000000000e+00	 0.00000000000000000000e+00	 0.00000000000000000000e+00	 
 3.52000000000000001776e+00	 0.00000000000000000000e+00	 0.00000000000000000000e+00	 0.00000000000000000000e+00	 0.00000000000000000000e+00	 0.00000000000000000000e+00	 0.00000000000000000000e+00	 0.00000000000000000000e+00	 0.00000000000000000000e+00	 0.00000000000000000000e+00	 0.00000000000000000000e+00	 0.00000000000000000000e+00	 0.00000000000000000000e+00	 0.00000000000000000000e+00	 0.00000000000000000000e+00	 
 3.54000000000000047962e+00	 0.00000000000000000000e+00	 0.00000000000000000000e+00	 0.00000000000000000000e+00	 0.00000000000000000000e+00	 0.00000000000000000000e+00	 0.00000000000000000000e+00	 0.00000000000000000000e+00	 0.00000000000000000000e+00	 0.00000000000000000000e+00	 0.00000000000000000000e+00	 0.00000000000000000000e+00	 0.00000000000000000000e+00	 0.00000000000000000000e+00	 0.00000000000000000000e+00	 
 3.56000000000000005329e+00	 0.00000000000000000000e+00	 0.00000000000000000000e+00	 0.00000000000000000000e+00	 0.00000000000000000000e+00	 0.00000000000000000000e+00	 0.00000000000000000000e+00	 0.00000000000000000000e+00	 0.00000000000000000000e+00	 0.00000000000000000000e+00	 0.00000000000000000000e+00	 0.00000000000000000000e+00	 0.00000000000000000000e+00	 0.00000000000000000000e+00	 0.00000000000000000000e+00	 
 3.58000000000000007105e+00	 0.00000000000000000000e+00	 0.00000000000000000000e+00	 0.00000000000000000000e+00	 0.00000000000000000000e+00	 0.00000000000000000000e+00	 0.00000000000000000000e+00	 0.00000000000000000000e+00	 0.00000000000000000000e+00	 0.00000000000000000000e+00	 0.00000000000000000000e+00	 0.00000000000000000000e+00	 0.00000000000000000000e+00	 0.00000000000000000000e+00	 0.00000000000000000000e+00	 
 3.60000000000000053291e+00	 0.00000000000000000000e+00	 0.00000000000000000000e+00	 0.00000000000000000000e+00	 0.00000000000000000000e+00	 0.00000000000000000000e+00	 0.00000000000000000000e+00	 0.00000000000000000000e+00	 0.00000000000000000000e+00	 0.00000000000000000000e+00	 0.00000000000000000000e+00	 0.00000000000000000000e+00	 0.00000000000000000000e+00	 0.00000000000000000000e+00	 0.00000000000000000000e+00	 
 3.62000000000000010658e+00	 0.00000000000000000000e+00	 0.00000000000000000000e+00	 0.00000000000000000000e+00	 0.00000000000000000000e+00	 0.00000000000000000000e+00	 0.00000000000000000000e+00	 0.00000000000000000000e+00	 0.00000000000000000000e+00	 0.00000000000000000000e+00	 0.00000000000000000000e+00	 0.00000000000000000000e+00	 0.00000000000000000000e+00	 0.00000000000000000000e+00	 0.00000000000000000000e+00	 
 3.63999999999999968026e+00	 0.00000000000000000000e+00	 0.00000000000000000000e+00	 0.00000000000000000000e+00	 0.00000000000000000000e+00	 0.00000000000000000000e+00	 0.00000000000000000000e+00	 0.00000000000000000000e+00	 0.00000000000000000000e+00	 0.00000000000000000000e+00	 0.00000000000000000000e+00	 0.00000000000000000000e+00	 0.00000000000000000000e+00	 0.00000000000000000000e+00	 0.00000000000000000000e+00	 
 3.65999999999999969802e+00	 0.00000000000000000000e+00	 0.00000000000000000000e+00	 0.00000000000000000000e+00	 0.00000000000000000000e+00	 0.00000000000000000000e+00	 0.00000000000000000000e+00	 0.00000000000000000000e+00	 0.00000000000000000000e+00	 0.00000000000000000000e+00	 0.00000000000000000000e+00	 0.00000000000000000000e+00	 0.00000000000000000000e+00	 0.00000000000000000000e+00	 0.00000000000000000000e+00	 
 3.68000000000000015987e+00	 0.00000000000000000000e+00	 0.00000000000000000000e+00	 0.00000000000000000000e+00	 0.00000000000000000000e+00	 0.00000000000000000000e+00	 0.00000000000000000000e+00	 0.00000000000000000000e+00	 0.00000000000000000000e+00	 0.00000000000000000000e+00	 0.00000000000000000000e+00	 0.00000000000000000000e+00	 0.00000000000000000000e+00	 0.00000000000000000000e+00	 0.00000000000000000000e+00	 
 3.70000000000000017764e+00	 0.00000000000000000000e+00	 0.00000000000000000000e+00	 0.00000000000000000000e+00	 0.00000000000000000000e+00	 0.00000000000000000000e+00	 0.00000000000000000000e+00	 0.00000000000000000000e+00	 0.00000000000000000000e+00	 0.00000000000000000000e+00	 0.00000000000000000000e+00	 0.00000000000000000000e+00	 0.00000000000000000000e+00	 0.00000000000000000000e+00	 0.00000000000000000000e+00	 
 3.71999999999999975131e+00	 0.00000000000000000000e+00	 0.00000000000000000000e+00	 0.00000000000000000000e+00	 0.00000000000000000000e+00	 0.00000000000000000000e+00	 0.00000000000000000000e+00	 0.00000000000000000000e+00	 0.00000000000000000000e+00	 0.00000000000000000000e+00	 0.00000000000000000000e+00	 0.00000000000000000000e+00	 0.00000000000000000000e+00	 0.00000000000000000000e+00	 0.00000000000000000000e+00	 
 3.74000000000000021316e+00	 0.00000000000000000000e+00	 0.00000000000000000000e+00	 0.00000000000000000000e+00	 0.00000000000000000000e+00	 0.00000000000000000000e+00	 0.00000000000000000000e+00	 0.00000000000000000000e+00	 0.00000000000000000000e+00	 0.00000000000000000000e+00	 0.00000000000000000000e+00	 0.00000000000000000000e+00	 0.00000000000000000000e+00	 0.00000000000000000000e+00	 0.00000000000000000000e+00	 
 3.76000000000000023093e+00	 0.00000000000000000000e+00	 0.00000000000000000000e+00	 0.00000000000000000000e+00	 0.00000000000000000000e+00	 0.00000000000000000000e+00	 0.00000000000000000000e+00	 0.00000000000000000000e+00	 0.00000000000000000000e+00	 0.00000000000000000000e+00	 0.00000000000000000000e+00	 0.00000000000000000000e+00	 0.00000000000000000000e+00	 0.00000000000000000000e+00	 0.00000000000000000000e+00	 
 3.77999999999999980460e+00	 0.00000000000000000000e+00	 0.00000000000000000000e+00	 0.00000000000000000000e+00	 0.00000000000000000000e+00	 0.00000000000000000000e+00	 0.00000000000000000000e+00	 0.00000000000000000000e+00	 0.00000000000000000000e+00	 0.00000000000000000000e+00	 0.00000000000000000000e+00	 0.00000000000000000000e+00	 0.00000000000000000000e+00	 0.00000000000000000000e+00	 0.00000000000000000000e+00	 
 3.80000000000000026645e+00	 0.00000000000000000000e+00	 0.00000000000000000000e+00	 0.00000000000000000000e+00	 0.00000000000000000000e+00	 0.00000000000000000000e+00	 0.00000000000000000000e+00	 0.00000000000000000000e+00	 0.00000000000000000000e+00	 0.00000000000000000000e+00	 0.00000000000000000000e+00	 0.00000000000000000000e+00	 0.00000000000000000000e+00	 0.00000000000000000000e+00	 0.00000000000000000000e+00	 
 3.82000000000000028422e+00	 0.00000000000000000000e+00	 0.00000000000000000000e+00	 0.00000000000000000000e+00	 0.00000000000000000000e+00	 0.00000000000000000000e+00	 0.00000000000000000000e+00	 0.00000000000000000000e+00	 0.00000000000000000000e+00	 0.00000000000000000000e+00	 0.00000000000000000000e+00	 0.00000000000000000000e+00	 0.00000000000000000000e+00	 0.00000000000000000000e+00	 0.00000000000000000000e+00	 
 3.83999999999999985789e+00	 0.00000000000000000000e+00	 0.00000000000000000000e+00	 0.00000000000000000000e+00	 0.00000000000000000000e+00	 0.00000000000000000000e+00	 0.00000000000000000000e+00	 0.00000000000000000000e+00	 0.00000000000000000000e+00	 0.00000000000000000000e+00	 0.00000000000000000000e+00	 0.00000000000000000000e+00	 0.00000000000000000000e+00	 0.00000000000000000000e+00	 0.00000000000000000000e+00	 
 3.86000000000000031974e+00	 0.00000000000000000000e+00	 0.00000000000000000000e+00	 0.00000000000000000000e+00	 0.00000000000000000000e+00	 0.00000000000000000000e+00	 0.00000000000000000000e+00	 0.00000000000000000000e+00	 0.00000000000000000000e+00	 0.00000000000000000000e+00	 0.00000000000000000000e+00	 0.00000000000000000000e+00	 0.00000000000000000000e+00	 0.00000000000000000000e+00	 0.00000000000000000000e+00	 
 3.87999999999999989342e+00	 0.00000000000000000000e+00	 0.00000000000000000000e+00	 0.00000000000000000000e+00	 0.00000000000000000000e+00	 0.00000000000000000000e+00	 0.00000000000000000000e+00	 0.00000000000000000000e+00	 0.00000000000000000000e+00	 0.00000000000000000000e+00	 0.00000000000000000000e+00	 0.00000000000000000000e+00	 0.00000000000000000000e+00	 0.00000000000000000000e+00	 0.00000000000000000000e+00	 
 3.89999999999999991118e+00	 0.00000000000000000000e+00	 0.00000000000000000000e+00	 0.00000000000000000000e+00	 0.00000000000000000000e+00	 0.00000000000000000000e+00	 0.00000000000000000000e+00	 0.00000000000000000000e+00	 0.00000000000000000000e+00	 0.00000000000000000000e+00	 0.00000000000000000000e+00	 0.00000000000000000000e+00	 0.00000000000000000000e+00	 0.00000000000000000000e+00	 0.00000000000000000000e+00	 
 3.91999999999999948486e+00	 0.00000000000000000000e+00	 0.00000000000000000000e+00	 0.00000000000000000000e+00	 0.00000000000000000000e+00	 0.00000000000000000000e+00	 0.00000000000000000000e+00	 0.00000000000000000000e+00	 0.00000000000000000000e+00	 0.00000000000000000000e+00	 0.00000000000000000000e+00	 0.00000000000000000000e+00	 0.00000000000000000000e+00	 0.00000000000000000000e+00	 0.00000000000000000000e+00	 
 3.93999999999999994671e+00	 0.00000000000000000000e+00	 0.00000000000000000000e+00	 0.00000000000000000000e+00	 0.00000000000000000000e+00	 0.00000000000000000000e+00	 0.00000000000000000000e+00	 0.00000000000000000000e+00	 0.00000000000000000000e+00	 0.00000000000000000000e+00	 0.00000000000000000000e+00	 0.00000000000000000000e+00	 0.00000000000000000000e+00	 0.00000000000000000000e+00	 0.00000000000000000000e+00	 
 3.95999999999999996447e+00	 0.00000000000000000000e+00	 0.00000000000000000000e+00	 0.00000000000000000000e+00	 0.00000000000000000000e+00	 0.00000000000000000000e+00	 0.00000000000000000000e+00	 0.00000000000000000000e+00	 0.00000000000000000000e+00	 0.00000000000000000000e+00	 0.00000000000000000000e+00	 0.00000000000000000000e+00	 0.00000000000000000000e+00	 0.00000000000000000000e+00	 0.00000000000000000000e+00	 
 3.97999999999999953815e+00	 0.00000000000000000000e+00	 0.00000000000000000000e+00	 0.00000000000000000000e+00	 0.00000000000000000000e+00	 0.00000000000000000000e+00	 0.00000000000000000000e+00	 0.00000000000000000000e+00	 0.00000000000000000000e+00	 0.00000000000000000000e+00	 0.00000000000000000000e+00	 0.00000000000000000000e+00	 0.00000000000000000000e+00	 0.00000000000000000000e+00	 0.00000000000000000000e+00	 
 4.00000000000000000000e+00	 0.00000000000000000000e+00	 0.00000000000000000000e+00	 0.00000000000000000000e+00	 0.00000000000000000000e+00	 0.00000000000000000000e+00	 0.00000000000000000000e+00	 0.00000000000000000000e+00	 0.00000000000000000000e+00	 0.00000000000000000000e+00	 0.00000000000000000000e+00	 0.00000000000000000000e+00	 0.00000000000000000000e+00	 0.00000000000000000000e+00	 0.00000000000000000000e+00	 
 4.01999999999999957367e+00	 0.00000000000000000000e+00	 0.00000000000000000000e+00	 0.00000000000000000000e+00	 0.00000000000000000000e+00	 0.00000000000000000000e+00	 0.00000000000000000000e+00	 0.00000000000000000000e+00	 0.00000000000000000000e+00	 0.00000000000000000000e+00	 0.00000000000000000000e+00	 0.00000000000000000000e+00	 0.00000000000000000000e+00	 0.00000000000000000000e+00	 0.00000000000000000000e+00	 
 4.04000000000000003553e+00	 0.00000000000000000000e+00	 0.00000000000000000000e+00	 0.00000000000000000000e+00	 0.00000000000000000000e+00	 0.00000000000000000000e+00	 0.00000000000000000000e+00	 0.00000000000000000000e+00	 0.00000000000000000000e+00	 0.00000000000000000000e+00	 0.00000000000000000000e+00	 0.00000000000000000000e+00	 0.00000000000000000000e+00	 0.00000000000000000000e+00	 0.00000000000000000000e+00	 
 4.06000000000000049738e+00	 0.00000000000000000000e+00	 0.00000000000000000000e+00	 0.00000000000000000000e+00	 0.00000000000000000000e+00	 0.00000000000000000000e+00	 0.00000000000000000000e+00	 0.00000000000000000000e+00	 0.00000000000000000000e+00	 0.00000000000000000000e+00	 0.00000000000000000000e+00	 0.00000000000000000000e+00	 0.00000000000000000000e+00	 0.00000000000000000000e+00	 0.00000000000000000000e+00	 
 4.08000000000000007105e+00	 0.00000000000000000000e+00	 0.00000000000000000000e+00	 0.00000000000000000000e+00	 0.00000000000000000000e+00	 0.00000000000000000000e+00	 0.00000000000000000000e+00	 0.00000000000000000000e+00	 0.00000000000000000000e+00	 0.00000000000000000000e+00	 0.00000000000000000000e+00	 0.00000000000000000000e+00	 0.00000000000000000000e+00	 0.00000000000000000000e+00	 0.00000000000000000000e+00	 
 4.09999999999999964473e+00	 0.00000000000000000000e+00	 0.00000000000000000000e+00	 0.00000000000000000000e+00	 0.00000000000000000000e+00	 0.00000000000000000000e+00	 0.00000000000000000000e+00	 0.00000000000000000000e+00	 0.00000000000000000000e+00	 0.00000000000000000000e+00	 0.00000000000000000000e+00	 0.00000000000000000000e+00	 0.00000000000000000000e+00	 0.00000000000000000000e+00	 0.00000000000000000000e+00	 
 4.12000000000000010658e+00	 0.00000000000000000000e+00	 0.00000000000000000000e+00	 0.00000000000000000000e+00	 0.00000000000000000000e+00	 0.00000000000000000000e+00	 0.00000000000000000000e+00	 0.00000000000000000000e+00	 0.00000000000000000000e+00	 0.00000000000000000000e+00	 0.00000000000000000000e+00	 0.00000000000000000000e+00	 0.00000000000000000000e+00	 0.00000000000000000000e+00	 0.00000000000000000000e+00	 
 4.14000000000000056843e+00	 0.00000000000000000000e+00	 0.00000000000000000000e+00	 0.00000000000000000000e+00	 0.00000000000000000000e+00	 0.00000000000000000000e+00	 0.00000000000000000000e+00	 0.00000000000000000000e+00	 0.00000000000000000000e+00	 0.00000000000000000000e+00	 0.00000000000000000000e+00	 0.00000000000000000000e+00	 0.00000000000000000000e+00	 0.00000000000000000000e+00	 0.00000000000000000000e+00	 
 4.16000000000000014211e+00	 0.00000000000000000000e+00	 0.00000000000000000000e+00	 0.00000000000000000000e+00	 0.00000000000000000000e+00	 0.00000000000000000000e+00	 0.00000000000000000000e+00	 0.00000000000000000000e+00	 0.00000000000000000000e+00	 0.00000000000000000000e+00	 0.00000000000000000000e+00	 0.00000000000000000000e+00	 0.00000000000000000000e+00	 0.00000000000000000000e+00	 0.00000000000000000000e+00	 
 4.17999999999999971578e+00	 0.00000000000000000000e+00	 0.00000000000000000000e+00	 0.00000000000000000000e+00	 0.00000000000000000000e+00	 0.00000000000000000000e+00	 0.00000000000000000000e+00	 0.00000000000000000000e+00	 0.00000000000000000000e+00	 0.00000000000000000000e+00	 0.00000000000000000000e+00	 0.00000000000000000000e+00	 0.00000000000000000000e+00	 0.00000000000000000000e+00	 0.00000000000000000000e+00	 
 4.20000000000000017764e+00	 0.00000000000000000000e+00	 0.00000000000000000000e+00	 0.00000000000000000000e+00	 0.00000000000000000000e+00	 0.00000000000000000000e+00	 0.00000000000000000000e+00	 0.00000000000000000000e+00	 0.00000000000000000000e+00	 0.00000000000000000000e+00	 0.00000000000000000000e+00	 0.00000000000000000000e+00	 0.00000000000000000000e+00	 0.00000000000000000000e+00	 0.00000000000000000000e+00	 
 4.21999999999999975131e+00	 0.00000000000000000000e+00	 0.00000000000000000000e+00	 0.00000000000000000000e+00	 0.00000000000000000000e+00	 0.00000000000000000000e+00	 0.00000000000000000000e+00	 0.00000000000000000000e+00	 0.00000000000000000000e+00	 0.00000000000000000000e+00	 0.00000000000000000000e+00	 0.00000000000000000000e+00	 0.00000000000000000000e+00	 0.00000000000000000000e+00	 0.00000000000000000000e+00	 
 4.24000000000000021316e+00	 0.00000000000000000000e+00	 0.00000000000000000000e+00	 0.00000000000000000000e+00	 0.00000000000000000000e+00	 0.00000000000000000000e+00	 0.00000000000000000000e+00	 0.00000000000000000000e+00	 0.00000000000000000000e+00	 0.00000000000000000000e+00	 0.00000000000000000000e+00	 0.00000000000000000000e+00	 0.00000000000000000000e+00	 0.00000000000000000000e+00	 0.00000000000000000000e+00	 
 4.25999999999999978684e+00	 0.00000000000000000000e+00	 0.00000000000000000000e+00	 0.00000000000000000000e+00	 0.00000000000000000000e+00	 0.00000000000000000000e+00	 0.00000000000000000000e+00	 0.00000000000000000000e+00	 0.00000000000000000000e+00	 0.00000000000000000000e+00	 0.00000000000000000000e+00	 0.00000000000000000000e+00	 0.00000000000000000000e+00	 0.00000000000000000000e+00	 0.00000000000000000000e+00	 
 4.28000000000000024869e+00	 0.00000000000000000000e+00	 0.00000000000000000000e+00	 0.00000000000000000000e+00	 0.00000000000000000000e+00	 0.00000000000000000000e+00	 0.00000000000000000000e+00	 0.00000000000000000000e+00	 0.00000000000000000000e+00	 0.00000000000000000000e+00	 0.00000000000000000000e+00	 0.00000000000000000000e+00	 0.00000000000000000000e+00	 0.00000000000000000000e+00	 0.00000000000000000000e+00	 
 4.29999999999999982236e+00	 0.00000000000000000000e+00	 0.00000000000000000000e+00	 0.00000000000000000000e+00	 0.00000000000000000000e+00	 0.00000000000000000000e+00	 0.00000000000000000000e+00	 0.00000000000000000000e+00	 0.00000000000000000000e+00	 0.00000000000000000000e+00	 0.00000000000000000000e+00	 0.00000000000000000000e+00	 0.00000000000000000000e+00	 0.00000000000000000000e+00	 0.00000000000000000000e+00	 
 4.32000000000000028422e+00	 0.00000000000000000000e+00	 0.00000000000000000000e+00	 0.00000000000000000000e+00	 0.00000000000000000000e+00	 0.00000000000000000000e+00	 0.00000000000000000000e+00	 0.00000000000000000000e+00	 0.00000000000000000000e+00	 0.00000000000000000000e+00	 0.00000000000000000000e+00	 0.00000000000000000000e+00	 0.00000000000000000000e+00	 0.00000000000000000000e+00	 0.00000000000000000000e+00	 
 4.33999999999999985789e+00	 0.00000000000000000000e+00	 0.00000000000000000000e+00	 0.00000000000000000000e+00	 0.00000000000000000000e+00	 0.00000000000000000000e+00	 0.00000000000000000000e+00	 0.00000000000000000000e+00	 0.00000000000000000000e+00	 0.00000000000000000000e+00	 0.00000000000000000000e+00	 0.00000000000000000000e+00	 0.00000000000000000000e+00	 0.00000000000000000000e+00	 0.00000000000000000000e+00	 
 4.36000000000000031974e+00	 0.00000000000000000000e+00	 0.00000000000000000000e+00	 0.00000000000000000000e+00	 0.00000000000000000000e+00	 0.00000000000000000000e+00	 0.00000000000000000000e+00	 0.00000000000000000000e+00	 0.00000000000000000000e+00	 0.00000000000000000000e+00	 0.00000000000000000000e+00	 0.00000000000000000000e+00	 0.00000000000000000000e+00	 0.00000000000000000000e+00	 0.00000000000000000000e+00	 
 4.37999999999999989342e+00	 0.00000000000000000000e+00	 0.00000000000000000000e+00	 0.00000000000000000000e+00	 0.00000000000000000000e+00	 0.00000000000000000000e+00	 0.00000000000000000000e+00	 0.00000000000000000000e+00	 0.00000000000000000000e+00	 0.00000000000000000000e+00	 0.00000000000000000000e+00	 0.00000000000000000000e+00	 0.00000000000000000000e+00	 0.00000000000000000000e+00	 0.00000000000000000000e+00	 
 4.40000000000000035527e+00	 0.00000000000000000000e+00	 0.00000000000000000000e+00	 0.00000000000000000000e+00	 0.00000000000000000000e+00	 0.00000000000000000000e+00	 0.00000000000000000000e+00	 0.00000000000000000000e+00	 0.00000000000000000000e+00	 0.00000000000000000000e+00	 0.00000000000000000000e+00	 0.00000000000000000000e+00	 0.00000000000000000000e+00	 0.00000000000000000000e+00	 0.00000000000000000000e+00	 
 4.41999999999999992895e+00	 0.00000000000000000000e+00	 0.00000000000000000000e+00	 0.00000000000000000000e+00	 0.00000000000000000000e+00	 0.00000000000000000000e+00	 0.00000000000000000000e+00	 0.00000000000000000000e+00	 0.00000000000000000000e+00	 0.00000000000000000000e+00	 0.00000000000000000000e+00	 0.00000000000000000000e+00	 0.00000000000000000000e+00	 0.00000000000000000000e+00	 0.00000000000000000000e+00	 
 4.43999999999999950262e+00	 0.00000000000000000000e+00	 0.00000000000000000000e+00	 0.00000000000000000000e+00	 0.00000000000000000000e+00	 0.00000000000000000000e+00	 0.00000000000000000000e+00	 0.00000000000000000000e+00	 0.00000000000000000000e+00	 0.00000000000000000000e+00	 0.00000000000000000000e+00	 0.00000000000000000000e+00	 0.00000000000000000000e+00	 0.00000000000000000000e+00	 0.00000000000000000000e+00	 
 4.45999999999999996447e+00	 0.00000000000000000000e+00	 0.00000000000000000000e+00	 0.00000000000000000000e+00	 0.00000000000000000000e+00	 0.00000000000000000000e+00	 0.00000000000000000000e+00	 0.00000000000000000000e+00	 0.00000000000000000000e+00	 0.00000000000000000000e+00	 0.00000000000000000000e+00	 0.00000000000000000000e+00	 0.00000000000000000000e+00	 0.00000000000000000000e+00	 0.00000000000000000000e+00	 
 4.47999999999999953815e+00	 0.00000000000000000000e+00	 0.00000000000000000000e+00	 0.00000000000000000000e+00	 0.00000000000000000000e+00	 0.00000000000000000000e+00	 0.00000000000000000000e+00	 0.00000000000000000000e+00	 0.00000000000000000000e+00	 0.00000000000000000000e+00	 0.00000000000000000000e+00	 0.00000000000000000000e+00	 0.00000000000000000000e+00	 0.00000000000000000000e+00	 0.00000000000000000000e+00	 
 4.50000000000000000000e+00	 0.00000000000000000000e+00	 0.00000000000000000000e+00	 0.00000000000000000000e+00	 0.00000000000000000000e+00	 0.00000000000000000000e+00	 0.00000000000000000000e+00	 0.00000000000000000000e+00	 0.00000000000000000000e+00	 0.00000000000000000000e+00	 0.00000000000000000000e+00	 0.00000000000000000000e+00	 0.00000000000000000000e+00	 0.00000000000000000000e+00	 0.00000000000000000000e+00	 
 4.52000000000000046185e+00	 0.00000000000000000000e+00	 0.00000000000000000000e+00	 0.00000000000000000000e+00	 0.00000000000000000000e+00	 0.00000000000000000000e+00	 0.00000000000000000000e+00	 0.00000000000000000000e+00	 0.00000000000000000000e+00	 0.00000000000000000000e+00	 0.00000000000000000000e+00	 0.00000000000000000000e+00	 0.00000000000000000000e+00	 0.00000000000000000000e+00	 0.00000000000000000000e+00	 
 4.54000000000000003553e+00	 0.00000000000000000000e+00	 0.00000000000000000000e+00	 0.00000000000000000000e+00	 0.00000000000000000000e+00	 0.00000000000000000000e+00	 0.00000000000000000000e+00	 0.00000000000000000000e+00	 0.00000000000000000000e+00	 0.00000000000000000000e+00	 0.00000000000000000000e+00	 0.00000000000000000000e+00	 0.00000000000000000000e+00	 0.00000000000000000000e+00	 0.00000000000000000000e+00	 
 4.55999999999999960920e+00	 0.00000000000000000000e+00	 0.00000000000000000000e+00	 0.00000000000000000000e+00	 0.00000000000000000000e+00	 0.00000000000000000000e+00	 0.00000000000000000000e+00	 0.00000000000000000000e+00	 0.00000000000000000000e+00	 0.00000000000000000000e+00	 0.00000000000000000000e+00	 0.00000000000000000000e+00	 0.00000000000000000000e+00	 0.00000000000000000000e+00	 0.00000000000000000000e+00	 
 4.58000000000000007105e+00	 0.00000000000000000000e+00	 0.00000000000000000000e+00	 0.00000000000000000000e+00	 0.00000000000000000000e+00	 0.00000000000000000000e+00	 0.00000000000000000000e+00	 0.00000000000000000000e+00	 0.00000000000000000000e+00	 0.00000000000000000000e+00	 0.00000000000000000000e+00	 0.00000000000000000000e+00	 0.00000000000000000000e+00	 0.00000000000000000000e+00	 0.00000000000000000000e+00	 
 4.60000000000000053291e+00	 0.00000000000000000000e+00	 0.00000000000000000000e+00	 0.00000000000000000000e+00	 0.00000000000000000000e+00	 0.00000000000000000000e+00	 0.00000000000000000000e+00	 0.00000000000000000000e+00	 0.00000000000000000000e+00	 0.00000000000000000000e+00	 0.00000000000000000000e+00	 0.00000000000000000000e+00	 0.00000000000000000000e+00	 0.00000000000000000000e+00	 0.00000000000000000000e+00	 
 4.62000000000000010658e+00	 0.00000000000000000000e+00	 0.00000000000000000000e+00	 0.00000000000000000000e+00	 0.00000000000000000000e+00	 0.00000000000000000000e+00	 0.00000000000000000000e+00	 0.00000000000000000000e+00	 0.00000000000000000000e+00	 0.00000000000000000000e+00	 0.00000000000000000000e+00	 0.00000000000000000000e+00	 0.00000000000000000000e+00	 0.00000000000000000000e+00	 0.00000000000000000000e+00	 
 4.63999999999999968026e+00	 0.00000000000000000000e+00	 0.00000000000000000000e+00	 0.00000000000000000000e+00	 0.00000000000000000000e+00	 0.00000000000000000000e+00	 0.00000000000000000000e+00	 0.00000000000000000000e+00	 0.00000000000000000000e+00	 0.00000000000000000000e+00	 0.00000000000000000000e+00	 0.00000000000000000000e+00	 0.00000000000000000000e+00	 0.00000000000000000000e+00	 0.00000000000000000000e+00	 
 4.66000000000000014211e+00	 0.00000000000000000000e+00	 0.00000000000000000000e+00	 0.00000000000000000000e+00	 0.00000000000000000000e+00	 0.00000000000000000000e+00	 0.00000000000000000000e+00	 0.00000000000000000000e+00	 0.00000000000000000000e+00	 0.00000000000000000000e+00	 0.00000000000000000000e+00	 0.00000000000000000000e+00	 0.00000000000000000000e+00	 0.00000000000000000000e+00	 0.00000000000000000000e+00	 
 4.67999999999999971578e+00	 0.00000000000000000000e+00	 0.00000000000000000000e+00	 0.00000000000000000000e+00	 0.00000000000000000000e+00	 0.00000000000000000000e+00	 0.00000000000000000000e+00	 0.00000000000000000000e+00	 0.00000000000000000000e+00	 0.00000000000000000000e+00	 0.00000000000000000000e+00	 0.00000000000000000000e+00	 0.00000000000000000000e+00	 0.00000000000000000000e+00	 0.00000000000000000000e+00	 
 4.69999999999999928946e+00	 0.00000000000000000000e+00	 0.00000000000000000000e+00	 0.00000000000000000000e+00	 0.00000000000000000000e+00	 0.00000000000000000000e+00	 0.00000000000000000000e+00	 0.00000000000000000000e+00	 0.00000000000000000000e+00	 0.00000000000000000000e+00	 0.00000000000000000000e+00	 0.00000000000000000000e+00	 0.00000000000000000000e+00	 0.00000000000000000000e+00	 0.00000000000000000000e+00	 
 4.72000000000000063949e+00	 0.00000000000000000000e+00	 0.00000000000000000000e+00	 0.00000000000000000000e+00	 0.00000000000000000000e+00	 0.00000000000000000000e+00	 0.00000000000000000000e+00	 0.00000000000000000000e+00	 0.00000000000000000000e+00	 0.00000000000000000000e+00	 0.00000000000000000000e+00	 0.00000000000000000000e+00	 0.00000000000000000000e+00	 0.00000000000000000000e+00	 0.00000000000000000000e+00	 
 4.74000000000000021316e+00	 0.00000000000000000000e+00	 0.00000000000000000000e+00	 0.00000000000000000000e+00	 0.00000000000000000000e+00	 0.00000000000000000000e+00	 0.00000000000000000000e+00	 0.00000000000000000000e+00	 0.00000000000000000000e+00	 0.00000000000000000000e+00	 0.00000000000000000000e+00	 0.00000000000000000000e+00	 0.00000000000000000000e+00	 0.00000000000000000000e+00	 0.00000000000000000000e+00	 
 4.75999999999999978684e+00	 0.00000000000000000000e+00	 0.00000000000000000000e+00	 0.00000000000000000000e+00	 0.00000000000000000000e+00	 0.00000000000000000000e+00	 0.00000000000000000000e+00	 0.00000000000000000000e+00	 0.00000000000000000000e+00	 0.00000000000000000000e+00	 0.00000000000000000000e+00	 0.00000000000000000000e+00	 0.00000000000000000000e+00	 0.00000000000000000000e+00	 0.00000000000000000000e+00	 
 4.78000000000000024869e+00	 0.00000000000000000000e+00	 0.00000000000000000000e+00	 0.00000000000000000000e+00	 0.00000000000000000000e+00	 0.00000000000000000000e+00	 0.00000000000000000000e+00	 0.00000000000000000000e+00	 0.00000000000000000000e+00	 0.00000000000000000000e+00	 0.00000000000000000000e+00	 0.00000000000000000000e+00	 0.00000000000000000000e+00	 0.00000000000000000000e+00	 0.00000000000000000000e+00	 
 4.79999999999999982236e+00	 0.00000000000000000000e+00	 0.00000000000000000000e+00	 0.00000000000000000000e+00	 0.00000000000000000000e+00	 0.00000000000000000000e+00	 0.00000000000000000000e+00	 0.00000000000000000000e+00	 0.00000000000000000000e+00	 0.00000000000000000000e+00	 0.00000000000000000000e+00	 0.00000000000000000000e+00	 0.00000000000000000000e+00	 0.00000000000000000000e+00	 0.00000000000000000000e+00	 
 4.81999999999999939604e+00	 0.00000000000000000000e+00	 0.00000000000000000000e+00	 0.00000000000000000000e+00	 0.00000000000000000000e+00	 0.00000000000000000000e+00	 0.00000000000000000000e+00	 0.00000000000000000000e+00	 0.00000000000000000000e+00	 0.00000000000000000000e+00	 0.00000000000000000000e+00	 0.00000000000000000000e+00	 0.00000000000000000000e+00	 0.00000000000000000000e+00	 0.00000000000000000000e+00	 
 4.84000000000000074607e+00	 0.00000000000000000000e+00	 0.00000000000000000000e+00	 0.00000000000000000000e+00	 0.00000000000000000000e+00	 0.00000000000000000000e+00	 0.00000000000000000000e+00	 0.00000000000000000000e+00	 0.00000000000000000000e+00	 0.00000000000000000000e+00	 0.00000000000000000000e+00	 0.00000000000000000000e+00	 0.00000000000000000000e+00	 0.00000000000000000000e+00	 0.00000000000000000000e+00	 
 4.86000000000000031974e+00	 0.00000000000000000000e+00	 0.00000000000000000000e+00	 0.00000000000000000000e+00	 0.00000000000000000000e+00	 0.00000000000000000000e+00	 0.00000000000000000000e+00	 0.00000000000000000000e+00	 0.00000000000000000000e+00	 0.00000000000000000000e+00	 0.00000000000000000000e+00	 0.00000000000000000000e+00	 0.00000000000000000000e+00	 0.00000000000000000000e+00	 0.00000000000000000000e+00	 
 4.87999999999999989342e+00	 0.00000000000000000000e+00	 0.00000000000000000000e+00	 0.00000000000000000000e+00	 0.00000000000000000000e+00	 0.00000000000000000000e+00	 0.00000000000000000000e+00	 0.00000000000000000000e+00	 0.00000000000000000000e+00	 0.00000000000000000000e+00	 0.00000000000000000000e+00	 0.00000000000000000000e+00	 0.00000000000000000000e+00	 0.00000000000000000000e+00	 0.00000000000000000000e+00	 
 4.89999999999999946709e+00	 0.00000000000000000000e+00	 0.00000000000000000000e+00	 0.00000000000000000000e+00	 0.00000000000000000000e+00	 0.00000000000000000000e+00	 0.00000000000000000000e+00	 0.00000000000000000000e+00	 0.00000000000000000000e+00	 0.00000000000000000000e+00	 0.00000000000000000000e+00	 0.00000000000000000000e+00	 0.00000000000000000000e+00	 0.00000000000000000000e+00	 0.00000000000000000000e+00	 
 4.91999999999999992895e+00	 0.00000000000000000000e+00	 0.00000000000000000000e+00	 0.00000000000000000000e+00	 0.00000000000000000000e+00	 0.00000000000000000000e+00	 0.00000000000000000000e+00	 0.00000000000000000000e+00	 0.00000000000000000000e+00	 0.00000000000000000000e+00	 0.00000000000000000000e+00	 0.00000000000000000000e+00	 0.00000000000000000000e+00	 0.00000000000000000000e+00	 0.00000000000000000000e+00	 
 4.93999999999999950262e+00	 0.00000000000000000000e+00	 0.00000000000000000000e+00	 0.00000000000000000000e+00	 0.00000000000000000000e+00	 0.00000000000000000000e+00	 0.00000000000000000000e+00	 0.00000000000000000000e+00	 0.00000000000000000000e+00	 0.00000000000000000000e+00	 0.00000000000000000000e+00	 0.00000000000000000000e+00	 0.00000000000000000000e+00	 0.00000000000000000000e+00	 0.00000000000000000000e+00	 
 4.95999999999999996447e+00	 0.00000000000000000000e+00	 0.00000000000000000000e+00	 0.00000000000000000000e+00	 0.00000000000000000000e+00	 0.00000000000000000000e+00	 0.00000000000000000000e+00	 0.00000000000000000000e+00	 0.00000000000000000000e+00	 0.00000000000000000000e+00	 0.00000000000000000000e+00	 0.00000000000000000000e+00	 0.00000000000000000000e+00	 0.00000000000000000000e+00	 0.00000000000000000000e+00	 
 4.98000000000000042633e+00	 0.00000000000000000000e+00	 0.00000000000000000000e+00	 0.00000000000000000000e+00	 0.00000000000000000000e+00	 0.00000000000000000000e+00	 0.00000000000000000000e+00	 0.00000000000000000000e+00	 0.00000000000000000000e+00	 0.00000000000000000000e+00	 0.00000000000000000000e+00	 0.00000000000000000000e+00	 0.00000000000000000000e+00	 0.00000000000000000000e+00	 0.00000000000000000000e+00	 
 5.00000000000000000000e+00	 0.00000000000000000000e+00	 0.00000000000000000000e+00	 0.00000000000000000000e+00	 0.00000000000000000000e+00	 0.00000000000000000000e+00	 0.00000000000000000000e+00	 0.00000000000000000000e+00	 0.00000000000000000000e+00	 0.00000000000000000000e+00	 0.00000000000000000000e+00	 0.00000000000000000000e+00	 0.00000000000000000000e+00	 0.00000000000000000000e+00	 0.00000000000000000000e+00	 
