 -1.00000000000000000000e+00	 2.85003778363425591555e-08	 2.84154541656303965970e-08	 2.84990692309637474942e-08	 4.50014384616324901385e-06	 4.49997566269585463807e-06	 4.50087335987228553795e-06	 4.51429718419715716180e-06	 1.55621776201916716717e-06	 1.47049448724889105449e-06	 4.46152793797026818364e-06	 3.91665214764806551202e-08	 7.27170110777883051352e-08	 7.27074348764421328873e-08	 7.27164742111502388784e-08	 
 -9.79999999999999982236e-01	 2.91118143689034451503e-08	 2.90250515319353209472e-08	 2.91105004641977698752e-08	 4.59236983005136015993e-06	 4.59226297681689340818e-06	 4.59309473121650221618e-06	 4.60679508874720128098e-06	 1.58782553909749567796e-06	 1.50033727422190713206e-06	 4.55303043835852019574e-06	 4.00014779923461264041e-08	 7.42767467593741849263e-08	 7.42669827837832634325e-08	 7.42762184602181923848e-08	 
 -9.59999999999999964473e-01	 2.97320318893428727222e-08	 2.96434036745460419884e-08	 2.97307123485814813305e-08	 4.68579367340662866401e-06	 4.68575026083379348217e-06	 4.68651270811370811658e-06	 4.70049419974848570365e-06	 1.61983577029957108174e-06	 1.53055933725348053114e-06	 4.64572238583823104541e-06	 4.08482791450709515378e-08	 7.58588336869821089137e-08	 7.58488797869617586637e-08	 7.58583146887995339011e-08	 
 -9.39999999999999946709e-01	 3.03605838195736337594e-08	 3.02700654446255570107e-08	 3.03592575482722704497e-08	 4.78032623985465094312e-06	 4.78034748035647812179e-06	 4.78103712642078801425e-06	 4.79530372101037182290e-06	 1.65221659585514264317e-06	 1.56113047408922917966e-06	 4.73951447684538091298e-06	 4.17063239956638931727e-08	 7.74621490072705670990e-08	 7.74520032107300135239e-08	 7.74616400098221412288e-08	 
 -9.19999999999999928946e-01	 3.09969833791847088405e-08	 3.09045516205684882827e-08	 3.09956483535442617865e-08	 4.87587082653040443825e-06	 4.87595683878460652537e-06	 4.87657007425197673925e-06	 4.89112499478382342091e-06	 1.68493345824818466146e-06	 1.59201792594160002142e-06	 4.83430970722576497010e-06	 4.25749603237664024719e-08	 7.90854718600995928431e-08	 7.90751323827019667977e-08	 7.90849735114228807773e-08	 
 -9.00000000000000022204e-01	 3.16407054133024280663e-08	 3.15463393664371622377e-08	 3.16393592253760863313e-08	 4.97232318310948805833e-06	 4.97247304614668248342e-06	 4.97300607573249946436e-06	 4.98785210992772209965e-06	 1.71794917217421833400e-06	 1.62318643859579504841e-06	 4.93000376553756376204e-06	 4.34534979177862197984e-08	 8.07274803330332771947e-08	 8.07169455401770043409e-08	 8.07269932306812505707e-08	 
 -8.80000000000000115463e-01	 3.22911873751475483653e-08	 3.21948699584457842137e-08	 3.22898285913403139101e-08	 5.06957144818451035554e-06	 5.06978352666524686331e-06	 5.07023220230900004786e-06	 5.08537249928408037226e-06	 1.75122397469212353526e-06	 1.65459830398725744309e-06	 5.02648538751266806934e-06	 4.43412230837193217813e-08	 8.23867457826022445410e-08	 8.23760140943764444836e-08	 8.23862704942927011463e-08	 
 -8.59999999999999986677e-01	 3.29478228651569388180e-08	 3.28495413623796097476e-08	 3.29464512476647352174e-08	 5.16749532381301287257e-06	 5.16776714875046329231e-06	 5.16812694299581451676e-06	 5.18356511067723722922e-06	 1.78471512325195095590e-06	 1.68621298690536571250e-06	 5.12363489462368995299e-06	 4.52373736296673719896e-08	 8.40617292357392995140e-08	 8.40507991053593989893e-08	 8.40612662849157043924e-08	 
 -8.40000000000000079936e-01	 3.36099736421990550922e-08	 3.35097186924441103821e-08	 3.36085888505276739166e-08	 5.26596566067857631548e-06	 5.26629437930167493916e-06	 5.26656068401562416233e-06	 5.28230057774782516027e-06	 1.81837700125227704514e-06	 1.71798723206696723002e-06	 5.22132446669707244640e-06	 4.61411201821836657973e-08	 8.57507894924975533373e-08	 8.57396594000905128351e-08	 8.57503392805704480841e-08	 
 -8.20000000000000062172e-01	 3.42769823641585196536e-08	 3.41747451951491860436e-08	 3.42755809129412033766e-08	 5.36484386234888095517e-06	 5.36522734262546032553e-06	 5.36539614749037364541e-06	 5.38144130873169519567e-06	 1.85216120445738774273e-06	 1.74987515414454261909e-06	 5.31941834769510997353e-06	 4.70515438035865627115e-08	 8.74521895630451059980e-08	 8.74408580218379880581e-08	 8.74517522150010179487e-08	 
 -8.00000000000000044409e-01	 3.49481502026710402182e-08	 3.48439224648807179557e-08	 3.49467249618384230059e-08	 5.46398187114957299454e-06	 5.46441886922239388467e-06	 5.46448691361161984257e-06	 5.48084052996964695678e-06	 1.88601612786814691386e-06	 1.78182783337151340409e-06	 5.41777172654960258315e-06	 4.79676643686103307853e-08	 8.91640772316596911044e-08	 8.91525427630103069365e-08	 8.91636525375311169751e-08	 
 -7.80000000000000026645e-01	 3.56227294645372374071e-08	 3.55165028386227436275e-08	 3.56212691279282941296e-08	 5.56322322872272189451e-06	 5.56371308836002015786e-06	 5.56367799786494462473e-06	 5.58034281995700340816e-06	 1.91988719411385769928e-06	 1.81379353914895187291e-06	 5.51623153547334779841e-06	 4.88884459699108261008e-08	 9.08844839066240313814e-08	 9.08727451034768243905e-08	 9.08840713520505315893e-08	 
 -7.60000000000000008882e-01	 3.62999137893701035644e-08	 3.61916793161775975029e-08	 3.62984022898361664964e-08	 5.66240413713859350235e-06	 5.66294596665379816337e-06	 5.66280639003067435519e-06	 5.67978459334808875885e-06	 1.95371707597744915892e-06	 1.84571794956171049228e-06	 5.61463724492112418676e-06	 4.98128009894229111820e-08	 9.26113199088485121319e-08	 9.25993755967655135328e-08	 9.26109188009955699429e-08	 
 -7.39999999999999991118e-01	 3.69788502998275295820e-08	 3.68685979275605793669e-08	 3.69772660433970179678e-08	 5.76135118050134011633e-06	 5.76194382326361199438e-06	 5.76169962724231903364e-06	 5.77899273856952185290e-06	 1.98744515158913069645e-06	 1.87754362226705093224e-06	 5.71281908114861260557e-06	 5.07395799157108463340e-08	 9.43423731029987052331e-08	 9.43302223533140748358e-08	 9.43419825425770521406e-08	 
 -7.19999999999999973355e-01	 3.76586395732376805483e-08	 3.75463596090977489333e-08	 3.76569597918624830703e-08	 5.85988261750415183657e-06	 5.86052439596355982464e-06	 5.86017594950084139491e-06	 5.87778574856823146422e-06	 2.02100789850507797887e-06	 1.90921034737519771331e-06	 5.81059817856690037072e-06	 5.16675779308485686476e-08	 9.60753161932276571707e-08	 9.60629583575126334405e-08	 9.60749351422163760600e-08	 
 -6.99999999999999955591e-01	 3.83383338752287740582e-08	 3.82240205613287524538e-08	 3.83365448024025245068e-08	 5.95780970992180680603e-06	 5.95849790610814453412e-06	 5.95804433226004911820e-06	 5.97597487264699632324e-06	 2.05433930275760831094e-06	 1.94065551203883549471e-06	 5.90778661903889941323e-06	 5.25955400029382536124e-08	 9.78077104682614836560e-08	 9.77951452379684733924e-08	 9.78073379249181050132e-08	 
 -6.79999999999999937828e-01	 3.90169374729033526593e-08	 3.89005893999504454636e-08	 3.90150361840887083486e-08	 6.05493436336502680430e-06	 6.05566506615260358344e-06	 6.05510402194037590344e-06	 6.07336204377154855632e-06	 2.08737013916043133335e-06	 1.97181345156708612043e-06	 6.00418699776779999500e-06	 5.35221510691998583743e-08	 9.95369942061639064045e-08	 9.95242216385290963755e-08	 9.95366292231765493690e-08	 
 -6.60000000000000031086e-01	 3.96934102760530685636e-08	 3.95750325965250828812e-08	 3.96914054649032987657e-08	 6.15105071056569730040e-06	 6.15181880276440523462e-06	 6.15114785537137473458e-06	 6.16974124172465318192e-06	 2.12002845686131976904e-06	 2.00261593508312526541e-06	 6.09959403775854032490e-06	 5.44460352094626099744e-08	 1.01260492014197813541e-07	 1.01247512607395981908e-07	 1.01260133717623214715e-07	 
 -6.40000000000000013323e-01	 4.03666696588028344045e-08	 4.02462784130378268594e-08	 4.03645814436937777238e-08	 6.24594677011160149226e-06	 6.24674606356974883862e-06	 6.24596587810952400140e-06	 6.26489990243605320117e-06	 2.15224009082817785134e-06	 2.03299267948638841936e-06	 6.19379626231551309022e-06	 5.53657517955736485655e-08	 1.02975419774533284849e-07	 1.02962234601869961982e-07	 1.02975067387217338698e-07	 
 -6.19999999999999884537e-01	 4.10355863790260396534e-08	 4.09132099975012110356e-08	 4.10334482202884721292e-08	 6.33940197237470851103e-06	 6.34022508678916495823e-06	 6.33933992378710165877e-06	 6.35861681960667518500e-06	 2.18392791665808489029e-06	 2.06287059797913974310e-06	 6.28657342844412885349e-06	 5.62798000990486719951e-08	 1.04678874176845272551e-07	 1.04665484944326301437e-07	 1.04678527044969268965e-07	 
 -5.99999999999999977796e-01	 4.16989905763978458268e-08	 4.15746707607315800256e-08	 4.16968459474500196670e-08	 6.43118883813916232360e-06	 6.43202764877796071501e-06	 6.43104401109950393653e-06	 6.45066335850638867996e-06	 2.21501252352783935430e-06	 2.09217444334128460577e-06	 6.37769875276053189750e-06	 5.71865976027570908477e-08	 1.06367853374361920270e-07	 1.06354262399551011223e-07	 1.06367510979812587253e-07	 
 -5.79999999999999849010e-01	 4.23556757060961057997e-08	 4.22294677959198099154e-08	 4.23535690318419750948e-08	 6.52107473940155806923e-06	 6.52192146686505433575e-06	 6.52084467231812752000e-06	 6.54080468101315913826e-06	 2.24541293575076314622e-06	 2.12082749893418892780e-06	 6.46694127602734909299e-06	 5.80844511758127466302e-08	 1.08039273424974935157e-07	 1.08025483532965340869e-07	 1.08038935386054278908e-07	 
 -5.60000000000000053291e-01	 4.30043924900274644024e-08	 4.28763670514439909607e-08	 4.30023688713600197418e-08	 6.60881968065332875970e-06	 6.60966700971793038423e-06	 6.60850095243915225998e-06	 6.62879830006298128003e-06	 2.27504569464040029596e-06	 2.14875069799195378078e-06	 6.55406268007594815044e-06	 5.89715965727988809439e-08	 1.09689944353156219611e-07	 1.09675958905804700903e-07	 1.09689610453192881352e-07	 
 -5.40000000000000035527e-01	 4.36438466342838414986e-08	 4.35140826401481886944e-08	 4.36419458501438481062e-08	 6.69417849302520263693e-06	 6.69501943629802520516e-06	 6.69376702084480226682e-06	 6.71439634690770985234e-06	 2.30382575104483832020e-06	 2.17586345677020302872e-06	 6.63881936698877461516e-06	 5.98462582073689930091e-08	 1.11316542216138624405e-07	 1.11302365023061173651e-07	 1.11316212283465866083e-07	 
 -5.20000000000000017764e-01	 4.42726927519863312571e-08	 4.41412614119904646754e-08	 4.42709367045477508408e-08	 6.77690316370323555926e-06	 6.77773064635115267271e-06	 6.77639496636451278103e-06	 6.79734796220365577270e-06	 2.33166743271176440160e-06	 2.20208457796344017136e-06	 6.72096465538829928872e-06	 6.07067093917751766599e-08	 1.12915569275223108495e-07	 1.12901204373383583044e-07	 1.12915242898871436416e-07	 
 -5.00000000000000000000e-01	 4.48895432918939164898e-08	 4.47565057744556498657e-08	 4.48879326938643263223e-08	 6.85674015674277368402e-06	 6.85754705651586890638e-06	 6.85613139181926417684e-06	 6.87739645678615188186e-06	 2.35848330204911832270e-06	 2.22733118864958056266e-06	 6.80024628002865923497e-06	 6.15511818563255218999e-08	 1.14483413805449356405e-07	 1.14468865429563419483e-07	 1.14483090295705742301e-07	 
 -4.79999999999999926725e-01	 4.54930058975765752342e-08	 4.53584146911278788830e-08	 4.54915224276806872582e-08	 6.93343357038272081337e-06	 6.93421246498974437687e-06	 6.93272024117981299537e-06	 6.95428361305457117236e-06	 2.38418527102661633081e-06	 2.25151980904343513730e-06	 6.87640992274934138059e-06	 6.23778766184414175160e-08	 1.16016512262001335266e-07	 1.16001784947610929181e-07	 1.16016190663401589970e-07	 
 -4.59999999999999964473e-01	 4.60817204822440723892e-08	 4.59456245276345038630e-08	 4.60803346428692081299e-08	 7.00672853694192302295e-06	 7.00747112527603237291e-06	 7.00590583035892205179e-06	 7.02775435578234545445e-06	 2.40868581568181219975e-06	 2.27456751794775110484e-06	 6.94920302843410678928e-06	 6.31849712327929173604e-08	 1.17511518948104014387e-07	 1.17496617778280007753e-07	 1.17511198105575009884e-07	 
 -4.40000000000000002220e-01	 4.66543050898579699919e-08	 4.65167485907348440903e-08	 4.66529746550686520578e-08	 7.07636727123136121569e-06	 7.07706430566557983196e-06	 7.07542946661870336168e-06	 7.09755080939696727876e-06	 2.43189658908493514314e-06	 2.29639061506007252167e-06	 7.01837018826783040805e-06	 6.39706132591469739857e-08	 1.18965055963962319705e-07	 1.18949986592241431738e-07	 1.18964734500961471660e-07	 
 -4.19999999999999984457e-01	 4.72093854699309638702e-08	 4.70704119758944974060e-08	 4.72080632398616503131e-08	 7.14209285191841854504e-06	 7.14273478588649843817e-06	 7.14103364577435061278e-06	 7.16341620189796726291e-06	 2.45372981307498862016e-06	 2.31690594991448438585e-06	 7.08365658091030639306e-06	 6.47329452937822475754e-08	 1.20373672424454580254e-07	 1.20358441165442590847e-07	 1.20373348943525729995e-07	 
 -3.99999999999999911182e-01	 4.77456243556254813567e-08	 4.76052866084623658618e-08	 4.77442761623870909695e-08	 7.20365330982581740635e-06	 7.20423174458003074251e-06	 7.20246660286840173113e-06	 7.22509909607234061184e-06	 2.47409979743032085856e-06	 2.33603237360925107194e-06	 7.14481168283042559450e-06	 6.54701270641036129899e-08	 1.21733792039789091364e-07	 1.21718406038104831435e-07	 1.21733465570348061631e-07	 
 -3.80000000000000004441e-01	 4.82616819745488207147e-08	 4.81200427684643980843e-08	 4.82602889383745409434e-08	 7.26079688192931713766e-06	 7.26130476765849386774e-06	 7.25947683390129879324e-06	 7.28234845566663170321e-06	 2.49292117147594243727e-06	 2.35368904350290185479e-06	 7.20158510472694397348e-06	 6.61803070003034921753e-08	 1.23041809182242678505e-07	 1.23026276469500252460e-07	 1.23041479256343841185e-07	 
 -3.59999999999999931166e-01	 4.87562047146680173057e-08	 4.86133398340053609676e-08	 4.87547630601934130892e-08	 7.31327747911218450916e-06	 7.31370909096693776988e-06	 7.31181795546439517347e-06	 7.33491921167112642037e-06	 2.51011054299519195606e-06	 2.36979698014246692656e-06	 7.25373273808418879145e-06	 6.68616700201360253487e-08	 1.24294142954612060854e-07	 1.24278472527919201465e-07	 1.24293809673561535821e-07	 
 -3.39999999999999968914e-01	 4.92278091336416401738e-08	 4.90838127062486111937e-08	 4.92263275461503622056e-08	 7.36086063465181074026e-06	 7.36121130464377750128e-06	 7.35925397867794962913e-06	 7.38257832567937832791e-06	 2.52558830552028050294e-06	 2.38428076366614480087e-06	 7.30102345809922930386e-06	 6.75124845118115302343e-08	 1.25487286248464008375e-07	 1.25471488180363168148e-07	 1.25486950349225061319e-07	 
 -3.20000000000000006661e-01	 4.96751120319947264592e-08	 4.95300984824216517512e-08	 4.96736134430758716096e-08	 7.40331589929434997262e-06	 7.40358216604064364632e-06	 7.40155277971811147782e-06	 7.42509703854011724692e-06	 2.53927643537482875132e-06	 2.39706647122579179283e-06	 7.34323030348491680522e-06	 6.81310363824628261466e-08	 1.26617740676243377134e-07	 1.26601826190575413670e-07	 1.26617403620731744591e-07	 
 -2.99999999999999933387e-01	 5.00967669690257160951e-08	 4.99508610037242984265e-08	 5.00952768270600971813e-08	 7.44042284234206621816e-06	 7.44060127272144159610e-06	 7.43849218014041182974e-06	 7.46225616772995989606e-06	 2.55110043467611070456e-06	 2.40808362555434883354e-06	 7.38013485900488589895e-06	 6.87156202359419962433e-08	 1.27682080346163986040e-07	 1.27666061426938787240e-07	 1.27681743878767684037e-07	 
 -2.80000000000000026645e-01	 5.04914996701427246365e-08	 5.03448132710940215005e-08	 5.04900194861259133984e-08	 7.47197755773238576872e-06	 7.47206210129594701735e-06	 7.46986653967940693105e-06	 7.49385183637675997260e-06	 2.56099143636230477020e-06	 2.41726730848650705271e-06	 7.41153197415743657917e-06	 6.92645242748541435598e-08	 1.28677011059200715846e-07	 1.28660899552857075254e-07	 1.28676676187028869065e-07	 
 -2.59999999999999953371e-01	 5.08580554421363808729e-08	 5.07106853441714551703e-08	 5.08565594565727136917e-08	 7.49778395775450620095e-06	 7.49776568346750432487e-06	 7.49547790072408817323e-06	 7.51968804973012157659e-06	 2.56888343786566474569e-06	 2.42455534491496948774e-06	 7.43722394248086436322e-06	 6.97760593885008640086e-08	 1.29599286766227089185e-07	 1.29583094278898065050e-07	 1.29598953648217674534e-07	 
 -2.39999999999999907851e-01	 5.11952179541784618299e-08	 5.10472505149980641988e-08	 5.11936571954615494301e-08	 7.51765866206791108728e-06	 7.51752699886599242270e-06	 7.51514243862677838395e-06	 7.53958149835682724056e-06	 2.57471548620267481409e-06	 2.42989033090627664334e-06	 7.45702709958600542059e-06	 7.02485927362601339415e-08	 1.30445772084069074515e-07	 1.30429510261542790121e-07	 1.30445440366358064062e-07	 
 -2.19999999999999945599e-01	 5.15018254287237483021e-08	 5.13533493675750614933e-08	 5.15001395455032859497e-08	 7.53143621674158378923e-06	 7.53118184975475517338e-06	 7.52869739730466356107e-06	 7.55336668235466245574e-06	 2.57843402089264049518e-06	 2.43322180546791630879e-06	 7.47077892481983291898e-06	 7.06805774394349195553e-08	 1.31213499874446859557e-07	 1.31197181091768027548e-07	 1.31213169503056840511e-07	 
 -1.99999999999999983347e-01	 5.17767462982527740635e-08	 5.16278525353212127934e-08	 5.17748624770878476913e-08	 7.53896190808182977875e-06	 7.53857695177929747042e-06	 7.53599108479588633135e-06	 7.56088888966161461202e-06	 2.57998949979563879179e-06	 2.43450313013979714359e-06	 7.47832774363980336063e-06	 7.10705055798861202165e-08	 1.31899583802327401251e-07	 1.31883221189006347629e-07	 1.31899255063995913976e-07	 
 -1.79999999999999993339e-01	 5.20189007894975580289e-08	 5.18696877569747731740e-08	 5.20167448574772667977e-08	 7.54009870121064298493e-06	 7.53957842158030074558e-06	 7.53689075122871394123e-06	 7.56201191780722717102e-06	 2.57933888016169904036e-06	 2.43369385787717730648e-06	 7.47954088246270020661e-06	 7.14169460573189969936e-08	 1.32501290386721252780e-07	 1.32484897764829493335e-07	 1.32500963911184603382e-07	 
 -1.59999999999999920064e-01	 5.22272799229128863893e-08	 5.20778648366211400395e-08	 5.22248006289307200993e-08	 7.53473461691177023392e-06	 7.53408083496650624039e-06	 7.53129097507458398282e-06	 7.55662630437105666860e-06	 2.57644823977013144486e-06	 2.43076223335238327192e-06	 7.47431336448743732992e-06	 7.17185787396571742324e-08	 1.33016106790889742806e-07	 1.32999698522330281260e-07	 1.33015783515391263850e-07	 
 -1.39999999999999902300e-01	 5.24009122364174493309e-08	 5.22514328704980772171e-08	 5.23980843494839187152e-08	 7.52277097466430184360e-06	 7.52199265197584448990e-06	 7.51910020660550302754e-06	 7.54463614681519656056e-06	 2.57128856775577359860e-06	 2.42568117025633970700e-06	 7.46255393130483126525e-06	 7.19741347376156427064e-08	 1.33441626371211558442e-07	 1.33425217356050416830e-07	 1.33441307573184269344e-07	 
 -1.20000000000000009437e-01	 5.25389139733754686768e-08	 5.23895193413258261829e-08	 5.25357271852175814582e-08	 7.50413226536127343547e-06	 7.50324361966914538569e-06	 7.50024727534520262493e-06	 7.52596795099965348115e-06	 2.56383852867351308099e-06	 2.41843089856218260877e-06	 7.44419075409762133342e-06	 7.21824497200282232539e-08	 1.33775637923784799295e-07	 1.33759243255871403230e-07	 1.33775325008358077258e-07	 
 -1.00000000000000005551e-01	 5.26405389466349820684e-08	 5.24913681622002199188e-08	 5.26369717043140076425e-08	 7.47877655274248699587e-06	 7.47779245555112035077e-06	 7.47468810448452807439e-06	 7.50057990939156521437e-06	 2.55408732055430893733e-06	 2.40900169766124246429e-06	 7.41917729398623153634e-06	 7.23425148287828666306e-08	 1.34016212354046988886e-07	 1.33999846607432611106e-07	 1.34015906379493633814e-07	 
 -8.00000000000000155431e-02	 5.27050894817151145227e-08	 5.25562701575224766107e-08	 5.27011078404212273524e-08	 7.44667712888353100015e-06	 7.44561308914353975249e-06	 7.44239360828569806457e-06	 7.46844546174844592471e-06	 2.54202953471558546058e-06	 2.39738897228243798019e-06	 7.38748166683153752047e-06	 7.24533825585115320243e-08	 1.34161543431247360334e-07	 1.34145220548518649682e-07	 1.34161245064231323749e-07	 
 -5.99999999999999630851e-02	 5.27319519733022526157e-08	 5.25836036149771924981e-08	 5.27275172723919544104e-08	 7.40783109238827160273e-06	 7.40670277344927427930e-06	 7.40335930161590284176e-06	 7.42956209717036037576e-06	 2.52766821487639921698e-06	 2.38359615193324697477e-06	 7.34909575642933551772e-06	 7.25142265063223443389e-08	 1.34210081720381998256e-07	 1.34193815241900970673e-07	 1.34209791377489356680e-07	 
 -3.99999999999999383826e-02	 5.27206316640337066623e-08	 5.25728743190692411255e-08	 5.27157175897710081116e-08	 7.36226804906789164128e-06	 7.36109028548253766503e-06	 7.35761513385679184876e-06	 7.38396030072830808017e-06	 2.51101792866152595161e-06	 2.36763759290125363455e-06	 7.30404454791134793979e-06	 7.25243997916478976366e-08	 1.34160670082398332887e-07	 1.34144473733270051715e-07	 1.34160388267748315234e-07	 
 -2.00000000000000281719e-02	 5.26706822308244192188e-08	 5.25236363148265797434e-08	 5.26652762358195219681e-08	 7.31003274499921224270e-06	 7.30881942656853462054e-06	 7.30520617970409574213e-06	 7.33168576976225085828e-06	 2.49209858608128042201e-06	 2.34953271924313139666e-06	 7.25236775660457880840e-06	 7.24833200707800159945e-08	 1.34012286715638577006e-07	 1.33996174393750703672e-07	 1.34012014028504611181e-07	 
 -4.82163733276643543166e-17	 5.25817629079810946277e-08	 5.24355530934851340758e-08	 5.25758651142226315669e-08	 7.25119511045633515883e-06	 7.24995935570394969334e-06	 7.24620220153565602450e-06	 7.27280841193380657542e-06	 2.47093878594167184153e-06	 2.32930921301192425999e-06	 7.19413185341792404899e-06	 7.23905379620145240656e-08	 1.33764175529478394893e-07	 1.33748161287887482871e-07	 1.33763912639223238204e-07	 
 2.00000000000001253164e-02	 5.24536966999359649602e-08	 5.23084601202968983212e-08	 5.24473162168627695742e-08	 7.18586015072173704151e-06	 7.18461480680968083345e-06	 7.18070702562141480662e-06	 7.20743112290289460447e-06	 2.44757904495892205903e-06	 2.30700608175835032598e-06	 7.12944212571421151702e-06	 7.22458055031181066931e-08	 1.33415979467046434755e-07	 1.33400077490314608349e-07	 1.33415727053703686171e-07	 
 4.00000000000001187939e-02	 5.22863530543862840386e-08	 5.21422402615815238046e-08	 5.22795087734608277636e-08	 7.11414628884760510003e-06	 7.11290387682201433769e-06	 7.10883780471605279113e-06	 7.13567012751096996014e-06	 2.42206455672706876352e-06	 2.28266676168003849055e-06	 7.05841727886339787831e-06	 7.20489347771924711283e-08	 1.32967467829463500759e-07	 1.32951692426141646503e-07	 1.32967226582173925150e-07	 
 6.00000000000000255351e-02	 5.20797096689699097470e-08	 5.19368827748336447791e-08	 5.20724379374044028467e-08	 7.03619594579699159255e-06	 7.03496900543808003335e-06	 7.03073870139917949290e-06	 7.05766827784447851803e-06	 2.39444891628924765871e-06	 2.25634266441853430075e-06	 6.98119912085406369329e-06	 7.17998804837982426399e-08	 1.32418689159823522940e-07	 1.32403054548263153485e-07	 1.32418459666283513645e-07	 
 7.99999999999999322764e-02	 5.18339162413014680091e-08	 5.16925441182980957330e-08	 5.18262858233002737419e-08	 6.95218544535775933934e-06	 6.95098731221441088347e-06	 6.94659408685602806650e-06	 6.97360787533195507909e-06	 2.36479754504965062421e-06	 2.22809642299535460113e-06	 6.89796150998373463142e-06	 7.14988242383093918072e-08	 1.31770129611669529564e-07	 1.31754649487564950850e-07	 1.31769912132465040566e-07	 
 9.99999999999999500400e-02	 5.15491597106129127268e-08	 5.14094183089294874698e-08	 5.15412740713549217814e-08	 6.86230092727248627030e-06	 6.86114573625484271553e-06	 6.85659847820684069288e-06	 6.88368136947587699832e-06	 2.33317925639889289452e-06	 2.19799387038384141040e-06	 6.80888802002301419918e-06	 7.11459960677689812440e-08	 1.31022376516946068180e-07	 1.31007064005366903633e-07	 1.31022170958100858623e-07	 
 1.20000000000000023315e-01	 5.12257541173603647083e-08	 5.10878173487104860860e-08	 5.12177324330661378524e-08	 6.76675124550244069073e-06	 6.76565396010142556659e-06	 6.76096630916622747816e-06	 6.78810328544043534225e-06	 2.29967040524463908792e-06	 2.16610804039253481012e-06	 6.71418561368168473655e-06	 7.07417681583097080166e-08	 1.30176317165556691295e-07	 1.30161184731957621007e-07	 1.30176123036551228568e-07	 
 1.40000000000000041078e-01	 5.08642341199969472740e-08	 5.07282548716677864036e-08	 5.08561700417074690491e-08	 6.66577958014974677109e-06	 6.66475603869483732510e-06	 6.65994011915292493639e-06	 6.68712073187295959258e-06	 2.26435848446760839132e-06	 2.13252262405945009562e-06	 6.61409709731071865515e-06	 7.02867516818152229579e-08	 1.29233345984054433710e-07	 1.29218405301227785419e-07	 1.29233162340159440408e-07	 
 1.59999999999999975575e-01	 5.04651594071661403752e-08	 5.03312681034800516769e-08	 5.04571189712857829275e-08	 6.55963380829506104711e-06	 6.55870070672487746205e-06	 6.55376700735449186817e-06	 6.58098566696440594322e-06	 2.22733252764193131253e-06	 2.09732274991784962211e-06	 6.50887000695572875953e-06	 6.97815863296867060993e-08	 1.28194921036909191433e-07	 1.28180182944086087009e-07	 1.28194746452605010321e-07	 
 1.79999999999999937828e-01	 5.00291911291701575819e-08	 4.98974978289193624125e-08	 5.00212187545809008808e-08	 6.44858149744245833516e-06	 6.44775482350095014897e-06	 6.44271272808854264454e-06	 6.46996987526677300883e-06	 2.18868782780776693355e-06	 2.06059946611208383063e-06	 6.39877123173718714887e-06	 6.92270607378313894638e-08	 1.27062766417984742156e-07	 1.27048241059759856489e-07	 1.27062599358156531704e-07	 
 2.00000000000000094369e-01	 4.95571710912399967788e-08	 4.94277713274153653438e-08	 4.95493040621332020183e-08	 6.33292266830698382735e-06	 6.33221451553216321394e-06	 6.32707353939440204162e-06	 6.35437766608438202884e-06	 2.14852977073877794993e-06	 2.02245335030387188912e-06	 6.28409937904915678940e-06	 6.86242373868936333885e-08	 1.25839082543659493594e-07	 1.25824779696076610552e-07	 1.25838922147816541202e-07	 
 2.20000000000000001110e-01	 4.90499428542553925752e-08	 4.89229171670262721036e-08	 4.90422109295987915124e-08	 6.21295556751894482208e-06	 6.21237398972138789082e-06	 6.20714374038724662358e-06	 6.23451166259220259579e-06	 2.10696299126741212526e-06	 1.98298422982490058587e-06	 6.16515128508823379651e-06	 6.79741822023053711385e-08	 1.24526074837922568509e-07	 1.24512003917478673513e-07	 1.24525920964045109842e-07	 
 2.39999999999999963363e-01	 4.85084385626609654202e-08	 4.83838585175659094516e-08	 4.85008678886193194928e-08	 6.08899213165559248870e-06	 6.08854205459674456156e-06	 6.08323152319794540293e-06	 6.11068500965003419422e-06	 2.06409662971580955867e-06	 1.94229616796280349212e-06	 6.04223678216966933452e-06	 6.72780877527633946982e-08	 1.23126191952866396888e-07	 1.23112361923986138801e-07	 1.23126044767754515730e-07	 
 2.59999999999999953371e-01	 4.79337681731750222692e-08	 4.78117091113236160337e-08	 4.79263896579450543424e-08	 5.96136988503131240300e-06	 5.96105519809599497289e-06	 5.95567135356888443056e-06	 5.98322986984871471507e-06	 2.02004826914467175216e-06	 1.90050116020939610387e-06	 5.91568988671088331774e-06	 6.65374004477568929113e-08	 1.21642370488578017720e-07	 1.21628789667455754277e-07	 1.21642229589313811171e-07	 
 2.80000000000000082157e-01	 4.73270146745560109750e-08	 4.72075564297533284395e-08	 4.73198643443246428264e-08	 5.83041710106254088778e-06	 5.83024060527374867195e-06	 5.82478835156607328496e-06	 5.85246907451798576463e-06	 1.97493217268114467543e-06	 1.85770800386913620441e-06	 5.78583533401779214020e-06	 6.57535357914970484740e-08	 1.20077480576512955765e-07	 1.20064156640792249050e-07	 1.20077344962176118901e-07	 
 2.99999999999999988898e-01	 4.66893437548127005305e-08	 4.65725708586846578129e-08	 4.66824614897346561024e-08	 5.69647393982271719488e-06	 5.69643327570951026978e-06	 5.69091694672571270290e-06	 5.71873425155711202376e-06	 1.92886535539126026598e-06	 1.81402794983209824415e-06	 5.65300436012182330563e-06	 6.49280117214865949855e-08	 1.18434605484227677145e-07	 1.18421545493502098184e-07	 1.18434473604518688199e-07	 
 3.20000000000000006661e-01	 4.60221146052133027378e-08	 4.59081159330246685647e-08	 4.60155411938533326108e-08	 5.55990857867088599160e-06	 5.55998808592399859678e-06	 5.55441454904181957400e-06	 5.58237909309370257822e-06	 1.88197181220250987314e-06	 1.76957855935164510080e-06	 5.51754544391786766314e-06	 6.40625844693970015856e-08	 1.16717323214862486082e-07	 1.16704533645701327189e-07	 1.16717193101227462436e-07	 
 3.39999999999999968914e-01	 4.53266280584645433933e-08	 4.52154974212375127841e-08	 4.53204053681964721536e-08	 5.42107214590476388935e-06	 5.42124286835447983921e-06	 5.41562154803775998882e-06	 5.44374040877268220644e-06	 1.83436957942309871644e-06	 1.72447169090768577242e-06	 5.37979010194317724432e-06	 6.31589392989433053571e-08	 1.14929063778113979035e-07	 1.14916550553531019733e-07	 1.14928933038474094114e-07	 
 3.59999999999999931166e-01	 4.46042706300563260237e-08	 4.44961011490319060455e-08	 4.45984465197650821472e-08	 5.28031535141394623930e-06	 5.28054029501844312953e-06	 5.27488348474914463970e-06	 5.30316114289604499497e-06	 1.78617758123745979435e-06	 1.67882004810963953062e-06	 5.24007637581819357415e-06	 6.22188790121619709915e-08	 1.13073450006835821199e-07	 1.13061218720902984078e-07	 1.13073316383969647744e-07	 
 3.80000000000000059952e-01	 4.38566566408741902496e-08	 4.37515288053797930824e-08	 4.38512946469277143971e-08	 5.13799787949605829345e-06	 5.13824295742608898291e-06	 5.13256633307921658556e-06	 5.16100670364884214048e-06	 1.73751999006638596944e-06	 1.63274133145008890818e-06	 5.09876568826051370899e-06	 6.12445123689103705936e-08	 1.11154631714894857783e-07	 1.11142688058787088709e-07	 1.11154494217256919181e-07	 
 4.00000000000000077716e-01	 4.30853089797880014504e-08	 4.29832907202101202692e-08	 4.30804886943285862504e-08	 4.99445477061376371037e-06	 4.99468895919002515331e-06	 4.98901153524548203358e-06	 5.01761822891092346252e-06	 1.68851249792768586483e-06	 1.58634516288655729152e-06	 4.95619514701946010726e-06	 6.02378373337053493383e-08	 1.09176522736554610662e-07	 1.09164872551180773878e-07	 1.09176381677881225425e-07	 
 4.19999999999999984457e-01	 4.22918113595963913210e-08	 4.21929583022237304540e-08	 4.22876220177340904148e-08	 4.85001963426063458976e-06	 4.85021723073185657087e-06	 4.84455981632021496786e-06	 4.87333574421203400692e-06	 1.63926992204204954340e-06	 1.53974031282156305264e-06	 4.81270271672280519068e-06	 5.92009372389032058575e-08	 1.07143182587327093980e-07	 1.07131831489384592941e-07	 1.07143039153531317102e-07	 
 4.39999999999999946709e-01	 4.14779526794466916552e-08	 4.13823087584592795601e-08	 4.14744797442203612523e-08	 4.70503881981763767526e-06	 4.70518370835114264401e-06	 4.69956573887620294793e-06	 4.72851219376989809890e-06	 1.58991058036619930286e-06	 1.49303881731424459544e-06	 4.66864326982968636231e-06	 5.81361704240259704071e-08	 1.05059176553252530890e-07	 1.05048129133750294307e-07	 1.05059031881524335232e-07	 
 4.60000000000000131006e-01	 4.06453933066426034006e-08	 4.05529910289022461452e-08	 4.06427180517801082268e-08	 4.55982740972885888738e-06	 4.55991294579875800749e-06	 4.55435248507791377295e-06	 4.58346951021451360503e-06	 1.54054208166711296597e-06	 1.44634255368262863272e-06	 4.52434048929179676241e-06	 5.70457394583147770759e-08	 1.02928739060637077896e-07	 1.02917998912797288239e-07	 1.02928594231644271859e-07	 
 4.80000000000000037748e-01	 3.97958381619356951080e-08	 3.97066909692123411414e-08	 3.97940236852690727950e-08	 4.41469837063203827222e-06	 4.41472347879121780894e-06	 4.40923835051810343008e-06	 4.43852354345140450803e-06	 1.49126675838531690672e-06	 1.39975126850831036560e-06	 4.38011325085366118689e-06	 5.59319007151329059535e-08	 1.00756192378311728846e-07	 1.00745762088383829440e-07	 1.00756048545069587132e-07	 
 5.00000000000000000000e-01	 3.89311936962285893144e-08	 3.88452807311971067788e-08	 3.89302575640915482195e-08	 4.26998012334292275776e-06	 4.26994133304503366093e-06	 4.26455139223775756360e-06	 4.29399737181085932881e-06	 1.44218308200472344989e-06	 1.35336670986784907440e-06	 4.23629016257650681341e-06	 5.47971584574887830409e-08	 9.85463227408915707701e-08	 9.85362038589392111771e-08	 9.85461813936448071340e-08	 
 5.20000000000000128786e-01	 3.80531990275004637706e-08	 3.79704656675423126384e-08	 3.80531129328582621686e-08	 4.12596397901405212747e-06	 4.12585548495239415540e-06	 4.12058253911885933067e-06	 4.15017759793742452621e-06	 1.39337742041234465027e-06	 1.30727881361062168338e-06	 4.09316286091636047427e-06	 5.36438145332765322843e-08	 9.63034876560714258851e-08	 9.62936807343832487714e-08	 9.63033506147501603572e-08	 
 5.40000000000000035527e-01	 3.71635981572384370885e-08	 3.70839687551327108262e-08	 3.71642953380120636069e-08	 3.98292901642099551993e-06	 3.98274691816078987773e-06	 3.97761275558381030055e-06	 4.00734311205225965835e-06	 1.34493956056991062398e-06	 1.26157454250144678572e-06	 3.95101405830152924056e-06	 5.24741945859037336751e-08	 9.40320889442651623741e-08	 9.40225932677127438339e-08	 9.40319579444409229650e-08	 
 5.60000000000000053291e-01	 3.62642853681161657884e-08	 3.61876886614828422185e-08	 3.62656764778072005064e-08	 3.84115236746142402180e-06	 3.84090310148837131305e-06	 3.83592555850914954422e-06	 3.86577957115890000905e-06	 1.29697349738255663947e-06	 1.21634197754669478043e-06	 3.81013093541706995973e-06	 5.12908470085960808098e-08	 9.17369756666027118377e-08	 9.17277887030247047208e-08	 9.17368515409809496733e-08	 
 5.79999999999999849010e-01	 3.53569493920591957967e-08	 3.52833191919503297862e-08	 3.53589229901558404421e-08	 3.70087029552566137771e-06	 3.70057017622361882127e-06	 3.69576325766005027562e-06	 3.72573205885181127023e-06	 1.24956924220617680755e-06	 1.17165623076274700842e-06	 3.67075945739702198895e-06	 5.00960725120557858612e-08	 8.94224718796077891595e-08	 8.94135893339221332158e-08	 8.94223545589787259041e-08	 
 5.99999999999999977796e-01	 3.44432786865413154409e-08	 3.43725473920213110809e-08	 3.44457090131334437958e-08	 3.56231345670248833362e-06	 3.56198344523429432252e-06	 3.55735855247637050322e-06	 3.58743632071225326265e-06	 1.20280996419272824909e-06	 1.12758910786524245225e-06	 3.53313466375379342071e-06	 4.88921550719751540673e-08	 8.70928802830536079971e-08	 8.70842962547220532669e-08	 8.70927690993529084398e-08	 
 6.20000000000000106581e-01	 3.35251269465491719248e-08	 3.34572121428184646230e-08	 3.35278892810173037437e-08	 3.42572487200689028642e-06	 3.42538031030609292895e-06	 3.42094865979335493084e-06	 3.45113274416543026091e-06	 1.15677291469545204421e-06	 1.08421312292899745493e-06	 3.39749342783692197609e-06	 4.76815513761263919445e-08	 8.47528815395758260047e-08	 8.47445888247996259478e-08	 8.47527758401853433583e-08	 
 6.39999999999999902300e-01	 3.26041070597225491020e-08	 3.25389121339804913946e-08	 3.26070780022247788207e-08	 3.29130358042128370215e-06	 3.29095430350902175946e-06	 3.28672687547288874392e-06	 3.31701849690752669975e-06	 1.11152089275414842225e-06	 1.04158716527139680539e-06	 3.26402884921079848837e-06	 4.64664304982041914446e-08	 8.24065421803683977646e-08	 8.23985323396240857944e-08	 8.24064413379913866907e-08	 
 6.60000000000000031086e-01	 3.16818329086603428611e-08	 3.16192452024261129759e-08	 3.16848897416075372673e-08	 3.15923878326258184576e-06	 3.15889085423908099135e-06	 3.15487418459033031176e-06	 3.18527901158001048028e-06	 1.06711326474385688240e-06	 9.99766852915206791769e-07	 3.13292306570507088633e-06	 4.52489534997376320028e-08	 8.00579218417008410090e-08	 8.00501854930318338708e-08	 8.00578253854466192475e-08	 
 6.80000000000000159872e-01	 3.07601045082140563930e-08	 3.06999916768229643147e-08	 3.07631237829911866725e-08	 3.02972322319929800402e-06	 3.02938243305006289993e-06	 3.02557038909322692258e-06	 3.05609922704851095769e-06	 1.02361009580458253377e-06	 9.58808310956163724001e-07	 3.00435959834627105400e-06	 4.40314937967866093747e-08	 7.77115337517900890700e-08	 7.77040611235469833574e-08	 7.77114416141991395218e-08	 
 6.99999999999999955591e-01	 2.98404474397836633657e-08	 2.97826586805214829105e-08	 2.98433051981987208725e-08	 2.90290425237185799827e-06	 2.90257606180387602973e-06	 2.89895060301437559698e-06	 2.92962006021484758130e-06	 9.81056806386786616186e-07	 9.18753856004151629196e-07	 2.87847723334544496949e-06	 4.28161030954777531228e-08	 7.53711941025092203545e-08	 7.53639750702377464899e-08	 7.53711066081258034152e-08	 
 7.20000000000000084377e-01	 2.89243512387042416779e-08	 2.88687320300963967232e-08	 2.89269355354885389250e-08	 2.77891895634091543816e-06	 2.77860785188340894650e-06	 2.77514262170114193643e-06	 2.80597314919059788487e-06	 9.39495693022922732000e-07	 8.79642913471558739252e-07	 2.75540747345496449738e-06	 4.16047950965559443693e-08	 7.30406605092163517696e-08	 7.30336845836283679525e-08	 7.30405781806531122757e-08	 
 7.39999999999999991118e-01	 2.80134319425076481425e-08	 2.79598524684389348396e-08	 2.80156672610003488994e-08	 2.65790542622702218045e-06	 2.65761369767392165053e-06	 2.65428085553802034591e-06	 2.68529250697878306344e-06	 8.98969579545322951894e-07	 8.41515440802823660363e-07	 2.63528843684530963181e-06	 4.03997493519077926133e-08	 7.07240733155616003815e-08	 7.07173296126838912874e-08	 7.07239964953113871763e-08	 
 7.60000000000000008882e-01	 2.71090035323223082986e-08	 2.70573584695705420236e-08	 2.71108493313659347447e-08	 2.53995661417580146366e-06	 2.53968435360658560120e-06	 2.53645499367746275965e-06	 2.56766851817689598848e-06	 8.59506895057267167554e-07	 8.04397817314371618536e-07	 2.51821332079035068810e-06	 3.92027973824718727416e-08	 6.84248036290520149905e-08	 6.84182808760885141542e-08	 6.84247324699726171970e-08	 
 7.80000000000000137668e-01	 2.62123474543746430789e-08	 2.61625537654943104254e-08	 2.62137918687578056746e-08	 2.42515978359139077969e-06	 2.42490268035494306440e-06	 2.42175111622995797237e-06	 2.45318595732476033060e-06	 8.21133626106302389314e-07	 7.68314193697903524726e-07	 2.40426814627750310086e-06	 3.80157144011666449749e-08	 6.61461375281495101240e-08	 6.61398238546456444314e-08	 6.61460716712976799767e-08	 
 7.99999999999999933387e-01	 2.53248849358860974681e-08	 2.52768774790166787363e-08	 2.53259330319396765915e-08	 2.31360906367856033572e-06	 2.31335419485510751956e-06	 2.31026600750159022161e-06	 2.34193592629056878668e-06	 7.83876469545308487163e-07	 7.33289467890356084396e-07	 2.29354276840052870531e-06	 3.68404090606566504170e-08	 6.38917073195716838765e-08	 6.38855898828586806902e-08	 6.38916452828852973560e-08	 
 8.20000000000000062172e-01	 2.44477129935740005395e-08	 2.44014436735879199659e-08	 2.44483852308527667922e-08	 2.20535421495697255427e-06	 2.20508067743314339047e-06	 2.20205205901093933069e-06	 2.23396682334626722952e-06	 7.47748335207099718534e-07	 6.99335529691274224116e-07	 2.18608321628392016743e-06	 3.56784264522664927837e-08	 6.16643190278092774253e-08	 6.16583840559318075859e-08	 6.16642582637582892375e-08	 
 8.39999999999999857891e-01	 2.35819068156196836722e-08	 2.35373371531708761452e-08	 2.35822315726394825808e-08	 2.10043909726127799338e-06	 2.10012216169524489987e-06	 2.09715782519530569863e-06	 2.12932026470163202877e-06	 7.12760676576208404722e-07	 6.66462953302732717167e-07	 2.08193152422016030536e-06	 3.45312607192192920834e-08	 5.94666960456821095381e-08	 5.94609290686410414395e-08	 5.94666336007190727949e-08	 
 8.60000000000000097700e-01	 2.27287002384242086655e-08	 2.26857876233146519270e-08	 2.27287003232806641531e-08	 1.99891026980153702761e-06	 1.99852922187986481388e-06	 1.99563850597661270733e-06	 2.02803816410679841798e-06	 6.78926160192005215561e-07	 6.34683500443864964656e-07	 1.98113590959619102229e-06	 3.34005415966657625696e-08	 5.73019083845597703630e-08	 5.72962947090674731211e-08	 5.73018421557990995696e-08	 
 8.80000000000000115463e-01	 2.18889839901847838978e-08	 2.18476819659803835028e-08	 2.18886767150646558366e-08	 1.90077204981304999965e-06	 1.90030997446602779910e-06	 1.89750637710181207855e-06	 1.93012219548296897107e-06	 6.46244517087805204534e-07	 6.03996736715175514162e-07	 1.88370251651002445907e-06	 3.22875288386845767222e-08	 5.51721576737375697179e-08	 5.51666825158359625158e-08	 5.51720863913621701502e-08	 
 8.99999999999999911182e-01	 2.10636103233300062149e-08	 2.10238724208679760564e-08	 2.10630168095854451773e-08	 1.80602686513524055224e-06	 1.80547119568503125256e-06	 1.80277085029253262404e-06	 1.83557211214464241962e-06	 6.14714960149670479793e-07	 5.74401753404143309438e-07	 1.78963659726865965396e-06	 3.11933925376554530252e-08	 5.30795778979528063523e-08	 5.30742266717904747326e-08	 5.30795012187815090184e-08	 
 9.20000000000000039968e-01	 2.02535502284755431617e-08	 2.02153375211223574529e-08	 2.02527133237060821879e-08	 1.71468317522889363580e-06	 1.71402679582177582482e-06	 1.71144574132297223148e-06	 1.74439289546584645348e-06	 5.84338172876614662703e-07	 5.45898980597213857737e-07	 1.69895126672610013722e-06	 3.01193456537281179848e-08	 5.10266552944548278924e-08	 5.10214141282120787777e-08	 5.10265739760168452065e-08	 
 9.39999999999999835687e-01	 1.94594220306555662180e-08	 1.94227031738703001244e-08	 1.94584051441145740847e-08	 1.62670968245580324924e-06	 1.62595049590828896060e-06	 1.62350455693701284250e-06	 1.65655188487134205059e-06	 5.55102953424180765106e-07	 5.18477677809071906987e-07	 1.61161970571961035629e-06	 2.90662437206371043765e-08	 4.90149798035867107369e-08	 4.90098360433247169487e-08	 4.90148956333886878038e-08	 
 9.60000000000000075495e-01	 1.86818390930482663935e-08	 1.86465906038494802021e-08	 1.86807201335261815609e-08	 1.54207501560116334138e-06	 1.54121850139306166349e-06	 1.53892071800899991296e-06	 1.57201679101145460863e-06	 5.26998622048982828332e-07	 4.92127640447048652620e-07	 1.52761500510793836403e-06	 2.80349239709474298330e-08	 4.70460905615029040794e-08	 4.70410452460241625323e-08	 4.70460060712769938080e-08	 
 9.80000000000000093259e-01	 1.79215819109743348948e-08	 1.78877887084450921044e-08	 1.79204418281058332073e-08	 1.46075277561534927485e-06	 1.45981700322292312303e-06	 1.45767278235420311491e-06	 1.49076044097982489402e-06	 5.00016357063097092410e-07	 4.66840402110794496094e-07	 1.44691526654201635167e-06	 2.70263712172748886947e-08	 4.51218713793004940636e-08	 4.51169626416157321613e-08	 4.51217893237559713882e-08	 
 9.99999999999999888978e-01	 1.71790707882717011433e-08	 1.71467259644220916185e-08	 1.71779931920871881232e-08	 1.38268019521111444865e-06	 1.38169439640805414334e-06	 1.37970230786052163320e-06	 1.41272109684782081253e-06	 4.74136620357652413023e-07	 4.42597471909167886763e-07	 1.36946186690923536885e-06	 2.60412279824839488657e-08	 4.32432990315405868627e-08	 4.32385991591518482437e-08	 4.32432223434815647191e-08	 
 1.02000000000000001776e+00	 1.64547392809659044727e-08	 1.64238375402371766924e-08	 1.64538026695778534319e-08	 1.30780413415812068147e-06	 1.30680307117105697853e-06	 1.30495588751749813015e-06	 1.33784308512256888502e-06	 4.49341372035101600675e-07	 4.19381722619791305772e-07	 1.29520249122310333066e-06	 2.50801106055408452791e-08	 4.14113907767290319270e-08	 4.14069787478048914308e-08	 4.14113220238179670485e-08	 
 1.04000000000000003553e+00	 1.57492016713065346274e-08	 1.57197270040167693407e-08	 1.57484645259967123305e-08	 1.23609011688791673627e-06	 1.23510389464434598907e-06	 1.23339023722550618501e-06	 1.26608223475898511267e-06	 4.25614707994231589228e-07	 3.97177822575930841873e-07	 1.22409736808694458770e-06	 2.41437291707500802954e-08	 3.96276256628148208516e-08	 3.96235361322849559292e-08	 3.96275660363639282912e-08	 
 1.06000000000000005329e+00	 1.50627063349009417066e-08	 1.50346333308061540572e-08	 1.50622086362665591615e-08	 1.16746864408981346008e-06	 1.16652291062669475683e-06	 1.16492801763499682682e-06	 1.19736212638544023058e-06	 4.02931241166893572465e-07	 3.75961673576109532035e-07	 1.15607240091787589684e-06	 2.32324770585057624608e-08	 3.78925631145948196557e-08	 3.78887896571005639863e-08	 3.78925125304122802392e-08	 
 1.08000000000000007105e+00	 1.43955078157238487366e-08	 1.43688025530285318071e-08	 1.43952670884249969599e-08	 1.10187777353355636242e-06	 1.10099180892434149355e-06	 1.09950089702521594923e-06	 1.13161526548209504267e-06	 3.81267690963349851130e-07	 3.55711219168289539963e-07	 1.09106135935096422086e-06	 2.23467080589353921875e-08	 3.62067844490686834734e-08	 3.62032949354011395402e-08	 3.62067417655745180092e-08	 
 1.09999999999999986677e+00	 1.37480037738086490373e-08	 1.37226249992876827804e-08	 1.37480067072917515245e-08	 1.03926663684743405807e-06	 1.03844960170175104047e-06	 1.03705384898980952997e-06	 1.06878723806181425755e-06	 3.60602571590887479446e-07	 3.36406023304690197480e-07	 1.02900943664827385342e-06	 2.14867993758466682500e-08	 3.45712347880198383733e-08	 3.45679991276399228139e-08	 3.45711981756741924598e-08	 
 1.11999999999999988454e+00	 1.31202297101025005417e-08	 1.30961301919142057039e-08	 1.31204352998867531671e-08	 9.79551847929475970705e-07	 9.78804140231964458599e-07	 9.77500143631717966844e-07	 1.00879337748339195240e-06	 3.40906285495365378654e-07	 3.18018262844988348757e-07	 9.69830141272052984969e-07	 2.06528538034074640865e-08	 3.29859492518062543211e-08	 3.29829400843309036454e-08	 3.29859162938954399909e-08	 
 1.14000000000000012434e+00	 1.25122357053781931798e-08	 1.24893622349020338004e-08	 1.25125834842309999003e-08	 9.22658350584154658909e-07	 9.21975068409628313682e-07	 9.20762217869173107577e-07	 9.51559890680124684894e-07	 3.22152155419125499366e-07	 3.00522773049774773666e-07	 9.13446410992097415262e-07	 1.98449505144759543292e-08	 3.14510137045731251796e-08	 3.14482067264803438313e-08	 3.14509819982625856142e-08	 
 1.15999999999999992006e+00	 1.19242009043997150656e-08	 1.19024938233128033180e-08	 1.19246249830556092937e-08	 8.68519974457613741214e-07	 8.67896695365178520021e-07	 8.66772488361389622055e-07	 8.97026431541837874084e-07	 3.04315417337525013345e-07	 2.83895787727280975779e-07	 8.59791836375638506559e-07	 1.90631681308230812998e-08	 2.99668567648520240249e-08	 2.99642308526810324665e-08	 2.99668250018975722451e-08	 
 1.18000000000000015987e+00	 1.13559355296295551426e-08	 1.13353299884131165902e-08	 1.13563658837496018515e-08	 8.17039978907141199920e-07	 8.16473095705251340171e-07	 8.15433214011192748498e-07	 8.45102730947139132890e-07	 2.87364081659241859280e-07	 2.68107155076619833977e-07	 8.08769985233601900142e-07	 1.83073336931077146605e-08	 2.85329764247638293249e-08	 2.85305135067668316789e-08	 2.85329443113843298486e-08	 
 1.19999999999999973355e+00	 1.08072822956013192749e-08	 1.07877100599755431883e-08	 1.08076568966963793178e-08	 7.68132003742295890592e-07	 7.67619077775562240464e-07	 7.66656454918579608754e-07	 7.95706258729978183126e-07	 2.71269030664435138149e-07	 2.53129417723180206883e-07	 7.60297037806966486106e-07	 1.75772448365005665517e-08	 2.71489425686660364352e-08	 2.71466273771279417262e-08	 2.71489105925570007934e-08	 
 1.21999999999999997335e+00	 1.02782331995964675572e-08	 1.02596258220834231750e-08	 1.02785203063926352845e-08	 7.21720324141036005787e-07	 7.21260483691059446354e-07	 7.20363647464413098014e-07	 7.48760914384670294761e-07	 2.56002258327251709761e-07	 2.38935827004385351655e-07	 7.14303821832227209218e-07	 1.68726627818709141154e-08	 2.58146760137789157321e-08	 2.58124958186285034565e-08	 2.58146450460012336125e-08	 
 1.24000000000000021316e+00	 9.76842197610598873531e-09	 9.75071157404637926130e-09	 9.76861671541218623786e-09	 6.77701718425069268959e-07	 6.77295662407182181277e-07	 6.76449268846086484450e-07	 7.04163914846536728785e-07	 2.41529989228063388771e-07	 2.25494777224586822373e-07	 6.70693148376493350195e-07	 1.61931536930345560845e-08	 2.45291980230205764700e-08	 2.45271423340133020596e-08	 2.45291692765334155969e-08	 
 1.25999999999999978684e+00	 9.27755331042139407358e-09	 9.26067892385720860827e-09	 9.27766860690517041637e-09	 6.35987456520003004813e-07	 6.35637044088209498468e-07	 6.34824258533140169367e-07	 6.61827537041871065465e-07	 2.27822326862303182608e-07	 2.12778064075699303169e-07	 6.29379332245172681224e-07	 1.55383157242950188245e-08	 2.32917327169751128813e-08	 2.32897928611289207933e-08	 2.32917075636832610344e-08	 
 1.28000000000000002665e+00	 8.80551376162955813571e-09	 8.78943329699857445640e-09	 8.80556538290327689319e-09	 5.96503495917849666336e-07	 5.96210945772126968238e-07	 5.95417773681837423936e-07	 6.21680604373838586371e-07	 2.14851074087296247619e-07	 2.00758218016073297335e-07	 5.90286152223451676830e-07	 1.49077588938041073092e-08	 2.21019992460710299744e-08	 2.21001678943516517338e-08	 2.21019788940722151563e-08	 
 1.30000000000000026645e+00	 8.35183899346496469538e-09	 8.33652755153441631565e-09	 8.35184419412381240217e-09	 5.59150340458709147403e-07	 5.58918232340225206265e-07	 5.58133074350084450579e-07	 5.83626413745358398192e-07	 2.02583558616736965032e-07	 1.89404383107743046991e-07	 5.53312353155922336228e-07	 1.43009476599253790462e-08	 2.09588295512553031925e-08	 2.09571005394891798495e-08	 2.09588150917652862018e-08	 
 1.32000000000000006217e+00	 7.91614897101958734086e-09	 7.90159251785697589761e-09	 7.91612112710395922545e-09	 5.23842424254786361796e-07	 5.23671526360380126794e-07	 5.22885876013780711189e-07	 5.47581644392998477124e-07	 1.90990928865090865443e-07	 1.78688927457166306072e-07	 5.18368823640271431520e-07	 1.37173701057928916090e-08	 1.98612637291018563857e-08	 1.98596318127245546809e-08	 1.98612561265995201135e-08	 
 1.34000000000000007994e+00	 7.49823910214488643401e-09	 7.48442393491341481039e-09	 7.49817864592648148832e-09	 4.90505514266070090921e-07	 4.90390775317523844267e-07	 4.89600861343228963379e-07	 5.13474557090775533137e-07	 1.80044996453179362877e-07	 1.68583645630214620321e-07	 4.85374452752945071050e-07	 1.31564594132352534434e-08	 1.88087709778924993053e-08	 1.88072315839399528724e-08	 1.88087710141875533840e-08	 
 1.35999999999999987566e+00	 7.09756014764635237228e-09	 7.08447305005798885665e-09	 7.09745625021727435074e-09	 4.59042191410442222293e-07	 4.58973727424948548229e-07	 4.58179508178258301406e-07	 4.81209524806910557766e-07	 1.69714389529410588945e-07	 1.59058488335243852199e-07	 4.54226308958914365444e-07	 1.26175487772802496562e-08	 1.77999503947874928950e-08	 1.77984995604420777981e-08	 1.77999587439383276563e-08	 
 1.37999999999999989342e+00	 6.71367213846753258422e-09	 6.70129719269704606829e-09	 6.71351363955973021728e-09	 4.29369389319186148177e-07	 4.29335192261058923673e-07	 4.28538494362338500838e-07	 4.50706295763101032256e-07	 1.59971663970499559822e-07	 1.50087153088581737837e-07	 4.24839672207022064510e-07	 1.20999898333788247389e-08	 1.68336664657924966303e-08	 1.68323005112497287382e-08	 1.68336836797805067745e-08	 
 1.40000000000000013323e+00	 6.34632881793462147591e-09	 6.33464167075308730572e-09	 6.34612345433280251473e-09	 4.01414282934528870844e-07	 4.01404837359025454060e-07	 4.00606500803288031215e-07	 4.21898320200444080056e-07	 1.50789501537361942235e-07	 1.41642908455014456163e-07	 3.97146789290385742569e-07	 1.16030282363968407651e-08	 1.59092480082607020791e-08	 1.59079630379709259950e-08	 1.59092744348625610617e-08	 
 1.41999999999999992895e+00	 5.99494132950739813609e-09	 5.98391079531348055886e-09	 5.99471345212098097999e-09	 3.75083057461692214836e-07	 3.75091153684492889279e-07	 3.74290879325436210028e-07	 3.94696097496011413531e-07	 1.42138596482360610209e-07	 1.33698437361265991611e-07	 3.71058475082666672447e-07	 1.11258527468081036230e-08	 1.50251643181284853139e-08	 1.50239562927316007162e-08	 1.50252001580354581103e-08	 
 1.44000000000000016875e+00	 5.65904758485011085143e-09	 5.64863607331154490964e-09	 5.65882692249136328424e-09	 3.50297194211011993136e-07	 3.50318201872904789618e-07	 3.49515291759636656977e-07	 3.69025881199846998381e-07	 1.33993486224428331236e-07	 1.26229664405930016408e-07	 3.46500228736483996274e-07	 1.06677541100178762047e-08	 1.41802156174994718827e-08	 1.41790802604315307467e-08	 1.41802606023023006748e-08	 
 1.45999999999999996447e+00	 5.33838763362740970170e-09	 5.32855147502625453028e-09	 5.33818964696275371952e-09	 3.26988788919676387959e-07	 3.27021369177726533237e-07	 3.26216175803580700174e-07	 3.44827432908989489863e-07	 1.26328153998216831008e-07	 1.19210640937787007545e-07	 3.23407569755195972291e-07	 1.02280372818649792495e-08	 1.33737251733727876763e-08	 1.33726578283351745963e-08	 1.33737779442103783040e-08	 
 1.47999999999999998224e+00	 5.03235704027911206809e-09	 5.02304807455203924917e-09	 5.03218523639848504318e-09	 3.05070616070521398152e-07	 3.05116122783155952486e-07	 3.04309790396096782075e-07	 3.22018283791983468253e-07	 1.19115660829376456298e-07	 1.12616081880080450607e-07	 3.01696236961248735531e-07	 9.80595325649358229378e-09	 1.26041492118366579216e-08	 1.26031449537811843345e-08	 1.26042074863361027736e-08	 
 1.50000000000000000000e+00	 4.74047298731785626632e-09	 4.73164623799235458114e-09	 4.74032724985161027038e-09	 2.84472239941509282910e-07	 2.84532451081919062243e-07	 2.83727690040911425045e-07	 3.00532525259192881898e-07	 1.12332751067201252254e-07	 1.06423839415126703826e-07	 2.81297298117560288297e-07	 9.40079304964222980692e-09	 1.18702683788637115234e-08	 1.18693223687592565083e-08	 1.18703295107829996385e-08	 
 1.52000000000000001776e+00	 4.46242595982673343427e-09	 4.45405343399099065297e-09	 4.46231624873716527578e-09	 2.65135887908120288090e-07	 2.65209240761014765974e-07	 2.64411792190765701881e-07	 2.80318706240801490342e-07	 1.05955018438454227820e-07	 1.00609343266972183328e-07	 2.62152284926109536146e-07	 9.01174426514179780261e-09	 1.11713276605499928525e-08	 1.11704358145590918628e-08	 1.11713896047329782663e-08	 
 1.54000000000000003553e+00	 4.19756652735621584861e-09	 4.18963501065138976164e-09	 4.19751195255446909500e-09	 2.46985088819298057108e-07	 2.47067244080364378150e-07	 2.46285235426431316054e-07	 2.61303427599334183752e-07	 9.99579925556356651278e-08	 9.51496444402781247607e-08	 2.44184482961221418633e-07	 8.63793831096328095278e-09	 1.05057080077231780567e-08	 1.05048669161745170048e-08	 1.05057692010538024139e-08	 
 1.56000000000000027534e+00	 3.94540809358628403945e-09	 3.93791051966940025063e-09	 3.94542665047625033307e-09	 2.29958775449538125572e-07	 2.30044555929195268882e-07	 2.29285766074014537054e-07	 2.43428347169004343913e-07	 9.43207703184582633035e-08	 9.00244636426490170014e-08	 2.27333804932058319363e-07	 8.27860207923024236140e-09	 9.87217508879327290852e-09	 9.87138176519968325074e-09	 9.87223422366557532063e-09	 
 1.58000000000000007105e+00	 3.70569222222022412422e-09	 3.69861363073880106831e-09	 3.70578234372345310663e-09	 2.14006112990435757573e-07	 2.14092815133536994733e-07	 2.13359865836022669763e-07	 2.26646683588004573767e-07	 8.90210270919251163640e-08	 8.52101864364004599310e-08	 2.11552515774925643988e-07	 7.93296579929626250939e-09	 9.27002257447125767404e-09	 9.26927412252118150514e-09	 9.27007830079683940022e-09	 
 1.60000000000000008882e+00	 3.47780969581996097386e-09	 3.47112888189410149410e-09	 3.47795362613627886551e-09	 1.99058591289429974791e-07	 1.99145616342724577198e-07	 1.98436846357017494464e-07	 2.10890668461057575023e-07	 8.40368671314748863926e-08	 8.06854236718062852769e-08	 1.96775107767996492686e-07	 7.60015561516211163542e-09	 8.69766568194742552689e-09	 8.69695929589856256144e-09	 8.69771654899550429377e-09	 
 1.61999999999999988454e+00	 3.26130264034143707018e-09	 3.25499695194701802440e-09	 3.26147595463869667397e-09	 1.85062457146097814208e-07	 1.85150508987180825083e-07	 1.84462329105565190098e-07	 1.96107271989983522110e-07	 7.93495785589703267120e-08	 7.64314502964544996476e-08	 1.82947905070587759605e-07	 7.27941160097126625711e-09	 8.15393676939284772842e-09	 8.15326981384579768261e-09	 8.15398159732519785010e-09	 
 1.64000000000000012434e+00	 3.05591048260552061392e-09	 3.04996392401258219012e-09	 3.05609767306953654315e-09	 1.71973063891029338392e-07	 1.72062942783185349009e-07	 1.71393555090099906854e-07	 1.82254123333557824021e-07	 7.49385895915862845226e-08	 7.24264841258486198605e-08	 1.70021138775480032817e-07	 6.97005104941093021344e-09	 7.63822359952187681154e-09	 7.63759382032379607361e-09	 7.63826222664453425115e-09	 
 1.66000000000000014211e+00	 2.86101859435040075237e-09	 2.85542141333713726672e-09	 2.86121180015928980057e-09	 1.59729291250976719807e-07	 1.59821836320407524229e-07	 1.59170900417411719486e-07	 1.69268932437810786596e-07	 7.07838905934446021969e-08	 6.86508741092585581575e-08	 1.57929909741225429080e-07	 6.67119404597097492317e-09	 7.14901164579353637924e-09	 7.14841713552342724474e-09	 7.14904471861205616675e-09	 
 1.67999999999999993783e+00	 2.67619241719250936377e-09	 2.67093612216591366847e-09	 2.67638948012021690691e-09	 1.48284589417917372798e-07	 1.48379939964620257611e-07	 1.47747993730057520220e-07	 1.57105015735221214459e-07	 6.68689901146025038220e-08	 6.50882139204740111477e-08	 1.46624992245618830666e-07	 6.38212943285618425014e-09	 6.68521617965464520927e-09	 6.68465524007861798061e-09	 6.68524482177455959561e-09	 
 1.70000000000000017764e+00	 2.50123404707677194700e-09	 2.49630291221365245840e-09	 2.50143608099302113256e-09	 1.37601288357000777811e-07	 1.37697587435030831677e-07	 1.37085161814165357097e-07	 1.45727776265285982069e-07	 6.31767025945199334217e-08	 6.17209011325160270026e-08	 1.36067529484415187801e-07	 6.10239527260759316273e-09	 6.24630727066400202118e-09	 6.24577823720898170069e-09	 6.24633260186730510052e-09	 
 1.71999999999999997335e+00	 2.33557871365977599554e-09	 2.33095139257554170022e-09	 2.33578925604549461382e-09	 1.27626171697680490534e-07	 1.27719948316262572578e-07	 1.27127431604890234899e-07	 1.35082940308579224646e-07	 5.96897841107682565373e-08	 5.85323113969731816543e-08	 1.26203637231916472621e-07	 5.83118514806282128456e-09	 5.83083279681166280910e-09	 5.83033407547667453608e-09	 5.83085593867284161840e-09	 
 1.73999999999999999112e+00	 2.17883619763478201141e-09	 2.17448752579228231920e-09	 2.17905738042969141073e-09	 1.18318797190225792779e-07	 1.18406522866966500424e-07	 1.17833880546351838026e-07	 1.25129960128775580295e-07	 5.63944007679609165481e-08	 5.55086536890749902944e-08	 1.16994084869576896820e-07	 5.56791231955878315656e-09	 5.43778835754696097658e-09	 5.43731846413649838657e-09	 5.43781033491257838844e-09	 
 1.76000000000000023093e+00	 2.03083626685044872993e-09	 2.02674011820049100449e-09	 2.03106245719088265924e-09	 1.09644770439177874184e-07	 1.09725537111928204820e-07	 1.09171809206685940592e-07	 1.15837440531615375754e-07	 5.32768637967689274520e-08	 5.26356553015735158369e-08	 1.08409271489412743640e-07	 5.31243645568596510020e-09	 5.06673308758587198634e-09	 5.06629074207266302282e-09	 5.06675461017356086057e-09	 
 1.78000000000000002665e+00	 1.89103673031237424098e-09	 1.88716631091452603660e-09	 1.89125610587560362170e-09	 1.01555664814646812956e-07	 1.01630606769445912575e-07	 1.01093842260681166876e-07	 1.07155306429807394529e-07	 5.03222697108912758676e-08	 4.98983301829567811558e-08	 1.00404723991161114706e-07	 5.06408230299331564981e-09	 4.71628905605583244624e-09	 4.71587321180860456071e-09	 4.71631062980386962018e-09	 
 1.80000000000000004441e+00	 1.75907566200328212828e-09	 1.75540811298093486268e-09	 1.75927780105338439054e-09	 9.40169351515720492188e-08	 9.40879725025566313188e-08	 9.35650684843882709532e-08	 9.90486291209117230605e-08	 4.75193010949465801635e-08	 4.72854813591779030543e-08	 9.29480474280983044492e-08	 4.82241502778148047096e-09	 4.38555472971488428096e-09	 4.38516448672641259105e-09	 4.38557670980708089769e-09	 
 1.81999999999999984013e+00	 1.63481061279762604876e-09	 1.63133604971191662513e-09	 1.63499955452685767575e-09	 8.70023736296699763830e-08	 8.70702950208497122270e-08	 8.65567353503161811340e-08	 9.14944078673606850995e-08	 4.48584035772334352226e-08	 4.47888815693134259093e-08	 8.60127196464968948682e-08	 4.58760405357841290895e-09	 4.07421943190648149520e-09	 4.07385389799652590661e-09	 4.07424202831520383351e-09	 
 1.84000000000000007994e+00	 1.51772601641000072073e-09	 1.51444528400557118464e-09	 1.51791784523133417131e-09	 8.04720728869171519072e-08	 8.05367132577007410220e-08	 8.00263197435535630175e-08	 8.44508588384485668172e-08	 4.23271119268723320473e-08	 4.23969794070252209057e-08	 7.95589331009049039159e-08	 4.35907970072935256010e-09	 3.78102286657261559898e-09	 3.78068123257369277361e-09	 3.78104621489610661166e-09	 
 1.86000000000000009770e+00	 1.40749675770987188206e-09	 1.40441586709285616197e-09	 1.40771107068569498920e-09	 7.43975439711057498300e-08	 7.44580710178358505718e-08	 7.39448020770756450571e-08	 7.78893500499715318433e-08	 3.99164761381318146983e-08	 4.01017435313244761373e-08	 7.35582862713873523585e-08	 4.13653439997187807236e-09	 3.50515790214642623278e-09	 3.50483922244881971640e-09	 3.50518199420059030413e-09	 
 1.87999999999999989342e+00	 1.30402403651952199115e-09	 1.30114566839500113419e-09	 1.30426971776451655863e-09	 6.87552007911219502882e-08	 6.88105036181362067097e-08	 6.82919599364123374928e-08	 7.17904282902521319285e-08	 3.76206820859326383678e-08	 3.78997441596099582729e-08	 6.79871520815379928828e-08	 3.92041221650881978132e-09	 3.24634076134743446739e-09	 3.24604354300588474412e-09	 3.24636527470223108074e-09	 
 1.89999999999999991118e+00	 1.20683645160900241121e-09	 1.20416208244463124751e-09	 1.20711486945324929322e-09	 6.35091067830573466407e-08	 6.35577451058940545130e-08	 6.30335778935173557084e-08	 6.61168677852601211746e-08	 3.54290657430594445446e-08	 3.57816165042210572379e-08	 6.28101365588624471289e-08	 3.71021978835940071316e-09	 3.00336164502756708083e-09	 3.00308399780561139695e-09	 3.00338601096071167189e-09	 
 1.92000000000000015099e+00	 1.11564422148354622318e-09	 1.11317257721134658599e-09	 1.11595028960475088049e-09	 5.86349466343580268437e-08	 5.86757048418570006219e-08	 5.81464727754473688066e-08	 6.08439168061194676392e-08	 3.33348792343957662527e-08	 3.37420660864509286888e-08	 5.80028694370299193910e-08	 3.50577235609953420150e-09	 2.77547526363719503727e-09	 2.77521512237615078986e-09	 2.77549883354178155950e-09	 
 1.93999999999999994671e+00	 1.03035634740455913659e-09	 1.02807912555973943139e-09	 1.03067826340720813042e-09	 5.41141533976063940424e-08	 5.41471257950122386789e-08	 5.36131120062723990959e-08	 5.59549727847156528110e-08	 3.13366956800068148732e-08	 3.17831865332001866126e-08	 5.35454810654264247817e-08	 3.30779938070459267488e-09	 2.56243768394240121782e-09	 2.56219319360991231504e-09	 2.56246001294231918214e-09	 
 1.95999999999999996447e+00	 9.50524827474342087611e-10	 9.48429447185258470859e-10	 9.50845360434575556735e-10	 4.99164587978175889424e-08	 4.99426239652257557166e-08	 4.94030734676277947263e-08	 5.14169381473959120899e-08	 2.94261175529819085232e-08	 2.98985885942414794000e-08	 4.94072644695471408528e-08	 3.11591525341951860434e-09	 2.36311467614722585130e-09	 2.36288410128114733804e-09	 2.36313543349715572481e-09	 
 1.97999999999999998224e+00	 8.75886504355115419776e-10	 8.73955886040552079592e-10	 8.76187847626581616027e-10	 4.60221138507385308359e-08	 4.60428466237582598759e-08	 4.54967285463816132474e-08	 4.72089562430270489455e-08	 2.75987099631348676427e-08	 2.80854011908392412660e-08	 4.55680578095189728391e-08	 2.93004609373879389994e-09	 2.17682865927971102226e-09	 2.17661056153065471663e-09	 2.17684760666391512650e-09	 
 2.00000000000000000000e+00	 8.06364815770184600360e-10	 8.04575896314280641449e-10	 8.06637482318271026980e-10	 4.24161142922634218951e-08	 4.24325277092475584835e-08	 4.18801380088036363951e-08	 4.33181404238269139833e-08	 2.58567380641753159736e-08	 2.63484758508366260916e-08	 4.20122579956197234138e-08	 2.75107020785661124885e-09	 2.00334937305612010276e-09	 2.00314307913223567480e-09	 2.00336640356506155548e-09	 
 2.02000000000000001776e+00	 7.41547252069374427394e-10	 7.39871681132026434318e-10	 7.41786886104976874835e-10	 3.90726034169785152121e-08	 3.90856277417515365996e-08	 3.85273349883360145959e-08	 3.97162218182627294532e-08	 2.41938054529558370872e-08	 2.46826731860975408203e-08	 3.87139109884151236243e-08	 2.57864975570691333609e-09	 1.84161130218353204450e-09	 1.84141670440995670445e-09	 1.84162635576841581447e-09	 
 2.04000000000000003553e+00	 6.81190465947012412262e-10	 6.79601521683652682083e-10	 6.81397292713700901058e-10	 3.59754538977079754644e-08	 3.59860547815717457588e-08	 3.54221560510544356734e-08	 3.63858137171262857643e-08	 2.26069652247030383105e-08	 2.30861339093418341230e-08	 3.56569369807069413338e-08	 2.41275191285816750600e-09	 1.69100503129667356636e-09	 1.69082218179920815127e-09	 1.69101807696161831659e-09	 
 2.06000000000000005329e+00	 6.25192365624096375829e-10	 6.23678636509580299038e-10	 6.25372651479992481935e-10	 3.31126890804541508747e-08	 3.31221312133177195613e-08	 3.25530475993311242365e-08	 3.33154786183101403941e-08	 2.10996825972667951587e-08	 2.15645244337297507452e-08	 3.28297832451046240897e-08	 2.25423268208904166601e-09	 1.55132825198952376480e-09	 1.55115676198175692163e-09	 1.55133930640274016880e-09	 
 2.08000000000000007105e+00	 5.73149056812851366712e-10	 5.71709359738560495623e-10	 5.73313587381603017066e-10	 3.04623771533050054502e-08	 3.04722798290203245277e-08	 2.98974297971068871662e-08	 3.04801195719242168510e-08	 1.96660895651756905697e-08	 2.01130143256288999848e-08	 3.02110024119837550764e-08	 2.10273265080399210682e-09	 1.42160828897937725374e-09	 1.42144747459508196822e-09	 1.42161735089887864399e-09	 
 2.10000000000000053291e+00	 5.24840384572297866175e-10	 5.23477768197603769893e-10	 5.24999799843293719332e-10	 2.80113145403166154578e-08	 2.80229721098254712511e-08	 2.74416853557634106392e-08	 2.78650336095615519230e-08	 1.83037047247515896349e-08	 1.87298880872724485526e-08	 2.77878769340624167223e-08	 1.95815890767086090882e-09	 1.30130372360253087317e-09	 1.30115278048536763889e-09	 1.30131080415496623983e-09	 
 2.12000000000000010658e+00	 4.80197307141393532779e-10	 4.78911636688985141928e-10	 4.80353867051072861674e-10	 2.57494405072410837740e-08	 2.57624499004646824234e-08	 2.51759533602358215196e-08	 2.54608324447726511556e-08	 1.70160936070692460160e-08	 1.74200332104905432287e-08	 2.55512144143197343457e-08	 1.82110193619390191873e-09	 1.19020326659501148310e-09	 1.19006151720951454990e-09	 1.19020847366661783414e-09	 
 2.14000000000000012434e+00	 4.38870291585264300141e-10	 4.37659340919704716794e-10	 4.39020416004710309717e-10	 2.36577228087172264741e-08	 2.36704259094357299506e-08	 2.30801848793560699158e-08	 2.32459392128312511178e-08	 1.57975297692596449671e-08	 1.61782115540140938824e-08	 2.34828484848447927937e-08	 1.69104002291650677064e-09	 1.08740973736283338536e-09	 1.08727659451723673877e-09	 1.08741320111815179260e-09	 
 2.15999999999999969802e+00	 4.00671561185579715888e-10	 3.99532578987699499376e-10	 4.00809300519000432488e-10	 2.17252462698079424631e-08	 2.17358336977457658821e-08	 2.11433044017862011308e-08	 2.12082865621702040374e-08	 1.46457140507417824121e-08	 1.50025466558931000301e-08	 2.15723898292549808160e-08	 1.56779373202223211214e-09	 9.92441681053658296159e-10	 9.92316651468313115299e-10	 9.92443576302717895509e-10	 
 2.18000000000000015987e+00	 3.65520566966294838548e-10	 3.64452315571753744686e-10	 3.65642345263749840628e-10	 1.99439342127909174669e-08	 1.99522728501672400832e-08	 1.93589292779734380664e-08	 1.93401104736713376959e-08	 1.35637320119962319934e-08	 1.38970494583784896073e-08	 1.98119684162074118156e-08	 1.45182204713438485455e-09	 9.05092158550926112330e-10	 9.04974915680461109786e-10	 9.05092770848914533126e-10	 
 2.20000000000000017764e+00	 3.33092899860913280204e-10	 3.32095846255469783786e-10	 3.33195866103327087021e-10	 1.82973598981295781115e-08	 1.83044905915119925603e-08	 1.77106051732537853580e-08	 1.76229218643370921989e-08	 1.25459948663829104054e-08	 1.28564708360211570106e-08	 1.81857925418179337757e-08	 1.34257317938296043189e-09	 8.24550784380530222502e-10	 8.24441152933412049643e-10	 8.24550472252896642565e-10	 
 2.21999999999999975131e+00	 3.03223543638457543872e-10	 3.02297853935258067328e-10	 3.03305777871106277170e-10	 1.67769058378292408782e-08	 1.67843173849592245806e-08	 1.61897066684562338325e-08	 1.60468875866960160655e-08	 1.15900498723989525549e-08	 1.18786171780412320958e-08	 1.66854422162916883000e-08	 1.23982556509724649709e-09	 7.50401635292515009312e-10	 7.50299486337992212184e-10	 7.50400788563319125891e-10	 
 2.24000000000000021316e+00	 2.75843217418399989876e-10	 2.74984899324351096328e-10	 2.75905365741359499625e-10	 1.53773276382055513073e-08	 1.53859185016022638270e-08	 1.47914532360720830174e-08	 1.46056375489697859180e-08	 1.06972638062165678465e-08	 1.09652740627668145223e-08	 1.53050148166979394907e-08	 1.14381948960005826552e-09	 6.82455923271266947858e-10	 6.82361005676509083829e-10	 6.82454872025502108358e-10	 
 2.25999999999999978684e+00	 2.50667821074659849752e-10	 2.49870301183015595765e-10	 2.50711482009937458969e-10	 1.40853046042788973271e-08	 1.40957978835498767522e-08	 1.35016303435394707909e-08	 1.32834362281967216003e-08	 9.86147293928432926118e-09	 1.01104302003701954437e-08	 1.40313534670736425049e-08	 1.05393219563407390872e-09	 6.19995865304800561122e-10	 6.19907913674410291195e-10	 6.19994949038421327778e-10	 
 2.27999999999999980460e+00	 2.27559335859634602364e-10	 2.26815164802554565341e-10	 2.27586798565455379751e-10	 1.28944194923709141074e-08	 1.29072800029801705675e-08	 1.23134132213454521265e-08	 1.20725877036883016419e-08	 9.08010412831583762657e-09	 9.31150055833710016624e-09	 1.28578169239832924732e-08	 9.69902849296530461636e-10	 5.62673524515451936922e-10	 5.62592210480142920975e-10	 5.62673022465479016767e-10	 
 2.30000000000000026645e+00	 2.06454447781512265101e-10	 2.05757962976281515977e-10	 2.06468895319296602778e-10	 1.18011351843850280288e-08	 1.18160889151914183924e-08	 1.12238635156424829656e-08	 1.09686303399403828818e-08	 8.35419326431821627644e-09	 8.56920064191251529683e-09	 1.17796670363068397426e-08	 8.91843850869250171067e-10	 5.10333149584178483366e-10	 5.10257947084409013765e-10	 5.10333070743186895162e-10	 
 2.32000000000000028422e+00	 1.87103752387219555558e-10	 1.86449872482441424722e-10	 1.87108932356836531279e-10	 1.07947101743676037697e-08	 1.08110768367090195847e-08	 1.02212109214858348284e-08	 9.95893459453421785941e-09	 7.67807904906481330658e-09	 7.87753697738704838504e-09	 1.07856395391097534922e-08	 8.19128474448163383771e-10	 4.62354090828155787971e-10	 4.62284347164330790277e-10	 4.62354284042662489018e-10	 
 2.33999999999999985789e+00	 1.69393274048378781685e-10	 1.68777336847885148025e-10	 1.69393201230272505684e-10	 9.86998791473489530428e-09	 9.88702617253358145317e-09	 9.29996912165566351757e-09	 9.03740100233058524863e-09	 7.04936761214146176023e-09	 7.23401662421549318606e-09	 9.87046415309417985358e-09	 7.51494804242605574356e-10	 4.18452168455703206425e-10	 4.18387208076520080586e-10	 4.18452418581117463762e-10	 
 2.36000000000000031974e+00	 1.53271896589367776331e-10	 1.52690572692306757509e-10	 1.53269965615317740829e-10	 9.02285085742745694804e-09	 9.04030248488845976464e-09	 8.45726171643223893372e-09	 8.19927145887380750038e-09	 6.46805816199035761511e-09	 6.63884397346269995379e-09	 9.03071128269219087404e-09	 6.88967451571175459229e-10	 3.78498768583597995551e-10	 3.78438111479549212410e-10	 3.78498919492869197283e-10	 
 2.38000000000000033751e+00	 1.38525393370691900821e-10	 1.37975473615749721631e-10	 1.38525331822798091697e-10	 8.24337412756873857715e-09	 8.26135040779075379885e-09	 7.68238047355698077763e-09	 7.43326787528867617016e-09	 5.92852079785346792630e-09	 6.08640340556558822068e-09	 8.25689809734155370603e-09	 6.30936522879531726380e-10	 3.41958284027924576160e-10	 3.41901526304750855897e-10	 3.41958169904208030441e-10	 
 2.39999999999999991118e+00	 1.25062712394024506350e-10	 1.24541330330495175877e-10	 1.25067341714169049217e-10	 7.52726060451324187233e-09	 7.54595384094907201115e-09	 6.97093854962716847419e-09	 6.73455712115378165698e-09	 5.42851580962809084322e-09	 5.57443355870759304410e-09	 7.54503790656750923305e-09	 5.77160221854214935225e-10	 3.08603931858335724362e-10	 3.08550720118836681937e-10	 3.08603406812634655344e-10	 
 2.41999999999999948486e+00	 1.12846918279240595303e-10	 1.12352874498558321361e-10	 1.12854649880809244101e-10	 6.87186244573052902619e-09	 6.89111252131284177513e-09	 6.32193267579051741382e-09	 6.10035463127819595982e-09	 4.96795219763995928090e-09	 5.10271894928613321596e-09	 6.89308749474869832516e-09	 5.27642425603728210565e-10	 2.78348254435962763647e-10	 2.78298356835954018628e-10	 2.78347308086144602599e-10	 
 2.44000000000000039080e+00	 1.01696853167214077068e-10	 1.01229544736073108542e-10	 1.01702887758646489609e-10	 6.26902426531746013574e-09	 6.28849422509252570135e-09	 5.72685400480701492021e-09	 5.52194253614627368318e-09	 4.54176678672737622139e-09	 4.66599606115541874431e-09	 6.29342633192449219048e-09	 4.81826059618879122992e-10	 2.50742249459428007014e-10	 2.50695483373965027751e-10	 2.50740912545485199747e-10	 
 2.45999999999999996447e+00	 9.15422223648092986648e-11	 9.11009429184497714322e-11	 9.15409977688631661523e-11	 5.71558220779017659864e-09	 5.73485097376651468384e-09	 5.18239666741789291978e-09	 4.99572339399525443776e-09	 4.14808235808305502295e-09	 4.26234157380556657313e-09	 5.74304558913668765747e-09	 4.39506739065947569683e-10	 2.25610787576269415276e-10	 2.25566998068598800756e-10	 2.25609119536259432228e-10	 
 2.47999999999999953815e+00	 8.23611006437448094021e-11	 8.19441018091004985253e-11	 8.23507227549981135250e-11	 5.21000775047349636935e-09	 5.22870129474487188401e-09	 4.68746685135074538241e-09	 4.51895645298198691608e-09	 3.78676263018636812636e-09	 3.89178005803568534323e-09	 5.24006823086747573869e-09	 4.00690565432421458571e-10	 2.02895940266284406680e-10	 2.02855016996726895175e-10	 2.02894049760077486519e-10	 
 2.50000000000000044409e+00	 7.40046200192600291161e-11	 7.36087798577490506139e-11	 7.39838295623437399632e-11	 4.74571295515412874393e-09	 4.76338198530014475732e-09	 4.23455356310134099159e-09	 4.08400950265249700147e-09	 3.45331440748864816471e-09	 3.54981712965250420154e-09	 4.77790113095744923540e-09	 3.64887281625752873207e-10	 1.82224111975044905088e-10	 1.82185986043276114781e-10	 1.82222143726067083392e-10	 
 2.52000000000000001776e+00	 6.64185039413290784489e-11	 6.60410374658204124646e-11	 6.63871684850437280411e-11	 4.32032341572978613382e-09	 4.33659282526061636771e-09	 3.82108850269548054636e-09	 3.68811372204604905274e-09	 3.14618362843571442739e-09	 3.23488464230074444463e-09	 4.35413980245894528840e-09	 3.31928485435199090107e-10	 1.63460759208296875841e-10	 1.63425377211068224384e-10	 1.63458874349867781846e-10	 
 2.54000000000000003553e+00	 5.95827736388840168047e-11	 5.92250041998976527332e-11	 5.95447442251580397621e-11	 3.93250182972228724140e-09	 3.94753054770056785208e-09	 3.44680493189758372539e-09	 3.32994606654710589592e-09	 2.86519396235119551165e-09	 2.94670605997186746018e-09	 3.96734758965476394147e-09	 3.01807514383752986100e-10	 1.46564239863768989006e-10	 1.46531521260745477981e-10	 1.46562559095800277767e-10	 
 2.56000000000000049738e+00	 5.33693216933540222169e-11	 5.30355861989333280068e-11	 5.33314954580568042887e-11	 3.57656119056588545501e-09	 3.59089022369548598858e-09	 3.10583300597664373546e-09	 3.00354873157576868819e-09	 2.60634012280018053061e-09	 2.68113175734692758738e-09	 3.61183537978832024709e-09	 2.74085865751410006932e-10	 1.31222396566681585775e-10	 1.31192302752190627365e-10	 1.31221082262789985963e-10	 
 2.58000000000000007105e+00	 4.77366798488107170609e-11	 4.74316180535615940288e-11	 4.77061716474619717998e-11	 3.25065457323424479066e-09	 3.26495341536014037009e-09	 2.79627989098548882788e-09	 2.70696742803801292935e-09	 2.36835630690650640962e-09	 2.43685743014244725038e-09	 3.28580698901455438441e-09	 2.48626776830451490131e-10	 1.17332622607637415551e-10	 1.17305111249387389032e-10	 1.17331825766303283215e-10	 
 2.60000000000000008882e+00	 4.26799162831841435887e-11	 4.24028666231748323527e-11	 4.26576401854084104936e-11	 2.95399288475634524533e-09	 2.96860365080100261146e-09	 2.51732811452079732487e-09	 2.43932379562998060897e-09	 2.15123036422369316329e-09	 2.21393422620441646279e-09	 2.98878990427299495683e-09	 2.25439575490291551975e-10	 1.04870681254989805007e-10	 1.04845587624174719323e-10	 1.04870365902055133504e-10	 
 2.62000000000000055067e+00	 3.80971208774915738638e-11	 3.78454744500246284528e-11	 3.80816280925534217303e-11	 2.68181336972422520645e-09	 2.69719984501132966972e-09	 2.26396131504664623708e-09	 2.19574173584216590301e-09	 1.95146334255055908960e-09	 2.00881652357044146973e-09	 2.71631367109796202482e-09	 2.04148308169880531422e-10	 9.35790198677727149476e-11	 9.35561578593212283617e-11	 9.35790888289468290679e-11	 
 2.64000000000000012434e+00	 3.39580190158886194634e-11	 3.37286665020192887401e-11	 3.39471863774955441275e-11	 2.43277156114038261195e-09	 2.44936177296162395464e-09	 2.03476363909961534520e-09	 1.97475430155667797297e-09	 1.76807601973161940152e-09	 1.82051343854555361906e-09	 2.46711440210450581098e-09	 1.84646373972792547375e-10	 8.33812416598347622665e-11	 8.33604139190243980469e-11	 8.33815788754926587353e-11	 
 2.66000000000000014211e+00	 3.02580790737814766455e-11	 3.00490543448004791536e-11	 3.02507259751383673481e-11	 2.20664546397670932662e-09	 2.22422406649426601224e-09	 1.82916181977984852709e-09	 1.77570990669843894328e-09	 1.60132483961042218869e-09	 1.64926913593573628699e-09	 2.24073570065047966816e-09	 1.66947168945839486683e-10	 7.42684334486724183303e-11	 7.42494450373968726317e-11	 7.42689521703008573690e-11	 
 2.67999999999999971578e+00	 2.69121231625814914722e-11	 2.67223764214852322673e-11	 2.69075691205924187153e-11	 1.99964602660013022103e-09	 2.01776928199464042670e-09	 1.64344114394585684336e-09	 1.59445471366005242480e-09	 1.44828152701498152908e-09	 1.49209090465166800171e-09	 2.03343635261984440484e-09	 1.50725471066476120038e-10	 6.60310582664586377758e-11	 6.60137220919289272962e-11	 6.60316810986963195687e-11	 
 2.70000000000000017764e+00	 2.38974863743372248816e-11	 2.37261676756888705386e-11	 2.38952522636750473019e-11	 1.81081896836308455245e-09	 1.82897906662414958790e-09	 1.47662710794847446243e-09	 1.42986814461348006195e-09	 1.30820250081073156944e-09	 1.34821660433744528303e-09	 1.84425571224856260898e-09	 1.35898266504494829856e-10	 5.86132231405472509056e-11	 5.85973560906508610071e-11	 5.86138775067456425684e-11	 
 2.72000000000000019540e+00	 2.12145841798805346944e-11	 2.10601743884929354350e-11	 2.12144079397462532758e-11	 1.63987071086641844511e-09	 1.65776921577567194390e-09	 1.32749413678879218666e-09	 1.28183808394372658887e-09	 1.18129498942209611752e-09	 1.21783323885416034073e-09	 1.67272965187866506684e-09	 1.22489025237383782774e-10	 5.20144151675435904540e-11	 5.19998829756106427233e-11	 5.20150646550345614517e-11	 
 2.73999999999999976907e+00	 1.87950078308273729714e-11	 1.86560821116034733557e-11	 1.87970401586707864065e-11	 1.48361692746910759980e-09	 1.50101257747224966686e-09	 1.19297059938851588465e-09	 1.14685235411991340229e-09	 1.06499387712788516616e-09	 1.09830521379781932085e-09	 1.51563913939002734344e-09	 1.10219863237291273305e-10	 4.60650580643235928702e-11	 4.60517506310517344413e-11	 4.60656721509274309999e-11	 
 2.76000000000000023093e+00	 1.66224140060198981265e-11	 1.64974606539444437045e-11	 1.66267998048456814644e-11	 1.34133143702739097994e-09	 1.35801025030063923270e-09	 1.07236490650856840748e-09	 1.02407035196562584518e-09	 9.58718549687201989546e-10	 9.89035301183120855390e-10	 1.37227423827289209170e-09	 9.90292677861992702993e-11	 4.07243202404347164788e-11	 4.07121316246547549346e-11	 4.07248719692908590399e-11	 
 2.77999999999999980460e+00	 1.46983460820915365470e-11	 1.45855245527142199442e-11	 1.47043171823314666376e-11	 1.21273772432458675396e-09	 1.22864965952127317728e-09	 9.64697736926352820422e-10	 9.13920598179584405910e-10	 8.62795973116354046620e-10	 8.90369042966339947065e-10	 1.24257049558679098058e-09	 8.89567151431632692982e-11	 3.59950726025893054467e-11	 3.59839064555357893903e-11	 3.59955612092981644379e-11	 
 2.79999999999999982236e+00	 1.29675064140143119281e-11	 1.28645635615942326867e-11	 1.29737056731177335387e-11	 1.09507552433807676353e-09	 1.11025418217413378636e-09	 8.67745174878629690602e-10	 8.13422369758328616843e-10	 7.75059121216646215063e-10	 8.00084530003252379565e-10	 1.12399151749750310463e-09	 7.97799526821718633919e-11	 3.17389332950452202728e-11	 3.17286946849888134110e-11	 3.17393646911661473285e-11	 
 2.82000000000000028422e+00	 1.14181961636317395498e-11	 1.13227969628611108281e-11	 1.14231014197899920875e-11	 9.87803525757377247472e-10	 1.00230277368999675025e-09	 7.81065230741861814631e-10	 7.21921961578213841219e-10	 6.95069716619014486207e-10	 7.17735102647881276826e-10	 1.01603216558668744802e-09	 7.14547565262017718289e-11	 2.79265778086773341273e-11	 2.79171747659603705498e-11	 2.79269601198083814816e-11	 
 2.83999999999999985789e+00	 1.00536586638190108065e-11	 9.96489798219760680549e-12	 1.00567737575412658096e-11	 8.91073240906219957520e-10	 9.04894273110899374978e-10	 7.03583318530770965025e-10	 6.40141441422682957161e-10	 6.23172706885168897586e-10	 6.43700039210334026410e-10	 9.18492874881719878578e-10	 6.39951292456574792341e-11	 2.45696325430520044038e-11	 2.45610158531035464344e-11	 2.45699741190838420177e-11	 
 2.85999999999999987566e+00	 8.83053804310824833556e-12	 8.74764450596954381743e-12	 8.83102870998115652603e-12	 8.02705142169299223922e-10	 8.15845649130341790630e-10	 6.33399373081936813249e-10	 5.65381899614915631681e-10	 5.57508042896481820199e-10	 5.76091978401027360936e-10	 8.29059578810538391102e-10	 5.72079349846661254872e-11	 2.15605874425512669186e-11	 2.15527441594562109053e-11	 2.15608986809940774582e-11	 
 2.87999999999999989342e+00	 7.74059488257369863172e-12	 7.66287811171285957410e-12	 7.73763935373963161245e-12	 7.22325095148542090075e-10	 7.34792393401797019328e-10	 5.70164707755926326382e-10	 4.97119218458374471220e-10	 4.97748756839627037011e-10	 5.14571357070001130050e-10	 7.47331518351160196905e-10	 5.10592242546132240788e-11	 1.88790949233064645233e-11	 1.88720180056488166578e-11	 1.88793851704360455459e-11	 
 2.90000000000000035527e+00	 6.78573718578008159612e-12	 6.71328578478545652506e-12	 6.78012464170809985886e-12	 6.50030590140851301355e-10	 6.61879578118655952161e-10	 5.13373090692544114612e-10	 4.36607580138423535356e-10	 4.44335284873292602385e-10	 4.59521607909944566558e-10	 6.73661054546292337076e-10	 4.55726881987510848366e-11	 1.65323617600090419696e-11	 1.65259940748769813947e-11	 1.65326262984114164855e-11	 
 2.91999999999999992895e+00	 5.93083907674097090408e-12	 5.86422574926568769265e-12	 5.92387192086957678792e-12	 5.83918021679899656638e-10	 5.95309523677716054940e-10	 4.61343019016217597604e-10	 3.81618569442140151786e-10	 3.95780263885614259135e-10	 4.09328110492534231138e-10	 6.06257929803357160284e-10	 4.05926823275971746467e-11	 1.44342094519090688678e-11	 1.44284995318155315253e-11	 1.44344291389282616493e-11	 
 2.93999999999999994671e+00	 5.17001501522821307965e-12	 5.10989176921298502584e-12	 5.16310120405074462500e-12	 5.23698041991553043881e-10	 5.34818863141213008149e-10	 4.13760680576310283825e-10	 3.31766164500921363908e-10	 3.51854238221381458017e-10	 3.63732448833187350977e-10	 5.44868986271834061677e-10	 3.60959019493351451241e-11	 1.25701641821074300758e-11	 1.25650603532151233880e-11	 1.25703175006740381681e-11	 
 2.96000000000000040856e+00	 4.50767169205606364055e-12	 4.45365924008863930263e-12	 4.50114932688263326115e-12	 4.69712144602722280194e-10	 4.80544377494119972841e-10	 3.70834880075186349136e-10	 2.88166211260365193999e-10	 3.12812513341385374604e-10	 3.23168935175188936950e-10	 4.89789162628749900322e-10	 3.21046086102539591332e-11	 1.09493181694259414537e-11	 1.09447603994805012268e-11	 1.09494148995137437073e-11	 
 2.97999999999999998224e+00	 3.91707008528548002014e-12	 3.86868434380804190022e-12	 3.91104199878198281560e-12	 4.20421558490709972153e-10	 4.30936872585279982884e-10	 3.30893327422425831448e-10	 2.48949786312650409028e-10	 2.77374969070757973179e-10	 2.86302528214204566813e-10	 4.39577886450109428867e-10	 2.84961013518052975445e-11	 9.50508358425528769393e-12	 9.50102667741896374270e-12	 9.50513923549568684079e-12	 
 3.00000000000000000000e+00	 3.39427359824100435890e-12	 3.35100116886631886800e-12	 3.38881652330533483052e-12	 3.75627293510573802289e-10	 3.85793361994982511669e-10	 2.93606504650181467303e-10	 2.13826079202938311891e-10	 2.45365002860347658594e-10	 2.52944049291899280494e-10	 3.94064668240046431400e-10	 2.52543035647407959040e-11	 8.22760246556101781164e-12	 8.22400250901689908360e-12	 8.22763401585445088168e-12	 
 3.02000000000000046185e+00	 2.94252231239262322106e-12	 2.90388777931879518703e-12	 2.93773138950344339617e-12	 3.35665270758325128182e-10	 3.45431092128751851421e-10	 2.60058662362052502807e-10	 1.83599071160751906661e-10	 2.17079597216784323486e-10	 2.23471787195597023531e-10	 3.53373750946245296952e-10	 2.23877281544358676203e-11	 7.12502255475506686044e-12	 7.12182739207090460790e-12	 7.12503838682278099133e-12	 
 3.04000000000000003553e+00	 2.54104836664052629337e-12	 2.50679154155847659820e-12	 2.53728803237026574905e-12	 2.99277421583672033696e-10	 3.08595543252922225770e-10	 2.28603717623172345120e-10	 1.56777337927430541896e-10	 1.91492054959590165348e-10	 1.96774030556318430110e-10	 3.16264130543315537341e-10	 1.97895861867373517062e-11	 6.14633378390678950738e-12	 6.14349860371089401337e-12	 6.14634092019038374327e-12	 
 3.06000000000000005329e+00	 2.18715761679663336107e-12	 2.15703418042458920147e-12	 2.18486111224874659311e-12	 2.66327114467802716299e-10	 2.75150805933249459560e-10	 1.98937891553424792185e-10	 1.33153105627743931556e-10	 1.68480176238036570195e-10	 1.72712315789088857349e-10	 2.82603530816128284779e-10	 1.74468892855458162781e-11	 5.28487446788981842726e-12	 5.28235402556303969426e-12	 5.28487957408920078910e-12	 
 3.08000000000000007105e+00	 1.88392817930445301503e-12	 1.85738241196321803166e-12	 1.88289435569968473341e-12	 2.37093628773678162811e-10	 2.45424519256515837782e-10	 1.72783389142594390962e-10	 1.13142757601413159182e-10	 1.48286400586074190494e-10	 1.51632862090273433779e-10	 2.52615533979848144704e-10	 1.53865553671955743242e-11	 4.54743674200307148518e-12	 4.54519320529384017573e-12	 4.54743961364522230545e-12	 
 3.10000000000000008882e+00	 1.61589654353062167997e-12	 1.59226530493270251158e-12	 1.61604496746252012367e-12	 2.10567588094155545626e-10	 2.18452743520882784858e-10	 1.48794718447592425230e-10	 9.55927465083866632438e-11	 1.30086863830013569049e-10	 1.32660591342129884834e-10	 2.25301450154310837522e-10	 1.35274142029597386793e-11	 3.89551711987967638023e-12	 3.89351705946842311580e-12	 3.89551285059980233164e-12	 
 3.12000000000000010658e+00	 1.38131737303156955921e-12	 1.35988413507418968109e-12	 1.38257202111359709931e-12	 1.86660166544561028096e-10	 1.94158044815261288917e-10	 1.26769651597517435154e-10	 8.03573819185843945854e-11	 1.13796921561743262463e-10	 1.15703579847935779203e-10	 2.00572515389254235456e-10	 1.18614443822747765100e-11	 3.32466716786339889091e-12	 3.32287648579178647523e-12	 3.32464951217495850643e-12	 
 3.13999999999999968026e+00	 1.18206262698718491208e-12	 1.16257876553792538113e-12	 1.18396967711011135498e-12	 1.65566404411022319309e-10	 1.72668188593157902435e-10	 1.07926673390332773847e-10	 6.76199390978489962159e-11	 9.96072753488556196372e-11	 1.00973990149289909940e-10	 1.78650005571353987283e-10	 1.04075051295924336163e-11	 2.84039192321062221668e-12	 2.83878972666223933922e-12	 2.84036231075880576066e-12	 
 3.16000000000000014211e+00	 1.00652144259908244556e-12	 9.88734977038032486201e-13	 1.00832194565854356857e-12	 1.46480354243203848938e-10	 1.53167567226433012689e-10	 9.11583076862376539492e-11	 5.64985323824608093941e-11	 8.68675501426474522975e-11	 8.77670440343812038592e-11	 1.58741336367723950634e-10	 9.10236587779523005117e-12	 2.41402289920109408580e-12	 2.41259528945879736028e-12	 2.41397826850066420554e-12	 
 3.18000000000000015987e+00	 8.53508920503662427093e-13	 8.37154879745638581195e-13	 8.54353483933672063655e-13	 1.29344184196060986406e-10	 1.35595550352399419052e-10	 7.63305105752811424406e-11	 4.68899335429135577668e-11	 7.55196659930605128110e-11	 7.60173041140768085738e-11	 1.40790044492926322096e-10	 7.94074972923769424939e-12	 2.04260235776041013698e-12	 2.04133588976069664277e-12	 2.04253861892975195016e-12	 
 3.19999999999999973355e+00	 7.24695751882536050770e-13	 7.09780109619263338326e-13	 7.24774817133581248071e-13	 1.14301169081231997333e-10	 1.20127019670904734428e-10	 6.39601657953758827432e-11	 3.89784670960802248880e-11	 6.57086679211734408450e-11	 6.59003555031975328415e-11	 1.24950208033921988109e-10	 6.93256001646101061018e-12	 1.73073887396823022893e-12	 1.72961767073132730596e-12	 1.73066316580144486302e-12	 
 3.22000000000000019540e+00	 6.11393572536488242786e-13	 5.98096470657159138697e-13	 6.11051390639515042103e-13	 1.00705391616037438512e-10	 1.06130686769886058621e-10	 5.31362624044520195278e-11	 3.21509252160911229107e-11	 5.69179984065495032979e-11	 5.68759285891263654847e-11	 1.10563807356223325339e-10	 6.02393782566390517024e-12	 1.45748716992685310567e-12	 1.45650091899479480148e-12	 1.45740784734776806737e-12	 
 3.24000000000000021316e+00	 5.12774754149652679341e-13	 5.01311481960811141894e-13	 5.12389665555726864561e-13	 8.85162214051666781919e-11	 9.35702869252943435937e-11	 4.37592701245371961529e-11	 2.63436740864812233829e-11	 4.91045619522312312990e-11	 4.89012787187916228601e-11	 9.75868727281824345567e-11	 5.20997898165278889247e-12	 1.22089838359500195766e-12	 1.22003710106652950475e-12	 1.22082432160061495474e-12	 
 3.25999999999999978684e+00	 4.30849832922364702464e-13	 4.20951748483708758852e-13	 4.30423676513767126304e-13	 7.78760782691845443861e-11	 8.25712786072319499574e-11	 3.60991456723753579832e-11	 2.16397571862203999248e-11	 4.24068745353072100510e-11	 4.20976238781725425112e-11	 8.62067419930272537795e-11	 4.51027803118864759135e-12	 1.02460272311139000426e-12	 1.02385102350969974036e-12	 1.02453447328134248219e-12	 
 3.28000000000000024869e+00	 3.59603462902514327596e-13	 3.50873385990358561826e-13	 3.58911273605959906329e-13	 6.82807179596865482257e-11	 7.26260080256636354459e-11	 2.94777588370700570576e-11	 1.76159410984054340670e-11	 3.64185449131675768032e-11	 3.60499152575544874785e-11	 7.59234612728864404641e-11	 3.88533411715125023238e-12	 8.53526490002618071593e-13	 8.52872108728787952352e-13	 8.53461384538258484638e-13	 
 3.29999999999999982236e+00	 2.98561616683460660938e-13	 2.90548178385024323849e-13	 2.97318371719941509094e-13	 5.97028530595663586753e-11	 6.37072863730984090917e-11	 2.38257790872058324421e-11	 1.42319708052295530117e-11	 3.11069447269966615585e-11	 3.07279150924405274397e-11	 6.67139853578979817769e-11	 3.33235457938100605701e-12	 7.06374139289637782649e-13	 7.05804521673313804644e-13	 7.06308696820645692790e-13	 
 3.31999999999999984013e+00	 2.48490970548936369781e-13	 2.41162914140238034394e-13	 2.46891247812979682475e-13	 5.22590476638831798959e-11	 5.59436813563637881783e-11	 1.93103696796768113842e-11	 1.15375133707113218774e-11	 2.66072085336993349436e-11	 2.62321235465441677754e-11	 5.86803007793435329968e-11	 2.86182761269257189699e-12	 5.85992798916887576294e-13	 5.85497430589069978619e-13	 5.85928718815304532010e-13	 
 3.34000000000000030198e+00	 2.05015904336975806153e-13	 1.98349472887153632488e-13	 2.03249038798569525010e-13	 4.55391337022001188423e-11	 4.89359531874957929420e-11	 1.54563433885957189521e-11	 9.25453309030768880610e-12	 2.26127620300597254983e-11	 2.22445650871414070972e-11	 5.13977901010907657796e-11	 2.44153529775130852323e-12	 4.81706966498326970649e-13	 4.81279365594908056240e-13	 4.81645157296108929398e-13	 
 3.36000000000000031974e+00	 1.67781668882903520993e-13	 1.61748382375027976556e-13	 1.66048674813531130998e-13	 3.95176531291868307417e-11	 4.26636972300996610356e-11	 1.22172909806141136868e-11	 7.35855640691142000435e-12	 1.91019724212251978541e-11	 1.87419586569798173289e-11	 4.48393898084007303121e-11	 2.06900092605328354434e-12	 3.92641177831239613645e-13	 3.92275120634085527980e-13	 3.92582379174434247546e-13	 
 3.37999999999999989342e+00	 1.37706499163280203641e-13	 1.32314571413557600617e-13	 1.36087857960727245841e-13	 3.43342472625013488862e-11	 3.72368672058324374145e-11	 9.69650115521089292013e-12	 5.87732894133270719023e-12	 1.61661978833322201028e-11	 1.58220129186753394958e-11	 3.91593874437433453483e-11	 1.75667317755301323256e-12	 3.21056328058697362191e-13	 3.20743756450566359872e-13	 3.21001661859103244091e-13	 
 3.39999999999999991118e+00	 1.11698981142880424926e-13	 1.07034076577416304432e-13	 1.10327094182495146001e-13	 2.96606598784378511649e-11	 3.23139718339443206546e-11	 7.57797362566771281523e-12	 4.63405348511746903965e-12	 1.35675447415716912214e-11	 1.32478377789763308664e-11	 3.40130162918355531600e-11	 1.48188562928582970871e-12	 2.59596733692800467920e-13	 2.59334747185988538058e-13	 2.59546998152840083814e-13	 
 3.42000000000000037303e+00	 8.94969209676046911442e-14	 8.56698554374578643099e-14	 8.85319583492601669045e-14	 2.54745611951218993759e-11	 2.78684354395491510823e-11	 5.83171839294478026160e-12	 3.61382755707856937514e-12	 1.12881623366189362983e-11	 1.10027703483729298567e-11	 2.93754905867563093022e-11	 1.24349798977951342588e-12	 2.07683341081072840863e-13	 2.07469839607462967065e-13	 2.07639380573488445826e-13	 
 3.43999999999999994671e+00	 7.19890430299201876250e-14	 6.88616626340647367271e-14	 7.13436726874643567257e-14	 2.19101035631580122291e-11	 2.40653795797692584043e-11	 4.51427138697187012191e-12	 2.83470966291459394112e-12	 9.41514408555993041328e-12	 9.16207182264543866539e-12	 2.54014247958427996277e-11	 1.04599337240395483633e-12	 1.66863111246044968533e-13	 1.66688936603433668365e-13	 1.66825147737762134438e-13	 
 3.45999999999999996447e+00	 5.70748544512704558560e-14	 5.45912675707368415835e-14	 5.67517686434444142642e-14	 1.86932998322315746305e-11	 2.06299290208048284840e-11	 3.42599618786793256479e-12	 2.18887777122556778368e-12	 7.77329228843635431510e-12	 7.54995126202817714450e-12	 2.17985915689580276558e-11	 8.71376347705864939191e-13	 1.32224806493887129112e-13	 1.32084663242398607598e-13	 1.32195268343453681184e-13	 
 3.48000000000000042633e+00	 4.45852457974346685404e-14	 4.27031854271164038008e-14	 4.46096647225843548052e-14	 1.58005802301447316467e-11	 1.75399602935977461423e-11	 2.54781715092623621093e-12	 1.66750317734098810811e-12	 6.35013108422359206490e-12	 6.15373372302949301284e-12	 1.85409821333907767902e-11	 7.18315490002596808325e-13	 1.03390639675341782812e-13	 1.03279538067071286710e-13	 1.03372709548285519976e-13	 
 3.50000000000000000000e+00	 3.50338173384045326344e-14	 3.35972105712410854690e-14	 3.52612333916222828333e-14	 1.33797085895373055986e-11	 1.49375119816900572228e-11	 1.91082989817618568711e-12	 1.28017265791919343112e-12	 5.20469344730893396141e-12	 5.03349145654535762570e-12	 1.57957416154067498544e-11	 5.94025509291968693535e-13	 8.13146432653353594710e-14	 8.12261465102558553564e-14	 8.13047268567784962596e-14	 
 3.52000000000000001776e+00	 2.70796757060636659825e-14	 2.59761911172027003720e-14	 2.73922525002596067136e-14	 1.12064331210011238963e-11	 1.25885288632595315648e-11	 1.39749041475868610407e-12	 9.64452496701286338606e-13	 4.20512164535518123658e-12	 4.06225104505720384091e-12	 1.33209509950889643558e-11	 4.85915470223505659251e-13	 6.28451006591687427826e-14	 6.27756772545555192824e-14	 6.28412733279330422745e-14	 
 3.54000000000000047962e+00	 2.06250849974382445725e-14	 1.97393339505880434455e-14	 2.08987452622868792684e-14	 9.25982886190042157112e-12	 1.04701607595855380878e-11	 9.96372132438696246857e-13	 7.15346601534194593738e-13	 3.34049029792883325626e-12	 3.23063464319178757690e-12	 1.10938970359187991448e-11	 3.93242261456406787505e-13	 4.77369516554979929757e-14	 4.76832753237584320249e-14	 4.77375119749374916188e-14	 
 3.56000000000000005329e+00	 1.58355667125579288858e-14	 1.51191979441265175925e-14	 1.60656510593950873167e-14	 7.67187696195991900025e-12	 8.72994501503702142698e-12	 7.19230090910254433527e-13	 5.35976569237043422207e-13	 2.66650004592648609201e-12	 2.58186897675538105902e-12	 9.26170751284904467328e-12	 3.19708512490189102219e-13	 3.65501180978808359511e-14	 3.65083892352101376951e-14	 3.65530532004278454530e-14	 
 3.58000000000000007105e+00	 1.18989642961708111843e-14	 1.13237281937787654513e-14	 1.20805796030958251015e-14	 6.26054979937015881367e-12	 7.18064100799280690782e-12	 5.03178619995047673793e-13	 3.92191236058753625740e-13	 2.09072345207906007999e-12	 2.02613470449987490957e-12	 7.62654531461252817721e-12	 2.56677407990675522732e-13	 2.73627248762572065821e-14	 2.73312674262221602650e-14	 2.73671345747945839771e-14	 
 3.60000000000000053291e+00	 8.75209114759029299993e-15	 8.28936147286806000980e-15	 8.87871555149184804048e-15	 5.00826970122708634347e-12	 5.80518793596162606305e-12	 3.41957303542590648618e-13	 2.81190842019249340804e-13	 1.60605059256134544526e-12	 1.55628859570524738697e-12	 6.16968597710140492500e-12	 2.03712869092413355707e-13	 2.00202641783796127172e-14	 1.99976385824240361776e-14	 2.00253967162104444969e-14	 
 3.62000000000000010658e+00	 6.50923056575336232537e-15	 6.13803758471944111072e-15	 6.60031996516718165452e-15	 4.02552106251535474617e-12	 4.71329102575831034365e-12	 2.36684843939448923642e-13	 2.04355712643513184162e-13	 1.24321362227308398312e-12	 1.20452706475986555043e-12	 5.01229836012827105603e-12	 1.62747031447278073641e-13	 1.48174190959820736944e-14	 1.48009777913974636995e-14	 1.48225680657408454362e-14	 
 3.63999999999999968026e+00	 4.71838283457530593180e-15	 4.43156175692315320367e-15	 4.79984831659767327955e-15	 3.18055073416678992895e-12	 3.76614075069837345915e-12	 1.58669262967000377767e-13	 1.44512411780497347416e-13	 9.43018977646693383123e-13	 9.13616653792202231362e-13	 4.00901927989943782392e-12	 1.28631446910282333206e-13	 1.06918844929147681556e-14	 1.06803510132197136028e-14	 1.06970481441990033407e-14	 
 3.65999999999999969802e+00	 3.34072468334475911971e-15	 3.13391575209694160485e-15	 3.44362823739926742306e-15	 2.46138826452264974397e-12	 2.95096389577425010664e-12	 1.05110852277088962127e-13	 1.00174700831091901810e-13	 7.00921421747875122229e-13	 6.79019179283177862344e-13	 3.14569674102266531449e-12	 1.01182592703758153410e-13	 7.55614903860513821971e-15	 7.54838029114138523966e-15	 7.56152096497544717429e-15	 
 3.68000000000000015987e+00	 2.36058883529498445624e-15	 2.22186088338530508357e-15	 2.46801290932074689257e-15	 1.89205531755334454721e-12	 2.29881623172704384259e-12	 7.09528870879995237216e-14	 6.97021674491771502653e-14	 5.19863670882160482971e-13	 5.02002064208459322573e-13	 2.44327212725857179313e-12	 7.91904690283579581388e-14	 5.35398145854263786574e-15	 5.34866935751139580081e-15	 5.35922485768166900110e-15	 
 3.70000000000000017764e+00	 1.60503940192409806608e-15	 1.51903702599784896462e-15	 1.70714285550343076225e-15	 1.41555620717492515844e-12	 1.74709933618942614325e-12	 4.61299595567625802720e-14	 4.67304806774414987563e-14	 3.74042589104232251185e-13	 3.59514719765686812027e-13	 1.84994061944868715687e-12	 6.10775261805167644420e-14	 3.65806296328580089754e-15	 3.65457624927103671146e-15	 3.66293428852901635483e-15	 
 3.71999999999999975131e+00	 1.07628927943426535823e-15	 1.02262499057864833610e-15	 1.16285410447470778124e-15	 1.03701973625919213248e-12	 1.30065732221308766138e-12	 2.98346654446405122687e-14	 3.11294453298416025074e-14	 2.64148142453912214881e-13	 2.53016970168634322683e-13	 1.37621436701676252643e-12	 4.72666097824501246152e-14	 2.46135145676832893082e-15	 2.45911540239822121608e-15	 2.46555211622783558510e-15	 
 3.74000000000000021316e+00	 7.27722822780746331601e-16	 6.93080971271937369602e-16	 7.88229661836498019278e-16	 7.55739124007657479151e-13	 9.61084845022153647885e-13	 1.97593241239594138016e-14	 2.09198239164318883359e-14	 1.86267011858412145559e-13	 1.78242066660896887363e-13	 1.01618303976088833392e-12	 3.64141705843156652484e-14	 1.66746438017353587218e-15	 1.66599761382525485469e-15	 1.67066234507984533189e-15	 
 3.76000000000000023093e+00	 4.69825351438986749372e-16	 4.48325585823044058727e-16	 5.07587594105889045601e-16	 5.31073351705145988011e-13	 6.85523715949496244941e-13	 1.25558864000755677958e-14	 1.34363441550160629555e-14	 1.26286234567458187822e-13	 1.20739686310967496609e-13	 7.24081016365608024009e-13	 2.73475206345300856034e-14	 1.07805582542558234436e-15	 1.07714206155588595309e-15	 1.08030465686811942875e-15	 
 3.77999999999999980460e+00	 2.98922824691099639465e-16	 2.85419692759617838974e-16	 3.22665615095212430605e-16	 3.65423029036208817154e-13	 4.77661507998290721364e-13	 7.95151029618044717062e-15	 8.58372464278492327631e-15	 8.45681472287663543663e-14	 8.06166471465599234293e-14	 5.03896340247707909300e-13	 2.01646270572557384782e-14	 6.85932078595660750079e-16	 6.85379763758950760343e-16	 6.87430809906811725317e-16	 
 3.80000000000000026645e+00	 1.92275786540682754827e-16	 1.83468961343333107727e-16	 2.07770446993469321502e-16	 2.51963891868245082486e-13	 3.32414820496475540239e-13	 5.19292603097472884084e-15	 5.61876463947892006613e-15	 5.71682049591165442572e-14	 5.44302413217493295075e-14	 3.50919356088777192537e-13	 1.46244754492413798574e-14	 4.40783201731027363675e-16	 4.40441594207855385040e-16	 4.41784952762488928054e-16	 
 3.82000000000000028422e+00	 1.15711485905488088023e-16	 1.10157207564225008707e-16	 1.25488057435197688351e-16	 1.66631954434403568909e-13	 2.21757314614693743535e-13	 3.26443716407499192587e-15	 3.52945085912227749729e-15	 3.68875274407995686583e-14	 3.51884983337528606745e-14	 2.34637139232890029906e-13	 1.00864880329144615031e-14	 2.64592648991853258366e-16	 2.64393693425061358067e-16	 2.65222551412730746412e-16	 
 3.83999999999999985789e+00	 6.70394228013934484647e-17	 6.34618923662925550324e-17	 7.33349353864753443993e-17	 1.09829793384711765205e-13	 1.46683484335794172433e-13	 2.08283160663767649303e-15	 2.24645480416985600335e-15	 2.34878783983658143425e-14	 2.26548902962040580794e-14	 1.55814905416543360917e-13	 6.64687716284568886987e-15	 1.52422829322804281708e-16	 1.52305483528236584395e-16	 1.52799760216936410496e-16	 
 3.86000000000000031974e+00	 3.72678654948551348558e-17	 3.48685887305511042834e-17	 4.14856774134775931047e-17	 7.44114292357704276249e-14	 9.93999505160772035961e-14	 1.37364049194893399857e-15	 1.47490311248046148945e-15	 1.51097084916160654002e-14	 1.48069753054651817213e-14	 1.05830388780394491754e-13	 4.39819383610591897572e-15	 8.37397658844624271670e-17	 8.36698478397951440280e-17	 8.39509508899551952433e-17	 
 3.87999999999999989342e+00	 1.58110747359116839607e-17	 1.44950757273866179674e-17	 1.81216207083912505704e-17	 4.10430938400686934218e-14	 5.47746347083390785310e-14	 7.39088141153992161477e-16	 7.89372332947107250920e-16	 7.85522845557386389512e-15	 7.84086674478867889592e-15	 5.84130658239785544593e-14	 2.35027547552511160005e-15	 3.48057691015256048467e-17	 3.47724212623958806012e-17	 3.48949902531681194402e-17	 
 3.89999999999999991118e+00	 2.31098641758792802342e-18	 2.11625688419065105566e-18	 2.65286192507121751855e-18	 6.07458844599370703144e-15	 8.10660988411328111862e-15	 1.09274894752753223106e-16	 1.16683017419877842143e-16	 1.15967371085774196221e-15	 1.15848521161753807675e-15	 8.64567747460012420176e-15	 3.47388038680357257627e-16	 5.08154074516719544890e-18	 5.07663711699904701593e-18	 5.09457849852349306167e-18	 
 3.91999999999999948486e+00	 5.11713747619386903682e-20	 4.68584192145475622332e-20	 5.87433757842602404104e-20	 1.34543320630027441873e-16	 1.79549499195752136085e-16	 2.42022709368442271044e-18	 2.58429027435003566222e-18	 2.56837154055487894829e-17	 2.56578300141317620365e-17	 1.91489326680056229081e-16	 7.69392376498304230792e-18	 1.12516077153306450701e-19	 1.12407483877149907358e-19	 1.12804766193908990365e-19	 
 3.93999999999999994671e+00	 9.54439310472168422459e-22	 8.73989254235269820362e-22	 1.09568067532741484000e-21	 2.50965530222454915853e-18	 3.34916108651091384085e-18	 4.51445692371562961479e-20	 4.82047834064558506040e-20	 4.79075111635728993628e-19	 4.78594438086885954326e-19	 3.57187765152122377866e-18	 1.43514755421295476457e-19	 2.09861619794204066181e-21	 2.09659066659836878233e-21	 2.10400076707197992871e-21	 
 3.95999999999999996447e+00	 1.61100717686100262367e-23	 1.47521228332498213120e-23	 1.84941415268151559732e-23	 4.23614981503391671357e-20	 5.65318563287968793065e-20	 7.62012473838285499647e-22	 8.13666728524192491543e-22	 8.08647447857597057752e-21	 8.07837063208072642472e-21	 6.02911860772078510518e-20	 2.42243946465443824259e-21	 3.54226821271379356463e-23	 3.53884926846294759886e-23	 3.55135687491955447495e-23	 
 3.97999999999999953815e+00	 2.51081182715076240568e-25	 2.29916982294543598173e-25	 2.88237903418042449676e-25	 6.60221662567996216793e-22	 8.81072609094085566518e-22	 1.18762790515944773305e-23	 1.26813310106120632899e-23	 1.26030982996551529121e-22	 1.25904714046385001635e-22	 9.39663354885420027258e-22	 3.77547157046409455448e-23	 5.52074860592709188225e-25	 5.51542004958108370413e-25	 5.53491360725900017584e-25	 
 4.00000000000000000000e+00	 3.62953602003736539866e-27	 3.32359410699323950250e-27	 4.16665993541037551006e-27	 9.54392208989439980301e-24	 1.27364623171505703698e-23	 1.71679126490659001276e-25	 1.83316660529393703433e-25	 1.82185750007440689193e-24	 1.82003224829094926654e-24	 1.35834286659605337169e-23	 5.45768293560986032908e-25	 7.98058818655951118612e-27	 7.97288542259760132747e-27	 8.00106458451289435582e-27	 
 4.01999999999999957367e+00	 4.86443666914338374536e-29	 4.45440227211831280494e-29	 5.58430953277809659015e-29	 1.27911088683168607731e-25	 1.70698665300833556565e-25	 2.30090567836990458764e-27	 2.45687612754483760148e-27	 2.44171933090290071023e-26	 2.43927301469866505265e-26	 1.82050013727357195456e-25	 7.31458389973254348072e-27	 1.06958759144947395099e-28	 1.06855523905674844176e-28	 1.07233191306670907561e-28	 
 4.04000000000000003553e+00	 6.03271864639704399811e-31	 5.52420726260229173869e-31	 6.92548166618047614728e-31	 1.58631190015492370167e-27	 2.11694957134273973547e-27	 2.85350878272777426159e-29	 3.04693830428110483651e-29	 3.02814142670482872189e-28	 3.02510752617813027133e-28	 2.25772531508977921199e-27	 9.07131037209217109645e-29	 1.32646832974275941285e-30	 1.32518803953653610759e-30	 1.32987174958542717884e-30	 
 4.06000000000000049738e+00	 6.90564848538812328685e-33	 6.32355599742563330911e-33	 7.92759344930424063103e-33	 1.81584968754648886170e-29	 2.42327011451571541107e-29	 3.26640877704595559316e-31	 3.48782737757953976385e-31	 3.46631067639849911012e-30	 3.46283773080722521668e-30	 2.58441596875306238722e-29	 1.03839203615064043955e-30	 1.51840732331556313248e-32	 1.51694177621741790735e-32	 1.52230321545675957639e-32	 
 4.08000000000000007105e+00	 7.27578589604467264943e-35	 6.66249376565850781728e-35	 8.35250620647203926769e-35	 1.91317762070303078440e-31	 2.55315524480250426081e-31	 3.44148542154007072868e-33	 3.67477187182935961630e-33	 3.65210193332107339452e-32	 3.64844281599711928704e-32	 2.72293837244384496469e-31	 1.09404894090897115622e-32	 1.59979279541144350458e-34	 1.59824869620310689047e-34	 1.60389750436224152878e-34	 
 4.09999999999999964473e+00	 7.03367141568036034076e-37	 6.44078768411423544193e-37	 8.07456192122972510333e-37	 1.84951319208571313251e-33	 2.46819440934998300467e-33	 3.32696381550957381578e-35	 3.55248724388133142003e-35	 3.53057170789739450284e-34	 3.52703434174026196709e-34	 2.63232769709446626050e-33	 1.05764249957680996629e-34	 1.54655690446201883211e-36	 1.54506418789097811943e-36	 1.55052502205906536654e-36	 
 4.12000000000000010658e+00	 6.21731340197875786073e-39	 5.69324230861684916684e-39	 7.13739367460807249034e-39	 1.63485072816047502533e-35	 2.18172513988079921288e-35	 2.94082207803501797350e-37	 3.14017028838196100325e-37	 3.12079837253626749220e-36	 3.11767156274723254189e-36	 2.32680841125915414198e-35	 9.34887960290286356965e-37	 1.36705689322015114473e-38	 1.36573742774198636681e-38	 1.37056445410427824771e-38	 
 4.14000000000000056843e+00	 5.00554619306910544674e-41	 4.58361764270067456996e-41	 5.74630091240502578440e-41	 1.31621493030993909231e-37	 1.75650238495874168429e-37	 2.36764975800118638783e-39	 2.52814458948019957543e-39	 2.51254830365596888966e-38	 2.51003091336729488817e-38	 1.87330862568759139929e-37	 7.52676358824888016929e-39	 1.10061468575032321547e-40	 1.09955238682306264759e-40	 1.10343861578244367792e-40	 
 4.16000000000000014211e+00	 3.65439552815612690493e-43	 3.34635845526390334288e-43	 4.19519779262120923919e-43	 9.60928086107664839635e-40	 1.28236843101251111196e-39	 1.72854835437356753339e-41	 1.84572070067478186406e-41	 1.83433433274073877649e-40	 1.83249646263936038438e-40	 1.36764507899919964133e-39	 5.49505887527698616100e-41	 8.03524976724527844257e-43	 8.02749424909182906402e-43	 8.05586641303064549137e-43	 
 4.17999999999999971578e+00	 2.40718543596072978446e-45	 2.20427845790277575556e-45	 2.76341708100491044741e-45	 6.32972558272912058782e-42	 8.44708400315783938867e-42	 1.13861140087092572410e-43	 1.21579395069669515504e-43	 1.20829364118316477977e-42	 1.20708301824743409492e-42	 9.00880947255547940739e-42	 3.61964805235999918461e-43	 5.29289620422619190516e-45	 5.28778756993240769913e-45	 5.30647658683488556863e-45	 
 4.20000000000000017764e+00	 0.00000000000000000000e+00	 0.00000000000000000000e+00	 0.00000000000000000000e+00	 3.74011345116632996133e-44	 4.99121993371996821931e-44	 6.72783639818265967784e-46	 7.18389328278354053283e-46	 7.13957539343919434992e-45	 7.13242205397839099698e-45	 5.32313274040114242564e-44	 2.13878061448676494172e-45	 0.00000000000000000000e+00	 0.00000000000000000000e+00	 0.00000000000000000000e+00	 
 4.21999999999999975131e+00	 0.00000000000000000000e+00	 0.00000000000000000000e+00	 0.00000000000000000000e+00	 1.96897454021798249012e-46	 2.62761680961346753918e-46	 0.00000000000000000000e+00	 0.00000000000000000000e+00	 0.00000000000000000000e+00	 0.00000000000000000000e+00	 2.80235158020784671713e-46	 0.00000000000000000000e+00	 0.00000000000000000000e+00	 0.00000000000000000000e+00	 0.00000000000000000000e+00	 
 4.24000000000000021316e+00	 0.00000000000000000000e+00	 0.00000000000000000000e+00	 0.00000000000000000000e+00	 0.00000000000000000000e+00	 0.00000000000000000000e+00	 0.00000000000000000000e+00	 0.00000000000000000000e+00	 0.00000000000000000000e+00	 0.00000000000000000000e+00	 0.00000000000000000000e+00	 0.00000000000000000000e+00	 0.00000000000000000000e+00	 0.00000000000000000000e+00	 0.00000000000000000000e+00	 
 4.25999999999999978684e+00	 0.00000000000000000000e+00	 0.00000000000000000000e+00	 0.00000000000000000000e+00	 0.00000000000000000000e+00	 0.00000000000000000000e+00	 0.00000000000000000000e+00	 0.00000000000000000000e+00	 0.00000000000000000000e+00	 0.00000000000000000000e+00	 0.00000000000000000000e+00	 0.00000000000000000000e+00	 0.00000000000000000000e+00	 0.00000000000000000000e+00	 0.00000000000000000000e+00	 
 4.28000000000000024869e+00	 0.00000000000000000000e+00	 0.00000000000000000000e+00	 0.00000000000000000000e+00	 0.00000000000000000000e+00	 0.00000000000000000000e+00	 0.00000000000000000000e+00	 0.00000000000000000000e+00	 0.00000000000000000000e+00	 0.00000000000000000000e+00	 0.00000000000000000000e+00	 0.00000000000000000000e+00	 0.00000000000000000000e+00	 0.00000000000000000000e+00	 0.00000000000000000000e+00	 
 4.29999999999999982236e+00	 0.00000000000000000000e+00	 0.00000000000000000000e+00	 0.00000000000000000000e+00	 0.00000000000000000000e+00	 0.00000000000000000000e+00	 0.00000000000000000000e+00	 0.00000000000000000000e+00	 0.00000000000000000000e+00	 0.00000000000000000000e+00	 0.00000000000000000000e+00	 0.00000000000000000000e+00	 0.00000000000000000000e+00	 0.00000000000000000000e+00	 0.00000000000000000000e+00	 
 4.32000000000000028422e+00	 0.00000000000000000000e+00	 0.00000000000000000000e+00	 0.00000000000000000000e+00	 0.00000000000000000000e+00	 0.00000000000000000000e+00	 0.00000000000000000000e+00	 0.00000000000000000000e+00	 0.00000000000000000000e+00	 0.00000000000000000000e+00	 0.00000000000000000000e+00	 0.00000000000000000000e+00	 0.00000000000000000000e+00	 0.00000000000000000000e+00	 0.00000000000000000000e+00	 
 4.33999999999999985789e+00	 0.00000000000000000000e+00	 0.00000000000000000000e+00	 0.00000000000000000000e+00	 0.00000000000000000000e+00	 0.00000000000000000000e+00	 0.00000000000000000000e+00	 0.00000000000000000000e+00	 0.00000000000000000000e+00	 0.00000000000000000000e+00	 0.00000000000000000000e+00	 0.00000000000000000000e+00	 0.00000000000000000000e+00	 0.00000000000000000000e+00	 0.00000000000000000000e+00	 
 4.36000000000000031974e+00	 0.00000000000000000000e+00	 0.00000000000000000000e+00	 0.00000000000000000000e+00	 0.00000000000000000000e+00	 0.00000000000000000000e+00	 0.00000000000000000000e+00	 0.00000000000000000000e+00	 0.00000000000000000000e+00	 0.00000000000000000000e+00	 0.00000000000000000000e+00	 0.00000000000000000000e+00	 0.00000000000000000000e+00	 0.00000000000000000000e+00	 0.00000000000000000000e+00	 
 4.37999999999999989342e+00	 0.00000000000000000000e+00	 0.00000000000000000000e+00	 0.00000000000000000000e+00	 0.00000000000000000000e+00	 0.00000000000000000000e+00	 0.00000000000000000000e+00	 0.00000000000000000000e+00	 0.00000000000000000000e+00	 0.00000000000000000000e+00	 0.00000000000000000000e+00	 0.00000000000000000000e+00	 0.00000000000000000000e+00	 0.00000000000000000000e+00	 0.00000000000000000000e+00	 
 4.40000000000000035527e+00	 0.00000000000000000000e+00	 0.00000000000000000000e+00	 0.00000000000000000000e+00	 0.00000000000000000000e+00	 0.00000000000000000000e+00	 0.00000000000000000000e+00	 0.00000000000000000000e+00	 0.00000000000000000000e+00	 0.00000000000000000000e+00	 0.00000000000000000000e+00	 0.00000000000000000000e+00	 0.00000000000000000000e+00	 0.00000000000000000000e+00	 0.00000000000000000000e+00	 
 4.41999999999999992895e+00	 0.00000000000000000000e+00	 0.00000000000000000000e+00	 0.00000000000000000000e+00	 0.00000000000000000000e+00	 0.00000000000000000000e+00	 0.00000000000000000000e+00	 0.00000000000000000000e+00	 0.00000000000000000000e+00	 0.00000000000000000000e+00	 0.00000000000000000000e+00	 0.00000000000000000000e+00	 0.00000000000000000000e+00	 0.00000000000000000000e+00	 0.00000000000000000000e+00	 
 4.43999999999999950262e+00	 0.00000000000000000000e+00	 0.00000000000000000000e+00	 0.00000000000000000000e+00	 0.00000000000000000000e+00	 0.00000000000000000000e+00	 0.00000000000000000000e+00	 0.00000000000000000000e+00	 0.00000000000000000000e+00	 0.00000000000000000000e+00	 0.00000000000000000000e+00	 0.00000000000000000000e+00	 0.00000000000000000000e+00	 0.00000000000000000000e+00	 0.00000000000000000000e+00	 
 4.45999999999999996447e+00	 0.00000000000000000000e+00	 0.00000000000000000000e+00	 0.00000000000000000000e+00	 0.00000000000000000000e+00	 0.00000000000000000000e+00	 0.00000000000000000000e+00	 0.00000000000000000000e+00	 0.00000000000000000000e+00	 0.00000000000000000000e+00	 0.00000000000000000000e+00	 0.00000000000000000000e+00	 0.00000000000000000000e+00	 0.00000000000000000000e+00	 0.00000000000000000000e+00	 
 4.47999999999999953815e+00	 0.00000000000000000000e+00	 0.00000000000000000000e+00	 0.00000000000000000000e+00	 0.00000000000000000000e+00	 0.00000000000000000000e+00	 0.00000000000000000000e+00	 0.00000000000000000000e+00	 0.00000000000000000000e+00	 0.00000000000000000000e+00	 0.00000000000000000000e+00	 0.00000000000000000000e+00	 0.00000000000000000000e+00	 0.00000000000000000000e+00	 0.00000000000000000000e+00	 
 4.50000000000000000000e+00	 0.00000000000000000000e+00	 0.00000000000000000000e+00	 0.00000000000000000000e+00	 0.00000000000000000000e+00	 0.00000000000000000000e+00	 0.00000000000000000000e+00	 0.00000000000000000000e+00	 0.00000000000000000000e+00	 0.00000000000000000000e+00	 0.00000000000000000000e+00	 0.00000000000000000000e+00	 0.00000000000000000000e+00	 0.00000000000000000000e+00	 0.00000000000000000000e+00	 
 4.52000000000000046185e+00	 0.00000000000000000000e+00	 0.00000000000000000000e+00	 0.00000000000000000000e+00	 0.00000000000000000000e+00	 0.00000000000000000000e+00	 0.00000000000000000000e+00	 0.00000000000000000000e+00	 0.00000000000000000000e+00	 0.00000000000000000000e+00	 0.00000000000000000000e+00	 0.00000000000000000000e+00	 0.00000000000000000000e+00	 0.00000000000000000000e+00	 0.00000000000000000000e+00	 
 4.54000000000000003553e+00	 0.00000000000000000000e+00	 0.00000000000000000000e+00	 0.00000000000000000000e+00	 0.00000000000000000000e+00	 0.00000000000000000000e+00	 0.00000000000000000000e+00	 0.00000000000000000000e+00	 0.00000000000000000000e+00	 0.00000000000000000000e+00	 0.00000000000000000000e+00	 0.00000000000000000000e+00	 0.00000000000000000000e+00	 0.00000000000000000000e+00	 0.00000000000000000000e+00	 
 4.55999999999999960920e+00	 0.00000000000000000000e+00	 0.00000000000000000000e+00	 0.00000000000000000000e+00	 0.00000000000000000000e+00	 0.00000000000000000000e+00	 0.00000000000000000000e+00	 0.00000000000000000000e+00	 0.00000000000000000000e+00	 0.00000000000000000000e+00	 0.00000000000000000000e+00	 0.00000000000000000000e+00	 0.00000000000000000000e+00	 0.00000000000000000000e+00	 0.00000000000000000000e+00	 
 4.58000000000000007105e+00	 0.00000000000000000000e+00	 0.00000000000000000000e+00	 0.00000000000000000000e+00	 0.00000000000000000000e+00	 0.00000000000000000000e+00	 0.00000000000000000000e+00	 0.00000000000000000000e+00	 0.00000000000000000000e+00	 0.00000000000000000000e+00	 0.00000000000000000000e+00	 0.00000000000000000000e+00	 0.00000000000000000000e+00	 0.00000000000000000000e+00	 0.00000000000000000000e+00	 
 4.60000000000000053291e+00	 0.00000000000000000000e+00	 0.00000000000000000000e+00	 0.00000000000000000000e+00	 0.00000000000000000000e+00	 0.00000000000000000000e+00	 0.00000000000000000000e+00	 0.00000000000000000000e+00	 0.00000000000000000000e+00	 0.00000000000000000000e+00	 0.00000000000000000000e+00	 0.00000000000000000000e+00	 0.00000000000000000000e+00	 0.00000000000000000000e+00	 0.00000000000000000000e+00	 
 4.62000000000000010658e+00	 0.00000000000000000000e+00	 0.00000000000000000000e+00	 0.00000000000000000000e+00	 0.00000000000000000000e+00	 0.00000000000000000000e+00	 0.00000000000000000000e+00	 0.00000000000000000000e+00	 0.00000000000000000000e+00	 0.00000000000000000000e+00	 0.00000000000000000000e+00	 0.00000000000000000000e+00	 0.00000000000000000000e+00	 0.00000000000000000000e+00	 0.00000000000000000000e+00	 
 4.63999999999999968026e+00	 0.00000000000000000000e+00	 0.00000000000000000000e+00	 0.00000000000000000000e+00	 0.00000000000000000000e+00	 0.00000000000000000000e+00	 0.00000000000000000000e+00	 0.00000000000000000000e+00	 0.00000000000000000000e+00	 0.00000000000000000000e+00	 0.00000000000000000000e+00	 0.00000000000000000000e+00	 0.00000000000000000000e+00	 0.00000000000000000000e+00	 0.00000000000000000000e+00	 
 4.66000000000000014211e+00	 0.00000000000000000000e+00	 0.00000000000000000000e+00	 0.00000000000000000000e+00	 0.00000000000000000000e+00	 0.00000000000000000000e+00	 0.00000000000000000000e+00	 0.00000000000000000000e+00	 0.00000000000000000000e+00	 0.00000000000000000000e+00	 0.00000000000000000000e+00	 0.00000000000000000000e+00	 0.00000000000000000000e+00	 0.00000000000000000000e+00	 0.00000000000000000000e+00	 
 4.67999999999999971578e+00	 0.00000000000000000000e+00	 0.00000000000000000000e+00	 0.00000000000000000000e+00	 0.00000000000000000000e+00	 0.00000000000000000000e+00	 0.00000000000000000000e+00	 0.00000000000000000000e+00	 0.00000000000000000000e+00	 0.00000000000000000000e+00	 0.00000000000000000000e+00	 0.00000000000000000000e+00	 0.00000000000000000000e+00	 0.00000000000000000000e+00	 0.00000000000000000000e+00	 
 4.69999999999999928946e+00	 0.00000000000000000000e+00	 0.00000000000000000000e+00	 0.00000000000000000000e+00	 0.00000000000000000000e+00	 0.00000000000000000000e+00	 0.00000000000000000000e+00	 0.00000000000000000000e+00	 0.00000000000000000000e+00	 0.00000000000000000000e+00	 0.00000000000000000000e+00	 0.00000000000000000000e+00	 0.00000000000000000000e+00	 0.00000000000000000000e+00	 0.00000000000000000000e+00	 
 4.72000000000000063949e+00	 0.00000000000000000000e+00	 0.00000000000000000000e+00	 0.00000000000000000000e+00	 0.00000000000000000000e+00	 0.00000000000000000000e+00	 0.00000000000000000000e+00	 0.00000000000000000000e+00	 0.00000000000000000000e+00	 0.00000000000000000000e+00	 0.00000000000000000000e+00	 0.00000000000000000000e+00	 0.00000000000000000000e+00	 0.00000000000000000000e+00	 0.00000000000000000000e+00	 
 4.74000000000000021316e+00	 0.00000000000000000000e+00	 0.00000000000000000000e+00	 0.00000000000000000000e+00	 0.00000000000000000000e+00	 0.00000000000000000000e+00	 0.00000000000000000000e+00	 0.00000000000000000000e+00	 0.00000000000000000000e+00	 0.00000000000000000000e+00	 0.00000000000000000000e+00	 0.00000000000000000000e+00	 0.00000000000000000000e+00	 0.00000000000000000000e+00	 0.00000000000000000000e+00	 
 4.75999999999999978684e+00	 0.00000000000000000000e+00	 0.00000000000000000000e+00	 0.00000000000000000000e+00	 0.00000000000000000000e+00	 0.00000000000000000000e+00	 0.00000000000000000000e+00	 0.00000000000000000000e+00	 0.00000000000000000000e+00	 0.00000000000000000000e+00	 0.00000000000000000000e+00	 0.00000000000000000000e+00	 0.00000000000000000000e+00	 0.00000000000000000000e+00	 0.00000000000000000000e+00	 
 4.78000000000000024869e+00	 0.00000000000000000000e+00	 0.00000000000000000000e+00	 0.00000000000000000000e+00	 0.00000000000000000000e+00	 0.00000000000000000000e+00	 0.00000000000000000000e+00	 0.00000000000000000000e+00	 0.00000000000000000000e+00	 0.00000000000000000000e+00	 0.00000000000000000000e+00	 0.00000000000000000000e+00	 0.00000000000000000000e+00	 0.00000000000000000000e+00	 0.00000000000000000000e+00	 
 4.79999999999999982236e+00	 0.00000000000000000000e+00	 0.00000000000000000000e+00	 0.00000000000000000000e+00	 0.00000000000000000000e+00	 0.00000000000000000000e+00	 0.00000000000000000000e+00	 0.00000000000000000000e+00	 0.00000000000000000000e+00	 0.00000000000000000000e+00	 0.00000000000000000000e+00	 0.00000000000000000000e+00	 0.00000000000000000000e+00	 0.00000000000000000000e+00	 0.00000000000000000000e+00	 
 4.81999999999999939604e+00	 0.00000000000000000000e+00	 0.00000000000000000000e+00	 0.00000000000000000000e+00	 0.00000000000000000000e+00	 0.00000000000000000000e+00	 0.00000000000000000000e+00	 0.00000000000000000000e+00	 0.00000000000000000000e+00	 0.00000000000000000000e+00	 0.00000000000000000000e+00	 0.00000000000000000000e+00	 0.00000000000000000000e+00	 0.00000000000000000000e+00	 0.00000000000000000000e+00	 
 4.84000000000000074607e+00	 0.00000000000000000000e+00	 0.00000000000000000000e+00	 0.00000000000000000000e+00	 0.00000000000000000000e+00	 0.00000000000000000000e+00	 0.00000000000000000000e+00	 0.00000000000000000000e+00	 0.00000000000000000000e+00	 0.00000000000000000000e+00	 0.00000000000000000000e+00	 0.00000000000000000000e+00	 0.00000000000000000000e+00	 0.00000000000000000000e+00	 0.00000000000000000000e+00	 
 4.86000000000000031974e+00	 0.00000000000000000000e+00	 0.00000000000000000000e+00	 0.00000000000000000000e+00	 0.00000000000000000000e+00	 0.00000000000000000000e+00	 0.00000000000000000000e+00	 0.00000000000000000000e+00	 0.00000000000000000000e+00	 0.00000000000000000000e+00	 0.00000000000000000000e+00	 0.00000000000000000000e+00	 0.00000000000000000000e+00	 0.00000000000000000000e+00	 0.00000000000000000000e+00	 
 4.87999999999999989342e+00	 0.00000000000000000000e+00	 0.00000000000000000000e+00	 0.00000000000000000000e+00	 0.00000000000000000000e+00	 0.00000000000000000000e+00	 0.00000000000000000000e+00	 0.00000000000000000000e+00	 0.00000000000000000000e+00	 0.00000000000000000000e+00	 0.00000000000000000000e+00	 0.00000000000000000000e+00	 0.00000000000000000000e+00	 0.00000000000000000000e+00	 0.00000000000000000000e+00	 
 4.89999999999999946709e+00	 0.00000000000000000000e+00	 0.00000000000000000000e+00	 0.00000000000000000000e+00	 0.00000000000000000000e+00	 0.00000000000000000000e+00	 0.00000000000000000000e+00	 0.00000000000000000000e+00	 0.00000000000000000000e+00	 0.00000000000000000000e+00	 0.00000000000000000000e+00	 0.00000000000000000000e+00	 0.00000000000000000000e+00	 0.00000000000000000000e+00	 0.00000000000000000000e+00	 
 4.91999999999999992895e+00	 0.00000000000000000000e+00	 0.00000000000000000000e+00	 0.00000000000000000000e+00	 0.00000000000000000000e+00	 0.00000000000000000000e+00	 0.00000000000000000000e+00	 0.00000000000000000000e+00	 0.00000000000000000000e+00	 0.00000000000000000000e+00	 0.00000000000000000000e+00	 0.00000000000000000000e+00	 0.00000000000000000000e+00	 0.00000000000000000000e+00	 0.00000000000000000000e+00	 
 4.93999999999999950262e+00	 0.00000000000000000000e+00	 0.00000000000000000000e+00	 0.00000000000000000000e+00	 0.00000000000000000000e+00	 0.00000000000000000000e+00	 0.00000000000000000000e+00	 0.00000000000000000000e+00	 0.00000000000000000000e+00	 0.00000000000000000000e+00	 0.00000000000000000000e+00	 0.00000000000000000000e+00	 0.00000000000000000000e+00	 0.00000000000000000000e+00	 0.00000000000000000000e+00	 
 4.95999999999999996447e+00	 0.00000000000000000000e+00	 0.00000000000000000000e+00	 0.00000000000000000000e+00	 0.00000000000000000000e+00	 0.00000000000000000000e+00	 0.00000000000000000000e+00	 0.00000000000000000000e+00	 0.00000000000000000000e+00	 0.00000000000000000000e+00	 0.00000000000000000000e+00	 0.00000000000000000000e+00	 0.00000000000000000000e+00	 0.00000000000000000000e+00	 0.00000000000000000000e+00	 
 4.98000000000000042633e+00	 0.00000000000000000000e+00	 0.00000000000000000000e+00	 0.00000000000000000000e+00	 0.00000000000000000000e+00	 0.00000000000000000000e+00	 0.00000000000000000000e+00	 0.00000000000000000000e+00	 0.00000000000000000000e+00	 0.00000000000000000000e+00	 0.00000000000000000000e+00	 0.00000000000000000000e+00	 0.00000000000000000000e+00	 0.00000000000000000000e+00	 0.00000000000000000000e+00	 
 5.00000000000000000000e+00	 0.00000000000000000000e+00	 0.00000000000000000000e+00	 0.00000000000000000000e+00	 0.00000000000000000000e+00	 0.00000000000000000000e+00	 0.00000000000000000000e+00	 0.00000000000000000000e+00	 0.00000000000000000000e+00	 0.00000000000000000000e+00	 0.00000000000000000000e+00	 0.00000000000000000000e+00	 0.00000000000000000000e+00	 0.00000000000000000000e+00	 0.00000000000000000000e+00	 
