 -1.00000000000000000000e+00	 1.18655741554278675799e-06	 1.17539066841690583789e-06	 1.18623776399720198722e-06	 3.96043702476398342717e-04	 3.96488807287652270453e-04	 3.85863006173484156865e-04	 4.15146265001692870659e-04	 2.01195733001333364491e-04	 2.25325524113409507388e-04	 3.95151796697927951141e-04	 2.98387647234177411044e-06	 2.96913066907124209188e-06	 2.96908412632433600279e-06	 2.96912872012919378071e-06	 
 -9.79999999999999982236e-01	 1.21831861124759250546e-06	 1.20686951126012644479e-06	 1.21800640961901388399e-06	 4.06208261530952464014e-04	 4.06662939957050579599e-04	 3.95825906552763127737e-04	 4.25976947920486464713e-04	 2.06404991844948577364e-04	 2.31233148177277265251e-04	 4.05292916465970084160e-04	 3.06364849228405876870e-06	 3.04857888984562294712e-06	 3.04853115501969028930e-06	 3.04857691305648981586e-06	 
 -9.59999999999999964473e-01	 1.25070709616412285896e-06	 1.23897043089081545257e-06	 1.25040283165489085442e-06	 4.16564149149263704582e-04	 4.17028544454991622215e-04	 4.05977613496587752453e-04	 4.37015245698615223922e-04	 2.11713762111202390180e-04	 2.37255166595687106172e-04	 4.15624931080767407495e-04	 3.14499376582600418864e-06	 3.12959545483357305684e-06	 3.12954650565759306529e-06	 3.12959345047121186877e-06	 
 -9.39999999999999946709e-01	 1.28372206080505851221e-06	 1.27169259313697556078e-06	 1.28342616343898075716e-06	 4.27109932716013696984e-04	 4.27584173138632504460e-04	 4.16316771124825739988e-04	 4.48259852607251190609e-04	 2.17121918353931932493e-04	 2.43391537703714454363e-04	 4.26146380121751914508e-04	 3.22790961292124465296e-06	 3.21217785984306393327e-06	 3.21212767416080828908e-06	 3.21217582833326290438e-06	 
 -9.19999999999999928946e-01	 1.31736175837726747869e-06	 1.30503418951895425201e-06	 1.31707454601742542712e-06	 4.37843782320377901233e-04	 4.38327972874053906679e-04	 4.26841610871159986371e-04	 4.59709021132518734932e-04	 2.22629217121020177295e-04	 2.49642090273525585949e-04	 4.36855379397746445853e-04	 3.31239080704973146740e-06	 3.29632109059019789578e-06	 3.29626964631925762492e-06	 3.29631903242845097142e-06	 
 -9.00000000000000022204e-01	 1.35162339143174512878e-06	 1.33899234434893012113e-06	 1.35134503401550914597e-06	 4.48763418292472788477e-04	 4.49257635805442364502e-04	 4.37549908799651169483e-04	 4.71360510229998971171e-04	 2.28235293353047338002e-04	 2.56006515499947499229e-04	 4.47749581472278528581e-04	 3.39842933139908352371e-06	 3.38201737842571125851e-06	 3.38196465357329262573e-06	 3.38201529417563035015e-06	 
 -8.80000000000000115463e-01	 1.38650303082614422882e-06	 1.37356309552099930144e-06	 1.38623370194243101017e-06	 4.59866098832343531827e-04	 4.60370391040017734249e-04	 4.48439016298541204969e-04	 4.83211629280041695712e-04	 2.33939665538675098866e-04	 2.62484358534458201741e-04	 4.58826218690367750030e-04	 3.48601433972872635567e-06	 3.46925615342748826309e-06	 3.46920212611815098337e-06	 3.46925404371103018213e-06	 
 -8.59999999999999986677e-01	 1.42199553958896712013e-06	 1.40874128911233723274e-06	 1.42173548643305687834e-06	 4.71148575201405395846e-04	 4.71662957194903171600e-04	 4.59505795003173507767e-04	 4.95259161687733361415e-04	 2.39741728228126367919e-04	 2.69075014588094588597e-04	 4.70082033143150743257e-04	 3.57513187051231482133e-06	 3.55802376713473964147e-06	 3.55796841563128090084e-06	 3.55802163262437146803e-06	 
 -8.40000000000000079936e-01	 1.45809447124395800376e-06	 1.44452045736742752406e-06	 1.45784403382471596021e-06	 4.82607045115958138617e-04	 4.83131493599809117272e-04	 4.70746556422928317392e-04	 5.07499294615091343409e-04	 2.45640744533734021668e-04	 2.75777721957429276887e-04	 4.81513213655561053174e-04	 3.66576451953994523355e-06	 3.64830317511211841725e-06	 3.64824647782867901360e-06	 3.64830101652131802566e-06	 
 -8.20000000000000062172e-01	 1.49479201930958590836e-06	 1.48089280273067372286e-06	 1.49455154028782393987e-06	 4.94237157072446213826e-04	 4.94771616384629179218e-04	 4.82157071720592720048e-04	 5.19927601774238510625e-04	 2.51635837199051944860e-04	 2.82591555552752352921e-04	 4.93115394143435687227e-04	 3.75789133058495814361e-06	 3.74007392392163701055e-06	 3.74001585959978764489e-06	 3.74007174190550688200e-06	 
 -8.00000000000000044409e-01	 1.53207889875975786639e-06	 1.51784906351842491897e-06	 1.53184868088981962382e-06	 5.06033947623492287755e-04	 5.06578329913003316126e-04	 4.93732505659321145759e-04	 5.32538981247116047918e-04	 2.57725987511686182706e-04	 2.89515421459054622232e-04	 5.04883593381723447431e-04	 3.85148746315116852933e-06	 3.83331178810449441752e-06	 3.83325233592171816816e-06	 3.83330958319289474162e-06	 
 -7.80000000000000026645e-01	 1.56994420118669424769e-06	 1.55537835876810792060e-06	 1.56972449399537784687e-06	 5.17991779645891555796e-04	 5.18545961052816460103e-04	 5.05467352144008184693e-04	 5.45327589357907601721e-04	 2.63910031074729499283e-04	 2.96548047542004452552e-04	 5.16812154765338414332e-04	 3.94652379369595747357e-06	 3.92798836209366770646e-06	 3.92792750173060385710e-06	 3.92798613463691394601e-06	 
 -7.60000000000000008882e-01	 1.60837522778275029721e-06	 1.59346820100474468127e-06	 1.60816630216388357648e-06	 5.30104392737781632446e-04	 5.30668224483914620186e-04	 5.17355489122677523507e-04	 5.58286907777848077396e-04	 2.70186657569196418509e-04	 3.03687988536901771596e-04	 5.28894828420059027498e-04	 4.04296695409301889485e-06	 4.02407110004886440499e-06	 4.02400881168583899776e-06	 4.02406885005795274170e-06	 
 -7.39999999999999991118e-01	 1.64735737608114984555e-06	 1.63210431118220830569e-06	 1.64715956104685726328e-06	 5.42364807981484601911e-04	 5.42938120798829894353e-04	 5.29390080172944046955e-04	 5.71409628862842812122e-04	 2.76554405564060506745e-04	 3.10933614331371363168e-04	 5.41124662690081552861e-04	 4.14077882970281922092e-06	 4.12152283157520289133e-06	 4.12145909592463027815e-06	 4.12152055859165895483e-06	 
 -7.19999999999999973355e-01	 1.68687397151032487880e-06	 1.67127041235502435220e-06	 1.68668766828045243234e-06	 5.54765241888385655933e-04	 5.55347846333254869036e-04	 5.41563485793551224572e-04	 5.84687551543190101207e-04	 2.83011654553097058255e-04	 3.18283094915094327045e-04	 5.53493910248601707347e-04	 4.23991600150123489353e-06	 4.22030122965323368464e-06	 4.22023602801587306742e-06	 4.22029893262204236373e-06	 
 -6.99999999999999955591e-01	 1.72690673531652214178e-06	 1.71094826168436582456e-06	 1.72673223036712096089e-06	 5.67297234216266417148e-04	 5.67888924328746364130e-04	 5.53867408821468744894e-04	 5.98111643846584791102e-04	 2.89556634340490566537e-04	 3.25734411041385711009e-04	 5.65994093769934202530e-04	 4.34032997091822676013e-06	 4.32035887984508877401e-06	 4.32029219408124931962e-06	 4.32035655760055231525e-06	 
 -6.79999999999999937828e-01	 1.76743534787258116686e-06	 1.75111740357920025813e-06	 1.76727271011368167388e-06	 5.79951505574012116453e-04	 5.80552061511571465199e-04	 5.66292743132816491641e-04	 6.11671911597291189169e-04	 2.96187414651441168791e-04	 3.33285337608665150049e-04	 5.78615891125660339149e-04	 4.44196643669549430555e-06	 4.42164264566186450341e-06	 4.42157445820119704454e-06	 4.42164029713978087627e-06	 
 -6.60000000000000031086e-01	 1.80843706284841307749e-06	 1.79175489952236026554e-06	 1.80828608937494480069e-06	 5.92717838423064791002e-04	 5.93327028755771682458e-04	 5.78829448602426145307e-04	 6.25357278094301814557e-04	 3.02901892492806552783e-04	 3.40933423235012923822e-04	 5.91349033633708034453e-04	 4.54476453635122240680e-06	 4.52409297923902810605e-06	 4.52402327311240322620e-06	 4.52409060351695810218e-06	 
 -6.40000000000000013323e-01	 1.84988661039152593312e-06	 1.83283541697415542772e-06	 1.84974694889503991261e-06	 6.05585120321376407446e-04	 6.06202686126649766332e-04	 5.91466711748286412022e-04	 6.39155742019973109776e-04	 3.09697778420607160599e-04	 3.48675968800500114299e-04	 6.04182452390344135532e-04	 4.64865707963482060404e-06	 4.62764417488775310866e-06	 4.62757293429920912831e-06	 4.62764177161222564399e-06	 
 -6.19999999999999884537e-01	 1.89175594229225420360e-06	 1.87433088520344832415e-06	 1.89162712998639026854e-06	 6.18541222074326713966e-04	 6.19166869452251827054e-04	 6.04192773762470469387e-04	 6.53054181946096886681e-04	 3.16572592970840388862e-04	 3.56510019040267287817e-04	 6.17104111537417478021e-04	 4.75356963255645200496e-06	 4.73222346901868691309e-06	 4.73215067969594991101e-06	 4.73222103868357471193e-06	 
 -5.99999999999999977796e-01	 1.93401393055615966954e-06	 1.91621013341172851164e-06	 1.93389537796760246037e-06	 6.31572886679849501354e-04	 6.32206284715418516396e-04	 6.16994789237788562354e-04	 6.67038189968961032182e-04	 3.23523655185855370416e-04	 3.64432342451108414773e-04	 6.30100869679548402855e-04	 4.85941955965821736040e-06	 4.83775010876415706630e-06	 4.83767575818459030632e-06	 4.83774765291635743669e-06	 
 -5.79999999999999849010e-01	 1.97662603658134651059e-06	 1.95843906905610652631e-06	 1.97651700125775910716e-06	 6.44666007977991108342e-04	 6.45306867570623202482e-04	 6.29858941974087015343e-04	 6.81092275401289234081e-04	 3.30548109076921167900e-04	 3.72439407911808568422e-04	 6.43158676787998376083e-04	 4.96611641595806427041e-06	 4.94413589444400005453e-06	 4.94405997112587711906e-06	 4.94413341422265457297e-06	 
 -5.60000000000000053291e-01	 2.01955405015176297503e-06	 2.00098020182668642463e-06	 2.01945361172619212070e-06	 6.57805385544695041082e-04	 6.58453503806726622022e-04	 6.42770275580419568617e-04	 6.95199625372336458412e-04	 3.37642897293018130148e-04	 3.80527367006312084146e-04	 6.56262368356180314857e-04	 5.07356071567369180036e-06	 5.05128392022809870430e-06	 5.05120641344459096115e-06	 5.05128141563269576287e-06	 
 -5.40000000000000035527e-01	 2.06275573253023913661e-06	 2.04379216441081921232e-06	 2.06266276667843738890e-06	 6.70974532075550357015e-04	 6.71629815836655369790e-04	 6.55712549297356324905e-04	 7.09341905525688229926e-04	 3.44804732326932535363e-04	 3.88692020994004059243e-04	 6.69395498336764795122e-04	 5.18164268502517150466e-06	 5.15908733497923984124e-06	 5.15900823473377625529e-06	 5.15908480457495814334e-06	 
 -5.20000000000000017764e-01	 2.10618600707293547570e-06	 2.08683019531754293627e-06	 2.10609922530926749220e-06	 6.84155937438198449331e-04	 6.84818390349458501129e-04	 6.68668377578417291902e-04	 7.23499667518022145964e-04	 3.52030064025110383998e-04	 3.96928911791566624897e-04	 6.82540681354921086217e-04	 5.29024364866195510399e-06	 5.26743064126198584906e-06	 5.26734993749900123444e-06	 5.26742808138422882795e-06	 
 -5.00000000000000000000e-01	 2.14979591838555368375e-06	 2.13004542257637432412e-06	 2.14971387609994340478e-06	 6.97330816243780376995e-04	 6.98000546658505407679e-04	 6.81619029672752055858e-04	 7.37651997069388399783e-04	 3.59315070740797684774e-04	 4.05233242916437413818e-04	 6.95679307492591113976e-04	 5.39923408159065235448e-06	 5.37618783912660931379e-06	 5.37610552124912688323e-06	 5.37618524323797329444e-06	 
 -4.79999999999999926725e-01	 2.19353176718383323422e-06	 2.17338420337240374942e-06	 2.19345285115591717571e-06	 7.10478907802806623935e-04	 7.11156150915878541331e-04	 6.94544260919906187787e-04	 7.51776240569110971133e-04	 3.66655635665609198979e-04	 4.13599803636765161671e-04	 7.08791322362775861113e-04	 5.50847183660735287942e-06	 5.48522074154801525547e-06	 5.48513679809287555355e-06	 5.48521809963599990111e-06	 
 -4.59999999999999964473e-01	 2.23733555704745488692e-06	 2.21678877729566230011e-06	 2.23725778232671427761e-06	 7.23578886675739561644e-04	 7.24263906373239754917e-04	 7.07422859795686881194e-04	 7.65848382605049168154e-04	 3.74047323346386360269e-04	 4.22022864201237731061e-04	 7.21855525867054958686e-04	 5.61780398645779386414e-06	 5.59438077245824428110e-06	 5.59429519282418283977e-06	 5.59437807440861975100e-06	 
 -4.40000000000000002220e-01	 2.28114418793743671909e-06	 2.26019636480958426583e-06	 2.28106507483014586489e-06	 7.36608033770663490208e-04	 7.37301081570368834275e-04	 7.20232250036492065506e-04	 7.79842692963328746290e-04	 3.81485354347907337086e-04	 4.30496166819373574618e-04	 7.34849298028344716932e-04	 5.72706439289458726558e-06	 5.70350662113014141236e-06	 5.70341939636236572379e-06	 5.70350385829565676820e-06	 
 -4.19999999999999984457e-01	 2.32488871453071897715e-06	 2.30353836582138795673e-06	 2.32480521143008957074e-06	 7.49541985955083796787e-04	 7.50243296371950682544e-04	 7.32948195330488847486e-04	 7.93731450580523081699e-04	 3.88964563778849232653e-04	 4.39012881896618033066e-04	 7.47748383882819965540e-04	 5.83607157285004723822e-06	 5.81242219615769220537e-06	 5.81233331914077145286e-06	 5.81241936181819810782e-06	 
 -3.99999999999999911182e-01	 2.36849538012929538005e-06	 2.34674163769609089966e-06	 2.36840396392975390186e-06	 7.62355298542292491963e-04	 7.63065174905409220399e-04	 7.45545433699619747130e-04	 8.07485545583101304960e-04	 3.96479353529911166237e-04	 4.47565618315921820956e-04	 7.60527400957372221556e-04	 5.94463253599076488784e-06	 5.92093990018267602875e-06	 5.92084936682645497549e-06	 5.92093698840919680393e-06	 
 -3.80000000000000004441e-01	 2.41188444001012546590e-06	 2.38972721538118802130e-06	 2.41178112691817468446e-06	 7.75021048254329763573e-04	 7.75739907063847217682e-04	 7.57997244428486077923e-04	 8.21074017190759211995e-04	 4.04023662380574967792e-04	 4.56146341654736016576e-04	 7.73159467796425987213e-04	 6.05253921540177707890e-06	 6.02885738607984492088e-06	 6.02876519610237001566e-06	 6.02885439137998176959e-06	 
 -3.59999999999999931166e-01	 2.45496917410324695083e-06	 2.43240926526078729794e-06	 2.45484947133755171078e-06	 7.87510538771805761182e-04	 7.88238927851547788693e-04	 7.70275130176731326337e-04	 8.34463708376623767085e-04	 4.11590912042369776701e-04	 4.64746273611972636301e-04	 7.85615925876817847162e-04	 6.15956561363722961594e-06	 6.13595493426371480839e-06	 6.13586109175523361460e-06	 6.13595185173938112850e-06	 
 -3.39999999999999968914e-01	 2.49765790079155651629e-06	 2.47469677307369381671e-06	 2.49751724495505515952e-06	 7.99794544602908065098e-04	 8.00532652471117565918e-04	 7.82349840526435562175e-04	 8.47620267064099126332e-04	 4.19173990365181417441e-04	 4.73355947743423193658e-04	 7.97867627518170194519e-04	 6.26547265610789960987e-06	 6.24199990631688687680e-06	 6.24190441856156340940e-06	 6.24199673038841152344e-06	 
 -3.20000000000000006661e-01	 2.53985228322081327580e-06	 2.51649201141760661153e-06	 2.53968625604331824138e-06	 8.11842618100315298844e-04	 8.12590018621419806107e-04	 7.94190778609769605471e-04	 8.60507512043250620548e-04	 4.26765190486666219465e-04	 4.81965086861634852897e-04	 8.09884221231360027123e-04	 6.37000401245514356489e-06	 6.34674281336166435416e-06	 6.34664569052051516577e-06	 6.34673953715820405040e-06	 
 -2.99999999999999933387e-01	 2.58144602996880152251e-06	 2.55768934396087213798e-06	 2.58125043914245194963e-06	 8.23622604369326377118e-04	 8.24378151965089343498e-04	 8.05765579250416140965e-04	 8.73086979476323421685e-04	 4.34356127469988665887e-04	 4.90562466918834376613e-04	 8.21633653155587014884e-04	 6.47288289641014108196e-06	 6.44991429083378093234e-06	 6.44981554618088719126e-06	 6.44991090599436239431e-06	 
 -2.80000000000000026645e-01	 2.62232832638527369639e-06	 2.59817841878627127139e-06	 2.62209947649328537235e-06	 8.35101429482878500343e-04	 8.35863789623616550151e-04	 8.17040946708576980642e-04	 8.85319470071097686624e-04	 4.41937695517833424759e-04	 4.99135731014715500545e-04	 8.33082854866929595206e-04	 6.57382123196259375575e-06	 6.55123331654844726692e-06	 6.55113296764353634729e-06	 6.55122981631939305011e-06	 
 -2.59999999999999953371e-01	 2.66238147185878842513e-06	 2.63784191893919879823e-06	 2.66211636343796776216e-06	 8.46244669119717218483e-04	 8.47012533239922230273e-04	 8.27982189423414455774e-04	 8.97164195974987314225e-04	 4.49500001613238706500e-04	 5.07671353526460071397e-04	 8.44197358804513642468e-04	 6.67251345375947309030e-06	 6.65040150461219925336e-06	 6.65029957407230953783e-06	 6.65039788541574213845e-06	 
 -2.39999999999999907851e-01	 2.70147920218085724206e-06	 2.67655395474818882641e-06	 2.70117569208947250190e-06	 8.57016221704606437348e-04	 8.57788322740097078888e-04	 8.38552872597188737186e-04	 9.08578184189464299787e-04	 4.57032266683980519743e-04	 5.16154538301255355268e-04	 8.54941001981329717907e-04	 6.76863214737554107724e-06	 6.74709906293307152810e-06	 6.74699557897224876752e-06	 6.74709532500631636582e-06	 
 -2.19999999999999945599e-01	 2.73948972060776325756e-06	 2.71418467237560371338e-06	 2.73914641373585508006e-06	 8.67379531097090938213e-04	 8.68154675775836544120e-04	 8.48716416795226272392e-04	 9.19517911676678498245e-04	 4.64522959550369969692e-04	 5.24569480276336399388e-04	 8.65277035361309491794e-04	 6.86184102150039036265e-06	 6.84099661694006493145e-06	 6.84089161201636094286e-06	 6.84099276178009417520e-06	 
 -1.99999999999999983347e-01	 2.77627356634817504643e-06	 2.75059738120367468605e-06	 2.77588986043040838886e-06	 8.77296992925033708791e-04	 8.78074089501048237957e-04	 8.58435314533033139855e-04	 9.29938471653390550872e-04	 4.71959633697097711083e-04	 5.32899101341318022496e-04	 8.75167580140357565487e-04	 6.95178706530665564131e-06	 6.93174793514334845003e-06	 6.93164144555431968565e-06	 6.93174396454093374591e-06	 
 -1.79999999999999993339e-01	 2.81168212230800728860e-06	 2.78564660914378727782e-06	 2.81125835283800970977e-06	 8.86729508238631898565e-04	 8.87507589513897169123e-04	 8.67670562676040382777e-04	 9.39792972547482058712e-04	 4.79328760881135660515e-04	 5.41124799120440858752e-04	 8.84573215936971688975e-04	 7.03809529444784461640e-06	 7.01898503143553043336e-06	 7.01887709750761760693e-06	 7.01898094749974400949e-06	 
 -1.59999999999999920064e-01	 2.84556582935579062418e-06	 2.81918479733833445298e-06	 2.84510238588008602752e-06	 8.95638437843413359914e-04	 8.96416323894596179384e-04	 8.76382858169437082251e-04	 9.49035111383335914029e-04	 4.86615718013918749883e-04	 5.49226661574268556001e-04	 8.93455335510175119827e-04	 7.12038691936909728301e-06	 7.10233527408423532065e-06	 7.10222594176164983274e-06	 7.10233108078847315720e-06	 
 -1.39999999999999902300e-01	 2.87776962761720944665e-06	 2.85105851866675107518e-06	 2.87726658412922025449e-06	 9.03984710303068570575e-04	 9.04760852417934419677e-04	 8.84532080360593444927e-04	 9.57617950114870476741e-04	 4.93804680390941752241e-04	 5.57183210865612563341e-04	 9.01775047688782561105e-04	 7.19826928435347800479e-06	 7.18141182741049269897e-06	 7.18130114917918558687e-06	 7.18140753141077272975e-06	 
 -1.20000000000000009437e-01	 2.90813001322798535253e-06	 2.88110601527244829866e-06	 2.90758707632101197344e-06	 9.11728149538671263710e-04	 9.12500589737062902870e-04	 8.92076859259820957940e-04	 9.65493026896374986236e-04	 5.00878477667061352240e-04	 5.64971148702395715643e-04	 9.09492376517521505623e-04	 7.27132932686852474015e-06	 7.25580743362852324129e-06	 7.25569546903190965926e-06	 7.25580304463270532139e-06	 
 -1.00000000000000005551e-01	 2.93648667108979375087e-06	 2.90916735149519650028e-06	 2.93590405838132134357e-06	 9.18829303186608002500e-04	 9.19596195164364333709e-04	 8.98977409141176798425e-04	 9.72613426665016895384e-04	 5.07818437566458160022e-04	 5.72565653739270322836e-04	 9.16568316933433365444e-04	 7.33916129530867644910e-06	 7.32512030307611610493e-06	 7.32500711562695836990e-06	 7.32511582982245385140e-06	 
 -8.00000000000000155431e-02	 2.96267637930156532629e-06	 2.93507906052769170557e-06	 2.96205523033002478570e-06	 9.25248687272088132620e-04	 9.26008528423443431389e-04	 9.05194246486869334017e-04	 9.78932392777333943920e-04	 5.14604333697745103607e-04	 5.79940073441817657493e-04	 9.22963967653304983609e-04	 7.40135234794853377407e-06	 7.38894057851259312568e-06	 7.38882623443041171204e-06	 7.38893602696480411574e-06	 
 -5.99999999999999630851e-02	 2.98652911418515934873e-06	 2.95867071415081464542e-06	 2.98587160833715722767e-06	 9.30946138816742159439e-04	 9.31697817908472606351e-04	 9.10687211628998806966e-04	 9.84402253423385682068e-04	 5.21214255230663739415e-04	 5.87065630088885802122e-04	 9.28639807593119206812e-04	 7.45747326676205560687e-06	 7.44684162806823551841e-06	 7.44672619614914719908e-06	 7.44683700098392445030e-06	 
 -3.99999999999999383826e-02	 3.00788143828027244240e-06	 2.97977813561339651370e-06	 3.00718804589092230246e-06	 9.35884028962440301692e-04	 9.36626904058205441046e-04	 9.15419196434887343268e-04	 9.88978432739117275380e-04	 5.27625087649239636438e-04	 5.93912080942214778631e-04	 9.33558472764299627361e-04	 7.50711953746506568263e-06	 7.49841348583760691738e-06	 7.49829703960347943801e-06	 7.49840878452395908103e-06	 
 -2.00000000000000281719e-02	 3.02656969111367671151e-06	 2.99823665350399965946e-06	 3.02583790347127416144e-06	 9.40025856631544927400e-04	 9.40759825759032762907e-04	 9.19354476371713933390e-04	 9.92617660369844202750e-04	 5.33812138350269979083e-04	 6.00447223169421032303e-04	 9.37683584389405059070e-04	 7.54989059319251067429e-06	 7.54324590436918324365e-06	 7.54312852301500101653e-06	 7.54324112927052332407e-06	 
 -4.82163733276643543166e-17	 3.04242553661592611525e-06	 3.01387671102206263364e-06	 3.04164952401495849210e-06	 9.43335087921410393383e-04	 9.44060643713598847231e-04	 9.22457364464713842206e-04	 9.95276507637260802672e-04	 5.39748806646111176956e-04	 6.06636487058750235001e-04	 9.40978731388790001593e-04	 7.58537616094941568483e-06	 7.58091722586121210300e-06	 7.58079899447222326750e-06	 7.58091237644790649189e-06	 
 2.00000000000001253164e-02	 3.05529084743471693523e-06	 3.02654108221386766860e-06	 3.05446445648059205521e-06	 9.45778138782278621211e-04	 9.46496102396886772323e-04	 9.24694462984443745282e-04	 9.96915925740593684978e-04	 5.45407321811962417929e-04	 6.12444893009597983620e-04	 9.43411321314989925399e-04	 7.61319476107761126005e-06	 7.61103804074277037371e-06	 7.61091905184665603739e-06	 7.61103311974691452507e-06	 
 4.00000000000001187939e-02	 3.06501027527250700239e-06	 3.03607618460399636507e-06	 3.06412822976029236327e-06	 9.47323161104683111530e-04	 9.48034596529610373156e-04	 9.26033856040686946705e-04	 9.97499257214772483068e-04	 5.50758233435069710117e-04	 6.17835899864404300766e-04	 9.44950903958328828659e-04	 7.63297477753122423133e-06	 7.63322929377625348808e-06	 7.63310964819400874462e-06	 7.63322430913389390233e-06	 
 6.00000000000000255351e-02	 3.07142614995915917342e-06	 3.04232621021143643904e-06	 3.07048415488043609890e-06	 9.47938850672120801241e-04	 9.48645082354227951391e-04	 9.26444150126133863891e-04	 9.96990440536373121599e-04	 5.55770002578855558915e-04	 6.22770631261814226406e-04	 9.45567674755923683397e-04	 7.64434101009983736131e-06	 7.64710730910782746192e-06	 7.64698711634594103387e-06	 7.64710227445138259568e-06	 
 7.99999999999999322764e-02	 3.07439848906333188501e-06	 3.04515453702936262961e-06	 3.07339538118221346823e-06	 9.47599017388638521601e-04	 9.48301117129269309503e-04	 9.25898471826813816016e-04	 9.95360096706285162049e-04	 5.60410537647054816240e-04	 6.27210890898285597893e-04	 9.45235267392338955258e-04	 7.64697029810193898479e-06	 7.65233730900600219143e-06	 7.65221668409863798167e-06	 7.65233223807469034453e-06	 
 9.99999999999999500400e-02	 3.07379493089532837118e-06	 3.04443291218884639913e-06	 3.07273373898443272301e-06	 9.46280562783103295320e-04	 9.46979129540708483397e-04	 9.24372759811045480345e-04	 9.92582768132322821805e-04	 5.64646268938206259864e-04	 6.31117456661206511701e-04	 9.43929718847045726160e-04	 7.64056370149929002208e-06	 7.64860655192808263725e-06	 7.64848561421678561998e-06	 7.64860145632588418665e-06	 
 1.20000000000000023315e-01	 3.06948350687589611765e-06	 3.04003371703063159860e-06	 3.06837177684215300816e-06	 9.43961565750290904769e-04	 9.44656692711811729439e-04	 9.21844044036856740364e-04	 9.88634335048161260948e-04	 5.68441510898454443329e-04	 6.34449016874339311207e-04	 9.41628171905191163268e-04	 7.62482595482050996887e-06	 7.63560479279101846680e-06	 7.63548366588429258119e-06	 7.63559968178436543524e-06	 
 1.40000000000000041078e-01	 3.06136203725897467458e-06	 3.03185712816196969608e-06	 3.06021038885328186234e-06	 9.40625763815835613628e-04	 9.41317364559665116508e-04	 9.18295409117249588488e-04	 9.83498897566791258421e-04	 5.71760825754906985320e-04	 6.37166625277371645973e-04	 9.38313619410010343186e-04	 7.59953439536654353349e-06	 7.61309182977696120468e-06	 7.61297064091751117933e-06	 7.61308671615761387149e-06	 
 1.59999999999999975575e-01	 3.04934295749862928408e-06	 3.01981721730466881853e-06	 3.04816467504285834879e-06	 9.36260639558972903966e-04	 9.36948565951567675925e-04	 9.13713800882653406563e-04	 9.77165644021476880940e-04	 5.74567649585687218079e-04	 6.39231210400704758651e-04	 9.33972826026673746437e-04	 7.56450407443493057506e-06	 7.58086314644150115942e-06	 7.58074202616571256205e-06	 7.58085804898583791913e-06	 
 1.79999999999999937828e-01	 3.03334200339860930032e-06	 3.00383137102472353721e-06	 3.03215316978752995238e-06	 9.30855282356472801819e-04	 9.31539322036614605808e-04	 9.08087712097715559628e-04	 9.69625613450122081013e-04	 5.76823420317146284830e-04	 6.40602086320549548096e-04	 9.28594120770233799785e-04	 7.51956012077425941121e-06	 7.53872325722885422639e-06	 7.53860233924821223939e-06	 7.53871820102180917501e-06	 
 2.00000000000000094369e-01	 3.01331411828032193789e-06	 2.98385192550525930457e-06	 3.01212638154126529082e-06	 9.24405304497153399758e-04	 9.25085027498356426284e-04	 9.01411223881110664630e-04	 9.60879115483593160968e-04	 5.78492246862260671610e-04	 6.41243390316343048023e-04	 9.22172379287590992213e-04	 7.46461608149426560170e-06	 7.48656447299594335869e-06	 7.48644388886679759058e-06	 7.48655948106710481693e-06	 
 2.20000000000000001110e-01	 2.98923465747131787039e-06	 2.95984981945917995173e-06	 2.98805224870097378936e-06	 9.16910734616604473912e-04	 9.17585425858680951532e-04	 8.93682399440355601516e-04	 9.50932372959163913807e-04	 5.79538260386151761125e-04	 6.41120465511941617191e-04	 9.14706865309900278224e-04	 7.39963401192777390597e-06	 7.42432644043081238483e-06	 7.42420631715661294387e-06	 7.42432153042533015254e-06	 
 2.39999999999999963363e-01	 2.96108426138082589515e-06	 2.93180105758950057760e-06	 2.95990372155108437337e-06	 9.08373410243340246445e-04	 9.09042060984962077032e-04	 8.84900992814797592197e-04	 9.39793613628492059513e-04	 5.79924043969022324357e-04	 6.40197719432064387898e-04	 9.06198622691523222004e-04	 7.32458975037080605412e-06	 7.35196196849960901929e-06	 7.35184242810784235541e-06	 7.35195715245750417620e-06	 
 2.59999999999999953371e-01	 2.92888143678193764484e-06	 2.89972307029396277823e-06	 2.92769760439940836239e-06	 8.98802265212206774256e-04	 8.99463454322724708864e-04	 8.75075394591007011021e-04	 9.27482120225070765136e-04	 5.79617440505686551053e-04	 6.38447082383151944159e-04	 8.96656682133793151053e-04	 7.23956022642686355993e-06	 7.26952656084361709658e-06	 7.26940772893314093324e-06	 7.26952184605218344439e-06	 
 2.80000000000000082157e-01	 2.89266590433995862447e-06	 2.86365575751090244944e-06	 2.89147411734482943785e-06	 8.88211068944941956570e-04	 8.88862904979604521311e-04	 8.64219374654300693736e-04	 9.14024012551178238750e-04	 5.78587649153580155410e-04	 6.35843179451460287221e-04	 8.86095245400254092130e-04	 7.14467881914183810301e-06	 7.17713209117983516741e-06	 7.17701410004760829981e-06	 7.17712748031964484002e-06	 
 2.99999999999999988898e-01	 2.85248275162033729425e-06	 2.82364432792740782142e-06	 2.85127885331936061126e-06	 8.76615308678675578605e-04	 8.77255422966025121857e-04	 8.52348338479088458650e-04	 8.99447141439903459503e-04	 5.76802950322513130824e-04	 6.32360416216887666514e-04	 8.74530237311695567148e-04	 7.04009239201532037032e-06	 7.07490385736298213102e-06	 7.07478684588718997298e-06	 7.07489934842677371948e-06	 
 3.20000000000000006661e-01	 2.80842038547072777858e-06	 2.77977708192966040232e-06	 2.80719826652378087576e-06	 8.64037661893513747602e-04	 8.64664733176908630562e-04	 8.39485716140223893998e-04	 8.83791344344431639875e-04	 5.74239704137537707897e-04	 6.27983121705960015309e-04	 8.61985495227400870706e-04	 6.92605289352585813380e-06	 6.96307397028740728071e-06	 6.96295808417488103562e-06	 6.96306956381446040451e-06	 
 3.39999999999999968914e-01	 2.76059093286188229985e-06	 2.73216590204018964580e-06	 2.75934157000767561578e-06	 8.50505704810410002523e-04	 8.51120053941455166971e-04	 8.25660130629085652412e-04	 8.67103646131100157246e-04	 5.70877088295923757269e-04	 6.22699648913410956814e-04	 8.48490049567867310118e-04	 6.80287104365899058096e-06	 6.84193352596121472656e-06	 6.84181891779377086583e-06	 6.84192922777590580794e-06	 
 3.59999999999999931166e-01	 2.70911011355714246245e-06	 2.68092619334104603017e-06	 2.70782157542286145834e-06	 8.36048303884507986415e-04	 8.36651895844062664861e-04	 8.10901371855536536731e-04	 8.49431974031118123929e-04	 5.66693988566953398348e-04	 6.16498649478289880051e-04	 8.34074220615710240460e-04	 6.67086577579870123830e-06	 6.71178226576496158462e-06	 6.71166909473322852029e-06	 6.71177808695604118751e-06	 
 3.80000000000000059952e-01	 2.65413329317948595525e-06	 2.62621548668717623510e-06	 2.65279764845051498951e-06	 8.20702516651169197530e-04	 8.21297103962300811646e-04	 7.95247998963661043535e-04	 8.30832732759010142952e-04	 5.61680003794059632891e-04	 6.09382657188068939218e-04	 8.18775506607948401830e-04	 6.53045869127952146427e-06	 6.57302323101810415730e-06	 6.57291164837156127455e-06	 6.57301917898285924084e-06	 
 4.00000000000000077716e-01	 2.59583759262492966806e-06	 2.56821395195543678453e-06	 2.59445348563380853338e-06	 8.04510524953696432027e-04	 8.05096966285714791059e-04	 7.78743876702828099340e-04	 8.11367897744445852430e-04	 5.55828869018896738058e-04	 6.01360030738845390517e-04	 8.02636164441120460514e-04	 6.38212746879335600738e-06	 6.42611553914433093732e-06	 6.42600568256230032148e-06	 6.42611161425871199295e-06	 
 4.19999999999999984457e-01	 2.53439992600659518969e-06	 2.50710139272931153113e-06	 2.53297241088609536392e-06	 7.87515002797069024916e-04	 7.88093278919748427107e-04	 7.61433155700152260355e-04	 7.91099070332857237133e-04	 5.49134410937968391216e-04	 5.92439583489311389665e-04	 7.85698943182534716850e-04	 6.22634760108724882524e-06	 6.27151698894654937709e-06	 6.27140898258105822190e-06	 6.27151318473233661586e-06	 
 4.39999999999999946709e-01	 2.47003887926505372630e-06	 2.44309732588846841302e-06	 2.46857529640212817961e-06	 7.69766403848921821826e-04	 7.70336716985740789683e-04	 7.43366831809638174688e-04	 7.70097338444274202678e-04	 5.41604327347779200379e-04	 5.82643823643030933125e-04	 7.68014904974540749301e-04	 6.06368696721992438782e-06	 6.10978313042926521938e-06	 6.10967709466726148032e-06	 6.10977944016656087072e-06	 
 4.60000000000000131006e-01	 2.40299390670891515329e-06	 2.37644138223622541930e-06	 2.40150241149901947025e-06	 7.51319807012088740697e-04	 7.51882980435442625777e-04	 7.24600115944183122661e-04	 7.48439165482998880474e-04	 5.33251790713549209989e-04	 5.72001050432467271663e-04	 7.49639933842192454291e-04	 5.89476141003491328649e-06	 5.94151934734730868300e-06	 5.94141540208499737802e-06	 5.94151576643848821296e-06	 
 4.80000000000000037748e-01	 2.33349834690901999576e-06	 2.30736695356255016139e-06	 2.33198785810475264186e-06	 7.32229599115772331920e-04	 7.32787059674514179922e-04	 7.05187276380935521881e-04	 7.26198868741752745146e-04	 5.24089981385868555752e-04	 5.60539487897397702490e-04	 7.30629199178650353200e-04	 5.72016964759556368638e-06	 5.76731485682077442775e-06	 5.76721312114634789432e-06	 5.76731138270516491018e-06	 
 5.00000000000000000000e-01	 2.26181691684355804387e-06	 2.23614026020077687938e-06	 2.26030122153551907689e-06	 7.12556877522841432444e-04	 7.13110880793996529912e-04	 6.85189748120607132302e-04	 7.03454981865754666766e-04	 5.14145743360182685446e-04	 5.48301301784754908236e-04	 7.11042524340942789195e-04	 5.54058799263317365108e-06	 5.58783836821067694258e-06	 5.58773895485467948113e-06	 5.58783499715229217989e-06	 
 5.20000000000000128786e-01	 2.18822898008225045271e-06	 2.16304261383790592978e-06	 2.18672815724594208324e-06	 6.92366438933913011002e-04	 6.92920151153596664689e-04	 6.64672718941356909135e-04	 6.80288795006510522978e-04	 5.03451194761413839407e-04	 5.35334247278523335523e-04	 6.90942706644493624506e-04	 5.35672894167207802802e-06	 5.40379543981657354987e-06	 5.40369845300065119006e-06	 5.40379216577015887926e-06	 
 5.40000000000000035527e-01	 2.11300061964974261915e-06	 2.08834177678065807711e-06	 2.11154061540269902549e-06	 6.71720885229448337259e-04	 6.72278341915274199950e-04	 6.43698826730533155659e-04	 6.56777667686112768923e-04	 4.92037697098824376198e-04	 5.21684786195822109561e-04	 6.70390455060814426103e-04	 5.16926955070106341588e-06	 5.21585719638398508222e-06	 5.21576273194652259189e-06	 5.21585401115319993156e-06	 
 5.60000000000000053291e-01	 2.03643166023801558772e-06	 2.01233216310369512867e-06	 2.03503530362859273074e-06	 6.50689035521591829445e-04	 6.51252992251208774437e-04	 6.22336535525287444341e-04	 6.33004354957247784494e-04	 4.79952241072449778316e-04	 5.07411052836187503358e-04	 6.49453394130316630575e-04	 4.97894688484315874245e-06	 5.02475883578428264147e-06	 5.02466697766972724597e-06	 5.02475573248814051430e-06	 
 5.79999999999999849010e-01	 1.95883411394982904005e-06	 1.93531793215320174791e-06	 1.95751805018041456549e-06	 6.29342538223597925719e-04	 6.29913739658402300862e-04	 6.00656861927384043073e-04	 6.09053937204432791971e-04	 4.67247333211121516905e-04	 4.92575376075603688780e-04	 6.28202235370724660496e-04	 4.78652018516711165127e-06	 4.83125906069103060387e-06	 4.83116987967084004845e-06	 4.83125603494372788348e-06	 
 5.99999999999999977796e-01	 1.88049771548204042211e-06	 1.85758143815746682941e-06	 1.87927287125356768155e-06	 6.07749055666858477125e-04	 6.08326376374437437916e-04	 5.78726432886950679403e-04	 5.85005432037046641490e-04	 4.53973167755977713954e-04	 4.77237045813931680220e-04	 6.06703782210697034095e-04	 4.59269314414020660695e-06	 4.63606165006434398448e-06	 4.63597520437161665267e-06	 4.63605869979352647398e-06	 
 6.20000000000000106581e-01	 1.80172664350222195400e-06	 1.77942213194232794824e-06	 1.80059354413148984453e-06	 5.85978675718975910124e-04	 5.86560506109467237092e-04	 5.56618241093287196251e-04	 5.60940451402197745243e-04	 4.40191221871979868670e-04	 4.61465047729894947606e-04	 5.85027467131974711345e-04	 4.39820845758851527145e-06	 4.43991168829457485783e-06	 4.43982802747289294484e-06	 4.43990881859448928442e-06	 
 6.39999999999999902300e-01	 1.72282724461436187466e-06	 1.70114258120642308431e-06	 1.72177467360428505939e-06	 5.64102274858070576284e-04	 5.64687010334016217979e-04	 5.34407172764957269159e-04	 5.36941114242592255033e-04	 4.25966241691441932591e-04	 4.45331080323777505053e-04	 5.63243595654615964406e-04	 4.20381568120089156045e-06	 4.24356162937958844762e-06	 4.24348079555699532359e-06	 4.24355885398550170245e-06	 
 6.60000000000000031086e-01	 1.64407573103163013039e-06	 1.62301543519585089987e-06	 1.64308190975320510533e-06	 5.42185107330426271748e-04	 5.42771162131011793150e-04	 5.12161561415657470668e-04	 5.13081502764884496079e-04	 4.11358716386279251332e-04	 4.28901706118402280352e-04	 5.41416923664114345567e-04	 4.01018915388986919298e-06	 4.04768886578873247884e-06	 4.04761089398524461218e-06	 4.04768620619201173304e-06	 
 6.80000000000000159872e-01	 1.56575149977152148150e-06	 1.54532238305225032426e-06	 1.56479122443189190018e-06	 5.20295132485772181610e-04	 5.20881230992190275876e-04	 4.89954368895012862782e-04	 4.89437119258421941305e-04	 3.96437971638113851799e-04	 4.12250233455865226859e-04	 5.19616195906046790011e-04	 3.81802114776408329231e-06	 3.85299368230594316796e-06	 3.85291859685343747184e-06	 3.85299116563629308649e-06	 
 6.99999999999999955591e-01	 1.48812956625064010552e-06	 1.46834252779240968462e-06	 1.48717671541500532942e-06	 4.98500487546268793160e-04	 4.99085758617563214103e-04	 4.67859001735608829534e-04	 4.66082826685120519324e-04	 3.81274915652334521737e-04	 3.95450825010323773253e-04	 4.97910748890365148153e-04	 3.62799666018133026152e-06	 3.66017007499386376785e-06	 3.66009788845555578582e-06	 3.66016773310979989494e-06	 
 7.20000000000000084377e-01	 1.41144850751709692510e-06	 1.39231785114197844775e-06	 1.41047623880121256754e-06	 4.76861964086463846653e-04	 4.77445919499988418160e-04	 4.45940192093838153400e-04	 4.43083655254740481182e-04	 3.65934048554019091936e-04	 3.78570391963080322105e-04	 4.76362484965151022128e-04	 3.44070859530632003126e-06	 3.46981892789656611343e-06	 3.46974964209866862066e-06	 3.46981679672170357200e-06	 
 7.39999999999999991118e-01	 1.33595437719118887947e-06	 1.31749264527232870254e-06	 1.33494670111263380571e-06	 4.55440749709705276511e-04	 4.56023621448495915416e-04	 4.24263415035491895516e-04	 4.20501667476596554737e-04	 3.50487094266208900305e-04	 3.61679978294221190008e-04	 4.55032155511932937669e-04	 3.25674486284538291321e-06	 3.28254622694096179743e-06	 3.28247983779971296180e-06	 3.28254433472637523065e-06	 
 7.60000000000000008882e-01	 1.26188798185898380183e-06	 1.24410423831612857526e-06	 1.26084305011348733274e-06	 4.34296883412205886061e-04	 4.34879715807788417344e-04	 4.02892671228093416074e-04	 3.98396430095050745664e-04	 3.35005954340203795146e-04	 3.44849858925739714485e-04	 4.33978874968971094044e-04	 3.07667405693556613133e-06	 3.09894044792889864322e-06	 3.09887694706482259315e-06	 3.09893881174589251094e-06	 
 7.80000000000000137668e-01	 1.18944724024959101016e-06	 1.17234731568397824490e-06	 1.18837534715214952419e-06	 4.13481735043097725461e-04	 4.14066309735080834327e-04	 3.81881809114910202030e-04	 3.76816837069213618309e-04	 3.19553902333582562963e-04	 3.28141180082744073933e-04	 4.13253237164118404027e-04	 2.90096157570410746672e-06	 2.91948330481012661853e-06	 2.91942267986483985884e-06	 2.91948193205403589245e-06	 
 7.99999999999999933387e-01	 1.11882818852745521009e-06	 1.10241270240115495336e-06	 1.11774237668057370647e-06	 3.93046234452086899139e-04	 3.93635150177548763083e-04	 3.61286221022952215489e-04	 3.55811290960214674384e-04	 3.04194867834769468694e-04	 3.11617095137946872440e-04	 3.92905715132806196595e-04	 2.73006277208159846861e-06	 2.74464592724891015904e-06	 2.74458815908605842165e-06	 2.74464481711139223936e-06	 
 8.20000000000000062172e-01	 1.05021747514135803563e-06	 1.03448140309581000434e-06	 1.04913030651963784847e-06	 3.73039574859615344696e-04	 3.73636244642069784237e-04	 3.41159674830137846484e-04	 3.35426308151676318917e-04	 2.88990306990232154270e-04	 2.95338781640617001594e-04	 3.72985182822141425867e-04	 2.56441056278243943121e-06	 2.57487480896474871399e-06	 2.57481987092427999812e-06	 2.57487395339222407910e-06	 
 8.39999999999999857891e-01	 9.83755402501759884117e-07	 9.68688802272322332552e-07	 9.82678883181058884333e-07	 3.53501338792000573217e-04	 3.54109896164692659632e-04	 3.21544431986730888315e-04	 3.15696828174839058245e-04	 2.73991896160626080547e-04	 2.79356863945391165928e-04	 3.53531003849397987195e-04	 2.40432824125558441841e-06	 2.41050250627904614050e-06	 2.41045036523061815536e-06	 2.41050189124571729240e-06	 
 8.60000000000000097700e-01	 9.19574618093441277889e-07	 9.05165142078158911214e-07	 9.18516327300949124486e-07	 3.34469924040934859285e-04	 3.35094130371653387782e-04	 3.02484189820977729043e-04	 2.96651275548607249767e-04	 2.59251742348339810854e-04	 2.63721552395182511422e-04	 3.34581113059079216215e-04	 2.25011251794354414073e-06	 2.25184859222580104909e-06	 2.25179921394811254960e-06	 2.25184820462362941760e-06	 
 8.80000000000000115463e-01	 8.57797172920532090598e-07	 8.44030951270044297891e-07	 8.56759313720040896973e-07	 3.15981730362954369405e-04	 3.16624661008624188989e-04	 2.84020817728303806658e-04	 2.78314693016604164377e-04	 2.44819250685471907943e-04	 2.48480189894666973066e-04	 3.16171409146750895334e-04	 2.10203505453090865721e-06	 2.09920859413874420549e-06	 2.09916194489132617511e-06	 2.09920842389788066466e-06	 
 8.99999999999999911182e-01	 7.98498575063672713077e-07	 7.85360399617922768292e-07	 7.97478845609471026838e-07	 2.98063115079249076923e-04	 2.98727285290491955966e-04	 2.66183727224319577418e-04	 2.60701464825904177022e-04	 2.30733230773612406437e-04	 2.33668932223575162056e-04	 2.98327898983627535102e-04	 1.96026035799825562163e-06	 1.95276238044019251583e-06	 1.95271842682472515618e-06	 1.95276242012265229098e-06	 
 9.20000000000000039968e-01	 7.41745526630025122431e-07	 7.29222468929425238576e-07	 7.40742589887658946018e-07	 2.80739081523018489325e-04	 2.81425732031126711510e-04	 2.49002431420565354444e-04	 2.43823198170456173148e-04	 2.17032480807280577732e-04	 2.19321562419562768060e-04	 2.81073933185274507738e-04	 1.82493223016400454384e-06	 1.81267768738943724469e-06	 1.81263638340240011999e-06	 1.81267792661706985179e-06	 
 9.39999999999999835687e-01	 6.87595948865887379495e-07	 6.75678222080907880747e-07	 6.86611047800274787866e-07	 2.64032856122608009485e-04	 2.64741836287865270599e-04	 2.32504440372833924046e-04	 2.27689923197316521205e-04	 2.03753097138413509157e-04	 2.05468758618268537318e-04	 2.64430809708628665466e-04	 1.69617705090179524659e-06	 1.67910295409245964419e-06	 1.67906423791327973050e-06	 1.67910337799844666609e-06	 
 9.60000000000000075495e-01	 6.36063714873740655767e-07	 6.24743918976637239540e-07	 6.35100097831494760237e-07	 2.47957674062216455388e-04	 2.48687731874996193968e-04	 2.16704685631774381918e-04	 2.12301650069228074399e-04	 1.90920264026923989630e-04	 1.92130317539217730909e-04	 2.48410280576568233499e-04	 1.57402092230247521875e-06	 1.55207472390632846378e-06	 1.55203852133397048121e-06	 1.55207531414945468261e-06	 
 9.80000000000000093259e-01	 5.87163860902264522449e-07	 5.76429228003445769170e-07	 5.86218732212450233411e-07	 2.32524642407422571077e-04	 2.33273436018029448839e-04	 2.01618703424879874364e-04	 1.97655171390179369446e-04	 1.78557611463254004144e-04	 1.79325693656939947089e-04	 2.33024109303294575321e-04	 1.45845494941755425450e-06	 1.43161314989432992429e-06	 1.43157936730649716974e-06	 1.43161386896014074559e-06	 
 9.99999999999999888978e-01	 5.40908155645521183714e-07	 5.30738607513921811342e-07	 5.39970785330463789066e-07	 2.17743457259640151025e-04	 2.18507672265626549197e-04	 1.87260748415113024773e-04	 1.83746383445026665151e-04	 1.66686159233509010712e-04	 1.67072425876527066307e-04	 2.18283276818063097773e-04	 1.34945820548688053527e-06	 1.31772561861896474108e-06	 1.31769414257689511438e-06	 1.31772640681965765683e-06	 
 1.02000000000000001776e+00	 4.97266285873278662356e-07	 4.87636058575001895762e-07	 4.96319878236925406297e-07	 2.03614534343820458018e-04	 2.04390166504485586846e-04	 1.73632835409698728195e-04	 1.70562420468867240999e-04	 1.55316575607180072183e-04	 1.55377497318408025907e-04	 2.04189377232535403507e-04	 1.24692624894236883917e-06	 1.21031855847169788941e-06	 1.21028926130629578205e-06	 1.21031933961040988501e-06	 
 1.04000000000000003553e+00	 4.56196159303134045401e-07	 4.47084373249968989739e-07	 4.55231882546565087242e-07	 1.90136628525569952378e-04	 1.90919822897912713463e-04	 1.60736475041318212925e-04	 1.58086644645630703537e-04	 1.44458916702397399939e-04	 1.44246518366758155749e-04	 1.90741423308875550791e-04	 1.15072604522864254958e-06	 1.10929553936930607827e-06	 1.10926829522463100871e-06	 1.10929624878462997414e-06	 
 1.06000000000000005329e+00	 4.17653019400003557516e-07	 4.09046288903473778017e-07	 4.16673413338766305096e-07	 1.77308029139867565473e-04	 1.78095351873478781324e-04	 1.48572515805629707742e-04	 1.46302411032066357211e-04	 1.34121699172997261304e-04	 1.33683727309091208817e-04	 1.77937681971447765866e-04	 1.06072598488468450132e-06	 1.01456026572872209390e-06	 1.01453495527060568613e-06	 1.01456085756337557501e-06	 
 1.08000000000000007105e+00	 3.81558263491688632227e-07	 3.73448860627844689118e-07	 3.80574492104215137127e-07	 1.65118766301517155143e-04	 1.65907243363907553647e-04	 1.37130816383608809860e-04	 1.35186141131775323194e-04	 1.24303881759423349258e-04	 1.23683917893105871149e-04	 1.65768302437434528022e-04	 9.76730555176735846487e-07	 9.25927455681083482656e-07	 9.25903966200992434422e-07	 9.25927899030340702469e-07	 
 1.09999999999999986677e+00	 3.47840846398779850734e-07	 3.40222214536445919899e-07	 3.46869530171810810618e-07	 1.53558563054187783518e-04	 1.54346090357522573418e-04	 1.26399964258250144863e-04	 1.24713076330348817278e-04	 1.15003042444396789317e-04	 1.14240282253577420959e-04	 1.54223271634347573701e-04	 8.98535758773367724841e-07	 8.43219558965127697696e-07	 8.43197782510626646498e-07	 8.43219829919015148307e-07	 
 1.11999999999999988454e+00	 3.16435862526626129546e-07	 3.09301041775297211977e-07	 3.15497427389335646724e-07	 1.42617861189116756828e-04	 1.43403269762909610797e-04	 1.16368933754633206322e-04	 1.14860063193947018151e-04	 1.06216023969153526433e-04	 1.05345664767007461335e-04	 1.43293341705631304545e-04	 8.25954403801495706534e-07	 7.66270666241040244345e-07	 7.66250498612891099499e-07	 7.66270744699619400373e-07	 
 1.14000000000000012434e+00	 2.87247763902508595473e-07	 2.80589246862182043255e-07	 2.86364939411534187463e-07	 1.32279799464814565302e-04	 1.33062763653970118211e-04	 1.07017698597121024254e-04	 1.05598291901071213573e-04	 9.79315671711405598063e-05	 9.69850692166663550268e-05	 1.32962047207293743460e-04	 7.58750912078189572608e-07	 6.94838183259945537542e-07	 6.94819524714203137517e-07	 6.94838052104303605315e-07	 
 1.15999999999999992006e+00	 2.60191293532188876173e-07	 2.53996124602556626807e-07	 2.59382271421832112085e-07	 1.22528225853319881929e-04	 1.23309038610832814387e-04	 9.83239530079445055817e-05	 9.69019367356497137106e-05	 9.01376200271278602916e-05	 8.91425630772318353676e-05	 1.23214370641966055762e-04	 6.96660116680801874274e-07	 6.28693996022785864648e-07	 6.28676756176858123827e-07	 6.28693648717435157654e-07	 
 1.18000000000000015987e+00	 2.35189642177390168163e-07	 2.29438642219588519423e-07	 2.34466603665305542534e-07	 1.13348392095076675444e-04	 1.14127862137934041635e-04	 9.02667197374998299050e-05	 8.87479613386596470842e-05	 8.28224402216913628506e-05	 8.18029303995819494959e-05	 1.14036812627980115270e-04	 6.39436827296844223129e-07	 5.67629539767923328994e-07	 5.67613637914573974515e-07	 5.67628981106229119095e-07	 
 1.19999999999999973355e+00	 2.12137888063496429416e-07	 2.06807476283644003742e-07	 2.11508303143170860011e-07	 1.04718808507341855515e-04	 1.05498239159114101399e-04	 8.28183951691375034275e-05	 8.11074365961133827074e-05	 7.59675461275391330617e-05	 7.49445582219487741252e-05	 1.05408961344820824367e-04	 5.86809646758457849682e-07	 5.11370510430044718240e-07	 5.11355874263917582043e-07	 5.11369752942071161754e-07	 
 1.21999999999999997335e+00	 1.90938094619207510270e-07	 1.86000969849250313188e-07	 1.90400997261441140740e-07	 9.66188422172072595854e-05	 9.73995128095301036970e-05	 7.59468871591133915487e-05	 7.39553428306966985795e-05	 6.95578218580549168708e-05	 6.85473848817124174282e-05	 9.73107130348281775239e-05	 5.38472604899530513914e-07	 4.59663009683344026351e-07	 4.59649568909955674300e-07	 4.59662078069818485953e-07	 
 1.24000000000000021316e+00	 1.71502695546598436720e-07	 1.66928558058598066988e-07	 1.71048855681433918484e-07	 8.90300722235147051460e-05	 8.98131294357109850966e-05	 6.96225528955715081050e-05	 6.72697692155496776998e-05	 6.35801973623745421286e-05	 6.25935275445694861178e-05	 8.97239849447787398426e-05	 4.94149450836427225690e-07	 4.12281084846858562356e-07	 4.12268769277948732917e-07	 4.12280015298491748441e-07	 
 1.25999999999999978684e+00	 1.53721374175996225171e-07	 1.49478297683335282674e-07	 1.53336042967241094599e-07	 8.19283666666646877286e-05	 8.27149686690204784907e-05	 6.38125458789611383877e-05	 6.10227986732599799965e-05	 5.80151194343226742100e-05	 5.70596138192475430895e-05	 8.26250124360841881402e-05	 4.53561921752045957714e-07	 3.68944922153719149731e-07	 3.68933663315436242656e-07	 3.68943757520427673819e-07	 
 1.28000000000000002665e+00	 1.37492354659765859072e-07	 1.33548986219725669385e-07	 1.37157783056903220127e-07	 7.52924427275410395721e-05	 7.60820365997384929395e-05	 5.84775466674073419429e-05	 5.51942791329082687083e-05	 5.28449488005165854063e-05	 5.19244190962098704518e-05	 7.59914894651046620962e-05	 4.16424535899321196624e-07	 3.29401973335057522651e-07	 3.29391707883692809466e-07	 3.29400759532933462000e-07	 
 1.30000000000000026645e+00	 1.22726697643071063497e-07	 1.19052811265975945597e-07	 1.22423398754661488009e-07	 6.91040810161856842303e-05	 6.98942263881651370226e-05	 5.35817226926879546065e-05	 4.97676472964629304117e-05	 4.80542120077204995988e-05	 4.71694634558614720138e-05	 6.98039906326005228599e-05	 3.82491742981709966837e-07	 2.93433112973414300073e-07	 2.93423783075896641404e-07	 2.93431897282919910192e-07	 
 1.32000000000000006217e+00	 1.09317341213660611536e-07	 1.05884061801514647344e-07	 1.09025300395355091342e-07	 6.33396331579467379395e-05	 6.41267621266333840303e-05	 4.90896512659325917464e-05	 4.47188777920475393477e-05	 4.36218685941470687333e-05	 4.27714514162662320864e-05	 6.40382095456278239726e-05	 3.51524249569776268132e-07	 2.60774067794015521747e-07	 2.60765621022020866906e-07	 2.60772896654679965722e-07	 
 1.34000000000000007994e+00	 9.71624363808193957638e-08	 9.39481605081517542159e-08	 9.68668838784633774998e-08	 5.79770049310399080453e-05	 5.87579646061302620676e-05	 4.49621908320522214704e-05	 4.00343533657512547566e-05	 3.95286928863235509954e-05	 3.87099895357164266096e-05	 5.86726402090611287858e-05	 3.23240908541076480353e-07	 2.31189106308147443403e-07	 2.31181496215488553292e-07	 2.31188019854495289057e-07	 
 1.35999999999999987566e+00	 8.61739684627692949310e-08	 8.31646499865791250952e-08	 8.58660600084530466974e-08	 5.29971936033037522825e-05	 5.37696487608929412846e-05	 4.11648888144077826508e-05	 3.57037573996858023325e-05	 3.57581126298367303422e-05	 3.49677751866829707172e-05	 5.36891669742901281488e-05	 2.97395282303265046800e-07	 2.04477780092662687003e-07	 2.04470965519896339654e-07	 2.04476811600111819632e-07	 
 1.37999999999999989342e+00	 7.62516071785592343361e-08	 7.34381375211374769583e-08	 7.59265964059012910475e-08	 4.83766116329745454175e-05	 4.91390133653737067629e-05	 3.76651838629492248566e-05	 3.17070733359162037677e-05	 3.22889537152649513376e-05	 3.15230281929059459665e-05	 4.90650104460188518900e-05	 2.73765012431052427003e-07	 1.80401800222732414332e-07	 1.80395744803157746316e-07	 1.80400977180862469676e-07	 
 1.40000000000000013323e+00	 6.73065728359229497815e-08	 6.46848335566771894174e-08	 6.69677282334304355394e-08	 4.40948674754559037528e-05	 4.48457475022832788118e-05	 3.44281680160279801996e-05	 2.80359455539507520453e-05	 2.91029381633417279370e-05	 2.83575522300781768150e-05	 4.47795308009665208714e-05	 2.52111082323850983562e-07	 1.58751684891575322482e-07	 1.58746345765073978054e-07	 1.58751017249899043875e-07	 
 1.41999999999999992895e+00	 5.92652708672053561941e-08	 5.68350455951943655456e-08	 5.89231966225998357049e-08	 4.01351186490321151161e-05	 4.08729304801266009914e-05	 3.14235289293166329206e-05	 2.46846417915065117587e-05	 2.61848807311530930439e-05	 2.54563329157467533291e-05	 4.08154494138681953681e-05	 2.32232903806031236722e-07	 1.39353089139838862048e-07	 1.39348415586493429281e-07	 1.39352569714456292114e-07	 
 1.44000000000000016875e+00	 5.20433736415725340793e-08	 4.98063085804510869348e-08	 5.17124333369112152084e-08	 3.64760228273599713673e-05	 3.71993716571722627447e-05	 2.86230336529447940001e-05	 2.16353723576352569035e-05	 2.35153764962020034475e-05	 2.27999152268656041275e-05	 3.71513276387187515483e-05	 2.13954817341480548852e-07	 1.21999622084811277377e-07	 1.21995560852096557891e-07	 1.21999233685847213827e-07	 
 1.45999999999999996447e+00	 4.55748733773525281858e-08	 4.35273976886093186182e-08	 4.52621063828340363276e-08	 3.30998789991614989305e-05	 3.38069603617997292764e-05	 2.60031376385161967638e-05	 1.88772919534383730206e-05	 2.10777455200922763734e-05	 2.03728899748789360783e-05	 3.37682626762238975227e-05	 1.97116338863705796429e-07	 1.06512655720731813007e-07	 1.06509149792352644893e-07	 1.06512375649735433815e-07	 
 1.47999999999999998224e+00	 3.98077715304297576900e-08	 3.79403854536962455267e-08	 3.95116001433184328513e-08	 2.99924564866711155370e-05	 3.06810390070711393119e-05	 2.35446978265272420310e-05	 1.64014743897465483280e-05	 1.88583841525521535081e-05	 1.81629111155669546957e-05	 3.06508270936814325208e-05	 1.81591436242864404742e-07	 9.27468261358410898457e-08	 9.27438156443186702520e-08	 9.27466287179466121852e-08	 
 1.50000000000000000000e+00	 3.46764088562042328612e-08	 3.29762471332416107821e-08	 3.43901651626810636990e-08	 2.71349204397473339333e-05	 2.78027485039481492821e-05	 2.12277157171775866058e-05	 1.41877962630541631239e-05	 1.68398734781805959444e-05	 1.61530480777692126294e-05	 2.77797159493554882018e-05	 1.67263316840543154626e-07	 8.05292942095706158132e-08	 8.05267208068073596571e-08	 8.05291535685332706112e-08	 
 1.52000000000000001776e+00	 3.01197020985686933672e-08	 2.85757171565279693538e-08	 2.98409086522016972016e-08	 2.45108528870625230105e-05	 2.51563719953699267977e-05	 1.90449949675247003165e-05	 1.22196652824093703141e-05	 1.50070216804018573465e-05	 1.43297971492020090312e-05	 2.51391291437218337989e-05	 1.54001207270797902507e-07	 6.97112226489207480112e-08	 6.97090285424258188644e-08	 6.97111174643418823410e-08	 
 1.54000000000000003553e+00	 2.60877940747479301358e-08	 2.46915913835557676726e-08	 2.58193564812136965655e-08	 2.21070775460427719136e-05	 2.27295002826295680263e-05	 1.69924397485404950203e-05	 1.04831609371618137083e-05	 1.33476397038429532495e-05	 1.26824732321280802822e-05	 2.27166886139888362175e-05	 1.41696613833665841478e-07	 6.01740169089967410552e-08	 6.01721449747373359671e-08	 6.01739306648722825041e-08	 
 1.56000000000000027534e+00	 2.25225899843593985692e-08	 2.12673638867380610440e-08	 2.22699326145064866849e-08	 1.99063802106766959998e-05	 2.05055758669149151591e-05	 1.50595013113550115961e-05	 8.95626289616711472325e-06	 1.18463102435660547272e-05	 1.11960660673317380056e-05	 2.04959202702001045239e-05	 1.30250670228411500286e-07	 5.17763808383323921516e-08	 5.17747778545590637407e-08	 5.17763006907638946183e-08	 
 1.58000000000000007105e+00	 1.93795155300337847806e-08	 1.82560489841008480269e-08	 1.91429416619832466039e-08	 1.78947882892789367833e-05	 1.84704115178102704119e-05	 1.32547634727376371352e-05	 7.61956384261722505886e-06	 1.04906580659402997652e-05	 9.85819509956396556856e-06	 1.84631183201225689038e-05	 1.19606227463516011750e-07	 4.44002818722004475580e-08	 4.43989047663920575143e-08	 4.44002011270034998107e-08	 
 1.60000000000000008882e+00	 1.66249620459887765025e-08	 1.56213319040576017874e-08	 1.63991263741353798407e-08	 1.60615819493186166769e-05	 1.66129475840257273891e-05	 1.15876236059149495278e-05	 6.45743175646879694675e-06	 9.27120808734436089064e-06	 8.65920213171224145406e-06	 1.66076886973179941806e-05	 1.09726054387623700630e-07	 3.79544513039619934849e-08	 3.79532663596359233850e-08	 3.79543684378738161854e-08	 
 1.61999999999999988454e+00	 1.42152157101903203705e-08	 1.33186106762656206549e-08	 1.39920163635659836379e-08	 1.43920246089570031561e-05	 1.49184404028126679618e-05	 1.00537167310542827466e-05	 5.44923949020682782304e-06	 8.17521584046617893842e-06	 7.58578708557211561390e-06	 1.49151769210525122008e-05	 1.00556593560155048594e-07	 3.23276809485690371697e-08	 3.23266615531216698157e-08	 3.23275971069408185664e-08	 
 1.64000000000000012434e+00	 1.21108078358210663502e-08	 1.13113594590019889971e-08	 1.18874963805262197898e-08	 1.28738751220112899570e-05	 1.33749383269893632327e-05	 8.65947515335576974811e-06	 4.57796686246802922942e-06	 7.19200219029260036119e-06	 6.62754377883082227801e-06	 1.33734973907427022102e-05	 9.20200029616130065655e-08	 2.74287571488334716676e-08	 2.74278814851904257649e-08	 2.74286742729080787118e-08	 
 1.66000000000000014211e+00	 1.02812570729209096744e-08	 9.57207546389395059930e-09	 1.00607659958296164895e-08	 1.14978975854610269947e-05	 1.19735161496189784682e-05	 7.41040606778735217857e-06	 3.83067697373417578491e-06	 6.31345521090146300381e-06	 5.77670291609622388432e-06	 1.19735354870725207245e-05	 8.40475157679560955323e-08	 2.31890430029931039440e-08	 2.31882923906730583153e-08	 2.31889631614386347305e-08	 
 1.67999999999999993783e+00	 8.69033461478356663983e-09	 8.06613209651934473776e-09	 8.47793953589713929324e-09	 1.02512526007768185835e-05	 1.07016582659514976014e-05	 6.29782338136756156141e-06	 3.19080234959271041362e-06	 5.52868463097258402755e-06	 5.02214390088575014456e-06	 1.07027095387305588360e-05	 7.65694424373736324238e-08	 1.95227270340716400855e-08	 1.95220857005371283061e-08	 1.95226521277650539074e-08	 
 1.70000000000000017764e+00	 7.31315898580057220869e-09	 6.76594246749364227541e-09	 7.11373645099835859825e-09	 9.12331154323190704524e-06	 9.54873052255808557219e-06	 5.31703003743077775743e-06	 2.64479988285740260357e-06	 4.82862050926557234644e-06	 4.35432200082622658109e-06	 9.55076348595691736220e-06	 6.95749559967844496962e-08	 1.63611000247876438103e-08	 1.63605545458403067341e-08	 1.63610317087687748222e-08	 
 1.71999999999999997335e+00	 6.13247209179518378647e-09	 5.65139602499968372767e-09	 5.94990423503688961286e-09	 8.10629659735894550238e-06	 8.50690334685351347982e-06	 4.46403568212723917416e-06	 2.18273117979461939538e-06	 4.20657190805764127353e-06	 3.76613895518052156197e-06	 8.51024167029431094120e-06	 6.30645513625618271644e-08	 1.36540576595521960718e-08	 1.36535962884433750202e-08	 1.36539974068685043465e-08	 
 1.73999999999999999112e+00	 5.12276659901319900013e-09	 4.69628130647831543782e-09	 4.95981076010179877366e-09	 7.18924395583489752622e-06	 7.56532125075137329933e-06	 3.72524677986488617637e-06	 1.79205824446895524214e-06	 3.65351482726093987157e-06	 3.24810041843241530476e-06	 7.57047165177809500695e-06	 5.70078850498778491719e-08	 1.13369252806002094088e-08	 1.13365380777618225037e-08	 1.13368743735989728746e-08	 
 1.76000000000000023093e+00	 4.26136749694250116122e-09	 3.88076571374660679005e-09	 4.11779169682542290692e-09	 6.36337757171040905923e-06	 6.71559483701908485062e-06	 3.08952630010784415874e-06	 1.46302226273129148719e-06	 3.16284971366633185520e-06	 2.79250371122936801187e-06	 6.72239941812136500792e-06	 5.14067977141205240044e-08	 9.36055647073730245280e-09	 9.36023436291881766690e-09	 9.36051544414144083868e-09	 
 1.78000000000000002665e+00	 3.53179084961817810665e-09	 3.19096152890330399087e-09	 3.40485004757439697403e-09	 5.62253108988907243155e-06	 5.95190237637650770239e-06	 2.54852340062117796953e-06	 1.18877938828914436947e-06	 2.73000769723391490748e-06	 2.39389770413428288421e-06	 5.95955548223063664781e-06	 4.62654375766614545974e-08	 7.69053664768912161614e-09	 7.69027109074007710165e-09	 7.69050545275500231541e-09	 
 1.80000000000000004441e+00	 2.91348948034561322011e-09	 2.60754449099585702660e-09	 2.79935430683651249960e-09	 4.95758851914740421302e-06	 5.26534777268645697436e-06	 2.08857467865456297029e-06	 9.60390620633584467638e-07	 2.34793560427626994149e-06	 2.04480969258740411285e-06	 5.27278056625394615396e-06	 4.15532619626121103578e-08	 6.27946848682790888954e-09	 6.27925210367189325597e-09	 6.27944693729145155375e-09	 
 1.81999999999999984013e+00	 2.39136844717529246920e-09	 2.11625366767164210492e-09	 2.28595409702388730266e-09	 4.36141732540226476604e-06	 4.64827553439417737879e-06	 1.69953722711116654604e-06	 7.70978823720798519781e-07	 2.01139954756537423912e-06	 1.73972828816083436302e-06	 4.65500584391633763254e-06	 3.72320740945329756636e-08	 5.09232002245338144049e-09	 5.09214582823984886049e-09	 5.09230734882990065153e-09	 
 1.84000000000000007994e+00	 1.95538324576013493961e-09	 1.70745063442369558302e-09	 1.85450724110049985202e-09	 3.82917653013634255211e-06	 4.09533599935883304232e-06	 1.37446480098865720867e-06	 6.15892688229276944019e-07	 1.71684589392058415548e-06	 1.47496817221596462040e-06	 4.10144448048827702956e-06	 3.32708456467951005010e-08	 4.10542714283830900908e-09	 4.10528839288781951571e-09	 4.10542215290728170836e-09	 
 1.86000000000000009770e+00	 1.59130940290286336005e-09	 1.36706344047309794102e-09	 1.49087884098225746338e-09	 3.35329996518125776736e-06	 3.59878889582701524469e-06	 1.10267156269459879527e-06	 4.88941822971078567781e-07	 1.45854771973751844798e-06	 1.24486067561469255569e-06	 3.60459988854744013483e-06	 2.96253168945430951431e-08	 3.28448011729919443152e-09	 3.28437110407863511671e-09	 3.28448171720552087309e-09	 
 1.87999999999999989342e+00	 1.28704880579715350979e-09	 1.08517459905287499842e-09	 1.18657216065523506878e-09	 2.92819182833700452978e-06	 3.15344645499624448329e-06	 8.76799416849389725904e-07	 3.85348121393486567742e-07	 1.23291233188602974073e-06	 1.04551263835972206492e-06	 3.15903172326277390810e-06	 2.63014437823916219250e-08	 2.60522729423851174959e-09	 2.60514324466854815145e-09	 2.60523376689398741341e-09	 
 1.89999999999999991118e+00	 1.03445394640898365547e-09	 8.55383260637412912642e-10	 9.36311103505660696940e-10	 2.55018502197652431195e-06	 2.75600327573815499191e-06	 6.92101208696107714849e-07	 3.02002820808094303334e-07	 1.03769273755566298243e-06	 8.74449645654425947842e-07	 2.76117590350750939269e-06	 2.33103999539779703507e-08	 2.05201423743549907818e-09	 2.05195104919479349799e-09	 2.05202338537130462276e-09	 
 1.92000000000000015099e+00	 8.23254030182944525114e-10	 6.67768081363362279432e-10	 7.30273630970376372520e-10	 2.21298960247385479902e-06	 2.40029871132005203705e-06	 5.40848022992404871441e-07	 2.34822349843675102213e-07	 8.68418098501038754652e-07	 7.27335512733542892489e-07	 2.40478045977878389134e-06	 2.06269482679269999191e-08	 1.60074921121006646596e-09	 1.60070370178436486418e-09	 1.60075909000464280067e-09	 
 1.93999999999999994671e+00	 6.47611244610266889498e-10	 5.15679165391957904046e-10	 5.62884289006830508426e-10	 1.91253690483795692727e-06	 2.08240331132589889649e-06	 4.17930462618030250437e-07	 1.80920986526553622530e-07	 7.22255015304210009610e-07	 6.01285000032790207673e-07	 2.08621851691314203514e-06	 1.82102191861336530942e-08	 1.23523993209906289541e-09	 1.23520851909784140140e-09	 1.23524929450778608572e-09	 
 1.95999999999999996447e+00	 5.04087621164347608680e-10	 3.95038131106185537593e-10	 4.30833850105243313340e-10	 1.64626432972576546955e-06	 1.79983870647234360145e-06	 3.20210103357098803464e-07	 1.38536020204354623213e-07	 5.97478938358037054392e-07	 4.94541520283939778715e-07	 1.80328137624511264736e-06	 1.60292363143878786767e-08	 9.45553425689998666765e-10	 9.45532150503121237977e-10	 9.45561538455503068369e-10	 
 1.97999999999999998224e+00	 3.86061263907848113779e-10	 2.99102043610472943570e-10	 3.26932601931225636840e-10	 1.40891911901495222235e-06	 1.54731485540565316970e-06	 2.42314429729128796145e-07	 1.05131123310804366602e-07	 4.90489421235212642790e-07	 4.03769051302800799249e-07	 1.55077685358869492581e-06	 1.40451075607600032002e-08	 7.15381179045748055384e-10	 7.15366769199531495848e-10	 7.15387624524321222842e-10	 
 2.00000000000000000000e+00	 2.90500362258280652283e-10	 2.23434758009165850510e-10	 2.45734190510510738202e-10	 1.19845049245400672090e-06	 1.32268529382735189103e-06	 1.80779840877223911452e-07	 7.89144106001321003637e-08	 3.99326628653370365144e-07	 3.26960531001417329039e-07	 1.32632566927751780318e-06	 1.22524443079127043335e-08	 5.33982626587386747601e-10	 5.33972902703768729333e-10	 5.33987573597522184557e-10	 
 2.02000000000000001776e+00	 2.15751848835759857081e-10	 1.65446265157972798526e-10	 1.83985337910083179473e-10	 1.01376593033817855030e-06	 1.12478166778359769964e-06	 1.33585171215188719915e-07	 5.88371935052276092664e-08	 3.22899768991789731535e-07	 2.62973493256696666572e-07	 1.12856996729660286658e-06	 1.06510578589374598330e-08	 3.95087091834622740660e-10	 3.95080607833944095841e-10	 3.95091092185546808622e-10	 
 2.04000000000000003553e+00	 1.57049459475319687985e-10	 1.20800457822905004318e-10	 1.36936789077614946978e-10	 8.50530544624269841403e-07	 9.49168077143637393096e-07	 9.72174686799453817093e-08	 4.33797114938171104819e-08	 2.58414491549983556374e-07	 2.09301039119671923444e-07	 9.53019206663187011915e-07	 9.21501836051237720333e-09	 2.88245159073875775388e-10	 2.88240983416050221892e-10	 2.88248758995860349516e-10	 
 2.06000000000000005329e+00	 1.11883148816946928262e-10	 8.67203769332577334882e-11	 1.00894178743977508215e-10	 7.07609969727592581338e-07	 7.94751201368274899096e-07	 6.94940572065613936335e-08	 3.15237952304627582397e-08	 2.04539351310688672875e-07	 1.64708383870498652949e-07	 7.98447700529990395364e-07	 7.93274494144936739372e-09	 2.06757992835760177854e-10	 2.06755430853826094162e-10	 2.06761299245788187632e-10	 
 2.08000000000000007105e+00	 7.88944191449261501561e-11	 6.16753477920717033150e-11	 7.37561658085967483002e-11	 5.84524434182502022833e-07	 6.61087859239613247657e-07	 4.92162640959117179849e-08	 2.27081413292863371592e-08	 1.60604789521915579803e-07	 1.28570759273846353625e-07	 6.64302405686081945312e-07	 6.79783994140413113886e-09	 1.46932914460795893588e-10	 1.46931383415422311427e-10	 1.46935739794103793572e-10	 
 2.10000000000000053291e+00	 5.47507421635374975948e-11	 4.31214243667361372582e-11	 5.29598012676814158328e-11	 4.77481853850292445637e-07	 5.44300096441060909240e-07	 3.42863048425477996602e-08	 1.60858123661346291595e-08	 1.24470916923211692161e-07	 9.90381180040930164522e-08	 5.46682869087418035653e-07	 5.78462024352102338029e-09	 1.02658753012063506611e-10	 1.02657855617711578794e-10	 1.02660927691112487100e-10	 
 2.12000000000000010658e+00	 3.73210956872199845321e-11	 2.95144654292290111010e-11	 3.71736640661614609347e-11	 3.85689383979155521892e-07	 4.43550207176790686296e-07	 2.33981470723831039092e-08	 1.11638214823280348980e-08	 9.51231649487368121403e-08	 7.52171162242862925664e-08	 4.45124148724446385430e-07	 4.89233036466254595360e-09	 7.02179308802805137984e-11	 7.02174179060074928034e-11	 7.02194769357855613949e-11	 
 2.14000000000000012434e+00	 2.55064209476210007117e-11	 2.00589886654213114925e-11	 2.57380138519239464809e-11	 3.08898526809927947613e-07	 3.58556073455421979441e-07	 1.58761488812950463717e-08	 7.69195222509732977422e-09	 7.20838879160958969150e-08	 5.66875284845748894965e-08	 3.59605578348663035842e-07	 4.12337087480708521638e-09	 4.76947448560740546511e-11	 4.76944464715953579031e-11	 4.76958028516854899712e-11	 
 2.15999999999999969802e+00	 1.75293499070314093821e-11	 1.34180471105762304429e-11	 1.73046645160571675179e-11	 2.43755501354083057575e-07	 2.85835539879896966633e-07	 1.06303075567028689951e-08	 5.21788531036610895476e-09	 5.37725500046323933866e-08	 4.21133220292968295328e-08	 2.86669601761436185570e-07	 3.45695325843206941366e-09	 3.18901782284229714381e-11	 3.18899925131854251061e-11	 3.18908657612266469089e-11	 
 2.18000000000000015987e+00	 1.21374541622199021504e-11	 8.74392978489727878839e-12	 1.12226078623904587055e-11	 1.88913376457115047633e-07	 2.24015477269154586634e-07	 6.96381538680657369267e-09	 3.45320902691691497880e-09	 3.92860138081978425804e-08	 3.06541623927813634256e-08	 2.24783271206633620198e-07	 2.87977779249987674559e-09	 2.07749933134569490221e-11	 2.07748776518700706672e-11	 2.07753984262999858315e-11	 
 2.20000000000000017764e+00	 8.68712859092476518133e-12	 5.63866442726010366620e-12	 7.20429221027094762914e-12	 1.44172087297405391065e-07	 1.72932746632298139922e-07	 4.54546837652415919085e-09	 2.26385374455199714891e-09	 2.82796500531240999386e-08	 2.19720509888803958402e-08	 1.73679606039804570570e-07	 2.38468624598373869348e-09	 1.33956502869989583063e-11	 1.33955879671297499923e-11	 1.33958525936344174617e-11	 
 2.21999999999999975131e+00	 6.37594018841248371343e-12	 3.58218968654569845649e-12	 4.56796908636630721854e-12	 1.08165188207163304567e-07	 1.31278497819456144173e-07	 2.94721681771477912298e-09	 1.46788075390193743861e-09	 2.00038442647468295229e-08	 1.54687749991111568679e-08	 1.32009938856194709353e-07	 1.95052461992555116619e-09	 8.50981106384237547006e-12	 8.50978043754625382094e-12	 8.50989205828429034683e-12	 
 2.24000000000000021316e+00	 4.51752266693823378262e-12	 2.20258174047143216879e-12	 2.81534073738615928750e-12	 7.93464446707929299309e-08	 9.75161155474346986219e-08	 1.87817610586012529368e-09	 9.31990781503765720410e-10	 1.38029335137854032100e-08	 1.06192093511616233588e-08	 9.81950241099514621013e-08	 1.56098078660745615806e-09	 5.23260473431492009645e-12	 5.23259221232402710582e-12	 5.23262516249476360356e-12	 
 2.25999999999999978684e+00	 2.88641332454466041547e-12	 1.32631870286817749011e-12	 1.71232623248984547066e-12	 5.71712511883378090589e-08	 7.11365148508625098574e-08	 1.20417772052793628972e-09	 5.93609755289086931982e-10	 9.39492068480606886027e-09	 7.19382779597801241002e-09	 7.17014581122587406459e-08	 1.21275176969457576013e-09	 3.15147668876073263208e-12	 3.15147345059063732273e-12	 3.15148095771562203906e-12	 
 2.27999999999999980460e+00	 1.76185907749810241183e-12	 7.59525203467466963997e-13	 1.00386778269863051599e-12	 4.04339126534402468872e-08	 5.08820653021445430772e-08	 7.71866149624169823006e-10	 3.77345970993155624936e-10	 6.30196227225182799208e-09	 4.80006299726963746934e-09	 5.12846278502642547245e-08	 9.12961622617129456272e-10	 1.80517052192950957636e-12	 1.80517007678019578721e-12	 1.80517108858979096200e-12	 
 2.30000000000000026645e+00	 1.01678018209192076396e-12	 3.87002526445509490558e-13	 5.40084221410647310378e-13	 2.78400636319872995169e-08	 3.54311650178986840599e-08	 4.87957528628610745129e-10	 2.36374724828361768537e-10	 4.12573678025728790204e-09	 3.12643634864685316747e-09	 3.56682684870828998124e-08	 6.63013233159202817625e-10	 9.20025263694482691607e-13	 9.20025212206640205476e-13	 9.20025327789202332312e-13	 
 2.32000000000000028422e+00	 5.67579845462677560811e-13	 1.65685559505159282785e-13	 2.63326478087515032540e-13	 1.88846493066629256778e-08	 2.42871568128962897534e-08	 3.12695922639363181335e-10	 1.50522863127764268025e-10	 2.69399737949654966711e-09	 2.03816845019308766003e-09	 2.43874118977968632102e-08	 4.66172743552515281634e-10	 3.93871120259657433962e-13	 3.93871115151746368536e-13	 3.93871126525579048774e-13	 
 2.33999999999999985789e+00	 3.09488081008504892832e-13	 5.24952704450271863910e-14	 1.14927502767314025511e-13	 1.25722224024497265870e-08	 1.62920140581832613214e-08	 2.00258326541800940749e-10	 9.60611331705469132247e-11	 1.74118080689212534524e-09	 1.32022998074839891108e-09	 1.63068501906040424514e-08	 3.15615518517090300335e-10	 1.24782488465511395128e-13	 1.24782488026203238842e-13	 1.24782488999136518547e-13	 
 2.36000000000000031974e+00	 1.64066022046866717045e-13	 5.12152870768033523457e-15	 4.37341415234358734616e-14	 7.97919858683795035877e-09	 1.03908245217490520812e-08	 1.23832176121232847157e-10	 5.93137055105918635015e-11	 1.08026758503716432393e-09	 8.22636695419599076171e-10	 1.03675904221064571830e-08	 2.00923484878913454912e-10	 1.21739401778528065378e-14	 1.21739401449483327084e-14	 1.21739402175557830449e-14	 
 2.38000000000000033751e+00	 9.16817281905874300433e-14	 3.98110723061044622979e-16	 2.25737450474822223713e-14	 4.62771993801135974723e-09	 6.03394494363159796083e-09	 7.11154995607828459499e-11	 3.40554165174377398681e-11	 6.20705437606471186756e-10	 4.73608526583522228647e-10	 6.01378453987056551681e-09	 1.15914643690119811303e-10	 9.46311865080230553595e-16	 9.46311862934446455430e-16	 9.46311867657608538832e-16	 
 2.39999999999999991118e+00	 3.44183950954550270294e-14	 2.53286100689044801034e-17	 8.38047484865042563072e-15	 1.75017428727805222945e-09	 2.28285012619122059710e-09	 2.67941461749619451471e-11	 1.28306639988975569283e-11	 2.33878101341615647627e-10	 1.78598049396765466091e-10	 2.27429377214489799542e-09	 4.36986532314874245117e-11	 6.02061770069758567584e-17	 6.02061768856812202692e-17	 6.02061771522158606616e-17	 
 2.41999999999999948486e+00	 2.34648788526374260725e-15	 1.33310704213141784931e-18	 5.71044185608428144388e-16	 1.19354650246043208481e-10	 1.55683064294251831946e-10	 1.82700791721818400474e-12	 8.74881117172451606339e-13	 1.59474555089388806520e-11	 1.21784168039678520041e-11	 1.55097318255716839836e-10	 2.97975390017453099991e-12	 3.16879578501727153463e-18	 3.16879577912424368325e-18	 3.16879579205881769352e-18	 
 2.44000000000000039080e+00	 1.20391215133902406763e-16	 5.80080383922351634717e-20	 2.92906888117740856574e-17	 6.12469757670410329291e-12	 7.98895314065780722079e-12	 9.37463471489019634414e-14	 4.48913497205774857211e-14	 8.18287665139025639978e-13	 6.24902350921902624000e-13	 7.95883294522486808928e-12	 1.52897502817396887156e-13	 1.37885025498121982340e-19	 1.37885025255213658844e-19	 1.37885025787959296346e-19	 
 2.45999999999999996447e+00	 4.77215148562279016327e-18	 2.06520662848042147689e-21	 1.16086760700541805014e-18	 2.42797344798241820981e-13	 3.16702168882337582251e-13	 3.71616565268682611535e-15	 1.77952134330002005984e-15	 3.24374794676763940119e-14	 2.47717814190448970345e-14	 3.15506666694184588634e-13	 6.06100367894115362536e-15	 4.90899096303117364992e-21	 4.90899095469303975931e-21	 4.90899097297076944680e-21	 
 2.47999999999999953815e+00	 1.46098818554866694862e-19	 5.89074234021649067922e-23	 3.55365465079590417276e-20	 7.43362665760935847542e-15	 9.69636620602052027910e-15	 1.13773304162329454689e-16	 5.44814181097317607092e-17	 9.93099212116044682337e-16	 7.58412091493027583682e-16	 9.65973619030289907225e-15	 1.85563231002954882519e-16	 1.40022754168802611199e-22	 1.40022753936702826792e-22	 1.40022754445308457951e-22	 
 2.50000000000000044409e+00	 3.37676061119886998564e-21	 1.29937219457558257709e-24	 8.21303948915646987271e-22	 1.71818374199831953135e-16	 2.24118962207555477741e-16	 2.62967406876075567673e-18	 1.25924400471851902640e-18	 2.29537862878003237838e-17	 1.75294591286490255109e-17	 2.23271900067500688184e-16	 4.28898737302268611054e-18	 3.08860285956170206971e-24	 3.08860285452410082545e-24	 3.08860286556071589893e-24	 
 2.52000000000000001776e+00	 5.59652712408894708817e-23	 2.08829267349275051706e-26	 1.36115157898279588285e-23	 2.84772269721609804443e-18	 3.71455817685291823105e-18	 4.35838228187129188983e-20	 2.08705189306612899133e-20	 3.80432683857571648473e-19	 2.90531357746039104246e-19	 3.70051459899849866263e-18	 7.10851656938201614682e-20	 4.96386323394538059493e-26	 4.96386322593398997953e-26	 4.96386324348335840268e-26	 
 2.54000000000000003553e+00	 5.98640768553428185702e-25	 2.18928467605614875325e-28	 1.45594215768182336229e-25	 3.04615237008482254652e-20	 3.97339182306439828542e-20	 4.66204241954111033055e-22	 2.23246224085651354077e-22	 4.06938499454083580660e-21	 3.10773961150148462686e-21	 3.95836669145812983957e-20	 7.60379501068304734419e-22	 5.20392036718082946218e-28	 5.20392035883832707745e-28	 5.20392037711155590332e-28	 
 2.56000000000000049738e+00	 3.18036719862032691011e-27	 1.14805229330312950303e-30	 7.73479317237425886972e-28	 1.61832816888806839542e-22	 2.11094325103253821250e-22	 2.47679035388877122175e-24	 1.18603398165113098256e-24	 2.16193106912385998600e-23	 1.65104194027606847076e-23	 2.10295983323388424558e-22	 4.03965017318708274344e-24	 2.72891527105415231586e-30	 2.72891526669761908636e-30	 2.72891527623966148699e-30	 
 2.58000000000000007105e+00	 1.03031527291462332418e-30	 3.68854399147731165305e-34	 2.50574890396047268703e-31	 5.24278435508582464793e-26	 6.83867685579427018943e-26	 8.02386128461006747376e-28	 3.84230013860185295095e-28	 7.00383700232692331787e-27	 5.34875320240716145115e-27	 6.81281143003219283705e-26	 1.30869405684464682202e-27	 8.76765261062269557030e-34	 8.76765259666046523215e-34	 8.76765262724111177978e-34	 
 2.60000000000000008882e+00	 0.00000000000000000000e+00	 0.00000000000000000000e+00	 0.00000000000000000000e+00	 0.00000000000000000000e+00	 0.00000000000000000000e+00	 0.00000000000000000000e+00	 0.00000000000000000000e+00	 0.00000000000000000000e+00	 0.00000000000000000000e+00	 0.00000000000000000000e+00	 0.00000000000000000000e+00	 0.00000000000000000000e+00	 0.00000000000000000000e+00	 0.00000000000000000000e+00	 
 2.62000000000000055067e+00	 3.86677022502951942367e-35	 1.37289360942111447834e-38	 9.40398192773604810920e-36	 1.96762689909478749982e-30	 2.56656911066572400939e-30	 3.01136168760790928201e-32	 1.44201834327240122148e-32	 2.62854588004544409392e-31	 2.00739279046207154379e-31	 2.55686096996293144733e-30	 4.91154180330362536871e-32	 3.26336188272530026740e-38	 3.26336187753912139245e-38	 3.26336188889810465589e-38	 
 2.64000000000000012434e+00	 0.00000000000000000000e+00	 0.00000000000000000000e+00	 0.00000000000000000000e+00	 0.00000000000000000000e+00	 0.00000000000000000000e+00	 0.00000000000000000000e+00	 0.00000000000000000000e+00	 0.00000000000000000000e+00	 0.00000000000000000000e+00	 0.00000000000000000000e+00	 0.00000000000000000000e+00	 0.00000000000000000000e+00	 0.00000000000000000000e+00	 0.00000000000000000000e+00	 
 2.66000000000000014211e+00	 8.14432675318161918148e-39	 2.88374523937668746230e-42	 1.98069360552374884899e-39	 4.14429275514263600064e-34	 5.40580880392549525521e-34	 6.34264149686858585918e-36	 3.03723240905374850798e-36	 5.53634076155317791535e-35	 4.22804600931121856466e-35	 5.38536055733436699941e-34	 1.03448728227451740066e-35	 6.85464930473519288453e-42	 6.85464929384370778805e-42	 6.85464931769919624634e-42	 
 2.67999999999999971578e+00	 0.00000000000000000000e+00	 0.00000000000000000000e+00	 0.00000000000000000000e+00	 0.00000000000000000000e+00	 0.00000000000000000000e+00	 0.00000000000000000000e+00	 0.00000000000000000000e+00	 0.00000000000000000000e+00	 0.00000000000000000000e+00	 0.00000000000000000000e+00	 0.00000000000000000000e+00	 0.00000000000000000000e+00	 0.00000000000000000000e+00	 0.00000000000000000000e+00	 
 2.70000000000000017764e+00	 3.81833933062351898158e-42	 1.35130593133532029596e-45	 9.28616478022935830427e-43	 1.94298719855947539843e-37	 2.53442943376209804239e-37	 2.97364811199931076546e-39	 1.42395883654430172676e-39	 2.59562665022645495145e-38	 1.98225324952402654091e-38	 2.52484252690416058688e-37	 4.85003171384443544697e-39	 3.21204805172794066355e-45	 3.21204804662194542663e-45	 3.21204805780582402370e-45	 
 2.72000000000000019540e+00	 0.00000000000000000000e+00	 0.00000000000000000000e+00	 0.00000000000000000000e+00	 0.00000000000000000000e+00	 0.00000000000000000000e+00	 0.00000000000000000000e+00	 0.00000000000000000000e+00	 0.00000000000000000000e+00	 0.00000000000000000000e+00	 0.00000000000000000000e+00	 0.00000000000000000000e+00	 0.00000000000000000000e+00	 0.00000000000000000000e+00	 0.00000000000000000000e+00	 
 2.73999999999999976907e+00	 2.94435177887505009589e-45	 0.00000000000000000000e+00	 7.16063752566962346071e-46	 1.49825265496798752123e-40	 1.95431838797689582977e-40	 2.29300345430436355240e-42	 1.09802586275382017855e-42	 2.00150812723866501242e-41	 1.52853106071463180482e-41	 1.94692585757941330901e-40	 3.73989755219800552712e-42	 0.00000000000000000000e+00	 0.00000000000000000000e+00	 0.00000000000000000000e+00	 
 2.76000000000000023093e+00	 0.00000000000000000000e+00	 0.00000000000000000000e+00	 0.00000000000000000000e+00	 0.00000000000000000000e+00	 0.00000000000000000000e+00	 0.00000000000000000000e+00	 0.00000000000000000000e+00	 0.00000000000000000000e+00	 0.00000000000000000000e+00	 0.00000000000000000000e+00	 0.00000000000000000000e+00	 0.00000000000000000000e+00	 0.00000000000000000000e+00	 0.00000000000000000000e+00	 
 2.77999999999999980460e+00	 0.00000000000000000000e+00	 0.00000000000000000000e+00	 0.00000000000000000000e+00	 1.62582713776661494088e-43	 2.12072631500548691181e-43	 2.48825034166264368958e-45	 1.19152163802754845516e-45	 2.17193448043178352336e-44	 1.65868386311770823272e-44	 2.11270434619891705000e-43	 4.05834587610874366934e-45	 0.00000000000000000000e+00	 0.00000000000000000000e+00	 0.00000000000000000000e+00	 
 2.79999999999999982236e+00	 0.00000000000000000000e+00	 0.00000000000000000000e+00	 0.00000000000000000000e+00	 0.00000000000000000000e+00	 0.00000000000000000000e+00	 0.00000000000000000000e+00	 0.00000000000000000000e+00	 0.00000000000000000000e+00	 0.00000000000000000000e+00	 0.00000000000000000000e+00	 0.00000000000000000000e+00	 0.00000000000000000000e+00	 0.00000000000000000000e+00	 0.00000000000000000000e+00	 
 2.82000000000000028422e+00	 0.00000000000000000000e+00	 0.00000000000000000000e+00	 0.00000000000000000000e+00	 2.25446740965754868230e-46	 2.94072364274909347312e-46	 0.00000000000000000000e+00	 0.00000000000000000000e+00	 0.00000000000000000000e+00	 0.00000000000000000000e+00	 2.92959994760786082450e-46	 0.00000000000000000000e+00	 0.00000000000000000000e+00	 0.00000000000000000000e+00	 0.00000000000000000000e+00	 
 2.83999999999999985789e+00	 0.00000000000000000000e+00	 0.00000000000000000000e+00	 0.00000000000000000000e+00	 0.00000000000000000000e+00	 0.00000000000000000000e+00	 0.00000000000000000000e+00	 0.00000000000000000000e+00	 0.00000000000000000000e+00	 0.00000000000000000000e+00	 0.00000000000000000000e+00	 0.00000000000000000000e+00	 0.00000000000000000000e+00	 0.00000000000000000000e+00	 0.00000000000000000000e+00	 
 2.85999999999999987566e+00	 0.00000000000000000000e+00	 0.00000000000000000000e+00	 0.00000000000000000000e+00	 0.00000000000000000000e+00	 0.00000000000000000000e+00	 0.00000000000000000000e+00	 0.00000000000000000000e+00	 0.00000000000000000000e+00	 0.00000000000000000000e+00	 0.00000000000000000000e+00	 0.00000000000000000000e+00	 0.00000000000000000000e+00	 0.00000000000000000000e+00	 0.00000000000000000000e+00	 
 2.87999999999999989342e+00	 0.00000000000000000000e+00	 0.00000000000000000000e+00	 0.00000000000000000000e+00	 0.00000000000000000000e+00	 0.00000000000000000000e+00	 0.00000000000000000000e+00	 0.00000000000000000000e+00	 0.00000000000000000000e+00	 0.00000000000000000000e+00	 0.00000000000000000000e+00	 0.00000000000000000000e+00	 0.00000000000000000000e+00	 0.00000000000000000000e+00	 0.00000000000000000000e+00	 
 2.90000000000000035527e+00	 0.00000000000000000000e+00	 0.00000000000000000000e+00	 0.00000000000000000000e+00	 0.00000000000000000000e+00	 0.00000000000000000000e+00	 0.00000000000000000000e+00	 0.00000000000000000000e+00	 0.00000000000000000000e+00	 0.00000000000000000000e+00	 0.00000000000000000000e+00	 0.00000000000000000000e+00	 0.00000000000000000000e+00	 0.00000000000000000000e+00	 0.00000000000000000000e+00	 
 2.91999999999999992895e+00	 0.00000000000000000000e+00	 0.00000000000000000000e+00	 0.00000000000000000000e+00	 0.00000000000000000000e+00	 0.00000000000000000000e+00	 0.00000000000000000000e+00	 0.00000000000000000000e+00	 0.00000000000000000000e+00	 0.00000000000000000000e+00	 0.00000000000000000000e+00	 0.00000000000000000000e+00	 0.00000000000000000000e+00	 0.00000000000000000000e+00	 0.00000000000000000000e+00	 
 2.93999999999999994671e+00	 0.00000000000000000000e+00	 0.00000000000000000000e+00	 0.00000000000000000000e+00	 0.00000000000000000000e+00	 0.00000000000000000000e+00	 0.00000000000000000000e+00	 0.00000000000000000000e+00	 0.00000000000000000000e+00	 0.00000000000000000000e+00	 0.00000000000000000000e+00	 0.00000000000000000000e+00	 0.00000000000000000000e+00	 0.00000000000000000000e+00	 0.00000000000000000000e+00	 
 2.96000000000000040856e+00	 0.00000000000000000000e+00	 0.00000000000000000000e+00	 0.00000000000000000000e+00	 0.00000000000000000000e+00	 0.00000000000000000000e+00	 0.00000000000000000000e+00	 0.00000000000000000000e+00	 0.00000000000000000000e+00	 0.00000000000000000000e+00	 0.00000000000000000000e+00	 0.00000000000000000000e+00	 0.00000000000000000000e+00	 0.00000000000000000000e+00	 0.00000000000000000000e+00	 
 2.97999999999999998224e+00	 0.00000000000000000000e+00	 0.00000000000000000000e+00	 0.00000000000000000000e+00	 0.00000000000000000000e+00	 0.00000000000000000000e+00	 0.00000000000000000000e+00	 0.00000000000000000000e+00	 0.00000000000000000000e+00	 0.00000000000000000000e+00	 0.00000000000000000000e+00	 0.00000000000000000000e+00	 0.00000000000000000000e+00	 0.00000000000000000000e+00	 0.00000000000000000000e+00	 
 3.00000000000000000000e+00	 0.00000000000000000000e+00	 0.00000000000000000000e+00	 0.00000000000000000000e+00	 0.00000000000000000000e+00	 0.00000000000000000000e+00	 0.00000000000000000000e+00	 0.00000000000000000000e+00	 0.00000000000000000000e+00	 0.00000000000000000000e+00	 0.00000000000000000000e+00	 0.00000000000000000000e+00	 0.00000000000000000000e+00	 0.00000000000000000000e+00	 0.00000000000000000000e+00	 
 3.02000000000000046185e+00	 0.00000000000000000000e+00	 0.00000000000000000000e+00	 0.00000000000000000000e+00	 0.00000000000000000000e+00	 0.00000000000000000000e+00	 0.00000000000000000000e+00	 0.00000000000000000000e+00	 0.00000000000000000000e+00	 0.00000000000000000000e+00	 0.00000000000000000000e+00	 0.00000000000000000000e+00	 0.00000000000000000000e+00	 0.00000000000000000000e+00	 0.00000000000000000000e+00	 
 3.04000000000000003553e+00	 0.00000000000000000000e+00	 0.00000000000000000000e+00	 0.00000000000000000000e+00	 0.00000000000000000000e+00	 0.00000000000000000000e+00	 0.00000000000000000000e+00	 0.00000000000000000000e+00	 0.00000000000000000000e+00	 0.00000000000000000000e+00	 0.00000000000000000000e+00	 0.00000000000000000000e+00	 0.00000000000000000000e+00	 0.00000000000000000000e+00	 0.00000000000000000000e+00	 
 3.06000000000000005329e+00	 0.00000000000000000000e+00	 0.00000000000000000000e+00	 0.00000000000000000000e+00	 0.00000000000000000000e+00	 0.00000000000000000000e+00	 0.00000000000000000000e+00	 0.00000000000000000000e+00	 0.00000000000000000000e+00	 0.00000000000000000000e+00	 0.00000000000000000000e+00	 0.00000000000000000000e+00	 0.00000000000000000000e+00	 0.00000000000000000000e+00	 0.00000000000000000000e+00	 
 3.08000000000000007105e+00	 0.00000000000000000000e+00	 0.00000000000000000000e+00	 0.00000000000000000000e+00	 0.00000000000000000000e+00	 0.00000000000000000000e+00	 0.00000000000000000000e+00	 0.00000000000000000000e+00	 0.00000000000000000000e+00	 0.00000000000000000000e+00	 0.00000000000000000000e+00	 0.00000000000000000000e+00	 0.00000000000000000000e+00	 0.00000000000000000000e+00	 0.00000000000000000000e+00	 
 3.10000000000000008882e+00	 0.00000000000000000000e+00	 0.00000000000000000000e+00	 0.00000000000000000000e+00	 0.00000000000000000000e+00	 0.00000000000000000000e+00	 0.00000000000000000000e+00	 0.00000000000000000000e+00	 0.00000000000000000000e+00	 0.00000000000000000000e+00	 0.00000000000000000000e+00	 0.00000000000000000000e+00	 0.00000000000000000000e+00	 0.00000000000000000000e+00	 0.00000000000000000000e+00	 
 3.12000000000000010658e+00	 0.00000000000000000000e+00	 0.00000000000000000000e+00	 0.00000000000000000000e+00	 0.00000000000000000000e+00	 0.00000000000000000000e+00	 0.00000000000000000000e+00	 0.00000000000000000000e+00	 0.00000000000000000000e+00	 0.00000000000000000000e+00	 0.00000000000000000000e+00	 0.00000000000000000000e+00	 0.00000000000000000000e+00	 0.00000000000000000000e+00	 0.00000000000000000000e+00	 
 3.13999999999999968026e+00	 0.00000000000000000000e+00	 0.00000000000000000000e+00	 0.00000000000000000000e+00	 0.00000000000000000000e+00	 0.00000000000000000000e+00	 0.00000000000000000000e+00	 0.00000000000000000000e+00	 0.00000000000000000000e+00	 0.00000000000000000000e+00	 0.00000000000000000000e+00	 0.00000000000000000000e+00	 0.00000000000000000000e+00	 0.00000000000000000000e+00	 0.00000000000000000000e+00	 
 3.16000000000000014211e+00	 0.00000000000000000000e+00	 0.00000000000000000000e+00	 0.00000000000000000000e+00	 0.00000000000000000000e+00	 0.00000000000000000000e+00	 0.00000000000000000000e+00	 0.00000000000000000000e+00	 0.00000000000000000000e+00	 0.00000000000000000000e+00	 0.00000000000000000000e+00	 0.00000000000000000000e+00	 0.00000000000000000000e+00	 0.00000000000000000000e+00	 0.00000000000000000000e+00	 
 3.18000000000000015987e+00	 0.00000000000000000000e+00	 0.00000000000000000000e+00	 0.00000000000000000000e+00	 0.00000000000000000000e+00	 0.00000000000000000000e+00	 0.00000000000000000000e+00	 0.00000000000000000000e+00	 0.00000000000000000000e+00	 0.00000000000000000000e+00	 0.00000000000000000000e+00	 0.00000000000000000000e+00	 0.00000000000000000000e+00	 0.00000000000000000000e+00	 0.00000000000000000000e+00	 
 3.19999999999999973355e+00	 0.00000000000000000000e+00	 0.00000000000000000000e+00	 0.00000000000000000000e+00	 0.00000000000000000000e+00	 0.00000000000000000000e+00	 0.00000000000000000000e+00	 0.00000000000000000000e+00	 0.00000000000000000000e+00	 0.00000000000000000000e+00	 0.00000000000000000000e+00	 0.00000000000000000000e+00	 0.00000000000000000000e+00	 0.00000000000000000000e+00	 0.00000000000000000000e+00	 
 3.22000000000000019540e+00	 0.00000000000000000000e+00	 0.00000000000000000000e+00	 0.00000000000000000000e+00	 0.00000000000000000000e+00	 0.00000000000000000000e+00	 0.00000000000000000000e+00	 0.00000000000000000000e+00	 0.00000000000000000000e+00	 0.00000000000000000000e+00	 0.00000000000000000000e+00	 0.00000000000000000000e+00	 0.00000000000000000000e+00	 0.00000000000000000000e+00	 0.00000000000000000000e+00	 
 3.24000000000000021316e+00	 0.00000000000000000000e+00	 0.00000000000000000000e+00	 0.00000000000000000000e+00	 0.00000000000000000000e+00	 0.00000000000000000000e+00	 0.00000000000000000000e+00	 0.00000000000000000000e+00	 0.00000000000000000000e+00	 0.00000000000000000000e+00	 0.00000000000000000000e+00	 0.00000000000000000000e+00	 0.00000000000000000000e+00	 0.00000000000000000000e+00	 0.00000000000000000000e+00	 
 3.25999999999999978684e+00	 0.00000000000000000000e+00	 0.00000000000000000000e+00	 0.00000000000000000000e+00	 0.00000000000000000000e+00	 0.00000000000000000000e+00	 0.00000000000000000000e+00	 0.00000000000000000000e+00	 0.00000000000000000000e+00	 0.00000000000000000000e+00	 0.00000000000000000000e+00	 0.00000000000000000000e+00	 0.00000000000000000000e+00	 0.00000000000000000000e+00	 0.00000000000000000000e+00	 
 3.28000000000000024869e+00	 0.00000000000000000000e+00	 0.00000000000000000000e+00	 0.00000000000000000000e+00	 0.00000000000000000000e+00	 0.00000000000000000000e+00	 0.00000000000000000000e+00	 0.00000000000000000000e+00	 0.00000000000000000000e+00	 0.00000000000000000000e+00	 0.00000000000000000000e+00	 0.00000000000000000000e+00	 0.00000000000000000000e+00	 0.00000000000000000000e+00	 0.00000000000000000000e+00	 
 3.29999999999999982236e+00	 0.00000000000000000000e+00	 0.00000000000000000000e+00	 0.00000000000000000000e+00	 0.00000000000000000000e+00	 0.00000000000000000000e+00	 0.00000000000000000000e+00	 0.00000000000000000000e+00	 0.00000000000000000000e+00	 0.00000000000000000000e+00	 0.00000000000000000000e+00	 0.00000000000000000000e+00	 0.00000000000000000000e+00	 0.00000000000000000000e+00	 0.00000000000000000000e+00	 
 3.31999999999999984013e+00	 0.00000000000000000000e+00	 0.00000000000000000000e+00	 0.00000000000000000000e+00	 0.00000000000000000000e+00	 0.00000000000000000000e+00	 0.00000000000000000000e+00	 0.00000000000000000000e+00	 0.00000000000000000000e+00	 0.00000000000000000000e+00	 0.00000000000000000000e+00	 0.00000000000000000000e+00	 0.00000000000000000000e+00	 0.00000000000000000000e+00	 0.00000000000000000000e+00	 
 3.34000000000000030198e+00	 0.00000000000000000000e+00	 0.00000000000000000000e+00	 0.00000000000000000000e+00	 0.00000000000000000000e+00	 0.00000000000000000000e+00	 0.00000000000000000000e+00	 0.00000000000000000000e+00	 0.00000000000000000000e+00	 0.00000000000000000000e+00	 0.00000000000000000000e+00	 0.00000000000000000000e+00	 0.00000000000000000000e+00	 0.00000000000000000000e+00	 0.00000000000000000000e+00	 
 3.36000000000000031974e+00	 0.00000000000000000000e+00	 0.00000000000000000000e+00	 0.00000000000000000000e+00	 0.00000000000000000000e+00	 0.00000000000000000000e+00	 0.00000000000000000000e+00	 0.00000000000000000000e+00	 0.00000000000000000000e+00	 0.00000000000000000000e+00	 0.00000000000000000000e+00	 0.00000000000000000000e+00	 0.00000000000000000000e+00	 0.00000000000000000000e+00	 0.00000000000000000000e+00	 
 3.37999999999999989342e+00	 0.00000000000000000000e+00	 0.00000000000000000000e+00	 0.00000000000000000000e+00	 0.00000000000000000000e+00	 0.00000000000000000000e+00	 0.00000000000000000000e+00	 0.00000000000000000000e+00	 0.00000000000000000000e+00	 0.00000000000000000000e+00	 0.00000000000000000000e+00	 0.00000000000000000000e+00	 0.00000000000000000000e+00	 0.00000000000000000000e+00	 0.00000000000000000000e+00	 
 3.39999999999999991118e+00	 0.00000000000000000000e+00	 0.00000000000000000000e+00	 0.00000000000000000000e+00	 0.00000000000000000000e+00	 0.00000000000000000000e+00	 0.00000000000000000000e+00	 0.00000000000000000000e+00	 0.00000000000000000000e+00	 0.00000000000000000000e+00	 0.00000000000000000000e+00	 0.00000000000000000000e+00	 0.00000000000000000000e+00	 0.00000000000000000000e+00	 0.00000000000000000000e+00	 
 3.42000000000000037303e+00	 0.00000000000000000000e+00	 0.00000000000000000000e+00	 0.00000000000000000000e+00	 0.00000000000000000000e+00	 0.00000000000000000000e+00	 0.00000000000000000000e+00	 0.00000000000000000000e+00	 0.00000000000000000000e+00	 0.00000000000000000000e+00	 0.00000000000000000000e+00	 0.00000000000000000000e+00	 0.00000000000000000000e+00	 0.00000000000000000000e+00	 0.00000000000000000000e+00	 
 3.43999999999999994671e+00	 0.00000000000000000000e+00	 0.00000000000000000000e+00	 0.00000000000000000000e+00	 0.00000000000000000000e+00	 0.00000000000000000000e+00	 0.00000000000000000000e+00	 0.00000000000000000000e+00	 0.00000000000000000000e+00	 0.00000000000000000000e+00	 0.00000000000000000000e+00	 0.00000000000000000000e+00	 0.00000000000000000000e+00	 0.00000000000000000000e+00	 0.00000000000000000000e+00	 
 3.45999999999999996447e+00	 0.00000000000000000000e+00	 0.00000000000000000000e+00	 0.00000000000000000000e+00	 0.00000000000000000000e+00	 0.00000000000000000000e+00	 0.00000000000000000000e+00	 0.00000000000000000000e+00	 0.00000000000000000000e+00	 0.00000000000000000000e+00	 0.00000000000000000000e+00	 0.00000000000000000000e+00	 0.00000000000000000000e+00	 0.00000000000000000000e+00	 0.00000000000000000000e+00	 
 3.48000000000000042633e+00	 0.00000000000000000000e+00	 0.00000000000000000000e+00	 0.00000000000000000000e+00	 0.00000000000000000000e+00	 0.00000000000000000000e+00	 0.00000000000000000000e+00	 0.00000000000000000000e+00	 0.00000000000000000000e+00	 0.00000000000000000000e+00	 0.00000000000000000000e+00	 0.00000000000000000000e+00	 0.00000000000000000000e+00	 0.00000000000000000000e+00	 0.00000000000000000000e+00	 
 3.50000000000000000000e+00	 0.00000000000000000000e+00	 0.00000000000000000000e+00	 0.00000000000000000000e+00	 0.00000000000000000000e+00	 0.00000000000000000000e+00	 0.00000000000000000000e+00	 0.00000000000000000000e+00	 0.00000000000000000000e+00	 0.00000000000000000000e+00	 0.00000000000000000000e+00	 0.00000000000000000000e+00	 0.00000000000000000000e+00	 0.00000000000000000000e+00	 0.00000000000000000000e+00	 
 3.52000000000000001776e+00	 0.00000000000000000000e+00	 0.00000000000000000000e+00	 0.00000000000000000000e+00	 0.00000000000000000000e+00	 0.00000000000000000000e+00	 0.00000000000000000000e+00	 0.00000000000000000000e+00	 0.00000000000000000000e+00	 0.00000000000000000000e+00	 0.00000000000000000000e+00	 0.00000000000000000000e+00	 0.00000000000000000000e+00	 0.00000000000000000000e+00	 0.00000000000000000000e+00	 
 3.54000000000000047962e+00	 0.00000000000000000000e+00	 0.00000000000000000000e+00	 0.00000000000000000000e+00	 0.00000000000000000000e+00	 0.00000000000000000000e+00	 0.00000000000000000000e+00	 0.00000000000000000000e+00	 0.00000000000000000000e+00	 0.00000000000000000000e+00	 0.00000000000000000000e+00	 0.00000000000000000000e+00	 0.00000000000000000000e+00	 0.00000000000000000000e+00	 0.00000000000000000000e+00	 
 3.56000000000000005329e+00	 0.00000000000000000000e+00	 0.00000000000000000000e+00	 0.00000000000000000000e+00	 0.00000000000000000000e+00	 0.00000000000000000000e+00	 0.00000000000000000000e+00	 0.00000000000000000000e+00	 0.00000000000000000000e+00	 0.00000000000000000000e+00	 0.00000000000000000000e+00	 0.00000000000000000000e+00	 0.00000000000000000000e+00	 0.00000000000000000000e+00	 0.00000000000000000000e+00	 
 3.58000000000000007105e+00	 0.00000000000000000000e+00	 0.00000000000000000000e+00	 0.00000000000000000000e+00	 0.00000000000000000000e+00	 0.00000000000000000000e+00	 0.00000000000000000000e+00	 0.00000000000000000000e+00	 0.00000000000000000000e+00	 0.00000000000000000000e+00	 0.00000000000000000000e+00	 0.00000000000000000000e+00	 0.00000000000000000000e+00	 0.00000000000000000000e+00	 0.00000000000000000000e+00	 
 3.60000000000000053291e+00	 0.00000000000000000000e+00	 0.00000000000000000000e+00	 0.00000000000000000000e+00	 0.00000000000000000000e+00	 0.00000000000000000000e+00	 0.00000000000000000000e+00	 0.00000000000000000000e+00	 0.00000000000000000000e+00	 0.00000000000000000000e+00	 0.00000000000000000000e+00	 0.00000000000000000000e+00	 0.00000000000000000000e+00	 0.00000000000000000000e+00	 0.00000000000000000000e+00	 
 3.62000000000000010658e+00	 0.00000000000000000000e+00	 0.00000000000000000000e+00	 0.00000000000000000000e+00	 0.00000000000000000000e+00	 0.00000000000000000000e+00	 0.00000000000000000000e+00	 0.00000000000000000000e+00	 0.00000000000000000000e+00	 0.00000000000000000000e+00	 0.00000000000000000000e+00	 0.00000000000000000000e+00	 0.00000000000000000000e+00	 0.00000000000000000000e+00	 0.00000000000000000000e+00	 
 3.63999999999999968026e+00	 0.00000000000000000000e+00	 0.00000000000000000000e+00	 0.00000000000000000000e+00	 0.00000000000000000000e+00	 0.00000000000000000000e+00	 0.00000000000000000000e+00	 0.00000000000000000000e+00	 0.00000000000000000000e+00	 0.00000000000000000000e+00	 0.00000000000000000000e+00	 0.00000000000000000000e+00	 0.00000000000000000000e+00	 0.00000000000000000000e+00	 0.00000000000000000000e+00	 
 3.65999999999999969802e+00	 0.00000000000000000000e+00	 0.00000000000000000000e+00	 0.00000000000000000000e+00	 0.00000000000000000000e+00	 0.00000000000000000000e+00	 0.00000000000000000000e+00	 0.00000000000000000000e+00	 0.00000000000000000000e+00	 0.00000000000000000000e+00	 0.00000000000000000000e+00	 0.00000000000000000000e+00	 0.00000000000000000000e+00	 0.00000000000000000000e+00	 0.00000000000000000000e+00	 
 3.68000000000000015987e+00	 0.00000000000000000000e+00	 0.00000000000000000000e+00	 0.00000000000000000000e+00	 0.00000000000000000000e+00	 0.00000000000000000000e+00	 0.00000000000000000000e+00	 0.00000000000000000000e+00	 0.00000000000000000000e+00	 0.00000000000000000000e+00	 0.00000000000000000000e+00	 0.00000000000000000000e+00	 0.00000000000000000000e+00	 0.00000000000000000000e+00	 0.00000000000000000000e+00	 
 3.70000000000000017764e+00	 0.00000000000000000000e+00	 0.00000000000000000000e+00	 0.00000000000000000000e+00	 0.00000000000000000000e+00	 0.00000000000000000000e+00	 0.00000000000000000000e+00	 0.00000000000000000000e+00	 0.00000000000000000000e+00	 0.00000000000000000000e+00	 0.00000000000000000000e+00	 0.00000000000000000000e+00	 0.00000000000000000000e+00	 0.00000000000000000000e+00	 0.00000000000000000000e+00	 
 3.71999999999999975131e+00	 0.00000000000000000000e+00	 0.00000000000000000000e+00	 0.00000000000000000000e+00	 0.00000000000000000000e+00	 0.00000000000000000000e+00	 0.00000000000000000000e+00	 0.00000000000000000000e+00	 0.00000000000000000000e+00	 0.00000000000000000000e+00	 0.00000000000000000000e+00	 0.00000000000000000000e+00	 0.00000000000000000000e+00	 0.00000000000000000000e+00	 0.00000000000000000000e+00	 
 3.74000000000000021316e+00	 0.00000000000000000000e+00	 0.00000000000000000000e+00	 0.00000000000000000000e+00	 0.00000000000000000000e+00	 0.00000000000000000000e+00	 0.00000000000000000000e+00	 0.00000000000000000000e+00	 0.00000000000000000000e+00	 0.00000000000000000000e+00	 0.00000000000000000000e+00	 0.00000000000000000000e+00	 0.00000000000000000000e+00	 0.00000000000000000000e+00	 0.00000000000000000000e+00	 
 3.76000000000000023093e+00	 0.00000000000000000000e+00	 0.00000000000000000000e+00	 0.00000000000000000000e+00	 0.00000000000000000000e+00	 0.00000000000000000000e+00	 0.00000000000000000000e+00	 0.00000000000000000000e+00	 0.00000000000000000000e+00	 0.00000000000000000000e+00	 0.00000000000000000000e+00	 0.00000000000000000000e+00	 0.00000000000000000000e+00	 0.00000000000000000000e+00	 0.00000000000000000000e+00	 
 3.77999999999999980460e+00	 0.00000000000000000000e+00	 0.00000000000000000000e+00	 0.00000000000000000000e+00	 0.00000000000000000000e+00	 0.00000000000000000000e+00	 0.00000000000000000000e+00	 0.00000000000000000000e+00	 0.00000000000000000000e+00	 0.00000000000000000000e+00	 0.00000000000000000000e+00	 0.00000000000000000000e+00	 0.00000000000000000000e+00	 0.00000000000000000000e+00	 0.00000000000000000000e+00	 
 3.80000000000000026645e+00	 0.00000000000000000000e+00	 0.00000000000000000000e+00	 0.00000000000000000000e+00	 0.00000000000000000000e+00	 0.00000000000000000000e+00	 0.00000000000000000000e+00	 0.00000000000000000000e+00	 0.00000000000000000000e+00	 0.00000000000000000000e+00	 0.00000000000000000000e+00	 0.00000000000000000000e+00	 0.00000000000000000000e+00	 0.00000000000000000000e+00	 0.00000000000000000000e+00	 
 3.82000000000000028422e+00	 0.00000000000000000000e+00	 0.00000000000000000000e+00	 0.00000000000000000000e+00	 0.00000000000000000000e+00	 0.00000000000000000000e+00	 0.00000000000000000000e+00	 0.00000000000000000000e+00	 0.00000000000000000000e+00	 0.00000000000000000000e+00	 0.00000000000000000000e+00	 0.00000000000000000000e+00	 0.00000000000000000000e+00	 0.00000000000000000000e+00	 0.00000000000000000000e+00	 
 3.83999999999999985789e+00	 0.00000000000000000000e+00	 0.00000000000000000000e+00	 0.00000000000000000000e+00	 0.00000000000000000000e+00	 0.00000000000000000000e+00	 0.00000000000000000000e+00	 0.00000000000000000000e+00	 0.00000000000000000000e+00	 0.00000000000000000000e+00	 0.00000000000000000000e+00	 0.00000000000000000000e+00	 0.00000000000000000000e+00	 0.00000000000000000000e+00	 0.00000000000000000000e+00	 
 3.86000000000000031974e+00	 0.00000000000000000000e+00	 0.00000000000000000000e+00	 0.00000000000000000000e+00	 0.00000000000000000000e+00	 0.00000000000000000000e+00	 0.00000000000000000000e+00	 0.00000000000000000000e+00	 0.00000000000000000000e+00	 0.00000000000000000000e+00	 0.00000000000000000000e+00	 0.00000000000000000000e+00	 0.00000000000000000000e+00	 0.00000000000000000000e+00	 0.00000000000000000000e+00	 
 3.87999999999999989342e+00	 0.00000000000000000000e+00	 0.00000000000000000000e+00	 0.00000000000000000000e+00	 0.00000000000000000000e+00	 0.00000000000000000000e+00	 0.00000000000000000000e+00	 0.00000000000000000000e+00	 0.00000000000000000000e+00	 0.00000000000000000000e+00	 0.00000000000000000000e+00	 0.00000000000000000000e+00	 0.00000000000000000000e+00	 0.00000000000000000000e+00	 0.00000000000000000000e+00	 
 3.89999999999999991118e+00	 0.00000000000000000000e+00	 0.00000000000000000000e+00	 0.00000000000000000000e+00	 0.00000000000000000000e+00	 0.00000000000000000000e+00	 0.00000000000000000000e+00	 0.00000000000000000000e+00	 0.00000000000000000000e+00	 0.00000000000000000000e+00	 0.00000000000000000000e+00	 0.00000000000000000000e+00	 0.00000000000000000000e+00	 0.00000000000000000000e+00	 0.00000000000000000000e+00	 
 3.91999999999999948486e+00	 0.00000000000000000000e+00	 0.00000000000000000000e+00	 0.00000000000000000000e+00	 0.00000000000000000000e+00	 0.00000000000000000000e+00	 0.00000000000000000000e+00	 0.00000000000000000000e+00	 0.00000000000000000000e+00	 0.00000000000000000000e+00	 0.00000000000000000000e+00	 0.00000000000000000000e+00	 0.00000000000000000000e+00	 0.00000000000000000000e+00	 0.00000000000000000000e+00	 
 3.93999999999999994671e+00	 0.00000000000000000000e+00	 0.00000000000000000000e+00	 0.00000000000000000000e+00	 0.00000000000000000000e+00	 0.00000000000000000000e+00	 0.00000000000000000000e+00	 0.00000000000000000000e+00	 0.00000000000000000000e+00	 0.00000000000000000000e+00	 0.00000000000000000000e+00	 0.00000000000000000000e+00	 0.00000000000000000000e+00	 0.00000000000000000000e+00	 0.00000000000000000000e+00	 
 3.95999999999999996447e+00	 0.00000000000000000000e+00	 0.00000000000000000000e+00	 0.00000000000000000000e+00	 0.00000000000000000000e+00	 0.00000000000000000000e+00	 0.00000000000000000000e+00	 0.00000000000000000000e+00	 0.00000000000000000000e+00	 0.00000000000000000000e+00	 0.00000000000000000000e+00	 0.00000000000000000000e+00	 0.00000000000000000000e+00	 0.00000000000000000000e+00	 0.00000000000000000000e+00	 
 3.97999999999999953815e+00	 0.00000000000000000000e+00	 0.00000000000000000000e+00	 0.00000000000000000000e+00	 0.00000000000000000000e+00	 0.00000000000000000000e+00	 0.00000000000000000000e+00	 0.00000000000000000000e+00	 0.00000000000000000000e+00	 0.00000000000000000000e+00	 0.00000000000000000000e+00	 0.00000000000000000000e+00	 0.00000000000000000000e+00	 0.00000000000000000000e+00	 0.00000000000000000000e+00	 
 4.00000000000000000000e+00	 0.00000000000000000000e+00	 0.00000000000000000000e+00	 0.00000000000000000000e+00	 0.00000000000000000000e+00	 0.00000000000000000000e+00	 0.00000000000000000000e+00	 0.00000000000000000000e+00	 0.00000000000000000000e+00	 0.00000000000000000000e+00	 0.00000000000000000000e+00	 0.00000000000000000000e+00	 0.00000000000000000000e+00	 0.00000000000000000000e+00	 0.00000000000000000000e+00	 
 4.01999999999999957367e+00	 0.00000000000000000000e+00	 0.00000000000000000000e+00	 0.00000000000000000000e+00	 0.00000000000000000000e+00	 0.00000000000000000000e+00	 0.00000000000000000000e+00	 0.00000000000000000000e+00	 0.00000000000000000000e+00	 0.00000000000000000000e+00	 0.00000000000000000000e+00	 0.00000000000000000000e+00	 0.00000000000000000000e+00	 0.00000000000000000000e+00	 0.00000000000000000000e+00	 
 4.04000000000000003553e+00	 0.00000000000000000000e+00	 0.00000000000000000000e+00	 0.00000000000000000000e+00	 0.00000000000000000000e+00	 0.00000000000000000000e+00	 0.00000000000000000000e+00	 0.00000000000000000000e+00	 0.00000000000000000000e+00	 0.00000000000000000000e+00	 0.00000000000000000000e+00	 0.00000000000000000000e+00	 0.00000000000000000000e+00	 0.00000000000000000000e+00	 0.00000000000000000000e+00	 
 4.06000000000000049738e+00	 0.00000000000000000000e+00	 0.00000000000000000000e+00	 0.00000000000000000000e+00	 0.00000000000000000000e+00	 0.00000000000000000000e+00	 0.00000000000000000000e+00	 0.00000000000000000000e+00	 0.00000000000000000000e+00	 0.00000000000000000000e+00	 0.00000000000000000000e+00	 0.00000000000000000000e+00	 0.00000000000000000000e+00	 0.00000000000000000000e+00	 0.00000000000000000000e+00	 
 4.08000000000000007105e+00	 0.00000000000000000000e+00	 0.00000000000000000000e+00	 0.00000000000000000000e+00	 0.00000000000000000000e+00	 0.00000000000000000000e+00	 0.00000000000000000000e+00	 0.00000000000000000000e+00	 0.00000000000000000000e+00	 0.00000000000000000000e+00	 0.00000000000000000000e+00	 0.00000000000000000000e+00	 0.00000000000000000000e+00	 0.00000000000000000000e+00	 0.00000000000000000000e+00	 
 4.09999999999999964473e+00	 0.00000000000000000000e+00	 0.00000000000000000000e+00	 0.00000000000000000000e+00	 0.00000000000000000000e+00	 0.00000000000000000000e+00	 0.00000000000000000000e+00	 0.00000000000000000000e+00	 0.00000000000000000000e+00	 0.00000000000000000000e+00	 0.00000000000000000000e+00	 0.00000000000000000000e+00	 0.00000000000000000000e+00	 0.00000000000000000000e+00	 0.00000000000000000000e+00	 
 4.12000000000000010658e+00	 0.00000000000000000000e+00	 0.00000000000000000000e+00	 0.00000000000000000000e+00	 0.00000000000000000000e+00	 0.00000000000000000000e+00	 0.00000000000000000000e+00	 0.00000000000000000000e+00	 0.00000000000000000000e+00	 0.00000000000000000000e+00	 0.00000000000000000000e+00	 0.00000000000000000000e+00	 0.00000000000000000000e+00	 0.00000000000000000000e+00	 0.00000000000000000000e+00	 
 4.14000000000000056843e+00	 0.00000000000000000000e+00	 0.00000000000000000000e+00	 0.00000000000000000000e+00	 0.00000000000000000000e+00	 0.00000000000000000000e+00	 0.00000000000000000000e+00	 0.00000000000000000000e+00	 0.00000000000000000000e+00	 0.00000000000000000000e+00	 0.00000000000000000000e+00	 0.00000000000000000000e+00	 0.00000000000000000000e+00	 0.00000000000000000000e+00	 0.00000000000000000000e+00	 
 4.16000000000000014211e+00	 0.00000000000000000000e+00	 0.00000000000000000000e+00	 0.00000000000000000000e+00	 0.00000000000000000000e+00	 0.00000000000000000000e+00	 0.00000000000000000000e+00	 0.00000000000000000000e+00	 0.00000000000000000000e+00	 0.00000000000000000000e+00	 0.00000000000000000000e+00	 0.00000000000000000000e+00	 0.00000000000000000000e+00	 0.00000000000000000000e+00	 0.00000000000000000000e+00	 
 4.17999999999999971578e+00	 0.00000000000000000000e+00	 0.00000000000000000000e+00	 0.00000000000000000000e+00	 0.00000000000000000000e+00	 0.00000000000000000000e+00	 0.00000000000000000000e+00	 0.00000000000000000000e+00	 0.00000000000000000000e+00	 0.00000000000000000000e+00	 0.00000000000000000000e+00	 0.00000000000000000000e+00	 0.00000000000000000000e+00	 0.00000000000000000000e+00	 0.00000000000000000000e+00	 
 4.20000000000000017764e+00	 0.00000000000000000000e+00	 0.00000000000000000000e+00	 0.00000000000000000000e+00	 0.00000000000000000000e+00	 0.00000000000000000000e+00	 0.00000000000000000000e+00	 0.00000000000000000000e+00	 0.00000000000000000000e+00	 0.00000000000000000000e+00	 0.00000000000000000000e+00	 0.00000000000000000000e+00	 0.00000000000000000000e+00	 0.00000000000000000000e+00	 0.00000000000000000000e+00	 
 4.21999999999999975131e+00	 0.00000000000000000000e+00	 0.00000000000000000000e+00	 0.00000000000000000000e+00	 0.00000000000000000000e+00	 0.00000000000000000000e+00	 0.00000000000000000000e+00	 0.00000000000000000000e+00	 0.00000000000000000000e+00	 0.00000000000000000000e+00	 0.00000000000000000000e+00	 0.00000000000000000000e+00	 0.00000000000000000000e+00	 0.00000000000000000000e+00	 0.00000000000000000000e+00	 
 4.24000000000000021316e+00	 0.00000000000000000000e+00	 0.00000000000000000000e+00	 0.00000000000000000000e+00	 0.00000000000000000000e+00	 0.00000000000000000000e+00	 0.00000000000000000000e+00	 0.00000000000000000000e+00	 0.00000000000000000000e+00	 0.00000000000000000000e+00	 0.00000000000000000000e+00	 0.00000000000000000000e+00	 0.00000000000000000000e+00	 0.00000000000000000000e+00	 0.00000000000000000000e+00	 
 4.25999999999999978684e+00	 0.00000000000000000000e+00	 0.00000000000000000000e+00	 0.00000000000000000000e+00	 0.00000000000000000000e+00	 0.00000000000000000000e+00	 0.00000000000000000000e+00	 0.00000000000000000000e+00	 0.00000000000000000000e+00	 0.00000000000000000000e+00	 0.00000000000000000000e+00	 0.00000000000000000000e+00	 0.00000000000000000000e+00	 0.00000000000000000000e+00	 0.00000000000000000000e+00	 
 4.28000000000000024869e+00	 0.00000000000000000000e+00	 0.00000000000000000000e+00	 0.00000000000000000000e+00	 0.00000000000000000000e+00	 0.00000000000000000000e+00	 0.00000000000000000000e+00	 0.00000000000000000000e+00	 0.00000000000000000000e+00	 0.00000000000000000000e+00	 0.00000000000000000000e+00	 0.00000000000000000000e+00	 0.00000000000000000000e+00	 0.00000000000000000000e+00	 0.00000000000000000000e+00	 
 4.29999999999999982236e+00	 0.00000000000000000000e+00	 0.00000000000000000000e+00	 0.00000000000000000000e+00	 0.00000000000000000000e+00	 0.00000000000000000000e+00	 0.00000000000000000000e+00	 0.00000000000000000000e+00	 0.00000000000000000000e+00	 0.00000000000000000000e+00	 0.00000000000000000000e+00	 0.00000000000000000000e+00	 0.00000000000000000000e+00	 0.00000000000000000000e+00	 0.00000000000000000000e+00	 
 4.32000000000000028422e+00	 0.00000000000000000000e+00	 0.00000000000000000000e+00	 0.00000000000000000000e+00	 0.00000000000000000000e+00	 0.00000000000000000000e+00	 0.00000000000000000000e+00	 0.00000000000000000000e+00	 0.00000000000000000000e+00	 0.00000000000000000000e+00	 0.00000000000000000000e+00	 0.00000000000000000000e+00	 0.00000000000000000000e+00	 0.00000000000000000000e+00	 0.00000000000000000000e+00	 
 4.33999999999999985789e+00	 0.00000000000000000000e+00	 0.00000000000000000000e+00	 0.00000000000000000000e+00	 0.00000000000000000000e+00	 0.00000000000000000000e+00	 0.00000000000000000000e+00	 0.00000000000000000000e+00	 0.00000000000000000000e+00	 0.00000000000000000000e+00	 0.00000000000000000000e+00	 0.00000000000000000000e+00	 0.00000000000000000000e+00	 0.00000000000000000000e+00	 0.00000000000000000000e+00	 
 4.36000000000000031974e+00	 0.00000000000000000000e+00	 0.00000000000000000000e+00	 0.00000000000000000000e+00	 0.00000000000000000000e+00	 0.00000000000000000000e+00	 0.00000000000000000000e+00	 0.00000000000000000000e+00	 0.00000000000000000000e+00	 0.00000000000000000000e+00	 0.00000000000000000000e+00	 0.00000000000000000000e+00	 0.00000000000000000000e+00	 0.00000000000000000000e+00	 0.00000000000000000000e+00	 
 4.37999999999999989342e+00	 0.00000000000000000000e+00	 0.00000000000000000000e+00	 0.00000000000000000000e+00	 0.00000000000000000000e+00	 0.00000000000000000000e+00	 0.00000000000000000000e+00	 0.00000000000000000000e+00	 0.00000000000000000000e+00	 0.00000000000000000000e+00	 0.00000000000000000000e+00	 0.00000000000000000000e+00	 0.00000000000000000000e+00	 0.00000000000000000000e+00	 0.00000000000000000000e+00	 
 4.40000000000000035527e+00	 0.00000000000000000000e+00	 0.00000000000000000000e+00	 0.00000000000000000000e+00	 0.00000000000000000000e+00	 0.00000000000000000000e+00	 0.00000000000000000000e+00	 0.00000000000000000000e+00	 0.00000000000000000000e+00	 0.00000000000000000000e+00	 0.00000000000000000000e+00	 0.00000000000000000000e+00	 0.00000000000000000000e+00	 0.00000000000000000000e+00	 0.00000000000000000000e+00	 
 4.41999999999999992895e+00	 0.00000000000000000000e+00	 0.00000000000000000000e+00	 0.00000000000000000000e+00	 0.00000000000000000000e+00	 0.00000000000000000000e+00	 0.00000000000000000000e+00	 0.00000000000000000000e+00	 0.00000000000000000000e+00	 0.00000000000000000000e+00	 0.00000000000000000000e+00	 0.00000000000000000000e+00	 0.00000000000000000000e+00	 0.00000000000000000000e+00	 0.00000000000000000000e+00	 
 4.43999999999999950262e+00	 0.00000000000000000000e+00	 0.00000000000000000000e+00	 0.00000000000000000000e+00	 0.00000000000000000000e+00	 0.00000000000000000000e+00	 0.00000000000000000000e+00	 0.00000000000000000000e+00	 0.00000000000000000000e+00	 0.00000000000000000000e+00	 0.00000000000000000000e+00	 0.00000000000000000000e+00	 0.00000000000000000000e+00	 0.00000000000000000000e+00	 0.00000000000000000000e+00	 
 4.45999999999999996447e+00	 0.00000000000000000000e+00	 0.00000000000000000000e+00	 0.00000000000000000000e+00	 0.00000000000000000000e+00	 0.00000000000000000000e+00	 0.00000000000000000000e+00	 0.00000000000000000000e+00	 0.00000000000000000000e+00	 0.00000000000000000000e+00	 0.00000000000000000000e+00	 0.00000000000000000000e+00	 0.00000000000000000000e+00	 0.00000000000000000000e+00	 0.00000000000000000000e+00	 
 4.47999999999999953815e+00	 0.00000000000000000000e+00	 0.00000000000000000000e+00	 0.00000000000000000000e+00	 0.00000000000000000000e+00	 0.00000000000000000000e+00	 0.00000000000000000000e+00	 0.00000000000000000000e+00	 0.00000000000000000000e+00	 0.00000000000000000000e+00	 0.00000000000000000000e+00	 0.00000000000000000000e+00	 0.00000000000000000000e+00	 0.00000000000000000000e+00	 0.00000000000000000000e+00	 
 4.50000000000000000000e+00	 0.00000000000000000000e+00	 0.00000000000000000000e+00	 0.00000000000000000000e+00	 0.00000000000000000000e+00	 0.00000000000000000000e+00	 0.00000000000000000000e+00	 0.00000000000000000000e+00	 0.00000000000000000000e+00	 0.00000000000000000000e+00	 0.00000000000000000000e+00	 0.00000000000000000000e+00	 0.00000000000000000000e+00	 0.00000000000000000000e+00	 0.00000000000000000000e+00	 
 4.52000000000000046185e+00	 0.00000000000000000000e+00	 0.00000000000000000000e+00	 0.00000000000000000000e+00	 0.00000000000000000000e+00	 0.00000000000000000000e+00	 0.00000000000000000000e+00	 0.00000000000000000000e+00	 0.00000000000000000000e+00	 0.00000000000000000000e+00	 0.00000000000000000000e+00	 0.00000000000000000000e+00	 0.00000000000000000000e+00	 0.00000000000000000000e+00	 0.00000000000000000000e+00	 
 4.54000000000000003553e+00	 0.00000000000000000000e+00	 0.00000000000000000000e+00	 0.00000000000000000000e+00	 0.00000000000000000000e+00	 0.00000000000000000000e+00	 0.00000000000000000000e+00	 0.00000000000000000000e+00	 0.00000000000000000000e+00	 0.00000000000000000000e+00	 0.00000000000000000000e+00	 0.00000000000000000000e+00	 0.00000000000000000000e+00	 0.00000000000000000000e+00	 0.00000000000000000000e+00	 
 4.55999999999999960920e+00	 0.00000000000000000000e+00	 0.00000000000000000000e+00	 0.00000000000000000000e+00	 0.00000000000000000000e+00	 0.00000000000000000000e+00	 0.00000000000000000000e+00	 0.00000000000000000000e+00	 0.00000000000000000000e+00	 0.00000000000000000000e+00	 0.00000000000000000000e+00	 0.00000000000000000000e+00	 0.00000000000000000000e+00	 0.00000000000000000000e+00	 0.00000000000000000000e+00	 
 4.58000000000000007105e+00	 0.00000000000000000000e+00	 0.00000000000000000000e+00	 0.00000000000000000000e+00	 0.00000000000000000000e+00	 0.00000000000000000000e+00	 0.00000000000000000000e+00	 0.00000000000000000000e+00	 0.00000000000000000000e+00	 0.00000000000000000000e+00	 0.00000000000000000000e+00	 0.00000000000000000000e+00	 0.00000000000000000000e+00	 0.00000000000000000000e+00	 0.00000000000000000000e+00	 
 4.60000000000000053291e+00	 0.00000000000000000000e+00	 0.00000000000000000000e+00	 0.00000000000000000000e+00	 0.00000000000000000000e+00	 0.00000000000000000000e+00	 0.00000000000000000000e+00	 0.00000000000000000000e+00	 0.00000000000000000000e+00	 0.00000000000000000000e+00	 0.00000000000000000000e+00	 0.00000000000000000000e+00	 0.00000000000000000000e+00	 0.00000000000000000000e+00	 0.00000000000000000000e+00	 
 4.62000000000000010658e+00	 0.00000000000000000000e+00	 0.00000000000000000000e+00	 0.00000000000000000000e+00	 0.00000000000000000000e+00	 0.00000000000000000000e+00	 0.00000000000000000000e+00	 0.00000000000000000000e+00	 0.00000000000000000000e+00	 0.00000000000000000000e+00	 0.00000000000000000000e+00	 0.00000000000000000000e+00	 0.00000000000000000000e+00	 0.00000000000000000000e+00	 0.00000000000000000000e+00	 
 4.63999999999999968026e+00	 0.00000000000000000000e+00	 0.00000000000000000000e+00	 0.00000000000000000000e+00	 0.00000000000000000000e+00	 0.00000000000000000000e+00	 0.00000000000000000000e+00	 0.00000000000000000000e+00	 0.00000000000000000000e+00	 0.00000000000000000000e+00	 0.00000000000000000000e+00	 0.00000000000000000000e+00	 0.00000000000000000000e+00	 0.00000000000000000000e+00	 0.00000000000000000000e+00	 
 4.66000000000000014211e+00	 0.00000000000000000000e+00	 0.00000000000000000000e+00	 0.00000000000000000000e+00	 0.00000000000000000000e+00	 0.00000000000000000000e+00	 0.00000000000000000000e+00	 0.00000000000000000000e+00	 0.00000000000000000000e+00	 0.00000000000000000000e+00	 0.00000000000000000000e+00	 0.00000000000000000000e+00	 0.00000000000000000000e+00	 0.00000000000000000000e+00	 0.00000000000000000000e+00	 
 4.67999999999999971578e+00	 0.00000000000000000000e+00	 0.00000000000000000000e+00	 0.00000000000000000000e+00	 0.00000000000000000000e+00	 0.00000000000000000000e+00	 0.00000000000000000000e+00	 0.00000000000000000000e+00	 0.00000000000000000000e+00	 0.00000000000000000000e+00	 0.00000000000000000000e+00	 0.00000000000000000000e+00	 0.00000000000000000000e+00	 0.00000000000000000000e+00	 0.00000000000000000000e+00	 
 4.69999999999999928946e+00	 0.00000000000000000000e+00	 0.00000000000000000000e+00	 0.00000000000000000000e+00	 0.00000000000000000000e+00	 0.00000000000000000000e+00	 0.00000000000000000000e+00	 0.00000000000000000000e+00	 0.00000000000000000000e+00	 0.00000000000000000000e+00	 0.00000000000000000000e+00	 0.00000000000000000000e+00	 0.00000000000000000000e+00	 0.00000000000000000000e+00	 0.00000000000000000000e+00	 
 4.72000000000000063949e+00	 0.00000000000000000000e+00	 0.00000000000000000000e+00	 0.00000000000000000000e+00	 0.00000000000000000000e+00	 0.00000000000000000000e+00	 0.00000000000000000000e+00	 0.00000000000000000000e+00	 0.00000000000000000000e+00	 0.00000000000000000000e+00	 0.00000000000000000000e+00	 0.00000000000000000000e+00	 0.00000000000000000000e+00	 0.00000000000000000000e+00	 0.00000000000000000000e+00	 
 4.74000000000000021316e+00	 0.00000000000000000000e+00	 0.00000000000000000000e+00	 0.00000000000000000000e+00	 0.00000000000000000000e+00	 0.00000000000000000000e+00	 0.00000000000000000000e+00	 0.00000000000000000000e+00	 0.00000000000000000000e+00	 0.00000000000000000000e+00	 0.00000000000000000000e+00	 0.00000000000000000000e+00	 0.00000000000000000000e+00	 0.00000000000000000000e+00	 0.00000000000000000000e+00	 
 4.75999999999999978684e+00	 0.00000000000000000000e+00	 0.00000000000000000000e+00	 0.00000000000000000000e+00	 0.00000000000000000000e+00	 0.00000000000000000000e+00	 0.00000000000000000000e+00	 0.00000000000000000000e+00	 0.00000000000000000000e+00	 0.00000000000000000000e+00	 0.00000000000000000000e+00	 0.00000000000000000000e+00	 0.00000000000000000000e+00	 0.00000000000000000000e+00	 0.00000000000000000000e+00	 
 4.78000000000000024869e+00	 0.00000000000000000000e+00	 0.00000000000000000000e+00	 0.00000000000000000000e+00	 0.00000000000000000000e+00	 0.00000000000000000000e+00	 0.00000000000000000000e+00	 0.00000000000000000000e+00	 0.00000000000000000000e+00	 0.00000000000000000000e+00	 0.00000000000000000000e+00	 0.00000000000000000000e+00	 0.00000000000000000000e+00	 0.00000000000000000000e+00	 0.00000000000000000000e+00	 
 4.79999999999999982236e+00	 0.00000000000000000000e+00	 0.00000000000000000000e+00	 0.00000000000000000000e+00	 0.00000000000000000000e+00	 0.00000000000000000000e+00	 0.00000000000000000000e+00	 0.00000000000000000000e+00	 0.00000000000000000000e+00	 0.00000000000000000000e+00	 0.00000000000000000000e+00	 0.00000000000000000000e+00	 0.00000000000000000000e+00	 0.00000000000000000000e+00	 0.00000000000000000000e+00	 
 4.81999999999999939604e+00	 0.00000000000000000000e+00	 0.00000000000000000000e+00	 0.00000000000000000000e+00	 0.00000000000000000000e+00	 0.00000000000000000000e+00	 0.00000000000000000000e+00	 0.00000000000000000000e+00	 0.00000000000000000000e+00	 0.00000000000000000000e+00	 0.00000000000000000000e+00	 0.00000000000000000000e+00	 0.00000000000000000000e+00	 0.00000000000000000000e+00	 0.00000000000000000000e+00	 
 4.84000000000000074607e+00	 0.00000000000000000000e+00	 0.00000000000000000000e+00	 0.00000000000000000000e+00	 0.00000000000000000000e+00	 0.00000000000000000000e+00	 0.00000000000000000000e+00	 0.00000000000000000000e+00	 0.00000000000000000000e+00	 0.00000000000000000000e+00	 0.00000000000000000000e+00	 0.00000000000000000000e+00	 0.00000000000000000000e+00	 0.00000000000000000000e+00	 0.00000000000000000000e+00	 
 4.86000000000000031974e+00	 0.00000000000000000000e+00	 0.00000000000000000000e+00	 0.00000000000000000000e+00	 0.00000000000000000000e+00	 0.00000000000000000000e+00	 0.00000000000000000000e+00	 0.00000000000000000000e+00	 0.00000000000000000000e+00	 0.00000000000000000000e+00	 0.00000000000000000000e+00	 0.00000000000000000000e+00	 0.00000000000000000000e+00	 0.00000000000000000000e+00	 0.00000000000000000000e+00	 
 4.87999999999999989342e+00	 0.00000000000000000000e+00	 0.00000000000000000000e+00	 0.00000000000000000000e+00	 0.00000000000000000000e+00	 0.00000000000000000000e+00	 0.00000000000000000000e+00	 0.00000000000000000000e+00	 0.00000000000000000000e+00	 0.00000000000000000000e+00	 0.00000000000000000000e+00	 0.00000000000000000000e+00	 0.00000000000000000000e+00	 0.00000000000000000000e+00	 0.00000000000000000000e+00	 
 4.89999999999999946709e+00	 0.00000000000000000000e+00	 0.00000000000000000000e+00	 0.00000000000000000000e+00	 0.00000000000000000000e+00	 0.00000000000000000000e+00	 0.00000000000000000000e+00	 0.00000000000000000000e+00	 0.00000000000000000000e+00	 0.00000000000000000000e+00	 0.00000000000000000000e+00	 0.00000000000000000000e+00	 0.00000000000000000000e+00	 0.00000000000000000000e+00	 0.00000000000000000000e+00	 
 4.91999999999999992895e+00	 0.00000000000000000000e+00	 0.00000000000000000000e+00	 0.00000000000000000000e+00	 0.00000000000000000000e+00	 0.00000000000000000000e+00	 0.00000000000000000000e+00	 0.00000000000000000000e+00	 0.00000000000000000000e+00	 0.00000000000000000000e+00	 0.00000000000000000000e+00	 0.00000000000000000000e+00	 0.00000000000000000000e+00	 0.00000000000000000000e+00	 0.00000000000000000000e+00	 
 4.93999999999999950262e+00	 0.00000000000000000000e+00	 0.00000000000000000000e+00	 0.00000000000000000000e+00	 0.00000000000000000000e+00	 0.00000000000000000000e+00	 0.00000000000000000000e+00	 0.00000000000000000000e+00	 0.00000000000000000000e+00	 0.00000000000000000000e+00	 0.00000000000000000000e+00	 0.00000000000000000000e+00	 0.00000000000000000000e+00	 0.00000000000000000000e+00	 0.00000000000000000000e+00	 
 4.95999999999999996447e+00	 0.00000000000000000000e+00	 0.00000000000000000000e+00	 0.00000000000000000000e+00	 0.00000000000000000000e+00	 0.00000000000000000000e+00	 0.00000000000000000000e+00	 0.00000000000000000000e+00	 0.00000000000000000000e+00	 0.00000000000000000000e+00	 0.00000000000000000000e+00	 0.00000000000000000000e+00	 0.00000000000000000000e+00	 0.00000000000000000000e+00	 0.00000000000000000000e+00	 
 4.98000000000000042633e+00	 0.00000000000000000000e+00	 0.00000000000000000000e+00	 0.00000000000000000000e+00	 0.00000000000000000000e+00	 0.00000000000000000000e+00	 0.00000000000000000000e+00	 0.00000000000000000000e+00	 0.00000000000000000000e+00	 0.00000000000000000000e+00	 0.00000000000000000000e+00	 0.00000000000000000000e+00	 0.00000000000000000000e+00	 0.00000000000000000000e+00	 0.00000000000000000000e+00	 
 5.00000000000000000000e+00	 0.00000000000000000000e+00	 0.00000000000000000000e+00	 0.00000000000000000000e+00	 0.00000000000000000000e+00	 0.00000000000000000000e+00	 0.00000000000000000000e+00	 0.00000000000000000000e+00	 0.00000000000000000000e+00	 0.00000000000000000000e+00	 0.00000000000000000000e+00	 0.00000000000000000000e+00	 0.00000000000000000000e+00	 0.00000000000000000000e+00	 0.00000000000000000000e+00	 
