 -1.00000000000000000000e+00	 5.33018117780905921875e-08	 0.00000000000000000000e+00	 4.49217653967823317767e-08	 1.85110514724624061582e-03	 1.85562041825637125993e-03	 1.73067821474084189599e-03	 0.00000000000000000000e+00	 1.59551768050880020747e-03	 1.76133954325927220667e-03	 1.85274703433860972110e-03	 5.63401352466834171986e-07	 0.00000000000000000000e+00	 0.00000000000000000000e+00	 0.00000000000000000000e+00	 
 -9.79999999999999982236e-01	 5.46925998511369740966e-08	 0.00000000000000000000e+00	 4.60967248323286972992e-08	 1.89851075045074989094e-03	 1.90313196381780634463e-03	 1.77525020991766021260e-03	 0.00000000000000000000e+00	 1.63847357415985430892e-03	 1.80790224933893113254e-03	 1.90015837033671712054e-03	 5.74955139786512658590e-07	 0.00000000000000000000e+00	 0.00000000000000000000e+00	 0.00000000000000000000e+00	 
 -9.59999999999999964473e-01	 5.61098510463169788241e-08	 0.00000000000000000000e+00	 4.72941984330777518523e-08	 1.94680525464754655869e-03	 1.95153425784362123153e-03	 1.82066305103092984131e-03	 0.00000000000000000000e+00	 1.68228168765322894443e-03	 1.85536971151909466961e-03	 1.94845783155482370728e-03	 5.86665071693882043854e-07	 0.00000000000000000000e+00	 0.00000000000000000000e+00	 0.00000000000000000000e+00	 
 -9.39999999999999946709e-01	 5.75536319496237102812e-08	 0.00000000000000000000e+00	 4.85135106024069298303e-08	 1.99598027407994933757e-03	 2.00081891735060446100e-03	 1.86690885034740926274e-03	 0.00000000000000000000e+00	 1.72693955601247242648e-03	 1.90373638803953220376e-03	 1.99763687802543979735e-03	 5.98525946867781189506e-07	 0.00000000000000000000e+00	 0.00000000000000000000e+00	 0.00000000000000000000e+00	 
 -9.19999999999999928946e-01	 5.90239947618034376778e-08	 0.00000000000000000000e+00	 4.97534941941739263364e-08	 2.04602515567228401827e-03	 2.05097529305178511577e-03	 1.91397752570339669577e-03	 0.00000000000000000000e+00	 1.77244301332052985737e-03	 1.95299459822263093457e-03	 2.04768467840314022377e-03	 6.10532136198680386523e-07	 0.00000000000000000000e+00	 0.00000000000000000000e+00	 0.00000000000000000000e+00	 
 -9.00000000000000022204e-01	 6.05208679329856523561e-08	 0.00000000000000000000e+00	 5.10133081074841934027e-08	 2.09692697871190691580e-03	 2.10199036474231814101e-03	 1.96185677253255712563e-03	 0.00000000000000000000e+00	 1.81878620190775437508e-03	 2.00313443894871521384e-03	 2.09858824554879372717e-03	 6.22677578128591317683e-07	 0.00000000000000000000e+00	 0.00000000000000000000e+00	 0.00000000000000000000e+00	 
 -8.80000000000000115463e-01	 6.20439783265061963291e-08	 0.00000000000000000000e+00	 5.22928457048525947657e-08	 2.14867047076021302349e-03	 2.15384858598287711254e-03	 2.01053196106353460754e-03	 0.00000000000000000000e+00	 1.86596149336382480244e-03	 2.05414363114701358642e-03	 2.15033244333386356836e-03	 6.34955775959985044746e-07	 0.00000000000000000000e+00	 0.00000000000000000000e+00	 0.00000000000000000000e+00	 
 -8.59999999999999986677e-01	 6.35929805488407943814e-08	 0.00000000000000000000e+00	 5.35919842070234112321e-08	 2.20123758468902374491e-03	 2.20653156964119561562e-03	 2.05998574336426366199e-03	 0.00000000000000000000e+00	 1.91395913356569476182e-03	 2.10600716821421948127e-03	 2.20289941520982954226e-03	 6.47359797335872597511e-07	 0.00000000000000000000e+00	 0.00000000000000000000e+00	 0.00000000000000000000e+00	 
 -8.40000000000000079936e-01	 6.51679807246128885845e-08	 0.00000000000000000000e+00	 5.49107088215083115489e-08	 2.25460763846605264857e-03	 2.26001824322561882183e-03	 2.11019821726442756427e-03	 0.00000000000000000000e+00	 1.96276723647255749161e-03	 2.15870724858224435905e-03	 2.25626855168445947589e-03	 6.59882276095611386095e-07	 0.00000000000000000000e+00	 0.00000000000000000000e+00	 0.00000000000000000000e+00	 
 -8.20000000000000062172e-01	 6.67698886805019939979e-08	 0.00000000000000000000e+00	 5.62491886475748629897e-08	 2.30875731335953432444e-03	 2.31428485091117290551e-03	 2.16114693902550890001e-03	 0.00000000000000000000e+00	 2.01237167690553487437e-03	 2.21222310800342101753e-03	 2.31041637702251263439e-03	 6.72515416711119877612e-07	 0.00000000000000000000e+00	 0.00000000000000000000e+00	 0.00000000000000000000e+00	 
 -8.00000000000000044409e-01	 6.83994453758941791103e-08	 0.00000000000000000000e+00	 5.76075800396961334345e-08	 2.36366000569451176899e-03	 2.36930426724828429447e-03	 2.21280624236575235511e-03	 0.00000000000000000000e+00	 2.06275567146464982454e-03	 2.26653053727268348136e-03	 2.36531610379066585190e-03	 6.85251001506287318757e-07	 0.00000000000000000000e+00	 0.00000000000000000000e+00	 0.00000000000000000000e+00	 
 -7.80000000000000026645e-01	 7.00573135314708496618e-08	 0.00000000000000000000e+00	 5.89853664077857277735e-08	 2.41928563464563180577e-03	 2.42504608933818976979e-03	 2.26514734823804204239e-03	 0.00000000000000000000e+00	 2.11389972625075596088e-03	 2.32160202281977761860e-03	 2.42093766834397929391e-03	 6.98080400858469569457e-07	 0.00000000000000000000e+00	 0.00000000000000000000e+00	 0.00000000000000000000e+00	 
 -7.60000000000000008882e-01	 7.17439843894546503060e-08	 0.00000000000000000000e+00	 6.03808747351159226036e-08	 2.47560040558666852664e-03	 2.48147658626717958902e-03	 2.31813833185992969679e-03	 0.00000000000000000000e+00	 2.16578147395693042937e-03	 2.37740668981713558147e-03	 2.47724764649902111369e-03	 7.10994586573982031923e-07	 0.00000000000000000000e+00	 0.00000000000000000000e+00	 0.00000000000000000000e+00	 
 -7.39999999999999991118e-01	 7.34599380534432368677e-08	 0.00000000000000000000e+00	 6.17917775212599465365e-08	 2.53256644817111001636e-03	 2.53855800612160257754e-03	 2.37174343008073008551e-03	 0.00000000000000000000e+00	 2.21837519248810344230e-03	 2.43390946373081736021e-03	 2.53420863934480196031e-03	 7.23984148620300293407e-07	 0.00000000000000000000e+00	 0.00000000000000000000e+00	 0.00000000000000000000e+00	 
 -7.19999999999999973355e-01	 7.52052905514313896334e-08	 0.00000000000000000000e+00	 6.32166191495938507575e-08	 2.59014218918665085900e-03	 2.59624873651521839019e-03	 2.42592263423450959017e-03	 0.00000000000000000000e+00	 2.27165180466122216749e-03	 2.49107106266517348142e-03	 2.59177916053782543895e-03	 7.37039315387281771552e-07	 0.00000000000000000000e+00	 0.00000000000000000000e+00	 0.00000000000000000000e+00	 
 -6.99999999999999955591e-01	 7.69795136975311543303e-08	 0.00000000000000000000e+00	 6.46556791315539380463e-08	 2.64828246840827750963e-03	 2.65450328304733199763e-03	 2.48063129224096196729e-03	 0.00000000000000000000e+00	 2.32557871504702985341e-03	 2.54884781651109780173e-03	 2.64991343295392601728e-03	 7.50149977634430271309e-07	 0.00000000000000000000e+00	 0.00000000000000000000e+00	 0.00000000000000000000e+00	 
 -6.79999999999999937828e-01	 7.87817043442063785363e-08	 0.00000000000000000000e+00	 6.61092245344579028169e-08	 2.70693741382030134829e-03	 2.71327139750092427573e-03	 2.53581988187234243226e-03	 0.00000000000000000000e+00	 2.38011912250440547598e-03	 2.60719084228758484628e-03	 2.70856082619228650740e-03	 7.63305716264466180256e-07	 0.00000000000000000000e+00	 0.00000000000000000000e+00	 0.00000000000000000000e+00	 
 -6.60000000000000031086e-01	 8.06104060249674299264e-08	 0.00000000000000000000e+00	 6.75774175390759221010e-08	 2.76605244788001624137e-03	 2.77249864608470480976e-03	 2.59143456819398891947e-03	 0.00000000000000000000e+00	 2.43523193813370607622e-03	 2.66604620323794604467e-03	 2.76766651668947398154e-03	 7.76495834049374741955e-07	 0.00000000000000000000e+00	 0.00000000000000000000e+00	 0.00000000000000000000e+00	 
 -6.40000000000000013323e-01	 8.24633734423016048081e-08	 0.00000000000000000000e+00	 6.90601769703589599848e-08	 2.82556814488627580997e-03	 2.83212664208065505178e-03	 2.64741741203924170131e-03	 0.00000000000000000000e+00	 2.49087152648717023717e-03	 2.72535480082735466142e-03	 2.82717177318914363732e-03	 7.89709391409778985372e-07	 0.00000000000000000000e+00	 0.00000000000000000000e+00	 0.00000000000000000000e+00	 
 -6.19999999999999884537e-01	 8.43369366479119412627e-08	 0.00000000000000000000e+00	 7.05574457054793428782e-08	 2.88541942145918066734e-03	 2.89209160163239999489e-03	 2.70370487008723091316e-03	 0.00000000000000000000e+00	 2.54698691216124518955e-03	 2.78505116766176270479e-03	 2.88701237724357144890e-03	 8.02935246324137091003e-07	 0.00000000000000000000e+00	 0.00000000000000000000e+00	 0.00000000000000000000e+00	 
 -5.99999999999999977796e-01	 8.62275483535739831184e-08	 0.00000000000000000000e+00	 7.20685745357243027919e-08	 2.94553649933324999607e-03	 2.95232427046682047514e-03	 2.76022847629677371001e-03	 0.00000000000000000000e+00	 2.60352181341370544909e-03	 2.84506390182226800989e-03	 2.94711899347089353179e-03	 8.16162098437462193874e-07	 0.00000000000000000000e+00	 0.00000000000000000000e+00	 0.00000000000000000000e+00	 
 -5.79999999999999849010e-01	 8.81323642165791594502e-08	 0.00000000000000000000e+00	 7.35918846448260566728e-08	 3.00584537169250754635e-03	 3.01274971584500469643e-03	 2.81691511936393509941e-03	 0.00000000000000000000e+00	 2.66041440537604116298e-03	 2.90531570501805207901e-03	 3.00741725169602347467e-03	 8.29378537394803558284e-07	 0.00000000000000000000e+00	 0.00000000000000000000e+00	 0.00000000000000000000e+00	 
 -5.60000000000000053291e-01	 9.00478888209922865498e-08	 0.00000000000000000000e+00	 7.51254065628425108231e-08	 3.06626575112840023957e-03	 3.07328652886224061927e-03	 2.87368529996679181182e-03	 0.00000000000000000000e+00	 2.71759615153577315308e-03	 2.96572165716593727502e-03	 3.06782641786845951259e-03	 8.42573095389955556695e-07	 0.00000000000000000000e+00	 0.00000000000000000000e+00	 0.00000000000000000000e+00	 
 -5.40000000000000035527e-01	 9.19733052639856732935e-08	 0.00000000000000000000e+00	 7.66666528683569909098e-08	 3.12671155051798786706e-03	 3.13384747011242852099e-03	 2.93045374153035444523e-03	 0.00000000000000000000e+00	 2.77499241468727973758e-03	 3.02619016264429711860e-03	 3.12826015294016823720e-03	 8.55734303957140287523e-07	 0.00000000000000000000e+00	 0.00000000000000000000e+00	 0.00000000000000000000e+00	 
 -5.20000000000000017764e-01	 9.39125635997795879154e-08	 0.00000000000000000000e+00	 7.82124288245914081348e-08	 3.18709102037760842394e-03	 3.19433970612464923633e-03	 2.98712960442478522166e-03	 0.00000000000000000000e+00	 2.83252254638168086270e-03	 3.08662329770243359581e-03	 3.18862683004586273255e-03	 8.68850754929294706010e-07	 0.00000000000000000000e+00	 0.00000000000000000000e+00	 0.00000000000000000000e+00	 
 -5.00000000000000000000e-01	 9.58690453155430273740e-08	 0.00000000000000000000e+00	 7.97588680829161518096e-08	 3.24730520248349766033e-03	 3.25466301559993419212e-03	 3.04361473661677109370e-03	 0.00000000000000000000e+00	 2.89009782465139740751e-03	 3.14691431147062685575e-03	 3.24882764185140029273e-03	 8.81911165423915880674e-07	 0.00000000000000000000e+00	 0.00000000000000000000e+00	 0.00000000000000000000e+00	 
 -4.79999999999999926725e-01	 9.78429581873499149401e-08	 0.00000000000000000000e+00	 8.13027251666079448085e-08	 3.30724841255825323036e-03	 3.31471159097725424567e-03	 3.09980525754246886982e-03	 0.00000000000000000000e+00	 2.94762211324032987608e-03	 3.20694929095983885872e-03	 3.30875757991163244737e-03	 8.94904446931831461151e-07	 0.00000000000000000000e+00	 0.00000000000000000000e+00	 0.00000000000000000000e+00	 
 -4.59999999999999964473e-01	 9.98289924586411540222e-08	 0.00000000000000000000e+00	 8.28421105549098095313e-08	 3.36680835645651599375e-03	 3.37437501350717778542e-03	 3.15559238953170206540e-03	 0.00000000000000000000e+00	 3.00499195400920132357e-03	 3.26660796598315060491e-03	 3.36830587787568906666e-03	 9.07819778258629308757e-07	 0.00000000000000000000e+00	 0.00000000000000000000e+00	 0.00000000000000000000e+00	 
 -4.40000000000000002220e-01	 1.01819501184073081674e-07	 0.00000000000000000000e+00	 8.43750506774064556862e-08	 3.42586449741490032053e-03	 3.43353502341193399586e-03	 3.21085948469265834021e-03	 0.00000000000000000000e+00	 3.06209423464690348379e-03	 3.32576025452471302560e-03	 3.42735380291439442960e-03	 9.20646681903895386740e-07	 0.00000000000000000000e+00	 0.00000000000000000000e+00	 0.00000000000000000000e+00	 
 -4.19999999999999984457e-01	 1.03806250994214070650e-07	 0.00000000000000000000e+00	 8.58997414523338398513e-08	 3.48429028138484524202e-03	 3.49206658323889885046e-03	 3.26548356480450266068e-03	 0.00000000000000000000e+00	 3.11880825714101923840e-03	 3.38426874568612456526e-03	 3.48577640602607810236e-03	 9.33375104356036996773e-07	 0.00000000000000000000e+00	 0.00000000000000000000e+00	 0.00000000000000000000e+00	 
 -3.99999999999999911182e-01	 1.05780914486926516563e-07	 0.00000000000000000000e+00	 8.74147093108989653889e-08	 3.54195436221799078019e-03	 3.54983835774458182655e-03	 3.31933610469730419959e-03	 0.00000000000000000000e+00	 3.17500672002640803651e-03	 3.44199003415252089561e-03	 3.54344344558081471991e-03	 9.45995499608148803049e-07	 0.00000000000000000000e+00	 0.00000000000000000000e+00	 0.00000000000000000000e+00	 
 -3.80000000000000004441e-01	 1.07732974077489168965e-07	 0.00000000000000000000e+00	 8.89184817727811924016e-08	 3.59871683933271017258e-03	 3.60671045086705631399e-03	 3.37228017308052567536e-03	 0.00000000000000000000e+00	 3.23055161753242267575e-03	 3.49877028848750472323e-03	 3.60021626171128442118e-03	 9.58498914651358481021e-07	 0.00000000000000000000e+00	 0.00000000000000000000e+00	 0.00000000000000000000e+00	 
 -3.59999999999999931166e-01	 1.09654662575147563491e-07	 0.00000000000000000000e+00	 9.04104098551488215059e-08	 3.65443259610552127412e-03	 3.66253773401957862313e-03	 3.42417258770147349065e-03	 0.00000000000000000000e+00	 3.28529664167974714759e-03	 3.55444733808120113053e-03	 3.65595036384913467387e-03	 9.70877079168067921039e-07	 0.00000000000000000000e+00	 0.00000000000000000000e+00	 0.00000000000000000000e+00	 
 -3.39999999999999968914e-01	 1.11543676043819964482e-07	 0.00000000000000000000e+00	 9.18911802372513376919e-08	 3.70895321038887219867e-03	 3.71717175078297139973e-03	 3.47486506145261615786e-03	 0.00000000000000000000e+00	 3.33908839909924197442e-03	 3.60885174922781319651e-03	 3.71049686225058319294e-03	 9.83122497246481859515e-07	 0.00000000000000000000e+00	 0.00000000000000000000e+00	 0.00000000000000000000e+00	 
 -3.20000000000000006661e-01	 1.13397749880122709645e-07	 0.00000000000000000000e+00	 9.33616100736853818912e-08	 3.76212198778694837178e-03	 3.77045576033070055713e-03	 3.52420071207775343486e-03	 0.00000000000000000000e+00	 3.39176192652072697534e-03	 3.66180299714289171978e-03	 3.76369845206231141282e-03	 9.95228536947959234289e-07	 0.00000000000000000000e+00	 0.00000000000000000000e+00	 0.00000000000000000000e+00	 
 -2.99999999999999933387e-01	 1.15216354824633522796e-07	 0.00000000000000000000e+00	 9.48215890735143518044e-08	 3.81377704464269141893e-03	 3.82222737597922961050e-03	 3.57201718686044793552e-03	 0.00000000000000000000e+00	 3.44314450478848919912e-03	 3.71311405218117951410e-03	 3.81539293653414962604e-03	 1.00718952674427978645e-06	 0.00000000000000000000e+00	 0.00000000000000000000e+00	 0.00000000000000000000e+00	 
 -2.80000000000000026645e-01	 1.17001722189797360967e-07	 0.00000000000000000000e+00	 9.62692985437770425238e-08	 3.86375298805613758696e-03	 3.87231996686348547629e-03	 3.61814836539330357199e-03	 0.00000000000000000000e+00	 3.49305778301751013865e-03	 3.76259400717956441623e-03	 3.86541519118063824426e-03	 1.01900085119514804887e-06	 0.00000000000000000000e+00	 0.00000000000000000000e+00	 0.00000000000000000000e+00	 
 -2.59999999999999953371e-01	 1.18756255197047186960e-07	 0.00000000000000000000e+00	 9.77028698909575341880e-08	 3.91187657886144304897e-03	 3.92055887635078641196e-03	 3.66241988844464910410e-03	 0.00000000000000000000e+00	 3.54131172328386346904e-03	 3.81004135580158840094e-03	 3.91359223663653374436e-03	 1.03065903090560884318e-06	 0.00000000000000000000e+00	 0.00000000000000000000e+00	 0.00000000000000000000e+00	 
 -2.39999999999999907851e-01	 1.20479985972519213483e-07	 0.00000000000000000000e+00	 9.91196057260669147272e-08	 3.95797040538858890812e-03	 3.96676599136383360722e-03	 3.70465331917640451620e-03	 0.00000000000000000000e+00	 3.58771040293936202895e-03	 3.85525182079753201553e-03	 3.95974723715682673519e-03	 1.04216182150087858430e-06	 0.00000000000000000000e+00	 0.00000000000000000000e+00	 0.00000000000000000000e+00	 
 -2.19999999999999945599e-01	 1.22168714817543980039e-07	 0.00000000000000000000e+00	 1.00515496151563929462e-07	 4.00185482373526142663e-03	 4.01076224697154929549e-03	 3.74466838282970938129e-03	 0.00000000000000000000e+00	 3.63205537159589936930e-03	 3.89802290103049512565e-03	 4.00370164616543813135e-03	 1.05350830355527001350e-06	 0.00000000000000000000e+00	 0.00000000000000000000e+00	 0.00000000000000000000e+00	 
 -1.99999999999999983347e-01	 1.23818006456857992606e-07	 0.00000000000000000000e+00	 1.01886126054533831103e-07	 4.04334320882558315158e-03	 4.05236169150887531876e-03	 3.78227750546739202239e-03	 0.00000000000000000000e+00	 3.67413741837358497067e-03	 3.93814340808423552637e-03	 4.04527003309593929936e-03	 1.06469890851222158285e-06	 0.00000000000000000000e+00	 0.00000000000000000000e+00	 0.00000000000000000000e+00	 
 -1.79999999999999993339e-01	 1.25418597115525195977e-07	 0.00000000000000000000e+00	 1.03226432114527145542e-07	 4.08224907280020903738e-03	 4.09137754810671300243e-03	 3.81729240968625965075e-03	 0.00000000000000000000e+00	 3.71374492269322059937e-03	 3.97540102006357139869e-03	 4.08426659340365132839e-03	 1.07573551159547760002e-06	 0.00000000000000000000e+00	 0.00000000000000000000e+00	 0.00000000000000000000e+00	 
 -1.59999999999999920064e-01	 1.26953609153041116396e-07	 0.00000000000000000000e+00	 1.04530532497228319250e-07	 4.11838992576439230642e-03	 4.12762542886930660496e-03	 3.84952764592523446335e-03	 0.00000000000000000000e+00	 3.75066868765073580319e-03	 4.00958640699718669997e-03	 4.12050863872437216073e-03	 1.08662148717349968362e-06	 0.00000000000000000000e+00	 0.00000000000000000000e+00	 0.00000000000000000000e+00	 
 -1.39999999999999902300e-01	 1.28402559291553561362e-07	 0.00000000000000000000e+00	 1.05791906783270227801e-07	 4.15157839063631101117e-03	 4.16091585577350528413e-03	 3.87879232907379235124e-03	 0.00000000000000000000e+00	 3.78469084823041587023e-03	 4.04048361452539507577e-03	 4.15380852290397548088e-03	 1.09736152425304457824e-06	 0.00000000000000000000e+00	 0.00000000000000000000e+00	 0.00000000000000000000e+00	 
 -1.20000000000000009437e-01	 1.29750410249267461820e-07	 0.00000000000000000000e+00	 1.07008949120292484973e-07	 4.18163024618248974074e-03	 4.19106194907693622997e-03	 3.90489870671675148861e-03	 0.00000000000000000000e+00	 3.81559606415481523262e-03	 4.06788173147241277627e-03	 4.18398000399979128755e-03	 1.10796169049280627579e-06	 0.00000000000000000000e+00	 0.00000000000000000000e+00	 0.00000000000000000000e+00	 
 -1.00000000000000005551e-01	 1.30992290278785150781e-07	 0.00000000000000000000e+00	 1.08188211473362695109e-07	 4.20836846128092110370e-03	 4.21788327844429926372e-03	 3.92766650510903946036e-03	 0.00000000000000000000e+00	 3.84317781200407913161e-03	 4.09158107674982649687e-03	 4.21084130037095109161e-03	 1.11842935601001736563e-06	 0.00000000000000000000e+00	 0.00000000000000000000e+00	 0.00000000000000000000e+00	 
 -8.00000000000000155431e-02	 1.32123351033807494349e-07	 0.00000000000000000000e+00	 1.09336307275034796568e-07	 4.23161349943927678208e-03	 4.24119661555884611137e-03	 3.94691242875404128820e-03	 0.00000000000000000000e+00	 3.86722396320797901642e-03	 4.11137850282584406403e-03	 4.23420763797368454595e-03	 1.12877223652150058335e-06	 0.00000000000000000000e+00	 0.00000000000000000000e+00	 0.00000000000000000000e+00	 
 -5.99999999999999630851e-02	 1.33140879880320229044e-07	 0.00000000000000000000e+00	 1.10455015589869211757e-07	 4.25119224832498990296e-03	 4.26082693079819427306e-03	 3.96245957666870127906e-03	 0.00000000000000000000e+00	 3.88752905274488986392e-03	 4.12708150615632377717e-03	 4.25390182866726158234e-03	 1.13900155545908237897e-06	 0.00000000000000000000e+00	 0.00000000000000000000e+00	 0.00000000000000000000e+00	 
 -3.99999999999999383826e-02	 1.34045481613549590558e-07	 0.00000000000000000000e+00	 1.11537966117879561919e-07	 4.26694204043335124227e-03	 4.27661265963022972636e-03	 3.97414172256038440018e-03	 0.00000000000000000000e+00	 3.90390071290470626678e-03	 4.13851511369402267487e-03	 4.26975933624538454142e-03	 1.14913334556587314990e-06	 0.00000000000000000000e+00	 0.00000000000000000000e+00	 0.00000000000000000000e+00	 
 -2.00000000000000281719e-02	 1.34838087784077756872e-07	 0.00000000000000000000e+00	 1.12578067244847825886e-07	 4.27870010130925338548e-03	 4.28839227265181803517e-03	 3.98179200437845468713e-03	 0.00000000000000000000e+00	 3.91614411370756494019e-03	 4.14550418898853873656e-03	 4.28161539164361587551e-03	 1.15918613960226865805e-06	 0.00000000000000000000e+00	 0.00000000000000000000e+00	 0.00000000000000000000e+00	 
 -4.82163733276643543166e-17	 1.35513523476201176992e-07	 0.00000000000000000000e+00	 1.13564319291176578104e-07	 4.28631290407068682446e-03	 4.29601478523031817675e-03	 3.98525645272934658792e-03	 0.00000000000000000000e+00	 3.92407996311787150151e-03	 4.14789083288048289477e-03	 4.28931677014962250971e-03	 1.16918250510336779713e-06	 0.00000000000000000000e+00	 0.00000000000000000000e+00	 0.00000000000000000000e+00	 
 2.00000000000001253164e-02	 1.36056679623605123194e-07	 0.00000000000000000000e+00	 1.14479962497345120503e-07	 4.28963975118619965377e-03	 4.29934395251436052982e-03	 3.98439987068940383586e-03	 0.00000000000000000000e+00	 3.92755345012479623740e-03	 4.14554208398868178492e-03	 4.29272677388912397151e-03	 1.17914996307372928673e-06	 0.00000000000000000000e+00	 0.00000000000000000000e+00	 0.00000000000000000000e+00	 
 4.00000000000001187939e-02	 1.36451073558856889027e-07	 0.00000000000000000000e+00	 1.15305140749930232486e-07	 4.28854188974023796399e-03	 4.29824579179435058846e-03	 3.97908900166797033920e-03	 0.00000000000000000000e+00	 3.92641093632636970640e-03	 4.13832782357068627854e-03	 4.29171093486562394564e-03	 1.18911812322072849144e-06	 0.00000000000000000000e+00	 0.00000000000000000000e+00	 0.00000000000000000000e+00	 
 6.00000000000000255351e-02	 1.36687710494484460429e-07	 0.00000000000000000000e+00	 1.16020914945078661438e-07	 4.28289862361652499956e-03	 4.29260419782495367819e-03	 3.96920728914602026494e-03	 0.00000000000000000000e+00	 3.92051962506902856864e-03	 4.12614023299692073143e-03	 4.28615008593127410491e-03	 1.19911790138786624913e-06	 0.00000000000000000000e+00	 0.00000000000000000000e+00	 0.00000000000000000000e+00	 
 7.99999999999999322764e-02	 1.36769859137116943611e-07	 0.00000000000000000000e+00	 1.16610945515648588192e-07	 4.27261380995514958303e-03	 4.28232706030276348563e-03	 3.95466033180788458651e-03	 0.00000000000000000000e+00	 3.90977616431009873665e-03	 4.10890117457859711109e-03	 4.27594509967933310984e-03	 1.20918069718271280797e-06	 0.00000000000000000000e+00	 0.00000000000000000000e+00	 0.00000000000000000000e+00	 
 9.99999999999999500400e-02	 1.36701134817928429342e-07	 0.00000000000000000000e+00	 1.17057056165635895130e-07	 4.25759550445077399050e-03	 4.26732666100797415620e-03	 3.93535744547695090501e-03	 0.00000000000000000000e+00	 3.89408097873860086641e-03	 4.08653727691050613902e-03	 4.26100091530880447505e-03	 1.21934068564134836854e-06	 0.00000000000000000000e+00	 0.00000000000000000000e+00	 0.00000000000000000000e+00	 
 1.20000000000000023315e-01	 1.36486025235469130923e-07	 0.00000000000000000000e+00	 1.17361319569971124101e-07	 4.23777446419602507599e-03	 4.24753723092036183928e-03	 3.91123144714452131848e-03	 0.00000000000000000000e+00	 3.87335950250077432760e-03	 4.05900181514413146283e-03	 4.24124664445108857935e-03	 1.22963293336764086513e-06	 0.00000000000000000000e+00	 0.00000000000000000000e+00	 0.00000000000000000000e+00	 
 1.40000000000000041078e-01	 1.36129870782795338634e-07	 0.00000000000000000000e+00	 1.17557649709079295277e-07	 4.21311056636225218092e-03	 4.22292077067463675344e-03	 3.88224548935999207860e-03	 0.00000000000000000000e+00	 3.84757001569451971210e-03	 4.02628162627303564508e-03	 4.21664292605695208843e-03	 1.24009235236740773166e-06	 0.00000000000000000000e+00	 0.00000000000000000000e+00	 0.00000000000000000000e+00	 
 1.59999999999999975575e-01	 1.35638297822478314487e-07	 0.00000000000000000000e+00	 1.17676581260923342044e-07	 4.18356906329604271572e-03	 4.19344472325157251180e-03	 3.84836737129853499392e-03	 0.00000000000000000000e+00	 3.81667569123241663329e-03	 3.98836876171609292646e-03	 4.18715581537933232564e-03	 1.25075169730436409889e-06	 0.00000000000000000000e+00	 0.00000000000000000000e+00	 0.00000000000000000000e+00	 
 1.79999999999999937828e-01	 1.35020791788244001574e-07	 0.00000000000000000000e+00	 1.17738302546379359174e-07	 4.14913850145535480218e-03	 4.15910051899173564827e-03	 3.80959322352097907657e-03	 0.00000000000000000000e+00	 3.78067369559446442642e-03	 3.94528988795117118576e-03	 4.15277801248157413250e-03	 1.26164782948831903125e-06	 0.00000000000000000000e+00	 0.00000000000000000000e+00	 0.00000000000000000000e+00	 
 2.00000000000000094369e-01	 1.34292214508460938931e-07	 0.00000000000000000000e+00	 1.17746377613489451914e-07	 4.10983519907484867034e-03	 4.11990833805886153690e-03	 3.76595458163646616342e-03	 0.00000000000000000000e+00	 3.73960522635147923909e-03	 3.89711505517185106962e-03	 4.11353503942519203862e-03	 1.27282325528775793733e-06	 0.00000000000000000000e+00	 0.00000000000000000000e+00	 0.00000000000000000000e+00	 
 2.20000000000000001110e-01	 1.33467234873141746987e-07	 0.00000000000000000000e+00	 1.17704628118300096923e-07	 4.06568049204279313019e-03	 4.07589344760257536737e-03	 3.71748699511377815249e-03	 0.00000000000000000000e+00	 3.69351583856240665849e-03	 3.84391819435457408882e-03	 4.06945756367785901192e-03	 1.28432077285018443578e-06	 0.00000000000000000000e+00	 0.00000000000000000000e+00	 0.00000000000000000000e+00	 
 2.39999999999999963363e-01	 1.32557969319195745224e-07	 0.00000000000000000000e+00	 1.17605083717669360533e-07	 4.01672764909299408187e-03	 4.02710499278363925207e-03	 3.66425955534104052028e-03	 0.00000000000000000000e+00	 3.64248447318420891586e-03	 3.78580661007516753452e-03	 4.02060387102159098871e-03	 1.29617698419576130000e-06	 0.00000000000000000000e+00	 0.00000000000000000000e+00	 0.00000000000000000000e+00	 
 2.59999999999999953371e-01	 1.31572042719758281520e-07	 0.00000000000000000000e+00	 1.17421774209120316443e-07	 3.96306925453911423202e-03	 3.97361920062799193337e-03	 3.60638274404352730113e-03	 0.00000000000000000000e+00	 3.58663080271416113975e-03	 3.72292703022031714125e-03	 3.96706475444238721578e-03	 1.30841810045253926597e-06	 0.00000000000000000000e+00	 0.00000000000000000000e+00	 0.00000000000000000000e+00	 
 2.80000000000000082157e-01	 1.30517201193826090619e-07	 0.00000000000000000000e+00	 1.17124824683266626194e-07	 3.90480104885036673895e-03	 3.91551557946615523542e-03	 3.54396840458150261949e-03	 0.00000000000000000000e+00	 3.52607595380920917430e-03	 3.65542650688565956205e-03	 3.90893420121018325686e-03	 1.32105246408111619482e-06	 0.00000000000000000000e+00	 0.00000000000000000000e+00	 0.00000000000000000000e+00	 
 2.99999999999999988898e-01	 1.29396263281519238931e-07	 0.00000000000000000000e+00	 1.16689800118852311861e-07	 3.84204784034900296771e-03	 3.85291087502197347053e-03	 3.47716319795215089358e-03	 0.00000000000000000000e+00	 3.46097592417562039541e-03	 3.58348339808337501208e-03	 3.84633542264884364589e-03	 1.33409177625106574102e-06	 0.00000000000000000000e+00	 0.00000000000000000000e+00	 0.00000000000000000000e+00	 
 3.20000000000000006661e-01	 1.28204317302802088854e-07	 0.00000000000000000000e+00	 1.16101605343494080943e-07	 3.77496799492321819663e-03	 3.78596802253611296532e-03	 3.40615568029527552782e-03	 0.00000000000000000000e+00	 3.39152842443867343428e-03	 3.50731146556870158199e-03	 3.77942548083119375657e-03	 1.34755502004836570552e-06	 0.00000000000000000000e+00	 0.00000000000000000000e+00	 0.00000000000000000000e+00	 
 3.39999999999999968914e-01	 1.26936446187548336942e-07	 0.00000000000000000000e+00	 1.15344121730195610665e-07	 3.70371931128877195094e-03	 3.71484935766497412907e-03	 3.33113080997581977732e-03	 0.00000000000000000000e+00	 3.31792743448323327465e-03	 3.42711937076711336408e-03	 3.70836095103838645284e-03	 1.36144612934669878294e-06	 0.00000000000000000000e+00	 0.00000000000000000000e+00	 0.00000000000000000000e+00	 
 3.59999999999999931166e-01	 1.25590303608968053102e-07	 0.00000000000000000000e+00	 1.14413097751870292509e-07	 3.62849322724941502835e-03	 3.63974747425238089049e-03	 3.25230948516175462359e-03	 0.00000000000000000000e+00	 3.24040423941570265506e-03	 3.34315021302249463717e-03	 3.63333275213260746550e-03	 1.37578137652841347412e-06	 0.00000000000000000000e+00	 0.00000000000000000000e+00	 0.00000000000000000000e+00	 
 3.80000000000000059952e-01	 1.24167314223348298043e-07	 0.00000000000000000000e+00	 1.13322192581218148587e-07	 3.54952102566857483068e-03	 3.56088972024489087975e-03	 3.16995555642370953342e-03	 0.00000000000000000000e+00	 3.15923494102930387320e-03	 3.25568708201379218917e-03	 3.55457271687589304934e-03	 1.39059713716819042413e-06	 0.00000000000000000000e+00	 0.00000000000000000000e+00	 0.00000000000000000000e+00	 
 4.00000000000000077716e-01	 1.22669019432974537062e-07	 0.00000000000000000000e+00	 1.12084878277140241776e-07	 3.46702745557429890116e-03	 3.47849717159883203149e-03	 3.08432184518995199107e-03	 0.00000000000000000000e+00	 3.07468406914774292429e-03	 3.16500013901889129531e-03	 3.47230619850273864238e-03	 1.40592470470243234920e-06	 0.00000000000000000000e+00	 0.00000000000000000000e+00	 0.00000000000000000000e+00	 
 4.19999999999999984457e-01	 1.21074191591267796014e-07	 0.00000000000000000000e+00	 1.10701356288867603998e-07	 3.38126298378097801811e-03	 3.39282074223211296132e-03	 2.99569771260991494360e-03	 0.00000000000000000000e+00	 2.98704558375452542546e-03	 3.07139400709784170587e-03	 3.38678326398417824800e-03	 1.42179408940964624085e-06	 0.00000000000000000000e+00	 0.00000000000000000000e+00	 0.00000000000000000000e+00	 
 4.39999999999999946709e-01	 1.19328192208595048381e-07	 0.00000000000000000000e+00	 1.09152112838118566950e-07	 3.29250626008097384972e-03	 3.30414559130704204443e-03	 2.90441644659303332965e-03	 0.00000000000000000000e+00	 2.89664689586268840268e-03	 2.97521372473990523139e-03	 3.29828068555459855485e-03	 1.43823340367448449214e-06	 0.00000000000000000000e+00	 0.00000000000000000000e+00	 0.00000000000000000000e+00	 
 4.60000000000000131006e-01	 1.17368841638162340983e-07	 0.00000000000000000000e+00	 1.07416532806774025141e-07	 3.20102231563795152150e-03	 3.21274300736082039573e-03	 2.81079017955406830487e-03	 0.00000000000000000000e+00	 2.80379471889340928931e-03	 2.87678111175390964147e-03	 3.20706183767395253820e-03	 1.45526214309896062035e-06	 0.00000000000000000000e+00	 0.00000000000000000000e+00	 0.00000000000000000000e+00	 
 4.80000000000000037748e-01	 1.15170690066667005161e-07	 0.00000000000000000000e+00	 1.05482755244120748817e-07	 3.10710199712037424963e-03	 3.11890881896105705284e-03	 2.71516343737260908847e-03	 0.00000000000000000000e+00	 2.70882250451179480699e-03	 2.77644010496834415733e-03	 3.11341689797365499606e-03	 1.47288600604283294050e-06	 0.00000000000000000000e+00	 0.00000000000000000000e+00	 0.00000000000000000000e+00	 
 5.00000000000000000000e-01	 1.12763175516516073758e-07	 0.00000000000000000000e+00	 1.03351971533878565490e-07	 3.01106530408678943825e-03	 3.02296609186027652461e-03	 2.61791941888645613920e-03	 0.00000000000000000000e+00	 2.61209433714483735614e-03	 2.67455819300122703622e-03	 3.01766663063063843297e-03	 1.49109121974932432988e-06	 0.00000000000000000000e+00	 0.00000000000000000000e+00	 0.00000000000000000000e+00	 
 5.20000000000000128786e-01	 1.10174042474764439785e-07	 0.00000000000000000000e+00	 1.01025171133348057348e-07	 2.91320970840944562519e-03	 2.92521528649584494977e-03	 2.51940813165467446602e-03	 0.00000000000000000000e+00	 2.51394285169436989061e-03	 2.57146958227685113949e-03	 2.92010937193245894913e-03	 1.50984188080992741446e-06	 0.00000000000000000000e+00	 0.00000000000000000000e+00	 0.00000000000000000000e+00	 
 5.40000000000000035527e-01	 1.07425299002521402127e-07	 0.00000000000000000000e+00	 9.85090368418010203692e-08	 2.81385529463270590844e-03	 2.82597604106606331911e-03	 2.42000322050141009750e-03	 0.00000000000000000000e+00	 2.41472092696064493528e-03	 2.46752921503174110079e-03	 2.82106420718016958488e-03	 1.52912376850261657299e-06	 0.00000000000000000000e+00	 0.00000000000000000000e+00	 0.00000000000000000000e+00	 
 5.60000000000000053291e-01	 1.04530559658825415809e-07	 0.00000000000000000000e+00	 9.58183766410225359274e-08	 2.71334788004114505974e-03	 2.72558877755898999393e-03	 2.32010586092661107507e-03	 0.00000000000000000000e+00	 2.31480427643242702915e-03	 2.36311529732999249173e-03	 2.72087327044558948894e-03	 1.54895619237809223911e-06	 0.00000000000000000000e+00	 0.00000000000000000000e+00	 0.00000000000000000000e+00	 
 5.79999999999999849010e-01	 1.01502620675049700485e-07	 0.00000000000000000000e+00	 9.29670925687231505969e-08	 2.61200058996704067085e-03	 2.62436194627303776006e-03	 2.22007182981400017635e-03	 0.00000000000000000000e+00	 2.21452599741538093056e-03	 2.25856127758191325972e-03	 2.61984657117177600211e-03	 1.56934683847777891146e-06	 0.00000000000000000000e+00	 0.00000000000000000000e+00	 0.00000000000000000000e+00	 
 5.99999999999999977796e-01	 9.83690301988180501853e-08	 0.00000000000000000000e+00	 8.99761829729228579873e-08	 2.51014123124938294540e-03	 2.52262070144788691159e-03	 2.12027868933478474620e-03	 0.00000000000000000000e+00	 2.11423671585409238965e-03	 2.15421421858354427553e-03	 2.51830836080735309679e-03	 1.59029480343420659909e-06	 0.00000000000000000000e+00	 0.00000000000000000000e+00	 0.00000000000000000000e+00	 
 6.20000000000000106581e-01	 9.51781229531132355105e-08	 0.00000000000000000000e+00	 8.68766446612486415849e-08	 2.40811360073923822270e-03	 2.42070900086956445826e-03	 2.02113067543045494406e-03	 0.00000000000000000000e+00	 2.01430781341581247382e-03	 2.05043617717780681312e-03	 2.41659822604019074166e-03	 1.61178757318671411227e-06	 0.00000000000000000000e+00	 0.00000000000000000000e+00	 0.00000000000000000000e+00	 
 6.39999999999999902300e-01	 9.19721376356294372013e-08	 0.00000000000000000000e+00	 8.36963866283257392824e-08	 2.30621903644160968980e-03	 2.31892863549394787764e-03	 1.92297309329667520314e-03	 0.00000000000000000000e+00	 1.91505607544372748706e-03	 1.94753362256908633433e-03	 2.31501409148812675731e-03	 1.63379338418346062691e-06	 0.00000000000000000000e+00	 0.00000000000000000000e+00	 0.00000000000000000000e+00	 
 6.60000000000000031086e-01	 8.87654865835537310489e-08	 0.00000000000000000000e+00	 8.04681297967518483389e-08	 2.20476838339130759570e-03	 2.21759089073242637163e-03	 1.82615850517301586686e-03	 0.00000000000000000000e+00	 1.81680873567747558708e-03	 1.84582434995077173528e-03	 2.21386426175034780814e-03	 1.65622060037053085328e-06	 0.00000000000000000000e+00	 0.00000000000000000000e+00	 0.00000000000000000000e+00	 
 6.80000000000000159872e-01	 8.55339626226559556537e-08	 0.00000000000000000000e+00	 7.72314674829991490814e-08	 2.10408283184750598271e-03	 2.11701734429366574333e-03	 1.73104759704101785096e-03	 0.00000000000000000000e+00	 1.71990563009758769264e-03	 1.74563970835060473623e-03	 2.11346855008153053021e-03	 1.67889508382059554989e-06	 0.00000000000000000000e+00	 0.00000000000000000000e+00	 0.00000000000000000000e+00	 
 6.99999999999999955591e-01	 8.22538093359472017790e-08	 0.00000000000000000000e+00	 7.40201675543337448602e-08	 2.00443200604310828999e-03	 2.01747834986372182736e-03	 1.63793280053208738060e-03	 0.00000000000000000000e+00	 1.62462144960115028453e-03	 1.64724466969817231674e-03	 2.01409584034812532208e-03	 1.70158437032943905615e-06	 0.00000000000000000000e+00	 0.00000000000000000000e+00	 0.00000000000000000000e+00	 
 7.20000000000000084377e-01	 7.89255091559401093776e-08	 0.00000000000000000000e+00	 7.08476819972147552291e-08	 1.90609377252800183539e-03	 1.91924990868582801343e-03	 1.54710428441632284226e-03	 0.00000000000000000000e+00	 1.53123345036634004104e-03	 1.55090903820566915206e-03	 1.91602305898544845834e-03	 1.72404591955946436388e-06	 0.00000000000000000000e+00	 0.00000000000000000000e+00	 0.00000000000000000000e+00	 
 7.39999999999999991118e-01	 7.55829115105767209000e-08	 0.00000000000000000000e+00	 6.76997660288781611983e-08	 1.80935599374701253442e-03	 1.82261438420739242498e-03	 1.45884848725149284497e-03	 0.00000000000000000000e+00	 1.44002203241242127466e-03	 1.45690865463573172162e-03	 1.81953680388229348426e-03	 1.74602894804559416284e-06	 0.00000000000000000000e+00	 0.00000000000000000000e+00	 0.00000000000000000000e+00	 
 7.60000000000000008882e-01	 7.22548959676356129862e-08	 0.00000000000000000000e+00	 6.45626857564552037553e-08	 1.71444613451443984668e-03	 1.72779508975179460668e-03	 1.37337898624173061247e-03	 0.00000000000000000000e+00	 1.35119531023616653090e-03	 1.36544498382986864704e-03	 1.72486406523448035887e-03	 1.76721024508027246090e-06	 0.00000000000000000000e+00	 0.00000000000000000000e+00	 0.00000000000000000000e+00	 
 7.80000000000000137668e-01	 6.89613207832635033832e-08	 0.00000000000000000000e+00	 6.14377254771918586132e-08	 1.62159131232687478419e-03	 1.63501560457009545435e-03	 1.29089601332897500365e-03	 0.00000000000000000000e+00	 1.26496264022034322037e-03	 1.27671959864367060358e-03	 1.63222930923653287982e-03	 1.78721120727240972479e-06	 0.00000000000000000000e+00	 0.00000000000000000000e+00	 0.00000000000000000000e+00	 
 7.99999999999999933387e-01	 6.57101745399732534397e-08	 0.00000000000000000000e+00	 5.83464285201553188034e-08	 1.53101790927961055842e-03	 1.54449946072937258079e-03	 1.21158135881025016099e-03	 0.00000000000000000000e+00	 1.18153546602313202704e-03	 1.19093446036428536779e-03	 1.54185322501257317425e-03	 1.80558428681074720262e-06	 0.00000000000000000000e+00	 0.00000000000000000000e+00	 0.00000000000000000000e+00	 
 8.20000000000000062172e-01	 6.25076013874280540503e-08	 0.00000000000000000000e+00	 5.53062394143342650478e-08	 1.44288724706132312492e-03	 1.45640635032157701907e-03	 1.13554700400363768782e-03	 0.00000000000000000000e+00	 1.10104814585986984267e-03	 1.10821304221591873142e-03	 1.45389319709424732867e-03	 1.82177040878869618479e-06	 0.00000000000000000000e+00	 0.00000000000000000000e+00	 0.00000000000000000000e+00	 
 8.39999999999999857891e-01	 5.93519919192434736060e-08	 0.00000000000000000000e+00	 5.23271605353096098492e-08	 1.35736076748533044355e-03	 1.37089509128996518347e-03	 1.06288056438561700524e-03	 0.00000000000000000000e+00	 1.02363855613944146512e-03	 1.02868282216254979325e-03	 1.36850908723320542626e-03	 1.83533477308490474312e-06	 0.00000000000000000000e+00	 0.00000000000000000000e+00	 0.00000000000000000000e+00	 
 8.60000000000000097700e-01	 5.62312801967200922690e-08	 0.00000000000000000000e+00	 4.94095006469717819756e-08	 1.27459999796832794232e-03	 1.28812312744200309009e-03	 9.93635495151735242958e-04	 0.00000000000000000000e+00	 9.49449707187932450368e-04	 9.52476829875410421766e-04	 1.28586385533725343529e-03	 1.84602058528963805940e-06	 0.00000000000000000000e+00	 0.00000000000000000000e+00	 0.00000000000000000000e+00	 
 8.80000000000000115463e-01	 5.31338219095378613059e-08	 0.00000000000000000000e+00	 4.65522751482663251358e-08	 1.19469875993026553029e-03	 1.20818194369319694900e-03	 9.27808181792964163995e-04	 0.00000000000000000000e+00	 8.78544465555453546121e-04	 8.79646629606117553928e-04	 1.20605354327384291235e-03	 1.85349303662746555384e-06	 0.00000000000000000000e+00	 0.00000000000000000000e+00	 0.00000000000000000000e+00	 
 8.99999999999999911182e-01	 5.00598592669307445843e-08	 0.00000000000000000000e+00	 4.37507182557351106964e-08	 1.11775218255588735909e-03	 1.13116675218580416649e-03	 8.65367130547550441645e-04	 0.00000000000000000000e+00	 8.10987651183364710063e-04	 8.10253032967356420432e-04	 1.12917709092595153555e-03	 1.85747002404102953821e-06	 0.00000000000000000000e+00	 0.00000000000000000000e+00	 0.00000000000000000000e+00	 
 9.20000000000000039968e-01	 4.70251722131768725275e-08	 0.00000000000000000000e+00	 4.09949349194315958135e-08	 1.04385652776975553988e-03	 1.05717696499584728510e-03	 8.06239743369297260332e-04	 0.00000000000000000000e+00	 7.46846337277377804627e-04	 7.44368596743789500032e-04	 1.05533668138488604879e-03	 1.85774914292228142865e-06	 0.00000000000000000000e+00	 0.00000000000000000000e+00	 0.00000000000000000000e+00	 
 9.39999999999999835687e-01	 4.40416252941155756661e-08	 0.00000000000000000000e+00	 3.82751030883365366995e-08	 9.73040228092731762470e-04	 9.86244720795489320311e-04	 7.50315649774340657878e-04	 0.00000000000000000000e+00	 6.86109355499678590790e-04	 6.81982346659501807891e-04	 9.84566571937615627255e-04	 1.85405298676917927822e-06	 0.00000000000000000000e+00	 0.00000000000000000000e+00	 0.00000000000000000000e+00	 
 9.60000000000000075495e-01	 4.11309535700847662617e-08	 0.00000000000000000000e+00	 3.55828112664894338546e-08	 9.05337466293688105518e-04	 9.18411317072238093592e-04	 6.97464043888548464525e-04	 0.00000000000000000000e+00	 6.28770863599721206889e-04	 6.23093807473270558557e-04	 9.16904093695052979478e-04	 1.84611033255831159470e-06	 0.00000000000000000000e+00	 0.00000000000000000000e+00	 0.00000000000000000000e+00	 
 9.80000000000000093259e-01	 3.83283105436483081041e-08	 0.00000000000000000000e+00	 3.29112104041112434135e-08	 8.40788129462400409160e-04	 8.53728288615706416495e-04	 6.47519726355158357911e-04	 0.00000000000000000000e+00	 5.74829893603739732443e-04	 5.67714474996821368696e-04	 8.52388871887328758437e-04	 1.83366936362750852983e-06	 0.00000000000000000000e+00	 0.00000000000000000000e+00	 0.00000000000000000000e+00	 
 9.99999999999999888978e-01	 3.56582640847943363960e-08	 0.00000000000000000000e+00	 3.02532348681577783565e-08	 7.79365531829996779044e-04	 7.92179030712967385819e-04	 6.00298723504520161109e-04	 0.00000000000000000000e+00	 5.24212273105536478296e-04	 5.15774195380471118556e-04	 7.90995156892160570725e-04	 1.81639772694733085533e-06	 0.00000000000000000000e+00	 0.00000000000000000000e+00	 0.00000000000000000000e+00	 
 1.02000000000000001776e+00	 3.31265993278261596912e-08	 0.00000000000000000000e+00	 2.76330165669928750465e-08	 7.21055416063728243405e-04	 7.33748679497212832543e-04	 5.55612736402097103297e-04	 0.00000000000000000000e+00	 4.76855974306850517817e-04	 4.67218103786055201018e-04	 7.32705575093396893963e-04	 1.79410823919175325811e-06	 0.00000000000000000000e+00	 0.00000000000000000000e+00	 0.00000000000000000000e+00	 
 1.04000000000000003553e+00	 3.07158995631239537628e-08	 0.00000000000000000000e+00	 2.51150372387442023763e-08	 6.65856129659646018941e-04	 6.78421431542278489599e-04	 5.13257246561883142752e-04	 0.00000000000000000000e+00	 4.32710244581137294054e-04	 4.22007284496434020068e-04	 6.77509998562187548687e-04	 1.76681589906781042791e-06	 0.00000000000000000000e+00	 0.00000000000000000000e+00	 0.00000000000000000000e+00	 
 1.06000000000000005329e+00	 2.84097183351056896123e-08	 0.00000000000000000000e+00	 2.27411261471356534940e-08	 6.13700681739032748684e-04	 6.26120849455495719418e-04	 4.73021235455070706774e-04	 0.00000000000000000000e+00	 3.91656941283934144186e-04	 3.80025238834358575300e-04	 6.25336522988694117585e-04	 1.73444948842287507664e-06	 0.00000000000000000000e+00	 0.00000000000000000000e+00	 0.00000000000000000000e+00	 
 1.08000000000000007105e+00	 2.61975993306917032137e-08	 0.00000000000000000000e+00	 2.05295360389376415554e-08	 5.64538860107531158435e-04	 5.76788072107357256517e-04	 4.34729512498968032486e-04	 0.00000000000000000000e+00	 3.53593991220354413388e-04	 3.41175256130415310591e-04	 5.76128413479083515726e-04	 1.69718023046149266138e-06	 0.00000000000000000000e+00	 0.00000000000000000000e+00	 0.00000000000000000000e+00	 
 1.09999999999999986677e+00	 2.40759583379069527479e-08	 0.00000000000000000000e+00	 1.84711944723650219151e-08	 5.18336668649836880031e-04	 5.30380832309523602905e-04	 3.98240786790088276310e-04	 0.00000000000000000000e+00	 3.18433041894903472516e-04	 3.05379702621006452259e-04	 5.29842681581581200108e-04	 1.65551270239216035969e-06	 0.00000000000000000000e+00	 0.00000000000000000000e+00	 0.00000000000000000000e+00	 
 1.11999999999999988454e+00	 2.20396086563713579854e-08	 0.00000000000000000000e+00	 1.65552955653693953819e-08	 4.74996950478849370991e-04	 4.86798029266424607791e-04	 3.63397259250395731744e-04	 0.00000000000000000000e+00	 2.86026263262599425921e-04	 2.72489571690049791480e-04	 4.86377736314575902406e-04	 1.60982264293261779162e-06	 0.00000000000000000000e+00	 0.00000000000000000000e+00	 0.00000000000000000000e+00	 
 1.14000000000000012434e+00	 2.00879864740544559847e-08	 0.00000000000000000000e+00	 1.47806230319614489632e-08	 4.34438819223990013111e-04	 4.45961928468960224891e-04	 3.30120200734537814612e-04	 0.00000000000000000000e+00	 2.56244869820801250433e-04	 2.42377851075257821955e-04	 4.45649752329613810329e-04	 1.56041309821272702692e-06	 0.00000000000000000000e+00	 0.00000000000000000000e+00	 0.00000000000000000000e+00	 
 1.15999999999999992006e+00	 1.82260898099710826525e-08	 0.00000000000000000000e+00	 1.31574509904389218413e-08	 3.96594838888432682338e-04	 4.07816778338699291711e-04	 2.98421449429448024538e-04	 0.00000000000000000000e+00	 2.28974924173076045718e-04	 2.14936619506039420851e-04	 4.07589816530728641340e-04	 1.50753672390683525599e-06	 0.00000000000000000000e+00	 0.00000000000000000000e+00	 0.00000000000000000000e+00	 
 1.18000000000000015987e+00	 1.64548353001227763170e-08	 0.00000000000000000000e+00	 1.16873115666079800528e-08	 3.61339865432571977905e-04	 3.72247824194042633682e-04	 2.68253938663120139897e-04	 0.00000000000000000000e+00	 2.04052350017904285655e-04	 1.89995729497593665840e-04	 3.72074355979084712889e-04	 1.45133227615292328609e-06	 0.00000000000000000000e+00	 0.00000000000000000000e+00	 0.00000000000000000000e+00	 
 1.19999999999999973355e+00	 1.47872895531398245584e-08	 0.00000000000000000000e+00	 1.03734548258764419867e-08	 3.28571730594229966232e-04	 3.39158534206557456259e-04	 2.39660763260523786752e-04	 0.00000000000000000000e+00	 1.81338761252051403625e-04	 1.67408500238145794767e-04	 3.39006107384735096318e-04	 1.39210158331518996265e-06	 0.00000000000000000000e+00	 0.00000000000000000000e+00	 0.00000000000000000000e+00	 
 1.21999999999999997335e+00	 1.32516721577817568955e-08	 0.00000000000000000000e+00	 9.22153146847362329682e-09	 2.98207977987596166251e-04	 3.08466749641480696836e-04	 2.12795330689732404205e-04	 0.00000000000000000000e+00	 1.60716746922043486221e-04	 1.47046670566656362007e-04	 3.08311620920324023793e-04	 1.33038593377391463544e-06	 0.00000000000000000000e+00	 0.00000000000000000000e+00	 0.00000000000000000000e+00	 
 1.24000000000000021316e+00	 1.18610835131298904199e-08	 0.00000000000000000000e+00	 8.22780465066856448528e-09	 2.70112903879128152338e-04	 2.80038638581105723321e-04	 1.87688493322960968813e-04	 0.00000000000000000000e+00	 1.42025487415492268151e-04	 1.28732372948737024349e-04	 2.79863735899831618699e-04	 1.26654887289722378535e-06	 0.00000000000000000000e+00	 0.00000000000000000000e+00	 0.00000000000000000000e+00	 
 1.25999999999999978684e+00	 1.06194235535173448599e-08	 0.00000000000000000000e+00	 7.37959109372811981973e-09	 2.44176527984953041419e-04	 2.53764154257986448635e-04	 1.64408995939350577407e-04	 0.00000000000000000000e+00	 1.25132170901147692522e-04	 1.12315399191224751427e-04	 2.53557490560426439588e-04	 1.20106951306843843693e-06	 0.00000000000000000000e+00	 0.00000000000000000000e+00	 0.00000000000000000000e+00	 
 1.28000000000000002665e+00	 9.52068733543643656798e-09	 0.00000000000000000000e+00	 6.65328071349044830515e-09	 2.20309765448716666321e-04	 2.29551792531934134274e-04	 1.43077432295230996817e-04	 0.00000000000000000000e+00	 1.09926191187992796272e-04	 9.76664815686115086579e-05	 2.29305081345384164856e-04	 1.13462011461257742511e-06	 0.00000000000000000000e+00	 0.00000000000000000000e+00	 0.00000000000000000000e+00	 
 1.30000000000000026645e+00	 8.55486243480592084366e-09	 0.00000000000000000000e+00	 6.02868347438551997008e-09	 1.98375213478932648642e-04	 2.07264221653009504329e-04	 1.23670327254114798248e-04	 0.00000000000000000000e+00	 9.62592607139458353131e-05	 8.46177873885956965006e-05	 2.06971853236390714850e-04	 1.06763341144810956960e-06	 0.00000000000000000000e+00	 0.00000000000000000000e+00	 0.00000000000000000000e+00	 
 1.32000000000000006217e+00	 7.70751543560305262103e-09	 0.00000000000000000000e+00	 5.48654120374796520741e-09	 1.78261998435337695647e-04	 1.86787360806225173800e-04	 1.06168840455850467400e-04	 0.00000000000000000000e+00	 8.40096714042550565772e-05	 7.30320138740572050943e-05	 1.86450308317757425117e-04	 1.00059820016936999012e-06	 0.00000000000000000000e+00	 0.00000000000000000000e+00	 0.00000000000000000000e+00	 
 1.34000000000000007994e+00	 6.95817264562444181644e-09	 0.00000000000000000000e+00	 5.00686633225638708800e-09	 1.59879334687378863583e-04	 1.68023206010014115441e-04	 9.05627804247692200744e-05	 0.00000000000000000000e+00	 7.30753401759531216698e-05	 6.27947694139212021737e-05	 1.67653953072762938129e-04	 9.34130074476158424454e-07	 0.00000000000000000000e+00	 0.00000000000000000000e+00	 0.00000000000000000000e+00	 
 1.35999999999999987566e+00	 6.28903536370249230711e-09	 0.00000000000000000000e+00	 4.57383392643205035937e-09	 1.43093853896050961097e-04	 1.50835829142712348925e-04	 7.67299051923504816207e-05	 0.00000000000000000000e+00	 6.33234833626401051902e-05	 5.37605646869679688351e-05	 1.50453596055035452098e-04	 8.68570913432288113207e-07	 0.00000000000000000000e+00	 0.00000000000000000000e+00	 0.00000000000000000000e+00	 
 1.37999999999999989342e+00	 5.67568962766697149038e-09	 0.00000000000000000000e+00	 4.17174281519126208389e-09	 1.27799423269734366889e-04	 1.35120301207657334203e-04	 6.45666334296550600228e-05	 0.00000000000000000000e+00	 5.46508130655830616225e-05	 4.58167193285753118152e-05	 1.34744606742651627535e-04	 8.04319635215420851565e-07	 0.00000000000000000000e+00	 0.00000000000000000000e+00	 0.00000000000000000000e+00	 
 1.40000000000000013323e+00	 5.08440743274922384277e-09	 0.00000000000000000000e+00	 3.78350114782968400811e-09	 1.13909401449943108891e-04	 1.20795284505145582429e-04	 5.39845868081202805871e-05	 0.00000000000000000000e+00	 4.69765730255097520643e-05	 3.88758455271470798587e-05	 1.20439083248038254163e-04	 7.41896755569793585000e-07	 0.00000000000000000000e+00	 0.00000000000000000000e+00	 0.00000000000000000000e+00	 
 1.41999999999999992895e+00	 4.48949534597616297635e-09	 0.00000000000000000000e+00	 3.39612409907469438188e-09	 1.01300051870624097561e-04	 1.07742131543321658488e-04	 4.48194065892806143246e-05	 0.00000000000000000000e+00	 4.01911936465040259899e-05	 3.28210062643227766738e-05	 1.07413624016043939046e-04	 6.81522646574557953247e-07	 0.00000000000000000000e+00	 0.00000000000000000000e+00	 0.00000000000000000000e+00	 
 1.44000000000000016875e+00	 3.89430209670190881766e-09	 0.00000000000000000000e+00	 3.01048399508657007733e-09	 8.98750022214221862011e-05	 9.58705995309730728314e-05	 3.69395138823763285714e-05	 0.00000000000000000000e+00	 3.42127229580652908827e-05	 2.75610457687604408299e-05	 9.55739692680822875348e-05	 6.23515060051602134923e-07	 0.00000000000000000000e+00	 0.00000000000000000000e+00	 0.00000000000000000000e+00	 
 1.45999999999999996447e+00	 3.33324278605175007625e-09	 0.00000000000000000000e+00	 2.64215635545007259027e-09	 7.95566107167316435888e-05	 8.51109003282335868689e-05	 3.02372834095697876435e-05	 0.00000000000000000000e+00	 2.89800533011054425305e-05	 2.30228532654107479014e-05	 8.48466637129922609433e-05	 5.68346574376776974141e-07	 0.00000000000000000000e+00	 0.00000000000000000000e+00	 0.00000000000000000000e+00	 
 1.47999999999999998224e+00	 2.82255991247878860170e-09	 0.00000000000000000000e+00	 2.29888895151596706943e-09	 7.02346600118415587393e-05	 7.53580997213281383916e-05	 2.45552390188910759587e-05	 0.00000000000000000000e+00	 2.44043973658875043315e-05	 1.91104435854543298879e-05	 7.51245522303912652414e-05	 5.16142963051093678883e-07	 0.00000000000000000000e+00	 0.00000000000000000000e+00	 0.00000000000000000000e+00	 
 1.50000000000000000000e+00	 2.37461459636465840953e-09	 0.00000000000000000000e+00	 1.98687139281274989097e-09	 6.18258828599908957444e-05	 6.65342550636581795765e-05	 1.97738902427879232509e-05	 0.00000000000000000000e+00	 2.04211727350435672673e-05	 1.57532385197425682391e-05	 6.63275449685301184089e-05	 4.67025752927597549235e-07	 0.00000000000000000000e+00	 0.00000000000000000000e+00	 0.00000000000000000000e+00	 
 1.52000000000000001776e+00	 1.99958046638431791834e-09	 0.00000000000000000000e+00	 1.71151837854127497256e-09	 5.42649556132384977146e-05	 5.85800716392995390316e-05	 1.58003661641579420288e-05	 0.00000000000000000000e+00	 1.69834302220248244586e-05	 1.28987018257652019508e-05	 5.83940106878734686261e-05	 4.21143060271804886013e-07	 0.00000000000000000000e+00	 0.00000000000000000000e+00	 0.00000000000000000000e+00	 
 1.54000000000000003553e+00	 1.69502869318841238447e-09	 0.00000000000000000000e+00	 1.47235136622785714935e-09	 4.74571217975341112403e-05	 5.14035610924215506765e-05	 1.25072094266265879331e-05	 0.00000000000000000000e+00	 1.40190912465868692817e-05	 1.04736660714815725797e-05	 5.12310502602524329768e-05	 3.78376183076150169366e-07	 0.00000000000000000000e+00	 0.00000000000000000000e+00	 0.00000000000000000000e+00	 
 1.56000000000000027534e+00	 1.44846729255568347109e-09	 0.00000000000000000000e+00	 1.26235552229061580423e-09	 4.13365265896193474424e-05	 4.49390235653680521037e-05	 9.80116696691092558424e-06	 0.00000000000000000000e+00	 1.14782001916835691579e-05	 8.42693174495707661637e-06	 4.47747192961454683791e-05	 3.38742741196771118461e-07	 0.00000000000000000000e+00	 0.00000000000000000000e+00	 0.00000000000000000000e+00	 
 1.58000000000000007105e+00	 1.23673637191805107307e-09	 0.00000000000000000000e+00	 1.06764835789565134675e-09	 3.58575928528958841617e-05	 3.91385943678219925027e-05	 7.61159740226980264903e-06	 0.00000000000000000000e+00	 9.32659780418837405672e-06	 6.72264593741492576034e-06	 3.89816870375795900472e-05	 3.02406330157131858617e-07	 0.00000000000000000000e+00	 0.00000000000000000000e+00	 0.00000000000000000000e+00	 
 1.60000000000000008882e+00	 1.04431018652220752341e-09	 0.00000000000000000000e+00	 8.78766681675516010038e-10	 3.09436269062099392918e-05	 3.39234664190085253525e-05	 5.84424002224267875806e-06	 0.00000000000000000000e+00	 7.50707682176983369778e-06	 5.30594230786068345380e-06	 3.37756223604370719982e-05	 2.69218497270445627903e-07	 0.00000000000000000000e+00	 0.00000000000000000000e+00	 0.00000000000000000000e+00	 
 1.61999999999999988454e+00	 8.68052895127774163674e-10	 0.00000000000000000000e+00	 6.99862991288292943851e-10	 2.65476464148313016000e-05	 2.92450823295531162310e-05	 4.43229372352790068309e-06	 0.00000000000000000000e+00	 5.98077154769402385601e-06	 4.13903195806220502230e-06	 2.91093992554675798378e-05	 2.38962758892009989173e-07	 0.00000000000000000000e+00	 0.00000000000000000000e+00	 0.00000000000000000000e+00	 
 1.64000000000000012434e+00	 7.15808375545869546765e-10	 0.00000000000000000000e+00	 5.48329838119761411208e-10	 2.26446342778196777368e-05	 2.50771408205164591273e-05	 3.32595578645653881916e-06	 0.00000000000000000000e+00	 4.72109385902720866425e-06	 3.19528096677632212638e-06	 2.49573664734361431333e-05	 2.11339614133255846513e-07	 0.00000000000000000000e+00	 0.00000000000000000000e+00	 0.00000000000000000000e+00	 
 1.66000000000000014211e+00	 5.88235745888074956378e-10	 0.00000000000000000000e+00	 4.26679148452140715776e-10	 1.91734596839857454663e-05	 2.13571460163178000866e-05	 2.46074318349731131018e-06	 0.00000000000000000000e+00	 3.68277060816507043967e-06	 2.43340845151636157729e-06	 2.12570225109833388225e-05	 1.85961319692642927622e-07	 0.00000000000000000000e+00	 0.00000000000000000000e+00	 0.00000000000000000000e+00	 
 1.67999999999999993783e+00	 4.83159517066339692241e-10	 0.00000000000000000000e+00	 3.31222496989283831344e-10	 1.61011787671048116994e-05	 1.80516543334481123419e-05	 1.79288889790616609566e-06	 0.00000000000000000000e+00	 2.83565191730792885176e-06	 1.82563858115411872559e-06	 1.79727407225826731280e-05	 1.62683232753823214453e-07	 0.00000000000000000000e+00	 0.00000000000000000000e+00	 0.00000000000000000000e+00	 
 1.70000000000000017764e+00	 3.95716055794354992355e-10	 0.00000000000000000000e+00	 2.52902462125949945008e-10	 1.34159649550581860770e-05	 1.51490146178891526245e-05	 1.29074028065405278150e-06	 0.00000000000000000000e+00	 2.15891596503014885329e-06	 1.35236979834111571981e-06	 1.50884322510153359823e-05	 1.41562493201396054917e-07	 0.00000000000000000000e+00	 0.00000000000000000000e+00	 0.00000000000000000000e+00	 
 1.71999999999999997335e+00	 3.21506197381007563493e-10	 0.00000000000000000000e+00	 1.85527850122838483561e-10	 1.10661211171615461962e-05	 1.25967368200407695754e-05	 9.14009506875219687169e-07	 0.00000000000000000000e+00	 1.61849058977288866104e-06	 9.84336666803645869399e-07	 1.25500067100422221599e-05	 1.22398101452330315330e-07	 0.00000000000000000000e+00	 0.00000000000000000000e+00	 0.00000000000000000000e+00	 
 1.73999999999999999112e+00	 2.57270571894584956929e-10	 0.00000000000000000000e+00	 1.28587164956954196645e-10	 9.02646759855340504179e-06	 1.03687256955290543092e-05	 6.36126183438275112945e-07	 0.00000000000000000000e+00	 1.19282254065935825155e-06	 7.02792200628034426766e-07	 1.03315206017160754866e-05	 1.05108597690162484111e-07	 0.00000000000000000000e+00	 0.00000000000000000000e+00	 0.00000000000000000000e+00	 
 1.76000000000000023093e+00	 2.00210016414597950069e-10	 0.00000000000000000000e+00	 8.61709382559259560004e-11	 7.29109668647913816529e-06	 8.45792581414532860856e-06	 4.37854742453808717112e-07	 0.00000000000000000000e+00	 8.67617827802622521819e-07	 4.94971818112702678518e-07	 8.42751167515766024538e-06	 8.97077190368900829006e-08	 0.00000000000000000000e+00	 0.00000000000000000000e+00	 0.00000000000000000000e+00	 
 1.78000000000000002665e+00	 1.48026991161306998141e-10	 0.00000000000000000000e+00	 5.59883788198996971462e-11	 5.81331371016494682046e-06	 6.81633512676382721752e-06	 2.96570013891086398511e-07	 0.00000000000000000000e+00	 6.19348776957796008791e-07	 3.42015097636020883762e-07	 6.79103216684730471116e-06	 7.59555328967417557498e-08	 0.00000000000000000000e+00	 0.00000000000000000000e+00	 0.00000000000000000000e+00	 
 1.80000000000000004441e+00	 1.02368838642027986533e-10	 0.00000000000000000000e+00	 3.56402171078575680872e-11	 4.56601140133243433417e-06	 5.41614684662197587954e-06	 1.97763093837817482205e-07	 0.00000000000000000000e+00	 4.32982594311722408003e-07	 2.31594161646562143248e-07	 5.39544537769223239026e-06	 6.36634485162735590309e-08	 0.00000000000000000000e+00	 0.00000000000000000000e+00	 0.00000000000000000000e+00	 
 1.81999999999999984013e+00	 6.82913947006879668483e-11	 0.00000000000000000000e+00	 2.25209850188291511463e-11	 3.53394007604547789677e-06	 4.24185320361231139711e-06	 1.30786591298692474470e-07	 0.00000000000000000000e+00	 2.97728018564549381721e-07	 1.54507310567824478914e-07	 4.22669822494747075814e-06	 5.26625885702376620754e-08	 0.00000000000000000000e+00	 0.00000000000000000000e+00	 0.00000000000000000000e+00	 
 1.84000000000000007994e+00	 4.41376785541114186071e-11	 0.00000000000000000000e+00	 1.40656965697050547101e-11	 2.68703728212664560594e-06	 3.26520630707056144215e-06	 8.53497783127040321688e-08	 0.00000000000000000000e+00	 2.00288429548393582488e-07	 1.01025871138976390906e-07	 3.25564671050785346920e-06	 4.29120496109271650544e-08	 0.00000000000000000000e+00	 0.00000000000000000000e+00	 0.00000000000000000000e+00	 
 1.86000000000000009770e+00	 2.79969681009403829025e-11	 0.00000000000000000000e+00	 8.73510285422130687397e-12	 2.00519846843524304631e-06	 2.46751288787234476804e-06	 5.51852783045481121780e-08	 0.00000000000000000000e+00	 1.32088356526792612442e-07	 6.49944031693971122139e-08	 2.46264327914668907716e-06	 3.43913759942621201935e-08	 0.00000000000000000000e+00	 0.00000000000000000000e+00	 0.00000000000000000000e+00	 
 1.87999999999999989342e+00	 1.77005108003864598824e-11	 0.00000000000000000000e+00	 5.45266582807412429695e-12	 1.47031227437381615906e-06	 1.83169649026362666664e-06	 3.56615734677667700062e-08	 0.00000000000000000000e+00	 8.62085254769743495183e-08	 4.15747748183380923100e-08	 1.82965171386765618338e-06	 2.70643636416064536967e-08	 0.00000000000000000000e+00	 0.00000000000000000000e+00	 0.00000000000000000000e+00	 
 1.89999999999999991118e+00	 1.10841405609237855176e-11	 0.00000000000000000000e+00	 3.39003178994107629462e-12	 1.05380038713756979803e-06	 1.32893008164459996588e-06	 2.28235297592928096279e-08	 0.00000000000000000000e+00	 5.53201525397597255716e-08	 2.62593623751322642362e-08	 1.32835847045770163801e-06	 2.07513785745521721815e-08	 0.00000000000000000000e+00	 0.00000000000000000000e+00	 0.00000000000000000000e+00	 
 1.92000000000000015099e+00	 6.91737409826678841127e-12	 0.00000000000000000000e+00	 2.10742903567989840457e-12	 7.37539775473749024536e-07	 9.41032560669567499628e-07	 1.45007922289539951001e-08	 0.00000000000000000000e+00	 3.50960954457523318234e-08	 1.64787547790384519449e-08	 9.40962455908734997656e-07	 1.54042340952554577801e-08	 0.00000000000000000000e+00	 0.00000000000000000000e+00	 0.00000000000000000000e+00	 
 1.93999999999999994671e+00	 4.34693673381825563519e-12	 0.00000000000000000000e+00	 1.32165401345950974150e-12	 5.05558176635219424600e-07	 6.51872764344600578704e-07	 9.22002101361484620061e-09	 0.00000000000000000000e+00	 2.22684624917335918663e-08	 1.03887478775355317858e-08	 6.51623328818764555800e-07	 1.10553068349681792046e-08	 0.00000000000000000000e+00	 0.00000000000000000000e+00	 0.00000000000000000000e+00	 
 1.95999999999999996447e+00	 2.70375924420224802474e-12	 0.00000000000000000000e+00	 8.21258960623629923690e-13	 3.35514773850818516968e-07	 4.36822973341611830033e-07	 5.77433157403942942025e-09	 0.00000000000000000000e+00	 1.39212590533926052556e-08	 6.47261854295545474387e-09	 4.36189296170632382597e-07	 7.58397964496075904375e-09	 0.00000000000000000000e+00	 0.00000000000000000000e+00	 0.00000000000000000000e+00	 
 1.97999999999999998224e+00	 1.64894633954960599697e-12	 0.00000000000000000000e+00	 5.00639161435605350417e-13	 2.13606283235639147536e-07	 2.80345026318521129906e-07	 3.53405993441532549413e-09	 0.00000000000000000000e+00	 8.51150336761854178718e-09	 3.95074096112261073612e-09	 2.79450936822419213573e-07	 4.91213174842827599285e-09	 0.00000000000000000000e+00	 0.00000000000000000000e+00	 0.00000000000000000000e+00	 
 2.00000000000000000000e+00	 9.61141347275119896253e-13	 0.00000000000000000000e+00	 2.91756752818141695292e-13	 1.27630812989010723366e-07	 1.68328045394967679468e-07	 2.06342492515745777217e-09	 0.00000000000000000000e+00	 4.96698000024827096663e-09	 2.30369753770497251960e-09	 1.67574796568751619229e-07	 2.95881149624719292388e-09	 0.00000000000000000000e+00	 0.00000000000000000000e+00	 0.00000000000000000000e+00	 
 2.02000000000000001776e+00	 4.69058898653992657199e-13	 0.00000000000000000000e+00	 1.42373172587191644157e-13	 6.30850210187848702029e-08	 8.34166985307760586635e-08	 1.00770314065076084731e-09	 0.00000000000000000000e+00	 2.42514276608351972267e-09	 1.12443052583241622693e-09	 8.29771309838047577210e-08	 1.46717596644873633607e-09	 0.00000000000000000000e+00	 0.00000000000000000000e+00	 0.00000000000000000000e+00	 
 2.04000000000000003553e+00	 1.45792250814030883474e-13	 0.00000000000000000000e+00	 4.42513720391365127300e-14	 1.96663970220627198209e-08	 2.60199864153905684958e-08	 3.13268327268631884558e-10	 0.00000000000000000000e+00	 7.53870233888222847451e-10	 3.49507761133456761106e-10	 2.58783534229446554594e-08	 4.57745144375814916884e-10	 0.00000000000000000000e+00	 0.00000000000000000000e+00	 0.00000000000000000000e+00	 
 2.06000000000000005329e+00	 3.81340575185457056352e-14	 0.00000000000000000000e+00	 1.15744741446357337687e-14	 5.15078581188116205446e-09	 6.81657438977557605500e-09	 8.19466837508087747246e-11	 0.00000000000000000000e+00	 1.97196856630100071305e-10	 9.14204916055544714264e-11	 6.77897917095421189512e-09	 1.19931469730269793947e-10	 0.00000000000000000000e+00	 0.00000000000000000000e+00	 0.00000000000000000000e+00	 
 2.08000000000000007105e+00	 9.05606961587300369018e-15	 0.00000000000000000000e+00	 2.74868734995461307021e-15	 1.22432981090686316027e-09	 1.62057452989365914448e-09	 1.94617846114482113116e-11	 0.00000000000000000000e+00	 4.68320685245686890739e-11	 2.17107954414472470493e-11	 1.61155299691409602653e-09	 2.85146449997893498712e-11	 0.00000000000000000000e+00	 0.00000000000000000000e+00	 0.00000000000000000000e+00	 
 2.10000000000000053291e+00	 1.96607346559880240632e-15	 0.00000000000000000000e+00	 5.96737771238939989158e-16	 2.65975624059281607330e-10	 3.52101830854216791932e-10	 4.22532066687261807399e-12	 0.00000000000000000000e+00	 1.01675138727232830830e-11	 4.71345614777992941936e-12	 3.50128540742689147962e-10	 6.19567002529841510764e-12	 0.00000000000000000000e+00	 0.00000000000000000000e+00	 0.00000000000000000000e+00	 
 2.12000000000000010658e+00	 3.92193574171042001081e-16	 0.00000000000000000000e+00	 1.19037282696530153667e-16	 5.30819842353021564615e-11	 7.02771513062982650980e-11	 8.42892997198365287504e-13	 0.00000000000000000000e+00	 2.02825966680599196511e-12	 9.40248900662702258922e-13	 6.98813686670661791233e-11	 1.23665444906418400720e-12	 0.00000000000000000000e+00	 0.00000000000000000000e+00	 0.00000000000000000000e+00	 
 2.14000000000000012434e+00	 7.21364203681220927149e-17	 0.00000000000000000000e+00	 2.18945604194690565154e-17	 9.76675605649309196608e-12	 1.29314439559691072962e-11	 1.55036942317071643752e-13	 0.00000000000000000000e+00	 3.73064063108641352875e-13	 1.72941342271864607613e-13	 1.28583561276577231650e-11	 2.27557447828103898563e-13	 0.00000000000000000000e+00	 0.00000000000000000000e+00	 0.00000000000000000000e+00	 
 2.15999999999999969802e+00	 1.22596726807842981642e-17	 0.00000000000000000000e+00	 3.72100181879850395516e-18	 1.66028969513512606437e-12	 2.19837804214718090235e-12	 2.63490967199366839929e-14	 0.00000000000000000000e+00	 6.34032980169630332212e-14	 2.93916837535382080898e-14	 2.18592009709062170642e-12	 3.86859525827409983443e-14	 0.00000000000000000000e+00	 0.00000000000000000000e+00	 0.00000000000000000000e+00	 
 2.18000000000000015987e+00	 1.92698979440098349979e-18	 0.00000000000000000000e+00	 5.84870832616888951305e-19	 2.61014512084340778228e-13	 3.45620291232541957371e-13	 4.14162541017433535030e-15	 0.00000000000000000000e+00	 9.96587406712715990216e-15	 4.61982991007975934741e-15	 3.43657886157437967783e-13	 6.08212064300522892177e-15	 0.00000000000000000000e+00	 0.00000000000000000000e+00	 0.00000000000000000000e+00	 
 2.20000000000000017764e+00	 2.80103269465473334200e-19	 0.00000000000000000000e+00	 8.50155554183373012005e-20	 3.79456793943995043291e-14	 5.02468379033416071102e-14	 6.02022733024592767877e-16	 0.00000000000000000000e+00	 1.44862622537139011617e-15	 6.71530066498402217327e-16	 4.99611307803148288842e-14	 8.84235641208994855384e-16	 0.00000000000000000000e+00	 0.00000000000000000000e+00	 0.00000000000000000000e+00	 
 2.21999999999999975131e+00	 3.76151118627993368721e-20	 0.00000000000000000000e+00	 1.14167459626257306423e-20	 5.09623732273247597244e-15	 6.74846065997825257413e-15	 8.08461751774472182642e-17	 0.00000000000000000000e+00	 1.94536952449870855797e-16	 9.01799849434580576733e-17	 6.71004798991819178190e-15	 1.18758987871052550700e-16	 0.00000000000000000000e+00	 0.00000000000000000000e+00	 0.00000000000000000000e+00	 
 2.24000000000000021316e+00	 4.65820068627440873465e-21	 0.00000000000000000000e+00	 1.41383264056301046292e-21	 6.31156256996522807795e-16	 8.35792164100058430621e-16	 1.00119127985208646214e-17	 0.00000000000000000000e+00	 2.40912364554286023718e-17	 1.11677676275005016910e-17	 8.31031120067319725042e-16	 1.47082781546528853098e-17	 0.00000000000000000000e+00	 0.00000000000000000000e+00	 0.00000000000000000000e+00	 
 2.25999999999999978684e+00	 5.30579399689512300219e-22	 0.00000000000000000000e+00	 1.61038631507530737403e-22	 7.18938562895621672744e-17	 9.52045626094212723371e-17	 1.14038238123925945134e-18	 0.00000000000000000000e+00	 2.74405049821816485583e-18	 1.27203430841401959522e-18	 9.46619325020758293338e-17	 1.67541559969679981807e-18	 0.00000000000000000000e+00	 0.00000000000000000000e+00	 0.00000000000000000000e+00	 
 2.27999999999999980460e+00	 5.53971192335120713625e-23	 0.00000000000000000000e+00	 1.68138350805523509143e-23	 7.50662647358202814930e-18	 9.94063368165577147399e-18	 1.19066115364467216270e-19	 0.00000000000000000000e+00	 2.86503199920633933642e-19	 1.32811539544225264761e-19	 9.88395313327797190929e-18	 1.74936219993962212766e-19	 0.00000000000000000000e+00	 0.00000000000000000000e+00	 0.00000000000000000000e+00	 
 2.30000000000000026645e+00	 5.27971355392391156738e-24	 0.00000000000000000000e+00	 1.60246998905037019473e-24	 7.15450230589405362124e-19	 9.47438460918954402119e-19	 1.13478081679168645905e-20	 0.00000000000000000000e+00	 2.73056840517208992181e-20	 1.26578260293908927438e-20	 9.42034724677365086472e-19	 1.66731354478727686862e-20	 0.00000000000000000000e+00	 0.00000000000000000000e+00	 0.00000000000000000000e+00	 
 2.32000000000000028422e+00	 4.57012372786848683989e-25	 0.00000000000000000000e+00	 1.38709901437907868263e-25	 6.19305505330049747177e-20	 8.20121378361683837705e-20	 9.82268025487480035619e-22	 0.00000000000000000000e+00	 2.36358340723945245129e-21	 1.09566252771594788797e-21	 8.15442874068094017759e-20	 1.44326074395770022383e-21	 0.00000000000000000000e+00	 0.00000000000000000000e+00	 0.00000000000000000000e+00	 
 2.33999999999999985789e+00	 3.57129762399339077169e-26	 0.00000000000000000000e+00	 1.08394070469607377010e-26	 4.83958769348575208204e-21	 6.40888746849692140160e-21	 7.67588351599077111466e-23	 0.00000000000000000000e+00	 1.84700980020655208620e-22	 8.56199469283713445027e-23	 6.37232210314570318238e-21	 1.12784538242295836890e-22	 0.00000000000000000000e+00	 0.00000000000000000000e+00	 0.00000000000000000000e+00	 
 2.36000000000000031974e+00	 2.50145825380752751126e-27	 0.00000000000000000000e+00	 7.59228890448358082756e-28	 3.38983878689818453950e-22	 4.48904583933679332153e-22	 5.37645194229725926902e-24	 0.00000000000000000000e+00	 1.29370878405457578205e-23	 5.99711263233343851019e-24	 4.46343169899583168336e-22	 7.89989119119272211965e-24	 0.00000000000000000000e+00	 0.00000000000000000000e+00	 0.00000000000000000000e+00	 
 2.38000000000000033751e+00	 1.55706820618171091382e-28	 0.00000000000000000000e+00	 4.72592794656087127794e-29	 2.11006361557852179757e-23	 2.79428685219823162938e-23	 3.34664965083967038511e-25	 0.00000000000000000000e+00	 8.05287519961327495650e-25	 3.73298808463853498423e-25	 2.77834198480507097902e-23	 4.91742939567390263520e-25	 0.00000000000000000000e+00	 0.00000000000000000000e+00	 0.00000000000000000000e+00	 
 2.39999999999999991118e+00	 8.52448515091015854085e-30	 0.00000000000000000000e+00	 2.58730492571517784061e-30	 1.15520019140310031739e-24	 1.52979396155819465716e-24	 1.83219133214864358630e-26	 0.00000000000000000000e+00	 4.40870988178191334503e-26	 2.04369995402512001339e-26	 1.52106430972573247969e-24	 2.69215532930883383844e-26	 0.00000000000000000000e+00	 0.00000000000000000000e+00	 0.00000000000000000000e+00	 
 2.41999999999999948486e+00	 4.05266343793435502111e-31	 0.00000000000000000000e+00	 1.23004215685719026039e-31	 5.49199533626715532600e-26	 7.27287241697167630183e-26	 8.71050272886118492289e-28	 0.00000000000000000000e+00	 2.09596442888372616481e-27	 9.71604499167302856169e-28	 7.23136965832149648663e-26	 1.27989143341885431047e-27	 0.00000000000000000000e+00	 0.00000000000000000000e+00	 0.00000000000000000000e+00	 
 2.44000000000000039080e+00	 1.64650077562816338366e-32	 0.00000000000000000000e+00	 4.99736879543567496001e-33	 2.23126754600370273264e-27	 2.95479589869808748432e-27	 3.53887005660224568488e-29	 0.00000000000000000000e+00	 8.51540486593523403202e-29	 3.94739799215218333874e-29	 2.93793422354731735869e-27	 5.19989555587817783758e-29	 0.00000000000000000000e+00	 0.00000000000000000000e+00	 0.00000000000000000000e+00	 
 2.45999999999999996447e+00	 5.59883736165856985522e-34	 0.00000000000000000000e+00	 1.69932840762998027243e-34	 7.58730186526659457905e-29	 1.00476193374073084489e-28	 1.20337367675097015487e-30	 0.00000000000000000000e+00	 2.89561752519453658806e-30	 1.34229144592325505788e-30	 9.99028226693076671593e-29	 1.76819542640054167072e-30	 0.00000000000000000000e+00	 0.00000000000000000000e+00	 0.00000000000000000000e+00	 
 2.47999999999999953815e+00	 1.54927092961971985345e-35	 0.00000000000000000000e+00	 4.70226220773397155938e-36	 2.09950305129327375057e-30	 2.78030381179670812998e-30	 3.32989084246076845341e-32	 0.00000000000000000000e+00	 8.01254890884456216576e-32	 3.71429449715856726873e-32	 2.76443802127296602649e-30	 4.89282062869670927075e-32	 0.00000000000000000000e+00	 0.00000000000000000000e+00	 0.00000000000000000000e+00	 
 2.50000000000000044409e+00	 3.35068343280187247243e-37	 0.00000000000000000000e+00	 1.01698108272955567055e-37	 4.54069223632115773561e-32	 6.01309030706780745807e-32	 7.20171596718703413288e-34	 0.00000000000000000000e+00	 1.73291273928047958634e-33	 8.03308482601839794511e-34	 5.97877695154634743625e-32	 1.05819258288742066342e-33	 0.00000000000000000000e+00	 0.00000000000000000000e+00	 0.00000000000000000000e+00	 
 2.52000000000000001776e+00	 5.31824955252669966433e-39	 0.00000000000000000000e+00	 1.61416599468973798753e-39	 7.20703892289815121761e-34	 9.54404397903921095360e-34	 1.14306589390782956621e-35	 0.00000000000000000000e+00	 2.75050210693603225933e-35	 1.27502194073700896001e-35	 9.48958200969256397792e-34	 1.67957486237015096768e-35	 0.00000000000000000000e+00	 0.00000000000000000000e+00	 0.00000000000000000000e+00	 
 2.54000000000000003553e+00	 5.53305660756865407800e-41	 0.00000000000000000000e+00	 1.67936307672776378902e-41	 7.49812623659599753822e-36	 9.92951908086684215670e-36	 1.18923486257786641423e-37	 0.00000000000000000000e+00	 2.86159624508166700065e-37	 1.32652075964392184387e-37	 9.87285805942579244713e-36	 1.74741113245892534828e-37	 0.00000000000000000000e+00	 0.00000000000000000000e+00	 0.00000000000000000000e+00	 
 2.56000000000000049738e+00	 2.88875031680447279241e-43	 0.00000000000000000000e+00	 8.76777705329214933011e-44	 3.91468782089219798443e-38	 5.18408968720818391362e-38	 6.20886891016202783708e-40	 0.00000000000000000000e+00	 1.49400903988020494864e-39	 6.92562441571837966410e-40	 5.15450792469882334384e-38	 9.12303502696253237758e-40	 0.00000000000000000000e+00	 0.00000000000000000000e+00	 0.00000000000000000000e+00	 
 2.58000000000000007105e+00	 0.00000000000000000000e+00	 0.00000000000000000000e+00	 0.00000000000000000000e+00	 1.25484400045920695332e-41	 1.66174744734163079926e-41	 1.99024040780579603254e-43	 0.00000000000000000000e+00	 4.78901594735297286933e-43	 2.21999506507910901535e-43	 1.65226518103947092356e-41	 2.92436658028447601654e-43	 0.00000000000000000000e+00	 0.00000000000000000000e+00	 0.00000000000000000000e+00	 
 2.60000000000000008882e+00	 0.00000000000000000000e+00	 0.00000000000000000000e+00	 0.00000000000000000000e+00	 0.00000000000000000000e+00	 0.00000000000000000000e+00	 0.00000000000000000000e+00	 0.00000000000000000000e+00	 0.00000000000000000000e+00	 0.00000000000000000000e+00	 0.00000000000000000000e+00	 0.00000000000000000000e+00	 0.00000000000000000000e+00	 0.00000000000000000000e+00	 0.00000000000000000000e+00	 
 2.62000000000000055067e+00	 0.00000000000000000000e+00	 0.00000000000000000000e+00	 0.00000000000000000000e+00	 4.66550093255983715321e-46	 6.17836274232107646271e-46	 0.00000000000000000000e+00	 0.00000000000000000000e+00	 0.00000000000000000000e+00	 0.00000000000000000000e+00	 6.14310839342164125433e-46	 0.00000000000000000000e+00	 0.00000000000000000000e+00	 0.00000000000000000000e+00	 0.00000000000000000000e+00	 
 2.64000000000000012434e+00	 0.00000000000000000000e+00	 0.00000000000000000000e+00	 0.00000000000000000000e+00	 0.00000000000000000000e+00	 0.00000000000000000000e+00	 0.00000000000000000000e+00	 0.00000000000000000000e+00	 0.00000000000000000000e+00	 0.00000000000000000000e+00	 0.00000000000000000000e+00	 0.00000000000000000000e+00	 0.00000000000000000000e+00	 0.00000000000000000000e+00	 0.00000000000000000000e+00	 
 2.66000000000000014211e+00	 0.00000000000000000000e+00	 0.00000000000000000000e+00	 0.00000000000000000000e+00	 0.00000000000000000000e+00	 0.00000000000000000000e+00	 0.00000000000000000000e+00	 0.00000000000000000000e+00	 0.00000000000000000000e+00	 0.00000000000000000000e+00	 0.00000000000000000000e+00	 0.00000000000000000000e+00	 0.00000000000000000000e+00	 0.00000000000000000000e+00	 0.00000000000000000000e+00	 
 2.67999999999999971578e+00	 0.00000000000000000000e+00	 0.00000000000000000000e+00	 0.00000000000000000000e+00	 0.00000000000000000000e+00	 0.00000000000000000000e+00	 0.00000000000000000000e+00	 0.00000000000000000000e+00	 0.00000000000000000000e+00	 0.00000000000000000000e+00	 0.00000000000000000000e+00	 0.00000000000000000000e+00	 0.00000000000000000000e+00	 0.00000000000000000000e+00	 0.00000000000000000000e+00	 
 2.70000000000000017764e+00	 0.00000000000000000000e+00	 0.00000000000000000000e+00	 0.00000000000000000000e+00	 0.00000000000000000000e+00	 0.00000000000000000000e+00	 0.00000000000000000000e+00	 0.00000000000000000000e+00	 0.00000000000000000000e+00	 0.00000000000000000000e+00	 0.00000000000000000000e+00	 0.00000000000000000000e+00	 0.00000000000000000000e+00	 0.00000000000000000000e+00	 0.00000000000000000000e+00	 
 2.72000000000000019540e+00	 0.00000000000000000000e+00	 0.00000000000000000000e+00	 0.00000000000000000000e+00	 0.00000000000000000000e+00	 0.00000000000000000000e+00	 0.00000000000000000000e+00	 0.00000000000000000000e+00	 0.00000000000000000000e+00	 0.00000000000000000000e+00	 0.00000000000000000000e+00	 0.00000000000000000000e+00	 0.00000000000000000000e+00	 0.00000000000000000000e+00	 0.00000000000000000000e+00	 
 2.73999999999999976907e+00	 0.00000000000000000000e+00	 0.00000000000000000000e+00	 0.00000000000000000000e+00	 0.00000000000000000000e+00	 0.00000000000000000000e+00	 0.00000000000000000000e+00	 0.00000000000000000000e+00	 0.00000000000000000000e+00	 0.00000000000000000000e+00	 0.00000000000000000000e+00	 0.00000000000000000000e+00	 0.00000000000000000000e+00	 0.00000000000000000000e+00	 0.00000000000000000000e+00	 
 2.76000000000000023093e+00	 0.00000000000000000000e+00	 0.00000000000000000000e+00	 0.00000000000000000000e+00	 0.00000000000000000000e+00	 0.00000000000000000000e+00	 0.00000000000000000000e+00	 0.00000000000000000000e+00	 0.00000000000000000000e+00	 0.00000000000000000000e+00	 0.00000000000000000000e+00	 0.00000000000000000000e+00	 0.00000000000000000000e+00	 0.00000000000000000000e+00	 0.00000000000000000000e+00	 
 2.77999999999999980460e+00	 0.00000000000000000000e+00	 0.00000000000000000000e+00	 0.00000000000000000000e+00	 0.00000000000000000000e+00	 0.00000000000000000000e+00	 0.00000000000000000000e+00	 0.00000000000000000000e+00	 0.00000000000000000000e+00	 0.00000000000000000000e+00	 0.00000000000000000000e+00	 0.00000000000000000000e+00	 0.00000000000000000000e+00	 0.00000000000000000000e+00	 0.00000000000000000000e+00	 
 2.79999999999999982236e+00	 0.00000000000000000000e+00	 0.00000000000000000000e+00	 0.00000000000000000000e+00	 0.00000000000000000000e+00	 0.00000000000000000000e+00	 0.00000000000000000000e+00	 0.00000000000000000000e+00	 0.00000000000000000000e+00	 0.00000000000000000000e+00	 0.00000000000000000000e+00	 0.00000000000000000000e+00	 0.00000000000000000000e+00	 0.00000000000000000000e+00	 0.00000000000000000000e+00	 
 2.82000000000000028422e+00	 0.00000000000000000000e+00	 0.00000000000000000000e+00	 0.00000000000000000000e+00	 0.00000000000000000000e+00	 0.00000000000000000000e+00	 0.00000000000000000000e+00	 0.00000000000000000000e+00	 0.00000000000000000000e+00	 0.00000000000000000000e+00	 0.00000000000000000000e+00	 0.00000000000000000000e+00	 0.00000000000000000000e+00	 0.00000000000000000000e+00	 0.00000000000000000000e+00	 
 2.83999999999999985789e+00	 0.00000000000000000000e+00	 0.00000000000000000000e+00	 0.00000000000000000000e+00	 0.00000000000000000000e+00	 0.00000000000000000000e+00	 0.00000000000000000000e+00	 0.00000000000000000000e+00	 0.00000000000000000000e+00	 0.00000000000000000000e+00	 0.00000000000000000000e+00	 0.00000000000000000000e+00	 0.00000000000000000000e+00	 0.00000000000000000000e+00	 0.00000000000000000000e+00	 
 2.85999999999999987566e+00	 0.00000000000000000000e+00	 0.00000000000000000000e+00	 0.00000000000000000000e+00	 0.00000000000000000000e+00	 0.00000000000000000000e+00	 0.00000000000000000000e+00	 0.00000000000000000000e+00	 0.00000000000000000000e+00	 0.00000000000000000000e+00	 0.00000000000000000000e+00	 0.00000000000000000000e+00	 0.00000000000000000000e+00	 0.00000000000000000000e+00	 0.00000000000000000000e+00	 
 2.87999999999999989342e+00	 0.00000000000000000000e+00	 0.00000000000000000000e+00	 0.00000000000000000000e+00	 0.00000000000000000000e+00	 0.00000000000000000000e+00	 0.00000000000000000000e+00	 0.00000000000000000000e+00	 0.00000000000000000000e+00	 0.00000000000000000000e+00	 0.00000000000000000000e+00	 0.00000000000000000000e+00	 0.00000000000000000000e+00	 0.00000000000000000000e+00	 0.00000000000000000000e+00	 
 2.90000000000000035527e+00	 0.00000000000000000000e+00	 0.00000000000000000000e+00	 0.00000000000000000000e+00	 0.00000000000000000000e+00	 0.00000000000000000000e+00	 0.00000000000000000000e+00	 0.00000000000000000000e+00	 0.00000000000000000000e+00	 0.00000000000000000000e+00	 0.00000000000000000000e+00	 0.00000000000000000000e+00	 0.00000000000000000000e+00	 0.00000000000000000000e+00	 0.00000000000000000000e+00	 
 2.91999999999999992895e+00	 0.00000000000000000000e+00	 0.00000000000000000000e+00	 0.00000000000000000000e+00	 0.00000000000000000000e+00	 0.00000000000000000000e+00	 0.00000000000000000000e+00	 0.00000000000000000000e+00	 0.00000000000000000000e+00	 0.00000000000000000000e+00	 0.00000000000000000000e+00	 0.00000000000000000000e+00	 0.00000000000000000000e+00	 0.00000000000000000000e+00	 0.00000000000000000000e+00	 
 2.93999999999999994671e+00	 0.00000000000000000000e+00	 0.00000000000000000000e+00	 0.00000000000000000000e+00	 0.00000000000000000000e+00	 0.00000000000000000000e+00	 0.00000000000000000000e+00	 0.00000000000000000000e+00	 0.00000000000000000000e+00	 0.00000000000000000000e+00	 0.00000000000000000000e+00	 0.00000000000000000000e+00	 0.00000000000000000000e+00	 0.00000000000000000000e+00	 0.00000000000000000000e+00	 
 2.96000000000000040856e+00	 0.00000000000000000000e+00	 0.00000000000000000000e+00	 0.00000000000000000000e+00	 0.00000000000000000000e+00	 0.00000000000000000000e+00	 0.00000000000000000000e+00	 0.00000000000000000000e+00	 0.00000000000000000000e+00	 0.00000000000000000000e+00	 0.00000000000000000000e+00	 0.00000000000000000000e+00	 0.00000000000000000000e+00	 0.00000000000000000000e+00	 0.00000000000000000000e+00	 
 2.97999999999999998224e+00	 0.00000000000000000000e+00	 0.00000000000000000000e+00	 0.00000000000000000000e+00	 0.00000000000000000000e+00	 0.00000000000000000000e+00	 0.00000000000000000000e+00	 0.00000000000000000000e+00	 0.00000000000000000000e+00	 0.00000000000000000000e+00	 0.00000000000000000000e+00	 0.00000000000000000000e+00	 0.00000000000000000000e+00	 0.00000000000000000000e+00	 0.00000000000000000000e+00	 
 3.00000000000000000000e+00	 0.00000000000000000000e+00	 0.00000000000000000000e+00	 0.00000000000000000000e+00	 0.00000000000000000000e+00	 0.00000000000000000000e+00	 0.00000000000000000000e+00	 0.00000000000000000000e+00	 0.00000000000000000000e+00	 0.00000000000000000000e+00	 0.00000000000000000000e+00	 0.00000000000000000000e+00	 0.00000000000000000000e+00	 0.00000000000000000000e+00	 0.00000000000000000000e+00	 
 3.02000000000000046185e+00	 0.00000000000000000000e+00	 0.00000000000000000000e+00	 0.00000000000000000000e+00	 0.00000000000000000000e+00	 0.00000000000000000000e+00	 0.00000000000000000000e+00	 0.00000000000000000000e+00	 0.00000000000000000000e+00	 0.00000000000000000000e+00	 0.00000000000000000000e+00	 0.00000000000000000000e+00	 0.00000000000000000000e+00	 0.00000000000000000000e+00	 0.00000000000000000000e+00	 
 3.04000000000000003553e+00	 0.00000000000000000000e+00	 0.00000000000000000000e+00	 0.00000000000000000000e+00	 0.00000000000000000000e+00	 0.00000000000000000000e+00	 0.00000000000000000000e+00	 0.00000000000000000000e+00	 0.00000000000000000000e+00	 0.00000000000000000000e+00	 0.00000000000000000000e+00	 0.00000000000000000000e+00	 0.00000000000000000000e+00	 0.00000000000000000000e+00	 0.00000000000000000000e+00	 
 3.06000000000000005329e+00	 0.00000000000000000000e+00	 0.00000000000000000000e+00	 0.00000000000000000000e+00	 0.00000000000000000000e+00	 0.00000000000000000000e+00	 0.00000000000000000000e+00	 0.00000000000000000000e+00	 0.00000000000000000000e+00	 0.00000000000000000000e+00	 0.00000000000000000000e+00	 0.00000000000000000000e+00	 0.00000000000000000000e+00	 0.00000000000000000000e+00	 0.00000000000000000000e+00	 
 3.08000000000000007105e+00	 0.00000000000000000000e+00	 0.00000000000000000000e+00	 0.00000000000000000000e+00	 0.00000000000000000000e+00	 0.00000000000000000000e+00	 0.00000000000000000000e+00	 0.00000000000000000000e+00	 0.00000000000000000000e+00	 0.00000000000000000000e+00	 0.00000000000000000000e+00	 0.00000000000000000000e+00	 0.00000000000000000000e+00	 0.00000000000000000000e+00	 0.00000000000000000000e+00	 
 3.10000000000000008882e+00	 0.00000000000000000000e+00	 0.00000000000000000000e+00	 0.00000000000000000000e+00	 0.00000000000000000000e+00	 0.00000000000000000000e+00	 0.00000000000000000000e+00	 0.00000000000000000000e+00	 0.00000000000000000000e+00	 0.00000000000000000000e+00	 0.00000000000000000000e+00	 0.00000000000000000000e+00	 0.00000000000000000000e+00	 0.00000000000000000000e+00	 0.00000000000000000000e+00	 
 3.12000000000000010658e+00	 0.00000000000000000000e+00	 0.00000000000000000000e+00	 0.00000000000000000000e+00	 0.00000000000000000000e+00	 0.00000000000000000000e+00	 0.00000000000000000000e+00	 0.00000000000000000000e+00	 0.00000000000000000000e+00	 0.00000000000000000000e+00	 0.00000000000000000000e+00	 0.00000000000000000000e+00	 0.00000000000000000000e+00	 0.00000000000000000000e+00	 0.00000000000000000000e+00	 
 3.13999999999999968026e+00	 0.00000000000000000000e+00	 0.00000000000000000000e+00	 0.00000000000000000000e+00	 0.00000000000000000000e+00	 0.00000000000000000000e+00	 0.00000000000000000000e+00	 0.00000000000000000000e+00	 0.00000000000000000000e+00	 0.00000000000000000000e+00	 0.00000000000000000000e+00	 0.00000000000000000000e+00	 0.00000000000000000000e+00	 0.00000000000000000000e+00	 0.00000000000000000000e+00	 
 3.16000000000000014211e+00	 0.00000000000000000000e+00	 0.00000000000000000000e+00	 0.00000000000000000000e+00	 0.00000000000000000000e+00	 0.00000000000000000000e+00	 0.00000000000000000000e+00	 0.00000000000000000000e+00	 0.00000000000000000000e+00	 0.00000000000000000000e+00	 0.00000000000000000000e+00	 0.00000000000000000000e+00	 0.00000000000000000000e+00	 0.00000000000000000000e+00	 0.00000000000000000000e+00	 
 3.18000000000000015987e+00	 0.00000000000000000000e+00	 0.00000000000000000000e+00	 0.00000000000000000000e+00	 0.00000000000000000000e+00	 0.00000000000000000000e+00	 0.00000000000000000000e+00	 0.00000000000000000000e+00	 0.00000000000000000000e+00	 0.00000000000000000000e+00	 0.00000000000000000000e+00	 0.00000000000000000000e+00	 0.00000000000000000000e+00	 0.00000000000000000000e+00	 0.00000000000000000000e+00	 
 3.19999999999999973355e+00	 0.00000000000000000000e+00	 0.00000000000000000000e+00	 0.00000000000000000000e+00	 0.00000000000000000000e+00	 0.00000000000000000000e+00	 0.00000000000000000000e+00	 0.00000000000000000000e+00	 0.00000000000000000000e+00	 0.00000000000000000000e+00	 0.00000000000000000000e+00	 0.00000000000000000000e+00	 0.00000000000000000000e+00	 0.00000000000000000000e+00	 0.00000000000000000000e+00	 
 3.22000000000000019540e+00	 0.00000000000000000000e+00	 0.00000000000000000000e+00	 0.00000000000000000000e+00	 0.00000000000000000000e+00	 0.00000000000000000000e+00	 0.00000000000000000000e+00	 0.00000000000000000000e+00	 0.00000000000000000000e+00	 0.00000000000000000000e+00	 0.00000000000000000000e+00	 0.00000000000000000000e+00	 0.00000000000000000000e+00	 0.00000000000000000000e+00	 0.00000000000000000000e+00	 
 3.24000000000000021316e+00	 0.00000000000000000000e+00	 0.00000000000000000000e+00	 0.00000000000000000000e+00	 0.00000000000000000000e+00	 0.00000000000000000000e+00	 0.00000000000000000000e+00	 0.00000000000000000000e+00	 0.00000000000000000000e+00	 0.00000000000000000000e+00	 0.00000000000000000000e+00	 0.00000000000000000000e+00	 0.00000000000000000000e+00	 0.00000000000000000000e+00	 0.00000000000000000000e+00	 
 3.25999999999999978684e+00	 0.00000000000000000000e+00	 0.00000000000000000000e+00	 0.00000000000000000000e+00	 0.00000000000000000000e+00	 0.00000000000000000000e+00	 0.00000000000000000000e+00	 0.00000000000000000000e+00	 0.00000000000000000000e+00	 0.00000000000000000000e+00	 0.00000000000000000000e+00	 0.00000000000000000000e+00	 0.00000000000000000000e+00	 0.00000000000000000000e+00	 0.00000000000000000000e+00	 
 3.28000000000000024869e+00	 0.00000000000000000000e+00	 0.00000000000000000000e+00	 0.00000000000000000000e+00	 0.00000000000000000000e+00	 0.00000000000000000000e+00	 0.00000000000000000000e+00	 0.00000000000000000000e+00	 0.00000000000000000000e+00	 0.00000000000000000000e+00	 0.00000000000000000000e+00	 0.00000000000000000000e+00	 0.00000000000000000000e+00	 0.00000000000000000000e+00	 0.00000000000000000000e+00	 
 3.29999999999999982236e+00	 0.00000000000000000000e+00	 0.00000000000000000000e+00	 0.00000000000000000000e+00	 0.00000000000000000000e+00	 0.00000000000000000000e+00	 0.00000000000000000000e+00	 0.00000000000000000000e+00	 0.00000000000000000000e+00	 0.00000000000000000000e+00	 0.00000000000000000000e+00	 0.00000000000000000000e+00	 0.00000000000000000000e+00	 0.00000000000000000000e+00	 0.00000000000000000000e+00	 
 3.31999999999999984013e+00	 0.00000000000000000000e+00	 0.00000000000000000000e+00	 0.00000000000000000000e+00	 0.00000000000000000000e+00	 0.00000000000000000000e+00	 0.00000000000000000000e+00	 0.00000000000000000000e+00	 0.00000000000000000000e+00	 0.00000000000000000000e+00	 0.00000000000000000000e+00	 0.00000000000000000000e+00	 0.00000000000000000000e+00	 0.00000000000000000000e+00	 0.00000000000000000000e+00	 
 3.34000000000000030198e+00	 0.00000000000000000000e+00	 0.00000000000000000000e+00	 0.00000000000000000000e+00	 0.00000000000000000000e+00	 0.00000000000000000000e+00	 0.00000000000000000000e+00	 0.00000000000000000000e+00	 0.00000000000000000000e+00	 0.00000000000000000000e+00	 0.00000000000000000000e+00	 0.00000000000000000000e+00	 0.00000000000000000000e+00	 0.00000000000000000000e+00	 0.00000000000000000000e+00	 
 3.36000000000000031974e+00	 0.00000000000000000000e+00	 0.00000000000000000000e+00	 0.00000000000000000000e+00	 0.00000000000000000000e+00	 0.00000000000000000000e+00	 0.00000000000000000000e+00	 0.00000000000000000000e+00	 0.00000000000000000000e+00	 0.00000000000000000000e+00	 0.00000000000000000000e+00	 0.00000000000000000000e+00	 0.00000000000000000000e+00	 0.00000000000000000000e+00	 0.00000000000000000000e+00	 
 3.37999999999999989342e+00	 0.00000000000000000000e+00	 0.00000000000000000000e+00	 0.00000000000000000000e+00	 0.00000000000000000000e+00	 0.00000000000000000000e+00	 0.00000000000000000000e+00	 0.00000000000000000000e+00	 0.00000000000000000000e+00	 0.00000000000000000000e+00	 0.00000000000000000000e+00	 0.00000000000000000000e+00	 0.00000000000000000000e+00	 0.00000000000000000000e+00	 0.00000000000000000000e+00	 
 3.39999999999999991118e+00	 0.00000000000000000000e+00	 0.00000000000000000000e+00	 0.00000000000000000000e+00	 0.00000000000000000000e+00	 0.00000000000000000000e+00	 0.00000000000000000000e+00	 0.00000000000000000000e+00	 0.00000000000000000000e+00	 0.00000000000000000000e+00	 0.00000000000000000000e+00	 0.00000000000000000000e+00	 0.00000000000000000000e+00	 0.00000000000000000000e+00	 0.00000000000000000000e+00	 
 3.42000000000000037303e+00	 0.00000000000000000000e+00	 0.00000000000000000000e+00	 0.00000000000000000000e+00	 0.00000000000000000000e+00	 0.00000000000000000000e+00	 0.00000000000000000000e+00	 0.00000000000000000000e+00	 0.00000000000000000000e+00	 0.00000000000000000000e+00	 0.00000000000000000000e+00	 0.00000000000000000000e+00	 0.00000000000000000000e+00	 0.00000000000000000000e+00	 0.00000000000000000000e+00	 
 3.43999999999999994671e+00	 0.00000000000000000000e+00	 0.00000000000000000000e+00	 0.00000000000000000000e+00	 0.00000000000000000000e+00	 0.00000000000000000000e+00	 0.00000000000000000000e+00	 0.00000000000000000000e+00	 0.00000000000000000000e+00	 0.00000000000000000000e+00	 0.00000000000000000000e+00	 0.00000000000000000000e+00	 0.00000000000000000000e+00	 0.00000000000000000000e+00	 0.00000000000000000000e+00	 
 3.45999999999999996447e+00	 0.00000000000000000000e+00	 0.00000000000000000000e+00	 0.00000000000000000000e+00	 0.00000000000000000000e+00	 0.00000000000000000000e+00	 0.00000000000000000000e+00	 0.00000000000000000000e+00	 0.00000000000000000000e+00	 0.00000000000000000000e+00	 0.00000000000000000000e+00	 0.00000000000000000000e+00	 0.00000000000000000000e+00	 0.00000000000000000000e+00	 0.00000000000000000000e+00	 
 3.48000000000000042633e+00	 0.00000000000000000000e+00	 0.00000000000000000000e+00	 0.00000000000000000000e+00	 0.00000000000000000000e+00	 0.00000000000000000000e+00	 0.00000000000000000000e+00	 0.00000000000000000000e+00	 0.00000000000000000000e+00	 0.00000000000000000000e+00	 0.00000000000000000000e+00	 0.00000000000000000000e+00	 0.00000000000000000000e+00	 0.00000000000000000000e+00	 0.00000000000000000000e+00	 
 3.50000000000000000000e+00	 0.00000000000000000000e+00	 0.00000000000000000000e+00	 0.00000000000000000000e+00	 0.00000000000000000000e+00	 0.00000000000000000000e+00	 0.00000000000000000000e+00	 0.00000000000000000000e+00	 0.00000000000000000000e+00	 0.00000000000000000000e+00	 0.00000000000000000000e+00	 0.00000000000000000000e+00	 0.00000000000000000000e+00	 0.00000000000000000000e+00	 0.00000000000000000000e+00	 
 3.52000000000000001776e+00	 0.00000000000000000000e+00	 0.00000000000000000000e+00	 0.00000000000000000000e+00	 0.00000000000000000000e+00	 0.00000000000000000000e+00	 0.00000000000000000000e+00	 0.00000000000000000000e+00	 0.00000000000000000000e+00	 0.00000000000000000000e+00	 0.00000000000000000000e+00	 0.00000000000000000000e+00	 0.00000000000000000000e+00	 0.00000000000000000000e+00	 0.00000000000000000000e+00	 
 3.54000000000000047962e+00	 0.00000000000000000000e+00	 0.00000000000000000000e+00	 0.00000000000000000000e+00	 0.00000000000000000000e+00	 0.00000000000000000000e+00	 0.00000000000000000000e+00	 0.00000000000000000000e+00	 0.00000000000000000000e+00	 0.00000000000000000000e+00	 0.00000000000000000000e+00	 0.00000000000000000000e+00	 0.00000000000000000000e+00	 0.00000000000000000000e+00	 0.00000000000000000000e+00	 
 3.56000000000000005329e+00	 0.00000000000000000000e+00	 0.00000000000000000000e+00	 0.00000000000000000000e+00	 0.00000000000000000000e+00	 0.00000000000000000000e+00	 0.00000000000000000000e+00	 0.00000000000000000000e+00	 0.00000000000000000000e+00	 0.00000000000000000000e+00	 0.00000000000000000000e+00	 0.00000000000000000000e+00	 0.00000000000000000000e+00	 0.00000000000000000000e+00	 0.00000000000000000000e+00	 
 3.58000000000000007105e+00	 0.00000000000000000000e+00	 0.00000000000000000000e+00	 0.00000000000000000000e+00	 0.00000000000000000000e+00	 0.00000000000000000000e+00	 0.00000000000000000000e+00	 0.00000000000000000000e+00	 0.00000000000000000000e+00	 0.00000000000000000000e+00	 0.00000000000000000000e+00	 0.00000000000000000000e+00	 0.00000000000000000000e+00	 0.00000000000000000000e+00	 0.00000000000000000000e+00	 
 3.60000000000000053291e+00	 0.00000000000000000000e+00	 0.00000000000000000000e+00	 0.00000000000000000000e+00	 0.00000000000000000000e+00	 0.00000000000000000000e+00	 0.00000000000000000000e+00	 0.00000000000000000000e+00	 0.00000000000000000000e+00	 0.00000000000000000000e+00	 0.00000000000000000000e+00	 0.00000000000000000000e+00	 0.00000000000000000000e+00	 0.00000000000000000000e+00	 0.00000000000000000000e+00	 
 3.62000000000000010658e+00	 0.00000000000000000000e+00	 0.00000000000000000000e+00	 0.00000000000000000000e+00	 0.00000000000000000000e+00	 0.00000000000000000000e+00	 0.00000000000000000000e+00	 0.00000000000000000000e+00	 0.00000000000000000000e+00	 0.00000000000000000000e+00	 0.00000000000000000000e+00	 0.00000000000000000000e+00	 0.00000000000000000000e+00	 0.00000000000000000000e+00	 0.00000000000000000000e+00	 
 3.63999999999999968026e+00	 0.00000000000000000000e+00	 0.00000000000000000000e+00	 0.00000000000000000000e+00	 0.00000000000000000000e+00	 0.00000000000000000000e+00	 0.00000000000000000000e+00	 0.00000000000000000000e+00	 0.00000000000000000000e+00	 0.00000000000000000000e+00	 0.00000000000000000000e+00	 0.00000000000000000000e+00	 0.00000000000000000000e+00	 0.00000000000000000000e+00	 0.00000000000000000000e+00	 
 3.65999999999999969802e+00	 0.00000000000000000000e+00	 0.00000000000000000000e+00	 0.00000000000000000000e+00	 0.00000000000000000000e+00	 0.00000000000000000000e+00	 0.00000000000000000000e+00	 0.00000000000000000000e+00	 0.00000000000000000000e+00	 0.00000000000000000000e+00	 0.00000000000000000000e+00	 0.00000000000000000000e+00	 0.00000000000000000000e+00	 0.00000000000000000000e+00	 0.00000000000000000000e+00	 
 3.68000000000000015987e+00	 0.00000000000000000000e+00	 0.00000000000000000000e+00	 0.00000000000000000000e+00	 0.00000000000000000000e+00	 0.00000000000000000000e+00	 0.00000000000000000000e+00	 0.00000000000000000000e+00	 0.00000000000000000000e+00	 0.00000000000000000000e+00	 0.00000000000000000000e+00	 0.00000000000000000000e+00	 0.00000000000000000000e+00	 0.00000000000000000000e+00	 0.00000000000000000000e+00	 
 3.70000000000000017764e+00	 0.00000000000000000000e+00	 0.00000000000000000000e+00	 0.00000000000000000000e+00	 0.00000000000000000000e+00	 0.00000000000000000000e+00	 0.00000000000000000000e+00	 0.00000000000000000000e+00	 0.00000000000000000000e+00	 0.00000000000000000000e+00	 0.00000000000000000000e+00	 0.00000000000000000000e+00	 0.00000000000000000000e+00	 0.00000000000000000000e+00	 0.00000000000000000000e+00	 
 3.71999999999999975131e+00	 0.00000000000000000000e+00	 0.00000000000000000000e+00	 0.00000000000000000000e+00	 0.00000000000000000000e+00	 0.00000000000000000000e+00	 0.00000000000000000000e+00	 0.00000000000000000000e+00	 0.00000000000000000000e+00	 0.00000000000000000000e+00	 0.00000000000000000000e+00	 0.00000000000000000000e+00	 0.00000000000000000000e+00	 0.00000000000000000000e+00	 0.00000000000000000000e+00	 
 3.74000000000000021316e+00	 0.00000000000000000000e+00	 0.00000000000000000000e+00	 0.00000000000000000000e+00	 0.00000000000000000000e+00	 0.00000000000000000000e+00	 0.00000000000000000000e+00	 0.00000000000000000000e+00	 0.00000000000000000000e+00	 0.00000000000000000000e+00	 0.00000000000000000000e+00	 0.00000000000000000000e+00	 0.00000000000000000000e+00	 0.00000000000000000000e+00	 0.00000000000000000000e+00	 
 3.76000000000000023093e+00	 0.00000000000000000000e+00	 0.00000000000000000000e+00	 0.00000000000000000000e+00	 0.00000000000000000000e+00	 0.00000000000000000000e+00	 0.00000000000000000000e+00	 0.00000000000000000000e+00	 0.00000000000000000000e+00	 0.00000000000000000000e+00	 0.00000000000000000000e+00	 0.00000000000000000000e+00	 0.00000000000000000000e+00	 0.00000000000000000000e+00	 0.00000000000000000000e+00	 
 3.77999999999999980460e+00	 0.00000000000000000000e+00	 0.00000000000000000000e+00	 0.00000000000000000000e+00	 0.00000000000000000000e+00	 0.00000000000000000000e+00	 0.00000000000000000000e+00	 0.00000000000000000000e+00	 0.00000000000000000000e+00	 0.00000000000000000000e+00	 0.00000000000000000000e+00	 0.00000000000000000000e+00	 0.00000000000000000000e+00	 0.00000000000000000000e+00	 0.00000000000000000000e+00	 
 3.80000000000000026645e+00	 0.00000000000000000000e+00	 0.00000000000000000000e+00	 0.00000000000000000000e+00	 0.00000000000000000000e+00	 0.00000000000000000000e+00	 0.00000000000000000000e+00	 0.00000000000000000000e+00	 0.00000000000000000000e+00	 0.00000000000000000000e+00	 0.00000000000000000000e+00	 0.00000000000000000000e+00	 0.00000000000000000000e+00	 0.00000000000000000000e+00	 0.00000000000000000000e+00	 
 3.82000000000000028422e+00	 0.00000000000000000000e+00	 0.00000000000000000000e+00	 0.00000000000000000000e+00	 0.00000000000000000000e+00	 0.00000000000000000000e+00	 0.00000000000000000000e+00	 0.00000000000000000000e+00	 0.00000000000000000000e+00	 0.00000000000000000000e+00	 0.00000000000000000000e+00	 0.00000000000000000000e+00	 0.00000000000000000000e+00	 0.00000000000000000000e+00	 0.00000000000000000000e+00	 
 3.83999999999999985789e+00	 0.00000000000000000000e+00	 0.00000000000000000000e+00	 0.00000000000000000000e+00	 0.00000000000000000000e+00	 0.00000000000000000000e+00	 0.00000000000000000000e+00	 0.00000000000000000000e+00	 0.00000000000000000000e+00	 0.00000000000000000000e+00	 0.00000000000000000000e+00	 0.00000000000000000000e+00	 0.00000000000000000000e+00	 0.00000000000000000000e+00	 0.00000000000000000000e+00	 
 3.86000000000000031974e+00	 0.00000000000000000000e+00	 0.00000000000000000000e+00	 0.00000000000000000000e+00	 0.00000000000000000000e+00	 0.00000000000000000000e+00	 0.00000000000000000000e+00	 0.00000000000000000000e+00	 0.00000000000000000000e+00	 0.00000000000000000000e+00	 0.00000000000000000000e+00	 0.00000000000000000000e+00	 0.00000000000000000000e+00	 0.00000000000000000000e+00	 0.00000000000000000000e+00	 
 3.87999999999999989342e+00	 0.00000000000000000000e+00	 0.00000000000000000000e+00	 0.00000000000000000000e+00	 0.00000000000000000000e+00	 0.00000000000000000000e+00	 0.00000000000000000000e+00	 0.00000000000000000000e+00	 0.00000000000000000000e+00	 0.00000000000000000000e+00	 0.00000000000000000000e+00	 0.00000000000000000000e+00	 0.00000000000000000000e+00	 0.00000000000000000000e+00	 0.00000000000000000000e+00	 
 3.89999999999999991118e+00	 0.00000000000000000000e+00	 0.00000000000000000000e+00	 0.00000000000000000000e+00	 0.00000000000000000000e+00	 0.00000000000000000000e+00	 0.00000000000000000000e+00	 0.00000000000000000000e+00	 0.00000000000000000000e+00	 0.00000000000000000000e+00	 0.00000000000000000000e+00	 0.00000000000000000000e+00	 0.00000000000000000000e+00	 0.00000000000000000000e+00	 0.00000000000000000000e+00	 
 3.91999999999999948486e+00	 0.00000000000000000000e+00	 0.00000000000000000000e+00	 0.00000000000000000000e+00	 0.00000000000000000000e+00	 0.00000000000000000000e+00	 0.00000000000000000000e+00	 0.00000000000000000000e+00	 0.00000000000000000000e+00	 0.00000000000000000000e+00	 0.00000000000000000000e+00	 0.00000000000000000000e+00	 0.00000000000000000000e+00	 0.00000000000000000000e+00	 0.00000000000000000000e+00	 
 3.93999999999999994671e+00	 0.00000000000000000000e+00	 0.00000000000000000000e+00	 0.00000000000000000000e+00	 0.00000000000000000000e+00	 0.00000000000000000000e+00	 0.00000000000000000000e+00	 0.00000000000000000000e+00	 0.00000000000000000000e+00	 0.00000000000000000000e+00	 0.00000000000000000000e+00	 0.00000000000000000000e+00	 0.00000000000000000000e+00	 0.00000000000000000000e+00	 0.00000000000000000000e+00	 
 3.95999999999999996447e+00	 0.00000000000000000000e+00	 0.00000000000000000000e+00	 0.00000000000000000000e+00	 0.00000000000000000000e+00	 0.00000000000000000000e+00	 0.00000000000000000000e+00	 0.00000000000000000000e+00	 0.00000000000000000000e+00	 0.00000000000000000000e+00	 0.00000000000000000000e+00	 0.00000000000000000000e+00	 0.00000000000000000000e+00	 0.00000000000000000000e+00	 0.00000000000000000000e+00	 
 3.97999999999999953815e+00	 0.00000000000000000000e+00	 0.00000000000000000000e+00	 0.00000000000000000000e+00	 0.00000000000000000000e+00	 0.00000000000000000000e+00	 0.00000000000000000000e+00	 0.00000000000000000000e+00	 0.00000000000000000000e+00	 0.00000000000000000000e+00	 0.00000000000000000000e+00	 0.00000000000000000000e+00	 0.00000000000000000000e+00	 0.00000000000000000000e+00	 0.00000000000000000000e+00	 
 4.00000000000000000000e+00	 0.00000000000000000000e+00	 0.00000000000000000000e+00	 0.00000000000000000000e+00	 0.00000000000000000000e+00	 0.00000000000000000000e+00	 0.00000000000000000000e+00	 0.00000000000000000000e+00	 0.00000000000000000000e+00	 0.00000000000000000000e+00	 0.00000000000000000000e+00	 0.00000000000000000000e+00	 0.00000000000000000000e+00	 0.00000000000000000000e+00	 0.00000000000000000000e+00	 
 4.01999999999999957367e+00	 0.00000000000000000000e+00	 0.00000000000000000000e+00	 0.00000000000000000000e+00	 0.00000000000000000000e+00	 0.00000000000000000000e+00	 0.00000000000000000000e+00	 0.00000000000000000000e+00	 0.00000000000000000000e+00	 0.00000000000000000000e+00	 0.00000000000000000000e+00	 0.00000000000000000000e+00	 0.00000000000000000000e+00	 0.00000000000000000000e+00	 0.00000000000000000000e+00	 
 4.04000000000000003553e+00	 0.00000000000000000000e+00	 0.00000000000000000000e+00	 0.00000000000000000000e+00	 0.00000000000000000000e+00	 0.00000000000000000000e+00	 0.00000000000000000000e+00	 0.00000000000000000000e+00	 0.00000000000000000000e+00	 0.00000000000000000000e+00	 0.00000000000000000000e+00	 0.00000000000000000000e+00	 0.00000000000000000000e+00	 0.00000000000000000000e+00	 0.00000000000000000000e+00	 
 4.06000000000000049738e+00	 0.00000000000000000000e+00	 0.00000000000000000000e+00	 0.00000000000000000000e+00	 0.00000000000000000000e+00	 0.00000000000000000000e+00	 0.00000000000000000000e+00	 0.00000000000000000000e+00	 0.00000000000000000000e+00	 0.00000000000000000000e+00	 0.00000000000000000000e+00	 0.00000000000000000000e+00	 0.00000000000000000000e+00	 0.00000000000000000000e+00	 0.00000000000000000000e+00	 
 4.08000000000000007105e+00	 0.00000000000000000000e+00	 0.00000000000000000000e+00	 0.00000000000000000000e+00	 0.00000000000000000000e+00	 0.00000000000000000000e+00	 0.00000000000000000000e+00	 0.00000000000000000000e+00	 0.00000000000000000000e+00	 0.00000000000000000000e+00	 0.00000000000000000000e+00	 0.00000000000000000000e+00	 0.00000000000000000000e+00	 0.00000000000000000000e+00	 0.00000000000000000000e+00	 
 4.09999999999999964473e+00	 0.00000000000000000000e+00	 0.00000000000000000000e+00	 0.00000000000000000000e+00	 0.00000000000000000000e+00	 0.00000000000000000000e+00	 0.00000000000000000000e+00	 0.00000000000000000000e+00	 0.00000000000000000000e+00	 0.00000000000000000000e+00	 0.00000000000000000000e+00	 0.00000000000000000000e+00	 0.00000000000000000000e+00	 0.00000000000000000000e+00	 0.00000000000000000000e+00	 
 4.12000000000000010658e+00	 0.00000000000000000000e+00	 0.00000000000000000000e+00	 0.00000000000000000000e+00	 0.00000000000000000000e+00	 0.00000000000000000000e+00	 0.00000000000000000000e+00	 0.00000000000000000000e+00	 0.00000000000000000000e+00	 0.00000000000000000000e+00	 0.00000000000000000000e+00	 0.00000000000000000000e+00	 0.00000000000000000000e+00	 0.00000000000000000000e+00	 0.00000000000000000000e+00	 
 4.14000000000000056843e+00	 0.00000000000000000000e+00	 0.00000000000000000000e+00	 0.00000000000000000000e+00	 0.00000000000000000000e+00	 0.00000000000000000000e+00	 0.00000000000000000000e+00	 0.00000000000000000000e+00	 0.00000000000000000000e+00	 0.00000000000000000000e+00	 0.00000000000000000000e+00	 0.00000000000000000000e+00	 0.00000000000000000000e+00	 0.00000000000000000000e+00	 0.00000000000000000000e+00	 
 4.16000000000000014211e+00	 0.00000000000000000000e+00	 0.00000000000000000000e+00	 0.00000000000000000000e+00	 0.00000000000000000000e+00	 0.00000000000000000000e+00	 0.00000000000000000000e+00	 0.00000000000000000000e+00	 0.00000000000000000000e+00	 0.00000000000000000000e+00	 0.00000000000000000000e+00	 0.00000000000000000000e+00	 0.00000000000000000000e+00	 0.00000000000000000000e+00	 0.00000000000000000000e+00	 
 4.17999999999999971578e+00	 0.00000000000000000000e+00	 0.00000000000000000000e+00	 0.00000000000000000000e+00	 0.00000000000000000000e+00	 0.00000000000000000000e+00	 0.00000000000000000000e+00	 0.00000000000000000000e+00	 0.00000000000000000000e+00	 0.00000000000000000000e+00	 0.00000000000000000000e+00	 0.00000000000000000000e+00	 0.00000000000000000000e+00	 0.00000000000000000000e+00	 0.00000000000000000000e+00	 
 4.20000000000000017764e+00	 0.00000000000000000000e+00	 0.00000000000000000000e+00	 0.00000000000000000000e+00	 0.00000000000000000000e+00	 0.00000000000000000000e+00	 0.00000000000000000000e+00	 0.00000000000000000000e+00	 0.00000000000000000000e+00	 0.00000000000000000000e+00	 0.00000000000000000000e+00	 0.00000000000000000000e+00	 0.00000000000000000000e+00	 0.00000000000000000000e+00	 0.00000000000000000000e+00	 
 4.21999999999999975131e+00	 0.00000000000000000000e+00	 0.00000000000000000000e+00	 0.00000000000000000000e+00	 0.00000000000000000000e+00	 0.00000000000000000000e+00	 0.00000000000000000000e+00	 0.00000000000000000000e+00	 0.00000000000000000000e+00	 0.00000000000000000000e+00	 0.00000000000000000000e+00	 0.00000000000000000000e+00	 0.00000000000000000000e+00	 0.00000000000000000000e+00	 0.00000000000000000000e+00	 
 4.24000000000000021316e+00	 0.00000000000000000000e+00	 0.00000000000000000000e+00	 0.00000000000000000000e+00	 0.00000000000000000000e+00	 0.00000000000000000000e+00	 0.00000000000000000000e+00	 0.00000000000000000000e+00	 0.00000000000000000000e+00	 0.00000000000000000000e+00	 0.00000000000000000000e+00	 0.00000000000000000000e+00	 0.00000000000000000000e+00	 0.00000000000000000000e+00	 0.00000000000000000000e+00	 
 4.25999999999999978684e+00	 0.00000000000000000000e+00	 0.00000000000000000000e+00	 0.00000000000000000000e+00	 0.00000000000000000000e+00	 0.00000000000000000000e+00	 0.00000000000000000000e+00	 0.00000000000000000000e+00	 0.00000000000000000000e+00	 0.00000000000000000000e+00	 0.00000000000000000000e+00	 0.00000000000000000000e+00	 0.00000000000000000000e+00	 0.00000000000000000000e+00	 0.00000000000000000000e+00	 
 4.28000000000000024869e+00	 0.00000000000000000000e+00	 0.00000000000000000000e+00	 0.00000000000000000000e+00	 0.00000000000000000000e+00	 0.00000000000000000000e+00	 0.00000000000000000000e+00	 0.00000000000000000000e+00	 0.00000000000000000000e+00	 0.00000000000000000000e+00	 0.00000000000000000000e+00	 0.00000000000000000000e+00	 0.00000000000000000000e+00	 0.00000000000000000000e+00	 0.00000000000000000000e+00	 
 4.29999999999999982236e+00	 0.00000000000000000000e+00	 0.00000000000000000000e+00	 0.00000000000000000000e+00	 0.00000000000000000000e+00	 0.00000000000000000000e+00	 0.00000000000000000000e+00	 0.00000000000000000000e+00	 0.00000000000000000000e+00	 0.00000000000000000000e+00	 0.00000000000000000000e+00	 0.00000000000000000000e+00	 0.00000000000000000000e+00	 0.00000000000000000000e+00	 0.00000000000000000000e+00	 
 4.32000000000000028422e+00	 0.00000000000000000000e+00	 0.00000000000000000000e+00	 0.00000000000000000000e+00	 0.00000000000000000000e+00	 0.00000000000000000000e+00	 0.00000000000000000000e+00	 0.00000000000000000000e+00	 0.00000000000000000000e+00	 0.00000000000000000000e+00	 0.00000000000000000000e+00	 0.00000000000000000000e+00	 0.00000000000000000000e+00	 0.00000000000000000000e+00	 0.00000000000000000000e+00	 
 4.33999999999999985789e+00	 0.00000000000000000000e+00	 0.00000000000000000000e+00	 0.00000000000000000000e+00	 0.00000000000000000000e+00	 0.00000000000000000000e+00	 0.00000000000000000000e+00	 0.00000000000000000000e+00	 0.00000000000000000000e+00	 0.00000000000000000000e+00	 0.00000000000000000000e+00	 0.00000000000000000000e+00	 0.00000000000000000000e+00	 0.00000000000000000000e+00	 0.00000000000000000000e+00	 
 4.36000000000000031974e+00	 0.00000000000000000000e+00	 0.00000000000000000000e+00	 0.00000000000000000000e+00	 0.00000000000000000000e+00	 0.00000000000000000000e+00	 0.00000000000000000000e+00	 0.00000000000000000000e+00	 0.00000000000000000000e+00	 0.00000000000000000000e+00	 0.00000000000000000000e+00	 0.00000000000000000000e+00	 0.00000000000000000000e+00	 0.00000000000000000000e+00	 0.00000000000000000000e+00	 
 4.37999999999999989342e+00	 0.00000000000000000000e+00	 0.00000000000000000000e+00	 0.00000000000000000000e+00	 0.00000000000000000000e+00	 0.00000000000000000000e+00	 0.00000000000000000000e+00	 0.00000000000000000000e+00	 0.00000000000000000000e+00	 0.00000000000000000000e+00	 0.00000000000000000000e+00	 0.00000000000000000000e+00	 0.00000000000000000000e+00	 0.00000000000000000000e+00	 0.00000000000000000000e+00	 
 4.40000000000000035527e+00	 0.00000000000000000000e+00	 0.00000000000000000000e+00	 0.00000000000000000000e+00	 0.00000000000000000000e+00	 0.00000000000000000000e+00	 0.00000000000000000000e+00	 0.00000000000000000000e+00	 0.00000000000000000000e+00	 0.00000000000000000000e+00	 0.00000000000000000000e+00	 0.00000000000000000000e+00	 0.00000000000000000000e+00	 0.00000000000000000000e+00	 0.00000000000000000000e+00	 
 4.41999999999999992895e+00	 0.00000000000000000000e+00	 0.00000000000000000000e+00	 0.00000000000000000000e+00	 0.00000000000000000000e+00	 0.00000000000000000000e+00	 0.00000000000000000000e+00	 0.00000000000000000000e+00	 0.00000000000000000000e+00	 0.00000000000000000000e+00	 0.00000000000000000000e+00	 0.00000000000000000000e+00	 0.00000000000000000000e+00	 0.00000000000000000000e+00	 0.00000000000000000000e+00	 
 4.43999999999999950262e+00	 0.00000000000000000000e+00	 0.00000000000000000000e+00	 0.00000000000000000000e+00	 0.00000000000000000000e+00	 0.00000000000000000000e+00	 0.00000000000000000000e+00	 0.00000000000000000000e+00	 0.00000000000000000000e+00	 0.00000000000000000000e+00	 0.00000000000000000000e+00	 0.00000000000000000000e+00	 0.00000000000000000000e+00	 0.00000000000000000000e+00	 0.00000000000000000000e+00	 
 4.45999999999999996447e+00	 0.00000000000000000000e+00	 0.00000000000000000000e+00	 0.00000000000000000000e+00	 0.00000000000000000000e+00	 0.00000000000000000000e+00	 0.00000000000000000000e+00	 0.00000000000000000000e+00	 0.00000000000000000000e+00	 0.00000000000000000000e+00	 0.00000000000000000000e+00	 0.00000000000000000000e+00	 0.00000000000000000000e+00	 0.00000000000000000000e+00	 0.00000000000000000000e+00	 
 4.47999999999999953815e+00	 0.00000000000000000000e+00	 0.00000000000000000000e+00	 0.00000000000000000000e+00	 0.00000000000000000000e+00	 0.00000000000000000000e+00	 0.00000000000000000000e+00	 0.00000000000000000000e+00	 0.00000000000000000000e+00	 0.00000000000000000000e+00	 0.00000000000000000000e+00	 0.00000000000000000000e+00	 0.00000000000000000000e+00	 0.00000000000000000000e+00	 0.00000000000000000000e+00	 
 4.50000000000000000000e+00	 0.00000000000000000000e+00	 0.00000000000000000000e+00	 0.00000000000000000000e+00	 0.00000000000000000000e+00	 0.00000000000000000000e+00	 0.00000000000000000000e+00	 0.00000000000000000000e+00	 0.00000000000000000000e+00	 0.00000000000000000000e+00	 0.00000000000000000000e+00	 0.00000000000000000000e+00	 0.00000000000000000000e+00	 0.00000000000000000000e+00	 0.00000000000000000000e+00	 
 4.52000000000000046185e+00	 0.00000000000000000000e+00	 0.00000000000000000000e+00	 0.00000000000000000000e+00	 0.00000000000000000000e+00	 0.00000000000000000000e+00	 0.00000000000000000000e+00	 0.00000000000000000000e+00	 0.00000000000000000000e+00	 0.00000000000000000000e+00	 0.00000000000000000000e+00	 0.00000000000000000000e+00	 0.00000000000000000000e+00	 0.00000000000000000000e+00	 0.00000000000000000000e+00	 
 4.54000000000000003553e+00	 0.00000000000000000000e+00	 0.00000000000000000000e+00	 0.00000000000000000000e+00	 0.00000000000000000000e+00	 0.00000000000000000000e+00	 0.00000000000000000000e+00	 0.00000000000000000000e+00	 0.00000000000000000000e+00	 0.00000000000000000000e+00	 0.00000000000000000000e+00	 0.00000000000000000000e+00	 0.00000000000000000000e+00	 0.00000000000000000000e+00	 0.00000000000000000000e+00	 
 4.55999999999999960920e+00	 0.00000000000000000000e+00	 0.00000000000000000000e+00	 0.00000000000000000000e+00	 0.00000000000000000000e+00	 0.00000000000000000000e+00	 0.00000000000000000000e+00	 0.00000000000000000000e+00	 0.00000000000000000000e+00	 0.00000000000000000000e+00	 0.00000000000000000000e+00	 0.00000000000000000000e+00	 0.00000000000000000000e+00	 0.00000000000000000000e+00	 0.00000000000000000000e+00	 
 4.58000000000000007105e+00	 0.00000000000000000000e+00	 0.00000000000000000000e+00	 0.00000000000000000000e+00	 0.00000000000000000000e+00	 0.00000000000000000000e+00	 0.00000000000000000000e+00	 0.00000000000000000000e+00	 0.00000000000000000000e+00	 0.00000000000000000000e+00	 0.00000000000000000000e+00	 0.00000000000000000000e+00	 0.00000000000000000000e+00	 0.00000000000000000000e+00	 0.00000000000000000000e+00	 
 4.60000000000000053291e+00	 0.00000000000000000000e+00	 0.00000000000000000000e+00	 0.00000000000000000000e+00	 0.00000000000000000000e+00	 0.00000000000000000000e+00	 0.00000000000000000000e+00	 0.00000000000000000000e+00	 0.00000000000000000000e+00	 0.00000000000000000000e+00	 0.00000000000000000000e+00	 0.00000000000000000000e+00	 0.00000000000000000000e+00	 0.00000000000000000000e+00	 0.00000000000000000000e+00	 
 4.62000000000000010658e+00	 0.00000000000000000000e+00	 0.00000000000000000000e+00	 0.00000000000000000000e+00	 0.00000000000000000000e+00	 0.00000000000000000000e+00	 0.00000000000000000000e+00	 0.00000000000000000000e+00	 0.00000000000000000000e+00	 0.00000000000000000000e+00	 0.00000000000000000000e+00	 0.00000000000000000000e+00	 0.00000000000000000000e+00	 0.00000000000000000000e+00	 0.00000000000000000000e+00	 
 4.63999999999999968026e+00	 0.00000000000000000000e+00	 0.00000000000000000000e+00	 0.00000000000000000000e+00	 0.00000000000000000000e+00	 0.00000000000000000000e+00	 0.00000000000000000000e+00	 0.00000000000000000000e+00	 0.00000000000000000000e+00	 0.00000000000000000000e+00	 0.00000000000000000000e+00	 0.00000000000000000000e+00	 0.00000000000000000000e+00	 0.00000000000000000000e+00	 0.00000000000000000000e+00	 
 4.66000000000000014211e+00	 0.00000000000000000000e+00	 0.00000000000000000000e+00	 0.00000000000000000000e+00	 0.00000000000000000000e+00	 0.00000000000000000000e+00	 0.00000000000000000000e+00	 0.00000000000000000000e+00	 0.00000000000000000000e+00	 0.00000000000000000000e+00	 0.00000000000000000000e+00	 0.00000000000000000000e+00	 0.00000000000000000000e+00	 0.00000000000000000000e+00	 0.00000000000000000000e+00	 
 4.67999999999999971578e+00	 0.00000000000000000000e+00	 0.00000000000000000000e+00	 0.00000000000000000000e+00	 0.00000000000000000000e+00	 0.00000000000000000000e+00	 0.00000000000000000000e+00	 0.00000000000000000000e+00	 0.00000000000000000000e+00	 0.00000000000000000000e+00	 0.00000000000000000000e+00	 0.00000000000000000000e+00	 0.00000000000000000000e+00	 0.00000000000000000000e+00	 0.00000000000000000000e+00	 
 4.69999999999999928946e+00	 0.00000000000000000000e+00	 0.00000000000000000000e+00	 0.00000000000000000000e+00	 0.00000000000000000000e+00	 0.00000000000000000000e+00	 0.00000000000000000000e+00	 0.00000000000000000000e+00	 0.00000000000000000000e+00	 0.00000000000000000000e+00	 0.00000000000000000000e+00	 0.00000000000000000000e+00	 0.00000000000000000000e+00	 0.00000000000000000000e+00	 0.00000000000000000000e+00	 
 4.72000000000000063949e+00	 0.00000000000000000000e+00	 0.00000000000000000000e+00	 0.00000000000000000000e+00	 0.00000000000000000000e+00	 0.00000000000000000000e+00	 0.00000000000000000000e+00	 0.00000000000000000000e+00	 0.00000000000000000000e+00	 0.00000000000000000000e+00	 0.00000000000000000000e+00	 0.00000000000000000000e+00	 0.00000000000000000000e+00	 0.00000000000000000000e+00	 0.00000000000000000000e+00	 
 4.74000000000000021316e+00	 0.00000000000000000000e+00	 0.00000000000000000000e+00	 0.00000000000000000000e+00	 0.00000000000000000000e+00	 0.00000000000000000000e+00	 0.00000000000000000000e+00	 0.00000000000000000000e+00	 0.00000000000000000000e+00	 0.00000000000000000000e+00	 0.00000000000000000000e+00	 0.00000000000000000000e+00	 0.00000000000000000000e+00	 0.00000000000000000000e+00	 0.00000000000000000000e+00	 
 4.75999999999999978684e+00	 0.00000000000000000000e+00	 0.00000000000000000000e+00	 0.00000000000000000000e+00	 0.00000000000000000000e+00	 0.00000000000000000000e+00	 0.00000000000000000000e+00	 0.00000000000000000000e+00	 0.00000000000000000000e+00	 0.00000000000000000000e+00	 0.00000000000000000000e+00	 0.00000000000000000000e+00	 0.00000000000000000000e+00	 0.00000000000000000000e+00	 0.00000000000000000000e+00	 
 4.78000000000000024869e+00	 0.00000000000000000000e+00	 0.00000000000000000000e+00	 0.00000000000000000000e+00	 0.00000000000000000000e+00	 0.00000000000000000000e+00	 0.00000000000000000000e+00	 0.00000000000000000000e+00	 0.00000000000000000000e+00	 0.00000000000000000000e+00	 0.00000000000000000000e+00	 0.00000000000000000000e+00	 0.00000000000000000000e+00	 0.00000000000000000000e+00	 0.00000000000000000000e+00	 
 4.79999999999999982236e+00	 0.00000000000000000000e+00	 0.00000000000000000000e+00	 0.00000000000000000000e+00	 0.00000000000000000000e+00	 0.00000000000000000000e+00	 0.00000000000000000000e+00	 0.00000000000000000000e+00	 0.00000000000000000000e+00	 0.00000000000000000000e+00	 0.00000000000000000000e+00	 0.00000000000000000000e+00	 0.00000000000000000000e+00	 0.00000000000000000000e+00	 0.00000000000000000000e+00	 
 4.81999999999999939604e+00	 0.00000000000000000000e+00	 0.00000000000000000000e+00	 0.00000000000000000000e+00	 0.00000000000000000000e+00	 0.00000000000000000000e+00	 0.00000000000000000000e+00	 0.00000000000000000000e+00	 0.00000000000000000000e+00	 0.00000000000000000000e+00	 0.00000000000000000000e+00	 0.00000000000000000000e+00	 0.00000000000000000000e+00	 0.00000000000000000000e+00	 0.00000000000000000000e+00	 
 4.84000000000000074607e+00	 0.00000000000000000000e+00	 0.00000000000000000000e+00	 0.00000000000000000000e+00	 0.00000000000000000000e+00	 0.00000000000000000000e+00	 0.00000000000000000000e+00	 0.00000000000000000000e+00	 0.00000000000000000000e+00	 0.00000000000000000000e+00	 0.00000000000000000000e+00	 0.00000000000000000000e+00	 0.00000000000000000000e+00	 0.00000000000000000000e+00	 0.00000000000000000000e+00	 
 4.86000000000000031974e+00	 0.00000000000000000000e+00	 0.00000000000000000000e+00	 0.00000000000000000000e+00	 0.00000000000000000000e+00	 0.00000000000000000000e+00	 0.00000000000000000000e+00	 0.00000000000000000000e+00	 0.00000000000000000000e+00	 0.00000000000000000000e+00	 0.00000000000000000000e+00	 0.00000000000000000000e+00	 0.00000000000000000000e+00	 0.00000000000000000000e+00	 0.00000000000000000000e+00	 
 4.87999999999999989342e+00	 0.00000000000000000000e+00	 0.00000000000000000000e+00	 0.00000000000000000000e+00	 0.00000000000000000000e+00	 0.00000000000000000000e+00	 0.00000000000000000000e+00	 0.00000000000000000000e+00	 0.00000000000000000000e+00	 0.00000000000000000000e+00	 0.00000000000000000000e+00	 0.00000000000000000000e+00	 0.00000000000000000000e+00	 0.00000000000000000000e+00	 0.00000000000000000000e+00	 
 4.89999999999999946709e+00	 0.00000000000000000000e+00	 0.00000000000000000000e+00	 0.00000000000000000000e+00	 0.00000000000000000000e+00	 0.00000000000000000000e+00	 0.00000000000000000000e+00	 0.00000000000000000000e+00	 0.00000000000000000000e+00	 0.00000000000000000000e+00	 0.00000000000000000000e+00	 0.00000000000000000000e+00	 0.00000000000000000000e+00	 0.00000000000000000000e+00	 0.00000000000000000000e+00	 
 4.91999999999999992895e+00	 0.00000000000000000000e+00	 0.00000000000000000000e+00	 0.00000000000000000000e+00	 0.00000000000000000000e+00	 0.00000000000000000000e+00	 0.00000000000000000000e+00	 0.00000000000000000000e+00	 0.00000000000000000000e+00	 0.00000000000000000000e+00	 0.00000000000000000000e+00	 0.00000000000000000000e+00	 0.00000000000000000000e+00	 0.00000000000000000000e+00	 0.00000000000000000000e+00	 
 4.93999999999999950262e+00	 0.00000000000000000000e+00	 0.00000000000000000000e+00	 0.00000000000000000000e+00	 0.00000000000000000000e+00	 0.00000000000000000000e+00	 0.00000000000000000000e+00	 0.00000000000000000000e+00	 0.00000000000000000000e+00	 0.00000000000000000000e+00	 0.00000000000000000000e+00	 0.00000000000000000000e+00	 0.00000000000000000000e+00	 0.00000000000000000000e+00	 0.00000000000000000000e+00	 
 4.95999999999999996447e+00	 0.00000000000000000000e+00	 0.00000000000000000000e+00	 0.00000000000000000000e+00	 0.00000000000000000000e+00	 0.00000000000000000000e+00	 0.00000000000000000000e+00	 0.00000000000000000000e+00	 0.00000000000000000000e+00	 0.00000000000000000000e+00	 0.00000000000000000000e+00	 0.00000000000000000000e+00	 0.00000000000000000000e+00	 0.00000000000000000000e+00	 0.00000000000000000000e+00	 
 4.98000000000000042633e+00	 0.00000000000000000000e+00	 0.00000000000000000000e+00	 0.00000000000000000000e+00	 0.00000000000000000000e+00	 0.00000000000000000000e+00	 0.00000000000000000000e+00	 0.00000000000000000000e+00	 0.00000000000000000000e+00	 0.00000000000000000000e+00	 0.00000000000000000000e+00	 0.00000000000000000000e+00	 0.00000000000000000000e+00	 0.00000000000000000000e+00	 0.00000000000000000000e+00	 
 5.00000000000000000000e+00	 0.00000000000000000000e+00	 0.00000000000000000000e+00	 0.00000000000000000000e+00	 0.00000000000000000000e+00	 0.00000000000000000000e+00	 0.00000000000000000000e+00	 0.00000000000000000000e+00	 0.00000000000000000000e+00	 0.00000000000000000000e+00	 0.00000000000000000000e+00	 0.00000000000000000000e+00	 0.00000000000000000000e+00	 0.00000000000000000000e+00	 0.00000000000000000000e+00	 
