 -1.00000000000000000000e+00	 1.27857935200548581226e-08	 1.27423583575514659423e-08	 1.27821092544243268726e-08	 1.56428357350480095107e-06	 1.56260044928031741827e-06	 1.56097176728982009022e-06	 1.66817157653160273571e-06	 4.62589111263709486807e-07	 4.61838228258979148263e-07	 1.55038277828772820717e-06	 2.47049300037592573417e-08	 3.23012765625772949468e-08	 3.22995805907926327762e-08	 3.23013033381252953349e-08	 
 -9.79999999999999982236e-01	 1.31156967533288013338e-08	 1.30711733867790770451e-08	 1.31119932763491557076e-08	 1.60542539668700504889e-06	 1.60370907141752114483e-06	 1.60207717022812403930e-06	 1.71204480257408946937e-06	 4.74168981068505880339e-07	 4.73334403185865658487e-07	 1.59116024590430889559e-06	 2.53175093110848848092e-08	 3.31356637746987702649e-08	 3.31339229286201193256e-08	 3.31356905187632309829e-08	 
 -9.59999999999999964473e-01	 1.34518575637794529453e-08	 1.34062259459690457739e-08	 1.34481360455495170800e-08	 1.64736248027896558830e-06	 1.64561251029840825404e-06	 1.64397816992749129315e-06	 1.75676615698346529133e-06	 4.85960614100192082022e-07	 4.85039401199168050146e-07	 1.63272590855432145775e-06	 2.59411855220397361302e-08	 3.39858963041067026818e-08	 3.39841097113522849618e-08	 3.39859229993036290635e-08	 
 -9.39999999999999946709e-01	 1.37942600163755947961e-08	 1.37475000433065491458e-08	 1.37905216213218067412e-08	 1.69009198252414785725e-06	 1.68830789850651411531e-06	 1.68667201052352881726e-06	 1.80233271637124964240e-06	 4.97962535716168981612e-07	 4.96951670539417139264e-07	 1.67507689229873569945e-06	 2.65758987901630557032e-08	 3.48519336717062213479e-08	 3.48501004637963146302e-08	 3.48519602989703112665e-08	 
 -9.19999999999999928946e-01	 1.41428795538486101370e-08	 1.40949710465478854813e-08	 1.41391254068790924053e-08	 1.73360964254183093110e-06	 1.73179093925017619981e-06	 1.73015452444717300932e-06	 1.84874006507509788205e-06	 5.10172866766335207158e-07	 5.09069255115517495503e-07	 1.71820890162918741735e-06	 2.72215728208657665892e-08	 3.57337132992762935487e-08	 3.57318326136754410817e-08	 3.57337398377123096040e-08	 
 -9.00000000000000022204e-01	 1.44976826062237697188e-08	 1.44486055104475500655e-08	 1.44939139795264374385e-08	 1.77790978822284196923e-06	 1.77605588006714225714e-06	 1.77442005175726810415e-06	 1.89598227676546305111e-06	 5.22589317613431722898e-07	 5.21389787661274711438e-07	 1.76211622726820189577e-06	 2.78781144980397887372e-08	 3.66311501602407272340e-08	 3.66292211440568364916e-08	 3.66311765915562716285e-08	 
 -8.80000000000000115463e-01	 1.48586262876123822677e-08	 1.48083608094782095285e-08	 1.48548447234145977382e-08	 1.82298521051539846099e-06	 1.82109539330670675117e-06	 1.81946133788239185542e-06	 1.94405179121789655812e-06	 5.35209159921640091750e-07	 5.33910462106924598083e-07	 1.80679161835829312430e-06	 2.85454134108473467168e-08	 3.75441357833367663466e-08	 3.75421575968653926644e-08	 3.75441620951140316712e-08	 
 -8.59999999999999986677e-01	 1.52256580070485287442e-08	 1.51741846730363423544e-08	 1.52218653652451916515e-08	 1.86882701701963133013e-06	 1.86690043536669672050e-06	 1.86526941330660291233e-06	 1.99293927014372577078e-06	 5.48029194119477073310e-07	 5.46628001671347428193e-07	 1.85222613259664848034e-06	 2.92233412629513787209e-08	 3.84725370028771768113e-08	 3.84705088231163990977e-08	 3.84725631906239833871e-08	 
 -8.40000000000000079936e-01	 1.55987152625155063478e-08	 1.55460151637718753444e-08	 1.55949139322855895761e-08	 1.91542453885425155311e-06	 1.91346035805847318353e-06	 1.91183353630645244694e-06	 2.04263360327846987789e-06	 5.61045748743479826761e-07	 5.59538663783569176019e-07	 1.89840905680263606659e-06	 2.99117520573537891484e-08	 3.94161957638708154082e-08	 3.94141167836575934106e-08	 3.94162218299140421507e-08	 
 -8.20000000000000062172e-01	 1.59777253258392092206e-08	 1.59237803229996596192e-08	 1.59739184049456914725e-08	 1.96276521754492975900e-06	 1.96076273522121743539e-06	 1.95914106270926398462e-06	 2.09312176290364892464e-06	 5.74254648601269060380e-07	 5.72638207188988858307e-07	 1.94532778675677907735e-06	 3.06104816718120906579e-08	 4.03749282102959265156e-08	 4.03727976390720105106e-08	 4.03749541639301519818e-08	 
 -8.00000000000000044409e-01	 1.63626047945440775792e-08	 1.63073976846848049818e-08	 1.63587962390692580356e-08	 2.01083447184063200498e-06	 2.00879315946630010906e-06	 2.00717729019200883709e-06	 2.14438863286290720567e-06	 5.87651177703468941822e-07	 5.85921853641028122218e-07	 1.99296768469539065138e-06	 3.13193472628438978186e-08	 4.13485234431569098292e-08	 4.13463405097475586758e-08	 4.13485493024281775778e-08	 
 -7.80000000000000026645e-01	 1.67532602827911755095e-08	 1.66967741274147835020e-08	 1.67494541322411187828e-08	 2.05961572365738958840e-06	 2.05753507708323016769e-06	 2.05592553314582207819e-06	 2.19641696603358038535e-06	 6.01230101474951477500e-07	 5.99384301362157243762e-07	 2.04131218298664449787e-06	 3.20381471047993194410e-08	 4.23367432382401177286e-08	 4.23345071917201040299e-08	 4.23367690246438277076e-08	 
 -7.60000000000000008882e-01	 1.71495879203719073932e-08	 1.70918056173295059878e-08	 1.71457877900803362699e-08	 2.10909022709273620894e-06	 2.10696967652813945781e-06	 2.10536693081700043405e-06	 2.24918723331141225219e-06	 6.14985626420594307761e-07	 6.13019688036516807210e-07	 2.09034258874682644182e-06	 3.27666605224845665118e-08	 4.33393212959242230557e-08	 4.33370314072635189140e-08	 4.33393470312887650403e-08	 
 -7.39999999999999991118e-01	 1.75514726471174860829e-08	 1.74923767771619566161e-08	 1.75476815194482623501e-08	 2.15923686556898020831e-06	 2.15707575571470511582e-06	 2.15548021828853327545e-06	 2.30267744426908067782e-06	 6.28911352912888189541e-07	 6.26821547436514615138e-07	 2.14003785244284527016e-06	 3.35046476049865902432e-08	 4.43559620445324575000e-08	 4.43536176091914574401e-08	 4.43559877504119744966e-08	 
 -7.19999999999999973355e-01	 1.79587880568538712944e-08	 1.78983612469235227726e-08	 1.79550085684997285195e-08	 2.21003225923479312541e-06	 2.20783007855392980479e-06	 2.20624196469922942231e-06	 2.35686342212549123493e-06	 6.43000299365090311356e-07	 6.40782842955465218721e-07	 2.19037477644052130122e-06	 3.42518497066122515187e-08	 4.53863447190868511035e-08	 4.53839450538241298879e-08	 4.53863704155801908707e-08	 
 -6.99999999999999955591e-01	 1.83713962189424394316e-08	 1.83096213287375183055e-08	 1.83676307707056476210e-08	 2.26145054564081508255e-06	 2.25920708447078025238e-06	 2.25762631194113453465e-06	 2.41171853770381782006e-06	 6.57244859512462475101e-07	 6.54895922928721332381e-07	 2.24132776999618345853e-06	 3.50079894499230612729e-08	 4.64301215478205058598e-08	 4.64276659892027948900e-08	 4.64301472523721200406e-08	 
 -6.79999999999999937828e-01	 1.87891472763002854819e-08	 1.87260073685088940478e-08	 1.87853979197641426004e-08	 2.31346311987177404135e-06	 2.31117854670753540192e-06	 2.30960466576979007045e-06	 2.46721339590054622090e-06	 6.71636752188310215335e-07	 6.69152468051886947754e-07	 2.29286856119834746661e-06	 3.57727703744833955505e-08	 4.74869152248515030565e-08	 4.74844031296493804911e-08	 4.74869409509358197221e-08	 
 -6.60000000000000031086e-01	 1.92118809953062251864e-08	 1.91473591392887791856e-08	 1.92081495614506773036e-08	 2.36603899051748976827e-06	 2.36371359067034979631e-06	 2.36214617075314462825e-06	 2.52331596248961228981e-06	 6.86167080373533593693e-07	 6.83543539930543372882e-07	 2.34496649118414971730e-06	 3.65458780285252466334e-08	 4.85563144699072330017e-08	 4.85537452171733985014e-08	 4.85563402322932906740e-08	 
 -6.40000000000000013323e-01	 1.96394261266890054964e-08	 1.95735052328821712696e-08	 1.96357142654602442123e-08	 2.41914446054658377076e-06	 2.41677848279841110389e-06	 2.41521736047368078504e-06	 2.57999132087421140908e-06	 7.00826275325075624665e-07	 6.98059529548762024957e-07	 2.39758822288644070500e-06	 3.73269800451136572678e-08	 4.96378747834751521571e-08	 4.96352477758536023319e-08	 4.96379006014332415538e-08	 
 -6.19999999999999884537e-01	 2.00715994008130563595e-08	 2.00042620793972677223e-08	 2.00679085084751705145e-08	 2.47274275267080279527e-06	 2.47033638275374447919e-06	 2.46878174883903975847e-06	 2.63720138614230712240e-06	 7.15604030794059384000e-07	 7.12690096468575491799e-07	 2.45069740106767866369e-06	 3.81157256893928402204e-08	 5.07311185890713104620e-08	 5.07284332530122800989e-08	 5.07311444871822681553e-08	 
 -5.99999999999999977796e-01	 2.05082046050215717404e-08	 2.04394335651875789877e-08	 2.05045356942453903770e-08	 2.52679433708529303397e-06	 2.52434781653688583919e-06	 2.52279985770689560358e-06	 2.69490519546708797672e-06	 7.30489390078233639780e-07	 7.27424272432305045984e-07	 2.50425500336006082606e-06	 3.89117499267068323372e-08	 5.18355392345399592296e-08	 5.18327950147247371986e-08	 5.18355652263293926097e-08	 
 -5.79999999999999849010e-01	 2.09490326352677238673e-08	 2.08788109028530605697e-08	 2.09453862049073290269e-08	 2.58125659111426933938e-06	 2.57877028925284176213e-06	 2.57722897332917736873e-06	 2.75305857759026034544e-06	 7.45470677906464840313e-07	 7.42250389642586299655e-07	 2.55821900383915927678e-06	 3.97146728296403333040e-08	 5.29505989053061932286e-08	 5.29477952603013934775e-08	 5.29506249816449532437e-08	 
 -5.60000000000000053291e-01	 2.13938611519549495008e-08	 2.13221720732445097822e-08	 2.13902370450321735235e-08	 2.63608340243269554152e-06	 2.63355783318126537461e-06	 2.63202286342146494900e-06	 2.81161376554218638596e-06	 7.60535420349835104527e-07	 7.57155996387227960111e-07	 2.61254398259553368352e-06	 4.05240981881944527937e-08	 5.40757251782403380551e-08	 5.40728615771951130070e-08	 5.40757513008614415293e-08	 
 -5.40000000000000035527e-01	 2.18424558332691026741e-08	 2.17692827397718633022e-08	 2.18388525145169358836e-08	 2.69122599525194076080e-06	 2.68866133541345394853e-06	 2.68713249582784627397e-06	 2.87052030962112435049e-06	 7.75670484623007574456e-07	 7.72127996357505398626e-07	 2.66718128283655105007e-06	 4.13396118073687071383e-08	 5.52103142633436056254e-08	 5.52073902037737778858e-08	 5.52103403755287337938e-08	 
 -5.20000000000000017764e-01	 2.22945695161641502983e-08	 2.22198954790432745151e-08	 2.22909834815017803995e-08	 2.74663239802135421841e-06	 2.74402815010598092184e-06	 2.74250553120028840474e-06	 2.92972451561864043773e-06	 7.90861988649088217223e-07	 7.87152560888964915996e-07	 2.72207868545047353652e-06	 4.21607826007517777938e-08	 5.63537286543002836352e-08	 5.63507436731030300893e-08	 5.63537546855673485008e-08	 
 -5.00000000000000000000e-01	 2.27499406478674691577e-08	 2.26737483284013316101e-08	 2.27463659565691216862e-08	 2.80224682667073729658e-06	 2.79960164877368402131e-06	 2.79808573489727520329e-06	 2.98916879193840882999e-06	 8.06095195116694391230e-07	 8.02215026090868426210e-07	 2.77718003283803687578e-06	 4.29871627882694923339e-08	 5.75052930679256120515e-08	 5.75022467445244905797e-08	 5.75053189315084164680e-08	 
 -4.79999999999999926725e-01	 2.32082942787801186345e-08	 2.31305670329570409101e-08	 2.32047244673292260552e-08	 2.85801010045191346406e-06	 2.85532213967405479473e-06	 2.85381356635879042546e-06	 3.04879245059510149170e-06	 8.21354725060885965903e-07	 8.17300118752620005483e-07	 2.83242617893459462563e-06	 4.38182916704952395045e-08	 5.86642996288809230357e-08	 5.86611916076318792021e-08	 5.86643252544402099366e-08	 
 -4.59999999999999964473e-01	 2.36693408349317457805e-08	 2.35900634343190471475e-08	 2.36657700747548144393e-08	 2.91385918429188704948e-06	 2.91112622918633509993e-06	 2.90962565521583125096e-06	 3.10853113506029640178e-06	 8.36624435290021623567e-07	 8.32391833403216888697e-07	 2.88775434761829784080e-06	 4.46536945217959916765e-08	 5.98300038340852658394e-08	 5.98268338416235433968e-08	 5.98300291900932910229e-08	 
 -4.40000000000000002220e-01	 2.41327739754323809740e-08	 2.40519329042138493106e-08	 2.41291973756422744833e-08	 2.96972666255728337645e-06	 2.96694608444939270564e-06	 2.96545419794538109512e-06	 3.16831615959242762903e-06	 8.51887275381965644816e-07	 8.47473288763769734611e-07	 2.94309739215542514506e-06	 4.54928799055110037059e-08	 6.10016182091392075268e-08	 6.09983860665244575387e-08	 6.10016433140915508184e-08	 
 -4.19999999999999984457e-01	 2.45982730710665645260e-08	 2.45158569160947460056e-08	 2.45946863285536763275e-08	 3.02554158112585685702e-06	 3.02271066233892478744e-06	 3.02122779015019692680e-06	 3.22807504148942415578e-06	 8.67125573110976501224e-07	 8.62527008782379379748e-07	 2.99838529932557880958e-06	 4.63353443982308475395e-08	 6.21783196007262168823e-08	 6.21750252091987652125e-08	 6.21783445141964657028e-08	 
 -3.99999999999999911182e-01	 2.50655007328702704884e-08	 2.49815006029890448567e-08	 2.50619000323028034085e-08	 3.08122876026587344314e-06	 3.07834489713602793060e-06	 3.07687073404514522661e-06	 3.28773092678988706569e-06	 8.82320875609705459023e-07	 8.77534770103546166777e-07	 3.05354430567374288122e-06	 4.71805702596869999011e-08	 6.33592426331926599297e-08	 6.33558859695376893045e-08	 6.33592674548061031479e-08	 
 -3.80000000000000004441e-01	 2.55340990801585103341e-08	 2.54485090921664332981e-08	 2.55304813005311629864e-08	 3.13670800554607758547e-06	 3.13376876626935685412e-06	 3.13230224347146303206e-06	 3.34720193036319493807e-06	 8.97453764491130324179e-07	 8.92477424216750100950e-07	 3.10849587954853255638e-06	 4.80280210017337590578e-08	 6.45434701617667710692e-08	 6.45400512849518300703e-08	 6.45434950398632167116e-08	 
 -3.59999999999999931166e-01	 2.60036958055014142334e-08	 2.59165125854991730128e-08	 2.60000580869973476476e-08	 3.19189642064207090380e-06	 3.18889899585450667090e-06	 3.18743899863149310971e-06	 3.40640309293478630410e-06	 9.12504275823420310320e-07	 9.07335286764157308079e-07	 3.16315733916763120034e-06	 4.88771486590707667380e-08	 6.57300456584756159332e-08	 6.57265647039276408901e-08	 6.57300707991237805066e-08	 
 -3.39999999999999968914e-01	 2.64738994551551430027e-08	 2.63851220162854559984e-08	 2.64702389940355098437e-08	 3.24670714666962365367e-06	 3.24364799808184498366e-06	 3.24219380052142629948e-06	 3.46524522992623512177e-06	 9.27451679240724605459e-07	 9.22087932107209154810e-07	 3.21744115441973520676e-06	 4.97273890769677472587e-08	 6.69179622723582281896e-08	 6.69144194508446920654e-08	 6.69179879498021940198e-08	 
 -3.20000000000000006661e-01	 2.69442930471708846855e-08	 2.68539231156869248714e-08	 2.69406071577830772233e-08	 3.30104791038265028168e-06	 3.29792264898265584318e-06	 3.29647402093495105101e-06	 3.52363360704987548631e-06	 9.42274220761003663656e-07	 9.36713953560132162077e-07	 3.27125414616360592088e-06	 5.05781544533761857477e-08	 6.81061480492904969813e-08	 6.81025436509867424714e-08	 6.81061746186668928292e-08	 
 -2.99999999999999933387e-01	 2.74144433981104139850e-08	 2.73224861110503215340e-08	 2.74107312438335415165e-08	 3.35482331546458574091e-06	 3.35162721306540423562e-06	 3.35018424069868965966e-06	 3.58147032128803710180e-06	 9.56949649502340406786e-07	 9.51191541344606792583e-07	 3.32450071302531108110e-06	 5.14288457492600834105e-08	 6.92934879975680696911e-08	 6.92898223935288039760e-08	 6.92935158361300310265e-08	 
 -2.80000000000000026645e-01	 2.78838939031867076889e-08	 2.77903584499557080939e-08	 2.78801577364634294900e-08	 3.40793349524534189832e-06	 3.40466177670798108583e-06	 3.40322479521228395965e-06	 3.63865289758853851769e-06	 9.71454938776662455180e-07	 9.65498193455806659528e-07	 3.37708114499561822572e-06	 5.22788440733491929935e-08	 7.04788063219421120131e-08	 7.04750799668941802645e-08	 7.04788357939063152077e-08	 
 -2.59999999999999953371e-01	 2.83521553322408297138e-08	 2.82570555560135400367e-08	 2.83484012101006683521e-08	 3.46027255165910787891e-06	 3.45692043437977241050e-06	 3.45549008586101674475e-06	 3.69507266909622109652e-06	 9.85765959792577223201e-07	 9.79610376608752053373e-07	 3.42888967658212522957e-06	 5.31274986278437199662e-08	 7.16608439392634881188e-08	 7.16570573757803695011e-08	 7.16608753868584283270e-08	 
 -2.39999999999999907851e-01	 2.88187122422086600158e-08	 2.87220689491776719725e-08	 2.88149479747601621097e-08	 3.51173115007493944295e-06	 3.50829433560053601592e-06	 3.50687090420074739619e-06	 3.75061843236567818582e-06	 9.99858149022269412746e-07	 9.93504191746493900102e-07	 3.47981813773638053955e-06	 5.39741380907507477511e-08	 7.28382825446080629308e-08	 7.28344364178427778738e-08	 7.28383162734771750142e-08	 
 -2.19999999999999945599e-01	 2.92830148000137308512e-08	 2.91848576454136852474e-08	 2.92792488787207078631e-08	 3.56219494932761853616e-06	 3.55866998043333852470e-06	 3.55725297193352304906e-06	 3.80517449968552063958e-06	 1.01370615585872212564e-06	 1.00715503253073306192e-06	 3.52975404099055569502e-06	 5.48180593313131493589e-08	 7.40097215165256206213e-08	 7.40058165863224549331e-08	 7.40097577811536934797e-08	 
 -1.99999999999999983347e-01	 2.97444685283147268578e-08	 2.96448374823947258288e-08	 2.97407101591111305893e-08	 3.61154276219849112566e-06	 3.60792721692216588209e-06	 3.60651522049733947361e-06	 3.85861843008083144166e-06	 1.02728342654111758643e-06	 1.02053717968075306322e-06	 3.57857834066028814284e-06	 5.56585122212086617435e-08	 7.51736496499132853378e-08	 7.51696867999392950671e-08	 7.51736886381332763915e-08	 
 -1.79999999999999993339e-01	 3.02024559434006839004e-08	 3.01013934968499811298e-08	 3.01987074204988200198e-08	 3.65965061850438704596e-06	 3.65594395724498195268e-06	 3.65453437855910389070e-06	 3.91082449144015125580e-06	 1.04056310790832545843e-06	 1.03362473673024456194e-06	 3.62617059331011194897e-06	 5.64947135557733843320e-08	 7.63284771482170578771e-08	 7.63244573599680310599e-08	 7.63285189850442935818e-08	 
 -1.59999999999999920064e-01	 3.06563211089051036781e-08	 3.05538676575215650495e-08	 3.06525726216503037453e-08	 3.70638957910560318991e-06	 3.70259381506368124575e-06	 3.70118262791209524823e-06	 3.96166167700472508231e-06	 1.05351759040464713979e-06	 1.04639117508898559113e-06	 3.67240646402341572774e-06	 5.73258311879556604024e-08	 7.74725043163612560827e-08	 7.74684286557830920389e-08	 7.74725490590050960848e-08	 
 -1.39999999999999902300e-01	 3.11053515248223641945e-08	 3.10015442570951083630e-08	 3.11015785864567877356e-08	 3.75162313854982441280e-06	 3.74774328033734824270e-06	 3.74632481068963180893e-06	 4.01099134469060221805e-06	 1.06611796056223186161e-06	 1.05880878533948755221e-06	 3.71715474110942331791e-06	 5.81509636980918588305e-08	 7.86038845929141921023e-08	 7.85997542106752622324e-08	 7.86039322151428333536e-08	 
 -1.20000000000000009437e-01	 3.15487918354484115052e-08	 3.14436714615135158759e-08	 3.15449681599273762005e-08	 3.79521597093865968955e-06	 3.79125642078212726053e-06	 3.78982479708080966438e-06	 4.05867305330110176003e-06	 1.07833520485564676900e-06	 1.07084981208340102443e-06	 3.76028133134066093815e-06	 5.89691661036044545795e-08	 7.97206826803245159223e-08	 7.97164988711804310371e-08	 7.97207331045089108193e-08	 
 -1.00000000000000005551e-01	 3.19858288852373070129e-08	 3.18794436196921259384e-08	 3.19819338060403344064e-08	 3.83703008571818953359e-06	 3.83299249131263854032e-06	 3.83154249334354592973e-06	 4.10456167680566804079e-06	 1.09013963596366350021e-06	 1.08248592052303646270e-06	 3.80164715189260098391e-06	 5.97794260023796784604e-08	 8.08208286347935603128e-08	 8.08165928777565302516e-08	 8.08208817458593198873e-08	 
 -8.00000000000000155431e-02	 3.24155744887162329721e-08	 3.23079810029596764694e-08	 3.24115943721054074867e-08	 3.87692018842192411492e-06	 3.87280295402289013779e-06	 3.87133017411199985801e-06	 4.14850391426651020918e-06	 1.10150018904232931423e-06	 1.09368753350099859344e-06	 3.84110546028906382136e-06	 6.05806346767268492803e-08	 8.19020656799998618975e-08	 8.18977796573438649332e-08	 8.19021213191036122349e-08	 
 -5.99999999999999630851e-02	 3.28371016869570615816e-08	 3.27283665858589715965e-08	 3.28330305349216249465e-08	 3.91473860311433794200e-06	 3.91053988382111630172e-06	 3.90904063361465420524e-06	 4.19034617606182931235e-06	 1.11238602946321729667e-06	 1.10442536695351522820e-06	 3.87850832980594024865e-06	 6.13716311571049182725e-08	 8.29620462401928351796e-08	 8.29577117555816235637e-08	 8.29621041680069919851e-08	 
 -3.99999999999999383826e-02	 3.32494198248577835474e-08	 3.31396210910018971468e-08	 3.32452603728722556583e-08	 3.95033290067592172539e-06	 3.94605228858403084740e-06	 3.94452362913999521853e-06	 4.22993100481579369879e-06	 1.12276584463039013606e-06	 1.11466976404059861249e-06	 3.91370366287823536643e-06	 6.21511684408137854769e-08	 8.39982680662181389160e-08	 8.39938869996379244780e-08	 8.39983279354591805805e-08	 
 -2.00000000000000281719e-02	 3.36514469138826449000e-08	 3.35406753339830807273e-08	 3.36472123092333638605e-08	 3.98354269299506500340e-06	 3.97918144025898748662e-06	 3.97762132449665744795e-06	 4.26709259522226791634e-06	 1.13260694548061333433e-06	 1.12438983885196730445e-06	 3.94653132858902032148e-06	 6.29178744176948964413e-08	 8.50080037982822441333e-08	 8.50035781008046788558e-08	 8.50080651359514616191e-08	 
 -4.82163733276643543166e-17	 3.40420711715418412207e-08	 3.39304230599384593648e-08	 3.40377807371653619358e-08	 4.01420851194297774131e-06	 4.00977128397982763653e-06	 4.00817671411517703232e-06	 4.30166699185114703464e-06	 1.14187720680328065916e-06	 1.13355552296195144496e-06	 3.97683568354894906739e-06	 6.36703117735788491927e-08	 8.59884304982909409833e-08	 8.59839622518318605314e-08	 8.59884927506829628447e-08	 
 2.00000000000001253164e-02	 3.44201158139266712311e-08	 3.43076889658917719292e-08	 3.44157931149654116874e-08	 4.04216809601567468146e-06	 4.03766421503259785353e-06	 4.03603014665834943994e-06	 4.33348782925760378347e-06	 1.15054427701608497829e-06	 1.14213675416574969633e-06	 4.00446052631937685133e-06	 6.44069360002769219381e-08	 8.69365507189363018971e-08	 8.69320421725553622773e-08	 8.69366132722387105645e-08	 
 4.00000000000001187939e-02	 3.47843009754552374224e-08	 3.46711941128169358556e-08	 3.47799743845976020533e-08	 4.06725134415077155286e-06	 4.06269539463240760723e-06	 4.06101448018991555144e-06	 4.36238073302780071596e-06	 1.15857451748429596281e-06	 1.15010238360128293127e-06	 4.02924251943132534883e-06	 6.51260484433283748020e-08	 8.78491073772044566070e-08	 8.78445609578378754074e-08	 8.78491695515835396513e-08	 
 6.00000000000000255351e-02	 3.51333057550320755281e-08	 3.50196298337500109399e-08	 3.51290141390209840754e-08	 4.08929957248516236598e-06	 4.08470531045133730420e-06	 4.08297205525649309284e-06	 4.38817482039996335265e-06	 1.16593540938295094645e-06	 1.15742258579501284628e-06	 4.05102447432875751877e-06	 6.58258877372250753011e-08	 8.87227628277322196107e-08	 8.87181810556200566979e-08	 8.87228238694236275448e-08	 
 7.99999999999999322764e-02	 3.54657324221754504120e-08	 3.53516175847450508122e-08	 3.54615290689651733334e-08	 4.10815818764370687294e-06	 4.10353505611079770899e-06	 4.10174828726077728293e-06	 4.41069824381176805566e-06	 1.17259465963832107062e-06	 1.16406798825277403483e-06	 4.06965037056902438726e-06	 6.65045751719934338236e-08	 8.95540006663037862366e-08	 8.95493861058822557270e-08	 8.95540597395620799217e-08	 
 9.99999999999999500400e-02	 3.57800683944230974289e-08	 3.56656662537737999829e-08	 3.57760230469179618707e-08	 4.12366692481053078844e-06	 4.11901947784864326546e-06	 4.11718289114810289406e-06	 4.42977183569260860371e-06	 1.17851891841120044257e-06	 1.17000840111607792705e-06	 4.08495819447210697402e-06	 6.71600555725335654116e-08	 9.03390214118535670267e-08	 9.03343766605685907892e-08	 9.03390775907205000282e-08	 
 1.20000000000000023315e-01	 3.60748149965985946330e-08	 3.59602732584170434737e-08	 3.60709897140512881719e-08	 4.13567444082845803096e-06	 4.13100577237063207715e-06	 4.12912566273166717573e-06	 4.44522786331907665460e-06	 1.18367697495290666943e-06	 1.17521560558290663675e-06	 4.09679801012795669318e-06	 6.77902134020444054091e-08	 9.10740101041926711737e-08	 9.10693378933446569145e-08	 9.10740625705578582610e-08	 
 1.40000000000000041078e-01	 3.63484268363053667330e-08	 3.62338745303907878577e-08	 3.63448618923135064008e-08	 4.14403333139832014587e-06	 4.13934684685165034737e-06	 4.13743103621615085450e-06	 4.45690315969273549051e-06	 1.18803866278775944082e-06	 1.17966244572066467591e-06	 4.10502555911345725379e-06	 6.83928093486265496280e-08	 9.17550057753324238707e-08	 9.17503090272001009216e-08	 9.17550539390492039134e-08	 
 1.59999999999999975575e-01	 3.65992477237552476962e-08	 3.64847917685029626669e-08	 3.65959582129914891047e-08	 4.14859195649239339605e-06	 4.14389139449155625332e-06	 4.14194938122082019835e-06	 4.46462926048568217258e-06	 1.19157319813402128740e-06	 1.18332135976709425645e-06	 4.10949256855628670309e-06	 6.89654134490103241385e-08	 9.23777635700032736382e-08	 9.23730454090540151952e-08	 9.23778071058687387149e-08	 
 1.79999999999999937828e-01	 3.68256565481068322752e-08	 3.67113845269245920753e-08	 3.68226377166966045000e-08	 4.14921808855209055516e-06	 4.14450581104909899669e-06	 4.14254624598239863686e-06	 4.46825210218837012865e-06	 1.19425256500103669271e-06	 1.18616784895584429729e-06	 4.11006442570018523696e-06	 6.95055862723923037266e-08	 9.29381408012577513001e-08	 9.29334045894139102960e-08	 9.29381795733105534659e-08	 
 2.00000000000000094369e-01	 3.70260013252260495917e-08	 3.69119813783392274035e-08	 3.70232300741424355786e-08	 4.14579079787424869234e-06	 4.14106677450158920130e-06	 4.13909604203827798937e-06	 4.46762531106461191244e-06	 1.19605047841709067638e-06	 1.18817943240036943910e-06	 4.10661447741227602064e-06	 7.00107922220202566094e-08	 9.34319231203082165303e-08	 9.34271724835338090180e-08	 9.34319571543850709032e-08	 
 2.20000000000000001110e-01	 3.71985292385062864423e-08	 3.70848071787697368796e-08	 3.71959618003643916685e-08	 4.13818749099159074014e-06	 4.13344907826515396503e-06	 4.13147109041093984723e-06	 4.46259928052296681007e-06	 1.19694057031538903802e-06	 1.18933381537615901196e-06	 4.09901380854874030095e-06	 7.04783100181035462515e-08	 9.38546401174361087926e-08	 9.38498789635781468460e-08	 9.38546696226319423719e-08	 
 2.39999999999999963363e-01	 3.73415410212176595592e-08	 3.72281664358476992605e-08	 3.73391349357221845472e-08	 4.12630693527453613743e-06	 4.12155072026233078433e-06	 4.11956693141038144773e-06	 4.45304593526021767915e-06	 1.19690086741219524211e-06	 1.18961259491627149421e-06	 4.08715978129417213210e-06	 7.09054487453788515335e-08	 9.42020302859947471017e-08	 9.41972628947045079591e-08	 9.42020556124758919582e-08	 
 2.59999999999999953371e-01	 3.74533227468364551077e-08	 3.73403630339826462795e-08	 3.74510487589837179326e-08	 4.11006201434800295561e-06	 4.10528475031001178575e-06	 4.10329403990252063156e-06	 4.43885045017905388218e-06	 1.19591244836630162735e-06	 1.18900027181618230970e-06	 4.07096634949446170473e-06	 7.12894497491397992348e-08	 9.44698385081409474994e-08	 9.44650695931631353779e-08	 9.44698601334077883828e-08	 
 2.80000000000000082157e-01	 3.75320722400169876876e-08	 3.74196142374918021197e-08	 3.75299157720317683464e-08	 4.08936585958757415921e-06	 4.08456446579891976759e-06	 4.08256295796670840931e-06	 4.41989699606517614876e-06	 1.19395701517655338051e-06	 1.18748220356811006718e-06	 4.05034771916454799457e-06	 7.16273867355440031382e-08	 9.46535976866136443819e-08	 9.46488324292420743122e-08	 9.46536162296442689953e-08	 
 2.99999999999999988898e-01	 3.75761732722839858820e-08	 3.74642952497544889722e-08	 3.75741116597052864832e-08	 4.06415752512816451516e-06	 4.05932940134390942327e-06	 4.05731403704782950118e-06	 4.39610372238729214301e-06	 1.19102118280852691537e-06	 1.18504833649329979853e-06	 4.02524952465197702480e-06	 7.19164544700816195748e-08	 9.47492582423495925042e-08	 9.47445020183099397570e-08	 9.47492743011434382578e-08	 
 3.20000000000000006661e-01	 3.75840776697106122107e-08	 3.74728338187307546255e-08	 3.75820676672374823074e-08	 4.03439415531344448346e-06	 4.02953735952431235342e-06	 4.02750781506740101106e-06	 4.36741061115204194052e-06	 1.18709537065704744952e-06	 1.18169236610387386909e-06	 3.99563861399431980885e-06	 7.21538424653029859342e-08	 9.47529181447408925921e-08	 9.47481763819909073721e-08	 9.47529322095439401605e-08	 
 3.39999999999999968914e-01	 3.75541772486985746401e-08	 3.74435951603034611081e-08	 3.75521531105493174393e-08	 4.00003424896003430527e-06	 3.99514751063211681701e-06	 3.99310634837177937101e-06	 4.33375880375658726755e-06	 1.18217126368798740317e-06	 1.17740951487943464758e-06	 3.96148365685808598763e-06	 7.23366070758712143048e-08	 9.46605259004271916278e-08	 9.46558040729075282174e-08	 9.46605383442932518262e-08	 
 3.59999999999999931166e-01	 3.74850978829255471666e-08	 3.73752087411136764687e-08	 3.74830074339590046222e-08	 3.96107763329817649572e-06	 3.95616465423458431701e-06	 3.95411231055062726381e-06	 4.29512540552223171333e-06	 1.17624652339328878051e-06	 1.17220068823121472468e-06	 3.92278357965255311491e-06	 7.24620121938533841899e-08	 9.44686810883798193635e-08	 9.44639847237600333108e-08	 9.44686923745175017809e-08	 
 3.80000000000000059952e-01	 3.73755721002798989487e-08	 3.72664262683389733927e-08	 3.73733960612589252864e-08	 3.91755177638617837544e-06	 3.91262363147181205702e-06	 3.91055576025687366383e-06	 4.25151194858454041156e-06	 1.16932363683540694247e-06	 1.16607160531269635790e-06	 3.87955915699379723572e-06	 7.25273801656660260187e-08	 9.41742880292833377480e-08	 9.41696227085451191875e-08	 9.41742988236941876708e-08	 
 4.00000000000000077716e-01	 3.72242949870036701508e-08	 3.71159630326454151715e-08	 3.72220492434002442235e-08	 3.86948586694499500226e-06	 3.86456125425958052575e-06	 3.86246855523743883541e-06	 4.20292138819953396646e-06	 1.16140691366200049960e-06	 1.15903015550389148572e-06	 3.83183262341767677729e-06	 7.25299404338686942790e-08	 9.37741639500982342760e-08	 9.37695353051471720638e-08	 9.37741751378262789226e-08	 
 4.19999999999999984457e-01	 3.70303136132840396428e-08	 3.69228805217822421386e-08	 3.70280326248968720774e-08	 3.81694986999850720494e-06	 3.81204751985172274903e-06	 3.80992028149256906034e-06	 4.14939980773090332075e-06	 1.15250680513182796497e-06	 1.15108754095145092330e-06	 3.77967056186354017632e-06	 7.24673158621779633432e-08	 9.32660162308106560639e-08	 9.32614300871304959644e-08	 9.32660289389603264029e-08	 
 4.39999999999999946709e-01	 3.67928538785711669754e-08	 3.66864164507502855590e-08	 3.67905829901124697047e-08	 3.76004191248387095161e-06	 3.75517676096223073761e-06	 3.75300713905554552099e-06	 4.09102218511443393257e-06	 1.14263906979809035540e-06	 1.14225893657740178391e-06	 3.72316935520025351359e-06	 7.23373047973493285546e-08	 9.26480096978319877055e-08	 9.26434721501846286322e-08	 9.26480253189607067694e-08	 
 4.60000000000000131006e-01	 3.65111201193448647600e-08	 3.64057874057947677369e-08	 3.65089162730878948344e-08	 3.69885965363516748891e-06	 3.69404280910122624233e-06	 3.69182481913578985466e-06	 4.02786301410613057294e-06	 1.13182161709539546658e-06	 1.13256201762604452226e-06	 3.66242483495415249980e-06	 7.21376590434338785157e-08	 9.19182598867333710121e-08	 9.19137773139745168313e-08	 9.19182800981445292160e-08	 
 4.80000000000000037748e-01	 3.61847508965546846506e-08	 3.60806477056492920165e-08	 3.61826942769689762726e-08	 3.63355121583684270619e-06	 3.62879099035437616079e-06	 3.62652066229410859681e-06	 3.96005288880903821375e-06	 1.12007822744752009921e-06	 1.12201841722246728707e-06	 3.59758958200782169603e-06	 7.18666317256342288886e-08	 9.10759952559699382186e-08	 9.10715739518600335748e-08	 9.10760215168575699512e-08	 
 5.00000000000000000000e-01	 3.58136102393246796025e-08	 3.57108792947619524131e-08	 3.58118110355461339837e-08	 3.56429764695793840999e-06	 3.55960000897183034206e-06	 3.55727550383884043168e-06	 3.88775776566210560934e-06	 1.10743813470874658954e-06	 1.11065436634247370262e-06	 3.52885226588887992983e-06	 7.15227216078614602286e-08	 9.01210271115729487805e-08	 9.01166730961591941876e-08	 9.01210604082908671980e-08	 
 5.20000000000000128786e-01	 3.53975359817762661854e-08	 3.52963386236136102588e-08	 3.53961358762939003940e-08	 3.49127467965395060271e-06	 3.48664326303007572771e-06	 3.48426483213649316374e-06	 3.81113833161623219212e-06	 1.09393277851277968542e-06	 1.09849882780862723228e-06	 3.45639619145503701198e-06	 7.11044082980935889911e-08	 8.90531040190209223845e-08	 8.90488230386380286144e-08	 8.90531448572525218534e-08	 
 5.40000000000000035527e-01	 3.49369433186379745615e-08	 3.48374369964674423501e-08	 3.49360783538091636985e-08	 3.41470076664783422078e-06	 3.41013973112103549459e-06	 3.40770472252544119645e-06	 3.73040585525166710321e-06	 1.07959787483437565095e-06	 1.08558263732302664929e-06	 3.38043954086087106297e-06	 7.06107802118658551315e-08	 8.78733487462383961058e-08	 8.78691462180665058472e-08	 8.78733975084089276207e-08	 
 5.60000000000000053291e-01	 3.44325392846658664972e-08	 3.43348665231713951220e-08	 3.44323220002294436445e-08	 3.33482218647202736245e-06	 3.33033761199594373958e-06	 3.32783798456880111847e-06	 3.64580283946600547013e-06	 1.06447394604339082037e-06	 1.07194039979903452185e-06	 3.30122449460089656780e-06	 7.00412262864932218741e-08	 8.65835829313896023920e-08	 8.65794639091198891427e-08	 8.65836400514933503725e-08	 
 5.79999999999999849010e-01	 3.38849723697002945699e-08	 3.37892610706769844860e-08	 3.38854925620050502636e-08	 3.25187217379891121472e-06	 3.24747201296356725821e-06	 3.24489438556886808105e-06	 3.55755822792044298493e-06	 1.04860349756189972621e-06	 1.05760949078357277066e-06	 3.21898035374020790418e-06	 6.93951105818242404950e-08	 8.51854785172275716299e-08	 8.51814476999817083896e-08	 8.51855444867193651153e-08	 
 5.99999999999999977796e-01	 3.32954807605994244537e-08	 3.32018560371608331290e-08	 3.32968021687703618833e-08	 3.16612580814567323218e-06	 3.16182161361443886497e-06	 3.15915094884904731077e-06	 3.46596211464779336797e-06	 1.03203184987049326626e-06	 1.04262598439057303622e-06	 3.13398014577488760992e-06	 6.86725257001264311685e-08	 8.36822414536360605247e-08	 8.36783027523881461899e-08	 8.36823160004860274881e-08	 
 6.20000000000000106581e-01	 3.26655812604341215982e-08	 3.25741712229829413747e-08	 3.26677400115665805936e-08	 3.07788326382213839186e-06	 3.07369106018219813401e-06	 3.07091234289696700827e-06	 3.37133829277808807511e-06	 1.01480845022714412203e-06	 1.02702827570109387705e-06	 3.04652288797165656997e-06	 6.78739040233189612985e-08	 8.20778052827607036800e-08	 8.20739615995671647717e-08	 8.20778869655019917089e-08	 
 6.39999999999999902300e-01	 3.19966612854455501382e-08	 3.19075976046128100912e-08	 3.19996669859533929679e-08	 2.98742136532743654781e-06	 2.98336153039630817970e-06	 2.98045957544958654812e-06	 3.27398492142178402904e-06	 9.96984319083748392313e-07	 1.01085744309180145983e-06	 2.95688439959958906773e-06	 6.69996008080342096240e-08	 8.03757718826834069472e-08	 8.03720251312659511693e-08	 8.03758580995289973784e-08	 
 6.60000000000000031086e-01	 3.12907814958234131265e-08	 3.12041735405675776781e-08	 3.12945849901673835082e-08	 2.89506526721582985076e-06	 2.89114656987307327399e-06	 2.88811453695576713106e-06	 3.17424051208793602723e-06	 9.78609073806611501120e-07	 9.94151426962498072773e-07	 2.86537799275348019107e-06	 6.60507776735279743660e-08	 7.85813864147614662870e-08	 7.85777381210089993689e-08	 7.85814748106681481918e-08	 
 6.80000000000000159872e-01	 3.05502864755802511622e-08	 3.04662092527290551237e-08	 3.05547642959107042096e-08	 2.80116525315504093162e-06	 2.79737744684989827362e-06	 2.79422073085855417424e-06	 3.07246382677677673276e-06	 9.59734403873528206457e-07	 9.76949635016693612448e-07	 2.77233705745179697115e-06	 6.50289269074561905132e-08	 7.67005862240226651902e-08	 7.66970377980037193298e-08	 7.67006753426950303348e-08	 
 6.99999999999999955591e-01	 2.97772793477372521643e-08	 2.96957753863858855032e-08	 2.97822359419391975961e-08	 2.70603528968799786645e-06	 2.70235030802163396960e-06	 2.69908560201217206692e-06	 2.96897438467422817795e-06	 9.40413144780728013338e-07	 9.59293987378767477740e-07	 2.67805977112028514056e-06	 6.39353511442336826224e-08	 7.47386930518279639546e-08	 7.47352457941803702648e-08	 7.47387822903792874675e-08	 
 7.20000000000000084377e-01	 2.89745389363794430186e-08	 2.88956159615331198489e-08	 2.89797729825931015611e-08	 2.61000561282844780091e-06	 2.60639971578909045844e-06	 2.60303943614912206919e-06	 2.86414102799989961975e-06	 9.20694074598647658440e-07	 9.41218895454833315185e-07	 2.58287947008296490600e-06	 6.27724067391624989784e-08	 7.27027230553053092910e-08	 7.26993780645207522518e-08	 7.27028120200054678866e-08	 
 7.39999999999999991118e-01	 2.81450811804654293532e-08	 2.80687110093178507235e-08	 2.81504149337343399907e-08	 2.51341383048961715299e-06	 2.50987753113825845126e-06	 2.50642276120560128993e-06	 2.75835288071536791405e-06	 9.00626738681994200081e-07	 9.22758145210983711115e-07	 2.48714532539852250544e-06	 6.15428191904901286849e-08	 7.06002870533270295176e-08	 7.05970451754447808572e-08	 7.06003752579469903945e-08	 
 7.60000000000000008882e-01	 2.72915316832206959467e-08	 2.72176522620707241697e-08	 2.72968078782741073228e-08	 2.41655031714682761105e-06	 2.41308698998977319290e-06	 2.40952828389138250297e-06	 2.65194343195849239204e-06	 8.80261442783290288795e-07	 9.03947848004378809783e-07	 2.39115826512743799784e-06	 6.02489394650619866194e-08	 6.84380015479544387082e-08	 6.84348633992390499088e-08	 6.84380884162057806115e-08	 
 7.80000000000000137668e-01	 2.64171547944231290759e-08	 2.63456874523938047055e-08	 2.64222401851680035308e-08	 2.31973582917061303145e-06	 2.31635340367394813922e-06	 2.31267533275923182915e-06	 2.54528367631569561725e-06	 8.59639813274698499116e-07	 8.84814601457850643967e-07	 2.29523828248539161416e-06	 5.88942077371003139305e-08	 6.62240997128715572976e-08	 6.62210658096771585066e-08	 6.62241848074590554726e-08	 
 7.99999999999999933387e-01	 2.55253793198195936409e-08	 2.54562359047610767710e-08	 2.55301646944232927693e-08	 2.22330220695341490380e-06	 2.22000935493712524832e-06	 2.21619249252611369145e-06	 2.43875568616210752407e-06	 8.38802069500763345249e-07	 8.65383276042015913999e-07	 2.19971142720081196058e-06	 5.74823394848111033042e-08	 6.39672321969930372266e-08	 6.39643030088792248973e-08	 6.39673153175344646835e-08	 
 8.20000000000000062172e-01	 2.46190697244375434199e-08	 2.45521524619839811652e-08	 2.46234663422579174841e-08	 2.12752121542884552389e-06	 2.12432729267267803245e-06	 2.12034811683963866674e-06	 2.33267021112588620897e-06	 8.17788971952994273079e-07	 8.45680632306596653885e-07	 2.10484450016233239368e-06	 5.60164176026260180972e-08	 6.16746113586619333509e-08	 6.16717873288487159454e-08	 6.16746925198852739833e-08	 
 8.39999999999999857891e-01	 2.37016752236150090183e-08	 2.36369390685485191443e-08	 2.37056446654219791987e-08	 2.03268061767902642628e-06	 2.02960020451362459429e-06	 2.02543760602203424674e-06	 2.22737695532551941650e-06	 7.96631435159318133864e-07	 8.25722736021891867811e-07	 2.01092411150618434178e-06	 5.45008235274066057601e-08	 5.93550997955802017643e-08	 5.93523810091281763282e-08	 5.93551791216273520931e-08	 
 8.60000000000000097700e-01	 2.27767294774688450580e-08	 2.27142073754809942286e-08	 2.27802948328465323209e-08	 1.93907130074504707284e-06	 1.93612614103354106610e-06	 1.93176383727629143056e-06	 2.12323439871816017341e-06	 7.75358270307959315921e-07	 8.05522907891370926139e-07	 1.91824174276210658775e-06	 5.29401650317429162771e-08	 5.70178463750337953027e-08	 5.70152324194506286348e-08	 5.70179240515455054540e-08	 
 8.80000000000000115463e-01	 2.18470174688333177896e-08	 2.17868121374928014805e-08	 2.18502562188290818968e-08	 1.84691454086703951187e-06	 1.84413285244304778874e-06	 1.83955792259534978152e-06	 2.02051444776019509307e-06	 7.53998338927769065386e-07	 7.85095327310570557770e-07	 1.82701953520998356219e-06	 5.13380740970239480730e-08	 5.46700704248663281578e-08	 5.46675604682160191553e-08	 5.46701466963357334458e-08	 
 8.99999999999999911182e-01	 2.09160620662175782633e-08	 2.08582600893923970495e-08	 2.09190774620694246947e-08	 1.75645350072351598146e-06	 1.75385584344341758358e-06	 1.74905492806092548268e-06	 1.91950433001267228771e-06	 7.32573699742364952763e-07	 7.64445845585699362766e-07	 1.73749584133169867306e-06	 4.96997420948044261541e-08	 5.23206406547966826195e-08	 5.23182335504916793334e-08	 5.23207154768908131214e-08	 
 9.20000000000000039968e-01	 1.99874816604288659357e-08	 1.99321182850028009769e-08	 1.99903905041698631985e-08	 1.66793664666266638102e-06	 1.66553049511390979262e-06	 1.66048776391436317240e-06	 1.82048935960347817449e-06	 7.11105054289207195229e-07	 7.43577460938305660302e-07	 1.64991222959807457962e-06	 4.80305274556821923159e-08	 4.99785822602428654329e-08	 4.99762765963053373755e-08	 4.99786551624299823351e-08	 
 9.39999999999999835687e-01	 1.90639332823903022457e-08	 1.90110011709921897532e-08	 1.90668656699285103853e-08	 1.58153421995777081143e-06	 1.57931634114593440463e-06	 1.57401263539712935929e-06	 1.72365974676524217105e-06	 6.89611665049187941484e-07	 7.22491599638135653369e-07	 1.56443365036580779370e-06	 4.63343813734283802371e-08	 4.76504947219865106998e-08	 4.76482888823431535364e-08	 4.76505648617103946928e-08	 
 9.60000000000000075495e-01	 1.81486901193278407184e-08	 1.80981433825376882525e-08	 1.81517117270278834219e-08	 1.49742005910761010960e-06	 1.49538540559375062060e-06	 1.48980583935659135963e-06	 1.62924228564636827446e-06	 6.68105533751320196739e-07	 7.01189349355950840928e-07	 1.48122916600973646022e-06	 4.46171232021165645967e-08	 4.53445456891144776731e-08	 4.53424379903086830829e-08	 4.53446125603710000710e-08	 
 9.80000000000000093259e-01	 1.72450340974397097601e-08	 1.71967917868316799151e-08	 1.72481181503985360544e-08	 1.41576775460339957336e-06	 1.41391330745392328058e-06	 1.40804954977737165135e-06	 1.53747124861562205359e-06	 6.46595987136061265690e-07	 6.79669991579873161765e-07	 1.40046812049650504064e-06	 4.28846752239163645984e-08	 4.30689395831753256719e-08	 4.30669283272089545679e-08	 4.30690032879628175546e-08	 
 9.99999999999999888978e-01	 1.63551132494129834126e-08	 1.63090654639021358793e-08	 1.63581561938059691311e-08	 1.33667116844730885418e-06	 1.33499588431635984556e-06	 1.32884319919831920238e-06	 1.44847534755015342472e-06	 6.25088483038496162312e-07	 6.57926181005267042238e-07	 1.32224152893329488590e-06	 4.11410370350984904894e-08	 4.08290131522874070920e-08	 4.08270966655145043857e-08	 4.08290742985398178181e-08	 
 1.02000000000000001776e+00	 1.54816722958182503121e-08	 1.54377222412721963046e-08	 1.54845908457788134210e-08	 1.26023397023386855380e-06	 1.25873096545989961153e-06	 1.25230072444789211277e-06	 1.36240829609895811263e-06	 6.03589476740496821211e-07	 6.35972178551454350865e-07	 1.24665315466087454983e-06	 3.93925639828402448154e-08	 3.86317453352685970281e-08	 3.86299216026112675541e-08	 3.86318043099654421390e-08	 
 1.04000000000000003553e+00	 1.46274479232533090228e-08	 1.45855270947765650450e-08	 1.46302158493852719236e-08	 1.18656556372898759211e-06	 1.18521937209988939733e-06	 1.17854256792648713719e-06	 1.27942948652200163375e-06	 5.82103860487258909833e-07	 6.13825084576944732167e-07	 1.17381372962708901174e-06	 3.76457072831107778676e-08	 3.64841524432283661021e-08	 3.64824189769384029782e-08	 3.64842091375521301923e-08	 
 1.06000000000000005329e+00	 1.37939044183934663003e-08	 1.37539672173436511577e-08	 1.37965407261503855430e-08	 1.11569528496402917157e-06	 1.11448381597711468843e-06	 1.10760530911878078679e-06	 1.19958961892111143218e-06	 5.60627424286927895361e-07	 5.91485491121922835483e-07	 1.10375454478692027592e-06	 3.59043886475772813627e-08	 3.43900024175095272707e-08	 3.43883563902900090947e-08	 3.43900563224603709654e-08	 
 1.08000000000000007105e+00	 1.29832027303842460335e-08	 1.29452159974895767985e-08	 1.29857223916527471926e-08	 1.04766779059956611821e-06	 1.04656697761983565533e-06	 1.03952864370003651286e-06	 1.12296043361872096096e-06	 5.39179815847212841078e-07	 5.68992089078981450619e-07	 1.03652010137455872594e-06	 3.41751501435158774385e-08	 3.23547144359705006585e-08	 3.23531527546681476105e-08	 3.23547650096355246130e-08	 
 1.09999999999999986677e+00	 1.21975462912271825585e-08	 1.21614843468736413120e-08	 1.21999414086757361913e-08	 9.82539629941329088392e-07	 9.81525077376655921796e-07	 9.74359496601084195007e-07	 1.04962312272133462833e-06	 5.17783773569979742963e-07	 5.46386883153437510409e-07	 9.72166211190524943151e-07	 3.24645555479105612653e-08	 3.03837901045285526850e-08	 3.03823094398774406714e-08	 3.03838369069114499551e-08	 
 1.11999999999999988454e+00	 1.14377426851214711735e-08	 1.14035870951838366478e-08	 1.14399874641273849295e-08	 9.20288255477419175745e-07	 9.19335108178708190185e-07	 9.12066005468779427054e-07	 9.79552110544885109046e-07	 4.96442347089455156983e-07	 5.23682067619552847825e-07	 9.10671109419337253470e-07	 3.07760315534009594393e-08	 2.84792166677262888065e-08	 2.84778135367022225609e-08	 2.84792593201106017141e-08	 
 1.14000000000000012434e+00	 1.07053027972938384044e-08	 1.06730230477992402382e-08	 1.07073580314246488683e-08	 8.60906390919576003736e-07	 8.60000682460416786162e-07	 8.52642590264381232829e-07	 9.12762297092244531370e-07	 4.75194135911803095025e-07	 5.00947695144110743459e-07	 8.52021337430127097437e-07	 2.91157895589070368696e-08	 2.66445564633123235914e-08	 2.66432275595455994092e-08	 2.66445948465761658607e-08	 
 1.15999999999999992006e+00	 1.00018221774664987029e-08	 9.97137001375416987248e-09	 1.00036370877759926415e-08	 8.04403395844910822176e-07	 8.03545075779190525531e-07	 7.96103586891376366086e-07	 8.49290245945366529597e-07	 4.54079747846839170973e-07	 4.78257639251887277204e-07	 7.96218257032075280538e-07	 2.74900204525824618992e-08	 2.48835494706338739591e-08	 2.48822917460902549880e-08	 2.48835837684593941530e-08	 
 1.18000000000000015987e+00	 9.32740624153503334154e-09	 9.29872227452111683503e-09	 9.32891936113645198950e-09	 7.50711119666721933148e-07	 7.49910470405506628088e-07	 7.42381920574620730174e-07	 7.89062482023343225398e-07	 4.33106374765507793591e-07	 4.55638280858611705663e-07	 7.43189338502940219052e-07	 2.59011740194224859950e-08	 2.31962492379854222260e-08	 2.31950598675978972506e-08	 2.31962798452586954489e-08	 
 1.19999999999999973355e+00	 8.68282375331678411476e-09	 8.65582855970481612814e-09	 8.68401406542893398311e-09	 6.99783858456208400827e-07	 6.99049894805721286425e-07	 6.91430302501688801972e-07	 7.32039616444773366770e-07	 4.12329163651635596706e-07	 4.33175965340955212009e-07	 6.92890693468181240748e-07	 2.43544929351957153517e-08	 2.15844348415396202460e-08	 2.15833110138568290137e-08	 2.15844620907147685616e-08	 
 1.21999999999999997335e+00	 8.06897269628894572476e-09	 8.04356525227741548243e-09	 8.06987278988847763799e-09	 6.51598533885603873333e-07	 6.50935218846614984615e-07	 6.43222447023857894984e-07	 6.78206605370645791345e-07	 3.91803451677302552381e-07	 4.10955279353816034108e-07	 6.45303194335782422586e-07	 2.28551713244274592758e-08	 2.00502573611631127430e-08	 2.00491961823470022993e-08	 2.00502814309159494190e-08	 
 1.24000000000000021316e+00	 7.48526604529446906297e-09	 7.46133081082526404503e-09	 7.48594502702280509913e-09	 6.06057841168727975739e-07	 6.05465973174684542489e-07	 5.97655346254488320902e-07	 6.27443906254295854132e-07	 3.71537223221893874630e-07	 3.88999375831801294891e-07	 6.00334139107836885013e-07	 2.14042940293405450261e-08	 1.85921557250770294539e-08	 1.85911542738984534764e-08	 1.85921766716818228500e-08	 
 1.25999999999999978684e+00	 6.93178558541124213213e-09	 6.90922940504952606436e-09	 6.93230203402915073486e-09	 5.63081598934287938766e-07	 5.62562040392850351881e-07	 5.54650285849483977774e-07	 5.79669708513582494224e-07	 3.51601859646852716593e-07	 3.67406473340717676002e-07	 5.57904668693067853088e-07	 2.00057741489539446634e-08	 1.72102839066406881050e-08	 1.72093395126137527369e-08	 1.72103022140291853207e-08	 
 1.28000000000000002665e+00	 6.40883833096858607651e-09	 6.38759939889346928830e-09	 6.40922633285821775350e-09	 5.22615518393220485302e-07	 5.22170533064147285125e-07	 5.14155467360737581720e-07	 5.34834189640235233835e-07	 3.32069252543602579278e-07	 3.46274278701822327330e-07	 5.17960896903694774515e-07	 1.86636233245281798378e-08	 1.59053898247807968924e-08	 1.59045001156727931706e-08	 1.59054065556657757967e-08	 
 1.30000000000000026645e+00	 5.91529791245913602737e-09	 5.89533643202247484977e-09	 5.91557480019118372609e-09	 4.84538088984846976995e-07	 4.84171523124977269036e-07	 4.76046438490501771961e-07	 4.92789401741542463247e-07	 3.12949236581950903800e-07	 3.25624793305245471002e-07	 4.80384009776124221009e-07	 1.73775605788025115237e-08	 1.46746240273448936448e-08	 1.46737868692887999993e-08	 1.46746406563225329910e-08	 
 1.32000000000000006217e+00	 5.45074086365855475325e-09	 5.43200820185557909893e-09	 5.45089973446453044511e-09	 4.48760084291377629806e-07	 4.48468384941195859001e-07	 4.40232522962665976226e-07	 4.53442897248170796399e-07	 2.94314787490805399914e-07	 3.05545881836092372192e-07	 4.45076426096164303649e-07	 1.61498123294420748708e-08	 1.35168146427969186846e-08	 1.35160281771834147221e-08	 1.35168319971160089062e-08	 
 1.34000000000000007994e+00	 5.01507100800628449913e-09	 4.99750060970435219455e-09	 5.01508067508183734439e-09	 4.15225587817910550922e-07	 4.14995882514517022838e-07	 4.06655204237311562811e-07	 4.16743570274440519115e-07	 2.76237250981867960590e-07	 2.86122231122935943533e-07	 4.11971500930290665238e-07	 1.49828629421843023067e-08	 1.24316098248696530759e-08	 1.24308724512241003965e-08	 1.24316278525404136751e-08	 
 1.35999999999999987566e+00	 4.60682414488088907117e-09	 4.59033893004919995989e-09	 4.60663480012244064301e-09	 3.83812065592915724536e-07	 3.83625636224375110158e-07	 3.75183701230498291930e-07	 3.82542853459342694118e-07	 2.58716691154883988488e-07	 2.67357433175904747134e-07	 3.80941792805590070930e-07	 1.38750089199823274835e-08	 1.14152666861582332188e-08	 1.14145770501983529297e-08	 1.14152847957252197018e-08	 
 1.37999999999999989342e+00	 4.22521793965531708509e-09	 4.20972678876608813504e-09	 4.22478733278352081282e-09	 3.54419452279535315761e-07	 3.54265932158980694655e-07	 3.45725980512232257919e-07	 3.50726375558592550204e-07	 2.41812888729846428871e-07	 2.49317796309983787859e-07	 3.51890503635350713081e-07	 1.28267350067473399281e-08	 1.04656772317939182340e-08	 1.04650337885984275758e-08	 1.04656947643286661117e-08	 
 1.40000000000000013323e+00	 3.86987705902035471128e-09	 3.85527341533051208866e-09	 3.86917430469109005795e-09	 3.26980817423511212182e-07	 3.26861207079100000634e-07	 3.18224508612286813026e-07	 3.21220615464529300634e-07	 2.25584582101059776007e-07	 2.32069551955794305694e-07	 3.24755462935404430993e-07	 1.18390280631786059590e-08	 9.58175853498250719336e-09	 9.58115947013094263491e-09	 9.58177489663420581066e-09	 
 1.41999999999999992895e+00	 3.53915400685800118031e-09	 3.52531896498197100212e-09	 3.53814818793054737403e-09	 3.01368733546114130943e-07	 3.01291500612502079114e-07	 2.92549036874501173099e-07	 2.93868019977669075995e-07	 2.10015857537611550346e-07	 2.15597526793538049201e-07	 2.99413553692688274530e-07	 1.09089924658333986362e-08	 8.75929098786371292573e-09	 8.75873444395820805713e-09	 8.75930559651661904841e-09	 
 1.44000000000000016875e+00	 3.23195347110156111685e-09	 3.21880181516790278494e-09	 3.23065694343291752387e-09	 2.77488315110539659914e-07	 2.77459056701633721138e-07	 2.68613823695610421261e-07	 2.68543248709448827375e-07	 1.95147320858102069565e-07	 1.99934430825396860671e-07	 2.75779345347644349192e-07	 1.00358464093364623590e-08	 7.99554702169933847093e-09	 7.99503060500165638161e-09	 7.99555923901211677539e-09	 
 1.45999999999999996447e+00	 2.94763373632217611634e-09	 2.93511835234944852264e-09	 2.94610630113072811752e-09	 2.55281165540298108155e-07	 2.55300560805279711716e-07	 2.46369265724963517827e-07	 2.45165495433979164502e-07	 1.81021990859633787964e-07	 1.85116290126714535307e-07	 2.53803838778482367771e-07	 9.21960466689832520854e-09	 7.28896345448593434955e-09	 7.28848416305113340788e-09	 7.28897252582424565787e-09	 
 1.47999999999999998224e+00	 2.68443034343780384879e-09	 2.67252107997168772043e-09	 2.68275414954070728729e-09	 2.34628699169958771694e-07	 2.34695663999477987598e-07	 2.25691981130040856461e-07	 2.23580490953101561118e-07	 1.67609372672060188336e-07	 1.71105861962532132234e-07	 2.33376227848013402121e-07	 8.45671446333994341523e-09	 6.63513950779261145077e-09	 6.63469405432067909947e-09	 6.63514451688500715322e-09	 
 1.50000000000000000000e+00	 2.44117026753903626666e-09	 2.42987330454471415023e-09	 2.43942981271223455230e-09	 2.15440160743144277080e-07	 2.15551300407952215407e-07	 2.06496213877379414696e-07	 2.03672109630184383834e-07	 1.54925147483636221737e-07	 1.57903627810657229048e-07	 2.14400582022162307061e-07	 7.74543600451544253172e-09	 6.03120308155605172620e-09	 6.03078892538716817658e-09	 6.03120412114499970700e-09	 
 1.52000000000000001776e+00	 2.21718160014820107248e-09	 2.20653973600169945837e-09	 2.21546184542924177083e-09	 1.97660447999295263603e-07	 1.97810489851477775308e-07	 1.88731543764611435613e-07	 1.85370421794572904756e-07	 1.42991431212036819477e-07	 1.45518871985366294677e-07	 1.96814458003333867177e-07	 7.08502481277088850607e-09	 5.47554820806731097188e-09	 5.47516365949011274991e-09	 5.47554650589724262479e-09	 
 1.54000000000000003553e+00	 2.01074970201607057423e-09	 2.00082774220260151138e-09	 2.00913854405612900124e-09	 1.81177915580577073664e-07	 1.81361410584592027717e-07	 1.72277876768576629086e-07	 1.68536278309451308323e-07	 1.31763991139763620906e-07	 1.33897770787745178967e-07	 1.80504682359405236634e-07	 6.47156496258069443051e-09	 4.96393951791126395888e-09	 4.96358340889792992816e-09	 4.96393689111758441592e-09	 
 1.56000000000000027534e+00	 1.82082975933636041215e-09	 1.81166396018424702476e-09	 1.81938688447861662447e-09	 1.65911495043226531278e-07	 1.66124287265967863673e-07	 1.57057911773463156804e-07	 1.53067828739182957882e-07	 1.21234580441786522782e-07	 1.23024075004980511803e-07	 1.65390606663444592974e-07	 5.90287593448086266408e-09	 4.49365563331478996784e-09	 4.49332657561146553290e-09	 4.49365311226184978699e-09	 
 1.58000000000000007105e+00	 1.64689069932360252506e-09	 1.63848726160461808834e-09	 1.64565055606305125730e-09	 1.51815613350355207244e-07	 1.52055069335500015675e-07	 1.43030086102594693795e-07	 1.38907905133191022457e-07	 1.11405965883484497846e-07	 1.12895723332439621542e-07	 1.51427235904035593245e-07	 5.37792645966710096252e-09	 4.06326071830623663609e-09	 4.06295696581951577397e-09	 4.06325841152994171920e-09	 
 1.60000000000000008882e+00	 1.48738424692123272275e-09	 1.47974350855769068371e-09	 1.48637601514827121622e-09	 1.38789717342840416722e-07	 1.39055014217923175460e-07	 1.30083648071754843332e-07	 1.25934604496015044552e-07	 1.02224053859219616966e-07	 1.03453612544205145727e-07	 1.38516080604920987045e-07	 4.89280761841712943968e-09	 3.66886429801875458530e-09	 3.66858401907660616521e-09	 3.66886187697717658923e-09	 
 1.61999999999999988454e+00	 1.34136373467552868500e-09	 1.33444688001206901633e-09	 1.34058367253500701661e-09	 1.26762046455599132177e-07	 1.27049503116736055707e-07	 1.18149844637838426791e-07	 1.14059234584807300554e-07	 9.36672355698544182591e-08	 9.46710630491055222054e-08	 1.26587873247487659074e-07	 4.44530922010752527631e-09	 3.30797478828459464470e-09	 3.30771643310626652979e-09	 3.30797212458713674235e-09	 
 1.64000000000000012434e+00	 1.20837877674967242942e-09	 1.20210926253418538004e-09	 1.20779242701841537671e-09	 1.15694839710851982516e-07	 1.15997416209757852650e-07	 1.07194018240003449737e-07	 1.03235527973072207701e-07	 8.57287006106290525797e-08	 8.65382375807993380735e-08	 1.15606663417729696013e-07	 4.03443254926816816693e-09	 2.97934795475350528965e-09	 2.97911027034750956310e-09	 2.97934521858747108712e-09	 
 1.66000000000000014211e+00	 1.08704238223370266008e-09	 1.08133048556186162161e-09	 1.08660540421667995427e-09	 1.05498224375983712379e-07	 1.05807831200185846996e-07	 9.71139790010219007773e-08	 9.33588677017144425741e-08	 7.83512054577428520056e-08	 7.89943337842494385669e-08	 1.05485115155703940448e-07	 3.65651266001949094072e-09	 2.67948369387454793750e-09	 2.67926567249635409672e-09	 2.67948119250298035533e-09	 
 1.67999999999999993783e+00	 9.76493232144060752020e-10	 9.71260712752090771333e-10	 9.76164735280721078203e-10	 9.61119584278206190847e-08	 9.64202869881708354709e-08	 8.78560495869678871913e-08	 8.43496090074556058670e-08	 7.15114524143338649470e-08	 7.20129493013104490597e-08	 9.61603608852423167163e-08	 3.30951114229768005139e-09	 2.40625724631573452611e-09	 2.40605755391775269161e-09	 2.40625515824435740499e-09	 
 1.70000000000000017764e+00	 8.76345034010905387064e-10	 8.71522861221804108950e-10	 8.76086687090215965139e-10	 8.75083043165344085831e-08	 8.78062417504505047707e-08	 7.93991060627740575770e-08	 7.61676170305614230621e-08	 6.52030066057491537961e-08	 6.55863440173464733527e-08	 8.76008014997608977947e-08	 2.99259874593363490946e-09	 2.15872476143388851013e-09	 2.15854166745850666323e-09	 2.15872313049082566073e-09	 
 1.71999999999999997335e+00	 7.85377025305856559842e-10	 7.80896670809662287219e-10	 7.85150023542857586210e-10	 7.96099657187021501374e-08	 7.98871097956681059490e-08	 7.16538394502972856055e-08	 6.87229836316105159527e-08	 5.93719129458670301965e-08	 5.96586611771100161412e-08	 7.97275066362281442802e-08	 2.70248030991028801699e-09	 1.93384494819563571210e-09	 1.93367659992408471114e-09	 1.93384378861044797340e-09	 
 1.73999999999999999112e+00	 7.02827783841981986205e-10	 6.98641238373554798107e-10	 7.02606932087464194681e-10	 7.23595451773763072104e-08	 7.26121221832628915578e-08	 6.45715367020511501602e-08	 6.19480217588099162863e-08	 5.39915268059501146597e-08	 5.41997627763177787963e-08	 7.24919834819095777949e-08	 2.43723249402347432505e-09	 1.72977970040965882483e-09	 1.72962471088468637578e-09	 1.72977895972686094610e-09	 
 1.76000000000000023093e+00	 6.28375139485069953339e-10	 6.24449262872805465258e-10	 6.28144993851955494411e-10	 6.57297055003926765788e-08	 6.59599399554626606428e-08	 5.81339645785129263822e-08	 5.58107604719958539916e-08	 4.90524785586212611001e-08	 4.91984713332873769715e-08	 6.58749750753154974480e-08	 2.19609116760285173302e-09	 1.54577223348964146645e-09	 1.54562961742379264533e-09	 1.54577180076007256969e-09	 
 1.78000000000000002665e+00	 5.60955731124566206268e-10	 5.57257159830618599564e-10	 5.60700362532877481641e-10	 5.96500667351582212435e-08	 5.98622423223722707219e-08	 5.22609405930673312999e-08	 5.02348037375618131597e-08	 4.45031028483000466255e-08	 4.46020410223744558277e-08	 5.98100137523405649162e-08	 1.97609539124237210169e-09	 1.37918128122019842257e-09	 1.37905022557095002202e-09	 1.37918102798218928849e-09	 
 1.80000000000000004441e+00	 4.99964404620159982377e-10	 4.96488223991380692513e-10	 4.99699120395329001597e-10	 5.40785547260886406293e-08	 5.42753272502810070311e-08	 4.69157435187610558265e-08	 4.51692209165947435406e-08	 4.03212936421226855820e-08	 4.03837537758496452008e-08	 5.42539782039277979487e-08	 1.77565571716123960291e-09	 1.22856075272979608559e-09	 1.22844045860795215157e-09	 1.22856045872789457661e-09	 
 1.81999999999999984013e+00	 4.45182873933330430923e-10	 4.41951519327397169615e-10	 4.44954917276762238554e-10	 4.90000990201905494904e-08	 4.91824917712410257264e-08	 4.20906762475394682551e-08	 4.05940864370266891911e-08	 3.65018649514323863321e-08	 3.65352228520974835187e-08	 4.91908158790886948814e-08	 1.59425227171212524328e-09	 1.09342804503841271098e-09	 1.09331767610557588649e-09	 1.09342736564945565171e-09	 
 1.84000000000000007994e+00	 3.95701296479214020505e-10	 3.92750976976485635928e-10	 3.95578113409377613039e-10	 4.43555531170369610528e-08	 4.45240010551713777046e-08	 3.77203676584071446294e-08	 3.64466031866687217825e-08	 3.29989976488576767744e-08	 3.30091316309649075895e-08	 4.45629972041079633903e-08	 1.42931878918445964815e-09	 9.71558146576843039689e-10	 9.71456879265342260040e-10	 9.71556600366748365837e-10	 
 1.86000000000000009770e+00	 3.51103437270889289456e-10	 3.48428939788027408152e-10	 3.51086418143474282987e-10	 4.01094615773942327662e-08	 4.02670091742800849084e-08	 3.37654841929201251652e-08	 3.26872381681092955310e-08	 2.97923314467820361030e-08	 2.97835530049680106937e-08	 4.03321055424277271195e-08	 1.27960448372002902208e-09	 8.61789276959297279209e-10	 8.61696385446951387152e-10	 8.61786848071712029336e-10	 
 1.87999999999999989342e+00	 3.11306268034022481157e-10	 3.08864993497361717734e-10	 3.11336123259454452105e-10	 3.62503283074673902961e-08	 3.64031116608027324489e-08	 3.02149606291907408462e-08	 2.93031491394189320628e-08	 2.68776430224877349989e-08	 2.68533583184301885926e-08	 3.64840650949120685301e-08	 1.14482223902260755839e-09	 7.63799574173528961652e-10	 7.63714379667949862946e-10	 7.63796662529866141990e-10	 
 1.89999999999999991118e+00	 2.75572778368498829009e-10	 2.73308552369855304593e-10	 2.75566273880684488473e-10	 3.27263199471957881807e-08	 3.28833585996062182227e-08	 2.70139511854403810010e-08	 2.62424630304154539737e-08	 2.42141645999223447768e-08	 2.41768353071390823428e-08	 3.29675268550691547245e-08	 1.02281418279106756587e-09	 6.75713641672518065462e-10	 6.75635478144366377922e-10	 6.75710771019366467405e-10	 
 1.92000000000000015099e+00	 2.43515347305771848651e-10	 2.41400567329084797244e-10	 2.43442510447249580758e-10	 2.95110970302914299720e-08	 2.96761619288306233827e-08	 2.41293858727101099947e-08	 2.34725974518534034221e-08	 2.17840020584543713786e-08	 2.17364592789183452557e-08	 2.97567982400164419483e-08	 9.12512428474368297181e-10	 5.96665087688373793081e-10	 5.96593552180655198984e-10	 5.96662628691129489352e-10	 
 1.93999999999999994671e+00	 2.15042365666654094360e-10	 2.13071402637273012980e-10	 2.14914197218810207106e-10	 2.65990666526246550578e-08	 2.67723210893819303762e-08	 2.15544197957371747966e-08	 2.09834169810928752597e-08	 1.95840245591956863879e-08	 1.95298197421162422950e-08	 2.68466406256018190217e-08	 8.13720544901279102424e-10	 5.26500844284817917844e-10	 5.26435775884632019371e-10	 5.26499117208004871064e-10	 
 1.95999999999999996447e+00	 1.89528144898653313456e-10	 1.87697949042822371871e-10	 1.89359152657999127016e-10	 2.39460695922232123401e-08	 2.41290127024690179408e-08	 1.92474360196869517633e-08	 1.87297060440501918271e-08	 1.75779005209698722712e-08	 1.75207146518772245804e-08	 2.41940368003702459833e-08	 7.24640029739245809393e-10	 4.63675445486972208597e-10	 4.63616888960353806587e-10	 4.63674923047325011027e-10	 
 1.97999999999999998224e+00	 1.66704367594341365147e-10	 1.65011394799143633475e-10	 1.66511787108752982519e-10	 2.15323641103631361995e-08	 2.17226570923909610031e-08	 1.71776808909784928422e-08	 1.66904140661393522418e-08	 1.57521634588307595517e-08	 1.56946438954339562957e-08	 2.17786038453436278974e-08	 6.44376334054435068360e-10	 4.07516498267684370211e-10	 4.07464124331296055759e-10	 4.07517126777096494198e-10	 
 2.00000000000000000000e+00	 1.46543146900866261143e-10	 1.44983995281542151954e-10	 1.46349676804075555878e-10	 1.93564737680220844905e-08	 1.95482004452024278368e-08	 1.53388516651734958604e-08	 1.48615162821963292957e-08	 1.41059246102488735070e-08	 1.40504556414688915208e-08	 1.95979583021660844046e-08	 5.72797594803405912726e-10	 3.57951159648925457898e-10	 3.57904344321763900739e-10	 3.57952446194176014129e-10	 
 2.02000000000000001776e+00	 1.28532346197335248891e-10	 1.27104397829848817101e-10	 1.28366506691713118613e-10	 1.73821512465132905932e-08	 1.75682530167576834152e-08	 1.37012624509032876957e-08	 1.32029824027276911208e-08	 1.26068566588891605897e-08	 1.25564653569825296786e-08	 1.76159192084376205346e-08	 5.08410246691744164547e-10	 3.13706606787233747690e-10	 3.13664772114761404133e-10	 3.13707944131697232119e-10	 
 2.04000000000000003553e+00	 1.12482880155231910016e-10	 1.11179512007937005017e-10	 1.12349202294293242231e-10	 1.55910203022639423493e-08	 1.57687424080944530374e-08	 1.22364790471151704156e-08	 1.17030167967358553409e-08	 1.12468192351452564811e-08	 1.12021612404237673758e-08	 1.58157720135454308632e-08	 4.50577724982640382133e-10	 2.74307614973260075185e-10	 2.74270225128426918710e-10	 2.74308713528634619052e-10	 
 2.06000000000000005329e+00	 9.84013961381851051993e-11	 9.72128512572642896676e-11	 9.82860296915870396433e-11	 1.39810923055679554270e-08	 1.41505734896485163863e-08	 1.09381705545455781677e-08	 1.03618770679594758902e-08	 1.00281523119364853442e-08	 9.98817280033166831960e-09	 1.41966134524993391593e-08	 3.99305716532544123365e-10	 2.39766259571727265970e-10	 2.39732754445437673281e-10	 2.39767002092809151826e-10	 
 2.08000000000000007105e+00	 8.58764641879529021701e-11	 8.47923192154476818186e-11	 8.57595171037359535907e-11	 1.25212529793688644969e-08	 1.26835174364477512624e-08	 9.78638235396551977390e-09	 9.14249695448895747516e-09	 8.92357333058443637094e-09	 8.88684940282897960491e-09	 1.27281285505306582036e-08	 3.53427824932665397184e-10	 2.09059376083508718134e-10	 2.09029198783622641831e-10	 2.09059562685383081410e-10	 
 2.10000000000000053291e+00	 7.47592352835399363664e-11	 7.37760861764830471292e-11	 7.46383458427348986855e-11	 1.11988310501619750037e-08	 1.13540165664893307801e-08	 8.75580401117559174797e-09	 8.04152004638081203104e-09	 7.92566162635772206598e-09	 7.89169956419551099837e-09	 1.13971079730314345553e-08	 3.12349141409782691551e-10	 1.81832324827918823906e-10	 1.81805147853993426678e-10	 1.81831980030711729450e-10	 
 2.12000000000000010658e+00	 6.50594234978287020551e-11	 6.41815691094677245221e-11	 6.49459663939028683900e-11	 1.00143814994417593490e-08	 1.01618918490811889918e-08	 7.83944407524574752909e-09	 7.06336048711317792871e-09	 7.03641776670187019570e-09	 7.00541263846877937474e-09	 1.02036855972488988114e-08	 2.76027488374308816978e-10	 1.58126313888124732569e-10	 1.58101966951308898742e-10	 1.58125630540507469674e-10	 
 2.14000000000000012434e+00	 5.64393354114656913081e-11	 5.56812823433912604374e-11	 5.63506754967763190152e-11	 8.94175818216851115831e-09	 9.08099023218904754658e-09	 7.02202259828823545512e-09	 6.17352051864622404809e-09	 6.23244188706490880773e-09	 6.20491853837946366140e-09	 9.12214709440801368129e-09	 2.43492410158099223619e-10	 1.37127006772195629025e-10	 1.37105437778510986893e-10	 1.37126187028602818339e-10	 
 2.15999999999999969802e+00	 4.88180248012779322199e-11	 4.81733272084851232754e-11	 4.87565135343445408703e-11	 7.97172258526663225019e-09	 8.10300248692821761036e-09	 6.28618588089874583113e-09	 5.37369135568928776177e-09	 5.50885916706554220476e-09	 5.48406760335955406947e-09	 8.14376072218951183498e-09	 2.14396249810761158596e-10	 1.18583739214457132446e-10	 1.18564748550188692512e-10	 1.18582907402749119166e-10	 
 2.18000000000000015987e+00	 4.22346039037380526374e-11	 4.16815069732688338080e-11	 4.21926368472033286402e-11	 7.10562183182765535569e-09	 7.23017036784022093404e-09	 5.62661362408274954035e-09	 4.67070431075162674161e-09	 4.86871946460368878398e-09	 4.84449015367553996708e-09	 7.27064156605937586868e-09	 1.88803070558575485111e-10	 1.02556624753773149618e-10	 1.02539902303217616902e-10	 1.02555894469146807072e-10	 
 2.20000000000000017764e+00	 3.64317345958901241791e-11	 3.59484002536018496559e-11	 3.64017639446258306204e-11	 6.32077055479405226467e-09	 6.44107818007163385263e-09	 5.02729652866427438223e-09	 4.03298809037028256108e-09	 4.29302735468651789957e-09	 4.26541498182184535670e-09	 6.48203353891272800714e-09	 1.65944699951084360969e-10	 8.84057121789796166014e-11	 8.83910050755769041516e-11	 8.84052719984464055085e-11	 
 2.21999999999999975131e+00	 3.13324278167799168635e-11	 3.09065321235255315677e-11	 3.13128265518153233840e-11	 5.61235168122779245399e-09	 5.72885353402820366133e-09	 4.48206475012504157763e-09	 3.46485166872203477886e-09	 3.77710629569710618836e-09	 3.74525604597480382491e-09	 5.77017010705893618538e-09	 1.45582530679461771067e-10	 7.59648093936190311820e-11	 7.59518850333278849300e-11	 7.59646772454944172987e-11	 
 2.24000000000000021316e+00	 2.69617090553473374311e-11	 2.65851094794118781617e-11	 2.69561532427904140011e-11	 4.98367744754423963826e-09	 5.09544061189999991384e-09	 3.98903649470051378842e-09	 2.97499302422896966250e-09	 3.32321851556517170092e-09	 3.28790029861372912985e-09	 5.13634804988071119780e-09	 1.27822442802998716269e-10	 6.53066817841915146261e-11	 6.52952860435367284532e-11	 6.53067683541258693341e-11	 
 2.25999999999999978684e+00	 2.31236609379135036482e-11	 2.27880764346715152030e-11	 2.31430841287996762897e-11	 4.41637461206215607923e-09	 4.52259536369066574141e-09	 3.52695746930977949559e-09	 2.53761735242971375480e-09	 2.91557661679228975937e-09	 2.87618597186383872724e-09	 4.56239341138766340044e-09	 1.12126586730320100629e-10	 5.59434164505366228279e-11	 5.59333005654264804894e-11	 5.59436547662132450213e-11	 
 2.27999999999999980460e+00	 1.97653234229639958903e-11	 1.94648495082960669119e-11	 1.98065392738448460323e-11	 3.90598226026038355870e-09	 4.00656146471211020892e-09	 3.10333783887325225971e-09	 2.15310272701337868262e-09	 2.55148011870179594565e-09	 2.50852110425218302328e-09	 4.04478235759780043020e-09	 9.81974718055574018813e-11	 4.77517316347696269150e-11	 4.77427517412542986532e-11	 4.77520698705999840218e-11	 
 2.30000000000000026645e+00	 1.69109538447478774398e-11	 1.66395060533818255379e-11	 1.69590395357889645213e-11	 3.45499084314533101179e-09	 3.55038145436544231571e-09	 2.72307906577065516470e-09	 1.82747501857693287262e-09	 2.23369117341753145032e-09	 2.18826861993298470871e-09	 3.58647584737421701953e-09	 8.60413595523985513148e-11	 4.07926307794002063248e-11	 4.07847041686111470159e-11	 4.07930110692879910051e-11	 
 2.32000000000000028422e+00	 1.44146605291094783110e-11	 1.41627815049007971547e-11	 1.44481560372894694444e-11	 3.04782505156460580474e-09	 3.13945660730652893470e-09	 2.36147437145117872281e-09	 1.54073623156077065433e-09	 1.94979389550718230393e-09	 1.90163027160568489403e-09	 3.17249032008243335632e-09	 7.52081667292593778883e-11	 3.46956118521609500602e-11	 3.46887185283007685080e-11	 3.46959647537888351963e-11	 
 2.33999999999999985789e+00	 1.22394544321981875323e-11	 1.20048006315192126165e-11	 1.22543455104265251974e-11	 2.68243326067397337867e-09	 2.77053370954879792554e-09	 2.03264073566163549872e-09	 1.29159416545725833657e-09	 1.69729991091008637522e-09	 1.64711341470509762624e-09	 2.80038826924765734465e-09	 6.55774025251791495211e-11	 2.93863931794264286141e-11	 2.93804446842251174811e-11	 2.93866948481972937833e-11	 
 2.36000000000000031974e+00	 1.04051820401045242297e-11	 1.01900578398593023393e-11	 1.04075009246956092072e-11	 2.36211961015999309504e-09	 2.44618485201090483388e-09	 1.74683745015237964710e-09	 1.08427186680228154458e-09	 1.47827626976834115934e-09	 1.42752965752252237631e-09	 2.47319260267045357208e-09	 5.72158104314711354857e-11	 2.49256178245890666545e-11	 2.49204720659774514581e-11	 2.49258623305599784030e-11	 
 2.38000000000000033751e+00	 8.80211258725085043490e-12	 8.60970782765264708701e-12	 8.79615525887873378184e-12	 2.07486746687655689915e-09	 2.15481897767262623921e-09	 1.48225237782704365776e-09	 9.04177930619797081789e-10	 1.28268184698399105411e-09	 1.23207558767342357370e-09	 2.17926917701480332456e-09	 4.97608024012949213056e-11	 2.10438394164628867961e-11	 2.10393820976457579084e-11	 2.10439962951282606930e-11	 
 2.39999999999999991118e+00	 7.41037026328426113469e-12	 7.24051415707105833374e-12	 7.39929329354110796786e-12	 1.81828835566307929815e-09	 1.89398508223799173570e-09	 1.24716013528680269283e-09	 7.49356323448697881899e-10	 1.10926882554364033913e-09	 1.05949289506842210663e-09	 1.91611570833041401323e-09	 4.31513318732375704731e-11	 1.76830688204081982673e-11	 1.76792144930697349454e-11	 1.76831413966518165482e-11	 
 2.41999999999999948486e+00	 6.24910148047365943677e-12	 6.10002476440021280857e-12	 6.23675456483573051942e-12	 1.59485353919430062683e-09	 1.66598048272205301525e-09	 1.05003476529551024404e-09	 6.22560357940624490868e-10	 9.60172860127169016484e-10	 9.12119477975489625984e-10	 1.68603892656498887798e-09	 3.74663635050001504019e-11	 1.48866134851534486569e-11	 1.48832835673231831256e-11	 1.48866250083066574623e-11	 
 2.44000000000000039080e+00	 5.23668259238491201449e-12	 5.10834491240058285619e-12	 5.22939782694304308756e-12	 1.39550562142893196957e-09	 1.46177517117410727824e-09	 8.74374129164980345752e-10	 5.13599586013370672596e-10	 8.27571742526120631129e-10	 7.81808187446244171886e-10	 1.48004741774734292204e-09	 3.24446047055917009484e-11	 1.24578080329098098740e-11	 1.24549526908894495957e-11	 1.24577660312182077386e-11	 
 2.45999999999999996447e+00	 4.36273775265580508527e-12	 4.25317873651323162590e-12	 4.36117841603593589297e-12	 1.21805310113843451440e-09	 1.27946905505300775666e-09	 7.21926544717303501169e-10	 4.20752648405241260262e-10	 7.10561373725954499024e-10	 6.67417880420914911383e-10	 1.29615668215034936578e-09	 2.80169644839048193785e-11	 1.03650139328697578983e-11	 1.03625786215766258646e-11	 1.03649299356015105395e-11	 
 2.47999999999999953815e+00	 3.64472830863034589460e-12	 3.55017508195104557820e-12	 3.64579594698287058993e-12	 1.06430674497400305229e-09	 1.12094367731629451014e-09	 5.97479830988730595203e-10	 3.45806097174718415361e-10	 6.10926506656570232791e-10	 5.70770455969629225613e-10	 1.13627881579427942486e-09	 2.42368846688390981031e-11	 8.64616284004463133120e-12	 8.64408057415778754814e-12	 8.64605290733124194920e-12	 
 2.50000000000000044409e+00	 3.02647295621384358163e-12	 2.94235443381991911066e-12	 3.02590135096256422210e-12	 9.27249829709469400801e-10	 9.79058945599023399034e-10	 4.89212000764981723592e-10	 2.81712798039785553986e-10	 5.22731212685202106809e-10	 4.85989894939466552131e-10	 9.93529047212981280256e-10	 2.09267104707953933568e-11	 7.16153323213872451339e-12	 7.15975267721107113554e-12	 7.16140321539045622688e-12	 
 2.52000000000000001776e+00	 2.49708869310786557596e-12	 2.42172585875927162632e-12	 2.49397901036009393055e-12	 8.05498310809446562081e-10	 8.52686785083088977357e-10	 3.96818793558435732612e-10	 2.27514311465063285873e-10	 4.45299837040491659946e-10	 4.11977926531054929450e-10	 8.66407656856996286806e-10	 1.80151071042478332686e-11	 5.89073889772463714134e-12	 5.88922047626396922892e-12	 5.89059517948710626392e-12	 
 2.54000000000000003553e+00	 2.06669351514226605972e-12	 2.00008421902570187065e-12	 2.06191642633865582841e-12	 7.00640414909233223200e-10	 7.43572670282677032750e-10	 3.23165671534963211429e-10	 1.84605567207330341855e-10	 3.80064715125144663907e-10	 3.49957875671062880322e-10	 7.56425658780364315817e-10	 1.55199498350703918461e-11	 4.86233224407249363354e-12	 4.86103631442098878611e-12	 4.86218173207417378047e-12	 
 2.56000000000000049738e+00	 1.69506575397275111413e-12	 1.63792427884617981812e-12	 1.68835900565716062346e-12	 6.07223556123260828329e-10	 6.46301958612110227888e-10	 2.60156451556830235408e-10	 1.48350221791328771234e-10	 3.22651006219982161146e-10	 2.95553020998025606005e-10	 6.58115192711099734766e-10	 1.32674784162162020210e-11	 3.97963401208019328926e-12	 3.97853208425964839489e-12	 3.97947038544458989540e-12	 
 2.58000000000000007105e+00	 1.37828965729197411371e-12	 1.33005303779755046637e-12	 1.37007189114838845363e-12	 5.24436990928347937021e-10	 5.59951541835929695671e-10	 2.07115224018677208674e-10	 1.18007748720816798971e-10	 2.72494659271105487871e-10	 2.48216845435732643279e-10	 5.70714948689271638506e-10	 1.12765567569463605763e-11	 3.22966640867316063315e-12	 3.22873498664471682213e-12	 3.22949403280860528426e-12	 
 2.60000000000000008882e+00	 1.12564026323712333069e-12	 1.08489822813983920704e-12	 1.11690922294163424253e-12	 4.53656029769073671196e-10	 4.85847777004842351528e-10	 1.65799047614775169425e-10	 9.44440148648064246634e-11	 2.30595139850527632542e-10	 2.08983077070654430959e-10	 4.95629502002496542945e-10	 9.60756417730598718761e-12	 2.63291363913045499442e-12	 2.63212983650933198687e-12	 2.63274691774879490821e-12	 
 2.62000000000000055067e+00	 9.09513535686823178325e-13	 8.75558916695679115734e-13	 9.00916546277011614908e-13	 3.90674501435173969185e-10	 4.19744827332258461501e-10	 1.30772851956674007827e-10	 7.47032897038268544511e-11	 1.93450748616937518878e-10	 1.74550019269793537647e-10	 4.28583128757797353138e-10	 8.14233718699714629333e-12	 2.12367426242433843372e-12	 2.12303548998949297919e-12	 2.12353127620104551820e-12	 
 2.64000000000000012434e+00	 7.27090566131233735272e-13	 6.99094407252236164952e-13	 7.18972448328417237704e-13	 3.35018843514573169356e-10	 3.61186732509342481156e-10	 1.01647979492688763151e-10	 5.83466220710857296651e-11	 1.61100623696366828412e-10	 1.44729663967113845577e-10	 3.69136382375005093217e-10	 6.86392440295766891097e-12	 1.69463112267711635455e-12	 1.69412087595720544322e-12	 1.69451467823778372460e-12	 
 2.66000000000000014211e+00	 5.84673635031185001771e-13	 5.61585142875534541578e-13	 5.77386929063881166268e-13	 2.87798597358026066051e-10	 3.11313717780996200285e-10	 7.96366094987677399852e-11	 4.59494069091000566828e-11	 1.34605437320632276031e-10	 1.20412456931964850956e-10	 3.18426099817170857416e-10	 5.80015552503810487206e-12	 1.36055813571853078678e-12	 1.36014651221944564186e-12	 1.36046160348885128321e-12	 
 2.67999999999999971578e+00	 4.63949758293347974860e-13	 4.45391738617478474008e-13	 4.58268396592342740279e-13	 2.45607276161976281318e-10	 2.66680377284722812508e-10	 6.12324915571160056216e-11	 3.57305943863319547674e-11	 1.11481167959071531123e-10	 9.91988409728388787443e-11	 2.72896660039416881756e-10	 4.85895793644195900216e-12	 1.07848880526061595321e-12	 1.07815553648038839029e-12	 1.07840551682068713439e-12	 
 2.70000000000000017764e+00	 3.63183488121424147847e-13	 3.48527394607565101396e-13	 3.59084184059795176672e-13	 2.08403843040622633891e-10	 2.27227313546041225342e-10	 4.61746894052746527606e-11	 2.73733399899380431210e-11	 9.15576850235312654580e-11	 8.09730431999887085583e-11	 2.32598806338189716397e-10	 4.04038718517851266817e-12	 8.43470393914624658259e-13	 8.43201730051656793922e-13	 8.43397912602916260351e-13	 
 2.72000000000000019540e+00	 2.86690629828154553896e-13	 2.74907012100762346628e-13	 2.83515192743959189736e-13	 1.77202922590996649425e-10	 1.93972292042724481241e-10	 3.52272120521456375163e-11	 2.11882709721827790444e-11	 7.54981759821703075102e-11	 6.63991503504377664126e-11	 1.98628408998845148458e-10	 3.37583604494076387288e-12	 6.64968329444641143353e-13	 6.64751816023649768229e-13	 6.64907214129252726633e-13	 
 2.73999999999999976907e+00	 2.23233466812178718233e-13	 2.13286586794317741773e-13	 2.19954521950613715718e-13	 1.49158706881085977401e-10	 1.63972756145475315526e-10	 2.62791327228768645389e-11	 1.61377585640232596312e-11	 6.14861811185361561198e-11	 5.37835562990532483442e-11	 1.68008061889524370665e-10	 2.81523825112894666943e-12	 5.15647322492963490258e-13	 5.15479872502930521403e-13	 5.15602431280864312058e-13	 
 2.76000000000000023093e+00	 1.71087709415000722184e-13	 1.62559754810922224509e-13	 1.67541788315609356338e-13	 1.24520040707886353898e-10	 1.37530695615522267051e-10	 1.91130264659931653224e-11	 1.20566252498178378831e-11	 4.94978595085369940495e-11	 4.30496356661513644921e-11	 1.41018508281158676814e-10	 2.33635168419296058822e-12	 3.92781749633165612324e-13	 3.92656249911181604055e-13	 3.92752112039789074791e-13	 
 2.77999999999999980460e+00	 1.32458788254789136718e-13	 1.25263581004693602384e-13	 1.29101415316692367163e-13	 1.04246740378934818969e-10	 1.15664857890504891456e-10	 1.41347744247201880745e-11	 9.13269220933876732517e-12	 4.00675001195970573187e-11	 3.46683228056915158129e-11	 1.18678210654010440015e-10	 1.94576957737924756073e-12	 3.02514207549166967196e-13	 3.02418088307123395598e-13	 3.02494517570289732280e-13	 
 2.79999999999999982236e+00	 1.00425048589410832342e-13	 9.45684424858100528418e-14	 9.78102404712104828862e-14	 8.59901055223909306381e-11	 9.59791929394313608871e-11	 1.01715826937037561435e-11	 6.79637029264866678859e-12	 3.18868625940372661194e-11	 2.74591686422646152932e-11	 9.85470826459173007361e-11	 1.60370141006752064567e-12	 2.28285302680743118016e-13	 2.28208950321908506849e-13	 2.28274101982077814129e-13	 
 2.82000000000000028422e+00	 7.43850111825193230828e-14	 6.97391213523701326476e-14	 7.25724504587156753341e-14	 7.00755661647161310243e-11	 7.87743108708200733046e-11	 7.07680232161039441754e-12	 4.94158347700853591092e-12	 2.49681232633847576194e-11	 2.13949453772313188804e-11	 8.09402022918012677830e-11	 1.30889653105931570742e-12	 1.68273918671032538662e-13	 1.68212572701957552979e-13	 1.68269249563515329762e-13	 
 2.83999999999999985789e+00	 5.59274174641060296780e-14	 5.22233245010685483089e-14	 5.46205333283273643140e-14	 5.73627102169350917887e-11	 6.49204486889842267284e-11	 5.04280703874040650609e-12	 3.65488150321653415064e-12	 1.97095547167765448265e-11	 1.68152945621006597197e-11	 6.67408270477139098577e-11	 1.07507404553443304805e-12	 1.25963322620962244855e-13	 1.25914388841749506051e-13	 1.25962181709283273054e-13	 
 2.85999999999999987566e+00	 4.10884199357452396659e-14	 3.81497866013356496157e-14	 4.00742562604308951364e-14	 4.60109149092119739209e-11	 5.25472030431459376607e-11	 3.47590696210173004642e-12	 2.63439259864138970305e-12	 1.52135125397128669891e-11	 1.29309402416598100832e-11	 5.39905807031498213275e-11	 8.80670241973904851825e-13	 9.19949538790115310445e-14	 9.19578111989404491956e-14	 9.19963781425447877173e-14	 
 2.87999999999999989342e+00	 2.93238559684854942701e-14	 2.70219929361477608459e-14	 2.85087969349559116196e-14	 3.62604745232364520141e-11	 4.18751492786563714880e-11	 2.29012136811022761856e-12	 1.83666929003086498692e-12	 1.14786938065992978243e-11	 9.71950810146738787735e-12	 4.29752359978651820123e-11	 7.16708561234493392755e-13	 6.51486248612368237270e-14	 6.51216006369853964981e-14	 6.51517068643960038640e-14	 
 2.90000000000000035527e+00	 2.13641857867668430595e-14	 1.95647220697249630076e-14	 2.07142626569487808639e-14	 2.88109550404043549402e-11	 3.36074267361499883755e-11	 1.56362426756753965584e-12	 1.31258692568516990371e-12	 8.77643635072006115281e-12	 7.40583551096395277512e-12	 3.44588611945784368637e-11	 5.86679607681895134407e-13	 4.71615536198616518177e-14	 4.71414886808981956485e-14	 4.71651002323116428158e-14	 
 2.91999999999999992895e+00	 1.51691592009694405338e-14	 1.38171446177852504101e-14	 1.46513600050099900359e-14	 2.24449013517161665066e-11	 2.64695817387044216016e-11	 1.04038804278380422781e-12	 9.15966819038588255391e-13	 6.58152511249740065491e-12	 5.52889946073551317780e-12	 2.71398946336519400749e-11	 4.76922306086679357483e-13	 3.33012383572858185849e-14	 3.32864169074223299316e-14	 3.33052196312894244335e-14	 
 2.93999999999999994671e+00	 1.03209351550387000540e-14	 9.37232273207420277498e-15	 9.96204748004968708724e-15	 1.70470732492568531826e-11	 2.03609604376518655546e-11	 6.60210403065606979436e-13	 6.13956574572408796588e-13	 4.79013639973475852447e-12	 4.00482673753725841379e-12	 2.08808605335790308668e-11	 3.82581808151092585687e-13	 2.25848924046099796928e-14	 2.25741481454259491373e-14	 2.25889250397646695057e-14	 
 2.96000000000000040856e+00	 7.01418122521787282472e-15	 6.42278631585286696759e-15	 6.92043217222053924578e-15	 1.28599412269633331065e-11	 1.55439468453052629444e-11	 4.31192684028988378812e-13	 4.18068590764524375838e-13	 3.47130771375906095108e-12	 2.90173857545099124761e-12	 1.59243913285550147918e-11	 3.04853316795091207280e-13	 1.54768981650782832389e-14	 1.54690332095619879869e-14	 1.54800794038486115516e-14	 
 2.97999999999999998224e+00	 4.68418667552853749964e-15	 4.31400486481274276338e-15	 4.79199951256188165672e-15	 9.52953151597243206729e-12	 1.16657308843502964794e-11	 2.79146727072056238171e-13	 2.80257917966409715041e-13	 2.47113669961816933312e-12	 2.06530826945725136071e-12	 1.19536270249741188261e-11	 2.41791005445318708120e-13	 1.03961210019510482824e-14	 1.03902438412894916523e-14	 1.03982285341419650849e-14	 
 3.00000000000000000000e+00	 2.98844004283748386000e-15	 2.76619783871113248623e-15	 3.22258591848215718476e-15	 6.83532375516425188323e-12	 8.48979580124601959046e-12	 1.74519617056953318406e-13	 1.80253078191831159033e-13	 1.69258076098308594019e-12	 1.41606323047971549292e-12	 8.70093485107643636068e-12	 1.88765215387918345851e-13	 6.66689295841871491266e-15	 6.66260194726508498885e-15	 6.66804927076766981831e-15	 
 3.02000000000000046185e+00	 1.94588842074419721835e-15	 1.80448758153213107717e-15	 2.16058651753664624323e-15	 4.88645262647532301536e-12	 6.13677393775734623173e-12	 1.13342413931007494261e-13	 1.18247632043554662231e-13	 1.15941777127835614638e-12	 9.74754698512727995042e-13	 6.26908698071427531724e-12	 1.46118147116101896481e-13	 4.34790861237635230057e-15	 4.34506831976532071055e-15	 4.34866133137224297218e-15	 
 3.04000000000000003553e+00	 1.23811414662618110174e-15	 1.14931550877593747780e-15	 1.47388246007004646096e-15	 3.41977497246534585854e-12	 4.34375262057963429604e-12	 7.27609675688515557200e-14	 7.60527782955003089396e-14	 7.77242926823870647001e-13	 6.55885280452244426810e-13	 4.43216070051937932423e-12	 1.11514059152782961662e-13	 2.76845095782065586118e-15	 2.76663474792627921867e-15	 2.76878078659105420547e-15	 
 3.06000000000000005329e+00	 7.43558771965553955874e-16	 6.89805041306057606310e-16	 9.77935705831050621643e-16	 2.29175183296710643988e-12	 2.94661635173033676756e-12	 4.49702788871000291125e-14	 4.65878447890567858894e-14	 4.96794347651056904299e-13	 4.20496741629500501421e-13	 3.00577840284590725085e-12	 8.22315460956338532482e-14	 1.66091100130717389810e-15	 1.65982923223564968749e-15	 1.66094171971562512209e-15	 
 3.08000000000000007105e+00	 4.58506865066003796791e-16	 4.23908420458392387389e-16	 6.03373479802785410132e-16	 1.54924783389077879828e-12	 2.00353084490575380502e-12	 2.90435561954496282747e-14	 2.98912333117200510229e-14	 3.27437423053880039901e-13	 2.76963449885083827986e-13	 2.04058553059856612354e-12	 5.81060537299776153886e-14	 1.02046128888939565113e-15	 1.01975324029148416629e-15	 1.02049907274818105036e-15	 
 3.10000000000000008882e+00	 2.69268854475898163896e-16	 2.47121765465588307512e-16	 3.62394102930861191784e-16	 1.03163447954943245731e-12	 1.33948759085081980542e-12	 1.85928982482024762665e-14	 1.90548582880673310905e-14	 2.12512995585923968487e-13	 1.79977412916279554293e-13	 1.36307785401387438872e-12	 3.97365719959539718246e-14	 5.94701010230418180188e-16	 5.94292110368935507415e-16	 5.94739493239891742576e-16	 
 3.12000000000000010658e+00	 1.39487480359580165143e-16	 1.25659434241993843793e-16	 1.97665488306583517696e-16	 6.60608348927622440995e-13	 8.59588692043737057578e-13	 1.15323279280923668550e-14	 1.17937658882983937924e-14	 1.32195803604429882227e-13	 1.12354632957503407772e-13	 8.74364980106999739440e-13	 2.55780935448616196126e-14	 3.02254498423544764011e-16	 3.02074492373118503157e-16	 3.02292064160659146234e-16	 
 3.13999999999999968026e+00	 6.52509960872977398827e-17	 5.61365222876920364461e-17	 1.03648358559575009991e-16	 4.37554529333557350620e-13	 5.70139252805849854496e-13	 7.52770446384246141293e-15	 7.66815006202173272411e-15	 8.48042223616936331557e-14	 7.24834243152099730400e-14	 5.79884062909080063059e-13	 1.65771453172227489544e-14	 1.34974408183197347797e-16	 1.34929154367920870589e-16	 1.34991088252619527787e-16	 
 3.16000000000000014211e+00	 2.17605180626124889659e-17	 1.79840252290075203623e-17	 3.76797882257990111666e-17	 1.81903298363606399969e-13	 2.37189893590893860299e-13	 3.10451435487723276970e-15	 3.15650075451615312766e-15	 3.47035871786455960881e-14	 2.97437914054526131170e-14	 2.41229156787958598310e-13	 6.82684712618871064809e-15	 4.32235374826659038360e-17	 4.32192493091272385384e-17	 4.32291429495263061465e-17	 
 3.18000000000000015987e+00	 0.00000000000000000000e+00	 0.00000000000000000000e+00	 0.00000000000000000000e+00	 0.00000000000000000000e+00	 0.00000000000000000000e+00	 0.00000000000000000000e+00	 0.00000000000000000000e+00	 0.00000000000000000000e+00	 0.00000000000000000000e+00	 0.00000000000000000000e+00	 0.00000000000000000000e+00	 0.00000000000000000000e+00	 0.00000000000000000000e+00	 0.00000000000000000000e+00	 
 3.19999999999999973355e+00	 5.75078958344449521937e-20	 4.75229320136419548819e-20	 9.95981427591729384518e-20	 4.80951733451528401222e-16	 6.27130172722294756157e-16	 8.20819482095264874191e-18	 8.34561485729943343645e-18	 9.17533980368281823917e-17	 7.86405258056291530466e-17	 6.37809904831964759967e-16	 1.80498529912353096683e-17	 1.14218432465660787847e-19	 1.14207167010465588196e-19	 1.14233247273538236758e-19	 
 3.22000000000000019540e+00	 0.00000000000000000000e+00	 0.00000000000000000000e+00	 0.00000000000000000000e+00	 0.00000000000000000000e+00	 0.00000000000000000000e+00	 0.00000000000000000000e+00	 0.00000000000000000000e+00	 0.00000000000000000000e+00	 0.00000000000000000000e+00	 0.00000000000000000000e+00	 0.00000000000000000000e+00	 0.00000000000000000000e+00	 0.00000000000000000000e+00	 0.00000000000000000000e+00	 
 3.24000000000000021316e+00	 1.39708234937847730796e-22	 1.15439062645374644608e-22	 2.42011731043558737547e-22	 1.16899634323111027678e-18	 1.52429837670200002151e-18	 1.99504181818093081150e-20	 2.02843468588253756866e-20	 2.23007657604142246318e-19	 1.91137757955245313555e-19	 1.55025625619203495142e-18	 4.38709707717723314137e-20	 2.77450362681570990677e-22	 2.77423169743504264712e-22	 2.77486355160637335072e-22	 
 3.25999999999999978684e+00	 0.00000000000000000000e+00	 0.00000000000000000000e+00	 0.00000000000000000000e+00	 0.00000000000000000000e+00	 0.00000000000000000000e+00	 0.00000000000000000000e+00	 0.00000000000000000000e+00	 0.00000000000000000000e+00	 0.00000000000000000000e+00	 0.00000000000000000000e+00	 0.00000000000000000000e+00	 0.00000000000000000000e+00	 0.00000000000000000000e+00	 0.00000000000000000000e+00	 
 3.28000000000000024869e+00	 3.09615793142426745159e-25	 2.55816913743271931785e-25	 5.36398031776799949753e-25	 2.59139174133813137852e-21	 3.37901599042863614554e-21	 4.42250173527783525300e-23	 4.49651581731071551403e-23	 4.94347146230028207613e-22	 4.23701587798072988496e-22	 3.43655835077163101904e-21	 9.72506791781527607778e-23	 6.14839145306634791190e-25	 6.14779094089363947440e-25	 6.14918911595304603298e-25	 
 3.29999999999999982236e+00	 0.00000000000000000000e+00	 0.00000000000000000000e+00	 0.00000000000000000000e+00	 0.00000000000000000000e+00	 0.00000000000000000000e+00	 0.00000000000000000000e+00	 0.00000000000000000000e+00	 0.00000000000000000000e+00	 0.00000000000000000000e+00	 0.00000000000000000000e+00	 0.00000000000000000000e+00	 0.00000000000000000000e+00	 0.00000000000000000000e+00	 0.00000000000000000000e+00	 
 3.31999999999999984013e+00	 6.11124759159694384506e-28	 5.04937938773344225385e-28	 1.05874159198125228543e-27	 5.11481817982351957838e-24	 6.66940888475311803100e-24	 8.72902183964029249965e-26	 8.87511034304156408883e-26	 9.75730333382267723859e-25	 8.36291651364406623660e-25	 6.78298448071062605295e-24	 1.91950836061080634582e-25	 1.21358523134814535501e-27	 1.21346666793300520919e-27	 1.21374267268505490998e-27	 
 3.34000000000000030198e+00	 0.00000000000000000000e+00	 0.00000000000000000000e+00	 0.00000000000000000000e+00	 0.00000000000000000000e+00	 0.00000000000000000000e+00	 0.00000000000000000000e+00	 0.00000000000000000000e+00	 0.00000000000000000000e+00	 0.00000000000000000000e+00	 0.00000000000000000000e+00	 0.00000000000000000000e+00	 0.00000000000000000000e+00	 0.00000000000000000000e+00	 0.00000000000000000000e+00	 
 3.36000000000000031974e+00	 1.04862874245529673465e-30	 8.66462833176276386194e-31	 1.81652520952854977827e-30	 8.77455641082747863212e-27	 1.14414753069818025203e-26	 1.49748991659452671695e-28	 1.52255441368634516398e-28	 1.67390597144665061227e-27	 1.43468949778255228651e-27	 1.16363167455268193703e-26	 3.29297536329753105265e-28	 2.08248762138178240368e-30	 2.08228359273307258748e-30	 2.08275776566416866588e-30	 
 3.37999999999999989342e+00	 0.00000000000000000000e+00	 0.00000000000000000000e+00	 0.00000000000000000000e+00	 0.00000000000000000000e+00	 0.00000000000000000000e+00	 0.00000000000000000000e+00	 0.00000000000000000000e+00	 0.00000000000000000000e+00	 0.00000000000000000000e+00	 0.00000000000000000000e+00	 0.00000000000000000000e+00	 0.00000000000000000000e+00	 0.00000000000000000000e+00	 0.00000000000000000000e+00	 
 3.39999999999999991118e+00	 1.54029429387707888915e-33	 1.27279803846311885095e-33	 2.66788879555043414030e-33	 1.28846832401418593797e-29	 1.68008096810116448911e-29	 2.19895852560579215203e-31	 2.23576919857355321441e-31	 2.45803617331823408228e-30	 2.10675300367954730601e-30	 1.70869187882679587788e-29	 4.83550626863846353989e-31	 3.05909014130252982070e-33	 3.05878926591932562149e-33	 3.05948693150781592054e-33	 
 3.42000000000000037303e+00	 0.00000000000000000000e+00	 0.00000000000000000000e+00	 0.00000000000000000000e+00	 0.00000000000000000000e+00	 0.00000000000000000000e+00	 0.00000000000000000000e+00	 0.00000000000000000000e+00	 0.00000000000000000000e+00	 0.00000000000000000000e+00	 0.00000000000000000000e+00	 0.00000000000000000000e+00	 0.00000000000000000000e+00	 0.00000000000000000000e+00	 0.00000000000000000000e+00	 
 3.43999999999999994671e+00	 1.92341918131025736033e-36	 1.58949107607537480126e-36	 3.33104713976323212726e-36	 1.60844775228842056028e-32	 2.09731190992830764008e-32	 2.74507936807655683208e-34	 2.79103884023624231010e-34	 3.06852983966037256068e-33	 2.62999032992321720197e-33	 2.13302822947065007924e-32	 6.03643070860881198793e-34	 3.82024454908405795213e-36	 3.81986731547038247115e-36	 3.82074001686363641666e-36	 
 3.45999999999999996447e+00	 0.00000000000000000000e+00	 0.00000000000000000000e+00	 0.00000000000000000000e+00	 0.00000000000000000000e+00	 0.00000000000000000000e+00	 0.00000000000000000000e+00	 0.00000000000000000000e+00	 0.00000000000000000000e+00	 0.00000000000000000000e+00	 0.00000000000000000000e+00	 0.00000000000000000000e+00	 0.00000000000000000000e+00	 0.00000000000000000000e+00	 0.00000000000000000000e+00	 
 3.48000000000000042633e+00	 2.03839462506899159081e-39	 1.68460595525600255425e-39	 3.52974101531546550664e-39	 1.70410378267094541776e-35	 2.22203931805572588176e-35	 2.90836045651811442441e-37	 2.95706016492582955882e-37	 3.25107912388724930122e-36	 2.78644144743886434814e-36	 2.25987986644309248379e-35	 6.39549170763075423152e-37	 4.04884983842634154468e-39	 4.04844858288185196183e-39	 4.04937490706773631762e-39	 
 3.50000000000000000000e+00	 0.00000000000000000000e+00	 0.00000000000000000000e+00	 0.00000000000000000000e+00	 0.00000000000000000000e+00	 0.00000000000000000000e+00	 0.00000000000000000000e+00	 0.00000000000000000000e+00	 0.00000000000000000000e+00	 0.00000000000000000000e+00	 0.00000000000000000000e+00	 0.00000000000000000000e+00	 0.00000000000000000000e+00	 0.00000000000000000000e+00	 0.00000000000000000000e+00	 
 3.52000000000000001776e+00	 1.83473729392031215530e-42	 1.51637411959822685543e-42	 3.17675167489168936272e-42	 1.53346313685426435570e-38	 1.99953367584144777881e-38	 2.61715349601957427046e-40	 2.66098208821442247559e-40	 2.92557914056428844024e-39	 2.50745417833930457255e-39	 2.03358516689610519941e-38	 5.75513162171604388511e-40	 3.64451660615759695584e-42	 3.64415429437565737238e-42	 3.64498920243934723977e-42	 
 3.54000000000000047962e+00	 0.00000000000000000000e+00	 0.00000000000000000000e+00	 0.00000000000000000000e+00	 0.00000000000000000000e+00	 0.00000000000000000000e+00	 0.00000000000000000000e+00	 0.00000000000000000000e+00	 0.00000000000000000000e+00	 0.00000000000000000000e+00	 0.00000000000000000000e+00	 0.00000000000000000000e+00	 0.00000000000000000000e+00	 0.00000000000000000000e+00	 0.00000000000000000000e+00	 
 3.56000000000000005329e+00	 1.40489806803763715127e-45	 1.16117091758431728567e-45	 2.43229445056328530738e-45	 1.17395939817232273729e-41	 1.53076383473012509190e-41	 2.00360456310536357065e-43	 2.03716152327144197960e-43	 2.23973940248493994770e-42	 1.91963036569456012870e-42	 1.55683239556227502502e-41	 4.40593805448403545871e-43	 2.79080771174197301022e-45	 2.79052954319542451800e-45	 2.79116958114104505021e-45	 
 3.58000000000000007105e+00	 0.00000000000000000000e+00	 0.00000000000000000000e+00	 0.00000000000000000000e+00	 0.00000000000000000000e+00	 0.00000000000000000000e+00	 0.00000000000000000000e+00	 0.00000000000000000000e+00	 0.00000000000000000000e+00	 0.00000000000000000000e+00	 0.00000000000000000000e+00	 0.00000000000000000000e+00	 0.00000000000000000000e+00	 0.00000000000000000000e+00	 0.00000000000000000000e+00	 
 3.60000000000000053291e+00	 0.00000000000000000000e+00	 0.00000000000000000000e+00	 0.00000000000000000000e+00	 7.65955040967763964948e-45	 9.98753176934111741963e-45	 1.30726842815114578997e-46	 1.32916471736361531192e-46	 1.46134446521668696910e-45	 1.25248305923271415023e-45	 1.01576176413761561352e-44	 2.87469258882224293417e-46	 0.00000000000000000000e+00	 0.00000000000000000000e+00	 0.00000000000000000000e+00	 
 3.62000000000000010658e+00	 0.00000000000000000000e+00	 0.00000000000000000000e+00	 0.00000000000000000000e+00	 0.00000000000000000000e+00	 0.00000000000000000000e+00	 0.00000000000000000000e+00	 0.00000000000000000000e+00	 0.00000000000000000000e+00	 0.00000000000000000000e+00	 0.00000000000000000000e+00	 0.00000000000000000000e+00	 0.00000000000000000000e+00	 0.00000000000000000000e+00	 0.00000000000000000000e+00	 
 3.63999999999999968026e+00	 0.00000000000000000000e+00	 0.00000000000000000000e+00	 0.00000000000000000000e+00	 0.00000000000000000000e+00	 0.00000000000000000000e+00	 0.00000000000000000000e+00	 0.00000000000000000000e+00	 0.00000000000000000000e+00	 0.00000000000000000000e+00	 0.00000000000000000000e+00	 0.00000000000000000000e+00	 0.00000000000000000000e+00	 0.00000000000000000000e+00	 0.00000000000000000000e+00	 
 3.65999999999999969802e+00	 0.00000000000000000000e+00	 0.00000000000000000000e+00	 0.00000000000000000000e+00	 0.00000000000000000000e+00	 0.00000000000000000000e+00	 0.00000000000000000000e+00	 0.00000000000000000000e+00	 0.00000000000000000000e+00	 0.00000000000000000000e+00	 0.00000000000000000000e+00	 0.00000000000000000000e+00	 0.00000000000000000000e+00	 0.00000000000000000000e+00	 0.00000000000000000000e+00	 
 3.68000000000000015987e+00	 0.00000000000000000000e+00	 0.00000000000000000000e+00	 0.00000000000000000000e+00	 0.00000000000000000000e+00	 0.00000000000000000000e+00	 0.00000000000000000000e+00	 0.00000000000000000000e+00	 0.00000000000000000000e+00	 0.00000000000000000000e+00	 0.00000000000000000000e+00	 0.00000000000000000000e+00	 0.00000000000000000000e+00	 0.00000000000000000000e+00	 0.00000000000000000000e+00	 
 3.70000000000000017764e+00	 0.00000000000000000000e+00	 0.00000000000000000000e+00	 0.00000000000000000000e+00	 0.00000000000000000000e+00	 0.00000000000000000000e+00	 0.00000000000000000000e+00	 0.00000000000000000000e+00	 0.00000000000000000000e+00	 0.00000000000000000000e+00	 0.00000000000000000000e+00	 0.00000000000000000000e+00	 0.00000000000000000000e+00	 0.00000000000000000000e+00	 0.00000000000000000000e+00	 
 3.71999999999999975131e+00	 0.00000000000000000000e+00	 0.00000000000000000000e+00	 0.00000000000000000000e+00	 0.00000000000000000000e+00	 0.00000000000000000000e+00	 0.00000000000000000000e+00	 0.00000000000000000000e+00	 0.00000000000000000000e+00	 0.00000000000000000000e+00	 0.00000000000000000000e+00	 0.00000000000000000000e+00	 0.00000000000000000000e+00	 0.00000000000000000000e+00	 0.00000000000000000000e+00	 
 3.74000000000000021316e+00	 0.00000000000000000000e+00	 0.00000000000000000000e+00	 0.00000000000000000000e+00	 0.00000000000000000000e+00	 0.00000000000000000000e+00	 0.00000000000000000000e+00	 0.00000000000000000000e+00	 0.00000000000000000000e+00	 0.00000000000000000000e+00	 0.00000000000000000000e+00	 0.00000000000000000000e+00	 0.00000000000000000000e+00	 0.00000000000000000000e+00	 0.00000000000000000000e+00	 
 3.76000000000000023093e+00	 0.00000000000000000000e+00	 0.00000000000000000000e+00	 0.00000000000000000000e+00	 0.00000000000000000000e+00	 0.00000000000000000000e+00	 0.00000000000000000000e+00	 0.00000000000000000000e+00	 0.00000000000000000000e+00	 0.00000000000000000000e+00	 0.00000000000000000000e+00	 0.00000000000000000000e+00	 0.00000000000000000000e+00	 0.00000000000000000000e+00	 0.00000000000000000000e+00	 
 3.77999999999999980460e+00	 0.00000000000000000000e+00	 0.00000000000000000000e+00	 0.00000000000000000000e+00	 0.00000000000000000000e+00	 0.00000000000000000000e+00	 0.00000000000000000000e+00	 0.00000000000000000000e+00	 0.00000000000000000000e+00	 0.00000000000000000000e+00	 0.00000000000000000000e+00	 0.00000000000000000000e+00	 0.00000000000000000000e+00	 0.00000000000000000000e+00	 0.00000000000000000000e+00	 
 3.80000000000000026645e+00	 0.00000000000000000000e+00	 0.00000000000000000000e+00	 0.00000000000000000000e+00	 0.00000000000000000000e+00	 0.00000000000000000000e+00	 0.00000000000000000000e+00	 0.00000000000000000000e+00	 0.00000000000000000000e+00	 0.00000000000000000000e+00	 0.00000000000000000000e+00	 0.00000000000000000000e+00	 0.00000000000000000000e+00	 0.00000000000000000000e+00	 0.00000000000000000000e+00	 
 3.82000000000000028422e+00	 0.00000000000000000000e+00	 0.00000000000000000000e+00	 0.00000000000000000000e+00	 0.00000000000000000000e+00	 0.00000000000000000000e+00	 0.00000000000000000000e+00	 0.00000000000000000000e+00	 0.00000000000000000000e+00	 0.00000000000000000000e+00	 0.00000000000000000000e+00	 0.00000000000000000000e+00	 0.00000000000000000000e+00	 0.00000000000000000000e+00	 0.00000000000000000000e+00	 
 3.83999999999999985789e+00	 0.00000000000000000000e+00	 0.00000000000000000000e+00	 0.00000000000000000000e+00	 0.00000000000000000000e+00	 0.00000000000000000000e+00	 0.00000000000000000000e+00	 0.00000000000000000000e+00	 0.00000000000000000000e+00	 0.00000000000000000000e+00	 0.00000000000000000000e+00	 0.00000000000000000000e+00	 0.00000000000000000000e+00	 0.00000000000000000000e+00	 0.00000000000000000000e+00	 
 3.86000000000000031974e+00	 0.00000000000000000000e+00	 0.00000000000000000000e+00	 0.00000000000000000000e+00	 0.00000000000000000000e+00	 0.00000000000000000000e+00	 0.00000000000000000000e+00	 0.00000000000000000000e+00	 0.00000000000000000000e+00	 0.00000000000000000000e+00	 0.00000000000000000000e+00	 0.00000000000000000000e+00	 0.00000000000000000000e+00	 0.00000000000000000000e+00	 0.00000000000000000000e+00	 
 3.87999999999999989342e+00	 0.00000000000000000000e+00	 0.00000000000000000000e+00	 0.00000000000000000000e+00	 0.00000000000000000000e+00	 0.00000000000000000000e+00	 0.00000000000000000000e+00	 0.00000000000000000000e+00	 0.00000000000000000000e+00	 0.00000000000000000000e+00	 0.00000000000000000000e+00	 0.00000000000000000000e+00	 0.00000000000000000000e+00	 0.00000000000000000000e+00	 0.00000000000000000000e+00	 
 3.89999999999999991118e+00	 0.00000000000000000000e+00	 0.00000000000000000000e+00	 0.00000000000000000000e+00	 0.00000000000000000000e+00	 0.00000000000000000000e+00	 0.00000000000000000000e+00	 0.00000000000000000000e+00	 0.00000000000000000000e+00	 0.00000000000000000000e+00	 0.00000000000000000000e+00	 0.00000000000000000000e+00	 0.00000000000000000000e+00	 0.00000000000000000000e+00	 0.00000000000000000000e+00	 
 3.91999999999999948486e+00	 0.00000000000000000000e+00	 0.00000000000000000000e+00	 0.00000000000000000000e+00	 0.00000000000000000000e+00	 0.00000000000000000000e+00	 0.00000000000000000000e+00	 0.00000000000000000000e+00	 0.00000000000000000000e+00	 0.00000000000000000000e+00	 0.00000000000000000000e+00	 0.00000000000000000000e+00	 0.00000000000000000000e+00	 0.00000000000000000000e+00	 0.00000000000000000000e+00	 
 3.93999999999999994671e+00	 0.00000000000000000000e+00	 0.00000000000000000000e+00	 0.00000000000000000000e+00	 0.00000000000000000000e+00	 0.00000000000000000000e+00	 0.00000000000000000000e+00	 0.00000000000000000000e+00	 0.00000000000000000000e+00	 0.00000000000000000000e+00	 0.00000000000000000000e+00	 0.00000000000000000000e+00	 0.00000000000000000000e+00	 0.00000000000000000000e+00	 0.00000000000000000000e+00	 
 3.95999999999999996447e+00	 0.00000000000000000000e+00	 0.00000000000000000000e+00	 0.00000000000000000000e+00	 0.00000000000000000000e+00	 0.00000000000000000000e+00	 0.00000000000000000000e+00	 0.00000000000000000000e+00	 0.00000000000000000000e+00	 0.00000000000000000000e+00	 0.00000000000000000000e+00	 0.00000000000000000000e+00	 0.00000000000000000000e+00	 0.00000000000000000000e+00	 0.00000000000000000000e+00	 
 3.97999999999999953815e+00	 0.00000000000000000000e+00	 0.00000000000000000000e+00	 0.00000000000000000000e+00	 0.00000000000000000000e+00	 0.00000000000000000000e+00	 0.00000000000000000000e+00	 0.00000000000000000000e+00	 0.00000000000000000000e+00	 0.00000000000000000000e+00	 0.00000000000000000000e+00	 0.00000000000000000000e+00	 0.00000000000000000000e+00	 0.00000000000000000000e+00	 0.00000000000000000000e+00	 
 4.00000000000000000000e+00	 0.00000000000000000000e+00	 0.00000000000000000000e+00	 0.00000000000000000000e+00	 0.00000000000000000000e+00	 0.00000000000000000000e+00	 0.00000000000000000000e+00	 0.00000000000000000000e+00	 0.00000000000000000000e+00	 0.00000000000000000000e+00	 0.00000000000000000000e+00	 0.00000000000000000000e+00	 0.00000000000000000000e+00	 0.00000000000000000000e+00	 0.00000000000000000000e+00	 
 4.01999999999999957367e+00	 0.00000000000000000000e+00	 0.00000000000000000000e+00	 0.00000000000000000000e+00	 0.00000000000000000000e+00	 0.00000000000000000000e+00	 0.00000000000000000000e+00	 0.00000000000000000000e+00	 0.00000000000000000000e+00	 0.00000000000000000000e+00	 0.00000000000000000000e+00	 0.00000000000000000000e+00	 0.00000000000000000000e+00	 0.00000000000000000000e+00	 0.00000000000000000000e+00	 
 4.04000000000000003553e+00	 0.00000000000000000000e+00	 0.00000000000000000000e+00	 0.00000000000000000000e+00	 0.00000000000000000000e+00	 0.00000000000000000000e+00	 0.00000000000000000000e+00	 0.00000000000000000000e+00	 0.00000000000000000000e+00	 0.00000000000000000000e+00	 0.00000000000000000000e+00	 0.00000000000000000000e+00	 0.00000000000000000000e+00	 0.00000000000000000000e+00	 0.00000000000000000000e+00	 
 4.06000000000000049738e+00	 0.00000000000000000000e+00	 0.00000000000000000000e+00	 0.00000000000000000000e+00	 0.00000000000000000000e+00	 0.00000000000000000000e+00	 0.00000000000000000000e+00	 0.00000000000000000000e+00	 0.00000000000000000000e+00	 0.00000000000000000000e+00	 0.00000000000000000000e+00	 0.00000000000000000000e+00	 0.00000000000000000000e+00	 0.00000000000000000000e+00	 0.00000000000000000000e+00	 
 4.08000000000000007105e+00	 0.00000000000000000000e+00	 0.00000000000000000000e+00	 0.00000000000000000000e+00	 0.00000000000000000000e+00	 0.00000000000000000000e+00	 0.00000000000000000000e+00	 0.00000000000000000000e+00	 0.00000000000000000000e+00	 0.00000000000000000000e+00	 0.00000000000000000000e+00	 0.00000000000000000000e+00	 0.00000000000000000000e+00	 0.00000000000000000000e+00	 0.00000000000000000000e+00	 
 4.09999999999999964473e+00	 0.00000000000000000000e+00	 0.00000000000000000000e+00	 0.00000000000000000000e+00	 0.00000000000000000000e+00	 0.00000000000000000000e+00	 0.00000000000000000000e+00	 0.00000000000000000000e+00	 0.00000000000000000000e+00	 0.00000000000000000000e+00	 0.00000000000000000000e+00	 0.00000000000000000000e+00	 0.00000000000000000000e+00	 0.00000000000000000000e+00	 0.00000000000000000000e+00	 
 4.12000000000000010658e+00	 0.00000000000000000000e+00	 0.00000000000000000000e+00	 0.00000000000000000000e+00	 0.00000000000000000000e+00	 0.00000000000000000000e+00	 0.00000000000000000000e+00	 0.00000000000000000000e+00	 0.00000000000000000000e+00	 0.00000000000000000000e+00	 0.00000000000000000000e+00	 0.00000000000000000000e+00	 0.00000000000000000000e+00	 0.00000000000000000000e+00	 0.00000000000000000000e+00	 
 4.14000000000000056843e+00	 0.00000000000000000000e+00	 0.00000000000000000000e+00	 0.00000000000000000000e+00	 0.00000000000000000000e+00	 0.00000000000000000000e+00	 0.00000000000000000000e+00	 0.00000000000000000000e+00	 0.00000000000000000000e+00	 0.00000000000000000000e+00	 0.00000000000000000000e+00	 0.00000000000000000000e+00	 0.00000000000000000000e+00	 0.00000000000000000000e+00	 0.00000000000000000000e+00	 
 4.16000000000000014211e+00	 0.00000000000000000000e+00	 0.00000000000000000000e+00	 0.00000000000000000000e+00	 0.00000000000000000000e+00	 0.00000000000000000000e+00	 0.00000000000000000000e+00	 0.00000000000000000000e+00	 0.00000000000000000000e+00	 0.00000000000000000000e+00	 0.00000000000000000000e+00	 0.00000000000000000000e+00	 0.00000000000000000000e+00	 0.00000000000000000000e+00	 0.00000000000000000000e+00	 
 4.17999999999999971578e+00	 0.00000000000000000000e+00	 0.00000000000000000000e+00	 0.00000000000000000000e+00	 0.00000000000000000000e+00	 0.00000000000000000000e+00	 0.00000000000000000000e+00	 0.00000000000000000000e+00	 0.00000000000000000000e+00	 0.00000000000000000000e+00	 0.00000000000000000000e+00	 0.00000000000000000000e+00	 0.00000000000000000000e+00	 0.00000000000000000000e+00	 0.00000000000000000000e+00	 
 4.20000000000000017764e+00	 0.00000000000000000000e+00	 0.00000000000000000000e+00	 0.00000000000000000000e+00	 0.00000000000000000000e+00	 0.00000000000000000000e+00	 0.00000000000000000000e+00	 0.00000000000000000000e+00	 0.00000000000000000000e+00	 0.00000000000000000000e+00	 0.00000000000000000000e+00	 0.00000000000000000000e+00	 0.00000000000000000000e+00	 0.00000000000000000000e+00	 0.00000000000000000000e+00	 
 4.21999999999999975131e+00	 0.00000000000000000000e+00	 0.00000000000000000000e+00	 0.00000000000000000000e+00	 0.00000000000000000000e+00	 0.00000000000000000000e+00	 0.00000000000000000000e+00	 0.00000000000000000000e+00	 0.00000000000000000000e+00	 0.00000000000000000000e+00	 0.00000000000000000000e+00	 0.00000000000000000000e+00	 0.00000000000000000000e+00	 0.00000000000000000000e+00	 0.00000000000000000000e+00	 
 4.24000000000000021316e+00	 0.00000000000000000000e+00	 0.00000000000000000000e+00	 0.00000000000000000000e+00	 0.00000000000000000000e+00	 0.00000000000000000000e+00	 0.00000000000000000000e+00	 0.00000000000000000000e+00	 0.00000000000000000000e+00	 0.00000000000000000000e+00	 0.00000000000000000000e+00	 0.00000000000000000000e+00	 0.00000000000000000000e+00	 0.00000000000000000000e+00	 0.00000000000000000000e+00	 
 4.25999999999999978684e+00	 0.00000000000000000000e+00	 0.00000000000000000000e+00	 0.00000000000000000000e+00	 0.00000000000000000000e+00	 0.00000000000000000000e+00	 0.00000000000000000000e+00	 0.00000000000000000000e+00	 0.00000000000000000000e+00	 0.00000000000000000000e+00	 0.00000000000000000000e+00	 0.00000000000000000000e+00	 0.00000000000000000000e+00	 0.00000000000000000000e+00	 0.00000000000000000000e+00	 
 4.28000000000000024869e+00	 0.00000000000000000000e+00	 0.00000000000000000000e+00	 0.00000000000000000000e+00	 0.00000000000000000000e+00	 0.00000000000000000000e+00	 0.00000000000000000000e+00	 0.00000000000000000000e+00	 0.00000000000000000000e+00	 0.00000000000000000000e+00	 0.00000000000000000000e+00	 0.00000000000000000000e+00	 0.00000000000000000000e+00	 0.00000000000000000000e+00	 0.00000000000000000000e+00	 
 4.29999999999999982236e+00	 0.00000000000000000000e+00	 0.00000000000000000000e+00	 0.00000000000000000000e+00	 0.00000000000000000000e+00	 0.00000000000000000000e+00	 0.00000000000000000000e+00	 0.00000000000000000000e+00	 0.00000000000000000000e+00	 0.00000000000000000000e+00	 0.00000000000000000000e+00	 0.00000000000000000000e+00	 0.00000000000000000000e+00	 0.00000000000000000000e+00	 0.00000000000000000000e+00	 
 4.32000000000000028422e+00	 0.00000000000000000000e+00	 0.00000000000000000000e+00	 0.00000000000000000000e+00	 0.00000000000000000000e+00	 0.00000000000000000000e+00	 0.00000000000000000000e+00	 0.00000000000000000000e+00	 0.00000000000000000000e+00	 0.00000000000000000000e+00	 0.00000000000000000000e+00	 0.00000000000000000000e+00	 0.00000000000000000000e+00	 0.00000000000000000000e+00	 0.00000000000000000000e+00	 
 4.33999999999999985789e+00	 0.00000000000000000000e+00	 0.00000000000000000000e+00	 0.00000000000000000000e+00	 0.00000000000000000000e+00	 0.00000000000000000000e+00	 0.00000000000000000000e+00	 0.00000000000000000000e+00	 0.00000000000000000000e+00	 0.00000000000000000000e+00	 0.00000000000000000000e+00	 0.00000000000000000000e+00	 0.00000000000000000000e+00	 0.00000000000000000000e+00	 0.00000000000000000000e+00	 
 4.36000000000000031974e+00	 0.00000000000000000000e+00	 0.00000000000000000000e+00	 0.00000000000000000000e+00	 0.00000000000000000000e+00	 0.00000000000000000000e+00	 0.00000000000000000000e+00	 0.00000000000000000000e+00	 0.00000000000000000000e+00	 0.00000000000000000000e+00	 0.00000000000000000000e+00	 0.00000000000000000000e+00	 0.00000000000000000000e+00	 0.00000000000000000000e+00	 0.00000000000000000000e+00	 
 4.37999999999999989342e+00	 0.00000000000000000000e+00	 0.00000000000000000000e+00	 0.00000000000000000000e+00	 0.00000000000000000000e+00	 0.00000000000000000000e+00	 0.00000000000000000000e+00	 0.00000000000000000000e+00	 0.00000000000000000000e+00	 0.00000000000000000000e+00	 0.00000000000000000000e+00	 0.00000000000000000000e+00	 0.00000000000000000000e+00	 0.00000000000000000000e+00	 0.00000000000000000000e+00	 
 4.40000000000000035527e+00	 0.00000000000000000000e+00	 0.00000000000000000000e+00	 0.00000000000000000000e+00	 0.00000000000000000000e+00	 0.00000000000000000000e+00	 0.00000000000000000000e+00	 0.00000000000000000000e+00	 0.00000000000000000000e+00	 0.00000000000000000000e+00	 0.00000000000000000000e+00	 0.00000000000000000000e+00	 0.00000000000000000000e+00	 0.00000000000000000000e+00	 0.00000000000000000000e+00	 
 4.41999999999999992895e+00	 0.00000000000000000000e+00	 0.00000000000000000000e+00	 0.00000000000000000000e+00	 0.00000000000000000000e+00	 0.00000000000000000000e+00	 0.00000000000000000000e+00	 0.00000000000000000000e+00	 0.00000000000000000000e+00	 0.00000000000000000000e+00	 0.00000000000000000000e+00	 0.00000000000000000000e+00	 0.00000000000000000000e+00	 0.00000000000000000000e+00	 0.00000000000000000000e+00	 
 4.43999999999999950262e+00	 0.00000000000000000000e+00	 0.00000000000000000000e+00	 0.00000000000000000000e+00	 0.00000000000000000000e+00	 0.00000000000000000000e+00	 0.00000000000000000000e+00	 0.00000000000000000000e+00	 0.00000000000000000000e+00	 0.00000000000000000000e+00	 0.00000000000000000000e+00	 0.00000000000000000000e+00	 0.00000000000000000000e+00	 0.00000000000000000000e+00	 0.00000000000000000000e+00	 
 4.45999999999999996447e+00	 0.00000000000000000000e+00	 0.00000000000000000000e+00	 0.00000000000000000000e+00	 0.00000000000000000000e+00	 0.00000000000000000000e+00	 0.00000000000000000000e+00	 0.00000000000000000000e+00	 0.00000000000000000000e+00	 0.00000000000000000000e+00	 0.00000000000000000000e+00	 0.00000000000000000000e+00	 0.00000000000000000000e+00	 0.00000000000000000000e+00	 0.00000000000000000000e+00	 
 4.47999999999999953815e+00	 0.00000000000000000000e+00	 0.00000000000000000000e+00	 0.00000000000000000000e+00	 0.00000000000000000000e+00	 0.00000000000000000000e+00	 0.00000000000000000000e+00	 0.00000000000000000000e+00	 0.00000000000000000000e+00	 0.00000000000000000000e+00	 0.00000000000000000000e+00	 0.00000000000000000000e+00	 0.00000000000000000000e+00	 0.00000000000000000000e+00	 0.00000000000000000000e+00	 
 4.50000000000000000000e+00	 0.00000000000000000000e+00	 0.00000000000000000000e+00	 0.00000000000000000000e+00	 0.00000000000000000000e+00	 0.00000000000000000000e+00	 0.00000000000000000000e+00	 0.00000000000000000000e+00	 0.00000000000000000000e+00	 0.00000000000000000000e+00	 0.00000000000000000000e+00	 0.00000000000000000000e+00	 0.00000000000000000000e+00	 0.00000000000000000000e+00	 0.00000000000000000000e+00	 
 4.52000000000000046185e+00	 0.00000000000000000000e+00	 0.00000000000000000000e+00	 0.00000000000000000000e+00	 0.00000000000000000000e+00	 0.00000000000000000000e+00	 0.00000000000000000000e+00	 0.00000000000000000000e+00	 0.00000000000000000000e+00	 0.00000000000000000000e+00	 0.00000000000000000000e+00	 0.00000000000000000000e+00	 0.00000000000000000000e+00	 0.00000000000000000000e+00	 0.00000000000000000000e+00	 
 4.54000000000000003553e+00	 0.00000000000000000000e+00	 0.00000000000000000000e+00	 0.00000000000000000000e+00	 0.00000000000000000000e+00	 0.00000000000000000000e+00	 0.00000000000000000000e+00	 0.00000000000000000000e+00	 0.00000000000000000000e+00	 0.00000000000000000000e+00	 0.00000000000000000000e+00	 0.00000000000000000000e+00	 0.00000000000000000000e+00	 0.00000000000000000000e+00	 0.00000000000000000000e+00	 
 4.55999999999999960920e+00	 0.00000000000000000000e+00	 0.00000000000000000000e+00	 0.00000000000000000000e+00	 0.00000000000000000000e+00	 0.00000000000000000000e+00	 0.00000000000000000000e+00	 0.00000000000000000000e+00	 0.00000000000000000000e+00	 0.00000000000000000000e+00	 0.00000000000000000000e+00	 0.00000000000000000000e+00	 0.00000000000000000000e+00	 0.00000000000000000000e+00	 0.00000000000000000000e+00	 
 4.58000000000000007105e+00	 0.00000000000000000000e+00	 0.00000000000000000000e+00	 0.00000000000000000000e+00	 0.00000000000000000000e+00	 0.00000000000000000000e+00	 0.00000000000000000000e+00	 0.00000000000000000000e+00	 0.00000000000000000000e+00	 0.00000000000000000000e+00	 0.00000000000000000000e+00	 0.00000000000000000000e+00	 0.00000000000000000000e+00	 0.00000000000000000000e+00	 0.00000000000000000000e+00	 
 4.60000000000000053291e+00	 0.00000000000000000000e+00	 0.00000000000000000000e+00	 0.00000000000000000000e+00	 0.00000000000000000000e+00	 0.00000000000000000000e+00	 0.00000000000000000000e+00	 0.00000000000000000000e+00	 0.00000000000000000000e+00	 0.00000000000000000000e+00	 0.00000000000000000000e+00	 0.00000000000000000000e+00	 0.00000000000000000000e+00	 0.00000000000000000000e+00	 0.00000000000000000000e+00	 
 4.62000000000000010658e+00	 0.00000000000000000000e+00	 0.00000000000000000000e+00	 0.00000000000000000000e+00	 0.00000000000000000000e+00	 0.00000000000000000000e+00	 0.00000000000000000000e+00	 0.00000000000000000000e+00	 0.00000000000000000000e+00	 0.00000000000000000000e+00	 0.00000000000000000000e+00	 0.00000000000000000000e+00	 0.00000000000000000000e+00	 0.00000000000000000000e+00	 0.00000000000000000000e+00	 
 4.63999999999999968026e+00	 0.00000000000000000000e+00	 0.00000000000000000000e+00	 0.00000000000000000000e+00	 0.00000000000000000000e+00	 0.00000000000000000000e+00	 0.00000000000000000000e+00	 0.00000000000000000000e+00	 0.00000000000000000000e+00	 0.00000000000000000000e+00	 0.00000000000000000000e+00	 0.00000000000000000000e+00	 0.00000000000000000000e+00	 0.00000000000000000000e+00	 0.00000000000000000000e+00	 
 4.66000000000000014211e+00	 0.00000000000000000000e+00	 0.00000000000000000000e+00	 0.00000000000000000000e+00	 0.00000000000000000000e+00	 0.00000000000000000000e+00	 0.00000000000000000000e+00	 0.00000000000000000000e+00	 0.00000000000000000000e+00	 0.00000000000000000000e+00	 0.00000000000000000000e+00	 0.00000000000000000000e+00	 0.00000000000000000000e+00	 0.00000000000000000000e+00	 0.00000000000000000000e+00	 
 4.67999999999999971578e+00	 0.00000000000000000000e+00	 0.00000000000000000000e+00	 0.00000000000000000000e+00	 0.00000000000000000000e+00	 0.00000000000000000000e+00	 0.00000000000000000000e+00	 0.00000000000000000000e+00	 0.00000000000000000000e+00	 0.00000000000000000000e+00	 0.00000000000000000000e+00	 0.00000000000000000000e+00	 0.00000000000000000000e+00	 0.00000000000000000000e+00	 0.00000000000000000000e+00	 
 4.69999999999999928946e+00	 0.00000000000000000000e+00	 0.00000000000000000000e+00	 0.00000000000000000000e+00	 0.00000000000000000000e+00	 0.00000000000000000000e+00	 0.00000000000000000000e+00	 0.00000000000000000000e+00	 0.00000000000000000000e+00	 0.00000000000000000000e+00	 0.00000000000000000000e+00	 0.00000000000000000000e+00	 0.00000000000000000000e+00	 0.00000000000000000000e+00	 0.00000000000000000000e+00	 
 4.72000000000000063949e+00	 0.00000000000000000000e+00	 0.00000000000000000000e+00	 0.00000000000000000000e+00	 0.00000000000000000000e+00	 0.00000000000000000000e+00	 0.00000000000000000000e+00	 0.00000000000000000000e+00	 0.00000000000000000000e+00	 0.00000000000000000000e+00	 0.00000000000000000000e+00	 0.00000000000000000000e+00	 0.00000000000000000000e+00	 0.00000000000000000000e+00	 0.00000000000000000000e+00	 
 4.74000000000000021316e+00	 0.00000000000000000000e+00	 0.00000000000000000000e+00	 0.00000000000000000000e+00	 0.00000000000000000000e+00	 0.00000000000000000000e+00	 0.00000000000000000000e+00	 0.00000000000000000000e+00	 0.00000000000000000000e+00	 0.00000000000000000000e+00	 0.00000000000000000000e+00	 0.00000000000000000000e+00	 0.00000000000000000000e+00	 0.00000000000000000000e+00	 0.00000000000000000000e+00	 
 4.75999999999999978684e+00	 0.00000000000000000000e+00	 0.00000000000000000000e+00	 0.00000000000000000000e+00	 0.00000000000000000000e+00	 0.00000000000000000000e+00	 0.00000000000000000000e+00	 0.00000000000000000000e+00	 0.00000000000000000000e+00	 0.00000000000000000000e+00	 0.00000000000000000000e+00	 0.00000000000000000000e+00	 0.00000000000000000000e+00	 0.00000000000000000000e+00	 0.00000000000000000000e+00	 
 4.78000000000000024869e+00	 0.00000000000000000000e+00	 0.00000000000000000000e+00	 0.00000000000000000000e+00	 0.00000000000000000000e+00	 0.00000000000000000000e+00	 0.00000000000000000000e+00	 0.00000000000000000000e+00	 0.00000000000000000000e+00	 0.00000000000000000000e+00	 0.00000000000000000000e+00	 0.00000000000000000000e+00	 0.00000000000000000000e+00	 0.00000000000000000000e+00	 0.00000000000000000000e+00	 
 4.79999999999999982236e+00	 0.00000000000000000000e+00	 0.00000000000000000000e+00	 0.00000000000000000000e+00	 0.00000000000000000000e+00	 0.00000000000000000000e+00	 0.00000000000000000000e+00	 0.00000000000000000000e+00	 0.00000000000000000000e+00	 0.00000000000000000000e+00	 0.00000000000000000000e+00	 0.00000000000000000000e+00	 0.00000000000000000000e+00	 0.00000000000000000000e+00	 0.00000000000000000000e+00	 
 4.81999999999999939604e+00	 0.00000000000000000000e+00	 0.00000000000000000000e+00	 0.00000000000000000000e+00	 0.00000000000000000000e+00	 0.00000000000000000000e+00	 0.00000000000000000000e+00	 0.00000000000000000000e+00	 0.00000000000000000000e+00	 0.00000000000000000000e+00	 0.00000000000000000000e+00	 0.00000000000000000000e+00	 0.00000000000000000000e+00	 0.00000000000000000000e+00	 0.00000000000000000000e+00	 
 4.84000000000000074607e+00	 0.00000000000000000000e+00	 0.00000000000000000000e+00	 0.00000000000000000000e+00	 0.00000000000000000000e+00	 0.00000000000000000000e+00	 0.00000000000000000000e+00	 0.00000000000000000000e+00	 0.00000000000000000000e+00	 0.00000000000000000000e+00	 0.00000000000000000000e+00	 0.00000000000000000000e+00	 0.00000000000000000000e+00	 0.00000000000000000000e+00	 0.00000000000000000000e+00	 
 4.86000000000000031974e+00	 0.00000000000000000000e+00	 0.00000000000000000000e+00	 0.00000000000000000000e+00	 0.00000000000000000000e+00	 0.00000000000000000000e+00	 0.00000000000000000000e+00	 0.00000000000000000000e+00	 0.00000000000000000000e+00	 0.00000000000000000000e+00	 0.00000000000000000000e+00	 0.00000000000000000000e+00	 0.00000000000000000000e+00	 0.00000000000000000000e+00	 0.00000000000000000000e+00	 
 4.87999999999999989342e+00	 0.00000000000000000000e+00	 0.00000000000000000000e+00	 0.00000000000000000000e+00	 0.00000000000000000000e+00	 0.00000000000000000000e+00	 0.00000000000000000000e+00	 0.00000000000000000000e+00	 0.00000000000000000000e+00	 0.00000000000000000000e+00	 0.00000000000000000000e+00	 0.00000000000000000000e+00	 0.00000000000000000000e+00	 0.00000000000000000000e+00	 0.00000000000000000000e+00	 
 4.89999999999999946709e+00	 0.00000000000000000000e+00	 0.00000000000000000000e+00	 0.00000000000000000000e+00	 0.00000000000000000000e+00	 0.00000000000000000000e+00	 0.00000000000000000000e+00	 0.00000000000000000000e+00	 0.00000000000000000000e+00	 0.00000000000000000000e+00	 0.00000000000000000000e+00	 0.00000000000000000000e+00	 0.00000000000000000000e+00	 0.00000000000000000000e+00	 0.00000000000000000000e+00	 
 4.91999999999999992895e+00	 0.00000000000000000000e+00	 0.00000000000000000000e+00	 0.00000000000000000000e+00	 0.00000000000000000000e+00	 0.00000000000000000000e+00	 0.00000000000000000000e+00	 0.00000000000000000000e+00	 0.00000000000000000000e+00	 0.00000000000000000000e+00	 0.00000000000000000000e+00	 0.00000000000000000000e+00	 0.00000000000000000000e+00	 0.00000000000000000000e+00	 0.00000000000000000000e+00	 
 4.93999999999999950262e+00	 0.00000000000000000000e+00	 0.00000000000000000000e+00	 0.00000000000000000000e+00	 0.00000000000000000000e+00	 0.00000000000000000000e+00	 0.00000000000000000000e+00	 0.00000000000000000000e+00	 0.00000000000000000000e+00	 0.00000000000000000000e+00	 0.00000000000000000000e+00	 0.00000000000000000000e+00	 0.00000000000000000000e+00	 0.00000000000000000000e+00	 0.00000000000000000000e+00	 
 4.95999999999999996447e+00	 0.00000000000000000000e+00	 0.00000000000000000000e+00	 0.00000000000000000000e+00	 0.00000000000000000000e+00	 0.00000000000000000000e+00	 0.00000000000000000000e+00	 0.00000000000000000000e+00	 0.00000000000000000000e+00	 0.00000000000000000000e+00	 0.00000000000000000000e+00	 0.00000000000000000000e+00	 0.00000000000000000000e+00	 0.00000000000000000000e+00	 0.00000000000000000000e+00	 
 4.98000000000000042633e+00	 0.00000000000000000000e+00	 0.00000000000000000000e+00	 0.00000000000000000000e+00	 0.00000000000000000000e+00	 0.00000000000000000000e+00	 0.00000000000000000000e+00	 0.00000000000000000000e+00	 0.00000000000000000000e+00	 0.00000000000000000000e+00	 0.00000000000000000000e+00	 0.00000000000000000000e+00	 0.00000000000000000000e+00	 0.00000000000000000000e+00	 0.00000000000000000000e+00	 
 5.00000000000000000000e+00	 0.00000000000000000000e+00	 0.00000000000000000000e+00	 0.00000000000000000000e+00	 0.00000000000000000000e+00	 0.00000000000000000000e+00	 0.00000000000000000000e+00	 0.00000000000000000000e+00	 0.00000000000000000000e+00	 0.00000000000000000000e+00	 0.00000000000000000000e+00	 0.00000000000000000000e+00	 0.00000000000000000000e+00	 0.00000000000000000000e+00	 0.00000000000000000000e+00	 
