 -1.00000000000000000000e+00	 4.47319066232068496745e-10	 4.46417186997811803109e-10	 4.47399161472704408028e-10	 5.23591656126959906141e-08	 5.23491721958533234840e-08	 5.22915890270804910257e-08	 5.24465849544955601393e-08	 1.90961941876242134642e-08	 1.79348274195729918683e-08	 5.19343305459554034701e-08	 6.34361202909206766135e-10	 1.13410881797150854231e-09	 1.13397309862437002039e-09	 1.13410962078513842192e-09	 
 -9.79999999999999982236e-01	 4.58410493820824211387e-10	 4.57484513183579573894e-10	 4.58491845142463749970e-10	 5.37173266513180192513e-08	 5.37073274526038968253e-08	 5.36482968971692179185e-08	 5.38050747506635618566e-08	 1.95900869643052639748e-08	 1.83989250352857356669e-08	 5.32817688880597018347e-08	 6.49839276201927735465e-10	 1.16223253030928647830e-09	 1.16209329536660992343e-09	 1.16223333237029718538e-09	 
 -9.59999999999999964473e-01	 4.69702783294245671121e-10	 4.68752226383117582301e-10	 4.69785399234991802073e-10	 5.51013688836229868939e-08	 5.50913676673289861776e-08	 5.50308642700565776487e-08	 5.51894123927213510927e-08	 2.00933593985700350865e-08	 1.88718413926181418578e-08	 5.46548898953966654673e-08	 6.65592174648401963698e-10	 1.19086564563287359242e-09	 1.19072282823577594613e-09	 1.19086644649243485866e-09	 
 -9.39999999999999946709e-01	 4.81194762959538471044e-10	 4.80219155937311627148e-10	 4.81278650985252346522e-10	 5.65111983192290947468e-08	 5.65011964526830212850e-08	 5.64391959633912918886e-08	 5.65995026739400677675e-08	 2.06059735326624697504e-08	 1.93535409439121533908e-08	 5.60536003917000285788e-08	 6.81617996711293307415e-10	 1.22000528830754247173e-09	 1.21985882191494905034e-09	 1.22000608743954447327e-09	 
 -9.19999999999999928946e-01	 4.92884935294998992816e-10	 4.91883806496801882731e-10	 4.92970101806904120038e-10	 5.79466780088882865678e-08	 5.79366736717467079557e-08	 5.78731533961306516612e-08	 5.80352077460994090648e-08	 2.11278753683160863976e-08	 1.98439730392114813688e-08	 5.74777645043644493780e-08	 6.97914405598102454681e-10	 1.24964779936376456396e-09	 1.24949761789174453087e-09	 1.24964859614847531408e-09	 
 -9.00000000000000022204e-01	 5.04771508638809276047e-10	 5.03744392655944570143e-10	 5.04857963676125744521e-10	 5.94076269796816203644e-08	 5.93976173944358147928e-08	 5.93325544997948703704e-08	 5.94963451263979353368e-08	 2.16589945544976222003e-08	 2.03430715964484489959e-08	 5.89272025962848115005e-08	 7.14478619310973596526e-10	 1.27978872660169379770e-09	 1.27963476447991586056e-09	 1.27978952055492788113e-09	 
 -8.80000000000000115463e-01	 5.16852391837318403703e-10	 5.15798834297666996192e-10	 5.16940154706059656370e-10	 6.08938178783949381204e-08	 6.08838019847546121712e-08	 6.08171714664973269907e-08	 6.09826852364694367585e-08	 2.21992435030398546618e-08	 2.08507542579983115725e-08	 6.04016889098647729307e-08	 7.31307398485122135697e-10	 1.31042280148582831699e-09	 1.31026499370905334124e-09	 1.31042359253298810455e-09	 
 -8.59999999999999986677e-01	 5.29125153969670692672e-10	 5.28044714894693892443e-10	 5.29214256288478464876e-10	 6.24049730591947552003e-08	 6.23949521140613062515e-08	 6.23267260757063736679e-08	 6.24939482076332263270e-08	 2.27485158418383142186e-08	 2.13669209476416675091e-08	 6.19009476549404720996e-08	 7.48397029534433205272e-10	 1.34154389854910794225e-09	 1.34138218080103463921e-09	 1.34154468715645053661e-09	 
 -8.40000000000000079936e-01	 5.41587027632489241405e-10	 5.40479277423965988414e-10	 5.41677509965340312657e-10	 6.39407636407884090474e-08	 6.39307408673133793848e-08	 6.38608896693004337982e-08	 6.40298020265941426004e-08	 2.33066861742484819175e-08	 2.18914536187156558108e-08	 6.34246509254868343131e-08	 7.65743318966705301896e-10	 1.37314502308768521529e-09	 1.37297933164215665288e-09	 1.37314580992733105330e-09	 
 -8.20000000000000062172e-01	 5.54234902788097525201e-10	 5.53099417290752176929e-10	 5.54326810587455341535e-10	 6.55008069700816978493e-08	 6.54907871332516454043e-08	 6.54192807663420028692e-08	 6.55898598430752371710e-08	 2.38736091328426689193e-08	 2.24242153493435539128e-08	 6.49724159411407207372e-08	 7.83341584864440022504e-10	 1.40521829240673562011e-09	 1.40504856399204499965e-09	 1.40521907795546436901e-09	 
 -8.00000000000000044409e-01	 5.67065308826378343096e-10	 5.65901669707946487974e-10	 5.67158693280164235968e-10	 6.70846621575886001179e-08	 6.70746519540410030947e-08	 6.70014600081942562359e-08	 6.71736760781619032574e-08	 2.44491176170742292805e-08	 2.29650486792843846800e-08	 6.65438012307766373941e-08	 8.01186641961251462416e-10	 1.43775490424919747683e-09	 1.43758107604948379356e-09	 1.43775568870449251082e-09	 
 -7.80000000000000026645e-01	 5.80074417061909974621e-10	 5.78882213653660996688e-10	 5.80169330182165526568e-10	 6.86918313641451811690e-08	 6.86818374394972955220e-08	 6.86069298070691195599e-08	 6.87807477656403546173e-08	 2.50330231095644237091e-08	 2.35137757584716315926e-08	 6.81383111700124704175e-08	 8.19272806878070970250e-10	 1.47074513898301222320e-09	 1.47056714877270027682e-09	 1.47074592188002057869e-09	 
 -7.60000000000000008882e-01	 5.93258036915544962302e-10	 5.92036868252575651435e-10	 5.93354525664544722229e-10	 7.03217574010778739805e-08	 7.03117839889848644508e-08	 7.02351316998310406405e-08	 7.04105120973554631800e-08	 2.56251147355007965781e-08	 2.40701974187990391704e-08	 6.97553940574296591470e-08	 8.37593894923773838785e-10	 1.50417834827613943382e-09	 1.50399613456197645908e-09	 1.50417912803303328566e-09	 
 -7.39999999999999991118e-01	 6.06611602372848475384e-10	 6.05361078206520664195e-10	 6.06709706335899269853e-10	 7.19738172814554869589e-08	 7.19638654055056895076e-08	 7.18854410178959894592e-08	 7.20623397923678620400e-08	 2.62251569414331760852e-08	 2.46340910476260520248e-08	 7.13944334240614000039e-08	 8.56143203697163766407e-10	 1.53804292153612400305e-09	 1.53785642358011283863e-09	 1.53804369512864727972e-09	 
 -7.19999999999999973355e-01	 6.20130185140326232950e-10	 6.18849926334750180821e-10	 6.20229928478082112110e-10	 7.36473237280910105186e-08	 7.36373923298669017216e-08	 7.35571704375513689316e-08	 7.37355372866306229258e-08	 2.68328899939873572739e-08	 2.52052114655962010508e-08	 7.30547511373540931878e-08	 8.74913532131590712438e-10	 1.57232641425128216543e-09	 1.57213557260550770029e-09	 1.57232717762709524400e-09	 
 -6.99999999999999955591e-01	 6.33808494820617842150e-10	 6.32498133659649049240e-10	 6.33909876747528022327e-10	 7.53415225729364211386e-08	 7.53316098564687357419e-08	 7.52495676816295610267e-08	 7.54293441692373652950e-08	 2.74480289693916617453e-08	 2.57832900155976648361e-08	 7.47356052084307851560e-08	 8.93897183413694291268e-10	 1.60701556432507096613e-09	 1.60682032144659394683e-09	 1.60701631289969011727e-09	 
 -6.79999999999999937828e-01	 6.47640861787429929655e-10	 6.46300042689741340655e-10	 6.47743849267902729360e-10	 7.70555856247203377836e-08	 7.70456889206077315188e-08	 7.69618069846140560335e-08	 7.71429254373042746670e-08	 2.80702610917158438085e-08	 2.63680317327870837850e-08	 7.64361819475182708228e-08	 9.13085945602547027593e-10	 1.64209619043984350018e-09	 1.64189649097478702686e-09	 1.64209691903528228465e-09	 
 -6.60000000000000031086e-01	 6.61621259154921437341e-10	 6.60249635964501380334e-10	 6.61725800228829129278e-10	 7.87886125686529622217e-08	 7.87787312126697340810e-08	 7.86929893364816430552e-08	 7.88753756183788849819e-08	 2.86992469920008462543e-08	 2.69591165218102769806e-08	 7.81555930055237610674e-08	 9.32471118363837588022e-10	 1.67755307755314487697e-09	 1.67734886854585074358e-09	 1.67755378077677961661e-09	 
 -6.40000000000000013323e-01	 6.75743306232017304924e-10	 6.74340538859460620164e-10	 6.75849345838675916592e-10	 8.05396280039186448286e-08	 8.05297667333023548680e-08	 8.04421393122084443652e-08	 8.06257161420375377288e-08	 2.93346196668116118081e-08	 2.75561981652052686151e-08	 7.98928718551789504851e-08	 9.52043520396521349152e-10	 1.71336996243302839413e-09	 1.71316119355092014084e-09	 1.71337063512917902249e-09	 
 -6.19999999999999884537e-01	 6.90000247848732534281e-10	 6.88566000842535771148e-10	 6.90107728635489198110e-10	 8.23075731246771198774e-08	 8.22977435587257962238e-08	 8.22081979810229358009e-08	 8.23928855056230516159e-08	 2.99759809835912252504e-08	 2.81589010212239415367e-08	 8.16469691887298692148e-08	 9.71793469155477299032e-10	 1.74952959958940732664e-09	 1.74931622346921454348e-09	 1.74953023702302669929e-09	 
 -5.99999999999999977796e-01	 7.04385012313164660111e-10	 7.02918960103632503911e-10	 7.04493879217075132574e-10	 8.40913115995353975905e-08	 8.40815292663980659503e-08	 8.39900274227455595120e-08	 8.41757453455498571894e-08	 3.06229040577035552186e-08	 2.87668221599871413094e-08	 8.34167637458971197158e-08	 9.91710875400350195602e-10	 1.78601384837372786920e-09	 1.78579582063161998575e-09	 1.78601444620487951951e-09	 
 -5.79999999999999849010e-01	 7.18890221316283444822e-10	 7.17392054247168546706e-10	 7.19000426997498728200e-10	 8.58896265447631156275e-08	 8.58799073701673000742e-08	 8.57864074475887979935e-08	 8.59730775503732097050e-08	 3.12749321712195032958e-08	 2.93795303168670959852e-08	 8.52010601575553302922e-08	 1.01178526311880680311e-09	 1.82280368254634172632e-09	 1.82258096176571344915e-09	 1.82280423680201389287e-09	 
 -5.60000000000000053291e-01	 7.33508146208092726205e-10	 7.31977571669027365046e-10	 7.33619654684899824356e-10	 8.77012080940592359442e-08	 8.76915682259430574645e-08	 8.75960239931024717949e-08	 8.77835719455915099637e-08	 3.19315740806010356007e-08	 2.99965615200255642393e-08	 8.69985734000671968695e-08	 1.03200570726761683452e-09	 1.85987910319734228602e-09	 1.85965165120415803642e-09	 1.85987961045165127702e-09	 
 -5.40000000000000035527e-01	 7.48230702132795280352e-10	 7.46667438447203255179e-10	 7.48343484830763537958e-10	 8.95246696874485448922e-08	 8.95151222112568962443e-08	 8.94174853709537630134e-08	 8.96058356705417201227e-08	 3.25923080304870621788e-08	 3.06174226953526176259e-08	 8.88079323866296330708e-08	 1.05236079901817975037e-09	 1.89721928251286622422e-09	 1.89698706436109162642e-09	 1.89721974014202594914e-09	 
 -5.20000000000000017764e-01	 7.63049446574087250421e-10	 7.61453215717882077466e-10	 7.63163477712257038434e-10	 9.13585457961195122717e-08	 9.13490968913529242504e-08	 9.12493198529994385423e-08	 9.14383899088862141953e-08	 3.32565806176807869974e-08	 3.12415905481993109660e-08	 9.06276759773727310133e-08	 1.07283864482059284991e-09	 1.93480257458401539058e-09	 1.93456555851459118134e-09	 1.93480298106488462757e-09	 
 -5.00000000000000000000e-01	 7.77955571239312686307e-10	 7.76326096132074756550e-10	 7.78070829363344992209e-10	 9.32012707177490796043e-08	 9.31919177568274141557e-08	 9.30899542215789753626e-08	 9.32796535269703223501e-08	 3.39238003658984890769e-08	 3.18685055899207052258e-08	 9.24562409028540740906e-08	 1.09342688152211135645e-09	 1.97260637133301689702e-09	 1.97236452896131273489e-09	 1.97260672657234468050e-09	 
 -4.79999999999999926725e-01	 7.92939937799852180540e-10	 7.91276969914844885960e-10	 7.93056441938914263188e-10	 9.50511875306163769286e-08	 9.50419290395739671037e-08	 9.49377298641505525205e-08	 9.51279644230427621756e-08	 3.45933430008268804631e-08	 3.24975771857289392166e-08	 9.42919736647552582753e-08	 1.11411277065750697417e-09	 2.01060724890115042365e-09	 2.01036055568468486055e-09	 2.01060755453020557757e-09	 
 -4.59999999999999964473e-01	 8.07993072874297371964e-10	 8.06296424306319819082e-10	 8.08110924624635880431e-10	 9.69065436664220230726e-08	 9.68973909225307633091e-08	 9.67908993256772865965e-08	 9.69815768138320069093e-08	 3.52645500626839525698e-08	 3.31281822265408632972e-08	 9.61331261948401682576e-08	 1.13488320312858701835e-09	 2.04878096062384448836e-09	 2.04852939638498784328e-09	 2.04878122033840381516e-09	 
 -4.40000000000000002220e-01	 8.23105109941515742067e-10	 8.21374665510956315519e-10	 8.23224514658658986716e-10	 9.87654726965181600006e-08	 9.87564528482988375062e-08	 9.86476029832744081642e-08	 9.88386341688489356779e-08	 3.59367207367746581248e-08	 3.37596573126146342049e-08	 9.79778348592194474597e-08	 1.15572459781347237010e-09	 2.08710224908065187672e-09	 2.08684579837767836540e-09	 2.08710246912444131684e-09	 
 -4.19999999999999984457e-01	 8.38265884065913751067e-10	 8.36501601167833595780e-10	 8.38387133309715555152e-10	 1.00626016862473863917e-07	 1.00617160986531695028e-07	 1.00505887538403285015e-07	 1.00697175628307789536e-07	 3.66091194036335815525e-08	 3.43913062430088870712e-08	 9.98241414335473848747e-08	 1.17662302387947337891e-09	 2.12554505760785517266e-09	 2.12528370926684015817e-09	 2.12554524487746454552e-09	 
 -3.99999999999999911182e-01	 8.53464920276934345472e-10	 8.51666828525157295080e-10	 8.53588371248872350240e-10	 1.02486122586742450122e-07	 1.02477451840307313636e-07	 1.02363701164426925713e-07	 1.02555129470078151596e-07	 3.72809739302448380921e-08	 3.50223984298617847261e-08	 1.01669988053789933285e-07	 1.19756419121962983693e-09	 2.16408249668990257628e-09	 2.16381624324155856928e-09	 2.16408265653229436307e-09	 
 -3.80000000000000004441e-01	 8.68691303508399845045e-10	 8.66859516130857592358e-10	 8.68817390186777650829e-10	 1.04343608750699590996e-07	 1.04335131648119739713e-07	 1.04218865066768736929e-07	 1.04410293274531792934e-07	 3.79514646179323552217e-08	 3.56521581584957111868e-08	 1.03513185908953879306e-07	 1.21853329048074093562e-09	 2.20268653535744453534e-09	 2.20241537308258883077e-09	 2.20268667100980205739e-09	 
 -3.59999999999999931166e-01	 8.83933812498173835701e-10	 8.82068479613340198950e-10	 8.84062958236062467280e-10	 1.06196191090769451680e-07	 1.06187908019182591161e-07	 1.06069097679727915573e-07	 1.06260373646183028739e-07	 3.86197354808873677087e-08	 3.62797753238291551735e-08	 1.05351457109913726528e-07	 1.23951509452770514484e-09	 2.24132823411014499743e-09	 2.24105216421423576018e-09	 2.24132834698515873772e-09	 
 -3.39999999999999968914e-01	 8.99180892084016232254e-10	 8.97282146679945888977e-10	 8.99313408663461067855e-10	 1.08041475505918059209e-07	 1.08033383933057730809e-07	 1.07912008040284512740e-07	 1.08102981386469604193e-07	 3.92848921844321559140e-08	 3.69044034887025313343e-08	 1.07182430100638788197e-07	 1.26049391570236921615e-09	 2.27997765780192358836e-09	 2.27969668775283465612e-09	 2.27997774781445101927e-09	 
 -3.20000000000000006661e-01	 9.14420451762136107872e-10	 9.12488396556544020585e-10	 9.14556504903389994659e-10	 1.09876920201306723202e-07	 1.09869014101223389073e-07	 1.09745058258417661783e-07	 1.09935582173018197288e-07	 3.99459866048525837798e-08	 3.75251452237445107957e-08	 1.09003588694178522000e-07	 1.28145339558652511254e-09	 2.31860343542716965003e-09	 2.31831757955083543416e-09	 2.31860350057736970540e-09	 
 -2.99999999999999933387e-01	 9.29639981746871265428e-10	 9.27674734646399894987e-10	 9.29779622188666787135e-10	 1.11699873741348279358e-07	 1.11692137182670145208e-07	 1.11565600227273868163e-07	 1.11755530286696459951e-07	 4.06020328197673657895e-08	 3.81410673031671294639e-08	 1.10812310954224701500e-07	 1.30237674923037420335e-09	 2.35717319871475842988e-09	 2.35688247954373019038e-09	 2.35717323661616872039e-09	 
 -2.80000000000000026645e-01	 9.44826492405823597297e-10	 9.42828238468420664858e-10	 9.44969691415222854499e-10	 1.13507566844979832354e-07	 1.13499966671829290425e-07	 1.13370867345121056901e-07	 1.13560060151881171751e-07	 4.12520046096585934954e-08	 3.87511983610643284081e-08	 1.12605861510048057194e-07	 1.32324669663801677389e-09	 2.39565344207757424198e-09	 2.39535789188232702952e-09	 2.39565345170699344299e-09	 
 -2.59999999999999953371e-01	 9.59966264782329441614e-10	 9.57935265141354829948e-10	 9.60112895046113332859e-10	 1.15297058121728880307e-07	 1.15289540626303408276e-07	 1.15157921423447277533e-07	 1.15346235822609385656e-07	 4.18948144683160851236e-08	 3.93545089950733549644e-08	 1.14381337465293344812e-07	 1.34404506493839320589e-09	 2.43400878091243842627e-09	 2.43370844290429931521e-09	 2.43400876296008217093e-09	 
 -2.39999999999999907851e-01	 9.75045037625496046439e-10	 9.72981646335959008671e-10	 9.75194980877638501098e-10	 1.17065294809579655825e-07	 1.17057804085683873116e-07	 1.16923722837496421051e-07	 1.17111011636457058387e-07	 4.25293360079266776820e-08	 3.99499328022909681708e-08	 1.16135736491758288873e-07	 1.36475306256040983891e-09	 2.47220248358687525707e-09	 2.47189741222239520518e-09	 2.47220244150676316532e-09	 
 -2.19999999999999945599e-01	 9.90047914922773824166e-10	 9.87952598061485780878e-10	 9.90201184379127494879e-10	 1.18809103763918294317e-07	 1.18801602572650103238e-07	 1.18665122868505328419e-07	 1.18851223414284262747e-07	 4.31544010832567304754e-08	 4.05363636611674948911e-08	 1.17865949386391950988e-07	 1.38535116062669516819e-09	 2.51019624533650079433e-09	 2.50988650665195283401e-09	 2.51019618654092554335e-09	 
 -1.99999999999999983347e-01	 1.00495898610280250600e-09	 1.00283233811910029002e-09	 1.00511575839887619352e-09	 1.20525113191197427100e-07	 1.20517587334195610193e-07	 1.20378778734088393702e-07	 1.20563510648061006422e-07	 4.37687716258790664621e-08	 4.11126292301303514689e-08	 1.19568677486404351859e-07	 1.40581856808409093438e-09	 2.54794919052589370815e-09	 2.54763486340053573333e-09	 2.54794912722199138568e-09	 
 -1.79999999999999993339e-01	 1.01976165210149381992e-09	 1.01760431404000620512e-09	 1.01992214060322513176e-09	 1.22209850039399200497e-07	 1.22202301383881953764e-07	 1.22061216802033381879e-07	 1.22244392812139886751e-07	 4.43711696163546794412e-08	 4.16775197754265420454e-08	 1.21240478155581244121e-07	 1.42613359321805950823e-09	 2.58541847096556747368e-09	 2.58509964438470797441e-09	 2.58541841810200052598e-09	 
 -1.59999999999999920064e-01	 1.03443850347125034504e-09	 1.03225107055622461349e-09	 1.03460281524337695985e-09	 1.23859731968641258013e-07	 1.23852170584658454224e-07	 1.23708820795488340522e-07	 1.23890258927925879959e-07	 4.49602739423481466171e-08	 4.22297852869385147287e-08	 1.22877751264422556890e-07	 1.44627347130462508546e-09	 2.62255893245878742186e-09	 2.62223570241126923466e-09	 2.62255890540456046324e-09	 
 -1.39999999999999902300e-01	 1.04897075384686566221e-09	 1.04675375445884376780e-09	 1.04913886408319991867e-09	 1.25470954492612171426e-07	 1.25463400150308258004e-07	 1.25317745330842214076e-07	 1.25497270849246961107e-07	 4.55346840330832232248e-08	 4.27681007427954002004e-08	 1.24476666853589183690e-07	 1.46621365444577192178e-09	 2.65932184881555557776e-09	 2.65899431822102023999e-09	 2.65932186323033539076e-09	 
 -1.20000000000000009437e-01	 1.06333780881592252612e-09	 1.06109176472439583521e-09	 1.06350959467207121129e-09	 1.27039572330817439927e-07	 1.27032052341656032171e-07	 1.26884037898558452827e-07	 1.27061477081487281234e-07	 4.60929602837064478818e-08	 4.32911053542339934457e-08	 1.26033264534385283597e-07	 1.48592718496554278706e-09	 2.69565589725911688927e-09	 2.69532417980919772531e-09	 2.69565597001194801669e-09	 
 -1.00000000000000005551e-01	 1.07751700587321736401e-09	 1.07524249954937854619e-09	 1.07769228418758391228e-09	 1.28561486897077478506e-07	 1.28554033697206121432e-07	 1.28403630338800179646e-07	 1.28578803493297935863e-07	 4.66336211139875472716e-08	 4.37973999584016297772e-08	 1.27543442168413610001e-07	 1.50538433448592710458e-09	 2.73150674487965647766e-09	 2.73117096932794156921e-09	 2.73150689507219728871e-09	 
 -8.00000000000000155431e-02	 1.09148347966034726544e-09	 1.08918115897391300827e-09	 1.09166199609011530118e-09	 1.30032339910394553527e-07	 1.30024991708825699797e-07	 1.29872200233631801318e-07	 1.30044921232076521139e-07	 4.71550962982657235142e-08	 4.42855021479773146969e-08	 1.29002834333587581687e-07	 1.52455243322153838140e-09	 2.76681528367049178361e-09	 2.76647559534211907504e-09	 2.76681553288398206711e-09	 
 -5.99999999999999630851e-02	 1.10521276728963403748e-09	 1.10288343776179323444e-09	 1.10539438024774071298e-09	 1.31447708527357207011e-07	 1.31440476007358278373e-07	 1.31285295362302605649e-07	 1.31455439377905350026e-07	 4.76557851503241358956e-08	 4.47539006009874912008e-08	 1.30407010657179029662e-07	 1.54339969694478790681e-09	 2.80151947868286440733e-09	 2.80117604193234083053e-09	 2.80151985961834450717e-09	 
 -3.99999999999999383826e-02	 1.11868080796230114947e-09	 1.11632553521596328615e-09	 1.11886569280867472533e-09	 1.32803102454457317484e-07	 1.32795931868980346420e-07	 1.32638323784201108636e-07	 1.32805902314258348936e-07	 4.81340548896231899965e-08	 4.52010535616684829473e-08	 1.31751472860314785757e-07	 1.56189525017503874769e-09	 2.83555394042411408021e-09	 2.83520694136193818647e-09	 2.83555450649841524630e-09	 
 -2.00000000000000281719e-02	 1.13186151110684992620e-09	 1.12948166112504572853e-09	 1.13205022116991378181e-09	 1.34093762966355768711e-07	 1.34086525868550283039e-07	 1.33926408906978741449e-07	 1.34091591354808078485e-07	 4.85881783240087786199e-08	 4.56253305409393268521e-08	 1.33031450818833830509e-07	 1.58000560878045835387e-09	 2.86884733993142239863e-09	 2.86849698880179021400e-09	 2.86884816894936356518e-09	 
 -4.82163733276643543166e-17	 1.14472631948532758319e-09	 1.14232356108415727566e-09	 1.14491981001203960726e-09	 1.35314837838910862812e-07	 1.35307387758295588135e-07	 1.35144649750136117705e-07	 1.35307726241141196017e-07	 4.90164107120145904809e-08	 4.60250854758570357725e-08	 1.34242087972642099936e-07	 1.59769393705292139520e-09	 2.90132459166595379056e-09	 2.90097111871642764167e-09	 2.90132578056939491168e-09	 
 2.00000000000001253164e-02	 1.15724393040103014635e-09	 1.15482023833311358865e-09	 1.15744358562777883247e-09	 1.36461377141165172177e-07	 1.36453611719431513972e-07	 1.36288123387738971931e-07	 1.36449464040458418340e-07	 4.94169899901380634058e-08	 4.63986570752277528241e-08	 1.35378437755611496729e-07	 1.61491965570741794604e-09	 2.93290639201411593376e-09	 2.93255004295584011124e-09	 2.93290805114137705834e-09	 
 4.00000000000001187939e-02	 1.16938015165734465339e-09	 1.16693784652196674977e-09	 1.16958785335764194060e-09	 1.37528147047229011561e-07	 1.37520015251353246613e-07	 1.37351628374513233891e-07	 1.37511692286083248965e-07	 4.97880585907109447202e-08	 4.67442945276871192642e-08	 1.36435268614860670331e-07	 1.63163835249478795025e-09	 2.96350628647603114588e-09	 2.96314732316779910400e-09	 2.96350854112574891672e-09	 
 6.00000000000000255351e-02	 1.18109955511762070754e-09	 1.17864117227502339332e-09	 1.18131749399794691092e-09	 1.38509913194167549138e-07	 1.38501426086218465311e-07	 1.38329962961662885147e-07	 1.38489302146730247405e-07	 5.01277663859730175192e-08	 4.70602574473103488277e-08	 1.37407416835855640528e-07	 1.64780367209879197637e-09	 2.99303438497299332317e-09	 2.99267307845674219621e-09	 2.99303736380313994702e-09	 
 7.99999999999999322764e-02	 1.19236534273457122967e-09	 1.18989349010136514107e-09	 1.19259581422339493350e-09	 1.39401446780276052498e-07	 1.39392689287727582583e-07	 1.39217931278517784551e-07	 1.39377194999471461917e-07	 5.04342737525421912977e-08	 4.73448190840889476608e-08	 1.38289798429932044756e-07	 1.66336709818231126157e-09	 3.02139700301516163878e-09	 3.02103362591517709636e-09	 3.02140082543252176518e-09	 
 9.99999999999999500400e-02	 1.20313756797389240765e-09	 1.20065491981912101716e-09	 1.20338297442379689599e-09	 1.40197248758785211038e-07	 1.40188389134512345197e-07	 1.40010072094303901155e-07	 1.40170016347548863570e-07	 5.07056516201670792439e-08	 4.75961696222983467821e-08	 1.39077076107913512509e-07	 1.67827579832614422072e-09	 3.04849255189506010437e-09	 3.04812737664468309787e-09	 3.04849732559980018482e-09	 
 1.20000000000000023315e-01	 1.21337514115122599461e-09	 1.21088430386119740044e-09	 1.21363767506915420373e-09	 1.40891966437297326798e-07	 1.40883200930931841139e-07	 1.40701042032431677808e-07	 1.40862489186888536892e-07	 5.09400214649501043103e-08	 4.78125473213331425253e-08	 1.39764009205454842195e-07	 1.69247538615227474118e-09	 3.07421635594993354863e-09	 3.07384964446491677572e-09	 3.07422216321792807120e-09	 
 1.40000000000000041078e-01	 1.22303573341013308819e-09	 1.22053910076524187445e-09	 1.22331703677078937404e-09	 1.41480411833603215681e-07	 1.41471905487039084808e-07	 1.41285631916316162867e-07	 1.41449427566775048810e-07	 5.11355620204967098293e-08	 4.79922449034552765414e-08	 1.40345468594563137926e-07	 1.70590977831774459838e-09	 3.09846040052497740655e-09	 3.09809239301555981519e-09	 3.09846728339031702884e-09	 
 1.59999999999999975575e-01	 1.23207376686498145466e-09	 1.22957347355919281653e-09	 1.23237483766257474612e-09	 1.41957173549246627164e-07	 1.41949056123824107676e-07	 1.41758406835390249366e-07	 1.41925419655622089454e-07	 5.12903776654611869987e-08	 4.81334860459369138479e-08	 1.40816105633304424619e-07	 1.71851841756466278540e-09	 3.12110846139453919811e-09	 3.12073937143952629542e-09	 3.12111641509880954377e-09	 
 1.79999999999999937828e-01	 1.24044339858397717591e-09	 1.23794121049851423138e-09	 1.24076432679928605761e-09	 1.42317096162605014757e-07	 1.42309453585173912139e-07	 1.42114202036676648469e-07	 1.42285280746806863690e-07	 5.14026747380922174250e-08	 4.82345950709246243994e-08	 1.41170828806361759073e-07	 1.73023995226239129243e-09	 3.14204349117257698516e-09	 3.14167351234859125952e-09	 3.14205246806841908028e-09	 
 2.00000000000000094369e-01	 1.24809850674107510715e-09	 1.24559570281300509735e-09	 1.24843819124312723016e-09	 1.42555304734072751821e-07	 1.42548169963394777938e-07	 1.42348148195040115322e-07	 1.42524076037884578234e-07	 5.14707712162268927155e-08	 4.82940063589034810153e-08	 1.41404828310160568319e-07	 1.74101218080952129963e-09	 3.16114757818593166542e-09	 3.16077689091969116767e-09	 3.16115749168902883674e-09	 
 2.20000000000000001110e-01	 1.25498996861321732705e-09	 1.25248726754019432058e-09	 1.25534595815599770044e-09	 1.42666758474256061844e-07	 1.42660106296273856488e-07	 1.42455210525113822159e-07	 1.42636697592569103924e-07	 5.14929319804709619769e-08	 4.83101057372482501184e-08	 1.41513132287181922030e-07	 1.75076864366165382844e-09	 3.17829518984510252278e-09	 3.17792395847857619469e-09	 3.17830590927768576512e-09	 
 2.39999999999999963363e-01	 1.26106879114096274393e-09	 1.25856667284746211922e-09	 1.26143794011582127515e-09	 1.42646875428737548272e-07	 1.42640638977865123903e-07	 1.42430883154517668411e-07	 1.42618543981697446082e-07	 5.14675902451224573305e-08	 4.82814368052024839274e-08	 1.41491176284644637151e-07	 1.75944330836621172489e-09	 3.19336208620616861556e-09	 3.19299047265419012525e-09	 3.19337345303216740219e-09	 
 2.59999999999999953371e-01	 1.26628612754633715246e-09	 1.26378516685513337183e-09	 1.26666527697873852439e-09	 1.42491563487730497326e-07	 1.42485651335977763340e-07	 1.42271223269528906850e-07	 1.42465553257154801967e-07	 5.13933592305443234402e-08	 4.82067119303721086554e-08	 1.41334831980593774433e-07	 1.76697059458666096345e-09	 3.20622540837592726054e-09	 3.20585358625721174713e-09	 3.20623725299235133904e-09	 
 2.80000000000000082157e-01	 1.27059049879744421302e-09	 1.26809136999712721646e-09	 1.27097647808395618044e-09	 1.42196634567136238696e-07	 1.42190928792837485743e-07	 1.41972203156571834241e-07	 1.42173569472973918121e-07	 5.12688229674534146510e-08	 4.80846167260802424020e-08	 1.41039870284003347046e-07	 1.77328124858125505851e-09	 3.21675582710359585823e-09	 3.21638398206477428833e-09	 3.21676796769611432941e-09	 
 2.99999999999999988898e-01	 1.27393185609995547184e-09	 1.27143529497303384498e-09	 1.27432166454585599930e-09	 1.41758556722522303309e-07	 1.41752949313272183288e-07	 1.41530394143834265030e-07	 1.41739160274158142450e-07	 5.10928148093734785230e-08	 4.79140714518471458063e-08	 1.40602819986017299868e-07	 1.77830886105488743173e-09	 3.22483009096971469564e-09	 3.22445844583707932750e-09	 3.22484235856788811175e-09	 
 3.20000000000000006661e-01	 1.27626162891871417489e-09	 1.27376839283427202074e-09	 1.27665262232129567278e-09	 1.41174484563314655341e-07	 1.41168914787548619979e-07	 1.40942995844498361883e-07	 1.41159649522065897008e-07	 5.08644292284767009690e-08	 4.76942421400544770028e-08	 1.40021000923987776756e-07	 1.78198996137893592353e-09	 3.23033123765094240028e-09	 3.22996007834770323713e-09	 3.23034350190011711497e-09	 
 3.39999999999999968914e-01	 1.27752918783182038204e-09	 1.27504005015039610653e-09	 1.27791911425441222996e-09	 1.40441534489025113263e-07	 1.40435991619811589425e-07	 1.40207171958046796924e-07	 1.40432334041705722248e-07	 5.05827520351301131921e-08	 4.74242866917459340072e-08	 1.39291703310690370284e-07	 1.78425842160053119758e-09	 3.23313774752151249615e-09	 3.23276742829281390634e-09	 3.23314992043341968917e-09	 
 3.59999999999999931166e-01	 1.27768983119611167269e-09	 1.27520603355220190563e-09	 1.27807708884922349704e-09	 1.39557798079699096692e-07	 1.39552243360445248159e-07	 1.39321029086157815671e-07	 1.39555337810325146092e-07	 5.02471981933625772311e-08	 4.71036772002258591491e-08	 1.38413137749168961521e-07	 1.78505404135944461763e-09	 3.23313915677802092533e-09	 3.23277009497576681710e-09	 3.23315120584859222255e-09	 
 3.80000000000000059952e-01	 1.27670486034134257773e-09	 1.27422857167441383317e-09	 1.27708876109835878916e-09	 1.38522365997857991408e-07	 1.38516653623399077641e-07	 1.38283640443145946409e-07	 1.38527634695650375727e-07	 4.98575207715248582637e-08	 4.67322084451817546062e-08	 1.37384458932100229542e-07	 1.78432263416843507083e-09	 3.23023621935852796803e-09	 3.22986889041822246785e-09	 3.23024818110826056098e-09	 
 4.00000000000000077716e-01	 1.27453461732811340513e-09	 1.27206899720621591098e-09	 1.27491545353080904543e-09	 1.37334322773015112961e-07	 1.37328195195725375374e-07	 1.37094072279430312587e-07	 1.37348191038963010760e-07	 4.94134717459791655268e-08	 4.63096737376559276295e-08	 1.36204818358197073878e-07	 1.78200860827262617160e-09	 3.22432723321384032221e-09	 3.22396217479076132563e-09	 3.22433921873804611581e-09	 
 4.19999999999999984457e-01	 1.27114509393969328401e-09	 1.26869373763544156309e-09	 1.27152371662029118052e-09	 1.35993825133244126283e-07	 1.35987018079552802823e-07	 1.35752457039648897899e-07	 1.36017168184982063132e-07	 4.89152037878845109398e-08	 4.58362460299035320140e-08	 1.34874358474189077074e-07	 1.77806428350006483471e-09	 3.21532643895692293458e-09	 3.21496421006794727151e-09	 3.21533859688448435048e-09	 
 4.39999999999999946709e-01	 1.26650789560858700410e-09	 1.26407428389441285158e-09	 1.26688529803984179348e-09	 1.34502108472245793001e-07	 1.34494455191843191168e-07	 1.34259999864830812325e-07	 1.34535928753630106019e-07	 4.83632731911015305336e-08	 4.53124806976541704458e-08	 1.33394219707100123429e-07	 1.77244985260868877173e-09	 3.20316392685923146719e-09	 3.20280506735794933395e-09	 3.20317640675097230981e-09	 
 4.60000000000000131006e-01	 1.26059425519553734776e-09	 1.25818174953204969118e-09	 1.26097158717382296560e-09	 1.32860361951914657042e-07	 1.32851794252401469590e-07	 1.32617858758935026864e-07	 1.32905797559928817545e-07	 4.77582199791810291949e-08	 4.47389164877462085884e-08	 1.31765495941311007747e-07	 1.76512507202698504343e-09	 3.18776897009417307246e-09	 3.18741399986756206736e-09	 3.18778192317761370221e-09	 
 4.80000000000000037748e-01	 1.25338377676997401748e-09	 1.25099580942662576891e-09	 1.25376226606430711290e-09	 1.31071013787844075293e-07	 1.31061552731280364862e-07	 1.30828455174312254943e-07	 1.31129272054604736453e-07	 4.71010353845995520870e-08	 4.41165127554317145196e-08	 1.29990509924001224566e-07	 1.75606101170789778594e-09	 3.16909166050695274971e-09	 3.16874106604488632707e-09	 3.16910520853952493930e-09	 
 5.00000000000000000000e-01	 1.24486419855368945927e-09	 1.24250445984540057977e-09	 1.24524507586897008501e-09	 1.29137712376179232234e-07	 1.29127459513393537778e-07	 1.28895454616531217542e-07	 1.29210006196227727789e-07	 4.63931559479661182153e-08	 4.34466440445845825939e-08	 1.28072794351825251327e-07	 1.74523976266886105359e-09	 3.14710232754692254091e-09	 3.14675654869269039863e-09	 3.14711653228766252618e-09	 
 5.20000000000000128786e-01	 1.23502313372023904188e-09	 1.23269558815348688321e-09	 1.23540764280965565189e-09	 1.27063933998984994059e-07	 1.27053071449377063516e-07	 1.26822350023710273385e-07	 1.27151492631541633922e-07	 4.56359555511913128415e-08	 4.27306235359840289104e-08	 1.26015711363314710813e-07	 1.73264352124232011499e-09	 3.12177102112102087024e-09	 3.12143044975931875499e-09	 3.12178588258438735469e-09	 
 5.40000000000000035527e-01	 1.22385918990379254705e-09	 1.22156766472926253582e-09	 1.22424759558472562549e-09	 1.24854602657525525650e-07	 1.24843400927854101460e-07	 1.24614123976258414102e-07	 1.24958697054025654123e-07	 4.48312936734434149499e-08	 4.19702224301249478282e-08	 1.23824132031777883570e-07	 1.71826851095634308989e-09	 3.09309561071143166436e-09	 3.09276061058963295940e-09	 3.09311106678922348150e-09	 
 5.60000000000000053291e-01	 1.21138141333326353721e-09	 1.20912920379269372305e-09	 1.21177204271458449963e-09	 1.22516035627993937429e-07	 1.22504861734140736335e-07	 1.22277192991775616785e-07	 1.22638004554466103658e-07	 4.39814985090885414112e-08	 4.11676540536794663035e-08	 1.21504379384596552798e-07	 1.70212430843017051244e-09	 3.06110038698270195142e-09	 3.06077131267122532531e-09	 3.06111631269770912805e-09	 
 5.79999999999999849010e-01	 1.19759832459963710157e-09	 1.19538819626152929362e-09	 1.19798752986943726876e-09	 1.20054146600276921503e-07	 1.20043464009759646623e-07	 1.19817568538944316098e-07	 1.20195412914147269575e-07	 4.30887530359605656519e-08	 4.03249916198136121375e-08	 1.19062374800752408149e-07	 1.68422029096624171987e-09	 3.02580828757288411374e-09	 3.02548548486990776508e-09	 3.02582449340060499512e-09	 
 5.99999999999999977796e-01	 1.18253035767553086911e-09	 1.18036492146391492733e-09	 1.18291400968243303643e-09	 1.17476426162382750087e-07	 1.17466548660694225889e-07	 1.17242572676528929618e-07	 1.17638123432754791120e-07	 4.21557122190946518197e-08	 3.94447498652706944493e-08	 1.16505244965836023259e-07	 1.66458191708394507378e-09	 2.98727324513017263198e-09	 2.98695702808040289439e-09	 2.98728952063705300625e-09	 
 6.20000000000000106581e-01	 1.16620894964312153196e-09	 1.16409101647554145691e-09	 1.16658384050452936590e-09	 1.14791847314010519633e-07	 1.14782706733340712686e-07	 1.14560758375231160173e-07	 1.14974468851331769843e-07	 4.11854755990243774607e-08	 3.85298594536994864880e-08	 1.13841247054468840222e-07	 1.64324956513633933394e-09	 2.94557784914893683609e-09	 2.94526847825891876822e-09	 2.94559400382162860268e-09	 
 6.39999999999999902300e-01	 1.14866368371237283341e-09	 1.14659627654470706347e-09	 1.14902749413305145861e-09	 1.12008632279791720440e-07	 1.11999794565250064114e-07	 1.11779943307477701985e-07	 1.12212078610882164252e-07	 4.01808797691406432180e-08	 3.75829993600553981719e-08	 1.11077913604354579206e-07	 1.62026197543381648070e-09	 2.90079991301430029552e-09	 2.90049759615118333099e-09	 2.90081577463044404916e-09	 
 6.60000000000000031086e-01	 1.12993780973816806747e-09	 1.12792339521843244252e-09	 1.13028859312188691441e-09	 1.09135899702992912946e-07	 1.09126909743391526926e-07	 1.08909232676394739322e-07	 1.09359835114633420529e-07	 3.91452149354525191512e-08	 3.66072751429094432226e-08	 1.08224283797212783133e-07	 1.59567465345050965005e-09	 2.85305018945279893692e-09	 2.85275508011926329738e-09	 2.85306560262733096883e-09	 
 6.80000000000000159872e-01	 1.11008684472791501260e-09	 1.10812662078231724787e-09	 1.11042254820555094425e-09	 1.06183582841239081942e-07	 1.06174282581248314229e-07	 1.05958907005223516063e-07	 1.06427765057400775553e-07	 3.80821870057912369143e-08	 3.56061833532288625156e-08	 1.05290773250941607140e-07	 1.56955819858934929385e-09	 2.80246896322272261272e-09	 2.80218115862819388350e-09	 2.80248378790019183329e-09	 
 6.99999999999999955591e-01	 1.08916209018576035838e-09	 1.08725602981792071702e-09	 1.08948053474361955708e-09	 1.03160485036363936090e-07	 1.03150993042200236338e-07	 1.02938090503428090312e-07	 1.03424782034317570956e-07	 3.69950908874658303742e-08	 3.45828286989363476716e-08	 1.02286628429913791083e-07	 1.54197887853380277957e-09	 2.74918575255475475108e-09	 2.74890529496914409701e-09	 2.74919986208824741600e-09	 
 7.20000000000000084377e-01	 1.06722647820793789373e-09	 1.06537393340704687072e-09	 1.06752583874158739822e-09	 1.00076714278104062641e-07	 1.00067303810498304565e-07	 9.98571350432207218000e-08	 1.00361101152497922808e-07	 3.58876108347178011346e-08	 3.35406825411424768079e-08	 9.92222743349153728456e-08	 1.51301813475970969606e-09	 2.69336104925259125524e-09	 2.69308796822637722545e-09	 2.69337434935244488023e-09	 
 7.39999999999999991118e-01	 1.04435293085549235838e-09	 1.04255317468087274978e-09	 1.04463216973385990001e-09	 9.69435338252474032171e-08	 9.69345235013315947881e-08	 9.67274796740787525496e-08	 9.72480925797256424680e-08	 3.47637769208062289565e-08	 3.24835420241843336577e-08	 9.61091782280027812890e-08	 1.48277053390204723593e-09	 2.63518203425312917491e-09	 2.63491638472511233300e-09	 2.63519448016175597245e-09	 
 7.60000000000000008882e-01	 1.02060695920197373745e-09	 1.01885917880186052490e-09	 1.02086576432410706731e-09	 9.37705766035865033423e-08	 9.37623294481005644175e-08	 9.35589203905016954345e-08	 9.40955233482624678239e-08	 3.36270445048261124020e-08	 3.14146577418040459921e-08	 9.29571588607458222930e-08	 1.45132253522585869923e-09	 2.57481684573373186191e-09	 2.57455870673549582520e-09	 2.57482843883838568397e-09	 
 7.80000000000000137668e-01	 9.96066358527402793526e-10	 9.94369991962429658794e-10	 9.96305315666089422875e-10	 9.05684913738185774429e-08	 9.05614055645154833422e-08	 9.03621631727609005797e-08	 9.09140743405715595184e-08	 3.24812037311965131892e-08	 3.03375971562285474666e-08	 8.97768723537764090366e-08	 1.41877752198247611632e-09	 2.51246449490694517214e-09	 2.51221395468076979697e-09	 2.51247525961882273664e-09	 
 7.99999999999999933387e-01	 9.70819073242291530730e-10	 9.69174108310044553414e-10	 9.71039825119843307507e-10	 8.73487933616327762660e-08	 8.73432952673655541422e-08	 8.71486888947975866399e-08	 8.77152065945516372180e-08	 3.13303325331709402195e-08	 2.92562003889863598818e-08	 8.65796844819738207448e-08	 1.38525304927935496559e-09	 2.44834951660743251709e-09	 2.44810665957842548504e-09	 2.44835947997425997024e-09	 
 8.20000000000000062172e-01	 9.44941580342951204956e-10	 9.43348515295112975483e-10	 9.45146757637369541842e-10	 8.41208707806904756135e-08	 8.41174184235799008408e-08	 8.39278634339723424856e-08	 8.45083136620048090131e-08	 3.01777677477164837645e-08	 2.81736038775479516004e-08	 8.33748535630678118252e-08	 1.35085368610666521281e-09	 2.38266712434729940346e-09	 2.38243203289556823158e-09	 2.38267631569084605885e-09	 
 8.39999999999999857891e-01	 9.18521189268232784339e-10	 9.16980751842290769434e-10	 9.18713443002180322146e-10	 8.08950790431240945562e-08	 8.08940670041837086107e-08	 8.07098204240710369691e-08	 8.13035844654583930094e-08	 2.90271147865494072922e-08	 2.70931924821706280925e-08	 8.01726038098294620725e-08	 1.31569626536054230823e-09	 2.31563919279694579342e-09	 2.31541192440588141645e-09	 2.31564764238009288530e-09	 
 8.60000000000000097700e-01	 8.91653678436430192992e-10	 8.90166586139415677258e-10	 8.91834846801288234490e-10	 7.76825765343707512426e-08	 7.76842546965115836013e-08	 7.75053245600835846904e-08	 7.81118661778352904516e-08	 2.78822028433639406599e-08	 2.60185582695500152965e-08	 7.69839620327538814441e-08	 1.27990724009811922076e-09	 2.24750841771205959832e-09	 2.24728898523827012886e-09	 2.24751615562339561558e-09	 
 8.80000000000000115463e-01	 8.64418943488305876081e-10	 8.62985928212135546391e-10	 8.64590151904491290773e-10	 7.44919077235134906434e-08	 7.44964088203735697766e-08	 7.43225850793639430664e-08	 7.49415027577321069762e-08	 2.67459703442638892971e-08	 2.49524501134054348292e-08	 7.38173625887609762043e-08	 1.24359524375727108336e-09	 2.17847711966099171038e-09	 2.17826549764216630970e-09	 2.17848417559061046826e-09	 
 8.99999999999999911182e-01	 8.36907064454208047375e-10	 8.35528067816234594154e-10	 8.37068483294911880726e-10	 7.13321132542018991328e-08	 7.13393978239545538165e-08	 7.11705895615381370844e-08	 7.18015661478853589245e-08	 2.56215771595569960904e-08	 2.38978250549988853445e-08	 7.06819131504939576889e-08	 1.20687926974878600096e-09	 2.10877187559090570011e-09	 2.10856798429656220288e-09	 2.10877825228908760957e-09	 
 9.20000000000000039968e-01	 8.09215696614096219605e-10	 8.07889183987740907527e-10	 8.09366328785611134593e-10	 6.82126250975931042893e-08	 6.82224343806082724255e-08	 6.80589558271853999907e-08	 6.87017215892863626223e-08	 2.45123646048396403492e-08	 2.28578111830573571173e-08	 6.75872650688101012839e-08	 1.16988595523286297754e-09	 2.03863718393400704606e-09	 2.03844087546995906043e-09	 2.03864283442282957575e-09	 
 9.39999999999999835687e-01	 7.81422096716911591246e-10	 7.80145235205582310369e-10	 7.81559891506524573531e-10	 6.51399403384535145157e-08	 6.51518348128370294475e-08	 6.49943458028098603117e-08	 6.56487603120647095956e-08	 2.34206635994174832499e-08	 2.18345816765777992571e-08	 6.45401149028695419415e-08	 1.13271948646335247710e-09	 1.96826601488782934469e-09	 1.96807708194577272683e-09	 1.96827084658155713851e-09	 
 9.60000000000000075495e-01	 7.53611733757454697087e-10	 7.52381294949695032215e-10	 7.53734291047374772584e-10	 6.21213926335894028201e-08	 6.21347998308348903411e-08	 6.19840611292369822926e-08	 6.26499089753285599661e-08	 2.23490169985136384342e-08	 2.08305066069319865485e-08	 6.15475483944210948523e-08	 1.09549425399698947183e-09	 1.89787319138166803160e-09	 1.89769142665670083152e-09	 1.89787711853051659652e-09	 
 9.80000000000000093259e-01	 7.25875770857343707719e-10	 7.24688862006009864056e-10	 7.25980906528420503995e-10	 5.91649922164792260612e-08	 5.91792432927195366114e-08	 5.90359192048798766710e-08	 5.97127484141414988861e-08	 2.13001432363981917252e-08	 1.98481197896992143851e-08	 5.86169611055042853477e-08	 1.05833197554282240150e-09	 1.82768885609997246387e-09	 1.82751410096542202840e-09	 1.82769184262255715886e-09	 
 9.99999999999999888978e-01	 6.98281080522032076615e-10	 6.97135051695988787148e-10	 6.98366712340117283865e-10	 5.62754726446917490247e-08	 5.62898153013780221671e-08	 5.61545075281028284350e-08	 5.68417887734306866329e-08	 2.02756655918255745274e-08	 1.88889224549366309633e-08	 5.57525988030762921525e-08	 1.02132770962376926680e-09	 1.75788141841501405188e-09	 1.75771355639413820598e-09	 1.75788346755813045060e-09	 
 1.02000000000000001776e+00	 6.70901747354915217271e-10	 6.69794780528178203150e-10	 6.70967060230146196849e-10	 5.34583344533843660210e-08	 5.34720611543189410391e-08	 5.33451432188632829992e-08	 5.40420698167482774467e-08	 1.92774076555823073559e-08	 1.79546021615732451250e-08	 5.29596557781533644922e-08	 9.84583506787874510432e-10	 1.68864025010193465535e-09	 1.68847917720726641773e-09	 1.68864143461398267867e-09	 
 1.04000000000000003553e+00	 6.43816611837690454028e-10	 6.42748194827700244914e-10	 6.43862996361410859174e-10	 5.07197092029885640082e-08	 5.07322565067402758914e-08	 5.06137427078458625348e-08	 5.13190741898945710117e-08	 1.83073648026102546829e-08	 1.70470070564906713450e-08	 5.02440987935967103575e-08	 9.48206167531427811948e-10	 1.62016901938029673493e-09	 1.62001462053223197045e-09	 1.62016950659065339499e-09	 
 1.06000000000000005329e+00	 6.17077067674202292114e-10	 6.16047765963480981811e-10	 6.17107705768737680586e-10	 4.80622598714126833292e-08	 4.80731670719217462565e-08	 4.79628031264838871787e-08	 4.86750885618870139198e-08	 1.73663992986950974627e-08	 1.61669192054363558855e-08	 4.76084626448344304040e-08	 9.12273416258162915502e-10	 1.55260103013106101112e-09	 1.55245318398071968944e-09	 1.55260106699666374446e-09	 
 1.08000000000000007105e+00	 5.90744780934826550207e-10	 5.89755018382522017071e-10	 5.90763375950027764932e-10	 4.54892432284838611561e-08	 4.54983080959394320326e-08	 4.53955858195707908464e-08	 4.61131894793287530963e-08	 1.64556103013738461824e-08	 1.53153528726496305424e-08	 4.50561799412614623853e-08	 8.76866706754358051890e-10	 1.48608974539685022332e-09	 1.48594829699392297830e-09	 1.48608956024033576377e-09	 
 1.09999999999999986677e+00	 5.64888566337917820308e-10	 5.63937679783252854234e-10	 5.64898378564244623673e-10	 4.30044287777247641293e-08	 4.30118293761492828270e-08	 4.29159943456576981368e-08	 4.36371151565089933155e-08	 1.55763054610717253856e-08	 1.44935265590440712826e-08	 4.25914310056203373314e-08	 8.42069918818761811680e-10	 1.42080227385007584241e-09	 1.42066701291817815525e-09	 1.42080200094657804536e-09	 
 1.11999999999999988454e+00	 5.39546454496287528588e-10	 5.38632924992182762574e-10	 5.39550440237232772017e-10	 4.06081310595746800908e-08	 4.06143339079510067680e-08	 4.05244452001909553817e-08	 4.12472996909355529548e-08	 1.47286551477238148406e-08	 1.37015868899494477234e-08	 4.02148533950855770803e-08	 8.07937626282348812623e-10	 1.35682909375854330553e-09	 1.35669976728864100942e-09	 1.35682879553952407330e-09	 
 1.14000000000000012434e+00	 5.14764723712057913040e-10	 5.13886748656664443181e-10	 5.14764701923267134796e-10	 3.83017648767744564681e-08	 3.83070855021981093551e-08	 3.82225329609540485056e-08	 3.89453023395023586343e-08	 1.39131300856017422339e-08	 1.29399696246190297875e-08	 3.79278465592792430640e-08	 7.74529215991736852953e-10	 1.29428413465565579130e-09	 1.29416048811057298401e-09	 1.29428380037177216243e-09	 
 1.15999999999999992006e+00	 4.90595339575945926027e-10	 4.89751252313504102586e-10	 4.90591360096766294827e-10	 3.60876610287922444353e-08	 3.60919325212824338735e-08	 3.60128279082866914135e-08	 3.67336152213550767026e-08	 1.31304667141633576774e-08	 1.22093668383080855820e-08	 3.57324720560386444935e-08	 7.41907742254809913750e-10	 1.23329768651908348462e-09	 1.23317949404341628617e-09	 1.23329723011345788892e-09	 
 1.18000000000000015987e+00	 4.67056822369496023417e-10	 4.66245033215951048377e-10	 4.67047552827501236498e-10	 3.39645229113876715985e-08	 3.39672104084446768686e-08	 3.38942193366240347803e-08	 3.46112210458439698301e-08	 1.23802487973364227562e-08	 1.15093858036557822098e-08	 3.36272477926838623020e-08	 7.10105655959963389386e-10	 1.17391535387385574141e-09	 1.17380241220711143743e-09	 1.17391462782885446102e-09	 
 1.19999999999999973355e+00	 4.44177627790925717426e-10	 4.43397008223610410184e-10	 4.44161502552431481944e-10	 3.19322947246143843396e-08	 3.19328895288038467006e-08	 3.18666243609355314533e-08	 3.25781312534558235572e-08	 1.16623787397965001027e-08	 1.08399232712601557118e-08	 3.16121566214477798865e-08	 6.79160845088341442140e-10	 1.11620880544163665770e-09	 1.11610094299713649222e-09	 1.11620768383893324929e-09	 
 1.21999999999999997335e+00	 4.21993137943759470153e-10	 4.21243304235194052107e-10	 4.21969170435410881918e-10	 2.99919466401796375140e-08	 2.99902469022448161455e-08	 2.99308335935519600729e-08	 3.06352269944826248396e-08	 1.09770437455007011162e-08	 1.02011385956567932345e-08	 2.96883689976242837317e-08	 6.49115667644796221286e-10	 1.06026797619611213616e-09	 1.06016505996616354352e-09	 1.06026641403527430079e-09	 
 1.24000000000000021316e+00	 4.00504006917138583970e-10	 3.99785138057939550496e-10	 4.00471536309119277851e-10	 2.81408160786971375272e-08	 2.81368118419125984096e-08	 2.80840721372808482634e-08	 2.87799547605535060191e-08	 1.03233306703718632300e-08	 9.59216652063123039957e-09	 2.78533809554802265751e-08	 6.19983316983038696728e-10	 1.00609456883082763863e-09	 1.00599649845366872953e-09	 1.00609257549705425776e-09	 
 1.25999999999999978684e+00	 3.79724473616610981377e-10	 3.79037039089508716979e-10	 3.79683922422818543188e-10	 2.63775808523422736577e-08	 2.63715123149722647706e-08	 2.63249765311717619958e-08	 2.70110209725918364819e-08	 9.70072514048713133891e-09	 9.01250475098428652459e-09	 2.61058550699138139951e-08	 5.91781649035460469760e-10	 9.53724265178096499895e-10	 9.53630963887847809867e-10	 9.53721907522175635725e-10	 
 1.28000000000000002665e+00	 3.59678320597283137065e-10	 3.59022914035562232992e-10	 3.59631747391154412017e-10	 2.47020158817684911774e-08	 2.46944202398166738700e-08	 2.46533289291462181821e-08	 2.53281662363160481804e-08	 9.10905876624396978666e-09	 8.46197066631970737402e-09	 2.44454306613936062584e-08	 5.64533000274301919717e-10	 9.03216732801044093622e-10	 9.03128142665901628840e-10	 9.03214139067101117246e-10	 
 1.30000000000000026645e+00	 3.40353010416337203812e-10	 3.39730410476937494116e-10	 3.40303647374939460669e-10	 2.31103590629032591470e-08	 2.31019726963967783267e-08	 2.30653850082088365491e-08	 2.37277747652059512995e-08	 8.54711909577806381853e-09	 7.93942118045959949194e-09	 2.28682766535268960068e-08	 5.38233969958535416345e-10	 8.54539843641918182201e-10	 8.54455930646937367233e-10	 8.54537188060618414459e-10	 
 1.32000000000000006217e+00	 3.21751578763550694076e-10	 3.21162442243960798125e-10	 3.21702353986005280005e-10	 2.16006340598215978004e-08	 2.15920662137510044881e-08	 2.15591312157874502087e-08	 2.22079023359369176607e-08	 8.01413830857222248259e-09	 7.44411119469961876956e-09	 2.13724148227566858807e-08	 5.12885624049632988417e-10	 8.07700506789828478386e-10	 8.07621217226170795994e-10	 8.07697932193329152088e-10	 
 1.34000000000000007994e+00	 3.03887881334433911856e-10	 3.03332564718171062641e-10	 3.03840463804424483046e-10	 2.01722526551087788445e-08	 2.01637721799226205012e-08	 2.01339031461899712522e-08	 2.07679048526736343779e-08	 7.50972659361601155571e-09	 6.97564080215992611762e-09	 1.99572984471951873550e-08	 4.88493901432378971727e-10	 7.62732903936991463768e-10	 7.62658136557731739489e-10	 7.62730471219786315070e-10	 
 1.35999999999999987566e+00	 2.86738016315471255292e-10	 2.86216840291759791313e-10	 2.86693317801419354653e-10	 1.88210351996586638110e-08	 1.88126966877453576503e-08	 1.87854789825627808487e-08	 1.94037179206059696771e-08	 7.03251127802050805326e-09	 6.53272134458430974365e-09	 1.86187987828070822848e-08	 4.65042987172887756061e-10	 7.19576201759268860461e-10	 7.19505837363391893928e-10	 7.19573920554271101286e-10	 
 1.37999999999999989342e+00	 2.70298195530313411775e-10	 2.69810638696307239933e-10	 2.70256487900752641534e-10	 1.75445820517000572167e-08	 1.75363520115614094894e-08	 1.75114475231182116568e-08	 1.81129658759644364351e-08	 6.58157695372959173160e-09	 6.11447454140461579376e-09	 1.73544703093021857583e-08	 4.42522635095601699613e-10	 6.78217835454341290335e-10	 6.78151715418458335388e-10	 6.78215684532456704478e-10	 
 1.40000000000000013323e+00	 2.54578250746499146732e-10	 2.54122422019138645330e-10	 2.54539225881281732859e-10	 1.63418544962751130206e-08	 1.63336880537191031666e-08	 1.63107726279176698441e-08	 1.68945553479846801001e-08	 6.15639188565077038540e-09	 5.72037428247156418433e-09	 1.61631631642859075737e-08	 4.20928685537193421376e-10	 6.38678072754988201836e-10	 6.38615984259455715736e-10	 6.38676011639436116685e-10	 
 1.41999999999999992895e+00	 2.39547680153007082104e-10	 2.39120897887634220406e-10	 2.39510657894514038421e-10	 1.52083087349562163281e-08	 1.52001461544373507285e-08	 1.51789045089592436347e-08	 1.57440104945865531416e-08	 5.75551810852445087448e-09	 5.34908936785491022457e-09	 1.50402827657101361125e-08	 4.00238836311540134997e-10	 6.00876918870508890384e-10	 6.00818624113810778751e-10	 6.00874892316379803312e-10	 
 1.44000000000000016875e+00	 2.25196956271782632529e-10	 2.24796668873282830171e-10	 2.25161188704638860195e-10	 1.41412707972721214589e-08	 1.41330959782226000112e-08	 1.41132382863519750831e-08	 1.46589376850991741690e-08	 5.37797965070151157530e-09	 4.99968962282862443633e-09	 1.39832167898379801290e-08	 3.80435014186551107319e-10	 5.64789128568873649000e-10	 5.64734401055039433442e-10	 5.64787101046344469875e-10	 
 1.45999999999999996447e+00	 2.11530458474091212112e-10	 2.11154775085496986854e-10	 2.11495293513768764205e-10	 1.31394409852389745604e-08	 1.31313179876025833000e-08	 1.31125856816518899116e-08	 1.36384303809497039046e-08	 5.02318139180940610447e-09	 4.67158810233890840584e-09	 1.29907914106526354174e-08	 3.61504909549240587682e-10	 5.30425601357555628808e-10	 5.30374246695393093816e-10	 5.30423577928513241600e-10	 
 1.47999999999999998224e+00	 1.98511023046589316813e-10	 1.98158472795412806387e-10	 1.98475799044437597278e-10	 1.21981072761230218973e-08	 1.21901431981822801541e-08	 1.21722852114353431525e-08	 1.26780735057013735136e-08	 4.68970657342112197801e-09	 4.36349220364243324018e-09	 1.20583809132773508008e-08	 3.43422637854931415788e-10	 4.97692038119243012340e-10	 4.97643889657616615765e-10	 4.97690047073944515621e-10	 
 1.50000000000000000000e+00	 1.86124512482717731583e-10	 1.85793833218603668414e-10	 1.86089192553717234663e-10	 1.13146570841779016172e-08	 1.13069292430861544954e-08	 1.12898460785220513370e-08	 1.17752233450052886938e-08	 4.37656742593932471464e-09	 4.07445603753663354283e-09	 1.11834962447639286731e-08	 3.26161181075446437259e-10	 4.66552283562513693817e-10	 4.66507187039010495015e-10	 4.66550375779955343625e-10	 
 1.52000000000000001776e+00	 1.74371445938203619912e-10	 1.74061467627006437360e-10	 1.74337014547133456812e-10	 1.04879290267955860722e-08	 1.04804439033882387560e-08	 1.04642764936647501403e-08	 1.09284751594552902273e-08	 4.08312830411331732855e-09	 3.80383941241901569581e-09	 1.03651284596421194054e-08	 3.09696378226196148137e-10	 4.37007131210522483765e-10	 4.36964936254823135558e-10	 4.37005382759067311931e-10	 
 1.54000000000000003553e+00	 1.63209532464420075809e-10	 1.62919203940126984449e-10	 1.63177624703058281650e-10	 9.71333101943467167515e-09	 9.70605381457329116262e-09	 9.69108826891817289847e-09	 1.01330939698224550998e-08	 3.80803566949866274566e-09	 3.55042547448368163337e-09	 9.59881436433819158021e-09	 2.93996905580790426527e-10	 4.08948913684052420081e-10	 4.08909484078351348183e-10	 4.08947423973608110859e-10	 
 1.56000000000000027534e+00	 1.52623183139295193311e-10	 1.52351496953767144386e-10	 1.52594835640208318568e-10	 8.98856394408570767836e-09	 8.98139361076455383182e-09	 8.96774077356184986017e-09	 9.38699056559299254713e-09	 3.55036187265038427664e-09	 3.31329828196852226497e-09	 8.88207225441954371940e-09	 2.79034083567587842213e-10	 3.82341379177424085324e-10	 3.82304560029243170447e-10	 3.82340186858381954612e-10	 
 1.58000000000000007105e+00	 1.42612869651996303235e-10	 1.42358820055453752715e-10	 1.42587853429219202426e-10	 8.31283025200620022719e-09	 8.30557710713747771912e-09	 8.29299509732365577634e-09	 8.68973509893900387260e-09	 3.30951855957169845097e-09	 3.09181388333014499423e-09	 8.21374684598156105293e-09	 2.64784230946120771996e-10	 3.57191214530610228534e-10	 3.57156812151400191335e-10	 3.57190250063972764230e-10	 
 1.60000000000000008882e+00	 1.33133851758108385076e-10	 1.32896511061080034378e-10	 1.33111321541699515598e-10	 7.68186601848000322082e-09	 7.67426244793667725046e-09	 7.66232452924721082349e-09	 8.03714120624942375675e-09	 3.08428791682230517663e-09	 2.88488004127497425969e-09	 7.58941592860569350724e-09	 2.51218007724513468052e-10	 3.33388655221674611273e-10	 3.33356460457827174031e-10	 3.33387790419791578227e-10	 
 1.61999999999999988454e+00	 1.24170756533877508235e-10	 1.23949178714484155484e-10	 1.24149890893420157007e-10	 7.09334650999815174653e-09	 7.08530397605028854517e-09	 7.07365909244658356482e-09	 7.42723248248335180022e-09	 2.87378741696013724696e-09	 2.69165037699506908305e-09	 7.00692156284408760948e-09	 2.38305909836136612705e-10	 3.10890658742616287851e-10	 3.10860487783045385885e-10	 3.10889788730779438526e-10	 
 1.64000000000000012434e+00	 1.15724918056989329733e-10	 1.15518080732278344513e-10	 1.15705205090151207852e-10	 6.54618132759601519698e-09	 6.53792817118455520707e-09	 6.52642118618260408958e-09	 6.85940500221294021723e-09	 2.67741200241605888856e-09	 2.51151258153905685982e-09	 6.46550236187298570655e-09	 2.26021882588954740976e-10	 2.89692569103860061023e-10	 2.89664282091193445556e-10	 2.89691650331485411461e-10	 
 1.66000000000000014211e+00	 1.07750284812135165215e-10	 1.07557186586818927927e-10	 1.07731297217323887514e-10	 6.03611997515329231400e-09	 6.02803171531228240044e-09	 6.01656127505268948925e-09	 6.32952870200029121688e-09	 2.49405460045169304077e-09	 2.34353037351005062837e-09	 5.96109195562588523967e-09	 2.14336715223830372683e-10	 2.69674020933608802819e-10	 2.69647501886832192351e-10	 2.69673029553122720101e-10	 
 1.67999999999999993783e+00	 1.00231033928238529156e-10	 1.00050593371819022456e-10	 1.00212388562753541413e-10	 5.56128833738157588219e-09	 5.55368026658156275275e-09	 5.54222092138773349256e-09	 5.83570714129482425747e-09	 2.32293386109708074492e-09	 2.18693047443748922642e-09	 5.49180462333273457593e-09	 2.03219164830493218158e-10	 2.50797702181596421252e-10	 2.50772856600892325808e-10	 2.50796641505122980761e-10	 
 1.70000000000000017764e+00	 9.31674159614620375174e-11	 9.29983898180944173731e-11	 9.31487393841682401130e-11	 5.12117092029269907067e-09	 5.11421485975549120229e-09	 5.10283350225748520956e-09	 5.37733259865041603745e-09	 2.16352426537289660311e-09	 2.04112279086036492664e-09	 5.05703295377260613305e-09	 1.92639671085941626700e-10	 2.33070040220197210902e-10	 2.33046795778672237740e-10	 2.33068947251195205718e-10	 
 1.71999999999999997335e+00	 8.65111681079239824664e-11	 8.63521970536436314963e-11	 8.64919864523596664520e-11	 4.71196133944900062614e-09	 4.70580950132151424411e-09	 4.69459636139335122664e-09	 4.95042136253254642707e-09	 2.01487389418886356110e-09	 1.90532233631107708593e-09	 4.65300382533376607364e-09	 1.82565766204575124380e-10	 2.16371752742568490203e-10	 2.16350058543475630178e-10	 2.16370681547119950145e-10	 
 1.73999999999999999112e+00	 8.02497879632893507619e-11	 8.01000916020736783352e-11	 8.02303919793591268451e-11	 4.33203041793416252567e-09	 4.32679883702309297911e-09	 4.31579506620555470183e-09	 4.55337759777621333518e-09	 1.87628275341039132837e-09	 1.77880377305167642797e-09	 4.27805706413067212135e-09	 1.72972294714747604172e-10	 2.00669596626320160044e-10	 2.00649397978099231385e-10	 2.00668606362301541127e-10	 
 1.76000000000000023093e+00	 7.43882566318052072255e-11	 7.42479845987210837314e-11	 7.43701917796318261143e-11	 3.98092968743256650692e-09	 3.97669762280210976455e-09	 3.96585980909092972109e-09	 4.18585960281084175181e-09	 1.74725265205460637487e-09	 1.66095885484430267580e-09	 3.93168766646883075160e-09	 1.63838806853120733630e-10	 1.85972679517125693029e-10	 1.85953908305005760081e-10	 1.85971834534423160973e-10	 
 1.78000000000000002665e+00	 6.88792535006437639757e-11	 6.87490992899263379796e-11	 6.88648912612187078642e-11	 3.65510344915970421803e-09	 3.65199939537297749250e-09	 3.64122017083722723559e-09	 3.84413585540281438206e-09	 1.62694209607370700236e-09	 1.55109483779557330304e-09	 3.61040398962144167384e-09	 1.55133266883609940054e-10	 1.72160198322224744906e-10	 1.72142797678528752293e-10	 1.72159584251715889868e-10	 
 1.80000000000000004441e+00	 6.37122897641164421798e-11	 6.35923874812753535788e-11	 6.37028997946626920149e-11	 3.35324103336955096586e-09	 3.35127701705112964652e-09	 3.34051258735467085374e-09	 3.52700549675892026121e-09	 1.51476358033073066557e-09	 1.44863309285240940634e-09	 3.31284298947392780222e-09	 1.46834548528029981730e-10	 1.59205573902777768992e-10	 1.59189473772183849862e-10	 1.59205229687740648145e-10	 
 1.81999999999999984013e+00	 5.88937272318315991820e-11	 5.87831940735937145950e-11	 5.88886896307851769586e-11	 3.07514719649353548675e-09	 3.07414400036534905880e-09	 3.06346724063412252936e-09	 3.23449188506059934029e-09	 1.41030717872258199546e-09	 1.35311537877756133973e-09	 3.03870606744637993176e-09	 1.38925947394922001502e-10	 1.47125017293489238311e-10	 1.47110122790907762793e-10	 1.47124906023479347108e-10	 
 1.84000000000000007994e+00	 5.43767080934423707546e-11	 5.42743791600302498620e-11	 5.43749031644820942635e-11	 2.81760481296475261991e-09	 2.81734889548066155870e-09	 2.80685145418067020967e-09	 2.96320038606965684486e-09	 1.31282901573384750874e-09	 1.26397184971067982887e-09	 2.78481564041934161158e-09	 1.31369939168598619538e-10	 1.35799537873318546530e-10	 1.35785755648317890561e-10	 1.35799603864596184790e-10	 
 1.86000000000000009770e+00	 5.01519444800987039547e-11	 5.00567463194720499502e-11	 5.01523273083868669070e-11	 2.57958878318964000479e-09	 2.57991054401452709111e-09	 2.56963643536549530707e-09	 2.71214876038666789837e-09	 1.22187709235371574204e-09	 1.18070789667788394707e-09	 2.55013366675430144735e-09	 1.24152470007565752528e-10	 1.25207416283325781598e-10	 1.25194652752317878283e-10	 1.25207604642903628847e-10	 
 1.87999999999999989342e+00	 4.62258831168723808994e-11	 4.61369057589487443273e-11	 4.62276017097947619708e-11	 2.36108724499087846448e-09	 2.36188550202696743227e-09	 2.35180147350582285915e-09	 2.48144318403419475957e-09	 1.13716813859208162505e-09	 1.10290621952370173551e-09	 2.33460517577030840761e-09	 1.17266052801930350695e-10	 1.15367671829204908768e-10	 1.15355828672944746641e-10	 1.15367930617243987732e-10	 
 1.89999999999999991118e+00	 4.25517271084177417258e-11	 4.24679840053251973783e-11	 4.25538499288901040297e-11	 2.15924323253585761493e-09	 2.16045612744186633456e-09	 2.15046529229075369112e-09	 2.26797176235194658164e-09	 1.05804062818980013189e-09	 1.03000861198332480719e-09	 2.13540181750904746227e-09	 1.10665181791746373912e-10	 1.06162906152359310400e-10	 1.06151882224209493130e-10	 1.06163175739881019975e-10	 
 1.92000000000000015099e+00	 3.91232162750752015902e-11	 3.90441645167492943469e-11	 3.91251300952808584439e-11	 1.97320295462358918854e-09	 1.97474163738855773181e-09	 1.96478730866807337002e-09	 2.07090068903054920908e-09	 9.84137191283372756161e-10	 9.61685467112431283943e-10	 1.95170428712004876516e-09	 1.04344610195642261199e-10	 9.75769387148248804688e-11	 9.75666575903239401047e-11	 9.75771772457729435583e-11	 
 1.93999999999999994671e+00	 3.59494967051277891076e-11	 3.58752723514176932719e-11	 3.59510387167009554072e-11	 1.80297404466986803672e-09	 1.80469022969290184671e-09	 1.79478646424218885568e-09	 1.89032600162129591319e-09	 9.15243677224705843603e-10	 8.97708915561115508033e-10	 1.78354923648658098908e-09	 9.83080920753637193398e-11	 8.96322297204768135321e-11	 8.96226500400853029477e-11	 8.96324203198967145203e-11	 
 1.95999999999999996447e+00	 3.29850310676469676464e-11	 3.29160847000894319565e-11	 3.29860538153874889689e-11	 1.64602397943399423747e-09	 1.64773559528482874675e-09	 1.63786194236689370109e-09	 1.72334840192832732774e-09	 8.50710789504897098680e-10	 8.37525589316098755802e-10	 1.62843129565710939348e-09	 9.24975847393929730062e-11	 8.22139858475356786794e-11	 8.22050815391099788414e-11	 8.22141072952283914774e-11	 
 1.97999999999999998224e+00	 3.02261772203212737638e-11	 3.01626843169012234024e-11	 3.02266737527002174418e-11	 1.50165896771106378198e-09	 1.50322713575667147378e-09	 1.49341137696737519829e-09	 1.56946322342740668545e-09	 7.90309749600914364160e-10	 7.80938145306741941007e-10	 1.48568978094726130261e-09	 8.69232261433064657731e-11	 7.53128418961137102992e-11	 7.53045848225471967970e-11	 7.53128896061576459446e-11	 
 2.00000000000000000000e+00	 2.76839148986002711848e-11	 2.76256082952656548743e-11	 2.76840922449038924290e-11	 1.36990316985600197135e-09	 1.37124496178945272474e-09	 1.36159989320713128996e-09	 1.42905677018518682719e-09	 7.33960630986804272322e-10	 7.27860521474716773656e-10	 1.35538035294146546163e-09	 8.16107807196080495814e-11	 6.89563181441770969103e-11	 6.89486742478542423081e-11	 6.89563135476403508456e-11	 
 2.02000000000000001776e+00	 2.53145571518003875801e-11	 2.52612448539194449621e-11	 2.53147109932296977897e-11	 1.24850735480340353696e-09	 1.24949430175326009686e-09	 1.24014514086163905939e-09	 1.29957502400319529078e-09	 6.80998087760039048635e-10	 6.77681490791005212704e-10	 1.23527173199741873891e-09	 7.64943546919591281026e-11	 6.30347162465139843089e-11	 6.30276625979127542554e-11	 6.30346880136656242415e-11	 
 2.04000000000000003553e+00	 2.31164230965323457173e-11	 2.30678171915574886649e-11	 2.31167637367543159415e-11	 1.13698152425207797973e-09	 1.13758223350623945162e-09	 1.12858654631471749753e-09	 1.18059598794407108470e-09	 6.31327767399029539094e-10	 6.30349862237390687573e-10	 1.12491231928330609968e-09	 7.15908830959547032648e-11	 5.75432981529112313933e-11	 5.75368003830769998141e-11	 5.75432613480165692079e-11	 
 2.06000000000000005329e+00	 2.11014082932384759069e-11	 2.10570495152269207934e-11	 2.11020296873933883375e-11	 1.03545264085023677363e-09	 1.03579122908198202830e-09	 1.02710418073145752300e-09	 1.07242391054020389561e-09	 5.85023484366566724488e-10	 5.85957426112072903603e-10	 1.02448003749267859755e-09	 6.69350492730542026180e-11	 5.25112983631198499735e-11	 5.25053008479189635536e-11	 5.25112469523764502050e-11	 
 2.08000000000000007105e+00	 1.92285625691734262810e-11	 1.91880218642506295457e-11	 1.92296435133160815780e-11	 9.41935087634821797499e-10	 9.42179050201524000993e-10	 9.33688901090929807737e-10	 9.72747658421458041097e-10	 5.41395723652878566887e-10	 5.43821388105201233229e-10	 9.32038934380036951604e-10	 6.24500066336243478909e-11	 4.78358811172017799941e-11	 4.78303238731989417660e-11	 4.78358002372535122263e-11	 
 2.10000000000000053291e+00	 1.74972681297614745064e-11	 1.74600871457773049140e-11	 1.74987866207872411046e-11	 8.56131958073659167312e-10	 8.56376162874759771157e-10	 8.48026732816782246322e-10	 8.81320097581035868150e-10	 5.00449777821383092717e-10	 5.04024318861301612143e-10	 8.47272428423538282101e-10	 5.81606012884112229736e-11	 4.35149993829922012191e-11	 4.35098368970103492917e-11	 4.35148857506499423776e-11	 
 2.12000000000000010658e+00	 1.59190552467206076348e-11	 1.58846688207635013292e-11	 1.59206452485246919802e-11	 7.78293411549795771861e-10	 7.78524259487722051788e-10	 7.70346950263740429488e-10	 7.98532929936658908678e-10	 4.62373281966746560401e-10	 4.66835211711854802484e-10	 7.70397025208035954934e-10	 5.41134644408065362220e-11	 3.95768086267906611222e-11	 3.95720151483103548270e-11	 3.95766782052483987023e-11	 
 2.14000000000000012434e+00	 1.44564304888671315469e-11	 1.44240793140815992948e-11	 1.44575030486720058383e-11	 7.06720082861793725759e-10	 7.06906443817285348128e-10	 6.98899344577809511271e-10	 7.22343386361579296030e-10	 4.26450930714991830199e-10	 4.31540130403015836986e-10	 6.99767272752818916891e-10	 5.02253776686056019180e-11	 3.59264964783930108903e-11	 3.59220509862081383205e-11	 3.59263719287197706535e-11	 
 2.15999999999999969802e+00	 1.31092789205004495197e-11	 1.30785346626937705685e-11	 1.31095874582790760897e-11	 6.41189578560390812118e-10	 6.41323182190623051628e-10	 6.33480525428602114638e-10	 6.52628026488898364482e-10	 3.92763709174556601207e-10	 3.98271000594353536671e-10	 6.35125999724905086136e-10	 4.65241599203634082090e-11	 3.25647423369058482160e-11	 3.25606230184116376675e-11	 3.25646382258358076995e-11	 
 2.18000000000000015987e+00	 1.18879725344081444078e-11	 1.18589103017012126208e-11	 1.18878112824279570364e-11	 5.81921597112779100157e-10	 5.82032480530641522215e-10	 5.74340081634498807593e-10	 5.89822209286872660698e-10	 3.61592354227875221466e-10	 3.67359582540665349098e-10	 5.76630114292415537154e-10	 4.30621187715861646084e-11	 2.95191886047999888960e-11	 2.95153707071689660357e-11	 2.95191086766476745737e-11	 
 2.20000000000000017764e+00	 1.07587476822326607281e-11	 1.07315065883803744551e-11	 1.07585292687857089012e-11	 5.27452573363451868784e-10	 5.27590412571924866085e-10	 5.19950645987735673936e-10	 5.32186948954207606989e-10	 3.32233346241390384756e-10	 3.38082120912426608568e-10	 5.22838842595897415167e-10	 3.97555729670459747186e-11	 2.67056684209478622451e-11	 2.67021274568655320195e-11	 2.67056235667978696060e-11	 
 2.21999999999999975131e+00	 9.72217471432729150738e-12	 9.69682053852247418024e-12	 9.72215358384424719106e-12	 4.77659906033820745261e-10	 4.77842829225831912879e-10	 4.70214643468191150238e-10	 4.79626313953475543637e-10	 3.04785112211021125953e-10	 3.10588990131931800790e-10	 4.73638632062010025172e-10	 3.66276654142897746400e-11	 2.41246049845577226682e-11	 2.41213242838902554027e-11	 2.41245985180786542466e-11	 
 2.24000000000000021316e+00	 8.78795689121995709728e-12	 8.76446302336668434799e-12	 8.78817057077743122149e-12	 4.32804060786344397538e-10	 4.32998066895429125577e-10	 4.25427770153051151134e-10	 4.32495526044290010952e-10	 2.79542316668073989667e-10	 2.85238565568503871411e-10	 4.29293940692692468276e-10	 3.37243673319356195248e-11	 2.17987345102830841979e-11	 2.17957108604740346742e-11	 2.17987575839102725461e-11	 
 2.25999999999999978684e+00	 7.92662921942939303730e-12	 7.90507497816510281693e-12	 7.92722478650096267808e-12	 3.91682379810276861702e-10	 3.91830502727413348828e-10	 3.84289699325177041120e-10	 3.89340779581532411598e-10	 2.55837909829470268037e-10	 2.61347010494618386199e-10	 3.88617804803583576502e-10	 3.09599251860300093578e-11	 1.96536018819089425156e-11	 1.96508509047749014335e-11	 1.96536472730582944966e-11	 
 2.27999999999999980460e+00	 7.13880146490951721733e-12	 7.11914683848284667864e-12	 7.13978364109757627912e-12	 3.54182282615895236282e-10	 3.54257038156192103797e-10	 3.46747463320161762372e-10	 3.50089004275223665918e-10	 2.33763137860709833181e-10	 2.39035568781304668400e-10	 3.51510070584310624617e-10	 2.83597829517156326060e-11	 1.76916398608679292851e-11	 1.76891574596701507781e-11	 1.76916999589986036491e-11	 
 2.30000000000000026645e+00	 6.43270388229025056821e-12	 6.41470181782732259768e-12	 6.43381666170677886317e-12	 3.20482097513155842689e-10	 3.20501691212835903158e-10	 3.13074712103241669685e-10	 3.15021642621538154345e-10	 2.13591413614054339240e-10	 2.18617376135237387779e-10	 3.18165432330339176838e-10	 2.59762703334220090052e-11	 1.59350441380966341968e-11	 1.59327923646817657661e-11	 1.59351086158363041061e-11	 
 2.32000000000000028422e+00	 5.78300062750697143513e-12	 5.76635051351180451260e-12	 5.78381139400329656388e-12	 2.89569280649441534935e-10	 2.89549590010047071760e-10	 2.82179498397071570262e-10	 2.82915962339308633424e-10	 1.94706769287604425448e-10	 1.99468448707393349989e-10	 2.87606351916469663703e-10	 2.37380109473807106665e-11	 1.43212769949612382109e-11	 1.43192130588312436358e-11	 1.43213280543225288337e-11	 
 2.33999999999999985789e+00	 5.19057546681710821246e-12	 5.17508909668811241266e-12	 5.19088503509751476882e-12	 2.61390835764974160783e-10	 2.61349139660887357953e-10	 2.54039316124164231939e-10	 2.53754987633197652695e-10	 1.77192434821693620203e-10	 1.81682656509555013707e-10	 2.59763785311709104143e-10	 2.16555194351262580905e-11	 1.28514373181030162038e-11	 1.28495318920146543999e-11	 1.28514660937803184451e-11	 
 2.36000000000000031974e+00	 4.66285390092182281531e-12	 4.64852275019818007492e-12	 4.66284295519037622438e-12	 2.36139881776909745484e-10	 2.36102203543994763908e-10	 2.28904489983241010369e-10	 2.27825748881433945732e-10	 1.61302857975786365246e-10	 1.65529037249553904966e-10	 2.34803126389134415293e-10	 1.97583595972078304405e-11	 1.15423494330421936905e-11	 1.15405928159966416998e-11	 1.15423609528626061818e-11	 
 2.38000000000000033751e+00	 4.17888865390275304536e-12	 4.16577588603897376040e-12	 4.17877787205373540885e-12	 2.12965454698848104705e-10	 2.12990323928121454683e-10	 2.05878355310435330677e-10	 2.04134991457377566912e-10	 1.46502451449990994379e-10	 1.50468201175505793124e-10	 2.11905220122953730579e-10	 1.79815725857526334297e-11	 1.03418393460748069757e-11	 1.03402235721023319729e-11	 1.03418361246515138879e-11	 
 2.39999999999999991118e+00	 3.73919956758579257771e-12	 3.72730340230653136700e-12	 3.73911948773276170988e-12	 1.91857228258286241163e-10	 1.91969729097008668558e-10	 1.84945043038122460127e-10	 1.82672197224521733188e-10	 1.32845692496306538605e-10	 1.36557035802912237483e-10	 1.91048422234647858210e-10	 1.63348402716127891497e-11	 9.25129353888365614669e-12	 9.24981019183317054397e-12	 9.25127847180079099659e-12	 
 2.41999999999999948486e+00	 3.34954615029256000891e-12	 3.33875904303000335098e-12	 3.34948870472560585196e-12	 1.73024681905231457429e-10	 1.73193443780255227211e-10	 1.66304084761518100130e-10	 1.63671623608428074327e-10	 1.20533369446568649108e-10	 1.23998745048186867838e-10	 1.72418564357450316466e-10	 1.48462436039174777181e-11	 8.28521800606371711985e-12	 8.28385732046980550135e-12	 8.28519531504247814655e-12	 
 2.44000000000000039080e+00	 2.99272383667429238775e-12	 2.98300735487798051666e-12	 2.99269981041682706687e-12	 1.55796197995050729745e-10	 1.55984490809736880263e-10	 1.49196746424523056800e-10	 1.46344579921799601436e-10	 1.09111320057935753936e-10	 1.12329580745508112100e-10	 1.55356191698057536780e-10	 1.34606485802892626271e-11	 7.40086176731147964296e-12	 7.39961741757888577932e-12	 7.40083677111602912439e-12	 
 2.45999999999999996447e+00	 2.66931817095471798257e-12	 2.66060411048546638659e-12	 2.66933361673776538918e-12	 1.40147152967856207258e-10	 1.40332594581362884233e-10	 1.33644449691160137206e-10	 1.30682155227059854889e-10	 9.86160783051939630040e-11	 1.01592525177649429947e-10	 1.39843001106339857145e-10	 1.21837904726957559255e-11	 6.59958439316855458107e-12	 6.59844888224755596913e-12	 6.59956010509305994181e-12	 
 2.47999999999999953815e+00	 2.38433880088156696057e-12	 2.37649473341410543042e-12	 2.38439673536109344969e-12	 1.26218186873127268754e-10	 1.26401258967262266544e-10	 1.19866202504613894452e-10	 1.16870052039967438537e-10	 8.92101345767671605868e-11	 9.19604581366594179422e-11	 1.26027506807235993651e-10	 1.10368210858108814788e-11	 5.89367345339574952524e-12	 5.89263627831711067148e-12	 5.89364895316357874227e-12	 
 2.50000000000000044409e+00	 2.12407258870273771049e-12	 2.11696823715030799043e-12	 2.12421063736664444728e-12	 1.13464281910439828691e-10	 1.13647077419114492188e-10	 1.07246248519183423968e-10	 1.04288184667754481759e-10	 8.05221653627563090019e-11	 8.30525989132190807919e-11	 1.13382793546810332393e-10	 9.97408087972784605659e-12	 5.24897043011716448386e-12	 5.24802169288198547927e-12	 5.24894282873643547497e-12	 
 2.52000000000000001776e+00	 1.88888232631592364423e-12	 1.88241522984846305971e-12	 1.88910925258895635589e-12	 1.01881036082899490026e-10	 1.02063253967618514458e-10	 9.58001451938138404692e-11	 9.29332771278860331183e-11	 7.25709888098427675654e-11	 7.48918435898959279793e-11	 1.01898607624496012722e-10	 8.99894871763717430030e-12	 4.66643086882622646625e-12	 4.66556225346919372203e-12	 4.66639915307142410547e-12	 
 2.54000000000000003553e+00	 1.68268868608400030124e-12	 1.67679162494063272246e-12	 1.68295336887188164931e-12	 9.16098745534732807979e-11	 9.17851754895299201056e-11	 8.57045406471583706729e-11	 8.29616184830819503942e-11	 6.54777024259719280975e-11	 6.76074798940290570912e-11	 9.17039059039541689174e-11	 8.12765451692332549208e-12	 4.15588184308609255442e-12	 4.15508703968649092089e-12	 4.15584873004420268774e-12	 
 2.56000000000000049738e+00	 1.49471559296315170979e-12	 1.48930217121896082155e-12	 1.49492180119326325095e-12	 8.22267460634955394672e-11	 8.23799872338305075186e-11	 7.64607414483184323166e-11	 7.39014907517189079736e-11	 5.89368569801437560203e-11	 6.08895079530243318044e-11	 8.23874518831319570344e-11	 7.32253234818337894112e-12	 3.69045395576152233622e-12	 3.68972786894059450198e-12	 3.69042389652829123327e-12	 
 2.58000000000000007105e+00	 1.32522273504822358490e-12	 1.32023085761733178332e-12	 1.32532424552431077195e-12	 7.37218971271205040423e-11	 7.38461829769720890349e-11	 6.80874527883793505818e-11	 6.57435780691905123991e-11	 5.29634408353783269908e-11	 5.47523248777156503903e-11	 7.39383064110133122456e-11	 6.58591601414040416009e-12	 3.27084058180148991498e-12	 3.27017831286468400115e-12	 3.27081630614123552345e-12	 
 2.60000000000000008882e+00	 1.17735202289258632344e-12	 1.17275836227958484844e-12	 1.17740132940340467891e-12	 6.61990722514301248502e-11	 6.63034835901545354462e-11	 6.07431982958251577903e-11	 5.86004940181476422122e-11	 4.76613619864057950663e-11	 4.92998861913057300558e-11	 6.64563909195910133177e-11	 5.93115316097060891691e-12	 2.90493875763012886829e-12	 2.90433538609523596572e-12	 2.90492059306512418457e-12	 
 2.62000000000000055067e+00	 1.04267276220801838892e-12	 1.03845539613339751069e-12	 1.04277314506706642130e-12	 5.93234233591706109554e-11	 5.94237499283739718430e-11	 5.40402116761202434428e-11	 5.21110425307830990652e-11	 4.27867208688715510852e-11	 4.42823806065519155967e-11	 5.96183332530869046939e-11	 5.32765042987315935401e-12	 2.57181082081218105021e-12	 2.57126454296955114309e-12	 2.57180473662924166659e-12	 
 2.64000000000000012434e+00	 9.21417811385565243592e-13	 9.17555361080881114323e-13	 9.21624259245832798807e-13	 5.30916292343376028847e-11	 5.31971740410864341131e-11	 4.79866999934155472973e-11	 4.62706458245249262633e-11	 3.83473263016650497709e-11	 3.97089804547434629359e-11	 5.34185655959936223256e-11	 4.77695227867472912840e-12	 2.27200811072244081507e-12	 2.27151587153476152825e-12	 2.27201652579037295303e-12	 
 2.66000000000000014211e+00	 8.16205336574848817596e-13	 8.12676870036531552418e-13	 8.16481748012905950045e-13	 4.75965643787004447744e-11	 4.77054336961880737889e-11	 4.27012824301963015202e-11	 4.11744727232333630461e-11	 3.44237774767122052190e-11	 3.56639369094351555106e-11	 4.79447404518360430782e-11	 4.28995056235472138987e-12	 2.01198460748749542596e-12	 2.01154030366816867708e-12	 2.01200298711975179473e-12	 
 2.67999999999999971578e+00	 7.20566686089351643501e-13	 7.17377865178254007203e-13	 7.20902254897309764873e-13	 4.25751922179121697678e-11	 4.26934844789822988050e-11	 3.78842378782177589620e-11	 3.65495076483247630541e-11	 3.08219300830966314031e-11	 3.19471835503394231650e-11	 4.29464135339270181726e-11	 3.84235898167464113950e-12	 1.77571724129101746869e-12	 1.77531601795278093171e-12	 1.77574291571383652336e-12	 
 2.70000000000000017764e+00	 6.34643908297418674078e-13	 6.31785360084589925168e-13	 6.35025762504841761830e-13	 3.80266253131016204369e-11	 3.81565231256397943691e-11	 3.35411357562892474289e-11	 3.23913580823503918723e-11	 2.75471130516074190122e-11	 2.85651594221131601606e-11	 3.84184748597351257360e-11	 3.43500989102701155384e-12	 1.56353232612799569928e-12	 1.56316980077823880171e-12	 1.56356293065191462074e-12	 
 2.72000000000000019540e+00	 5.60488860215131780703e-13	 5.57914776991314764779e-13	 5.60898580886468107682e-13	 3.40316795174180661137e-11	 3.41669952818500456418e-11	 2.97682017514694687090e-11	 2.87741456083468340071e-11	 2.46658705610159031932e-11	 2.55877250959596403991e-11	 3.44310440723123094475e-11	 3.07637465503765070099e-12	 1.38045921432698802945e-12	 1.38013119252061248734e-12	 1.38049246891396908742e-12	 
 2.73999999999999976907e+00	 4.93211924526317603332e-13	 4.90863995954463468078e-13	 4.93648247041847862516e-13	 3.03962607109509047574e-11	 3.05294499497133408259e-11	 2.63400629714193399543e-11	 2.54898121806337297026e-11	 2.20257295381202798705e-11	 2.28569504518497613572e-11	 3.07881819782052595549e-11	 2.74695615071679081427e-12	 1.21432493883552332953e-12	 1.21402691923928325583e-12	 1.21435786159870762499e-12	 
 2.76000000000000023093e+00	 4.32890150435625169942e-13	 4.30727012912554982922e-13	 4.33346067350013442511e-13	 2.71130954479444067547e-11	 2.72394671577095289140e-11	 2.32577045650725623535e-11	 2.25367839859852423682e-11	 1.96296109931888326447e-11	 2.03767256391024674141e-11	 2.74877897526866816237e-11	 2.44747549138815338976e-12	 1.06535527481062563710e-12	 1.06508366729146493842e-12	 1.06538587385521051593e-12	 
 2.77999999999999980460e+00	 3.81112905663367124693e-13	 3.79123661273349411655e-13	 3.81560046180278921515e-13	 2.42341026795009714646e-11	 2.43550411003946788699e-11	 2.05938842165785185182e-11	 1.99782915893561252317e-11	 1.75307257415259291639e-11	 1.82037028400324309079e-11	 2.45916524417635864720e-11	 2.18526445174085174737e-12	 9.37556290112257753862e-13	 9.37308844048143994493e-13	 9.37584128622492178422e-13	 
 2.79999999999999982236e+00	 3.34225252541252539657e-13	 3.32382892128074208667e-13	 3.34578917076015253732e-13	 2.16066274000511318246e-11	 2.17297504598320967953e-11	 1.81922115575949391073e-11	 1.76595789962253191905e-11	 1.56098954941633225038e-11	 1.62164466844251912813e-11	 2.19520092817535773690e-11	 1.94526591206867772960e-12	 8.21817426407515418390e-13	 8.21591283007501790481e-13	 8.21839029149532966143e-13	 
 2.82000000000000028422e+00	 2.92262714769182561447e-13	 2.90549148317476186083e-13	 2.92477893142823709859e-13	 1.92291279565800797058e-11	 1.93583969756964742211e-11	 1.60452073204795877226e-11	 1.55779434367339323287e-11	 1.38689224451855774414e-11	 1.44159616453603072311e-11	 1.95649109575218839275e-11	 1.72774049605020747882e-12	 7.18246949493609409872e-13	 7.18039839818367885526e-13	 7.18260628558507840114e-13	 
 2.83999999999999985789e+00	 2.56442987471493241475e-13	 2.54859335856776589946e-13	 2.56564778717633560942e-13	 1.71529313043285061313e-11	 1.72840090963377174787e-11	 1.41933494186210936838e-11	 1.37802974709071130702e-11	 1.23510891260586933725e-11	 1.28450248985118812070e-11	 1.74760207826325588173e-11	 1.53817201281755319180e-12	 6.29908777535517885374e-13	 6.29719329047927861526e-13	 6.29916935042480080018e-13	 
 2.85999999999999987566e+00	 2.24034994943466512925e-13	 2.22590731961524800655e-13	 2.24112602692631956171e-13	 1.52646951835865752237e-11	 1.53938433128774088901e-11	 1.25286404446182705185e-11	 1.21487046503470539474e-11	 1.09640539486202411053e-11	 1.14092060559607359459e-11	 1.55743645055751941601e-11	 1.36490915441602103339e-12	 5.50043585216635064701e-13	 5.49869469380174862144e-13	 5.50048383152393975689e-13	 
 2.87999999999999989342e+00	 1.95065769409753230263e-13	 1.93763155913972697913e-13	 1.95132329883938638248e-13	 1.35606227170951869998e-11	 1.36851762621881693870e-11	 1.10433329005412681551e-11	 1.06825336371083394727e-11	 9.70873210540981085663e-12	 1.01093256964534530688e-11	 1.38561588636555308754e-11	 1.20810039493145210985e-12	 4.78702395617096123138e-13	 4.78541908249741430871e-13	 4.78705401740282245492e-13	 
 2.90000000000000035527e+00	 1.70505873896391938322e-13	 1.69328087788874252785e-13	 1.70558308892314304305e-13	 1.20763259323346522647e-11	 1.21957206134265537709e-11	 9.76406395929672385624e-12	 9.42185924227632419229e-12	 8.61980714618079742637e-12	 8.98080089209790117516e-12	 1.23567219094338375339e-11	 1.07218399713448567613e-12	 4.18247492234120469134e-13	 4.18100270642947810276e-13	 4.18249061825361381869e-13	 
 2.91999999999999992895e+00	 1.48401456833825895184e-13	 1.47322868914504269395e-13	 1.48417278636891494648e-13	 1.07260919748029564489e-11	 1.08412660762535708782e-11	 8.61778116807910374182e-12	 8.27308323860559875720e-12	 7.62665772971590615184e-12	 7.95116407508860015997e-12	 1.09922647482305663307e-11	 9.48430494917394294440e-13	 3.63795869228704993710e-13	 3.63662241600134636668e-13	 3.63795851074286938879e-13	 
 2.93999999999999994671e+00	 1.28728164675011767454e-13	 1.27730857477030467895e-13	 1.28696193066140440340e-13	 9.50738502647421507915e-12	 9.61876677612102478676e-12	 7.59710505600952298682e-12	 7.23813399238903713292e-12	 6.72943697296515378863e-12	 7.02055548210207049178e-12	 9.75983487515510405133e-12	 8.36782295807951861061e-13	 3.15313541309729317513e-13	 3.15193376320987165049e-13	 3.15311960025785575362e-13	 
 2.96000000000000040856e+00	 1.12132454826354212231e-13	 1.11216478616106761318e-13	 1.12072854872825707185e-13	 8.44981911665431341432e-12	 8.55630223321008532027e-12	 6.71827515717080283304e-12	 6.35458067101746195418e-12	 5.95520692273443900727e-12	 6.21678185951763135754e-12	 8.68768518285614317567e-12	 7.40453535449877242805e-13	 2.74465111122230671414e-13	 2.74356986531914119843e-13	 2.74462562690349373545e-13	 
 2.97999999999999998224e+00	 9.71724487661498319617e-14	 9.63442629900682968321e-14	 9.71214712311340118077e-14	 7.49132272708396360447e-12	 7.59123117846580803537e-12	 5.93319978820185717687e-12	 5.54774698738046668807e-12	 5.25041010486884778831e-12	 5.48469779202175432374e-12	 7.71315122047960093838e-12	 6.52870047141004352371e-13	 2.37681805900989139825e-13	 2.37584742000155551166e-13	 2.37678993446616038818e-13	 
 3.00000000000000000000e+00	 8.38465556094190424362e-14	 8.31080789556194655534e-14	 8.38268287897013869878e-14	 6.62858203650875083800e-12	 6.72090581632034930132e-12	 5.23534419476281276860e-12	 4.82023756797857660840e-12	 4.61480580556992021695e-12	 4.82409275666202285502e-12	 6.83367078932011678118e-12	 5.73959361219345935312e-13	 2.04950136178441221172e-13	 2.04863191442532600409e-13	 2.04947538118286147647e-13	 
 3.02000000000000046185e+00	 7.26954634680532489640e-14	 7.20356271802493399382e-14	 7.26950238822725396159e-14	 5.88146476893090293482e-12	 5.96676214859677769722e-12	 4.63354504864209310889e-12	 4.20509597044418849755e-12	 4.06933604859570000530e-12	 4.25664306603712009970e-12	 6.07098366809972289126e-12	 5.06237933721687148944e-13	 1.77582661123245272424e-13	 1.77504750887323283673e-13	 1.77580224775903009537e-13	 
 3.04000000000000003553e+00	 6.26972712830362808960e-14	 6.21067757439824504821e-14	 6.27013783624119437512e-14	 5.20180869313139116036e-12	 5.28105500427197433197e-12	 4.09369436856296589640e-12	 3.64240195812590106224e-12	 3.57318108143215779833e-12	 3.74018621342987810918e-12	 5.37820339447513809417e-12	 4.44857207540258359655e-13	 1.53041534114432148941e-13	 1.52971799032693111068e-13	 1.53039000000857952991e-13	 
 3.06000000000000005329e+00	 5.38329351689476117675e-14	 5.33037894249293204626e-14	 5.38316570681759730369e-14	 4.58827783233198260816e-12	 4.66220711984925874952e-12	 3.61187271065543407384e-12	 3.13491645696849674294e-12	 3.12617257676224778013e-12	 3.27458428485352248681e-12	 4.75332240432077950229e-12	 3.89700335786766616606e-13	 1.31285333446565211993e-13	 1.31222993358424624864e-13	 1.31282552461952570862e-13	 
 3.08000000000000007105e+00	 4.64659907629379505190e-14	 4.59916972743119266912e-14	 4.64615959766274411558e-14	 4.05941481435788513530e-12	 4.12826439508195499287e-12	 3.19607313405611705108e-12	 2.71146897265982422853e-12	 2.74509271608823267575e-12	 2.87722469714251590257e-12	 4.21333297448660991043e-12	 3.42590029020345538998e-13	 1.13225865355137045268e-13	 1.13170148988847870722e-13	 1.13223005043518115578e-13	 
 3.10000000000000008882e+00	 3.98761458093660217634e-14	 3.94480263325227823502e-14	 3.98691936151890984811e-14	 3.57800473666074348910e-12	 3.64364196565205082135e-12	 2.81723407834155727172e-12	 2.32458320702050925857e-12	 2.39934107443016380586e-12	 2.51581583521576587875e-12	 3.72310649103712433208e-12	 2.99834291040890951503e-13	 9.70686826128214009943e-14	 9.70191829403814915118e-14	 9.70658128899023055867e-14	 
 3.12000000000000010658e+00	 3.40467637254951857334e-14	 3.36581355336572079654e-14	 3.40378435562647273128e-14	 3.14332176345171591227e-12	 3.20693107923737058078e-12	 2.47484810483017317409e-12	 1.97650018556074494470e-12	 2.08858773675798223175e-12	 2.19031728666169601985e-12	 3.28113410104595909937e-12	 2.61385209305532803850e-13	 8.27775669947232442658e-14	 8.27338402964699524819e-14	 8.27747505976197922456e-14	 
 3.13999999999999968026e+00	 2.92403447551055453427e-14	 2.88890665363427127590e-14	 2.92301921824966869677e-14	 2.77085841765666823469e-12	 2.83173843002170415170e-12	 2.18088569198847299073e-12	 1.69105098603607198195e-12	 1.82557352177781554613e-12	 1.91473289744887029974e-12	 2.90072956851918334175e-12	 2.28784785067969039286e-13	 7.10143964801457269012e-14	 7.09757196342732847577e-14	 7.10117128773681070089e-14	 
 3.16000000000000014211e+00	 2.49544184071778517063e-14	 2.46399723270199200497e-14	 2.49410865533449191309e-14	 2.43333880364821054414e-12	 2.49152642132152371959e-12	 1.90681526841067100708e-12	 1.43271155109394206588e-12	 1.58792702744829222572e-12	 1.66482906533949773449e-12	 2.55532153336544690138e-12	 1.99397155813408516880e-13	 6.05351675749665901116e-14	 6.05012337101861977114e-14	 6.05328604981312527897e-14	 
 3.18000000000000015987e+00	 2.11744672446310521320e-14	 2.08956493957215864092e-14	 2.11569894687938308522e-14	 2.12974646655062456374e-12	 2.18521986040330654135e-12	 1.65487343256525509705e-12	 1.20242816752732275832e-12	 1.37512888877708263518e-12	 1.44041686423299148927e-12	 2.24391178002946460912e-12	 1.73120987235515070712e-13	 5.13030028841202286788e-14	 5.12734621654429575605e-14	 5.13012221358463292455e-14	 
 3.19999999999999973355e+00	 1.80844960975966928736e-14	 1.78373614479631892830e-14	 1.80656122537553045986e-14	 1.87094117307631229602e-12	 1.92337549775303864432e-12	 1.44214046482067521827e-12	 1.01703280916789754737e-12	 1.19629895785625253902e-12	 1.25208118614596645816e-12	 1.97732309121469007811e-12	 1.50960187058159236353e-13	 4.37689351320131352682e-14	 4.37431376131392119271e-14	 4.37675707181300158972e-14	 
 3.22000000000000019540e+00	 1.53357139604805103088e-14	 1.51207033965236121953e-14	 1.53255229896695391147e-14	 1.63688465265023785845e-12	 1.68652030707186527242e-12	 1.24113646930806790328e-12	 8.52017320611522920316e-13	 1.03505305205224525860e-12	 1.08209842588457222826e-12	 1.73673052615999349304e-12	 1.30969945515885244499e-13	 3.70787524474546176373e-14	 3.70564384689879302914e-14	 3.70781669627326269127e-14	 
 3.24000000000000021316e+00	 1.29174972042337449643e-14	 1.27338910268394395681e-14	 1.29222565716734967164e-14	 1.42673677758193906046e-12	 1.47372404435590476696e-12	 1.05489985398619204826e-12	 7.07150018886075736028e-13	 8.90972654134622512226e-13	 9.30124928675507071279e-13	 1.52091304440344983243e-12	 1.13091145473566873675e-13	 3.12033777748825234381e-14	 3.11842582638184270968e-14	 3.12037653859696412415e-14	 
 3.25999999999999978684e+00	 1.09608880346311649945e-14	 1.08030914322551773400e-14	 1.09746615606243104846e-14	 1.24861403834071739116e-12	 1.29275024629643013698e-12	 9.02299324932936186911e-13	 5.92263981202462983130e-13	 7.70913260248539438239e-13	 8.03729069164853005693e-13	 1.33681657238570980503e-12	 9.81292761963821876662e-14	 2.64551608330346788591e-14	 2.64386875343121568102e-14	 2.64561299197620742675e-14	 
 3.28000000000000024869e+00	 9.22934604312082830740e-15	 9.09417406392034847480e-15	 9.24947667930621061776e-15	 1.08776646579754450204e-12	 1.12942776262096212450e-12	 7.60880144308815198805e-13	 4.90989696084804960863e-13	 6.63224302217240702167e-13	 6.90103015355414125812e-13	 1.17069299344946731439e-12	 8.46859185648052038083e-14	 2.22551144140995827691e-14	 2.22409671909985396365e-14	 2.22563765062157604868e-14	 
 3.29999999999999982236e+00	 7.71367006098780823252e-15	 7.59820304000339736180e-15	 7.73783023118937318963e-15	 9.43566710795172788403e-13	 9.83002075800685324939e-13	 6.32194496913170998649e-13	 4.02913083753874359417e-13	 5.67461216259651378890e-13	 5.88908635308677774954e-13	 1.02169630874714625540e-12	 7.27065562042498857277e-14	 1.85808422734974901512e-14	 1.85687274946235204222e-14	 1.85821755765647735974e-14	 
 3.31999999999999984013e+00	 6.50031209958974946249e-15	 6.40110180729248135535e-15	 6.52600733290139589903e-15	 8.22201359490754644705e-13	 8.59189022120434583243e-13	 5.30060607389961726692e-13	 3.34139085105838612461e-13	 4.88318726097609960823e-13	 5.05593602048397098383e-13	 8.95193278998928756639e-13	 6.27603215055077238042e-14	 1.56434882313712722130e-14	 1.56330576830395414962e-14	 1.56448114863306135286e-14	 
 3.34000000000000030198e+00	 5.43136195094702003267e-15	 5.34537478566050086033e-15	 5.45508378290096931529e-15	 7.13733833402738674501e-13	 7.48296496385384757036e-13	 4.38621392149495785500e-13	 2.74098681498911651184e-13	 4.17554257140267024526e-13	 4.31279691359134788532e-13	 7.80924535115566321458e-13	 5.38516517231880438960e-14	 1.30550907828906722753e-14	 1.30460452493226374056e-14	 1.30561701350847955298e-14	 
 3.36000000000000031974e+00	 4.49991342412695221572e-15	 4.42469426441412694967e-15	 4.51926597746625578906e-15	 6.17352011920721984281e-13	 6.49517423944054138476e-13	 3.57958322880746876314e-13	 2.22381276276909367937e-13	 3.54823846233690714095e-13	 3.65571239675554464901e-13	 6.78368454046442833490e-13	 4.59378343953674518435e-14	 1.07996537819291510460e-14	 1.07917490850734149972e-14	 1.08003393746744686655e-14	 
 3.37999999999999989342e+00	 3.76303850070732422260e-15	 3.69727053793555192413e-15	 3.77908708083227603674e-15	 5.36506791992492391803e-13	 5.66259093279599525334e-13	 2.95455121731908554611e-13	 1.82604896149819833510e-13	 3.03491399961551805701e-13	 3.11978949089237541614e-13	 5.91873846475609675298e-13	 3.94314876485927077807e-14	 9.01914205022979250581e-15	 9.01223823960070721414e-15	 9.01957153747334682463e-15	 
 3.39999999999999991118e+00	 3.11609330702969326842e-15	 3.05907037058290091937e-15	 3.12951645037199314508e-15	 4.63943406976439755479e-13	 4.91202719339899048958e-13	 2.40535003610816387486e-13	 1.47939784248980669897e-13	 2.58292151288605154212e-13	 2.64746269019299265486e-13	 5.14217595309076650919e-13	 3.37626209647929305001e-14	 7.45778006733864309198e-15	 7.45184651411077431750e-15	 7.45805940957425615909e-15	 
 3.42000000000000037303e+00	 2.55449531363213022851e-15	 2.50549539441460824117e-15	 2.56585341363509338542e-15	 3.99234400945100925772e-13	 4.23982895989623649769e-13	 1.92963632758192285465e-13	 1.18160815904994871383e-13	 2.18767016985033742457e-13	 2.23429920481303074342e-13	 4.44894886998799715167e-13	 2.88472197983614099110e-14	 6.10418733774366373296e-15	 6.09917478527796223118e-15	 6.10439758349540006767e-15	 
 3.43999999999999994671e+00	 2.11657587260091633718e-15	 2.07434443486197388392e-15	 2.12620504016633644651e-15	 3.45350817288306886506e-13	 3.67780619074957507555e-13	 1.56934333668810149226e-13	 9.57471978800824851366e-14	 1.86513414191683187077e-13	 1.89891956895717618347e-13	 3.86734921843911734235e-13	 2.47820901555092502587e-14	 5.05087386887697688927e-15	 5.04661272778843365636e-15	 5.05103216311055582072e-15	 
 3.45999999999999996447e+00	 1.73426925170507473956e-15	 1.69784974278804508070e-15	 1.74164729046166063526e-15	 2.97170974131382901907e-13	 3.17436261199550273627e-13	 1.25547036132581652297e-13	 7.65232352354414345890e-14	 1.57193676252436983306e-13	 1.59671362658996436766e-13	 3.34447122726670145029e-13	 2.09673673174807398081e-14	 4.13158388804730347779e-15	 4.12798680323284589816e-15	 4.13167369857854884035e-15	 
 3.48000000000000042633e+00	 1.40439019396252020593e-15	 1.37296341026558807498e-15	 1.40925025356479195298e-15	 2.54360047923561301906e-13	 2.72609138985582850169e-13	 9.86199639265089423359e-14	 6.02740378836444651294e-14	 1.30854245196515858499e-13	 1.32736489550539152061e-13	 2.87726932147197152340e-13	 1.74471123209238350040e-14	 3.33877885752231884686e-15	 3.33576437814848270686e-15	 3.33879235273851676449e-15	 
 3.50000000000000000000e+00	 1.15137915220834563972e-15	 1.12424931640262920349e-15	 1.15457716603611321954e-15	 2.18962208241087014247e-13	 2.35377398891159306141e-13	 7.87986073713076339812e-14	 4.82665685257076847146e-14	 1.09900605497613221327e-13	 1.11343977112245294361e-13	 2.48830022766213018658e-13	 1.46511090774204927951e-14	 2.73239416978792840391e-15	 2.72985166549490615806e-15	 2.73236449604809999411e-15	 
 3.52000000000000001776e+00	 9.31777907509011462497e-16	 9.08225301088601451463e-16	 9.33183087379023393734e-16	 1.87229489264854392624e-13	 2.01947605499427393371e-13	 6.18077036111264987347e-14	 3.80288226827980080311e-14	 9.14687918883192358933e-14	 9.25299521492469994496e-14	 2.13811492005965337094e-13	 1.22150806382111927819e-14	 2.20606149866491674007e-15	 2.20393570568194309454e-15	 2.20600482608622781297e-15	 
 3.54000000000000047962e+00	 7.43506209984063055456e-16	 7.22946875041156169054e-16	 7.43129722562084791492e-16	 1.58981011989907265286e-13	 1.72131713241415653579e-13	 4.74799775172671910921e-14	 2.94347053239537257512e-14	 7.54026027139356263558e-14	 7.61372857454870930860e-14	 1.82498464134690922527e-13	 1.01099132400715911404e-14	 1.75496103094048493667e-15	 1.75320029553791667503e-15	 1.75489069547459339102e-15	 
 3.56000000000000005329e+00	 6.01916047952963190823e-16	 5.84078652161227789259e-16	 6.00629790794645521665e-16	 1.35875123319254379658e-13	 1.47618348350037955811e-13	 3.72407554216333338846e-14	 2.32305259965074027144e-14	 6.27770940281303171412e-14	 6.32886238887563838556e-14	 1.56705785278988109511e-13	 8.44636604727880453195e-15	 1.41712983056852559130e-15	 1.41566058139557945445e-15	 1.41705642094358615944e-15	 
 3.58000000000000007105e+00	 4.79098484065070958609e-16	 4.64138901803865932166e-16	 4.78337013877725005304e-16	 1.15096210181725403542e-13	 1.25552315011433887452e-13	 2.85582957967344292209e-14	 1.79791670109043402604e-14	 5.16318064781753076986e-14	 5.19940159633379961760e-14	 1.33445344038255949232e-13	 6.98100443384210801953e-15	 1.12556492422971538135e-15	 1.12435503437273360138e-15	 1.12551311592519702604e-15	 
 3.60000000000000053291e+00	 3.74020135996962891994e-16	 3.61964933982338486847e-16	 3.74764759990921720169e-16	 9.65622556646952071671e-14	 1.05842206230017047772e-13	 2.13294223833518563358e-14	 1.36092012377587910633e-14	 4.18949568965592278044e-14	 4.21662899396680480282e-14	 1.12631233562288549364e-13	 5.70244136121059558609e-15	 8.77381917273332967410e-16	 8.76400474175973860074e-16	 8.77368036705415568052e-16	 
 3.62000000000000010658e+00	 2.97298353543172720231e-16	 2.87459244948460491456e-16	 2.98749937793610808846e-16	 8.16478447774241208523e-14	 8.98774050122517779315e-14	 1.63523349149272018562e-14	 1.05468816308634173468e-14	 3.44059033497924248768e-14	 3.46124480824360069642e-14	 9.57454456995569301446e-14	 4.71023553313144076401e-15	 6.96515536629221057397e-16	 6.95711235220143264375e-16	 6.96521397563948585915e-16	 
 3.63999999999999968026e+00	 2.31774597022393461526e-16	 2.23787825106239971498e-16	 2.33010757696931902394e-16	 6.82250032849575114256e-14	 7.54754406127246714207e-14	 1.21831497191090376412e-14	 7.99087241462554111628e-15	 2.78239552448551196577e-14	 2.79850347034154871057e-14	 8.05108224035699609883e-14	 3.84141353210191159036e-15	 5.42017549277582114605e-16	 5.41372407999282609368e-16	 5.42030143355201275327e-16	 
 3.65999999999999969802e+00	 1.76652745093206967649e-16	 1.70200540797761337934e-16	 1.77026939105690453181e-16	 5.62591262562262292826e-14	 6.26016355366863157630e-14	 8.76383613401710291804e-15	 5.89769030644366095133e-15	 2.21058096223102961497e-14	 2.22367716163832738475e-14	 6.68888475621971277843e-14	 3.08835378371151511649e-15	 4.12051422689258183930e-16	 4.11547254594335480846e-16	 4.12061036573729134229e-16	 
 3.68000000000000015987e+00	 1.37668823192634435804e-16	 1.32405399184730428668e-16	 1.37612750659364511032e-16	 4.68528615293525388264e-14	 5.24012100078724273094e-14	 6.52320079404256645083e-15	 4.47879367392552458885e-15	 1.78304959549216421148e-14	 1.79382956191334848317e-14	 5.60707986239097707118e-14	 2.51638840623062670432e-15	 3.20438418097363515720e-16	 3.20037348029367875582e-16	 3.20445907567183593258e-16	 
 3.70000000000000017764e+00	 1.04911224143351502262e-16	 1.00504737871348090281e-16	 1.04588425374504234959e-16	 3.84256894740623069868e-14	 4.32181893016294762310e-14	 4.68365197610153058948e-15	 3.30814109525232894440e-15	 1.40992956810424309232e-14	 1.41960636057630019657e-14	 4.63040498957288754531e-14	 2.02189996551128361473e-15	 2.43154645959255175031e-16	 2.42831934080674704860e-16	 2.43155524906653899805e-16	 
 3.71999999999999975131e+00	 7.78521791331952121714e-17	 7.40463730161710075935e-17	 7.73982618397362316544e-17	 3.09565149038936416163e-14	 3.50381848425864098860e-14	 3.21167451801932641924e-15	 2.36309789574701584299e-15	 1.08855903411534883757e-14	 1.09799950581198212658e-14	 3.75807953747756846909e-14	 1.59895820369358932671e-15	 1.79092945778319410666e-16	 1.78828550333349942395e-16	 1.79084456548570397012e-16	 
 3.74000000000000021316e+00	 5.93791781396385743728e-17	 5.61520892066400890849e-17	 5.88981340225344046875e-17	 2.52660583372555139622e-14	 2.87533704259749267477e-14	 2.30544978215755238552e-15	 1.74940521202869429911e-15	 8.57291667836236133002e-15	 8.65993197954206064929e-15	 3.08689156835830550222e-14	 1.28467541455827126104e-15	 1.35782337856192745104e-16	 1.35566103084511653432e-16	 1.35770446795782172498e-16	 
 3.76000000000000023093e+00	 4.39665410626610315255e-17	 4.12999205333273272263e-17	 4.34345122722363681166e-17	 2.01917757810064027882e-14	 2.31381148667420927282e-14	 1.58781110265990078208e-15	 1.25501674450310837192e-15	 6.57892934743949941139e-15	 6.65514192760594673405e-15	 2.48635661859855035530e-14	 1.01428781963237263326e-15	 9.98384656479632517539e-17	 9.96690395754706342189e-17	 9.98229249887388911220e-17	 
 3.77999999999999980460e+00	 3.13596187465970393240e-17	 2.92269551866426064171e-17	 3.07675010079788104442e-17	 1.57241037172334279016e-14	 1.81813657362944503632e-14	 1.03846071369873881875e-15	 8.67136491385606142225e-16	 4.88600439507336654217e-15	 4.94910555207642279498e-15	 1.95550929130339518226e-14	 7.84439323714961467015e-16	 7.06247622290185700899e-17	 7.04996051552042133571e-17	 7.06057838761582079113e-17	 
 3.80000000000000026645e+00	 2.31893912962268415906e-17	 2.14820184896116706190e-17	 2.26316038171744349446e-17	 1.24724300462563807056e-14	 1.45304533322217425941e-14	 7.20156319894160626064e-16	 6.25860270742684959868e-16	 3.72920762175737871021e-15	 3.78139213584476837388e-15	 1.56402953684048749307e-14	 6.18644249522198934937e-16	 5.18936782742377175371e-17	 5.17987141693471133464e-17	 5.18752978634936826766e-17	 
 3.82000000000000028422e+00	 1.65319580552713975966e-17	 1.52780071197138111866e-17	 1.60930093070809438678e-17	 9.65025562448986016694e-15	 1.13663068776483256381e-14	 4.78166648784775206932e-16	 4.35303120467600578855e-16	 2.77317430574480624863e-15	 2.81577455194964879065e-15	 1.22415630747184763578e-14	 4.77397779869615129299e-16	 3.68917329677054211958e-17	 3.68225194799402764098e-17	 3.68757165203540294158e-17	 
 3.83999999999999985789e+00	 1.12349378394516650417e-17	 1.04327454636597712581e-17	 1.09709288925980456947e-17	 7.22795699987814284147e-15	 8.64970905619387556712e-15	 3.02419897943496082589e-16	 2.89346533286641732259e-16	 1.99597037605347907039e-15	 2.03006301500267970771e-15	 9.31873794963979192299e-15	 3.58705763461686562758e-16	 2.51783312356737667896e-17	 2.51304682729239028517e-17	 2.51657780012299147769e-17	 
 3.86000000000000031974e+00	 7.92710288958463983887e-18	 7.32166787555528045913e-18	 7.74667617665192893165e-18	 5.44457667587690213996e-15	 6.58962136842935636917e-15	 2.03148525515499353573e-16	 1.99883079932675719593e-16	 1.45511010646173191674e-15	 1.48028825904954050161e-15	 7.10526062181231454535e-15	 2.76225965838643343946e-16	 1.76664087787815702906e-17	 1.76288740026048377998e-17	 1.76537965285761844759e-17	 
 3.87999999999999989342e+00	 5.43654619607248135707e-18	 4.94294330637939525789e-18	 5.24474205814746330954e-18	 3.99477325778771160623e-15	 4.89531984564912214887e-15	 1.30628653564595732711e-16	 1.31943807141839656065e-16	 1.02680091172198423009e-15	 1.04516455674454141287e-15	 5.27984204299309826425e-15	 2.06603778225538897192e-16	 1.19241927574230379771e-17	 1.18962330060028948200e-17	 1.19127588301606293570e-17	 
 3.89999999999999991118e+00	 3.63254915523127055186e-18	 3.19069497153756654008e-18	 3.36889083422879326141e-18	 2.83463441087699882361e-15	 3.52019937413502624753e-15	 8.08007756077738267095e-17	 8.25301851669038975400e-17	 6.95728200632792955066e-16	 7.09027548244185004148e-16	 3.79379076847282082579e-15	 1.48880989487138904541e-16	 7.69579660149091948432e-18	 7.67650011041786156105e-18	 7.68646191131512916363e-18	 
 3.91999999999999948486e+00	 2.42855720336364837909e-18	 2.14415944298454021288e-18	 2.25979824814026291214e-18	 2.03381396923183553500e-15	 2.55533444216273439199e-15	 5.35279722428790148241e-17	 5.49712707539892553704e-17	 4.83953825711269243280e-16	 4.94518777213915964263e-16	 2.74795957763641048271e-15	 1.12456714615258812309e-16	 5.17099589869095048694e-18	 5.15828106153077905789e-18	 5.16484699395355124561e-18	 
 3.93999999999999994671e+00	 1.54684567121358476033e-18	 1.37117093182014130176e-18	 1.44258479755746484589e-18	 1.40760071651253380145e-15	 1.79022798245775163836e-15	 3.37426522168804134531e-17	 3.48507790745487442381e-17	 3.22523720045510306157e-16	 3.31076135197998519319e-16	 1.92171961654816010190e-15	 8.25439484289272737518e-17	 3.30661778045069692239e-18	 3.29859266764175475925e-18	 3.30268816827221305211e-18	 
 3.95999999999999996447e+00	 9.34729729433041348556e-19	 8.29794070973628103922e-19	 8.72440428265413663434e-19	 9.31281331838977924208e-16	 1.19753644995799136036e-15	 2.03064893164994135386e-17	 2.10456222276717406771e-17	 2.04172065147235386091e-16	 2.11259795069454585641e-16	 1.28454091005448385927e-15	 5.84152433350061268660e-17	 2.00134519850068736066e-18	 1.99645711368545322422e-18	 1.99887209004822851374e-18	 
 3.97999999999999953815e+00	 5.99717685494144547711e-19	 5.30936246148053275765e-19	 5.58882683689040261661e-19	 6.37336234338915437491e-16	 8.20679760390520463183e-16	 1.33377745404752814448e-17	 1.38126403339589799560e-17	 1.36595251612990310561e-16	 1.41718190591777634492e-16	 8.81242060106944710986e-16	 4.17921919612420983581e-17	 1.28072416133575356796e-18	 1.27750553719583837845e-18	 1.27905359698308659338e-18	 
 4.00000000000000000000e+00	 3.58884108596256345496e-19	 3.15642280051725046784e-19	 3.33207133190970880954e-19	 4.18928376283136824067e-16	 5.40923547174385704210e-16	 8.37226955538826299678e-18	 8.65521918291003030513e-18	 8.72249833955682764589e-17	 9.08776147847574728937e-17	 5.81260261188540098096e-16	 2.84821818392270972561e-17	 7.61529223584653454977e-19	 7.59507231112102286647e-19	 7.60451457223233373634e-19	 
 4.01999999999999957367e+00	 1.97197660495901892419e-19	 1.70580751877834071828e-19	 1.81390424578795507956e-19	 2.64480693852693255566e-16	 3.43127697017867282256e-16	 5.09278585861297405362e-18	 5.24361953669055556882e-18	 5.31672612156471442967e-17	 5.57850658664373302508e-17	 3.68609399508067964362e-16	 1.80782257688786902145e-17	 4.11633692564856319388e-19	 4.10414303625300316232e-19	 4.10972242710947419802e-19	 
 4.04000000000000003553e+00	 1.10731965094236381141e-19	 9.26170458647364394393e-20	 9.99720694235523138093e-20	 1.80532742996393284644e-16	 2.34729851122808551556e-16	 3.39182205674049961128e-18	 3.46746861046344241708e-18	 3.37926955580880211632e-17	 3.63992781936932105132e-17	 2.52090637958173474281e-16	 1.19006768984597708447e-17	 2.23555131949431682308e-19	 2.22828774658338644027e-19	 2.23155369109878779420e-19	 
 4.06000000000000049738e+00	 4.53521944204612743868e-20	 3.64256476843230396692e-20	 4.00492917173275358472e-20	 8.92006990950959641067e-17	 1.16185328967468143948e-16	 1.64234036101405067227e-18	 1.66903706840321375608e-18	 1.57227742901992176335e-17	 1.73287016856424898139e-17	 1.24750634234626185569e-16	 5.71087977135986544070e-18	 8.79514517909271851022e-20	 8.76337635298838766957e-20	 8.77740002286814144268e-20	 
 4.08000000000000007105e+00	 0.00000000000000000000e+00	 0.00000000000000000000e+00	 0.00000000000000000000e+00	 0.00000000000000000000e+00	 0.00000000000000000000e+00	 0.00000000000000000000e+00	 0.00000000000000000000e+00	 0.00000000000000000000e+00	 0.00000000000000000000e+00	 0.00000000000000000000e+00	 0.00000000000000000000e+00	 0.00000000000000000000e+00	 0.00000000000000000000e+00	 0.00000000000000000000e+00	 
 4.09999999999999964473e+00	 4.43850311860316105207e-24	 3.56489298167379964981e-24	 3.91952644543394172779e-24	 8.72976164685144892447e-21	 1.13706524364324920928e-20	 1.60730279352548593426e-22	 1.63343040847908689292e-22	 1.53873749686497369060e-21	 1.69590259451802069115e-21	 1.22089090778996988202e-20	 5.58904662734497240091e-22	 8.60760280914013773740e-24	 8.57651158166616427636e-24	 8.59023615327120452730e-24	 
 4.12000000000000010658e+00	 0.00000000000000000000e+00	 0.00000000000000000000e+00	 0.00000000000000000000e+00	 0.00000000000000000000e+00	 0.00000000000000000000e+00	 0.00000000000000000000e+00	 0.00000000000000000000e+00	 0.00000000000000000000e+00	 0.00000000000000000000e+00	 0.00000000000000000000e+00	 0.00000000000000000000e+00	 0.00000000000000000000e+00	 0.00000000000000000000e+00	 0.00000000000000000000e+00	 
 4.14000000000000056843e+00	 3.71294054932758520195e-28	 2.98214667703911469809e-28	 3.27880528220078540717e-28	 7.30263446366696030260e-25	 9.51179593017949326026e-25	 1.34454487185058816420e-26	 1.36640160538527261853e-26	 1.28719101860595022875e-25	 1.41866177710510788067e-25	 1.02130157936689325172e-24	 4.67536503373115999664e-26	 7.20053413716893093912e-28	 7.17452549142227057630e-28	 7.18600647524634430689e-28	 
 4.16000000000000014211e+00	 0.00000000000000000000e+00	 0.00000000000000000000e+00	 0.00000000000000000000e+00	 0.00000000000000000000e+00	 0.00000000000000000000e+00	 0.00000000000000000000e+00	 0.00000000000000000000e+00	 0.00000000000000000000e+00	 0.00000000000000000000e+00	 0.00000000000000000000e+00	 0.00000000000000000000e+00	 0.00000000000000000000e+00	 0.00000000000000000000e+00	 0.00000000000000000000e+00	 
 4.17999999999999971578e+00	 2.65351336039183860699e-32	 2.13124474560665996317e-32	 2.34325456962054530002e-32	 5.21889473267667634474e-29	 6.79769166739570863430e-29	 9.60892274991651276629e-31	 9.76512690520210501170e-31	 9.19905612424231647150e-30	 1.01386150238543728145e-29	 7.29882491307211448796e-29	 3.34129728082793366258e-30	 5.14599109445061301002e-32	 5.12740366125585445765e-32	 5.13560871112100170076e-32	 
 4.20000000000000017764e+00	 0.00000000000000000000e+00	 0.00000000000000000000e+00	 0.00000000000000000000e+00	 0.00000000000000000000e+00	 0.00000000000000000000e+00	 0.00000000000000000000e+00	 0.00000000000000000000e+00	 0.00000000000000000000e+00	 0.00000000000000000000e+00	 0.00000000000000000000e+00	 0.00000000000000000000e+00	 0.00000000000000000000e+00	 0.00000000000000000000e+00	 0.00000000000000000000e+00	 
 4.21999999999999975131e+00	 1.61964776096887173278e-36	 1.30086919077881623951e-36	 1.43027422732961479167e-36	 3.18547112604296543018e-33	 4.14912540982626165467e-33	 5.86503016014300081291e-35	 5.96037469007184962289e-35	 5.61486932088497353246e-34	 6.18834519983845458705e-34	 4.45500350761644705481e-33	 2.03943961042404334058e-34	 3.14101003976931889966e-36	 3.12966470879004386157e-36	 3.13467288265638025433e-36	 
 4.24000000000000021316e+00	 0.00000000000000000000e+00	 0.00000000000000000000e+00	 0.00000000000000000000e+00	 0.00000000000000000000e+00	 0.00000000000000000000e+00	 0.00000000000000000000e+00	 0.00000000000000000000e+00	 0.00000000000000000000e+00	 0.00000000000000000000e+00	 0.00000000000000000000e+00	 0.00000000000000000000e+00	 0.00000000000000000000e+00	 0.00000000000000000000e+00	 0.00000000000000000000e+00	 
 4.25999999999999978684e+00	 8.44260899213105838027e-41	 6.78095198467202238312e-41	 7.45548536845763033072e-41	 1.66045032326756052107e-37	 2.16276206101532893733e-37	 3.05719294600506353852e-39	 3.10689284762711094032e-39	 2.92679991532719642543e-38	 3.22572588147094398664e-38	 2.32220328608306859264e-37	 1.06307430665665480649e-38	 1.63729282195677292157e-40	 1.63137895124064538378e-40	 1.63398951586819471007e-40	 
 4.28000000000000024869e+00	 0.00000000000000000000e+00	 0.00000000000000000000e+00	 0.00000000000000000000e+00	 0.00000000000000000000e+00	 0.00000000000000000000e+00	 0.00000000000000000000e+00	 0.00000000000000000000e+00	 0.00000000000000000000e+00	 0.00000000000000000000e+00	 0.00000000000000000000e+00	 0.00000000000000000000e+00	 0.00000000000000000000e+00	 0.00000000000000000000e+00	 0.00000000000000000000e+00	 
 4.29999999999999982236e+00	 3.75850457746638230930e-45	 3.01876935419078552425e-45	 3.31905762362082041261e-45	 7.39197953763818162908e-42	 9.62816626054136835111e-42	 1.36099982134769300493e-43	 1.38312553339608939957e-43	 1.30295364389332792768e-42	 1.43602822756773106659e-42	 1.03379654789147742899e-41	 4.73259127248094187402e-43	 7.28896079161588263210e-45	 7.26263333425315468578e-45	 7.27425509421503040150e-45	 
 4.32000000000000028422e+00	 0.00000000000000000000e+00	 0.00000000000000000000e+00	 0.00000000000000000000e+00	 0.00000000000000000000e+00	 0.00000000000000000000e+00	 0.00000000000000000000e+00	 0.00000000000000000000e+00	 0.00000000000000000000e+00	 0.00000000000000000000e+00	 0.00000000000000000000e+00	 0.00000000000000000000e+00	 0.00000000000000000000e+00	 0.00000000000000000000e+00	 0.00000000000000000000e+00	 
 4.33999999999999985789e+00	 0.00000000000000000000e+00	 0.00000000000000000000e+00	 0.00000000000000000000e+00	 2.81089050701664828347e-46	 3.66122759275744604061e-46	 0.00000000000000000000e+00	 0.00000000000000000000e+00	 0.00000000000000000000e+00	 0.00000000000000000000e+00	 3.93113742924259243190e-46	 0.00000000000000000000e+00	 0.00000000000000000000e+00	 0.00000000000000000000e+00	 0.00000000000000000000e+00	 
 4.36000000000000031974e+00	 0.00000000000000000000e+00	 0.00000000000000000000e+00	 0.00000000000000000000e+00	 0.00000000000000000000e+00	 0.00000000000000000000e+00	 0.00000000000000000000e+00	 0.00000000000000000000e+00	 0.00000000000000000000e+00	 0.00000000000000000000e+00	 0.00000000000000000000e+00	 0.00000000000000000000e+00	 0.00000000000000000000e+00	 0.00000000000000000000e+00	 0.00000000000000000000e+00	 
 4.37999999999999989342e+00	 0.00000000000000000000e+00	 0.00000000000000000000e+00	 0.00000000000000000000e+00	 0.00000000000000000000e+00	 0.00000000000000000000e+00	 0.00000000000000000000e+00	 0.00000000000000000000e+00	 0.00000000000000000000e+00	 0.00000000000000000000e+00	 0.00000000000000000000e+00	 0.00000000000000000000e+00	 0.00000000000000000000e+00	 0.00000000000000000000e+00	 0.00000000000000000000e+00	 
 4.40000000000000035527e+00	 0.00000000000000000000e+00	 0.00000000000000000000e+00	 0.00000000000000000000e+00	 0.00000000000000000000e+00	 0.00000000000000000000e+00	 0.00000000000000000000e+00	 0.00000000000000000000e+00	 0.00000000000000000000e+00	 0.00000000000000000000e+00	 0.00000000000000000000e+00	 0.00000000000000000000e+00	 0.00000000000000000000e+00	 0.00000000000000000000e+00	 0.00000000000000000000e+00	 
 4.41999999999999992895e+00	 0.00000000000000000000e+00	 0.00000000000000000000e+00	 0.00000000000000000000e+00	 0.00000000000000000000e+00	 0.00000000000000000000e+00	 0.00000000000000000000e+00	 0.00000000000000000000e+00	 0.00000000000000000000e+00	 0.00000000000000000000e+00	 0.00000000000000000000e+00	 0.00000000000000000000e+00	 0.00000000000000000000e+00	 0.00000000000000000000e+00	 0.00000000000000000000e+00	 
 4.43999999999999950262e+00	 0.00000000000000000000e+00	 0.00000000000000000000e+00	 0.00000000000000000000e+00	 0.00000000000000000000e+00	 0.00000000000000000000e+00	 0.00000000000000000000e+00	 0.00000000000000000000e+00	 0.00000000000000000000e+00	 0.00000000000000000000e+00	 0.00000000000000000000e+00	 0.00000000000000000000e+00	 0.00000000000000000000e+00	 0.00000000000000000000e+00	 0.00000000000000000000e+00	 
 4.45999999999999996447e+00	 0.00000000000000000000e+00	 0.00000000000000000000e+00	 0.00000000000000000000e+00	 0.00000000000000000000e+00	 0.00000000000000000000e+00	 0.00000000000000000000e+00	 0.00000000000000000000e+00	 0.00000000000000000000e+00	 0.00000000000000000000e+00	 0.00000000000000000000e+00	 0.00000000000000000000e+00	 0.00000000000000000000e+00	 0.00000000000000000000e+00	 0.00000000000000000000e+00	 
 4.47999999999999953815e+00	 0.00000000000000000000e+00	 0.00000000000000000000e+00	 0.00000000000000000000e+00	 0.00000000000000000000e+00	 0.00000000000000000000e+00	 0.00000000000000000000e+00	 0.00000000000000000000e+00	 0.00000000000000000000e+00	 0.00000000000000000000e+00	 0.00000000000000000000e+00	 0.00000000000000000000e+00	 0.00000000000000000000e+00	 0.00000000000000000000e+00	 0.00000000000000000000e+00	 
 4.50000000000000000000e+00	 0.00000000000000000000e+00	 0.00000000000000000000e+00	 0.00000000000000000000e+00	 0.00000000000000000000e+00	 0.00000000000000000000e+00	 0.00000000000000000000e+00	 0.00000000000000000000e+00	 0.00000000000000000000e+00	 0.00000000000000000000e+00	 0.00000000000000000000e+00	 0.00000000000000000000e+00	 0.00000000000000000000e+00	 0.00000000000000000000e+00	 0.00000000000000000000e+00	 
 4.52000000000000046185e+00	 0.00000000000000000000e+00	 0.00000000000000000000e+00	 0.00000000000000000000e+00	 0.00000000000000000000e+00	 0.00000000000000000000e+00	 0.00000000000000000000e+00	 0.00000000000000000000e+00	 0.00000000000000000000e+00	 0.00000000000000000000e+00	 0.00000000000000000000e+00	 0.00000000000000000000e+00	 0.00000000000000000000e+00	 0.00000000000000000000e+00	 0.00000000000000000000e+00	 
 4.54000000000000003553e+00	 0.00000000000000000000e+00	 0.00000000000000000000e+00	 0.00000000000000000000e+00	 0.00000000000000000000e+00	 0.00000000000000000000e+00	 0.00000000000000000000e+00	 0.00000000000000000000e+00	 0.00000000000000000000e+00	 0.00000000000000000000e+00	 0.00000000000000000000e+00	 0.00000000000000000000e+00	 0.00000000000000000000e+00	 0.00000000000000000000e+00	 0.00000000000000000000e+00	 
 4.55999999999999960920e+00	 0.00000000000000000000e+00	 0.00000000000000000000e+00	 0.00000000000000000000e+00	 0.00000000000000000000e+00	 0.00000000000000000000e+00	 0.00000000000000000000e+00	 0.00000000000000000000e+00	 0.00000000000000000000e+00	 0.00000000000000000000e+00	 0.00000000000000000000e+00	 0.00000000000000000000e+00	 0.00000000000000000000e+00	 0.00000000000000000000e+00	 0.00000000000000000000e+00	 
 4.58000000000000007105e+00	 0.00000000000000000000e+00	 0.00000000000000000000e+00	 0.00000000000000000000e+00	 0.00000000000000000000e+00	 0.00000000000000000000e+00	 0.00000000000000000000e+00	 0.00000000000000000000e+00	 0.00000000000000000000e+00	 0.00000000000000000000e+00	 0.00000000000000000000e+00	 0.00000000000000000000e+00	 0.00000000000000000000e+00	 0.00000000000000000000e+00	 0.00000000000000000000e+00	 
 4.60000000000000053291e+00	 0.00000000000000000000e+00	 0.00000000000000000000e+00	 0.00000000000000000000e+00	 0.00000000000000000000e+00	 0.00000000000000000000e+00	 0.00000000000000000000e+00	 0.00000000000000000000e+00	 0.00000000000000000000e+00	 0.00000000000000000000e+00	 0.00000000000000000000e+00	 0.00000000000000000000e+00	 0.00000000000000000000e+00	 0.00000000000000000000e+00	 0.00000000000000000000e+00	 
 4.62000000000000010658e+00	 0.00000000000000000000e+00	 0.00000000000000000000e+00	 0.00000000000000000000e+00	 0.00000000000000000000e+00	 0.00000000000000000000e+00	 0.00000000000000000000e+00	 0.00000000000000000000e+00	 0.00000000000000000000e+00	 0.00000000000000000000e+00	 0.00000000000000000000e+00	 0.00000000000000000000e+00	 0.00000000000000000000e+00	 0.00000000000000000000e+00	 0.00000000000000000000e+00	 
 4.63999999999999968026e+00	 0.00000000000000000000e+00	 0.00000000000000000000e+00	 0.00000000000000000000e+00	 0.00000000000000000000e+00	 0.00000000000000000000e+00	 0.00000000000000000000e+00	 0.00000000000000000000e+00	 0.00000000000000000000e+00	 0.00000000000000000000e+00	 0.00000000000000000000e+00	 0.00000000000000000000e+00	 0.00000000000000000000e+00	 0.00000000000000000000e+00	 0.00000000000000000000e+00	 
 4.66000000000000014211e+00	 0.00000000000000000000e+00	 0.00000000000000000000e+00	 0.00000000000000000000e+00	 0.00000000000000000000e+00	 0.00000000000000000000e+00	 0.00000000000000000000e+00	 0.00000000000000000000e+00	 0.00000000000000000000e+00	 0.00000000000000000000e+00	 0.00000000000000000000e+00	 0.00000000000000000000e+00	 0.00000000000000000000e+00	 0.00000000000000000000e+00	 0.00000000000000000000e+00	 
 4.67999999999999971578e+00	 0.00000000000000000000e+00	 0.00000000000000000000e+00	 0.00000000000000000000e+00	 0.00000000000000000000e+00	 0.00000000000000000000e+00	 0.00000000000000000000e+00	 0.00000000000000000000e+00	 0.00000000000000000000e+00	 0.00000000000000000000e+00	 0.00000000000000000000e+00	 0.00000000000000000000e+00	 0.00000000000000000000e+00	 0.00000000000000000000e+00	 0.00000000000000000000e+00	 
 4.69999999999999928946e+00	 0.00000000000000000000e+00	 0.00000000000000000000e+00	 0.00000000000000000000e+00	 0.00000000000000000000e+00	 0.00000000000000000000e+00	 0.00000000000000000000e+00	 0.00000000000000000000e+00	 0.00000000000000000000e+00	 0.00000000000000000000e+00	 0.00000000000000000000e+00	 0.00000000000000000000e+00	 0.00000000000000000000e+00	 0.00000000000000000000e+00	 0.00000000000000000000e+00	 
 4.72000000000000063949e+00	 0.00000000000000000000e+00	 0.00000000000000000000e+00	 0.00000000000000000000e+00	 0.00000000000000000000e+00	 0.00000000000000000000e+00	 0.00000000000000000000e+00	 0.00000000000000000000e+00	 0.00000000000000000000e+00	 0.00000000000000000000e+00	 0.00000000000000000000e+00	 0.00000000000000000000e+00	 0.00000000000000000000e+00	 0.00000000000000000000e+00	 0.00000000000000000000e+00	 
 4.74000000000000021316e+00	 0.00000000000000000000e+00	 0.00000000000000000000e+00	 0.00000000000000000000e+00	 0.00000000000000000000e+00	 0.00000000000000000000e+00	 0.00000000000000000000e+00	 0.00000000000000000000e+00	 0.00000000000000000000e+00	 0.00000000000000000000e+00	 0.00000000000000000000e+00	 0.00000000000000000000e+00	 0.00000000000000000000e+00	 0.00000000000000000000e+00	 0.00000000000000000000e+00	 
 4.75999999999999978684e+00	 0.00000000000000000000e+00	 0.00000000000000000000e+00	 0.00000000000000000000e+00	 0.00000000000000000000e+00	 0.00000000000000000000e+00	 0.00000000000000000000e+00	 0.00000000000000000000e+00	 0.00000000000000000000e+00	 0.00000000000000000000e+00	 0.00000000000000000000e+00	 0.00000000000000000000e+00	 0.00000000000000000000e+00	 0.00000000000000000000e+00	 0.00000000000000000000e+00	 
 4.78000000000000024869e+00	 0.00000000000000000000e+00	 0.00000000000000000000e+00	 0.00000000000000000000e+00	 0.00000000000000000000e+00	 0.00000000000000000000e+00	 0.00000000000000000000e+00	 0.00000000000000000000e+00	 0.00000000000000000000e+00	 0.00000000000000000000e+00	 0.00000000000000000000e+00	 0.00000000000000000000e+00	 0.00000000000000000000e+00	 0.00000000000000000000e+00	 0.00000000000000000000e+00	 
 4.79999999999999982236e+00	 0.00000000000000000000e+00	 0.00000000000000000000e+00	 0.00000000000000000000e+00	 0.00000000000000000000e+00	 0.00000000000000000000e+00	 0.00000000000000000000e+00	 0.00000000000000000000e+00	 0.00000000000000000000e+00	 0.00000000000000000000e+00	 0.00000000000000000000e+00	 0.00000000000000000000e+00	 0.00000000000000000000e+00	 0.00000000000000000000e+00	 0.00000000000000000000e+00	 
 4.81999999999999939604e+00	 0.00000000000000000000e+00	 0.00000000000000000000e+00	 0.00000000000000000000e+00	 0.00000000000000000000e+00	 0.00000000000000000000e+00	 0.00000000000000000000e+00	 0.00000000000000000000e+00	 0.00000000000000000000e+00	 0.00000000000000000000e+00	 0.00000000000000000000e+00	 0.00000000000000000000e+00	 0.00000000000000000000e+00	 0.00000000000000000000e+00	 0.00000000000000000000e+00	 
 4.84000000000000074607e+00	 0.00000000000000000000e+00	 0.00000000000000000000e+00	 0.00000000000000000000e+00	 0.00000000000000000000e+00	 0.00000000000000000000e+00	 0.00000000000000000000e+00	 0.00000000000000000000e+00	 0.00000000000000000000e+00	 0.00000000000000000000e+00	 0.00000000000000000000e+00	 0.00000000000000000000e+00	 0.00000000000000000000e+00	 0.00000000000000000000e+00	 0.00000000000000000000e+00	 
 4.86000000000000031974e+00	 0.00000000000000000000e+00	 0.00000000000000000000e+00	 0.00000000000000000000e+00	 0.00000000000000000000e+00	 0.00000000000000000000e+00	 0.00000000000000000000e+00	 0.00000000000000000000e+00	 0.00000000000000000000e+00	 0.00000000000000000000e+00	 0.00000000000000000000e+00	 0.00000000000000000000e+00	 0.00000000000000000000e+00	 0.00000000000000000000e+00	 0.00000000000000000000e+00	 
 4.87999999999999989342e+00	 0.00000000000000000000e+00	 0.00000000000000000000e+00	 0.00000000000000000000e+00	 0.00000000000000000000e+00	 0.00000000000000000000e+00	 0.00000000000000000000e+00	 0.00000000000000000000e+00	 0.00000000000000000000e+00	 0.00000000000000000000e+00	 0.00000000000000000000e+00	 0.00000000000000000000e+00	 0.00000000000000000000e+00	 0.00000000000000000000e+00	 0.00000000000000000000e+00	 
 4.89999999999999946709e+00	 0.00000000000000000000e+00	 0.00000000000000000000e+00	 0.00000000000000000000e+00	 0.00000000000000000000e+00	 0.00000000000000000000e+00	 0.00000000000000000000e+00	 0.00000000000000000000e+00	 0.00000000000000000000e+00	 0.00000000000000000000e+00	 0.00000000000000000000e+00	 0.00000000000000000000e+00	 0.00000000000000000000e+00	 0.00000000000000000000e+00	 0.00000000000000000000e+00	 
 4.91999999999999992895e+00	 0.00000000000000000000e+00	 0.00000000000000000000e+00	 0.00000000000000000000e+00	 0.00000000000000000000e+00	 0.00000000000000000000e+00	 0.00000000000000000000e+00	 0.00000000000000000000e+00	 0.00000000000000000000e+00	 0.00000000000000000000e+00	 0.00000000000000000000e+00	 0.00000000000000000000e+00	 0.00000000000000000000e+00	 0.00000000000000000000e+00	 0.00000000000000000000e+00	 
 4.93999999999999950262e+00	 0.00000000000000000000e+00	 0.00000000000000000000e+00	 0.00000000000000000000e+00	 0.00000000000000000000e+00	 0.00000000000000000000e+00	 0.00000000000000000000e+00	 0.00000000000000000000e+00	 0.00000000000000000000e+00	 0.00000000000000000000e+00	 0.00000000000000000000e+00	 0.00000000000000000000e+00	 0.00000000000000000000e+00	 0.00000000000000000000e+00	 0.00000000000000000000e+00	 
 4.95999999999999996447e+00	 0.00000000000000000000e+00	 0.00000000000000000000e+00	 0.00000000000000000000e+00	 0.00000000000000000000e+00	 0.00000000000000000000e+00	 0.00000000000000000000e+00	 0.00000000000000000000e+00	 0.00000000000000000000e+00	 0.00000000000000000000e+00	 0.00000000000000000000e+00	 0.00000000000000000000e+00	 0.00000000000000000000e+00	 0.00000000000000000000e+00	 0.00000000000000000000e+00	 
 4.98000000000000042633e+00	 0.00000000000000000000e+00	 0.00000000000000000000e+00	 0.00000000000000000000e+00	 0.00000000000000000000e+00	 0.00000000000000000000e+00	 0.00000000000000000000e+00	 0.00000000000000000000e+00	 0.00000000000000000000e+00	 0.00000000000000000000e+00	 0.00000000000000000000e+00	 0.00000000000000000000e+00	 0.00000000000000000000e+00	 0.00000000000000000000e+00	 0.00000000000000000000e+00	 
 5.00000000000000000000e+00	 0.00000000000000000000e+00	 0.00000000000000000000e+00	 0.00000000000000000000e+00	 0.00000000000000000000e+00	 0.00000000000000000000e+00	 0.00000000000000000000e+00	 0.00000000000000000000e+00	 0.00000000000000000000e+00	 0.00000000000000000000e+00	 0.00000000000000000000e+00	 0.00000000000000000000e+00	 0.00000000000000000000e+00	 0.00000000000000000000e+00	 0.00000000000000000000e+00	 
