 -1.00000000000000000000e+00	 3.66522406539285712581e-09	 3.65676384459003291095e-09	 3.66491438137679785827e-09	 4.24436997104668569209e-07	 4.24444480135631209863e-07	 4.24123492808198739977e-07	 4.26506758835843130264e-07	 1.51145978017591599035e-07	 1.42111182791443438437e-07	 4.21045279591519637559e-07	 5.31508486850666043536e-09	 9.28621764302181366012e-09	 9.28517290221140677128e-09	 9.28618431783160071343e-09	 
 -9.79999999999999982236e-01	 3.75449382105691843225e-09	 3.74582531078351010108e-09	 3.75417704451799392120e-09	 4.35159014035124348964e-07	 4.35163931263743884078e-07	 4.34834780795721979320e-07	 4.37264908585281769144e-07	 1.54948057073792809415e-07	 1.45686707282836949102e-07	 4.31683295351247569346e-07	 5.44236752462865642535e-09	 9.51254203080623439166e-09	 9.51147117287767871121e-09	 9.51250802095774169721e-09	 
 -9.59999999999999964473e-01	 3.84534769086090808547e-09	 3.83646713244909559881e-09	 3.84502366980343255875e-09	 4.46079669257845403855e-07	 4.46081894485245981285e-07	 4.45744435335940374667e-07	 4.48222012623240826240e-07	 1.58820208741573244681e-07	 1.49328141738932254108e-07	 4.42518448561205493758e-07	 5.57186047452779316889e-09	 9.74288674710331880121e-09	 9.74178929349483443068e-09	 9.74285204264486214083e-09	 
 -9.39999999999999946709e-01	 3.93777270601073746405e-09	 3.92867634905044566502e-09	 3.93744124020736026656e-09	 4.57197687670855141650e-07	 4.57197066866514376358e-07	 4.56851163392845994366e-07	 4.59376763462217129630e-07	 1.62761937883901692437e-07	 1.53035018178142628515e-07	 4.53549500788398753391e-07	 5.70354245374226010203e-09	 9.97722021531997851491e-09	 9.97609569016081253797e-09	 9.97718480571985627926e-09	 
 -9.19999999999999928946e-01	 4.03175369807739423583e-09	 4.02243779165808219024e-09	 4.03141456956061502580e-09	 4.68511442890150941938e-07	 4.68507800931371347418e-07	 4.68153327548024141135e-07	 4.70727509585854570347e-07	 1.66772621148327283347e-07	 1.56806748052630969457e-07	 4.64774856986673513361e-07	 5.83738853433997731725e-09	 1.02155044857162976257e-08	 1.02143524162220932799e-08	 1.02154683596051836104e-08	 
 -9.00000000000000022204e-01	 4.12727333154738702660e-09	 4.11773411160946384033e-09	 4.12692634698080731890e-09	 4.80018938175530047296e-07	 4.80012088731586775759e-07	 4.79648929703530600323e-07	 4.82272239462447496520e-07	 1.70851499924340859498e-07	 1.60642615745106320425e-07	 4.76192542968390892075e-07	 5.97337000755246217638e-09	 1.04576950123895397962e-08	 1.04565149291793435167e-08	 1.04576581572439691583e-08	 
 -8.80000000000000115463e-01	 4.22431160038318020847e-09	 4.21454528402641759636e-09	 4.22395659856584057440e-09	 4.91717768619986892417e-07	 4.91707513767983734837e-07	 4.91335565506456679348e-07	 4.94008536842853790273e-07	 1.74997666551390624764e-07	 1.64541764966058291120e-07	 4.87800179413005034270e-07	 6.11145418211561826176e-09	 1.07037402499975467592e-08	 1.07025316876551048179e-08	 1.07037026517647383233e-08	 
 -8.59999999999999986677e-01	 4.32284566914602552135e-09	 4.31284845546144176873e-09	 4.32248249748866282579e-09	 5.03605111380965079723e-07	 5.03591261744752441593e-07	 5.03210424884294582056e-07	 5.05933560523869100391e-07	 1.79210062663425944323e-07	 1.68503196839425141925e-07	 4.99594977125619582389e-07	 6.25160445989236955012e-09	 1.09535816543452060624e-08	 1.09523441510768774087e-08	 1.09535432961294184451e-08	 
 -8.40000000000000079936e-01	 4.42284976088532070769e-09	 4.41261783241364981003e-09	 4.42247824282102196335e-09	 5.15677703165802995303e-07	 5.15660104805669899713e-07	 5.15270273260533906419e-07	 5.18044019270266474451e-07	 1.83487471544189202891e-07	 1.72525762546059273924e-07	 5.11573716202119479268e-07	 6.39378026971642840690e-09	 1.12071534971126036438e-08	 1.12058865940943918006e-08	 1.12071143574916010224e-08	 
 -8.20000000000000062172e-01	 4.52429512395598130727e-09	 4.51382463772398651050e-09	 4.52391505230790577148e-09	 5.27931797707190557466e-07	 5.27910344202418107859e-07	 5.27511402470080727138e-07	 5.30336139069667552966e-07	 1.87828501102734135072e-07	 1.76608147446472488721e-07	 5.23732699971956002083e-07	 6.53793677410616069922e-09	 1.14643823768008516007e-08	 1.14630856181066434374e-08	 1.14643424286242997963e-08	 
 -8.00000000000000044409e-01	 4.62714997230243589601e-09	 4.61643707843450656620e-09	 4.62676110306824180885e-09	 5.40363183365273649240e-07	 5.40337800915917736190e-07	 5.39929616309091614767e-07	 5.42805641761720786260e-07	 1.92231583899050371953e-07	 1.80748870875128584432e-07	 5.36067747576526240706e-07	 6.68402478032538931618e-09	 1.17251876693202857135e-08	 1.17238606029858058919e-08	 1.17251468791183197076e-08	 
 -7.80000000000000026645e-01	 4.73137939933013886981e-09	 4.72042026646934735319e-09	 4.73098144455685479837e-09	 5.52967165634058418060e-07	 5.52937791318894571196e-07	 5.52520204115399476745e-07	 5.55447715268320751426e-07	 1.96694968816759134538e-07	 1.84946278142068650534e-07	 5.48574168826881212758e-07	 6.83199063284556522135e-09	 1.19894814867134133800e-08	 1.19881236660448455894e-08	 1.19894398141178027912e-08	 
 -7.60000000000000008882e-01	 4.83694524097569078260e-09	 4.82573605675536393692e-09	 4.83653785855298184145e-09	 5.65738494780911251142e-07	 5.65705079431017311991e-07	 5.65277895642525607704e-07	 5.68256970645609043040e-07	 2.01216699678541723609e-07	 1.89198520357843314104e-07	 5.61246711368258115583e-07	 6.98177606081293375186e-09	 1.22571678626453829028e-08	 1.22557788464294853167e-08	 1.22571252589292686931e-08	 
 -7.39999999999999991118e-01	 4.94380624072070583378e-09	 4.93234329425898042772e-09	 4.94338904856308711927e-09	 5.78671360233091121891e-07	 5.78633845481756035764e-07	 5.78196861668504525582e-07	 5.81227466759900617019e-07	 2.05794620100354923836e-07	 1.93503559666168594601e-07	 5.74079571128945461774e-07	 7.13331823397810358200e-09	 1.25281421711964779509e-08	 1.25267215270674779807e-08	 1.25280985816444185879e-08	 
 -7.19999999999999973355e-01	 5.05191802357136918298e-09	 5.04019781369692409341e-09	 5.05149062012290804513e-09	 5.91759362365751964707e-07	 5.91717649827450659508e-07	 5.91270687127431266767e-07	 5.94352688959319110464e-07	 2.10426365093167941421e-07	 1.97859161423538999547e-07	 5.87066367717701635845e-07	 7.28654969023002971983e-09	 1.28022907733855360629e-08	 1.28008380821286268302e-08	 1.28022461406893949546e-08	 
 -6.99999999999999955591e-01	 5.16123276891919351321e-09	 5.14925205246575634649e-09	 5.16079473248303334710e-09	 6.04995449136789295751e-07	 6.04949389855912639561e-07	 6.04492301466888812996e-07	 6.07625456163757756048e-07	 2.15109331965493370625e-07	 2.02262865987860144795e-07	 6.00200065270183722682e-07	 7.44139804916426692545e-09	 1.30794909813399305459e-08	 1.30780058387611440901e-08	 1.30794452457460893744e-08	 
 -6.79999999999999937828e-01	 5.27169903961476396426e-09	 5.25945478244379000037e-09	 5.27124988661461703178e-09	 6.18371940180115885792e-07	 6.18321322697054036305e-07	 6.17854003597505887729e-07	 6.21037958626990740139e-07	 2.19840689072264959798e-07	 2.06711997134551998347e-07	 6.13473005703419088612e-07	 7.59778645350267499125e-09	 1.33596111674961466049e-08	 1.33580931884024872563e-08	 1.33595642725745970992e-08	 
 -6.60000000000000031086e-01	 5.38326164206775894800e-09	 5.37075094587442654212e-09	 5.38280077240698968284e-09	 6.31880501388266173608e-07	 6.31825037855423771394e-07	 6.31347436351606462168e-07	 6.34581735412716435399e-07	 2.24617366705231541818e-07	 2.11203653429465531828e-07	 6.26876885316998787115e-07	 7.75563359849945708044e-09	 1.36425105397759008454e-08	 1.36409593627978445919e-08	 1.36424624400284998542e-08	 
 -6.40000000000000013323e-01	 5.49586151833162078466e-09	 5.48308163473853647590e-09	 5.49538819048978975590e-09	 6.45512042447945390508e-07	 6.45451352120165209354e-07	 6.44963482395727497569e-07	 6.48247558042850583204e-07	 2.29436020112211758719e-07	 2.15734672997784450478e-07	 6.40402643261148829755e-07	 7.91485311931005946971e-09	 1.39280383764180151631e-08	 1.39264536677869391055e-08	 1.39279890410478557166e-08	 
 -6.19999999999999884537e-01	 5.60943586879669418442e-09	 5.59638429627401144838e-09	 5.60894929602073551480e-09	 6.59256735228313552055e-07	 6.59190402429038801909e-07	 6.58692293699892349754e-07	 6.62025487042981092345e-07	 2.34293042797098885077e-07	 2.20301646624805008610e-07	 6.54040535507363187052e-07	 8.07535334538261378457e-09	 1.42160345973031025056e-08	 1.42144160532608322035e-08	 1.42159840071629866332e-08	 
 -5.99999999999999977796e-01	 5.72391805341061292260e-09	 5.71059266108910620068e-09	 5.72341753432389436327e-09	 6.73103979578104109083e-07	 6.73031632759622458693e-07	 6.72523260341082178117e-07	 6.75904848780472748439e-07	 2.39184556419119060510e-07	 2.24900908312410917525e-07	 6.67780117471025773099e-07	 8.23703710129170521455e-09	 1.45063295860657887219e-08	 1.45046769352824355436e-08	 1.45062777290676149347e-08	 
 -5.79999999999999849010e-01	 5.83923714451410396501e-09	 5.82563623845468388215e-09	 5.83872209706699221066e-09	 6.87042287714129799484e-07	 6.86963615587723434913e-07	 6.86444885191817370503e-07	 6.89874088109413444973e-07	 2.44106364189814973947e-07	 2.29528490649321897906e-07	 6.81610084010683852053e-07	 8.39980155349852520891e-09	 1.47987428458604347981e-08	 1.47970558539462145215e-08	 1.47986897188204428211e-08	 
 -5.60000000000000053291e-01	 5.95531829201396155562e-09	 5.94144058640708646807e-09	 5.95478826855638559321e-09	 7.01059377685241576657e-07	 7.00974090430882347884e-07	 7.00444851958444420247e-07	 7.03920831363565933040e-07	 2.49053974105107616565e-07	 2.34180145774991464774e-07	 6.95518291516757243227e-07	 8.56353859587461531439e-09	 1.50930835102960660139e-08	 1.50913619768765685059e-08	 1.50930291132977316057e-08	 
 -5.40000000000000035527e-01	 6.07208264339054525243e-09	 6.05792721080780904224e-09	 6.07153734525261968310e-09	 7.15142152786077340644e-07	 7.15049928707591303784e-07	 7.14509996979185911685e-07	 7.18031857944196511315e-07	 2.54022589078778950057e-07	 2.38851335719379546686e-07	 7.09491718533303240318e-07	 8.72813475307483009426e-09	 1.53891500260688827426e-08	 1.53873937800678197444e-08	 1.53890943547895271126e-08	 
 -5.20000000000000017764e-01	 6.18944657820589284457e-09	 6.17501289080868651968e-09	 6.18888589709812390790e-09	 7.29276503123926475386e-07	 7.29176984242975728819e-07	 7.28626131329195994475e-07	 7.32192929546861759917e-07	 2.59007045340041392134e-07	 2.43537174875786792337e-07	 7.23516331321367570522e-07	 8.89347033630997806237e-09	 1.56867285536853398738e-08	 1.56849374553255561138e-08	 1.56866715978916238052e-08	 
 -5.00000000000000000000e-01	 6.30732204353670343587e-09	 6.29260982864179974493e-09	 6.30674591242741252494e-09	 7.43447386909883530369e-07	 7.43340205265601355406e-07	 7.42778159664076560463e-07	 7.46388886722815338055e-07	 2.64001848132267703649e-07	 2.48232463403623356549e-07	 7.37577144601738698023e-07	 9.05941960906860605511e-09	 1.59855933688563631715e-08	 1.59837673043506321979e-08	 1.59855351068378230658e-08	 
 -4.79999999999999926725e-01	 6.42561640234085338337e-09	 6.41062544594041346453e-09	 6.42502459468298727426e-09	 7.57638799332103286017e-07	 7.57523612098595954857e-07	 7.56950059086455819908e-07	 7.60603622460238506370e-07	 2.69001162864842152299e-07	 2.52931678685097004345e-07	 7.51658183796506447872e-07	 9.22585053681077771621e-09	 1.62855063332446278763e-08	 1.62836452073739923864e-08	 1.62854467248000775139e-08	 
 -4.59999999999999964473e-01	 6.54423153370954630373e-09	 6.52896163454121306915e-09	 6.54362362161076155646e-09	 7.71833566379716785655e-07	 7.71710065091476319591e-07	 7.71124639454025149956e-07	 7.74819863819750682779e-07	 2.73998736443345580288e-07	 2.57628901023259890509e-07	 7.65742294467183387630e-07	 9.39262388828222332078e-09	 1.65862149346943945145e-08	 1.65843186690625108598e-08	 1.65861539165780079238e-08	 
 -4.40000000000000002220e-01	 6.66306429878461739514e-09	 6.64751527696627031131e-09	 6.66243947240046274961e-09	 7.86013450732859950167e-07	 7.85881359796697061370e-07	 7.85283686998946432088e-07	 7.89019299146869800899e-07	 2.78987949134713029957e-07	 2.62317865772916472594e-07	 7.79811332830849701685e-07	 9.55959404693027289908e-09	 1.68874534919443244990e-08	 1.68855220298081445230e-08	 1.68873909769327449701e-08	 
 -4.19999999999999984457e-01	 6.78200634412278611270e-09	 6.76617805797118438771e-09	 6.78136318463547211448e-09	 8.00159120257173943510e-07	 8.00018193513709596743e-07	 7.99407944429419912043e-07	 8.03182553874456187600e-07	 2.83961808269884711706e-07	 2.66991958208952168200e-07	 7.93846157423565668275e-07	 9.72660881826626158717e-09	 1.71889426251697370525e-08	 1.71869759377797614592e-08	 1.71888785015933535889e-08	 
 -3.99999999999999911182e-01	 6.90094290198987648510e-09	 6.88483520324950924143e-09	 6.90027924756857811871e-09	 8.14249902508373230812e-07	 8.14099931418628489912e-07	 8.13476835334498667081e-07	 8.17288929721828627459e-07	 2.88912850539246717098e-07	 2.71644118312518654007e-07	 8.07826309844417050931e-07	 9.89350771816712561768e-09	 1.74903861010969494609e-08	 1.74883841879851296811e-08	 1.74903202281238323961e-08	 
 -3.80000000000000004441e-01	 7.01975315600881207673e-09	 7.00336611714495929982e-09	 7.01906674977762452468e-09	 8.28264008566842138042e-07	 8.28104813954267900063e-07	 8.27468619744474942967e-07	 8.31316656296711248931e-07	 2.93833226443166718842e-07	 2.76266921078178308225e-07	 8.21730167203366003635e-07	 1.00601228488987420625e-08	 1.77914729291605456867e-08	 1.77894358380758031708e-08	 1.77914051622386760591e-08	 
 -3.59999999999999931166e-01	 7.13830992613088649843e-09	 7.12164413853880205745e-09	 7.13759927188082187046e-09	 8.42178529500604623498e-07	 8.42009949541337202278e-07	 8.41360373580385851579e-07	 8.45242897868149310539e-07	 2.98714702123658461761e-07	 2.80852578438688697987e-07	 8.35534920247611154320e-07	 1.02262786023731840095e-08	 1.80918768555631722010e-08	 1.80898047078968724232e-08	 1.80918070799504924342e-08	 
 -3.39999999999999968914e-01	 7.25647833174872718281e-09	 7.23953497325138821784e-09	 7.25574289541050221570e-09	 8.55969077415655049695e-07	 8.55790971630647254284e-07	 8.55127692992698950528e-07	 8.59043376062836357318e-07	 3.03548530979479045207e-07	 2.85392817549011225215e-07	 8.49216279478896578184e-07	 1.03917896010739985145e-08	 1.83912519531853757110e-08	 1.83891449538165277728e-08	 1.83911800927162828324e-08	 
 -3.20000000000000006661e-01	 7.37411708006298400092e-09	 7.35689800840688956176e-09	 7.37335691898513892362e-09	 8.69610044187278895584e-07	 8.69422468930398953991e-07	 8.68744973624386547932e-07	 8.72692728929349631374e-07	 3.08325579552326639075e-07	 2.89878999370543371489e-07	 8.62748949679571375818e-07	 1.05564625510936019925e-08	 1.86892283860311556314e-08	 1.86870868257632664942e-08	 1.86891543996393185274e-08	 
 -2.99999999999999933387e-01	 7.49107830434333930306e-09	 7.47358616461707308738e-09	 7.49029356259054224841e-09	 8.83074607493631917206e-07	 8.82878039392941345793e-07	 8.82185422393227584708e-07	 8.86164548742769884338e-07	 3.13036341330336037661e-07	 2.94302131703696479392e-07	 8.76106695114222078689e-07	 1.07200960812034805196e-08	 1.89854099413987031046e-08	 1.89832341983364906788e-08	 1.89853338173642662059e-08	 
 -2.80000000000000026645e-01	 7.60720524739079107796e-09	 7.58944357486119051867e-09	 7.60639616907681165184e-09	 8.96334342396563098692e-07	 8.96129754365335500081e-07	 8.95420651417265568388e-07	 8.99430915366395997853e-07	 3.17670773765354946474e-07	 2.98652715606482676902e-07	 8.89261763216213312073e-07	 1.08824775950949822315e-08	 1.92793741026571442647e-08	 1.92771646520056994492e-08	 1.92792958654695274510e-08	 
 -2.59999999999999953371e-01	 7.72233015077561561502e-09	 7.70430349043351873684e-09	 7.72149707135294678286e-09	 9.09359887073578574218e-07	 9.09148431954242897663e-07	 9.08421409429888285674e-07	 9.12462698283303350314e-07	 3.22218466103890473782e-07	 3.02920892705422824389e-07	 9.02185145608051943279e-07	 1.10433794324312373822e-08	 1.95706964588300475259e-08	 1.95684538692509282475e-08	 1.95706161517787720821e-08	 
 -2.39999999999999907851e-01	 7.83627311806339038961e-09	 7.81798715823875625661e-09	 7.83541645105155658290e-09	 9.22121059999591288333e-07	 9.21903656287902519002e-07	 9.21157717325531915392e-07	 9.25229584879113585903e-07	 3.26668666480085811716e-07	 3.07096467881758848754e-07	 9.14846594465343750476e-07	 1.12025570881879424748e-08	 1.98589553808269278462e-08	 1.98566803080711778312e-08	 1.98588730429226652583e-08	 
 -2.19999999999999945599e-01	 7.94884235663271542923e-09	 7.93030407352781978438e-09	 7.94796260150770946984e-09	 9.34586120703225348139e-07	 9.34363400099964613727e-07	 9.33598072019703193623e-07	 9.37699680734827064776e-07	 3.31010087549037169724e-07	 3.11168735766596068325e-07	 9.27214256974030856115e-07	 1.13597503464203273995e-08	 2.01437076674219574930e-08	 2.01414008607733303870e-08	 2.01436233317426744577e-08	 
 -1.99999999999999983347e-01	 8.05984633085665722010e-09	 8.04106399344160046759e-09	 8.05894473290959753239e-09	 9.46722456596311206607e-07	 9.46494872878143400310e-07	 9.45710077355664929879e-07	 9.49840197320324475110e-07	 3.35231146739589987153e-07	 3.15126740591341940313e-07	 9.39255481827215684907e-07	 1.15147019714708402884e-08	 2.04244819725040296302e-08	 2.04221442553570297522e-08	 2.04243956572659505366e-08	 
 -1.79999999999999993339e-01	 8.16909606771427157832e-09	 8.15007921964375511070e-09	 8.16817544495846942236e-09	 9.58496716718105809638e-07	 9.58264691394383121847e-07	 9.57460566358752798120e-07	 9.61617583905973494657e-07	 3.39320014786008082892e-07	 3.18959330201126646724e-07	 9.50936979151111277000e-07	 1.16671613480830507843e-08	 2.07007760590961148916e-08	 2.06984083033002493818e-08	 2.07006877566858362947e-08	 
 -1.59999999999999920064e-01	 8.27639317024198760721e-09	 8.25715275435347039864e-09	 8.27545818849652508190e-09	 9.69874084534205290105e-07	 9.69637997433612132883e-07	 9.68814930450027646282e-07	 9.72996795700624743185e-07	 3.43264364186209307135e-07	 3.22654887702384852992e-07	 9.62223976247719675508e-07	 1.18168663759641510078e-08	 2.09720596510687214339e-08	 2.09696627737223713604e-08	 2.09719693226297020655e-08	 
 -1.39999999999999902300e-01	 8.38152742359191909761e-09	 8.36207569594519208144e-09	 8.38058373579737958670e-09	 9.80819010235801610589e-07	 9.80579284784745962530e-07	 9.79737792854418433882e-07	 9.83942244857723716201e-07	 3.47051686859761948822e-07	 3.26201620448508600540e-07	 9.73081224937907851726e-07	 1.19635390241660360163e-08	 2.12377829242789188942e-08	 2.12353579224636854956e-08	 2.12376905381693397284e-08	 
 -1.20000000000000009437e-01	 8.48427577349948267037e-09	 8.46462617491286105117e-09	 8.48332890732998279601e-09	 9.91295364386350421967e-07	 9.91052575193696047299e-07	 9.90193149497110391126e-07	 9.94418005207143967984e-07	 3.50669364506608207280e-07	 3.29587624256127661138e-07	 9.83473220392002015969e-07	 1.21068836819314718220e-08	 2.14973770930940874040e-08	 2.14949250872242707336e-08	 2.14972826734854795023e-08	 
 -1.00000000000000005551e-01	 8.58440327762489891708e-09	 8.56457050682876605655e-09	 8.58345855743197585783e-09	 1.00126569812835845000e-06	 1.00102058911186453654e-06	 1.00014368712218634400e-06	 1.00438686504045510675e-06	 3.54104354997962299726e-07	 3.32800598203879521068e-07	 9.93363202031861373416e-07	 1.22465895197584267910e-08	 2.17502435750252181038e-08	 2.17477658186211975039e-08	 2.17501472119847222564e-08	 
 -8.00000000000000155431e-02	 8.68166836226292999656e-09	 8.66166792205771079945e-09	 8.68073118228797904231e-09	 1.01069255280989796313e-06	 1.01044599448483940794e-06	 1.00955204834461318565e-06	 1.01381173383112972850e-06	 3.57343607855007872255e-07	 3.35828239983349587156e-07	 1.00271436418350032929e-06	 1.23823362977844489732e-08	 2.19957675707199198555e-08	 2.19932654315155439812e-08	 2.19956694197771516512e-08	 
 -5.99999999999999630851e-02	 8.77582345152556368276e-09	 8.75567107690911108914e-09	 8.77489962214231333834e-09	 1.01953875090106655663e-06	 1.01929168461970141205e-06	 1.01838111283778139003e-06	 1.02265595724683320788e-06	 3.60374158632347032613e-07	 3.38658335904665424716e-07	 1.01149012727272306015e-06	 1.25137948872988281971e-08	 2.22333197860072248229e-08	 2.22307947210282560667e-08	 2.22332200661738156654e-08	 
 -3.99999999999999383826e-02	 8.86660899630889877632e-09	 8.84632055268870992614e-09	 8.86570476726689646100e-09	 1.02776612938529896689e-06	 1.02751957123911111202e-06	 1.02659277412072939314e-06	 1.03088196062775236279e-06	 3.63182729921271679318e-07	 3.41278381317666100856e-07	 1.01965297063391334533e-06	 1.26406202924634203564e-08	 2.24622412191166869416e-08	 2.24596947760700711245e-08	 2.24621402218992804002e-08	 
 -2.00000000000000281719e-02	 8.95376215676848287667e-09	 8.93335346634695236964e-09	 8.95288367347654148871e-09	 1.03533709866992001227e-06	 1.03509194291915276348e-06	 1.03414937452742109019e-06	 1.03845228193984435945e-06	 3.65756275325258429569e-07	 3.43676092943379162479e-07	 1.02716554487117385063e-06	 1.27624620844831095975e-08	 2.26818614504335689235e-08	 2.26792952580259545872e-08	 2.26817594770392548724e-08	 
 -4.82163733276643543166e-17	 9.03701817091979816489e-09	 9.01650481321664541927e-09	 9.03617080877184888157e-09	 1.04221498448138119897e-06	 1.04197176366275594850e-06	 1.04101402020212906041e-06	 1.04532980220082375656e-06	 3.68082100094002491145e-07	 3.45839522594245749703e-07	 1.03399091841554510398e-06	 1.28789658918379208037e-08	 2.28915013915578714197e-08	 2.28889171472654102889e-08	 2.28913986752049825519e-08	 
 2.00000000000001253164e-02	 9.11610141036921812455e-09	 9.09549857020043776586e-09	 9.11528962195336409012e-09	 1.04836252876669040034e-06	 1.04812136989474618825e-06	 1.04714920306215800122e-06	 1.05147676423582668158e-06	 3.70147339048239477199e-07	 3.47756565302765751642e-07	 1.04009151662749252733e-06	 1.29897623607969341257e-08	 2.30904540835518719805e-08	 2.30878535511341772626e-08	 2.30903507773107563667e-08	 
 4.00000000000001187939e-02	 9.19073384017377069922e-09	 9.17005605155178509512e-09	 9.18996103287325840030e-09	 1.05374349159405159781e-06	 1.05350458343798247834e-06	 1.05251867217994924232e-06	 1.05685711154714003651e-06	 3.71939632334105021491e-07	 3.49415612668821905901e-07	 1.04543113892273425080e-06	 1.30944815040032341637e-08	 2.32780082319023984809e-08	 2.32753932787506329519e-08	 2.32779044750315559135e-08	 
 6.00000000000000255351e-02	 9.26063634664432849292e-09	 9.23989720368266004196e-09	 9.25990475589959782472e-09	 1.05832298531015524036e-06	 1.05808714845145272986e-06	 1.05708782196224317416e-06	 1.06143697098810901194e-06	 3.73447266342559957264e-07	 3.50805688941759319745e-07	 1.04997537563776989811e-06	 1.31927549772618892973e-08	 2.34534520056265091231e-08	 2.34508246478382566503e-08	 2.34533480050280008716e-08	 
 7.99999999999999322764e-02	 9.32552011119935992561e-09	 9.30473205465552904730e-09	 9.32483062754628044479e-09	 1.06206591911753947961e-06	 1.06183466457568287607e-06	 1.06082186688304962031e-06	 1.06518236036182192659e-06	 3.74658513619161232404e-07	 3.51915811710805474229e-07	 1.05368963623847054298e-06	 1.32842016148715491408e-08	 2.36160492603355269504e-08	 2.36134116708209573550e-08	 2.36159452986967722551e-08	 
 9.99999999999999500400e-02	 9.38509836600952331614e-09	 9.36427352564421183167e-09	 9.38445181031507287939e-09	 1.06493980129479523079e-06	 1.06471489748866589246e-06	 1.06368846318543398876e-06	 1.06806150777542267458e-06	 3.75562479104539061397e-07	 3.52735791649677657756e-07	 1.05654176107340677894e-06	 1.33684422528153560521e-08	 2.37650719373164826487e-08	 2.37624263507695268298e-08	 2.37649683462478958921e-08	 
 1.20000000000000023315e-01	 9.43908830738269884172e-09	 9.41823953117435504930e-09	 9.43848697071467256232e-09	 1.06691527058317775887e-06	 1.06669821767938594321e-06	 1.06565820629609204512e-06	 1.07004529270609058011e-06	 3.76149260532089162398e-07	 3.53256383816046188981e-07	 1.05850251681234221342e-06	 1.34451020601346888902e-08	 2.38998054475354093684e-08	 2.38971540461752086468e-08	 2.38997025745379382380e-08	 
 1.40000000000000041078e-01	 9.48719943131386826908e-09	 9.46634030138175506455e-09	 9.48664723622048462386e-09	 1.06796327774639025720e-06	 1.06775528374021326710e-06	 1.06670199641828364018e-06	 1.07110492074501974925e-06	 3.76409096513318823955e-07	 3.53468481368719050421e-07	 1.05954297181311129039e-06	 1.35137957229203960675e-08	 2.40195166901500548396e-08	 2.40168615868159534972e-08	 2.40194148991274499727e-08	 
 1.59999999999999975575e-01	 9.52914999954155532857e-09	 9.50829333419822140066e-09	 9.52865056963735618945e-09	 1.06805810153900744717e-06	 1.06786021924932836490e-06	 1.06679383670774216839e-06	 1.07121523649488917339e-06	 3.76333394339560168185e-07	 3.53364098115389840975e-07	 1.05963739968317994832e-06	 1.35741505203121193893e-08	 2.41234984500458733743e-08	 2.41208416752227698000e-08	 2.41233980362866414832e-08	 
 1.79999999999999937828e-01	 9.56466969027119352303e-09	 9.54382577921750402932e-09	 9.56422405879656447311e-09	 1.06717785647899952314e-06	 1.06699114943523865496e-06	 1.06591130291023722737e-06	 1.07035528455819169729e-06	 3.75914901633693749616e-07	 3.52936532148013609859e-07	 1.05876376753114735434e-06	 1.36258100026827995501e-08	 2.42110766472636762682e-08	 2.42084201359202956281e-08	 2.42109777374081798268e-08	 
 2.00000000000000094369e-01	 9.59348337773271035498e-09	 9.57265966597560614243e-09	 9.59308971148357382195e-09	 1.06530135842115922686e-06	 1.06512690074310956216e-06	 1.06403263724013639774e-06	 1.06850486627366733399e-06	 3.75146634261453699493e-07	 3.52179339092284139119e-07	 1.05690071941108516194e-06	 1.36684112973217884800e-08	 2.42815666643980913443e-08	 2.42789122383736567447e-08	 2.42814691986520709967e-08	 
 2.20000000000000001110e-01	 9.61533467050356940631e-09	 9.59453748386219166737e-09	 9.61498880786540415861e-09	 1.06241102503398810484e-06	 1.06225023394472609852e-06	 1.06114008145647337480e-06	 1.06564710897686065954e-06	 3.74023073494535779302e-07	 3.51087463042084684222e-07	 1.05403095641315392168e-06	 1.37016115860678890660e-08	 2.43343256681699454196e-08	 2.43316751124147267521e-08	 2.43342294221295249326e-08	 
 2.39999999999999963363e-01	 9.62998952378473892662e-09	 9.60922611258630690628e-09	 9.62968563414134367661e-09	 1.05849328217683431869e-06	 1.05834830483819139183e-06	 1.05722035480621712972e-06	 1.06176881846888071085e-06	 3.72540335820962037746e-07	 3.49657396062751641197e-07	 1.05014172200082760916e-06	 1.37250921131520344854e-08	 2.43687606366085268970e-08	 2.43661157899744602619e-08	 2.43686652488641764953e-08	 
 2.59999999999999953371e-01	 9.63721276693504539222e-09	 9.61649133978514513326e-09	 9.63694321647863949224e-09	 1.05353543024609392347e-06	 1.05340917642364457043e-06	 1.05226106222940962414e-06	 1.05685769846328495116e-06	 3.70694877041478517431e-07	 3.47885951684623541508e-07	 1.04522115850061368072e-06	 1.37385319067693974633e-08	 2.43842761885497065808e-08	 2.43816389422008608611e-08	 2.43841811491024354278e-08	 
 2.80000000000000082157e-01	 9.63678871564548370762e-09	 9.61612095439046910944e-09	 9.63654644686167581168e-09	 1.04753011784274781891e-06	 1.04742579698555406801e-06	 1.04625541044518217254e-06	 1.05090633269841515399e-06	 3.68484944643386495977e-07	 3.45771621612668098349e-07	 1.03926253220086071098e-06	 1.37416420933327720260e-08	 2.43803360668181594724e-08	 2.43777084561240669229e-08	 2.43802408542838282161e-08	 
 2.99999999999999988898e-01	 9.62852399090109121562e-09	 9.60792793378121671453e-09	 9.62830527204925273982e-09	 1.04047588723768201705e-06	 1.04039647003223842327e-06	 1.03920278831294234760e-06	 1.04391265948196338061e-06	 3.65910747918195661425e-07	 3.43314732977855102791e-07	 1.03226474015491411610e-06	 1.37341706909798424968e-08	 2.43564716790070259168e-08	 2.43538559892920390944e-08	 2.43563759195821797315e-08	 
 3.20000000000000006661e-01	 9.61222649723697989853e-09	 9.59172692288198768082e-09	 9.61203113823757885533e-09	 1.03237219633691158760e-06	 1.03232041182747821622e-06	 1.03110352135409569380e-06	 1.03587553366646159424e-06	 3.62972830735332617298e-07	 3.40515925292303204473e-07	 1.02422759761734336569e-06	 1.37158679501098780003e-08	 2.43122193407495656202e-08	 2.43096181192917044300e-08	 2.43121228177255729677e-08	 
 3.39999999999999968914e-01	 9.58773870966321389285e-09	 9.56736486843467806423e-09	 9.58757032731099406049e-09	 1.02322491208823092622e-06	 1.02320252756420712272e-06	 1.02196385340260320489e-06	 1.02680021280869643219e-06	 3.59673754440079623401e-07	 3.37377756892139761403e-07	 1.01515633972685395407e-06	 1.36865276249304530912e-08	 2.42472007569899034556e-08	 2.42446167799624860171e-08	 2.42471034839666955584e-08	 
 3.59999999999999931166e-01	 9.55494176006759603473e-09	 9.53472475186410258536e-09	 9.55480805113938112778e-09	 1.01304685416698640968e-06	 1.01305386035125144257e-06	 1.01179641770406757010e-06	 1.01669890686636180937e-06	 3.56018252088942687672e-07	 3.33904851651718491918e-07	 1.00506203154526574390e-06	 1.36459920905124925149e-08	 2.41611328601190333666e-08	 2.41585690937298135543e-08	 2.41610351628395148849e-08	 
 3.80000000000000059952e-01	 9.51372063253002104941e-09	 9.49369348899523090254e-09	 9.51363357509750004544e-09	 1.00185149158051254471e-06	 1.00188609025516828936e-06	 1.00061449656597689538e-06	 1.00558449772719529788e-06	 3.52011283112532226904e-07	 3.30102040194095601052e-07	 9.93956367547626008739e-07	 1.35941095434297624762e-08	 2.40537433668207590542e-08	 2.40512029743378298757e-08	 2.40536458985976073960e-08	 
 4.00000000000000077716e-01	 9.46400009098198889130e-09	 9.44419523308123844291e-09	 9.46397272717369787042e-09	 9.89657861064863829840e-07	 9.89717614987866969452e-07	 9.88437215774133623512e-07	 9.93476299528738288888e-07	 3.47659975416465393756e-07	 3.25976195663062181556e-07	 9.81857418051987688968e-07	 1.35307768650739866300e-08	 2.39248546382508936545e-08	 2.39223408253749334486e-08	 2.39247582072791726917e-08	 
 4.19999999999999984457e-01	 9.40574834001297862949e-09	 9.38619472126844441630e-09	 9.40579114340158231998e-09	 9.76490870140711664607e-07	 9.76574003571214592568e-07	 9.75289882728412483578e-07	 9.80400472020298915463e-07	 3.42973756761913997087e-07	 3.21536356444880572610e-07	 9.68790043215295372292e-07	 1.34559440454869598715e-08	 2.37743920617009843414e-08	 2.37719079026772409967e-08	 2.37742974354862903197e-08	 
 4.39999999999999946709e-01	 9.33893810174963115904e-09	 9.31966111593707337288e-09	 9.33905892202897183902e-09	 9.62375437004820501229e-07	 9.62480831370193125923e-07	 9.61197815525825155624e-07	 9.66383218456064854704e-07	 3.37962052225404436299e-07	 3.16791547229400629397e-07	 9.54779107307333272571e-07	 1.33695681612047193401e-08	 2.36022927517064719790e-08	 2.35998411852727227502e-08	 2.36022006572313655655e-08	 
 4.60000000000000131006e-01	 9.26359006831315204254e-09	 9.24461040321684182459e-09	 9.26379212030761921749e-09	 9.47343587278829217219e-07	 9.47470360466164776557e-07	 9.46192408771827781340e-07	 9.51456444197656080446e-07	 3.32636493374644237456e-07	 3.11752860275237341735e-07	 9.39856624700298659448e-07	 1.32716686572227482936e-08	 2.34086108339495302334e-08	 2.34061945901214853085e-08	 2.34085219029484186256e-08	 
 4.80000000000000037748e-01	 9.17977644812433075987e-09	 9.16110883584417121034e-09	 9.18005609566646843049e-09	 9.31434836315357608607e-07	 9.31581874056798326662e-07	 9.30311403398965624961e-07	 9.35657983812755897144e-07	 3.27011018761762618471e-07	 3.06433548186847081620e-07	 9.24062149035611479451e-07	 1.31623320206154160506e-08	 2.31935258812704622442e-08	 2.31911474014468510678e-08	 2.31934405898163307832e-08	 
 5.00000000000000000000e-01	 9.08757239919849778326e-09	 9.06922553939979123855e-09	 9.08791906614007869459e-09	 9.14687663314651285798e-07	 9.14853628399283967481e-07	 9.13591552104505001321e-07	 9.19024741624765968805e-07	 3.21099205662477555395e-07	 3.00846508115463543594e-07	 9.07434190249066675403e-07	 1.30416507095452438075e-08	 2.29572248345073618172e-08	 2.29548862681867241993e-08	 2.29571435021005749863e-08	 
 5.20000000000000128786e-01	 8.98710103069932656513e-09	 8.96908103716936425547e-09	 8.98750086984535794557e-09	 8.97146731050770582561e-07	 8.97329615937501077324e-07	 8.96076413902920788930e-07	 9.01600129054849742409e-07	 3.14916776296353715053e-07	 2.95006661577870126588e-07	 8.90017333354420222641e-07	 1.29097844808467754455e-08	 2.27000244276415000780e-08	 2.26977277223487261316e-08	 2.26999473070279973240e-08	 
 5.40000000000000035527e-01	 8.87853595165206143673e-09	 8.86085014422027741362e-09	 8.87897587780114272172e-09	 8.78863083616063774577e-07	 8.79059721773345929912e-07	 8.77816615328924503826e-07	 8.83434298646542991995e-07	 3.08481664852534447293e-07	 2.88931017575707029482e-07	 8.71862428000645061433e-07	 1.27669642208801542003e-08	 2.24223784001166543611e-08	 2.24201254011958370027e-08	 2.24223057759966831397e-08	 
 5.60000000000000053291e-01	 8.76204913526669825492e-09	 8.74470601515644406868e-09	 8.76251678149049568958e-09	 8.59885329641751179689e-07	 8.60091445502290453339e-07	 8.58860362170743358415e-07	 8.64575086710428124278e-07	 3.01810959265707365283e-07	 2.82635768210024091679e-07	 8.53017890734414854786e-07	 1.26134219496254640558e-08	 2.21247360228259297006e-08	 2.21225284747466317296e-08	 2.21246682126873306821e-08	 
 5.79999999999999849010e-01	 8.63785563284936999195e-09	 8.62086275840346680324e-09	 8.63833942927256528860e-09	 8.40267314847196997240e-07	 8.40478775173027571891e-07	 8.39262230442985474811e-07	 8.45076140859576467512e-07	 2.94923703893012683911e-07	 2.76138934083889647525e-07	 8.33537877183268508273e-07	 1.24494617196700748251e-08	 2.18076886100292695853e-08	 2.18055281113487528658e-08	 2.18076259009935769187e-08	 
 5.99999999999999977796e-01	 8.50621490353497541934e-09	 8.48957660047071303425e-09	 8.50670416347451624783e-09	 8.20068184526061128439e-07	 8.20282351843476933021e-07	 8.19083320966870717829e-07	 8.24997031475850581870e-07	 2.87840931256191471890e-07	 2.69460392865063550369e-07	 8.13482387272930300178e-07	 1.22754626606483805403e-08	 2.14719754821964054935e-08	 2.14698634377318659568e-08	 2.14719180628011558100e-08	 
 6.20000000000000106581e-01	 8.36737714875033692089e-09	 8.35109454496286149046e-09	 8.36786201425480505527e-09	 7.99342984084964903363e-07	 7.99558626687617097828e-07	 7.98380516268179629460e-07	 8.04393313701628061151e-07	 2.80582236858417705216e-07	 2.62618646727111998176e-07	 7.92907266749519926515e-07	 1.20917960095702062245e-08	 2.11183108651896548019e-08	 2.11162484920213368497e-08	 2.11182588286924344403e-08	 
 6.39999999999999902300e-01	 8.22167371808268863513e-09	 8.20574739915408676387e-09	 8.22214476020987847867e-09	 7.78152082708171158357e-07	 7.78368986440971151305e-07	 7.77215326068366205991e-07	 7.83326042750279658655e-07	 2.73168927924092010210e-07	 2.55633781198842120217e-07	 7.71872787107299950786e-07	 1.18987090121583566740e-08	 2.07475393975941355777e-08	 2.07455276916780957890e-08	 2.07474927448152992562e-08	 
 6.60000000000000031086e-01	 8.06952034135281659686e-09	 8.05395318746829692721e-09	 8.06996813575660273396e-09	 7.56561210208340235436e-07	 7.56779765605544038126e-07	 7.55653879245013288806e-07	 7.61861824771981030376e-07	 2.65624026660767025699e-07	 2.48527466322652090270e-07	 7.50443625482393001821e-07	 1.16963139542542785309e-08	 2.03606393263081471622e-08	 2.03586790275968338064e-08	 2.03605979686615713466e-08	 
 6.80000000000000159872e-01	 7.91130999672681659045e-09	 7.89610706374416529193e-09	 7.91172508996367372435e-09	 7.34630001774642875995e-07	 7.34851161714869783043e-07	 7.33756185145669608276e-07	 7.40061256471284976918e-07	 2.57968452609281409410e-07	 2.41319371369751574422e-07	 7.28678446363724800128e-07	 1.14847108178440795368e-08	 1.99585349487009790930e-08	 1.99566265531413909622e-08	 1.99584987122642207446e-08	 
 6.99999999999999955591e-01	 7.74747081703009968196e-09	 7.73263938253891013805e-09	 7.74784666876405374897e-09	 7.12422784483942120133e-07	 7.12647394822489679877e-07	 7.11585699054253409950e-07	 7.17987662944782112619e-07	 2.50224470435565135568e-07	 2.34030476374569025107e-07	 7.06639722298406879065e-07	 1.12644979036826071377e-08	 1.95422841189015767394e-08	 1.95404279677632585038e-08	 1.95422527659409194160e-08	 
 7.20000000000000084377e-01	 7.57846600261185727499e-09	 7.56401562587466528284e-09	 7.57880208201042576217e-09	 6.90008559207431364086e-07	 6.90236655477846815754e-07	 6.89209239699590088582e-07	 6.95706980620452458600e-07	 2.42415668785789320261e-07	 2.26683054566349604328e-07	 6.84393670213343857207e-07	 1.10367945959806488723e-08	 1.91130801632499167537e-08	 1.91112765375685436280e-08	 1.91130534147880580203e-08	 
 7.39999999999999991118e-01	 7.40472338893865908453e-09	 7.39066580865330346088e-09	 7.40502480534353011052e-09	 6.67448075854304688300e-07	 6.67678965606709594479e-07	 6.66685587971673768410e-07	 6.73277382507045976194e-07	 2.34562853046325347127e-07	 2.19296727507031537190e-07	 6.61998518588948462902e-07	 1.08026507675001568265e-08	 1.86720249393059912152e-08	 1.86702740659943510225e-08	 1.86720024776214548918e-08	 
 7.60000000000000008882e-01	 7.22671913773634739498e-09	 7.21306475879069215264e-09	 7.22699177398897459592e-09	 6.44805458482284734136e-07	 6.45037456216943554773e-07	 6.44077437069226098154e-07	 6.50760959136045161060e-07	 2.26687879130891295766e-07	 2.11892084586762661344e-07	 6.39516955285443397055e-07	 1.05629239644132430935e-08	 1.82203319186532854006e-08	 1.82186339596044246989e-08	 1.82203133448426746240e-08	 
 7.80000000000000137668e-01	 7.04497787430109312877e-09	 7.03173213565301667257e-09	 7.04522335565547978696e-09	 6.22148131408240597306e-07	 6.22378281068344179976e-07	 6.21451332523295747703e-07	 6.28223657828456059849e-07	 2.18813622346123068353e-07	 2.04490653305339085097e-07	 6.17016089458513230873e-07	 1.03182717434885416687e-08	 1.77593261787975693878e-08	 1.77576812203998656156e-08	 1.77593109687373840065e-08	 
 7.99999999999999933387e-01	 6.85997170915029423315e-09	 6.84713551094723931263e-09	 6.86018772844996246882e-09	 5.99533241386891854146e-07	 5.99757463623129131887e-07	 5.98863646826506739525e-07	 6.05721567811253607343e-07	 2.10959521481310551293e-07	 1.97110698785667223705e-07	 5.94552786624116568262e-07	 1.00692977938694448605e-08	 1.72901992294367923638e-08	 1.72886072930658333203e-08	 1.72901867427920677007e-08	 
 8.20000000000000062172e-01	 6.67220897093337925205e-09	 6.65978015528684710756e-09	 6.67239273572014740760e-09	 5.77019329899450696962e-07	 5.77234284266678917087e-07	 5.76373341716202317835e-07	 5.83313304761728121301e-07	 2.03145708020545536164e-07	 1.89771140800479424906e-07	 5.72186359257799947965e-07	 9.81665377860966024225e-09	 1.68142352280128550042e-08	 1.68126962017061515078e-08	 1.68142247911760373225e-08	 
 8.39999999999999857891e-01	 6.48223380538276516530e-09	 6.47020865553544604532e-09	 6.48238554347702513853e-09	 5.54666222926382818171e-07	 5.54871207464268210561e-07	 5.54041882497644986609e-07	 5.61059922754252774145e-07	 1.95392971409261473668e-07	 1.82491521459126718159e-07	 5.49978483334733982286e-07	 9.56103869708158220441e-09	 1.63328099609552556782e-08	 1.63313235302017551639e-08	 1.63328009514847726406e-08	 
 8.60000000000000097700e-01	 6.29052056963859792774e-09	 6.27889398940124511414e-09	 6.29064322140595803460e-09	 5.32521973835011819455e-07	 5.32718584508972324341e-07	 5.31918752899389629046e-07	 5.39010861033380887141e-07	 1.87718118904384772264e-07	 1.75287608330514302595e-07	 5.27978819781930839658e-07	 9.30307774606659716208e-09	 1.58471215868783663868e-08	 1.58456872601960024121e-08	 1.58471134276514891378e-08	 
 8.80000000000000115463e-01	 6.09757504286659004980e-09	 6.08634022758930813185e-09	 6.09767053242056599093e-09	 5.10636869947242499955e-07	 5.10827681331278907698e-07	 5.10055133393499931783e-07	 5.17216810433008950948e-07	 1.80138469070280310907e-07	 1.68175628828457075121e-07	 5.06239202028759338668e-07	 9.04343238049917487904e-09	 1.53584492087029874561e-08	 1.53570663537749382628e-08	 1.53584414514371901308e-08	 
 8.99999999999999911182e-01	 5.90393390243091249425e-09	 5.89308200726103928913e-09	 5.90399939856576817985e-09	 4.89063345026487167669e-07	 4.89250595194294380813e-07	 4.88503819080889896055e-07	 4.95729626602734747883e-07	 1.72671821338055149069e-07	 1.61172241824109624730e-07	 4.84813561004846151866e-07	 8.78279959978269529404e-09	 1.48681515512017783141e-08	 1.48668194311484144442e-08	 1.48681439610397343560e-08	 
 9.20000000000000039968e-01	 5.71004678836158569539e-09	 5.69956719375507830023e-09	 5.71007522148852143847e-09	 4.67840545667239408610e-07	 4.68026185096919436471e-07	 4.67304264268826782097e-07	 4.74588347895242888685e-07	 1.65331577812132160920e-07	 1.54289952195925257194e-07	 4.63742314006998158309e-07	 8.52178421805746114107e-09	 1.43773656508365594064e-08	 1.43760834440302359836e-08	 1.43773581821230887336e-08	 
 9.39999999999999835687e-01	 5.51638745693270393292e-09	 5.50627137528532010689e-09	 5.51637327184355556274e-09	 4.47010059317270251928e-07	 4.47195539543166546101e-07	 4.46497227170481666879e-07	 4.53833044841351432990e-07	 1.58131546398348660086e-07	 1.47541635940333584742e-07	 4.43065926256969733396e-07	 8.26101706243150879441e-09	 1.38872943947886613109e-08	 1.38860612660498895542e-08	 1.38872871851685005153e-08	 
 9.60000000000000075495e-01	 5.32345330380871970548e-09	 5.31369734947207177106e-09	 5.32339813250132446645e-09	 4.26615826329698354094e-07	 4.26801887239319047320e-07	 4.26124694116762050007e-07	 4.33504740372371829701e-07	 1.51085914015549817088e-07	 1.40940515273393812276e-07	 4.22824854950955369046e-07	 8.00115451885923614423e-09	 1.33992052873720513306e-08	 1.33980204588013085877e-08	 1.33991986533816593009e-08	 
 9.80000000000000093259e-01	 5.13163951989323559728e-09	 5.12224504429480611149e-09	 5.13155119626600424461e-09	 4.06687254154470634741e-07	 4.06874046372063936099e-07	 4.06214448999189575963e-07	 4.13630875126294071306e-07	 1.44204222169782430578e-07	 1.34495436438517090601e-07	 4.03045614940841128913e-07	 7.74274577385153733329e-09	 1.29141045237598276446e-08	 1.29129672775511675785e-08	 1.29140989386296265605e-08	 
 9.99999999999999888978e-01	 4.94136894375679678008e-09	 4.93233673893035362559e-09	 4.94125785138814523473e-09	 3.87254285388049625376e-07	 3.87441811983746115074e-07	 3.86796494243486168744e-07	 3.94239269347542128426e-07	 1.37496380270732566155e-07	 1.28215600086608185456e-07	 3.83757235835771292143e-07	 7.48634355243378819822e-09	 1.24330598301912953829e-08	 1.24319693762782106007e-08	 1.24330558074770187119e-08	 
 1.02000000000000001776e+00	 4.75309148480613209849e-09	 4.74441666695101587497e-09	 4.75296705023661653181e-09	 3.68347339476066154505e-07	 3.68535880374857157382e-07	 3.67902936726867256714e-07	 3.75358046945587718800e-07	 1.30972636675627115886e-07	 1.22110534003666254118e-07	 3.64991131189902895325e-07	 7.23250447547004845893e-09	 1.19571992994643838133e-08	 1.19561546477259499544e-08	 1.19571972808093080387e-08	 
 1.04000000000000003553e+00	 4.56714025597020800637e-09	 4.55881321098306479175e-09	 4.56701108565782707098e-09	 3.49982246447033346638e-07	 3.50172311592026197863e-07	 3.49550984899464471305e-07	 3.57001711919707573417e-07	 1.24638537560401414938e-07	 1.16185344662388005047e-07	 3.46763969932642210649e-07	 6.98167173479225515952e-09	 1.14873554891291491030e-08	 1.14863554925352924432e-08	 1.14873558575358890153e-08	 
 1.06000000000000005329e+00	 4.38387145435340123710e-09	 4.37587959988491463669e-09	 4.38374381788368782873e-09	 3.32177295831517138610e-07	 3.32368880125883354560e-07	 3.31759638389956721783e-07	 3.39188579979021421676e-07	 1.18500138193520340275e-07	 1.10445634613870192103e-07	 3.29094356947509070438e-07	 6.73430443089670336954e-09	 1.10244178855430277922e-08	 1.10234612587365851470e-08	 1.10244208420261601810e-08	 
 1.08000000000000007105e+00	 4.20366387877855848775e-09	 4.19599331057423887681e-09	 4.20354024606174990437e-09	 3.14953055648131309648e-07	 3.15144926679425697502e-07	 3.14549549783914513130e-07	 3.21940521501704358061e-07	 1.12563957014765919230e-07	 1.04897459097291713385e-07	 3.12002685342032632196e-07	 6.49087765622310463951e-09	 1.05693316811460326596e-08	 1.05684170172851578172e-08	 1.05693371257574829289e-08	 
 1.09999999999999986677e+00	 4.02676926587385022123e-09	 4.01940507142106241851e-09	 4.02664895840679954397e-09	 2.98315284850290933087e-07	 2.98505240444800911660e-07	 2.97926535763568331235e-07	 3.05264939805223868728e-07	 1.06831902980592376313e-07	 9.95425465614634397669e-08	 2.95494605360958309202e-07	 6.25174749790257113774e-09	 1.01227212196802244083e-08	 1.01218470257357730533e-08	 1.01227288055625252127e-08	 
 1.11999999999999988454e+00	 3.85346128292479893832e-09	 3.84639019875705323698e-09	 3.85334156861623604039e-09	 2.82272526204168825165e-07	 2.82457510421778702602e-07	 2.81898670892458843712e-07	 2.89171583735235251966e-07	 1.01306566767123060737e-07	 9.43832715302295580415e-08	 2.79578027940717553176e-07	 6.01727921121671125831e-09	 9.68527521025691262097e-09	 9.68443998663974819411e-09	 9.68528445173992897461e-09	 
 1.14000000000000012434e+00	 3.68403486744208801602e-09	 3.67724777318035651613e-09	 3.68391195369653672374e-09	 2.66835836393512245846e-07	 2.67012037793985058048e-07	 2.66476050838549812455e-07	 2.73672315536339589553e-07	 9.59911451318191705264e-08	 8.94225843779760177028e-08	 2.64262887978798559563e-07	 5.78784790708467019476e-09	 9.25774442002553027406e-09	 9.25694673505422293238e-09	 9.25775479117972400014e-09	 
 1.15999999999999992006e+00	 3.51865212839622523294e-09	 3.51214334040269904868e-09	 3.51852136256639218882e-09	 2.52001725754357898510e-07	 2.52164763863435815408e-07	 2.51654440703456329109e-07	 2.58764892105904774230e-07	 9.08844571567196490690e-08	 8.46593427501296918155e-08	 2.49544878739150552569e-07	 5.56371175929937057046e-09	 8.84054104684218970463e-09	 8.83977953947645119908e-09	 8.84055199048070031015e-09	 
 1.18000000000000015987e+00	 3.35749898428461735932e-09	 3.35126358212292728798e-09	 3.35735649770772845626e-09	 2.37769435669126917691e-07	 2.37915859405843808588e-07	 2.37433013207450862661e-07	 2.44449116400687788875e-07	 8.59860764253056165479e-08	 8.00930533736221913756e-08	 2.35423951571963800485e-07	 5.34511958961885283213e-09	 8.43412668460881442757e-09	 8.43340004272679223155e-09	 8.43413771643811248272e-09	 
 1.19999999999999973355e+00	 3.20078244982994669952e-09	 3.19481387081156233230e-09	 3.20062666348294276547e-09	 2.24140485146074252713e-07	 2.24269147866358042217e-07	 2.23813833939322611124e-07	 2.30726440603671096075e-07	 8.12961890646332985700e-08	 7.57237455920753932885e-08	 2.21903735045318398039e-07	 5.13231064535972834881e-09	 8.03900641392253044631e-09	 8.03831335620570785067e-09	 8.03901721794970736900e-09	 
 1.21999999999999997335e+00	 3.04856455769692911312e-09	 3.04285509832383229311e-09	 3.04839568041690577771e-09	 2.11101992722225743476e-07	 2.11213480530525342990e-07	 2.10784442388396216504e-07	 2.17584531628799135521e-07	 7.68107266563192414262e-08	 7.15475255178844380680e-08	 2.08973001573292205870e-07	 4.92540579312127661845e-09	 7.65532125153212913311e-09	 7.65466054073703120174e-09	 7.65533164312888401475e-09	 
 1.24000000000000021316e+00	 2.90093881234299982462e-09	 2.89548221843817668825e-09	 2.90076045444805989032e-09	 1.98645635161698262316e-07	 1.98741551480722041088e-07	 1.98337176587566043902e-07	 2.05015185129920609266e-07	 7.25266637640268484551e-08	 6.75614703882819175800e-08	 1.96623431583256274650e-07	 4.72452372611295671347e-09	 7.28330142011768669076e-09	 7.28267188813057634576e-09	 7.28331129155508870122e-09	 
 1.25999999999999978684e+00	 2.75802775026094192471e-09	 2.75282153928614504113e-09	 2.75784840212279345209e-09	 1.86767014793136471044e-07	 1.86849365011850210959e-07	 1.86468524638471195223e-07	 1.93013730800090232775e-07	 6.84418584350265655421e-08	 6.37634810326097339117e-08	 1.84849170430108214054e-07	 4.52978259026240423520e-09	 6.92325901464850427316e-09	 6.92265958629522449773e-09	 6.92326828802627494042e-09	 
 1.28000000000000002665e+00	 2.61980908945236688792e-09	 2.61485383468124651378e-09	 2.61964092586165062268e-09	 1.75447878888791226151e-07	 1.75518929980562773406e-07	 1.75160880002563972772e-07	 1.81562292153132090743e-07	 6.45503470871623707483e-08	 6.01479687349677686189e-08	 1.73630977342468917601e-07	 4.34119924419556489868e-09	 6.57513819610013245730e-09	 6.57456788967032042842e-09	 6.57514681381487886003e-09	 
 1.30000000000000026645e+00	 2.48631220786091837089e-09	 2.48160737406717318834e-09	 2.48616443542639344099e-09	 1.64675551861995490614e-07	 1.64737646033254925938e-07	 1.64401538215801929404e-07	 1.70648433878514769251e-07	 6.08475097809099246977e-08	 5.67104909875424785904e-08	 1.62956137982339804258e-07	 4.15879513082663443469e-09	 6.23900342881267429657e-09	 6.23846129633294371886e-09	 6.23901126299830283999e-09	 
 1.32000000000000006217e+00	 2.35761181226388920192e-09	 2.35315213774196888388e-09	 2.35748486698997535582e-09	 1.54442005161581718049e-07	 1.54497403062389260347e-07	 1.54181858676764513247e-07	 1.60264239318378196415e-07	 5.73298234953589670162e-08	 5.34475365822570662629e-08	 1.52817405566020076982e-07	 3.98259597891037375577e-09	 5.91502471065175773512e-09	 5.91450978739600790227e-09	 5.91503148444871627012e-09	 
 1.34000000000000007994e+00	 2.23363237424210258944e-09	 2.22940934142435374391e-09	 2.23352021187351927628e-09	 1.44725771946801793162e-07	 1.44776656223595544921e-07	 1.44479944956994145122e-07	 1.50388829515473969565e-07	 5.39903275871210039175e-08	 5.03525517825600552035e-08	 1.43193985071622356618e-07	 3.81254285068177697192e-09	 5.60299615128737365452e-09	 5.60250748665061015393e-09	 5.60300147675956437362e-09	 
 1.35999999999999987566e+00	 2.11435052217062417088e-09	 2.11035370017052059248e-09	 2.11424466384623806859e-09	 1.35511230537271610882e-07	 1.35560159585746522129e-07	 1.35280258847506346583e-07	 1.41007567432828679790e-07	 5.08233786541575358000e-08	 4.74201598887848736260e-08	 1.34070681983976513434e-07	 3.64857610258677516194e-09	 5.30284882917275207978e-09	 5.30238553671688945341e-09	 5.30285249865409413112e-09	 
 1.37999999999999989342e+00	 1.99978697820268580102e-09	 1.99600511303466339870e-09	 1.99967986888015741230e-09	 1.26787453375302469381e-07	 1.26837744047081358641e-07	 1.26572384304280274367e-07	 1.32110843998339392720e-07	 4.78243562689202747316e-08	 4.46458957326411654310e-08	 1.25436792442671382621e-07	 3.49063462022519607067e-09	 5.01462939658315170165e-09	 5.01419069731564737959e-09	 5.01463163176419437421e-09	 
 1.40000000000000013323e+00	 1.88981142721330675968e-09	 1.88623298207499916000e-09	 1.88969622054057278061e-09	 1.18530729576737547950e-07	 1.18586186612872449530e-07	 1.18332966544060234379e-07	 1.23676208713914667338e-07	 4.49856784924960441717e-08	 4.20227450435594964284e-08	 1.17268871731007523588e-07	 3.33859286817689838813e-09	 4.73800363262540820755e-09	 4.73758885400294744848e-09	 4.73800496080001160203e-09	 
 1.41999999999999992895e+00	 1.78435698899475352050e-09	 1.78097219067736221644e-09	 1.78423012853292622797e-09	 1.10725323256760515880e-07	 1.10787900419900046983e-07	 1.10545188717112038031e-07	 1.15687833354206864253e-07	 4.23012988609024947892e-08	 3.95448807469195052262e-08	 1.09549901738188018884e-07	 3.19233151382662993342e-09	 4.47280112963934549988e-09	 4.47240955465431961833e-09	 4.47280211397067227999e-09	 
 1.44000000000000016875e+00	 1.68340834890904180103e-09	 1.68021088554812197297e-09	 1.68327175721913241647e-09	 1.03361776560852626290e-07	 1.03429619905548816869e-07	 1.03197309569813016614e-07	 1.08135046852132724114e-07	 3.97663247391874791653e-08	 3.72073505113518804434e-08	 1.02267842214949481975e-07	 3.05173418060475730410e-09	 4.21898458676544568475e-09	 4.21861532906989137759e-09	 4.21898560749845508756e-09	 
 1.45999999999999996447e+00	 1.58679657555030577136e-09	 1.58378280632313170973e-09	 1.58665597084033548968e-09	 9.64174188425858422579e-08	 9.64861573687587929048e-08	 9.62651677257365246228e-08	 1.00994544972696517596e-07	 3.73732649636304450532e-08	 3.50031496135394913266e-08	 9.53984663568779974537e-08	 2.91663567846723903911e-09	 3.97612735926189787386e-09	 3.97577944800409623732e-09	 3.97612867085487593222e-09	 
 1.47999999999999998224e+00	 1.49443656100950759813e-09	 1.49160297319016502500e-09	 1.49430028910235016376e-09	 8.98753823482830718837e-08	 8.99403748177960203305e-08	 8.97318184473279997694e-08	 9.42502704557357543325e-08	 3.51160292765626373861e-08	 3.29264040848291349391e-08	 8.89245492421193145915e-08	 2.78688246502051895586e-09	 3.74400925684164222518e-09	 3.74368166583083376712e-09	 3.74401102719096662147e-09	 
 1.50000000000000000000e+00	 1.40630915390906657884e-09	 1.40365033185199910513e-09	 1.40618731720196307574e-09	 8.37231095817007761780e-08	 8.37812058809779151333e-08	 8.35857355102343664695e-08	 8.78916299038835169824e-08	 3.29895224207354786097e-08	 3.09720251792388013554e-08	 8.28341063676610562701e-08	 2.66232705784749652835e-09	 3.52257232267088902373e-09	 3.52226399045310967128e-09	 3.52257466095918937711e-09	 
 1.52000000000000001776e+00	 1.32223124012443260930e-09	 1.31974073988660390106e-09	 1.32213505464993896578e-09	 7.79362709039933757380e-08	 7.79852776233905789178e-08	 7.78032542557293782534e-08	 8.18954692225655702863e-08	 3.09864869813159653261e-08	 2.91333566801505800475e-08	 7.71033415370745331265e-08	 2.54278355663226226549e-09	 3.31134680597876340457e-09	 3.31105668005233120539e-09	 3.31134978459516076787e-09	 
 1.54000000000000003553e+00	 1.24210702165962160362e-09	 1.23977530981018503213e-09	 1.24204198425275174826e-09	 7.24983682680636037800e-08	 7.25372065513774891111e-08	 7.23683240778725172526e-08	 7.62468237478074985558e-08	 2.91009762626187562436e-08	 2.74046192849200000962e-08	 7.17166515757829253784e-08	 2.42810110923495109763e-09	 3.11008468805279417638e-09	 3.10981169622357614951e-09	 3.11008827049124592569e-09	 
 1.56000000000000027534e+00	 1.16590698041727844415e-09	 1.16371974335165505681e-09	 1.16586745396863539809e-09	 6.73985687669125919317e-08	 6.74274346943643888387e-08	 6.72704103636410756449e-08	 7.09367248735111441396e-08	 2.73279175055865463463e-08	 2.57805767463856154030e-08	 6.66644039819994682389e-08	 2.31815179113609639747e-09	 2.91870595483786103816e-09	 2.91844898218985519959e-09	 2.91870993632879778923e-09	 
 1.58000000000000007105e+00	 1.09343122101848419620e-09	 1.09137130898380755243e-09	 1.09340444618164282719e-09	 6.26142429467090036008e-08	 6.26340422720530036838e-08	 6.24870232426353005821e-08	 6.59433088032244057258e-08	 2.56604979722999573961e-08	 2.42549728372112317857e-08	 6.19248279327311629812e-08	 2.21276261487802465421e-09	 2.73670114997262014037e-09	 2.73645908622635712789e-09	 2.73670521968892255862e-09	 
 1.60000000000000008882e+00	 1.02456823084277594856e-09	 1.02261948615719032731e-09	 1.02454020203453459469e-09	 5.81298150003779311959e-08	 5.81417862035341524373e-08	 5.80030068441732732758e-08	 6.12526878471967840567e-08	 2.40931623466971744035e-08	 2.28223112669599900911e-08	 5.74830655537372643864e-08	 2.11174997661045061582e-09	 2.56378091209492685496e-09	 2.56355276710981153959e-09	 2.56378474964414759943e-09	 
 1.61999999999999988454e+00	 9.59270567678325284132e-10	 9.57420672586218106209e-10	 9.59230275498450444971e-10	 5.39345587446099591249e-08	 5.39400199142474415765e-08	 5.38082824098274335806e-08	 5.68565833136978184774e-08	 2.26211397652591581677e-08	 2.14775081053109255486e-08	 5.33290381145573608729e-08	 2.01491629492604348170e-09	 2.39981514411950250400e-09	 2.39960013785986421028e-09	 2.39981849102786392009e-09	 
 1.64000000000000012434e+00	 8.97319076489620837992e-10	 8.95558179059136353430e-10	 8.97257163224990912588e-10	 5.00066882469578213822e-08	 5.00069317485853123382e-08	 4.98813814461124348677e-08	 5.27339848871092217031e-08	 2.12382497349390931432e-08	 2.02148981590338603131e-08	 4.94414544419221471356e-08	 1.92203725861855037938e-09	 2.24424296221550323287e-09	 2.24404047628356612512e-09	 2.24424560029594808319e-09	 
 1.66000000000000014211e+00	 8.38599938075860146843e-10	 8.36921831706623452704e-10	 8.38511426411137215528e-10	 4.63327832981884487650e-08	 4.63289196324422800348e-08	 4.62090254569153848301e-08	 4.88719863659643018623e-08	 1.99394554801286752352e-08	 1.90295677083351501358e-08	 4.58066905920393578470e-08	 1.83291906104921518779e-09	 2.09679011805910658626e-09	 2.09659967640732484943e-09	 2.09679203992097792972e-09	 
 1.67999999999999993783e+00	 7.83072333051297230340e-10	 7.81475507404215348164e-10	 7.82958811943091953756e-10	 4.29049987005371154687e-08	 4.28978442837774063383e-08	 4.27833967892153853820e-08	 4.52631216709667285903e-08	 1.87203729041655223774e-08	 1.79169688019433988547e-08	 4.24162015254769813649e-08	 1.74738046202222333274e-09	 1.95738189287464707758e-09	 1.95720315517851127969e-09	 1.95738343246504774692e-09	 
 1.70000000000000017764e+00	 7.30514167066200221823e-10	 7.29000067384043243122e-10	 7.30380897420875864177e-10	 3.97040573043202347443e-08	 3.96942244493998912485e-08	 3.95851649824169821261e-08	 4.18874506208258447282e-08	 1.75754586056504285662e-08	 1.68721779824738668859e-08	 3.92504789831436948538e-08	 1.66519270195544602218e-09	 1.82547274667879038181e-09	 1.82530549049561740958e-09	 1.82547444114025713500e-09	 
 1.71999999999999997335e+00	 6.80818095416946203784e-10	 6.79389613853807991451e-10	 6.80673236990889963864e-10	 3.67177481134165509786e-08	 3.67057946480175916638e-08	 3.66018798919991837558e-08	 3.87330490297133723811e-08	 1.65001554607183677551e-08	 1.58906042528878597988e-08	 3.62973695736926747653e-08	 1.58618401163487788823e-09	 1.70079484987453879921e-09	 1.70063877341688761982e-09	 1.70079715559534525742e-09	 
 1.73999999999999999112e+00	 6.33952818685712594785e-10	 6.32613390371894153389e-10	 6.33807149826021508421e-10	 3.39382789805171260051e-08	 3.39248087648596202136e-08	 3.38253684385644953394e-08	 3.57930820638827033860e-08	 1.54903968013849675239e-08	 1.49676825310854425872e-08	 3.35493322792116441590e-08	 1.51021068459454000072e-09	 1.58326470503238261222e-09	 1.58311928931974232883e-09	 1.58326780335200444312e-09	 
 1.76000000000000023093e+00	 5.89695858929855249372e-10	 5.88449696838389530231e-10	 5.89561814173601485234e-10	 3.13473433686090942989e-08	 3.13329759753532924051e-08	 3.12370436645055205263e-08	 3.30486721208850101738e-08	 1.45411338326073495111e-08	 1.40987518827305149696e-08	 3.09883866839468017574e-08	 1.43704021841228221509e-09	 1.47231794991326505331e-09	 1.47218260146348824290e-09	 1.47232188507867662215e-09	 
 1.78000000000000002665e+00	 5.47955122573013034671e-10	 5.46803630434565593391e-10	 5.47842489274854152940e-10	 2.89343689745206018108e-08	 2.89197842447231486227e-08	 2.88261882681677160001e-08	 3.04893950190592465973e-08	 1.36484667819400374026e-08	 1.32799218003700991547e-08	 2.86041306930831615889e-08	 1.36654381945007665524e-09	 1.36771742953867334440e-09	 1.36759151311788726630e-09	 1.36772211833492165923e-09	 
 1.80000000000000004441e+00	 5.08721286658110538233e-10	 5.07660524380231559824e-10	 5.08634259174422239762e-10	 2.66933902251934248712e-08	 2.66793627823699985610e-08	 2.65867624605265909461e-08	 2.81099181674582567549e-08	 1.28090450361343694825e-08	 1.25075774770447482499e-08	 2.63906750952425883678e-08	 1.29864917515914334959e-09	 1.26943327624449017006e-09	 1.26931612847893938934e-09	 1.26943850193950222120e-09	 
 1.81999999999999984013e+00	 4.71779305328810915174e-10	 4.70803044115766348395e-10	 4.71719587152438014442e-10	 2.46080448209090633381e-08	 2.45954205715467715994e-08	 2.45022515140855978140e-08	 2.58929084227872405671e-08	 1.20183766127337140619e-08	 1.17776430569076918424e-08	 2.43319078395425381891e-08	 1.23312716667013881291e-09	 1.17691953544170493660e-09	 1.17681051347764119952e-09	 1.17692501699380782942e-09	 
 1.84000000000000007994e+00	 4.37046529784108192325e-10	 4.36146350454254467014e-10	 4.37012012208681767843e-10	 2.26699049212903699657e-08	 2.26592890464084065310e-08	 2.25644287367777987607e-08	 2.38298073792103708533e-08	 1.12733501980153871390e-08	 1.10871955692517591416e-08	 2.24190596019429939060e-08	 1.16989446191719599826e-09	 1.08995956557511329961e-09	 1.08985803671161456462e-09	 1.08996503914694366994e-09	 
 1.86000000000000009770e+00	 4.04519894638965816070e-10	 4.03684980716393936129e-10	 4.04503443611191866511e-10	 2.08750511405733493938e-08	 2.08666003110680943045e-08	 2.07698054189048299551e-08	 2.19170785609253698073e-08	 1.05715078030392374998e-08	 1.04338058890315506591e-08	 2.06474768164211094284e-08	 1.10894851312942377533e-09	 1.00853390721385952710e-09	 1.00843924069610992546e-09	 1.00853917390982233616e-09	 
 1.87999999999999989342e+00	 3.73985261528353180001e-10	 3.73203744176604305545e-10	 3.73977352999032561540e-10	 1.92091360806841536601e-08	 1.92028483013106374863e-08	 1.91040872385747521429e-08	 2.01390596943729384943e-08	 9.90881342349209284544e-09	 9.81386247452376547068e-09	 1.90026816455556546129e-08	 1.05005255285738426771e-09	 9.32096478831203463998e-10	 9.32008067715993499284e-10	 9.32101359965618006527e-10	 
 1.89999999999999991118e+00	 3.45363556006955187792e-10	 3.44626391318067198979e-10	 3.45356259083846984163e-10	 1.76647993577431693097e-08	 1.76605889380981669614e-08	 1.75600878188871683914e-08	 1.84886295829481766226e-08	 9.28289697171556288467e-09	 9.22524598028475449136e-09	 1.74774434347281364215e-08	 9.93188635864986260510e-10	 8.60455603103665811271e-10	 8.60372922082061038322e-10	 8.60459965249394844541e-10	 
 1.92000000000000015099e+00	 3.18651354104997885902e-10	 3.17954787385010106593e-10	 3.18640693981411956866e-10	 1.62383398499425402539e-08	 1.62360608309543327993e-08	 1.61343694350782542346e-08	 1.69632508741245231978e-08	 8.69216948055654608015e-09	 8.66650566223425721809e-09	 1.60683406514442397284e-08	 9.38462939968093110695e-10	 7.93618894038097861260e-10	 7.93541538454302872429e-10	 7.93622667423927340155e-10	 
 1.93999999999999994671e+00	 2.93634186062544028646e-10	 2.92976820130427879740e-10	 2.93617654915320034273e-10	 1.49165689481889289833e-08	 1.49160817665261932618e-08	 1.48137046129912301587e-08	 1.55485672826658629939e-08	 8.13284484817912577227e-09	 8.13416354339302912547e-09	 1.47625007906909930281e-08	 8.85649642991914846224e-10	 7.31052832801769473755e-10	 7.30980466962013679075e-10	 7.31055955501678868028e-10	 
 1.95999999999999996447e+00	 2.70248952958658683075e-10	 2.69630325666162904955e-10	 2.70226026700802899077e-10	 1.36933316782202555074e-08	 1.36942937680097437998e-08	 1.35918375232822222654e-08	 1.42385961355345669958e-08	 7.60334748713536807090e-09	 7.62702093354388390157e-09	 1.35540307256942332548e-08	 8.34822599347798299225e-10	 6.72595868866641420624e-10	 6.72528171661647619989e-10	 6.72598298409749107972e-10	 
 1.97999999999999998224e+00	 2.48512306703566305441e-10	 2.47932318827029597915e-10	 2.48485010364368602051e-10	 1.25658797524716342403e-08	 1.25676016100421405545e-08	 1.24658665123136647589e-08	 1.30315165105559547669e-08	 7.10315490436874502994e-09	 7.14497665470614115110e-09	 1.24404446463976792392e-08	 7.86218074608436383030e-10	 6.18282230383847958833e-10	 6.18218867722323434424e-10	 6.18283953026701090100e-10	 
 2.00000000000000000000e+00	 2.28220651583724332317e-10	 2.27679637136501344364e-10	 2.28191914121260589438e-10	 1.15224693444153897885e-08	 1.15240945543433970408e-08	 1.14237898485555576288e-08	 1.19141629166368924074e-08	 6.62867243301440030962e-09	 6.68471208355269971196e-09	 1.14103120461880708033e-08	 7.39605627368964876613e-10	 5.67596449277438285744e-10	 5.67537092204429559299e-10	 5.67597437480028648835e-10	 
 2.02000000000000001776e+00	 2.09321579347597909097e-10	 2.08818960530985410384e-10	 2.09292938545268397821e-10	 1.05585651552502195443e-08	 1.05594592942238304935e-08	 1.04608945985019524066e-08	 1.08818439305740042646e-08	 6.17907216161640847283e-09	 6.24585520247925664624e-09	 1.04588401983698088927e-08	 6.94608640483781734465e-10	 5.20404607504965650482e-10	 5.20348965825704827283e-10	 5.20404877625829624664e-10	 
 2.04000000000000003553e+00	 1.91836793389204411351e-10	 1.91370286101783079289e-10	 1.91807120051575227669e-10	 9.67292657909967685097e-09	 9.67290385801518487110e-09	 9.57575912995661569932e-09	 9.93378640053838991003e-09	 5.75484592389817823821e-09	 5.82947963551113696800e-09	 9.58420741522078163687e-09	 6.50714591982074048466e-10	 4.76759354786338458732e-10	 4.76707198569310622827e-10	 4.76759004602837117062e-10	 
 2.06000000000000005329e+00	 1.75570557481615571238e-10	 1.75137577955985577309e-10	 1.75537659174389106716e-10	 8.85544643292015774814e-09	 8.85445817333729529723e-09	 8.75789349824534035120e-09	 9.05816790965504040851e-09	 5.35250448321881326853e-09	 5.43231748372001407990e-09	 8.77626107635406858461e-09	 6.07190168921173034841e-10	 4.36167493588631932744e-10	 4.36118625779565837830e-10	 4.36166635414879939660e-10	 
 2.08000000000000007105e+00	 1.60478708187441041433e-10	 1.60077240802326408165e-10	 1.60442874373838547770e-10	 8.10205085424806298229e-09	 8.10041661767834211464e-09	 8.00362139537596126657e-09	 8.25149125223799256250e-09	 4.97170034999172841473e-09	 5.05443563607941555295e-09	 8.03124909856964680699e-09	 5.64674576317658686037e-10	 3.98517516818551798613e-10	 3.98471779555010216461e-10	 3.98516297797106870523e-10	 
 2.10000000000000053291e+00	 1.46585189472261855109e-10	 1.46214261357185121225e-10	 1.46551292938409414945e-10	 7.41106940196175140981e-09	 7.40966762596553833896e-09	 7.31208444277273771548e-09	 7.51383878952008838346e-09	 4.61354305577193222239e-09	 4.69749951924664266543e-09	 7.34803906066554511765e-09	 5.24547923494383399126e-10	 3.63869320825852290892e-10	 3.63826606745061111115e-10	 3.63867943147702986895e-10	 
 2.12000000000000010658e+00	 1.33704370149048010630e-10	 1.33363803666844262275e-10	 1.33679433853122598952e-10	 6.77320118486689127915e-09	 6.77321432093179645443e-09	 6.67389709856947569604e-09	 6.83474814852202307555e-09	 4.27451463517037234980e-09	 4.35812088230448137930e-09	 6.71769032107347650421e-09	 4.86853865457489795303e-10	 3.31756257857576971006e-10	 3.31716502636001365563e-10	 3.31754956718775138714e-10	 
 2.14000000000000012434e+00	 1.21798619797282627838e-10	 1.21487300533187236847e-10	 1.21786296297750596694e-10	 6.18577120222465324901e-09	 6.18776370094112524138e-09	 6.08636554039167325530e-09	 6.21126738387502819474e-09	 3.95460588944458373412e-09	 4.03661163294999552279e-09	 6.13735509996194853378e-09	 4.51493196459156034680e-10	 3.02087003338297376085e-10	 3.02050121872084337024e-10	 3.02085941703393437874e-10	 
 2.15999999999999969802e+00	 1.10890301984702636422e-10	 1.10605228233042115509e-10	 1.10887854516005108059e-10	 5.64863375908872361873e-09	 5.65202823528518382180e-09	 5.54934187902530815312e-09	 5.64331724477995169630e-09	 3.65537086778239899622e-09	 3.73498485585539168678e-09	 5.60645616454369023163e-09	 4.18313159287277082415e-10	 2.74923373993264851460e-10	 2.74889229841722920492e-10	 2.74922584679283211397e-10	 
 2.18000000000000015987e+00	 1.00804965504111879875e-10	 1.00542806671638358886e-10	 1.00808014892107391478e-10	 5.15392494981634879087e-09	 5.15780785906459063911e-09	 5.05454707248517859997e-09	 5.12148252246211595217e-09	 3.37331831005069397982e-09	 3.44980292753482997103e-09	 5.11714510473476315706e-09	 3.86835863577111378099e-10	 2.49831472365385194345e-10	 2.49799949685231917512e-10	 2.49830971003449475485e-10	 
 2.20000000000000017764e+00	 9.15153526565050405494e-11	 9.12733529133256004612e-11	 9.15205937776649453607e-11	 4.69945910658864448303e-09	 4.70313751671823585196e-09	 4.59989755202878479003e-09	 4.64349837996749693289e-09	 3.10844079430896545355e-09	 3.18129507424294387911e-09	 4.66737898323174923233e-09	 3.57094590712855390193e-10	 2.26739767835903708681e-10	 2.26710730939511358096e-10	 2.26739533517003695196e-10	 
 2.21999999999999975131e+00	 8.30486262716461990164e-11	 8.28250411859973768712e-11	 8.30550188442677229624e-11	 4.28495101187147620669e-09	 4.28819726415010568532e-09	 4.18540706444452131448e-09	 4.20953917936418595779e-09	 2.86215978438696336077e-09	 2.93124835045531254842e-09	 4.25709630145608910483e-09	 3.29329442259022990722e-10	 2.05710108905858016739e-10	 2.05683379018677427844e-10	 2.05710063488025727821e-10	 
 2.24000000000000021316e+00	 7.52462064352769196783e-11	 7.50396440796324269662e-11	 7.52532101886252426070e-11	 3.90338723716269999182e-09	 3.90602567591386156211e-09	 3.80362954292979188423e-09	 3.81129670959787223208e-09	 2.63093999853504950249e-09	 2.69615636236517638649e-09	 3.87949296457558115971e-09	 3.03158414592229309344e-10	 1.86347580668649257738e-10	 1.86322996346165321891e-10	 1.86347631440002122520e-10	 
 2.25999999999999978684e+00	 6.80888404565421475902e-11	 6.78978216553669357413e-11	 6.80959399484065592437e-11	 3.55325014484977865788e-09	 3.55524139869495906038e-09	 3.45326453650009510459e-09	 3.44729615264404921336e-09	 2.41484140714459422004e-09	 2.47615076103218662526e-09	 3.53308052560752582651e-09	 2.78610963298185480778e-10	 1.68596237906408447041e-10	 1.68573625139775543294e-10	 1.68596314210402794399e-10	 
 2.27999999999999980460e+00	 6.16040341652621575761e-11	 6.14267789193725698259e-11	 6.16105893054772882157e-11	 3.23469093660011580844e-09	 3.23621625585203302991e-09	 3.13495035270243082795e-09	 3.11821110122999654811e-09	 2.21528380300566973367e-09	 2.27276044982508237788e-09	 3.21800023725661877850e-09	 2.55878065773114653455e-10	 1.52510930039064669804e-10	 1.52490082998792973199e-10	 1.52511000510302642170e-10	 
 2.30000000000000026645e+00	 5.56511463673521238707e-11	 5.54856621556103320131e-11	 5.56562995362300305552e-11	 2.94160338429322538904e-09	 2.94290636615619083650e-09	 2.84216323347366407552e-09	 2.81690942283416587881e-09	 2.02888115142148639339e-09	 2.08255427185235208101e-09	 2.92836477184018399813e-09	 2.34577011035738020996e-10	 1.37736976274747827142e-10	 1.37717684668794264026e-10	 1.37737009080530277997e-10	 
 2.32000000000000028422e+00	 5.02130443203231070292e-11	 5.00578207030318868028e-11	 5.02163701824116850242e-11	 2.67302969121682516313e-09	 2.67430006974054266205e-09	 2.57405646479152936298e-09	 2.54229552113241449597e-09	 1.85562222601659477227e-09	 1.90557730959843623859e-09	 2.66308070114469894242e-09	 2.14722830737039330495e-10	 1.24236000817514923220e-10	 1.24218094747780589374e-10	 1.24235975494258108539e-10	 
 2.33999999999999985789e+00	 4.53080578342138184935e-11	 4.51624304272838768644e-11	 4.53099252331340557612e-11	 2.42945828766247861704e-09	 2.43078532751546306437e-09	 2.33140879142623815417e-09	 2.29493719587257540845e-09	 1.69663303721639854112e-09	 1.74306426851434078536e-09	 2.42234268242430846474e-09	 1.96469213219569380066e-10	 1.12061935987211197959e-10	 1.12045311964241187348e-10	 1.12061851029684217321e-10	 
 2.36000000000000031974e+00	 4.08105912746558722811e-11	 4.06739058951004246131e-11	 4.08114288647926599711e-11	 2.20564411963793931930e-09	 2.20714681294079440610e-09	 2.10848298015715581803e-09	 2.06867127755491528628e-09	 1.54870840513487898391e-09	 1.59176780423202982164e-09	 2.20102291472766585227e-09	 1.79449633331126292385e-10	 1.00902253725611140924e-10	 1.00886821489989903420e-10	 1.00902100786037791884e-10	 
 2.38000000000000033751e+00	 3.67114122922408967080e-11	 3.65832624429148805545e-11	 3.67114652192388842864e-11	 2.00095261508625050348e-09	 2.00266577021632473749e-09	 1.90477077214326523728e-09	 1.86289863997957152270e-09	 1.41185066845100227679e-09	 1.45170444042237495456e-09	 1.99847344612044050913e-09	 1.63672975884953549958e-10	 9.07344121921159612043e-11	 9.07200936260158128241e-11	 9.07341912312541104939e-11	 
 2.39999999999999991118e+00	 3.30317897083054915010e-11	 3.29122177054553562781e-11	 3.30309565682467957839e-11	 1.81591431481929834054e-09	 1.81771370644586744057e-09	 1.72111748678543007404e-09	 1.67845608239225836511e-09	 1.28703440889145953747e-09	 1.32388562961158332087e-09	 1.81516222297936780266e-09	 1.49264658061706249449e-10	 8.16122412037196416830e-11	 8.15989753470461245692e-11	 8.16119683711983355853e-11	 
 2.41999999999999948486e+00	 2.96628859118209274304e-11	 2.95521730270774130262e-11	 2.96607804971294884404e-11	 1.64604074195290975686e-09	 1.64775636347633614912e-09	 1.55250100927405400706e-09	 1.51025398845774823962e-09	 1.17135324556210249273e-09	 1.20534732930742305186e-09	 1.64669006608217124502e-09	 1.35886903812786181346e-10	 7.32651359747841416696e-11	 7.32528752066440677878e-11	 7.32648230359240789219e-11	 
 2.44000000000000039080e+00	 2.66007159485384577420e-11	 2.64987408227917362478e-11	 2.65970491544792750667e-11	 1.49092299400317442525e-09	 1.49246565474201487490e-09	 1.39869478446326108199e-09	 1.35777486664830731378e-09	 1.06478993114159475437e-09	 1.09608119629964782720e-09	 1.49268216476733031290e-09	 1.23544219551448621222e-10	 6.56818922913244358857e-11	 6.56705774881111059561e-11	 6.56815446112926110333e-11	 
 2.45999999999999996447e+00	 2.38665549035168479600e-11	 2.37723944332889709060e-11	 2.38612261314102667352e-11	 1.35106657532935076295e-09	 1.35250373338180830644e-09	 1.26061824906763447655e-09	 1.22146551125733001727e-09	 9.68094954046222663524e-10	 9.96866471072975349857e-10	 1.35367927846371748494e-09	 1.12334383258637255229e-10	 5.89130676423473371161e-11	 5.89026130950193364597e-11	 5.89126786873128768405e-11	 
 2.47999999999999953815e+00	 2.13675917273907438411e-11	 2.12801385749753265744e-11	 2.13600387794097725773e-11	 1.22261100399882381669e-09	 1.22406172841073092350e-09	 1.13391224523384482578e-09	 1.09700118108949728653e-09	 8.78658725765612370906e-10	 9.05023892312311440491e-10	 1.22588997771541928224e-09	 1.01950692183288133747e-10	 5.27273763464199955839e-11	 5.27176891941952378888e-11	 5.27269205465748482183e-11	 
 2.50000000000000044409e+00	 1.91027513837364327779e-11	 1.90212677351302128655e-11	 1.90930813461541130400e-11	 1.10540753834401627334e-09	 1.10695385416759273976e-09	 1.01856075623571188118e-09	 9.84215456174506987214e-10	 7.96517012325841604078e-10	 8.20619256890717844276e-10	 1.10918591226524853313e-09	 9.24027627288141846513e-11	 4.71225707583009129920e-11	 4.71135826193703464507e-11	 4.71220463792379022087e-11	 
 2.52000000000000001776e+00	 1.70910760190829404358e-11	 1.70155481325113826425e-11	 1.70808249037039454651e-11	 1.00011742129236128486e-09	 1.00177132395319027256e-09	 9.15535312638570618847e-10	 8.83817694915878858058e-10	 7.22351297494397539352e-10	 7.44407298491807776903e-10	 1.00425151726982676738e-09	 8.37798831239192917995e-11	 4.21468907685813793493e-11	 4.21385798711873350212e-11	 4.21463464715073942753e-11	 
 2.54000000000000003553e+00	 1.52542768791143609427e-11	 1.51849752101185246503e-11	 1.52456884685155136450e-11	 9.03510191282377725273e-10	 9.05337696784891223003e-10	 8.21127794680193918687e-10	 7.92282420171193717351e-10	 6.53877452993758164336e-10	 6.74071669348931955580e-10	 9.07913265893568667904e-10	 7.58126362179087553006e-11	 3.76062953860933171455e-11	 3.75986621560728333936e-11	 3.76057982409393440422e-11	 
 2.56000000000000049738e+00	 1.35936378928162641658e-11	 1.35305808035320369267e-11	 1.35880343920930511319e-11	 8.15527404554110560682e-10	 8.17540771458809595785e-10	 7.35411431277622650331e-10	 7.09529684600221616679e-10	 5.91154381473233528807e-10	 6.09653139811238094519e-10	 8.20137897268956579425e-10	 6.85109692032075301308e-11	 3.35033161580482642623e-11	 3.34963428283615120034e-11	 3.35029083846434365108e-11	 
 2.58000000000000007105e+00	 1.21268975516828070241e-11	 1.20695790663287304888e-11	 1.21237579233535774110e-11	 7.36747361689589079839e-10	 7.38841812795017236176e-10	 6.59267398043610666925e-10	 6.36132307415728023995e-10	 5.34762257803495666612e-10	 5.51705256356479328865e-10	 7.41554848016405054349e-10	 6.19486778435073956659e-11	 2.98806722400224665017e-11	 2.98743015743887928358e-11	 2.98803473481064992516e-11	 
 2.60000000000000008882e+00	 1.07891804339905389568e-11	 1.07372962414226570201e-11	 1.07882931733814725807e-11	 6.64470709855283553163e-10	 6.66515377306804032049e-10	 5.89598469876348408977e-10	 5.69213544004190363162e-10	 4.82695380231481111095e-10	 4.98174671893741469967e-10	 6.69603923916814177879e-10	 5.58896604266016937056e-11	 2.65775488350765039011e-11	 2.65717343928288655461e-11	 2.65773142187200577024e-11	 
 2.62000000000000055067e+00	 9.58286741017511807303e-12	 9.53600411105403831708e-12	 9.58394763900611860585e-12	 5.98720006485569849124e-10	 6.00637551758604853045e-10	 5.26525172552921042984e-10	 5.08785397399431979617e-10	 4.35075826508406884987e-10	 4.49190282889102548518e-10	 6.04217435862667960814e-10	 5.03485678402189169915e-11	 2.35996012491254136647e-11	 2.35942970114578651518e-11	 2.35994541635454746636e-11	 
 2.64000000000000012434e+00	 8.52358432088918255222e-12	 8.48103965409702736990e-12	 8.52615925317504519982e-12	 5.40046423349096502764e-10	 5.41874048401608565394e-10	 4.70831734595331137965e-10	 4.55386201173403307883e-10	 3.92506666420802182033e-10	 4.05376530443582117877e-10	 5.45747238504606150032e-10	 4.53964596323190430960e-11	 2.09849468718079600728e-11	 2.09801040101642888619e-11	 2.09848612459345250476e-11	 
 2.66000000000000014211e+00	 7.55835898030969934273e-12	 7.51933659098696916499e-12	 7.56220112668412606665e-12	 4.86216009743065616669e-10	 4.88034246137775153322e-10	 4.20025528237012215490e-10	 4.06688132894460382533e-10	 3.53297484015769195822e-10	 3.64996640552789092220e-10	 4.92001007162301289235e-10	 4.08322411429727185663e-11	 1.86016574461336005665e-11	 1.85972319747658221003e-11	 1.86016064871801310460e-11	 
 2.67999999999999971578e+00	 6.69001328603629498517e-12	 6.65392005538236368930e-12	 6.69478586210293111804e-12	 4.37294226050228364540e-10	 4.39153851113042977719e-10	 3.74205507754165448177e-10	 3.62752761741867012295e-10	 3.17550202760759875416e-10	 3.28163330362520515074e-10	 4.43062299632646636719e-10	 3.66698252165983260512e-11	 1.64573043157365087618e-11	 1.64532585910763813176e-11	 1.64572697565625049088e-11	 
 2.70000000000000017764e+00	 5.93205297066879270113e-12	 5.89871642952919602901e-12	 5.93709688180113274434e-12	 3.93786462244154640476e-10	 3.95676678615041593857e-10	 3.33969428443090091137e-10	 3.24069220998527962327e-10	 2.85742957032877386698e-10	 2.95386296674443400448e-10	 3.99469353628394945264e-10	 3.29694120499752412693e-11	 1.45866088716884788879e-11	 1.45829177955539273988e-11	 1.45865911302647725520e-11	 
 2.72000000000000019540e+00	 5.24173560068183403617e-12	 5.21094802663432895046e-12	 5.24601237238985897850e-12	 3.53849006571804656875e-10	 3.55812689106025921963e-10	 2.97384073160821569849e-10	 2.88748730359041714421e-10	 2.56443912235345529389e-10	 2.65209046869232393653e-10	 3.59410355687971990614e-10	 2.95609186236788201314e-11	 1.28834239380752664507e-11	 1.28800774382053281015e-11	 1.28834304892290110873e-11	 
 2.73999999999999976907e+00	 4.62201027969662142561e-12	 4.59357852368566721683e-12	 4.62490321231620399176e-12	 3.17584466127227289522e-10	 3.19635442276181531290e-10	 2.64516245871331020935e-10	 2.56892808439872777802e-10	 2.29767686925208514354e-10	 2.37739543517901658011e-10	 3.22984069532218289814e-10	 2.64586770300409157989e-11	 1.13549987489081895150e-11	 1.13519764663621820502e-11	 1.13550327273457609192e-11	 
 2.76000000000000023093e+00	 4.08467265111390907678e-12	 4.05841387103732391180e-12	 4.08654153790383514086e-12	 2.85498316105986270686e-10	 2.87580623051897526305e-10	 2.35792162690141201413e-10	 2.28982554308000062759e-10	 2.06165129945757286021e-10	 2.13418130364286895230e-10	 2.90679952721464341606e-10	 2.37176399847538895066e-11	 1.00303784001495066392e-11	 1.00276311043947273757e-11	 1.00304328937776721377e-11	 
 2.77999999999999980460e+00	 3.59588560180677270949e-12	 3.57151883459721749348e-12	 3.59694302018672320534e-12	 2.56158484549554449997e-10	 2.58227893088055070884e-10	 2.09784422717696800964e-10	 2.03516010439893999579e-10	 1.84451751475730650035e-10	 1.91031585564952637902e-10	 2.61044998108645895957e-10	 2.11983702830437163534e-11	 8.82536735207407912184e-12	 8.82282829604358312179e-12	 8.82544187283681432993e-12	 
 2.79999999999999982236e+00	 3.15822819117333151433e-12	 3.13554330302407020719e-12	 3.15866824814270135020e-12	 2.29611050058660309164e-10	 2.31630765062860144385e-10	 1.86517995511936968029e-10	 1.80575537030060506511e-10	 1.64740906789967137280e-10	 1.70693976926489669780e-10	 2.34156721069931771204e-10	 1.89159589987307118846e-11	 7.74652656469334547427e-12	 7.74415021205328692307e-12	 7.74661796247745892346e-12	 
 2.82000000000000028422e+00	 2.78137295136992658700e-12	 2.76031841855002968436e-12	 2.78134865796248145699e-12	 2.06158150782298794568e-10	 2.08106821548120750345e-10	 1.66249884770999027508e-10	 1.60522520975239957350e-10	 1.47459753234777335678e-10	 1.52833867653345033164e-10	 2.10396215537623232309e-10	 1.69271020861320367661e-11	 6.81818687965787489484e-12	 6.81597926920352558566e-12	 6.81828431402976145933e-12	 
 2.83999999999999985789e+00	 2.43898799677882454774e-12	 2.41943733645092547800e-12	 2.43856037561780281803e-12	 1.84616585811123994181e-10	 1.86468000362918267963e-10	 1.47983229945589254148e-10	 1.42062558725537268076e-10	 1.31773522502976921586e-10	 1.36554272966138082914e-10	 1.88601126211082550466e-10	 1.51547184733854159442e-11	 5.97472468103872228668e-12	 5.97269444744166467395e-12	 5.97481190953920792830e-12	 
 2.85999999999999987566e+00	 2.13315843061027421916e-12	 2.11502625570612085658e-12	 2.13241074207181010019e-12	 1.65071104233431011028e-10	 1.66809814393763794655e-10	 1.31701911842167205478e-10	 1.25342472298813188963e-10	 1.17667044463415936500e-10	 1.21870299585564218432e-10	 1.68842905518166717288e-10	 1.35813851754838172458e-11	 5.22148871527584391755e-12	 5.21963901631462376721e-12	 5.22155574242911371479e-12	 
 2.87999999999999989342e+00	 1.87152562035677400364e-12	 1.85484034002456451275e-12	 1.87061557386867807197e-12	 1.47878179585922271360e-10	 1.49519269338965873624e-10	 1.17499910206161785938e-10	 1.10852291051569368221e-10	 1.05179410145141893273e-10	 1.08907338458922262722e-10	 1.51449135015964148984e-10	 1.21681764901034018888e-11	 4.57788497213755110492e-12	 4.57620438994225352235e-12	 4.57793844576231504204e-12	 
 2.90000000000000035527e+00	 1.63345858451125486225e-12	 1.61838916617004715433e-12	 1.63260662508045211755e-12	 1.32068607488073648525e-10	 1.33656421521790831813e-10	 1.04639559023148453057e-10	 9.74960875555048460080e-11	 9.33742228672852406300e-11	 9.67398058043771469176e-11	 1.35498454620123860274e-10	 1.07851493015582115181e-11	 3.99293357728899866212e-12	 3.99142388291580280251e-12	 3.99298105001685059019e-12	 
 2.91999999999999992895e+00	 1.42092295248815651015e-12	 1.40752441888658978451e-12	 1.42027288124332238738e-12	 1.17725756512756953686e-10	 1.19288074553450206720e-10	 9.31310134333315814053e-11	 8.54081460984120764736e-11	 8.24534036180144141934e-11	 8.55419867181705044722e-11	 1.21050060626679470719e-10	 9.47431492633714337908e-12	 3.47129322009203297656e-12	 3.46994986967532217633e-12	 3.47133939073048812698e-12	 
 2.93999999999999994671e+00	 1.24093363015874856076e-12	 1.22891349954320229210e-12	 1.24041185422527958485e-12	 1.05184422977209021717e-10	 1.06705117164859064980e-10	 8.30992751235129200158e-11	 7.50323468061190904272e-11	 7.30524743211928124704e-11	 7.58742501512133881584e-11	 1.08372973730403027190e-10	 8.36210478954868042395e-12	 3.02966576816241190356e-12	 3.02846491198436699962e-12	 3.02970642901193419306e-12	 
 2.96000000000000040856e+00	 1.07820953355311481844e-12	 1.06716549594880198184e-12	 1.07772448939722632152e-12	 9.36906754769143138417e-11	 9.51761617947125989865e-11	 7.39889287329010570751e-11	 6.54223690776203631039e-11	 6.45452353343108817542e-11	 6.70894911878458618640e-11	 9.67223650614532687151e-11	 7.38430253214765898160e-12	 2.62976773715217814378e-12	 2.62868664515364397434e-12	 2.62979019247454056371e-12	 
 2.97999999999999998224e+00	 9.33896893746553864985e-13	 9.23542879053947724599e-13	 9.33379140394054460605e-13	 8.32984092372004950340e-11	 8.47496783502760536327e-11	 6.58138778224005932285e-11	 5.67142124544902957606e-11	 5.69547334465042232245e-11	 5.92216452622307328046e-11	 8.61587953946095601528e-11	 6.53355751785995311804e-12	 2.27475518226080273082e-12	 2.27377526678784107839e-12	 2.27475215082723413381e-12	 
 3.00000000000000000000e+00	 8.12439695835213115087e-13	 8.02831124506611368267e-13	 8.11874176320390526102e-13	 7.42458002087038022738e-11	 7.56490072884901669330e-11	 5.86807705665697509315e-11	 4.93638256403298204241e-11	 5.04052561290293755088e-11	 5.24285172022541483920e-11	 7.69440273154363693158e-11	 5.79416821604344092282e-12	 1.97655192832104129669e-12	 1.97566638313413561420e-12	 1.97653238868503238029e-12	 
 3.02000000000000046185e+00	 7.02355120125145922146e-13	 6.93526711515609627534e-13	 7.01575606010377240649e-13	 6.59275614443724171293e-11	 6.72827954715764463067e-11	 5.21103106223721528967e-11	 4.25996962596670249316e-11	 4.44141763184657364110e-11	 4.62011469899768804322e-11	 6.85088122157925940845e-11	 5.11107338516727826129e-12	 1.70654261277193785800e-12	 1.70574980858714486632e-12	 1.70651099770726974795e-12	 
 3.04000000000000003553e+00	 6.04641280251263389524e-13	 5.96613007990813350509e-13	 6.03561129426922254969e-13	 5.83957173935530863925e-11	 5.97010523780975221051e-11	 4.61445452496494824105e-11	 3.65199301549923132368e-11	 3.90216569223707068582e-11	 4.05855796197783341356e-11	 6.08890468927952293652e-11	 4.49093505113701611242e-12	 1.46719066195082468414e-12	 1.46648699201395491747e-12	 1.46715137657009709728e-12	 
 3.06000000000000005329e+00	 5.23217131952428130529e-13	 5.15958812474784396451e-13	 5.22016952835563414148e-13	 5.18768318678233425009e-11	 5.31251397548576850035e-11	 4.09567580172777181965e-11	 3.14751114402411343646e-11	 3.43977946311996553108e-11	 3.57711377860656907512e-11	 5.42626443793307501465e-11	 3.96020303571453848825e-12	 1.26815490533143997009e-12	 1.26752968823509454251e-12	 1.26811242582712580582e-12	 
 3.08000000000000007105e+00	 4.49552133054017460120e-13	 4.43151818060830741367e-13	 4.48492829511601545367e-13	 4.58956921013993721964e-11	 4.70944408089214339853e-11	 3.60671725483854362863e-11	 2.68633365030476840761e-11	 3.01406143614119901553e-11	 3.13334989112638188667e-11	 4.81754596399095498393e-11	 3.47522509661185036329e-12	 1.08853302859686194790e-12	 1.08798272786874307572e-12	 1.08849356171034319226e-12	 
 3.10000000000000008882e+00	 3.84364522027584808607e-13	 3.78855455098258651263e-13	 3.83624275208522346197e-13	 4.04911029635812449114e-11	 4.16438892557526394348e-11	 3.15506765400272276481e-11	 2.27528314774530745251e-11	 2.62933451471619861985e-11	 2.73193236545350642023e-11	 4.26633676800801079860e-11	 3.03953839004767515940e-12	 9.29975245263570402102e-13	 9.29494808745057494633e-13	 9.29943170024381982606e-13	 
 3.12000000000000010658e+00	 3.30648816158202049194e-13	 3.25866900113013986993e-13	 3.30112584371907989822e-13	 3.58450294621099912888e-11	 3.69430028946893345279e-11	 2.76858371230729149968e-11	 1.94058632239140828197e-11	 2.30370619286971595673e-11	 2.39211958840477624641e-11	 3.78997986093071710190e-11	 2.66894364574891953122e-12	 7.99422228910698609816e-13	 7.99000638819866018607e-13	 7.99395619227999425287e-13	 
 3.13999999999999968026e+00	 2.82299868615072366110e-13	 2.78135928977666889752e-13	 2.81854238399333368249e-13	 3.15974074832663160726e-11	 3.26380559449629810562e-11	 2.39883702036572971018e-11	 1.63774838143941680578e-11	 2.00741596921117588868e-11	 2.08117171657503957945e-11	 3.35322666818478568624e-11	 2.32945237604607822250e-12	 6.81872694260213666993e-13	 6.81502138101599307335e-13	 6.81850716604288420673e-13	 
 3.16000000000000014211e+00	 2.39761114138966109761e-13	 2.36115259472478870476e-13	 2.39322092239972937435e-13	 2.77732718156477787648e-11	 2.87541199121416326974e-11	 2.05453131910267011516e-11	 1.37092278422770158012e-11	 1.74265296031524223051e-11	 1.80205776483449297312e-11	 2.95861432584479693880e-11	 2.02414883478013134132e-12	 5.78445837854252864810e-13	 5.78119095366168892967e-13	 5.78427695361350126982e-13	 
 3.18000000000000015987e+00	 2.05054496857082195132e-13	 2.01859116596629328801e-13	 2.04658459740573266973e-13	 2.45051998483505640380e-11	 2.54245233689590603280e-11	 1.76970618186243765505e-11	 1.15746999408253528094e-11	 1.52012035461472882801e-11	 1.56841101188737820142e-11	 2.61962246127176036987e-11	 1.76750797994279518315e-12	 4.94211913478991342547e-13	 4.93923475593948361465e-13	 4.94197135279880979502e-13	 
 3.19999999999999973355e+00	 1.73837982646908923692e-13	 1.71077048255628132600e-13	 1.73610059618700452632e-13	 2.15224048722500736411e-11	 2.23811798041359358237e-11	 1.50283898103003856269e-11	 9.65843292826865563223e-12	 1.31782022677509609285e-11	 1.35640123995375113743e-11	 2.30940156609541825007e-11	 1.53528957804479990502e-12	 4.18559634722042077743e-13	 4.18306545915267367352e-13	 4.18549813638115514272e-13	 
 3.22000000000000019540e+00	 1.46423899083957627715e-13	 1.44070202753542188874e-13	 1.46443368496330409700e-13	 1.88420817938834899563e-11	 1.96412798687171359450e-11	 1.25968084498870460573e-11	 7.98583144859092099040e-12	 1.13731929898248028619e-11	 1.16768491862345956235e-11	 2.02971903529045143336e-11	 1.32886907734722317791e-12	 3.52230013835911746307e-13	 3.52009074590564986586e-13	 3.52225950519469363341e-13	 
 3.24000000000000021316e+00	 1.24345982566948020866e-13	 1.22320045966822713702e-13	 1.24502401524013304151e-13	 1.65652947354299537561e-11	 1.73067247476271038794e-11	 1.06504629664497667571e-11	 6.67263301351622342696e-12	 9.86960889410495454591e-12	 1.01100595792502082712e-11	 1.79106917600688944692e-11	 1.15617628987616446467e-12	 2.98864599726420898058e-13	 2.98671112133753277783e-13	 2.98863731945545333493e-13	 
 3.25999999999999978684e+00	 1.04597094555670563885e-13	 1.02833087563278450680e-13	 1.04779916368523274787e-13	 1.44862295135628179154e-11	 1.51756905447495209908e-11	 8.87420871144241088596e-12	 5.50552043068865717981e-12	 8.50427107731700305893e-12	 8.68802470983661198148e-12	 1.57398487073482382526e-11	 9.99191637419678907272e-13	 2.51082985422347811385e-13	 2.50914221720527859451e-13	 2.51081629470633385871e-13	 
 3.28000000000000024869e+00	 8.73626531826500787764e-14	 8.58038073506257768523e-14	 8.74858604113257221185e-14	 1.26181313157431676030e-11	 1.32602027543356336120e-11	 7.29881423108730421175e-12	 4.49842969275526590967e-12	 7.28830231946413866700e-12	 7.42302865836138452978e-12	 1.37935810634518915050e-11	 8.59134167372515148240e-13	 2.09360537848185796425e-13	 2.09213734204151013424e-13	 2.09355969541051084875e-13	 
 3.29999999999999982236e+00	 7.36508840328258518692e-14	 7.22767718327793317989e-14	 7.37378169946416955584e-14	 1.10446314641456039347e-11	 1.16395741970471052160e-11	 6.07245923003016377566e-12	 3.72118555903034415241e-12	 6.28606967365412333068e-12	 6.38499923566769065694e-12	 1.21386402214992510770e-11	 7.43201048045893546386e-13	 1.76250083315562535111e-13	 1.76121888975262778788e-13	 1.76243694772019790804e-13	 
 3.31999999999999984013e+00	 6.13958512574209562265e-14	 6.02010255774859002654e-14	 6.14565784444810595945e-14	 9.61718357098392025493e-12	 1.01666664325747573132e-11	 4.97610829078943527736e-12	 3.03387326397689639144e-12	 5.37831473006145095194e-12	 5.44719881356894532527e-12	 1.06239162705776445560e-11	 6.38255958973340641721e-13	 1.46711415724382233871e-13	 1.46599037950635897075e-13	 1.46702337667533237689e-13	 
 3.34000000000000030198e+00	 5.07223811785172706905e-14	 4.96978876129563531579e-14	 5.07661556688845196582e-14	 8.34272514921283259626e-12	 8.84833772169510622686e-12	 4.02509180374898932771e-12	 2.44476801901915859324e-12	 4.57247722044885503042e-12	 4.61728208312837417631e-12	 9.25864587903418728817e-12	 5.45054854019733419354e-13	 1.21039950966332574949e-13	 1.20940901327588787063e-13	 1.21027806784231408949e-13	 
 3.36000000000000031974e+00	 4.23663007461186643521e-14	 4.14823786487273366560e-14	 4.23959598812722965227e-14	 7.27533994171046638831e-12	 7.73893740188797780441e-12	 3.30183178549677989483e-12	 1.99922088349703567079e-12	 3.91604819980689475722e-12	 3.94413613091705756414e-12	 8.10839546060989136038e-12	 4.68612305012215269802e-13	 1.00977370132683535392e-13	 1.00890295204428813672e-13	 1.00964005915835853631e-13	 
 3.37999999999999989342e+00	 3.49243427415703650189e-14	 3.41602712227008149910e-14	 3.49247842129082646288e-14	 6.30569236624279972828e-12	 6.72716770267318902973e-12	 2.66023157844926759078e-12	 1.60782618852510825876e-12	 3.32249519348055548944e-12	 3.33759416864048167251e-12	 7.06162933626336992464e-12	 3.99009255894067078370e-13	 8.31100618198046688358e-14	 8.30345195744917040184e-14	 8.30963461302796169987e-14	 
 3.39999999999999991118e+00	 2.84745863039612951786e-14	 2.78113171929812360931e-14	 2.84364441127837965599e-14	 5.43905682164288610512e-12	 5.81894769999235003801e-12	 2.10931114788022516232e-12	 1.27523346981237818403e-12	 2.79691776130053245690e-12	 2.80264957473279737252e-12	 6.12350994216496866159e-12	 3.36918887957758445307e-13	 6.76309577863795236493e-14	 6.75663337530731702302e-14	 6.76177022068464766985e-14	 
 3.42000000000000037303e+00	 2.35205836852166103678e-14	 2.29455255004346027588e-14	 2.34643436955197677356e-14	 4.71912295471592658770e-12	 5.06172797881729688359e-12	 1.70212147347098780282e-12	 1.02936580672907801725e-12	 2.37490363599616907415e-12	 2.37462457759607974459e-12	 5.33835918604653725719e-12	 2.86899339537371183706e-13	 5.57752460454442012466e-14	 5.57197966552671470813e-14	 5.57629275635226776341e-14	 
 3.43999999999999994671e+00	 1.91287450803730286239e-14	 1.86411566081088495396e-14	 1.90728380863417676596e-14	 4.06302562247982564116e-12	 4.37165194939477901879e-12	 1.34439097812546342003e-12	 8.15086209897209204293e-13	 1.99427186872247262848e-12	 1.98980354929399598821e-12	 4.62060897122671572431e-12	 2.42018603200113759297e-13	 4.52892233179189752033e-14	 4.52427499626287198176e-14	 4.52787732249230479490e-14	 
 3.45999999999999996447e+00	 1.53463508670855956101e-14	 1.49430940417789622711e-14	 1.53055801502486667878e-14	 3.47518886843044798343e-12	 3.75296620780410550396e-12	 1.04112105357593643316e-12	 6.34865514829951836507e-13	 1.65843167419886365184e-12	 1.65148554238666449815e-12	 3.97490283644267615117e-12	 2.02583766150386117672e-13	 3.62827769862522776574e-14	 3.62448361946031175530e-14	 3.62748697069961456236e-14	 
 3.48000000000000042633e+00	 1.25082454927602074400e-14	 1.21703140182086329747e-14	 1.24760654133288707927e-14	 2.99297307247019297823e-12	 3.24274622128557891481e-12	 8.24255064198320281643e-13	 5.05031811842458516445e-13	 1.39345010619097386318e-12	 1.38526093250746905059e-12	 3.44084223760190052012e-12	 1.71168351633321482711e-13	 2.95355913092417845048e-14	 2.95041994238449255843e-14	 2.95294429976989691782e-14	 
 3.50000000000000000000e+00	 1.00170321049808525771e-14	 9.72922960272295516663e-15	 9.98033262670702846500e-15	 2.55486079064913225998e-12	 2.77790538125756759585e-12	 6.35279076905056491508e-13	 3.92987762692839555415e-13	 1.15512225784287734999e-12	 1.14624953616164077578e-12	 2.95295496409741288009e-12	 1.42787784770266164305e-13	 2.35989981045851552365e-14	 2.35734387805744738936e-14	 2.35944763694263851408e-14	 
 3.52000000000000001776e+00	 7.89723402385268070339e-15	 7.64631829056201239749e-15	 7.84627731393254641671e-15	 2.16376385590552659714e-12	 2.36154594622622418361e-12	 4.76991068962971422734e-13	 2.99948466562651251849e-13	 9.45710413322449014246e-13	 9.36696902135430834523e-13	 2.51464271983582564239e-12	 1.17708702372855830547e-13	 1.85371229355064996040e-14	 1.85166200737771014212e-14	 1.85340408836783502819e-14	 
 3.54000000000000047962e+00	 6.34422517244506197996e-15	 6.12750051509038628213e-15	 6.29009361287278584444e-15	 1.84707507987762257518e-12	 2.02277743106221497749e-12	 3.68604035489706474001e-13	 2.34792572817086998287e-13	 7.84056413767922216063e-13	 7.75397362696835563356e-13	 2.15708631942276536479e-12	 9.81682889566976185437e-14	 1.48487038889345385853e-14	 1.48320127525294040854e-14	 1.48465575070992898720e-14	 
 3.56000000000000005329e+00	 4.97950349974399246646e-15	 4.79863632081388602230e-15	 4.93411571651937507315e-15	 1.55579018924045332385e-12	 1.71216451319287223616e-12	 2.75621263359480957942e-13	 1.79051932829174055164e-13	 6.38593475569905424469e-13	 6.30988498963146634041e-13	 1.82770111671046060485e-12	 8.05664643536954520905e-14	 1.16229705042308664534e-14	 1.16097732752019652686e-14	 1.16218289508233995505e-14	 
 3.58000000000000007105e+00	 3.81948637096188090909e-15	 3.67492269001280604759e-15	 3.79225615131078125807e-15	 1.29300266501319923300e-12	 1.43254514387410053148e-12	 1.99392863840959745550e-13	 1.33320781467108963494e-13	 5.10968122487226460683e-13	 5.04962322798054327659e-13	 1.52978224590396504021e-12	 6.50856690375372146785e-14	 8.89674473424803117991e-15	 8.88665326794675160754e-15	 8.89659910320312120021e-15	 
 3.60000000000000053291e+00	 3.00196949332544022716e-15	 2.88473751463330083507e-15	 2.98523957049292964442e-15	 1.08598004510574398361e-12	 1.21016352591821731222e-12	 1.49788380557734630942e-13	 1.02365047747966746056e-13	 4.15626011762598914945e-13	 4.10770475693406965752e-13	 1.29276613160523221107e-12	 5.33776635329320617200e-14	 6.98100124895828492733e-15	 6.97307724211725277805e-15	 6.98132632982569729395e-15	 
 3.62000000000000010658e+00	 2.29219684226629860513e-15	 2.20140795147251417763e-15	 2.28678976780919666661e-15	 8.96422802458359305243e-13	 1.00627984118623562211e-12	 1.07902959806447811458e-13	 7.60371421659878396712e-14	 3.30716802046738063473e-13	 3.26848558155546896907e-13	 1.07535932786659116969e-12	 4.30671409418007171682e-14	 5.32512155665805600867e-15	 5.31897690212078398027e-15	 5.32571387691234202021e-15	 
 3.63999999999999968026e+00	 1.69876891864222384024e-15	 1.63267691595184262496e-15	 1.70453927928039084308e-15	 7.26534664305136601836e-13	 8.23090010339119479423e-13	 7.43617454869035105835e-14	 5.46478083603082264189e-14	 2.57202146799572106046e-13	 2.54154211493509401110e-13	 8.79915590948563763004e-13	 3.42249493870140086591e-14	 3.94780009562206016938e-15	 3.94305108881019328980e-15	 3.94846625038271974221e-15	 
 3.65999999999999969802e+00	 1.30014591403218617668e-15	 1.25003990023778921552e-15	 1.31021793193756820339e-15	 5.97353433523610862003e-13	 6.81992851609249018343e-13	 5.39394450003124589303e-14	 4.08659897021405958619e-14	 2.04416747862398683028e-13	 2.01978251700988648212e-13	 7.29296579490413341144e-13	 2.76856027820848579624e-14	 3.02164227544277728574e-15	 3.01789728444092805146e-15	 3.02228654980527942762e-15	 
 3.68000000000000015987e+00	 9.62468858333569446110e-16	 9.23706594887644313575e-16	 9.74060341866330944153e-16	 4.80031835603163557419e-13	 5.53293949916549084550e-13	 3.72627712511570396600e-14	 2.94388818466797377885e-14	 1.57950514640430245193e-13	 1.56157274272179238312e-13	 5.91760363826917560986e-13	 2.19715084649602783078e-14	 2.23194170461864671588e-15	 2.22907828778637173089e-15	 2.23252246431772385399e-15	 
 3.70000000000000017764e+00	 6.89035960774213422896e-16	 6.57388352418832444663e-16	 6.99578035356375387422e-16	 3.76033636617474313641e-13	 4.38538128248703888482e-13	 2.45325871075096610433e-14	 2.04713014037724836266e-14	 1.18343570364653116375e-13	 1.17198364037945736403e-13	 4.68986382252065733782e-13	 1.71190973630386753690e-14	 1.58768551172916751342e-15	 1.58557101428236244781e-15	 1.58816590291008468461e-15	 
 3.71999999999999975131e+00	 5.13838207901399753485e-16	 4.88120851475873927886e-16	 5.22880386071487440966e-16	 3.00692054001977781954e-13	 3.54031606137122284658e-13	 1.72386502916034159265e-14	 1.49423781450764256168e-14	 9.13517793301538247825e-14	 9.05854036731865922166e-14	 3.78607757348569924661e-13	 1.36317822202753270519e-14	 1.17846576113802373040e-15	 1.17685347323322229813e-15	 1.17885782923684687499e-15	 
 3.74000000000000021316e+00	 3.69145306643051474594e-16	 3.48346767825207188926e-16	 3.74452186502585571754e-16	 2.34201972191986403870e-13	 2.78823212065513340338e-13	 1.14765796008588211187e-14	 1.04393424476215899879e-14	 6.82922669050666428095e-14	 6.78528605132556102251e-14	 2.98461361989289835845e-13	 1.06747116883435774339e-14	 8.40605191142302583480e-16	 8.39412346707986449501e-16	 8.40887387680913238067e-16	 
 3.76000000000000023093e+00	 2.55813961061958522145e-16	 2.38989250269225754279e-16	 2.55781826954641329575e-16	 1.77053021411347435082e-13	 2.13455391482854044920e-13	 7.29194500239472119238e-15	 6.99253210537989457240e-15	 4.93187744598805361844e-14	 4.91462179490847746940e-14	 2.29041333940808952748e-13	 8.23971650439294110988e-15	 5.76345687665354884579e-16	 5.75487150135288885719e-16	 5.76502863266931634439e-16	 
 3.77999999999999980460e+00	 1.83446550661009634505e-16	 1.69597601271700328716e-16	 1.82474298991964297932e-16	 1.34952412828283771246e-13	 1.64067144676676817544e-13	 4.94397486951301847253e-15	 4.87701834995398102671e-15	 3.62458833454646570099e-14	 3.62179971422475405990e-14	 1.76063463618765376731e-13	 6.30904535393034433531e-15	 4.08800485969089163651e-16	 4.08152222286550884043e-16	 4.08866652812336643502e-16	 
 3.80000000000000026645e+00	 1.25915642382797213246e-16	 1.14863751429406096607e-16	 1.23814498173424905045e-16	 9.96581986739583391215e-14	 1.22629977449968533633e-13	 3.16749057692792716020e-15	 3.22571336857966411919e-15	 2.57053725707708971249e-14	 2.57230625520226068832e-14	 1.31599454397818136390e-13	 4.76727390251051664430e-15	 2.76705270186414219182e-16	 2.76225585847153742415e-16	 2.76708867402367192745e-16	 
 3.82000000000000028422e+00	 8.30599146283357188653e-17	 7.46313802933761650235e-17	 7.99341288769008814276e-17	 7.10782891860563002137e-14	 8.89415217714471303985e-14	 1.96095151740499054615e-15	 2.03614184319446152257e-15	 1.76402189654550894255e-14	 1.76164580100516138531e-14	 9.54181270054980086639e-14	 3.58747193708650903247e-15	 1.79681358838788163325e-16	 1.79329083700874465571e-16	 1.79649719589367129846e-16	 
 3.83999999999999985789e+00	 5.62765879468219199278e-17	 5.07881238462679939795e-17	 5.42911678079696235024e-17	 5.16211251624313052032e-14	 6.51015726964792499029e-14	 1.31177712381904792388e-15	 1.37422896865139952205e-15	 1.24397214035402640359e-14	 1.23658556313626342860e-14	 6.99405925467205903762e-14	 2.76248016151197996206e-15	 1.22257887821737733122e-16	 1.21995676588813170204e-16	 1.22238887628846863905e-16	 
 3.86000000000000031974e+00	 3.59208588392084457842e-17	 3.25234578495710847831e-17	 3.46929827454204041412e-17	 3.59586942453784352989e-14	 4.58142054445000249370e-14	 8.26300853980998865649e-16	 8.76606904522297414471e-16	 8.34130436101335896341e-15	 8.27550114306328520417e-15	 4.92277567373405404792e-14	 2.06226615194321032185e-15	 7.82760285544044649223e-17	 7.80925661859034212448e-17	 7.82716925668692158362e-17	 
 3.87999999999999989342e+00	 2.18028816470273149613e-17	 1.97600517192946124883e-17	 2.10674800418673815375e-17	 2.40089752604906477745e-14	 3.09457823126787260022e-14	 5.03778118192589027763e-16	 5.41584305228473672602e-16	 5.32615302841025774929e-15	 5.31464501948681580558e-15	 3.31666737327735118055e-14	 1.48701342942207996035e-15	 4.75526393501388295750e-17	 4.74357631413721166887e-17	 4.75652404265916544909e-17	 
 3.89999999999999991118e+00	 1.41779875692006707932e-17	 1.28174132830898239158e-17	 1.36884618728467332170e-17	 1.66121179607099197999e-14	 2.14999382085483255169e-14	 3.34686861557411644343e-16	 3.61724705801484829012e-16	 3.61680637853744039951e-15	 3.61255607758161554023e-15	 2.30670106410213082115e-14	 1.07556210458973640260e-15	 3.08483386052436188000e-17	 3.07693900231601342125e-17	 3.08579842195245596797e-17	 
 3.91999999999999948486e+00	 8.46785895761088686870e-18	 7.61131447514253098378e-18	 8.15978548047819982371e-18	 1.09404350346330692858e-14	 1.42252646666125763353e-14	 2.09676266168474448925e-16	 2.27631413839525067994e-16	 2.31419231213191219541e-15	 2.32051533285996170744e-15	 1.52862344219896112278e-14	 7.34591958384789067266e-16	 1.83230143697846071183e-17	 1.82726771068718065650e-17	 1.83295014170910172226e-17	 
 3.93999999999999994671e+00	 4.65200699998609018828e-18	 4.12153232131697633431e-18	 4.46095978646816411598e-18	 6.94760806172608096445e-15	 9.05660611180837859226e-15	 1.28298832832931346910e-16	 1.38811535243952253200e-16	 1.41288545194543157154e-15	 1.43136429021657985625e-15	 9.75894731566318770717e-15	 4.63557409522333634256e-16	 9.92815556834617873493e-18	 9.89739467270663819942e-18	 9.93078575003700094835e-18	 
 3.95999999999999996447e+00	 2.63826767291879742463e-18	 2.27375242806485167667e-18	 2.50647455291377220383e-18	 4.79660462960293143566e-15	 6.25024810628516455204e-15	 8.64588109256742067399e-17	 9.30553555562021220756e-17	 9.15468033932785010733e-16	 9.50546519006532901789e-16	 6.73498479859767466708e-15	 3.09502506180906920056e-16	 5.48050360762722616511e-18	 5.46286335939041599083e-18	 5.48043194953510910703e-18	 
 3.97999999999999953815e+00	 1.06796703898374096414e-18	 8.86887585600375550758e-19	 1.00227704078737336076e-18	 2.39485765601454893840e-15	 3.11997712589035968419e-15	 4.22142309382912603448e-17	 4.52195856737207817464e-17	 4.31284733548924448020e-16	 4.58298136984366603454e-16	 3.36235166515388427366e-15	 1.50104134779690879062e-16	 2.13957508818627182767e-18	 2.13228201286321689500e-18	 2.13873218651494924534e-18	 
 4.00000000000000000000e+00	 0.00000000000000000000e+00	 0.00000000000000000000e+00	 0.00000000000000000000e+00	 0.00000000000000000000e+00	 0.00000000000000000000e+00	 0.00000000000000000000e+00	 0.00000000000000000000e+00	 0.00000000000000000000e+00	 0.00000000000000000000e+00	 0.00000000000000000000e+00	 0.00000000000000000000e+00	 0.00000000000000000000e+00	 0.00000000000000000000e+00	 0.00000000000000000000e+00	 
 4.01999999999999957367e+00	 7.21382011084064765031e-22	 5.99437619233794630430e-22	 6.77146346940377379734e-22	 1.61266114550535031522e-18	 2.10095154819637414996e-18	 2.84349542416521261053e-20	 3.04612919942411838870e-20	 2.90651268540575982861e-19	 3.08756761032357821654e-19	 2.26415971261470058850e-18	 1.01117422046577695205e-19	 1.44609388450716233699e-21	 1.44116929969179447739e-21	 1.44553350350126282007e-21	 
 4.04000000000000003553e+00	 0.00000000000000000000e+00	 0.00000000000000000000e+00	 0.00000000000000000000e+00	 0.00000000000000000000e+00	 0.00000000000000000000e+00	 0.00000000000000000000e+00	 0.00000000000000000000e+00	 0.00000000000000000000e+00	 0.00000000000000000000e+00	 0.00000000000000000000e+00	 0.00000000000000000000e+00	 0.00000000000000000000e+00	 0.00000000000000000000e+00	 0.00000000000000000000e+00	 
 4.06000000000000049738e+00	 2.87870228767206515610e-25	 2.39241178621024077144e-25	 2.70230085073023320201e-25	 6.43088073384641747276e-22	 8.37806344528606999253e-22	 1.13399040372227948484e-23	 1.21481887390428842522e-23	 1.15925150680548770651e-22	 1.23137480234174480139e-22	 9.02889303730817529183e-22	 4.03266215192473039916e-23	 5.77147700878576424414e-25	 5.75182678219641946887e-25	 5.76924887665455272724e-25	 
 4.08000000000000007105e+00	 0.00000000000000000000e+00	 0.00000000000000000000e+00	 0.00000000000000000000e+00	 0.00000000000000000000e+00	 0.00000000000000000000e+00	 0.00000000000000000000e+00	 0.00000000000000000000e+00	 0.00000000000000000000e+00	 0.00000000000000000000e+00	 0.00000000000000000000e+00	 0.00000000000000000000e+00	 0.00000000000000000000e+00	 0.00000000000000000000e+00	 0.00000000000000000000e+00	 
 4.09999999999999964473e+00	 9.14387536579767069215e-29	 7.59952108365301669003e-29	 8.58366382363558918127e-29	 2.04230109996714336408e-25	 2.66068240198571796019e-25	 3.60136278162539820105e-27	 3.85807607456139464354e-27	 3.68170195118252129291e-26	 3.91068152217376366999e-26	 2.86737078912846570715e-25	 1.28071303096956887746e-26	 1.83331400999010513696e-28	 1.82707246883990979837e-28	 1.83260698016355481642e-28	 
 4.12000000000000010658e+00	 0.00000000000000000000e+00	 0.00000000000000000000e+00	 0.00000000000000000000e+00	 0.00000000000000000000e+00	 0.00000000000000000000e+00	 0.00000000000000000000e+00	 0.00000000000000000000e+00	 0.00000000000000000000e+00	 0.00000000000000000000e+00	 0.00000000000000000000e+00	 0.00000000000000000000e+00	 0.00000000000000000000e+00	 0.00000000000000000000e+00	 0.00000000000000000000e+00	 
 4.14000000000000056843e+00	 2.50421545486820073823e-32	 2.08128746488793697071e-32	 2.35079925506074904683e-32	 5.59292216850430789217e-29	 7.28638411173590374889e-29	 9.86252347526420389578e-31	 1.05655578846127081440e-30	 1.00826196801492189835e-29	 1.07096400749731054857e-29	 7.85240823434031576410e-29	 3.50730609978125829260e-30	 5.02091182310461909232e-32	 5.00381833200291181869e-32	 5.01897601203137112273e-32	 
 4.16000000000000014211e+00	 0.00000000000000000000e+00	 0.00000000000000000000e+00	 0.00000000000000000000e+00	 0.00000000000000000000e+00	 0.00000000000000000000e+00	 0.00000000000000000000e+00	 0.00000000000000000000e+00	 0.00000000000000000000e+00	 0.00000000000000000000e+00	 0.00000000000000000000e+00	 0.00000000000000000000e+00	 0.00000000000000000000e+00	 0.00000000000000000000e+00	 0.00000000000000000000e+00	 
 4.17999999999999971578e+00	 6.05234144358224846320e-36	 5.03019348280847431102e-36	 5.68155957033488392792e-36	 1.35171774896562216596e-32	 1.76099980044762305461e-32	 2.38361289514531470014e-34	 2.55352552848764467440e-34	 2.43681062795822188470e-33	 2.58834881055416315299e-33	 1.89779855802141186311e-32	 8.47659591201694437533e-34	 1.21348718551717386760e-35	 1.20935593046915299552e-35	 1.21301935192231999044e-35	 
 4.20000000000000017764e+00	 0.00000000000000000000e+00	 0.00000000000000000000e+00	 0.00000000000000000000e+00	 0.00000000000000000000e+00	 0.00000000000000000000e+00	 0.00000000000000000000e+00	 0.00000000000000000000e+00	 0.00000000000000000000e+00	 0.00000000000000000000e+00	 0.00000000000000000000e+00	 0.00000000000000000000e+00	 0.00000000000000000000e+00	 0.00000000000000000000e+00	 0.00000000000000000000e+00	 
 4.21999999999999975131e+00	 1.29885992726631322556e-39	 1.07950220605987151336e-39	 1.21928840668090508996e-39	 2.90084939375871610704e-36	 3.77918778152418036684e-36	 5.11534424285955051683e-38	 5.47998459359864342341e-38	 5.22950854133884319126e-37	 5.55471686008661741327e-37	 4.07276430305376861538e-36	 1.81911691394588435289e-37	 2.60419823244079540067e-39	 2.59533237108470254742e-39	 2.60319423711707481637e-39	 
 4.24000000000000021316e+00	 0.00000000000000000000e+00	 0.00000000000000000000e+00	 0.00000000000000000000e+00	 0.00000000000000000000e+00	 0.00000000000000000000e+00	 0.00000000000000000000e+00	 0.00000000000000000000e+00	 0.00000000000000000000e+00	 0.00000000000000000000e+00	 0.00000000000000000000e+00	 0.00000000000000000000e+00	 0.00000000000000000000e+00	 0.00000000000000000000e+00	 0.00000000000000000000e+00	 
 4.25999999999999978684e+00	 2.47754188568736646598e-43	 2.05912157588190695402e-43	 2.32576085238184776961e-43	 5.53331046129050438981e-40	 7.20872282491305388916e-40	 9.75741121519310038365e-42	 1.04529544015894506779e-41	 9.97517291671133887034e-41	 1.05955036254413419611e-40	 7.76871400186990077766e-40	 3.46992685695684140963e-41	 4.96743851691236243441e-43	 4.95052710949142461141e-43	 4.96552339493027073279e-43	 
 4.28000000000000024869e+00	 0.00000000000000000000e+00	 0.00000000000000000000e+00	 0.00000000000000000000e+00	 0.00000000000000000000e+00	 0.00000000000000000000e+00	 0.00000000000000000000e+00	 0.00000000000000000000e+00	 0.00000000000000000000e+00	 0.00000000000000000000e+00	 0.00000000000000000000e+00	 0.00000000000000000000e+00	 0.00000000000000000000e+00	 0.00000000000000000000e+00	 0.00000000000000000000e+00	 
 4.29999999999999982236e+00	 0.00000000000000000000e+00	 0.00000000000000000000e+00	 0.00000000000000000000e+00	 9.37697789526412152773e-44	 1.22162012972145862395e-43	 1.65353107041549358729e-45	 1.77140059190269346352e-45	 1.69043320902780010192e-44	 1.79555741755814656018e-44	 1.31651856361075193665e-43	 5.88028046837638909072e-45	 0.00000000000000000000e+00	 0.00000000000000000000e+00	 0.00000000000000000000e+00	 
 4.32000000000000028422e+00	 0.00000000000000000000e+00	 0.00000000000000000000e+00	 0.00000000000000000000e+00	 0.00000000000000000000e+00	 0.00000000000000000000e+00	 0.00000000000000000000e+00	 0.00000000000000000000e+00	 0.00000000000000000000e+00	 0.00000000000000000000e+00	 0.00000000000000000000e+00	 0.00000000000000000000e+00	 0.00000000000000000000e+00	 0.00000000000000000000e+00	 0.00000000000000000000e+00	 
 4.33999999999999985789e+00	 0.00000000000000000000e+00	 0.00000000000000000000e+00	 0.00000000000000000000e+00	 0.00000000000000000000e+00	 0.00000000000000000000e+00	 0.00000000000000000000e+00	 0.00000000000000000000e+00	 0.00000000000000000000e+00	 0.00000000000000000000e+00	 0.00000000000000000000e+00	 0.00000000000000000000e+00	 0.00000000000000000000e+00	 0.00000000000000000000e+00	 0.00000000000000000000e+00	 
 4.36000000000000031974e+00	 0.00000000000000000000e+00	 0.00000000000000000000e+00	 0.00000000000000000000e+00	 0.00000000000000000000e+00	 0.00000000000000000000e+00	 0.00000000000000000000e+00	 0.00000000000000000000e+00	 0.00000000000000000000e+00	 0.00000000000000000000e+00	 0.00000000000000000000e+00	 0.00000000000000000000e+00	 0.00000000000000000000e+00	 0.00000000000000000000e+00	 0.00000000000000000000e+00	 
 4.37999999999999989342e+00	 0.00000000000000000000e+00	 0.00000000000000000000e+00	 0.00000000000000000000e+00	 0.00000000000000000000e+00	 0.00000000000000000000e+00	 0.00000000000000000000e+00	 0.00000000000000000000e+00	 0.00000000000000000000e+00	 0.00000000000000000000e+00	 0.00000000000000000000e+00	 0.00000000000000000000e+00	 0.00000000000000000000e+00	 0.00000000000000000000e+00	 0.00000000000000000000e+00	 
 4.40000000000000035527e+00	 0.00000000000000000000e+00	 0.00000000000000000000e+00	 0.00000000000000000000e+00	 0.00000000000000000000e+00	 0.00000000000000000000e+00	 0.00000000000000000000e+00	 0.00000000000000000000e+00	 0.00000000000000000000e+00	 0.00000000000000000000e+00	 0.00000000000000000000e+00	 0.00000000000000000000e+00	 0.00000000000000000000e+00	 0.00000000000000000000e+00	 0.00000000000000000000e+00	 
 4.41999999999999992895e+00	 0.00000000000000000000e+00	 0.00000000000000000000e+00	 0.00000000000000000000e+00	 0.00000000000000000000e+00	 0.00000000000000000000e+00	 0.00000000000000000000e+00	 0.00000000000000000000e+00	 0.00000000000000000000e+00	 0.00000000000000000000e+00	 0.00000000000000000000e+00	 0.00000000000000000000e+00	 0.00000000000000000000e+00	 0.00000000000000000000e+00	 0.00000000000000000000e+00	 
 4.43999999999999950262e+00	 0.00000000000000000000e+00	 0.00000000000000000000e+00	 0.00000000000000000000e+00	 0.00000000000000000000e+00	 0.00000000000000000000e+00	 0.00000000000000000000e+00	 0.00000000000000000000e+00	 0.00000000000000000000e+00	 0.00000000000000000000e+00	 0.00000000000000000000e+00	 0.00000000000000000000e+00	 0.00000000000000000000e+00	 0.00000000000000000000e+00	 0.00000000000000000000e+00	 
 4.45999999999999996447e+00	 0.00000000000000000000e+00	 0.00000000000000000000e+00	 0.00000000000000000000e+00	 0.00000000000000000000e+00	 0.00000000000000000000e+00	 0.00000000000000000000e+00	 0.00000000000000000000e+00	 0.00000000000000000000e+00	 0.00000000000000000000e+00	 0.00000000000000000000e+00	 0.00000000000000000000e+00	 0.00000000000000000000e+00	 0.00000000000000000000e+00	 0.00000000000000000000e+00	 
 4.47999999999999953815e+00	 0.00000000000000000000e+00	 0.00000000000000000000e+00	 0.00000000000000000000e+00	 0.00000000000000000000e+00	 0.00000000000000000000e+00	 0.00000000000000000000e+00	 0.00000000000000000000e+00	 0.00000000000000000000e+00	 0.00000000000000000000e+00	 0.00000000000000000000e+00	 0.00000000000000000000e+00	 0.00000000000000000000e+00	 0.00000000000000000000e+00	 0.00000000000000000000e+00	 
 4.50000000000000000000e+00	 0.00000000000000000000e+00	 0.00000000000000000000e+00	 0.00000000000000000000e+00	 0.00000000000000000000e+00	 0.00000000000000000000e+00	 0.00000000000000000000e+00	 0.00000000000000000000e+00	 0.00000000000000000000e+00	 0.00000000000000000000e+00	 0.00000000000000000000e+00	 0.00000000000000000000e+00	 0.00000000000000000000e+00	 0.00000000000000000000e+00	 0.00000000000000000000e+00	 
 4.52000000000000046185e+00	 0.00000000000000000000e+00	 0.00000000000000000000e+00	 0.00000000000000000000e+00	 0.00000000000000000000e+00	 0.00000000000000000000e+00	 0.00000000000000000000e+00	 0.00000000000000000000e+00	 0.00000000000000000000e+00	 0.00000000000000000000e+00	 0.00000000000000000000e+00	 0.00000000000000000000e+00	 0.00000000000000000000e+00	 0.00000000000000000000e+00	 0.00000000000000000000e+00	 
 4.54000000000000003553e+00	 0.00000000000000000000e+00	 0.00000000000000000000e+00	 0.00000000000000000000e+00	 0.00000000000000000000e+00	 0.00000000000000000000e+00	 0.00000000000000000000e+00	 0.00000000000000000000e+00	 0.00000000000000000000e+00	 0.00000000000000000000e+00	 0.00000000000000000000e+00	 0.00000000000000000000e+00	 0.00000000000000000000e+00	 0.00000000000000000000e+00	 0.00000000000000000000e+00	 
 4.55999999999999960920e+00	 0.00000000000000000000e+00	 0.00000000000000000000e+00	 0.00000000000000000000e+00	 0.00000000000000000000e+00	 0.00000000000000000000e+00	 0.00000000000000000000e+00	 0.00000000000000000000e+00	 0.00000000000000000000e+00	 0.00000000000000000000e+00	 0.00000000000000000000e+00	 0.00000000000000000000e+00	 0.00000000000000000000e+00	 0.00000000000000000000e+00	 0.00000000000000000000e+00	 
 4.58000000000000007105e+00	 0.00000000000000000000e+00	 0.00000000000000000000e+00	 0.00000000000000000000e+00	 0.00000000000000000000e+00	 0.00000000000000000000e+00	 0.00000000000000000000e+00	 0.00000000000000000000e+00	 0.00000000000000000000e+00	 0.00000000000000000000e+00	 0.00000000000000000000e+00	 0.00000000000000000000e+00	 0.00000000000000000000e+00	 0.00000000000000000000e+00	 0.00000000000000000000e+00	 
 4.60000000000000053291e+00	 0.00000000000000000000e+00	 0.00000000000000000000e+00	 0.00000000000000000000e+00	 0.00000000000000000000e+00	 0.00000000000000000000e+00	 0.00000000000000000000e+00	 0.00000000000000000000e+00	 0.00000000000000000000e+00	 0.00000000000000000000e+00	 0.00000000000000000000e+00	 0.00000000000000000000e+00	 0.00000000000000000000e+00	 0.00000000000000000000e+00	 0.00000000000000000000e+00	 
 4.62000000000000010658e+00	 0.00000000000000000000e+00	 0.00000000000000000000e+00	 0.00000000000000000000e+00	 0.00000000000000000000e+00	 0.00000000000000000000e+00	 0.00000000000000000000e+00	 0.00000000000000000000e+00	 0.00000000000000000000e+00	 0.00000000000000000000e+00	 0.00000000000000000000e+00	 0.00000000000000000000e+00	 0.00000000000000000000e+00	 0.00000000000000000000e+00	 0.00000000000000000000e+00	 
 4.63999999999999968026e+00	 0.00000000000000000000e+00	 0.00000000000000000000e+00	 0.00000000000000000000e+00	 0.00000000000000000000e+00	 0.00000000000000000000e+00	 0.00000000000000000000e+00	 0.00000000000000000000e+00	 0.00000000000000000000e+00	 0.00000000000000000000e+00	 0.00000000000000000000e+00	 0.00000000000000000000e+00	 0.00000000000000000000e+00	 0.00000000000000000000e+00	 0.00000000000000000000e+00	 
 4.66000000000000014211e+00	 0.00000000000000000000e+00	 0.00000000000000000000e+00	 0.00000000000000000000e+00	 0.00000000000000000000e+00	 0.00000000000000000000e+00	 0.00000000000000000000e+00	 0.00000000000000000000e+00	 0.00000000000000000000e+00	 0.00000000000000000000e+00	 0.00000000000000000000e+00	 0.00000000000000000000e+00	 0.00000000000000000000e+00	 0.00000000000000000000e+00	 0.00000000000000000000e+00	 
 4.67999999999999971578e+00	 0.00000000000000000000e+00	 0.00000000000000000000e+00	 0.00000000000000000000e+00	 0.00000000000000000000e+00	 0.00000000000000000000e+00	 0.00000000000000000000e+00	 0.00000000000000000000e+00	 0.00000000000000000000e+00	 0.00000000000000000000e+00	 0.00000000000000000000e+00	 0.00000000000000000000e+00	 0.00000000000000000000e+00	 0.00000000000000000000e+00	 0.00000000000000000000e+00	 
 4.69999999999999928946e+00	 0.00000000000000000000e+00	 0.00000000000000000000e+00	 0.00000000000000000000e+00	 0.00000000000000000000e+00	 0.00000000000000000000e+00	 0.00000000000000000000e+00	 0.00000000000000000000e+00	 0.00000000000000000000e+00	 0.00000000000000000000e+00	 0.00000000000000000000e+00	 0.00000000000000000000e+00	 0.00000000000000000000e+00	 0.00000000000000000000e+00	 0.00000000000000000000e+00	 
 4.72000000000000063949e+00	 0.00000000000000000000e+00	 0.00000000000000000000e+00	 0.00000000000000000000e+00	 0.00000000000000000000e+00	 0.00000000000000000000e+00	 0.00000000000000000000e+00	 0.00000000000000000000e+00	 0.00000000000000000000e+00	 0.00000000000000000000e+00	 0.00000000000000000000e+00	 0.00000000000000000000e+00	 0.00000000000000000000e+00	 0.00000000000000000000e+00	 0.00000000000000000000e+00	 
 4.74000000000000021316e+00	 0.00000000000000000000e+00	 0.00000000000000000000e+00	 0.00000000000000000000e+00	 0.00000000000000000000e+00	 0.00000000000000000000e+00	 0.00000000000000000000e+00	 0.00000000000000000000e+00	 0.00000000000000000000e+00	 0.00000000000000000000e+00	 0.00000000000000000000e+00	 0.00000000000000000000e+00	 0.00000000000000000000e+00	 0.00000000000000000000e+00	 0.00000000000000000000e+00	 
 4.75999999999999978684e+00	 0.00000000000000000000e+00	 0.00000000000000000000e+00	 0.00000000000000000000e+00	 0.00000000000000000000e+00	 0.00000000000000000000e+00	 0.00000000000000000000e+00	 0.00000000000000000000e+00	 0.00000000000000000000e+00	 0.00000000000000000000e+00	 0.00000000000000000000e+00	 0.00000000000000000000e+00	 0.00000000000000000000e+00	 0.00000000000000000000e+00	 0.00000000000000000000e+00	 
 4.78000000000000024869e+00	 0.00000000000000000000e+00	 0.00000000000000000000e+00	 0.00000000000000000000e+00	 0.00000000000000000000e+00	 0.00000000000000000000e+00	 0.00000000000000000000e+00	 0.00000000000000000000e+00	 0.00000000000000000000e+00	 0.00000000000000000000e+00	 0.00000000000000000000e+00	 0.00000000000000000000e+00	 0.00000000000000000000e+00	 0.00000000000000000000e+00	 0.00000000000000000000e+00	 
 4.79999999999999982236e+00	 0.00000000000000000000e+00	 0.00000000000000000000e+00	 0.00000000000000000000e+00	 0.00000000000000000000e+00	 0.00000000000000000000e+00	 0.00000000000000000000e+00	 0.00000000000000000000e+00	 0.00000000000000000000e+00	 0.00000000000000000000e+00	 0.00000000000000000000e+00	 0.00000000000000000000e+00	 0.00000000000000000000e+00	 0.00000000000000000000e+00	 0.00000000000000000000e+00	 
 4.81999999999999939604e+00	 0.00000000000000000000e+00	 0.00000000000000000000e+00	 0.00000000000000000000e+00	 0.00000000000000000000e+00	 0.00000000000000000000e+00	 0.00000000000000000000e+00	 0.00000000000000000000e+00	 0.00000000000000000000e+00	 0.00000000000000000000e+00	 0.00000000000000000000e+00	 0.00000000000000000000e+00	 0.00000000000000000000e+00	 0.00000000000000000000e+00	 0.00000000000000000000e+00	 
 4.84000000000000074607e+00	 0.00000000000000000000e+00	 0.00000000000000000000e+00	 0.00000000000000000000e+00	 0.00000000000000000000e+00	 0.00000000000000000000e+00	 0.00000000000000000000e+00	 0.00000000000000000000e+00	 0.00000000000000000000e+00	 0.00000000000000000000e+00	 0.00000000000000000000e+00	 0.00000000000000000000e+00	 0.00000000000000000000e+00	 0.00000000000000000000e+00	 0.00000000000000000000e+00	 
 4.86000000000000031974e+00	 0.00000000000000000000e+00	 0.00000000000000000000e+00	 0.00000000000000000000e+00	 0.00000000000000000000e+00	 0.00000000000000000000e+00	 0.00000000000000000000e+00	 0.00000000000000000000e+00	 0.00000000000000000000e+00	 0.00000000000000000000e+00	 0.00000000000000000000e+00	 0.00000000000000000000e+00	 0.00000000000000000000e+00	 0.00000000000000000000e+00	 0.00000000000000000000e+00	 
 4.87999999999999989342e+00	 0.00000000000000000000e+00	 0.00000000000000000000e+00	 0.00000000000000000000e+00	 0.00000000000000000000e+00	 0.00000000000000000000e+00	 0.00000000000000000000e+00	 0.00000000000000000000e+00	 0.00000000000000000000e+00	 0.00000000000000000000e+00	 0.00000000000000000000e+00	 0.00000000000000000000e+00	 0.00000000000000000000e+00	 0.00000000000000000000e+00	 0.00000000000000000000e+00	 
 4.89999999999999946709e+00	 0.00000000000000000000e+00	 0.00000000000000000000e+00	 0.00000000000000000000e+00	 0.00000000000000000000e+00	 0.00000000000000000000e+00	 0.00000000000000000000e+00	 0.00000000000000000000e+00	 0.00000000000000000000e+00	 0.00000000000000000000e+00	 0.00000000000000000000e+00	 0.00000000000000000000e+00	 0.00000000000000000000e+00	 0.00000000000000000000e+00	 0.00000000000000000000e+00	 
 4.91999999999999992895e+00	 0.00000000000000000000e+00	 0.00000000000000000000e+00	 0.00000000000000000000e+00	 0.00000000000000000000e+00	 0.00000000000000000000e+00	 0.00000000000000000000e+00	 0.00000000000000000000e+00	 0.00000000000000000000e+00	 0.00000000000000000000e+00	 0.00000000000000000000e+00	 0.00000000000000000000e+00	 0.00000000000000000000e+00	 0.00000000000000000000e+00	 0.00000000000000000000e+00	 
 4.93999999999999950262e+00	 0.00000000000000000000e+00	 0.00000000000000000000e+00	 0.00000000000000000000e+00	 0.00000000000000000000e+00	 0.00000000000000000000e+00	 0.00000000000000000000e+00	 0.00000000000000000000e+00	 0.00000000000000000000e+00	 0.00000000000000000000e+00	 0.00000000000000000000e+00	 0.00000000000000000000e+00	 0.00000000000000000000e+00	 0.00000000000000000000e+00	 0.00000000000000000000e+00	 
 4.95999999999999996447e+00	 0.00000000000000000000e+00	 0.00000000000000000000e+00	 0.00000000000000000000e+00	 0.00000000000000000000e+00	 0.00000000000000000000e+00	 0.00000000000000000000e+00	 0.00000000000000000000e+00	 0.00000000000000000000e+00	 0.00000000000000000000e+00	 0.00000000000000000000e+00	 0.00000000000000000000e+00	 0.00000000000000000000e+00	 0.00000000000000000000e+00	 0.00000000000000000000e+00	 
 4.98000000000000042633e+00	 0.00000000000000000000e+00	 0.00000000000000000000e+00	 0.00000000000000000000e+00	 0.00000000000000000000e+00	 0.00000000000000000000e+00	 0.00000000000000000000e+00	 0.00000000000000000000e+00	 0.00000000000000000000e+00	 0.00000000000000000000e+00	 0.00000000000000000000e+00	 0.00000000000000000000e+00	 0.00000000000000000000e+00	 0.00000000000000000000e+00	 0.00000000000000000000e+00	 
 5.00000000000000000000e+00	 0.00000000000000000000e+00	 0.00000000000000000000e+00	 0.00000000000000000000e+00	 0.00000000000000000000e+00	 0.00000000000000000000e+00	 0.00000000000000000000e+00	 0.00000000000000000000e+00	 0.00000000000000000000e+00	 0.00000000000000000000e+00	 0.00000000000000000000e+00	 0.00000000000000000000e+00	 0.00000000000000000000e+00	 0.00000000000000000000e+00	 0.00000000000000000000e+00	 
