 -1.00000000000000000000e+00	 2.57821230156821020039e-09	 2.57295574335181299896e-09	 2.57861710609686936978e-09	 3.01763026783203338874e-07	 3.01712011638970641661e-07	 3.01377529255169098112e-07	 3.02330047823675318673e-07	 1.10260521240440036319e-07	 1.03585714760413353059e-07	 2.99316007942709901758e-07	 3.68516490046055889437e-09	 6.53563805048993595764e-09	 6.53485175497795821251e-09	 6.53564083181863987418e-09	 
 -9.79999999999999982236e-01	 2.64092762662837572533e-09	 2.63553472804618540883e-09	 2.64133857200104496517e-09	 3.09377044688547953288e-07	 3.09326056280145100709e-07	 3.08983311770658260785e-07	 3.09948944022174661103e-07	 1.13034117175352210628e-07	 1.06192306142957695004e-07	 3.06869707009894340951e-07	 3.77345450567708056485e-09	 6.69461757378680463574e-09	 6.69381145776319315096e-09	 6.69462033229077476605e-09	 
 -9.59999999999999964473e-01	 2.70475417183210409669e-09	 2.69922232420381594193e-09	 2.70517129730556924941e-09	 3.17131931978724757780e-07	 3.17080988148219292800e-07	 3.16729841554596049934e-07	 3.17708603209854548910e-07	 1.15858832404148275914e-07	 1.08846957318919218528e-07	 3.14563187093709795211e-07	 3.86327819302298523625e-09	 6.85641415720083634438e-09	 6.85558785465063402271e-09	 6.85641689057474430952e-09	 
 -9.39999999999999946709e-01	 2.76968273660571946590e-09	 2.76400934423087395230e-09	 2.77010607479129452640e-09	 3.25026786225771636551e-07	 3.24975885956286688766e-07	 3.24616206597849730301e-07	 3.25608118023225449155e-07	 1.18734311313489646157e-07	 1.11549334088712945960e-07	 3.22395552745067584240e-07	 3.95462136965749619025e-09	 7.02100518800308819915e-09	 7.02015833583877728046e-09	 7.02100789341678185538e-09	 
 -9.19999999999999928946e-01	 2.83570219352573791054e-09	 2.82988468118960102538e-09	 2.83613177058483451125e-09	 3.33060447835169800290e-07	 3.33009565590186933986e-07	 3.32641234525780742342e-07	 3.33646326279720706201e-07	 1.21660101850230272901e-07	 1.14299011400844085168e-07	 3.30365652818429031713e-07	 4.04746688169184330313e-09	 7.18836348289601471819e-09	 7.18749572183369295406e-09	 7.18836615687962690580e-09	 
 -9.00000000000000022204e-01	 2.90279974675709658850e-09	 2.89683558946715764732e-09	 2.90323561824264395827e-09	 3.41231495306754162106e-07	 3.41180598466862683771e-07	 3.40803495363339236374e-07	 3.41821799111439083026e-07	 1.24635654433426726720e-07	 1.17095472060778950611e-07	 3.38472075697674299942e-07	 4.14179495688892635343e-09	 7.35845724968392745818e-09	 7.35756822447617765234e-09	 7.35845988988090084854e-09	 
 -8.80000000000000115463e-01	 2.97096089707123854201e-09	 2.96484765433366522639e-09	 2.97140318979760197324e-09	 3.49538230246569309159e-07	 3.49487299433377932992e-07	 3.49101287228918150801e-07	 3.50132825302356354544e-07	 1.27660316346932493731e-07	 1.19938101382878341629e-07	 3.46713134309429181278e-07	 4.23758312512560936632e-09	 7.53124993683822718225e-09	 7.53033929647447274261e-09	 7.53125254405003361447e-09	 
 -8.59999999999999986677e-01	 3.04016914046552623940e-09	 3.03390447907892336435e-09	 3.04061807391286092024e-09	 3.57978650491654298506e-07	 3.57927683814574474807e-07	 3.57532603633992744511e-07	 3.58577389919660070363e-07	 1.30733321090796594817e-07	 1.22826177279401385691e-07	 3.55086839252137415920e-07	 4.33480609823942862232e-09	 7.70669994205337041851e-09	 7.70576734050994122992e-09	 7.70670252116066832858e-09	 
 -8.40000000000000079936e-01	 3.11040599448460925840e-09	 3.10398765599106840541e-09	 3.11086185391084946802e-09	 3.66550445420516265972e-07	 3.66499455537914666799e-07	 3.66095135654426188501e-07	 3.67153162827218448662e-07	 1.33853787514772147528e-07	 1.25758869268959704441e-07	 3.63590885628612554296e-07	 4.43343572819795741104e-09	 7.88476052470457672138e-09	 7.88380562003355398452e-09	 7.88476308209460664526e-09	 
 -8.20000000000000062172e-01	 3.18165094697202840058e-09	 3.17507670925020067138e-09	 3.18211405212752873327e-09	 3.75250978762896981866e-07	 3.75199989479898465231e-07	 3.74786255708307959434e-07	 3.75857480506917504215e-07	 1.37020713446913334536e-07	 1.28735232393059090054e-07	 3.72222634451824321059e-07	 4.53344093620732732386e-09	 8.06537965587223541498e-09	 8.06440210905830541056e-09	 8.06538219644443940601e-09	 
 -8.00000000000000044409e-01	 3.25388131243698676796e-09	 3.24714899146800048219e-09	 3.25435202308857405737e-09	 3.84077256857934930575e-07	 3.84026305793134144821e-07	 3.83602981308300862903e-07	 3.84687318713602491750e-07	 1.40232963192267671774e-07	 1.31754195437974898271e-07	 3.80979085941987911855e-07	 4.63478758687581337076e-09	 8.24849976005614898685e-09	 8.24749923492954562487e-09	 8.24850228663537861540e-09	 
 -7.80000000000000026645e-01	 3.32707223397382857835e-09	 3.32017969635732851641e-09	 3.32755091328511251556e-09	 3.93025938840036192140e-07	 3.92975062725538190790e-07	 3.92541973249596948962e-07	 3.93639303135639868389e-07	 1.43489270217789794981e-07	 1.34814562395649439576e-07	 3.89856913572051268232e-07	 4.73743850242850680901e-09	 8.43405769078453612056e-09	 8.43303385492813878059e-09	 8.43406020136811764048e-09	 
 -7.60000000000000008882e-01	 3.40119663055544256016e-09	 3.39414180731278055543e-09	 3.40168360243584103221e-09	 4.02093318646441557557e-07	 4.02042536273177449388e-07	 4.01599516093719947974e-07	 4.02709691070689956810e-07	 1.46788230231539173700e-07	 1.37915005688533620336e-07	 3.98852449066161205381e-07	 4.84135340342757701760e-09	 8.62198458675294181066e-09	 8.62093711246530051764e-09	 8.62198707131086361721e-09	 
 -7.39999999999999991118e-01	 3.47622506658965164862e-09	 3.46900595940086935154e-09	 3.47672059965007421779e-09	 4.11275277239510405206e-07	 4.11224584090444911957e-07	 4.10771478738835214694e-07	 4.11894322413216578468e-07	 1.50128284104983040850e-07	 1.41054050571547455145e-07	 4.07961617970863603034e-07	 4.94648874364502815354e-09	 8.81220554854512489848e-09	 8.81113411294952243214e-09	 8.81220798683194132172e-09	 
 -7.19999999999999973355e-01	 3.55212580631896145086e-09	 3.54474048940598734822e-09	 3.55263005733937544419e-09	 4.20567291906101246455e-07	 4.20516668694572303588e-07	 4.20053338398619413792e-07	 4.21188633934719061145e-07	 1.53507721018238519496e-07	 1.44230081055862025818e-07	 4.17179960281429126553e-07	 5.05279778987206663708e-09	 9.00464045702322887305e-09	 9.00354474586310140128e-09	 9.00464282173320827550e-09	 
 -6.99999999999999955591e-01	 3.62886476341056319631e-09	 3.62131138496963548770e-09	 3.62937771177790030499e-09	 4.29964414650460149259e-07	 4.29913837174958849202e-07	 4.29440160847265521387e-07	 4.30587637921082894389e-07	 1.56924670269229241618e-07	 1.47441332452299807750e-07	 4.26502611370978364358e-07	 5.16023057002877919629e-09	 9.19920394236138724816e-09	 9.19808365430063449963e-09	 9.19920620278056571446e-09	 
 -6.79999999999999937828e-01	 3.70640531859499036632e-09	 3.69868210532834402977e-09	 3.70692671803874029974e-09	 4.39461217794576739362e-07	 4.39410656100904056449e-07	 4.38926535789828422509e-07	 4.40085863431277883031e-07	 1.60377081148349572119e-07	 1.50685870102020971081e-07	 4.35924242156894150020e-07	 5.26873365016923969332e-09	 9.39580449266848890004e-09	 9.39465934118660450454e-09	 9.39580661430216433731e-09	 
 -6.60000000000000031086e-01	 3.78470840488782281239e-09	 3.77681364271029697295e-09	 3.78523788095444701985e-09	 4.49051802999166562529e-07	 4.49001241685555445467e-07	 4.48506574208521403449e-07	 4.49677380985995490961e-07	 1.63862730349517547429e-07	 1.53961596319966645627e-07	 4.45439033826891016426e-07	 5.37825022543890718457e-09	 9.59434347014182893475e-09	 9.59317318489776408899e-09	 9.59434541743527887565e-09	 
 -6.40000000000000013323e-01	 3.86373244847388135228e-09	 3.85566445950648617532e-09	 3.86426961086465236477e-09	 4.58729774476182235711e-07	 4.58679236083628949008e-07	 4.58173880354557428842e-07	 4.59355777803767654822e-07	 1.67379212525650496296e-07	 1.57266241451173397272e-07	 4.55040647811773925045e-07	 5.48872005671368453199e-09	 9.79471482276109160673e-09	 9.79351915107797148197e-09	 9.79471656225671315806e-09	 
 -6.19999999999999884537e-01	 3.94343313148964183789e-09	 3.93519026532684074879e-09	 3.94397757967117857969e-09	 4.68488174299926189326e-07	 4.68437728860294301738e-07	 4.67921495811358613396e-07	 4.69114082286311463715e-07	 1.70923913563134904036e-07	 1.60597338653580522366e-07	 4.64722187522614498330e-07	 5.60007920015226008083e-09	 9.99680532779921858189e-09	 9.99558403700112259132e-09	 9.99680682936044140254e-09	 
 -5.99999999999999977796e-01	 4.02376368916883348036e-09	 4.01534436057783807618e-09	 4.02431504373199722845e-09	 4.78319515596696064015e-07	 4.78269259342373806844e-07	 4.77741923356913349143e-07	 4.78944798459709198909e-07	 1.74494024425653201949e-07	 1.63952236262543387978e-07	 4.74476265597809862358e-07	 5.71226051638005427785e-09	 1.02004949390376815288e-08	 1.01992478164728341632e-08	 1.02004961756044151903e-08	 
 -5.79999999999999849010e-01	 4.10467485612886896308e-09	 4.09607758756502677756e-09	 4.10523279513059448948e-09	 4.88215752190542823664e-07	 4.88165783135238668926e-07	 4.87627095156856449717e-07	 4.88839876481585878144e-07	 1.78086530344005372614e-07	 1.67328087465863170299e-07	 4.84294978695177578080e-07	 5.82519363624206957470e-09	 1.04056565597565568218e-08	 1.04043834127265309152e-08	 1.04056575070886986442e-08	 
 -5.60000000000000053291e-01	 4.18611443757479377484e-09	 4.17733786782451229444e-09	 4.18667871972604144848e-09	 4.98168183837300478983e-07	 4.98118600598344676108e-07	 4.97568283923746438153e-07	 4.98790618545081212938e-07	 1.81698175286661720704e-07	 1.70721817213893775216e-07	 4.94169790684475006143e-07	 5.93880435290178923860e-09	 1.06121551344099334253e-08	 1.06108557921135030880e-08	 1.06121557722502024385e-08	 
 -5.40000000000000035527e-01	 4.26802713671857231079e-09	 4.25906998098238179209e-09	 4.26859757284463323771e-09	 5.08167556461606491804e-07	 5.08118436169430747284e-07	 5.07556203039818453748e-07	 5.08787732436630737483e-07	 1.85325485685522517309e-07	 1.74130143431153667545e-07	 5.04091547006227395733e-07	 6.05301420204282846615e-09	 1.08198482927636402589e-08	 1.08185226063051205121e-08	 1.08198486064741954035e-08	 
 -5.20000000000000017764e-01	 4.35035440586211126478e-09	 4.34121540952709552117e-09	 4.35093082661785882235e-09	 5.18204033679515016173e-07	 5.18155406717844104543e-07	 5.17580977328146231825e-07	 5.18821297489722027439e-07	 1.88964758493854268852e-07	 1.77549565524075492570e-07	 5.14050436581266586719e-07	 6.16774026680854757227e-09	 1.10285860548685272598e-08	 1.10272338971595314489e-08	 1.10285860373166959930e-08	 
 -5.00000000000000000000e-01	 4.43303424822510951647e-09	 4.42371217274574763477e-09	 4.43361651346043502887e-09	 5.28267042403888782942e-07	 5.28218880719605378268e-07	 5.27631987231986470742e-07	 5.28880643630431599284e-07	 1.92612014128201588784e-07	 1.80976320666799094467e-07	 5.24035900224260631106e-07	 6.28289508294215476624e-09	 1.12382094911103462629e-08	 1.12368307583658497285e-08	 1.12382091447084188614e-08	 
 -4.79999999999999926725e-01	 4.51600130814010916827e-09	 4.50649511800508383782e-09	 4.51658954456255458280e-09	 5.38345321968166037698e-07	 5.38297606010349148372e-07	 5.37697965327179056079e-07	 5.38954482739296812942e-07	 1.96263027990774710289e-07	 1.84406414091272865682e-07	 5.34036699753984074657e-07	 6.39838705981148016327e-09	 1.14485513241861172857e-08	 1.14471459393081273406e-08	 1.14485506626476613902e-08	 
 -4.59999999999999964473e-01	 4.59918668611297537587e-09	 4.58949576067508242067e-09	 4.59978155747241101607e-09	 5.48426883760487161080e-07	 5.48379678400394261775e-07	 5.47766961382502266331e-07	 5.49030877773092097974e-07	 1.99913317244759285606e-07	 1.87835606554870996731e-07	 5.44040878211020208196e-07	 6.51412029362024207045e-09	 1.16594354930435849889e-08	 1.16580034093527776544e-08	 1.16594345433874676549e-08	 
 -4.40000000000000002220e-01	 4.68251741285931803479e-09	 4.67264162301493383487e-09	 4.68312024669931684842e-09	 5.58498882835843217745e-07	 5.58452356045516689632e-07	 5.57826179521518684391e-07	 5.59097054695697254102e-07	 2.03558084036565977919e-07	 1.91259360139631119354e-07	 5.54035613357942171805e-07	 6.62999369406920694404e-09	 1.18706755491845397373e-08	 1.18692167531415383747e-08	 1.18706743546148411098e-08	 
 -4.19999999999999984457e-01	 4.76591693169965907524e-09	 4.75585663566004686430e-09	 4.76652959182477254278e-09	 5.68547758405307765596e-07	 5.68502101997083073491e-07	 5.67862092335365036025e-07	 5.69139438314580412428e-07	 2.07192262699532235378e-07	 1.94672885250935037893e-07	 5.64007348603002220106e-07	 6.74590159044922265227e-09	 1.20820756965755016155e-08	 1.20805902050765207557e-08	 1.20820743038978396092e-08	 
 -3.99999999999999911182e-01	 4.84930488896266408402e-09	 4.83906092715867124349e-09	 4.84992963168607845995e-09	 5.78559197900330337536e-07	 5.78514538181897632912e-07	 5.77860403067194640970e-07	 5.79143605633353835777e-07	 2.10810506608913379741e-07	 1.98071128417681622703e-07	 5.73941754235177506177e-07	 6.86173348030865028117e-09	 1.22934302411364407435e-08	 1.22919180983446847235e-08	 1.22934286865412741028e-08	 
 -3.80000000000000004441e-01	 4.93259618927712923222e-09	 4.92216995454712324501e-09	 4.93323572522405148299e-09	 5.88517931364711413733e-07	 5.88474313172137691402e-07	 5.87805861432363720987e-07	 5.89094158785332193622e-07	 2.14407116947388291870e-07	 2.01448703121350096548e-07	 5.83823525322398022551e-07	 6.97737284522412378598e-09	 1.25045213389537876760e-08	 1.25029826171664186392e-08	 1.25045196446617684577e-08	 
 -3.59999999999999931166e-01	 5.01570177197203971646e-09	 5.00509491050959897303e-09	 5.01635870274238934962e-09	 5.98407891577998020623e-07	 5.98365308579761445408e-07	 5.97682422400537091998e-07	 5.98974982722836095454e-07	 2.17976116544762294784e-07	 2.04799960150185712522e-07	 5.93636653080920653115e-07	 7.09269768689606758598e-09	 1.27151202963272489310e-08	 1.27135551040211062932e-08	 1.27151184726840441703e-08	 
 -3.39999999999999968914e-01	 5.09852837009638199784e-09	 5.08774244560728838197e-09	 5.09920455623500263083e-09	 6.08212177852427780005e-07	 6.08170606356293662825e-07	 6.07473210358733087875e-07	 6.08769218536959635920e-07	 2.21511239017479342936e-07	 2.08118977441948871682e-07	 6.03364399362645768071e-07	 7.20758017296155699580e-09	 1.29249868787540122688e-08	 1.29233953694739016651e-08	 1.29249849265331086303e-08	 
 -3.20000000000000006661e-01	 5.18097722840826368515e-09	 5.17001365110685486683e-09	 5.18167359005836092392e-09	 6.17912832724819018512e-07	 6.17872228527596912963e-07	 6.17160297766279864292e-07	 6.18458966246915717486e-07	 2.25005837068199427759e-07	 2.11399473055559320751e-07	 6.12988988802901015474e-07	 7.32188529668620112646e-09	 1.31338665293408862619e-08	 1.31322489057428003306e-08	 1.31338644373623206902e-08	 
 -2.99999999999999933387e-01	 5.26294486818639906899e-09	 5.25180518800400135352e-09	 5.26366159709631697149e-09	 6.27491102132609085885e-07	 6.27451361480048707211e-07	 6.26724956907169184190e-07	 6.28025517870144224504e-07	 2.28452990629951192158e-07	 2.14634907958129017061e-07	 6.22491873531240458609e-07	 7.43547244494777698814e-09	 1.33414932158559391603e-08	 1.33398497382896933270e-08	 1.33414909706859163501e-08	 
 -2.80000000000000026645e-01	 5.34432278750379331236e-09	 5.33300901812667719068e-09	 5.34505958020665736271e-09	 6.36927409886548090767e-07	 6.36888326174751258004e-07	 6.36147634030988629836e-07	 6.37449330759101754215e-07	 2.31845500392249532587e-07	 2.17818480057417021190e-07	 6.31853710012139300402e-07	 7.54819505334362546511e-09	 1.35475887432155576384e-08	 1.35459197391504023541e-08	 1.35475863399217517983e-08	 
 -2.59999999999999953371e-01	 5.42499608137981221800e-09	 5.41351075289583450751e-09	 5.42575203452761273590e-09	 6.46201062331278811380e-07	 6.46162308512839504169e-07	 6.45407661242221822232e-07	 6.46709755464962546825e-07	 2.35175772532286814380e-07	 2.20943014934881056646e-07	 6.41054063756186024390e-07	 7.65989834987775953760e-09	 1.37518585807316275953e-08	 1.37501644518553919402e-08	 1.37518560248023407306e-08	 
 -2.39999999999999907851e-01	 5.50484480034567181618e-09	 5.49319105726057416098e-09	 5.50561907076296870312e-09	 6.55290665084970868114e-07	 6.55251906921236659620e-07	 6.54483729601749777350e-07	 6.55785451687322225223e-07	 2.38435972165691724057e-07	 2.24001110071821906041e-07	 6.50071869077328761732e-07	 7.77042130823201515576e-09	 1.39539956631228678901e-08	 1.39522768867512073310e-08	 1.39539929765115148169e-08	 
 -2.19999999999999945599e-01	 5.58374365451855755746e-09	 5.57192536310376303788e-09	 5.58453618453336063111e-09	 6.64174116995879558272e-07	 6.64135137376718755165e-07	 6.63353888978366136359e-07	 6.64654383199780426717e-07	 2.41618023455858882313e-07	 2.26985135006323872549e-07	 6.58885429574856837593e-07	 7.87959627029460791702e-09	 1.41536796876944171994e-08	 1.41519368182248945358e-08	 1.41536769154894782162e-08	 
 -1.99999999999999983347e-01	 5.66156011092525519258e-09	 5.64958194557819855062e-09	 5.66237179472818017209e-09	 6.72828207140326973467e-07	 6.72788928864056940040e-07	 6.71995103095315670794e-07	 6.73293417173769467378e-07	 2.44713464626856306058e-07	 2.29887095045546364079e-07	 6.67471986444121064663e-07	 7.98724629028918390933e-09	 1.43505720817655113087e-08	 1.43488057574316008212e-08	 1.43505692964852969500e-08	 
 -1.79999999999999993339e-01	 5.73815676417307325595e-09	 5.72602371833968893641e-09	 5.73898868366650222209e-09	 6.81229263951275802566e-07	 6.81189705439920711568e-07	 6.80383698668896547741e-07	 6.81678850196039010140e-07	 2.47713652084828124972e-07	 2.32698827105336586364e-07	 6.75808063109352035364e-07	 8.09318786475162594070e-09	 1.45443206881859855280e-08	 1.45425316141461908804e-08	 1.45443179770576294103e-08	 
 -1.59999999999999920064e-01	 5.81339109343984755279e-09	 5.80110794694035714874e-09	 5.81424368837827029672e-09	 6.89353177274138400688e-07	 6.89313404692445340982e-07	 6.88495372401317432258e-07	 6.89786420800182305859e-07	 2.50609768117651762261e-07	 2.35412007360683241558e-07	 6.83869464887235999374e-07	 8.19723056547438080869e-09	 1.47345590646613099777e-08	 1.47327479944775298566e-08	 1.47345565158083927803e-08	 
 -1.39999999999999902300e-01	 5.88711277965751902833e-09	 5.87468399276506462459e-09	 5.88798571911152076799e-09	 6.97174833101540242400e-07	 6.97134967494055221489e-07	 6.96304783578949448779e-07	 6.97590841065704896715e-07	 2.53392642957023480514e-07	 2.38017980840989937424e-07	 6.91630955001380693422e-07	 8.29917373755256334297e-09	 1.49209007145091928159e-08	 1.49190684494454769119e-08	 1.49208984161342496074e-08	 
 -1.20000000000000009437e-01	 5.95916200519700801824e-09	 5.94659207385381105946e-09	 5.96005439936284600380e-09	 7.04668680312224707791e-07	 7.04628883800785108946e-07	 7.03786350918671683995e-07	 7.05066547248460195184e-07	 2.56053021748223503333e-07	 2.40508019508596103910e-07	 6.99066924276253639404e-07	 8.39880395061330728293e-09	 1.51029464294872839509e-08	 1.51010938396884740172e-08	 1.51029444749743422443e-08	 
 -1.00000000000000005551e-01	 6.02936888343900692154e-09	 6.01666271868375536674e-09	 6.03027950936120777971e-09	 7.11808756790221606861e-07	 7.11769217820675550540e-07	 7.10914292818676093573e-07	 7.12187737411399796334e-07	 2.58581580286278174620e-07	 2.42873337748406110319e-07	 7.06151421048619558735e-07	 8.49589418278528764720e-09	 1.52802837373697813441e-08	 1.52784117844589886901e-08	 1.52802822307433412035e-08	 
 -8.00000000000000155431e-02	 6.09755369800342199728e-09	 6.08471664474922148248e-09	 6.09848095002805518435e-09	 7.18568208678073239935e-07	 7.18529144631713606269e-07	 7.17661960729609297358e-07	 7.18927742425095509520e-07	 2.60968703242998076213e-07	 2.45104878188703486531e-07	 7.12857584163553131429e-07	 8.59020421748113386207e-09	 1.54524791597403905615e-08	 1.54505889029531408278e-08	 1.54524782166117175686e-08	 
 -5.99999999999999630851e-02	 6.16354205049721354014e-09	 6.15058037802375768293e-09	 6.16448494818270872235e-09	 7.24920478411735511644e-07	 7.24881954266844294017e-07	 7.24002643114988140540e-07	 7.25260199409205221210e-07	 2.63204845734438419573e-07	 2.47193649614577599773e-07	 7.19158848780545670761e-07	 8.68150278031479540344e-09	 1.56190906586070813323e-08	 1.56171832654981153466e-08	 1.56190904524858190042e-08	 
 -3.99999999999999383826e-02	 6.22716527740378050838e-09	 6.21408670026409041386e-09	 6.22812453619803280614e-09	 7.30839374458093685924e-07	 7.30801110439355839927e-07	 7.29909613703480478416e-07	 7.31159122274106355320e-07	 2.65280557388882897162e-07	 2.49130749776249340631e-07	 7.25029015408362155777e-07	 8.76956816283824239967e-09	 1.57796673870733337831e-08	 1.57777441448532601300e-08	 1.57796681986278031158e-08	 
 -2.00000000000000281719e-02	 6.28824805473415758670e-09	 6.27506189898631562256e-09	 6.28922635102660173918e-09	 7.36298097802456383645e-07	 7.36259426663249812039e-07	 7.35355471401276588582e-07	 7.36597941313093354689e-07	 2.67186187062760202620e-07	 2.50907089378721814467e-07	 7.30441260490700466125e-07	 8.85417018152695495423e-09	 1.59337382253076750813e-08	 1.59318005494594028326e-08	 1.59337404579805059588e-08	 
 -4.82163733276643543166e-17	 6.34660714870771164000e-09	 6.33332431021087498675e-09	 6.34760917645715713721e-09	 7.41270285361659452054e-07	 7.41230460229003247024e-07	 7.40313631299469801274e-07	 7.41550683360754570404e-07	 2.68912330401787192120e-07	 2.52513817526269833709e-07	 7.35369234700404847729e-07	 8.93506768168848474636e-09	 1.60808259179626729748e-08	 1.60788753262409611321e-08	 1.60808300662504360723e-08	 
 2.00000000000001253164e-02	 6.40205110344981027646e-09	 6.38868400730659754495e-09	 6.40308364024061594355e-09	 7.45730076001450390757e-07	 7.45688591993963649572e-07	 7.44758407434184269567e-07	 7.45992045718550521422e-07	 2.70449858772483146464e-07	 2.53942349374609116013e-07	 7.39787130054920664074e-07	 9.01200806053724701144e-09	 1.62204469151796782819e-08	 1.62184850003610535422e-08	 1.62204535316821056598e-08	 
 4.00000000000001187939e-02	 6.45438067300895269713e-09	 6.44094341666829622363e-09	 6.45545284813071590425e-09	 7.49651254745340913245e-07	 7.49607877626427003145e-07	 7.48663782508983411185e-07	 7.49896427174481660939e-07	 2.71789550613939574412e-07	 2.55184015301201890599e-07	 7.43668777426628577179e-07	 9.08472840959431678345e-09	 1.63520988136972124684e-08	 1.63501272436720575871e-08	 1.63521085144546631931e-08	 
 6.00000000000000255351e-02	 6.50339820509498004891e-09	 6.48990583927459450685e-09	 6.50452047025869992732e-09	 7.53008788403724954969e-07	 7.52963599124398242740e-07	 7.52004916594811102085e-07	 7.53239409341404213554e-07	 2.72922647462869205568e-07	 2.56230599323568929586e-07	 7.46989527759931409852e-07	 9.15296648087929848882e-09	 1.64752817314366541677e-08	 1.64733022109085783843e-08	 1.64752951353307468305e-08	 
 7.99999999999999322764e-02	 6.54890767437918561062e-09	 6.53537546121213213487e-09	 6.55009074468296067663e-09	 7.55778903330174130714e-07	 7.55732344775005432018e-07	 7.54758225254893002586e-07	 7.55997835720291752783e-07	 2.73840884498510599814e-07	 2.57074368569524017261e-07	 7.49726340734757183591e-07	 9.21646063732203274647e-09	 1.65894983748040162463e-08	 1.65875126054726032920e-08	 1.65895160408842384456e-08	 
 9.99999999999999500400e-02	 6.59070676008325647590e-09	 6.57715012233772852227e-09	 6.59196160191361756409e-09	 7.57937792828346083917e-07	 7.57890702460759371894e-07	 7.56900108954851853237e-07	 7.58148564925658437968e-07	 2.74536020083238599894e-07	 2.57707616842826611965e-07	 7.51856197123705117976e-07	 9.27494044055638041723e-09	 1.66942359625091202788e-08	 1.66922456331599638394e-08	 1.66942583794610095509e-08	 
 1.20000000000000023315e-01	 6.62859742205928487745e-09	 6.61503128402325550898e-09	 6.62993372279370460497e-09	 7.59463697856396171623e-07	 7.59417029925759183111e-07	 7.58408873839049993672e-07	 7.59670152066676681166e-07	 2.75000535577285454414e-07	 2.58123320050039064328e-07	 7.53357858089867525134e-07	 9.32814122199075662159e-09	 1.67889917511102770615e-08	 1.67869984873613001841e-08	 1.67890192737315067134e-08	 
 1.40000000000000041078e-01	 6.66238592087857976328e-09	 6.64882403224088538744e-09	 6.66381052360978787026e-09	 7.60336981182091911925e-07	 7.60291524380782400871e-07	 7.59264803538159514168e-07	 7.60542917429895372539e-07	 2.75227663210242209663e-07	 2.58315162641616895413e-07	 7.54211935353661990587e-07	 9.37580406430946883909e-09	 1.68732730926153195877e-08	 1.68712784050842213650e-08	 1.68733058764703526731e-08	 
 1.59999999999999975575e-01	 6.69187396835982293268e-09	 6.67832871544918947025e-09	 6.69339052834512826595e-09	 7.60538313672178798867e-07	 7.60494677337635089502e-07	 7.59448482921188762956e-07	 7.60747478934283418479e-07	 2.75210771201966408516e-07	 2.58276960441071434308e-07	 7.54399353503463057362e-07	 9.41766357973301685794e-09	 1.69465760844273141685e-08	 1.69445813484294605425e-08	 1.69466140621745366040e-08	 
 1.79999999999999937828e-01	 6.71687309581414923236e-09	 6.70335503618192509325e-09	 6.71848098369778020078e-09	 7.60050911949545482620e-07	 7.60009492799769406423e-07	 7.58943111259359318785e-07	 7.60266870542033263335e-07	 2.74944184951838592929e-07	 2.58003450328667076183e-07	 7.53903574150840410177e-07	 9.45346575527737830928e-09	 1.70084211792325465485e-08	 1.70064276680799067272e-08	 1.70084640859352593212e-08	 
 2.00000000000000094369e-01	 6.73720462021933744840e-09	 6.72372200518604300981e-09	 6.73889780145039801310e-09	 7.58860586759274631592e-07	 7.58821534972223484467e-07	 7.57734550737142106181e-07	 7.59086589719102614211e-07	 2.74423206111381630859e-07	 2.57490308463361132181e-07	 7.52710644371964223768e-07	 9.48296785397333406951e-09	 1.70583531096499168295e-08	 1.70563620273723629387e-08	 1.70584005073437623176e-08	 
 2.20000000000000001110e-01	 6.75268762480453995343e-09	 6.73924614665597914800e-09	 6.75445415016896865538e-09	 7.56953705669146821815e-07	 7.56916910302903473765e-07	 7.55809221745571445855e-07	 7.57192669755272398806e-07	 2.73643358972035064222e-07	 2.56733424191766700426e-07	 7.50807170454262858671e-07	 9.50592347862562284933e-09	 1.70959110901162300975e-08	 1.70939235595599235606e-08	 1.70959623513641301172e-08	 
 2.39999999999999963363e-01	 6.76315303386521587094e-09	 6.74975730031162585423e-09	 6.76497809581132793729e-09	 7.54319922808016150394e-07	 7.54285092487199107550e-07	 7.53157134622149599340e-07	 7.54574649291876637512e-07	 2.72601356848584487893e-07	 2.55729800299318828506e-07	 7.48182807585492769134e-07	 9.52210361125072912017e-09	 1.71206687385947321742e-08	 1.71186858621629192258e-08	 1.71207231239177265648e-08	 
 2.59999999999999953371e-01	 6.76844341485831994616e-09	 6.75509840409842007256e-09	 6.77031236456814104891e-09	 7.50952187373273632458e-07	 7.50918929673393240668e-07	 7.49771895996293508184e-07	 7.51225578599479029414e-07	 2.71295106767962774749e-07	 2.54477557679311918759e-07	 7.44830270285807081169e-07	 9.53129630172282656840e-09	 1.71322335611329328598e-08	 1.71302564806018065504e-08	 1.71322902952126316983e-08	 
 2.80000000000000082157e-01	 6.76840098057024894365e-09	 6.75511204203346248539e-09	 6.77029934361815255591e-09	 7.46844149824756667356e-07	 7.46811967042774095170e-07	 7.45647838105578529830e-07	 7.47139214850181540366e-07	 2.69722782192664832962e-07	 2.52975068558736848675e-07	 7.40742956021682273518e-07	 9.53328884108486936647e-09	 1.71302129295300420452e-08	 1.71282428249283691147e-08	 1.71302711984653340842e-08	 
 2.99999999999999988898e-01	 6.76288461424782326608e-09	 6.74965729406059587830e-09	 6.76479885131704533888e-09	 7.41993263749771614948e-07	 7.41961707708041570024e-07	 7.40782836478688134113e-07	 7.42313394561432983116e-07	 2.67883970759298745803e-07	 2.51222033633835507321e-07	 7.35918488948736149448e-07	 9.52789504268958435838e-09	 1.71142665101289663987e-08	 1.71123047014225893409e-08	 1.71143255674020940079e-08	 
 3.20000000000000006661e-01	 6.75176938407629174446e-09	 6.73860925236267135805e-09	 6.75368763592200154848e-09	 7.36400739698763731264e-07	 7.36369562945499860524e-07	 7.35178271030401836438e-07	 7.36749982460290955467e-07	 2.65779658508067585442e-07	 2.49219467420412709722e-07	 7.30358663885582902896e-07	 9.51495450886066431414e-09	 1.70841048918700831467e-08	 1.70821529386827352035e-08	 1.70841641620859702067e-08	 
 3.39999999999999968914e-01	 6.73493164257689703856e-09	 6.72184426844323804187e-09	 6.73684383345892146466e-09	 7.30068463049840009312e-07	 7.30037623498253258800e-07	 7.28836198783013594191e-07	 7.30451540533140331979e-07	 2.63411082019787862641e-07	 2.46968618037161992416e-07	 7.24065958314196019010e-07	 9.49430901948174760833e-09	 1.70394437589608173841e-08	 1.70375034721583800518e-08	 1.70395028480704889529e-08	 
 3.59999999999999931166e-01	 6.71228057600092378305e-09	 6.69927331511740024406e-09	 6.71417938904006273298e-09	 7.23002971722831427244e-07	 7.22972317640762486745e-07	 7.21763194409200787767e-07	 7.23424674263499207717e-07	 2.60781052743051964525e-07	 2.44472231045553919462e-07	 7.17047258059012770207e-07	 9.46583640210363708368e-09	 1.69800654291646263523e-08	 1.69781388402645576524e-08	 1.69801241710220338129e-08	 
 3.80000000000000059952e-01	 6.68375692268425445770e-09	 6.67084064542179301368e-09	 6.68563874792816164842e-09	 7.15215326306175471181e-07	 7.15184292612796713268e-07	 7.13970225761731173164e-07	 7.15679926643454623193e-07	 2.57893915873106900139e-07	 2.41734510285991816877e-07	 7.09313737193780803106e-07	 9.42944912513484457749e-09	 1.69058162597276120418e-08	 1.69039055921199830513e-08	 1.69058747617544266771e-08	 
 4.00000000000000077716e-01	 6.64930470819671635686e-09	 6.63649392419511739821e-09	 6.65116978605108441610e-09	 7.06717032474439139743e-07	 7.06684637199704122342e-07	 7.05468703704053716518e-07	 7.07228295513214003414e-07	 2.54754173525386980401e-07	 2.38759802475055541561e-07	 7.00877012904284513414e-07	 9.38506410887878621128e-09	 1.68165510003468733405e-08	 1.68146586765778092912e-08	 1.68166096559108140661e-08	 
 4.19999999999999984457e-01	 6.60889599340469765404e-09	 6.59620662629847097764e-09	 6.61074669664450206738e-09	 6.97524087716333345702e-07	 6.97489344501061370601e-07	 6.96274509415005352706e-07	 6.98085750208031412286e-07	 2.51367992762321687218e-07	 2.35554027897789766896e-07	 6.91752873136781768479e-07	 9.33263762868479247563e-09	 1.67122017598247996595e-08	 1.67103302378994484167e-08	 1.67122610983687269183e-08	 
 4.39999999999999946709e-01	 6.56252935389577447616e-09	 6.54997662996110456103e-09	 6.56436856097426236614e-09	 6.87656787911926625801e-07	 6.87619097547560656046e-07	 6.86407802188330507506e-07	 6.88273015797401144204e-07	 2.47743135597302392488e-07	 2.32124614285399253180e-07	 6.81961099343806136651e-07	 9.27216322958304687052e-09	 1.65927738686348174445e-08	 1.65909254866097496761e-08	 1.65928344137004487934e-08	 
 4.60000000000000131006e-01	 6.51020656367083190950e-09	 6.49780499743599443882e-09	 6.51203768289358592424e-09	 6.77135383825574923779e-07	 6.77094528939508507990e-07	 6.75888695646869033245e-07	 6.77810788779124997980e-07	 2.43887337765583658916e-07	 2.28478956421327492202e-07	 6.71521431964552280336e-07	 9.20363934036407303163e-09	 1.64582810214750854938e-08	 1.64564579948081436451e-08	 1.64583432919038831823e-08	 
 4.80000000000000037748e-01	 6.45196401646588679675e-09	 6.43972810337648122518e-09	 6.45379066881376943071e-09	 6.65984723154290246191e-07	 6.65940825144191498352e-07	 6.64741991770804248334e-07	 6.66724105747803876730e-07	 2.39809996892022692026e-07	 2.24625995342807307406e-07	 6.60458176818919791681e-07	 9.12711146151969396805e-09	 1.63088229934298603835e-08	 1.63070273666709447850e-08	 1.63088873887485548060e-08	 
 5.00000000000000000000e-01	 6.38787027939407385760e-09	 6.37581514751242813667e-09	 6.38969600346011091254e-09	 6.54233968488062392754e-07	 6.54187447588715652193e-07	 6.52996893284897086307e-07	 6.55042080709634722869e-07	 2.35522072991288858107e-07	 2.20576125866619452023e-07	 6.48799924730455248647e-07	 9.04266893420257232163e-09	 1.61445795764938844266e-08	 1.61428131777521314226e-08	 1.61446462692582078004e-08	 
 5.20000000000000128786e-01	 6.31799549917164821554e-09	 6.30613692730545633651e-09	 6.31982376486042021997e-09	 6.41911486168462676387e-07	 6.41863053654997940827e-07	 6.40681803174824548987e-07	 6.42793065281198264142e-07	 2.31034223255209376938e-07	 2.16339447154679250124e-07	 6.36574483825370977843e-07	 8.95040443118812429894e-09	 1.59657345678850140754e-08	 1.59639990074910398328e-08	 1.59658035021871589045e-08	 
 5.40000000000000035527e-01	 6.24244992679898017245e-09	 6.23080286976365981179e-09	 6.24428065894345493498e-09	 6.29050494556849971356e-07	 6.29001171323681723089e-07	 6.27830120395147159353e-07	 6.30010344905236437551e-07	 2.26358713480784649158e-07	 2.11927573853890370245e-07	 6.23814735536078836883e-07	 8.85046210555524067296e-09	 1.57725731213538160024e-08	 1.57708698643965807060e-08	 1.57726440165628564718e-08	 
 5.60000000000000053291e-01	 6.16138034550026504413e-09	 6.14995757220861096765e-09	 6.16320670239091431876e-09	 6.15688665647956438886e-07	 6.15639799975216810077e-07	 6.14479830994372633713e-07	 6.16731738285099639089e-07	 2.21509288222981331653e-07	 2.07353513768291836739e-07	 6.10558219160450361469e-07	 8.74303311558468979290e-09	 1.55654727421000662197e-08	 1.55638031753593877864e-08	 1.55655450957406327542e-08	 
 5.79999999999999849010e-01	 6.07493141192275497252e-09	 6.06374354286567297693e-09	 6.07673982703666900111e-09	 6.01861838023980205198e-07	 6.01815093490708856936e-07	 6.00667072102792647197e-07	 6.02993271602181591856e-07	 2.16499022836818165655e-07	 2.02629631139757094593e-07	 5.96840644387309623097e-07	 8.62830774401403725185e-09	 1.53448053669017047781e-08	 1.53431708003436657461e-08	 1.53448784549699604184e-08	 
 5.99999999999999977796e-01	 5.98328732040993249084e-09	 5.97234411429224100802e-09	 5.98506268977515307614e-09	 5.87610690799950323557e-07	 5.87567209514377009870e-07	 5.86431918791252929417e-07	 5.88834544163043497777e-07	 2.11342404953114397885e-07	 1.97769608590397883371e-07	 5.82701314571397678061e-07	 8.50652984087544132788e-09	 1.51110457199001243601e-08	 1.51094473097722176035e-08	 1.51111187496883773263e-08	 
 6.20000000000000106581e-01	 5.88666735478631092249e-09	 5.87597888239636145030e-09	 5.88839775457943954108e-09	 5.72980233797915026396e-07	 5.72939875711226954146e-07	 5.71817956290730709791e-07	 5.74298338040378226429e-07	 2.06055184328798953472e-07	 1.92788306794125354107e-07	 5.68182729238833482177e-07	 8.37799101499071077144e-09	 1.48647598390510666461e-08	 1.48631985177602303831e-08	 1.48648320878866716649e-08	 
 6.39999999999999902300e-01	 5.78528265003836476038e-09	 5.77485930480090688794e-09	 5.78695920528902943349e-09	 5.58012331630540474985e-07	 5.57973754679269891293e-07	 5.56865708627107967395e-07	 5.59424487840814124202e-07	 2.00652007603295393068e-07	 1.87699533054790372465e-07	 5.53324389887287467138e-07	 8.24297483529638900024e-09	 1.46064926244045198053e-08	 1.46049691072487896720e-08	 1.46065634351929479062e-08	 
 6.60000000000000031086e-01	 5.67938655143693008599e-09	 5.66923653541770773201e-09	 5.68100174268105741184e-09	 5.42751091686267311366e-07	 5.42712895379961602930e-07	 5.41619242112671957265e-07	 5.44256266829716826397e-07	 1.95148757244021630404e-07	 1.82518255593205911335e-07	 5.38170078442816833276e-07	 8.10181646176557937711e-09	 1.43368902357122931019e-08	 1.43354050194675855821e-08	 1.43369590132172772413e-08	 
 6.80000000000000159872e-01	 5.56926883277708282082e-09	 5.55939590116104393119e-09	 5.57081497015884362749e-09	 5.27242504463798639916e-07	 5.27204254786603481399e-07	 5.26125670900817398377e-07	 5.28839908785920208154e-07	 1.89562381953046816039e-07	 1.77260444247035104016e-07	 5.22767284941901282276e-07	 7.95489568601723529707e-09	 1.40566860557619860466e-08	 1.40552394173100688791e-08	 1.40567522628497224259e-08	 
 6.99999999999999955591e-01	 5.45520259044304631067e-09	 5.44560626074174905035e-09	 5.45667178413008095799e-09	 5.11528225459849841247e-07	 5.11490379440430485350e-07	 5.10427681177231748386e-07	 5.13217371526407185199e-07	 1.83908245524013567976e-07	 1.71940560264264786412e-07	 5.07159037195124783354e-07	 7.80257428690623754927e-09	 1.37665709173678669514e-08	 1.37651629234891700767e-08	 1.37666340700814605259e-08	 
 7.20000000000000084377e-01	 5.33749412168046548520e-09	 5.32817164180442510766e-09	 5.33887981735513889625e-09	 4.95653266709802555505e-07	 4.95616778205677121568e-07	 4.94571062565493332376e-07	 4.97433962346892020719e-07	 1.78202656638947809766e-07	 1.66573954026586893591e-07	 4.91391318451840750605e-07	 7.64525736207614222286e-09	 1.34673244729879852733e-08	 1.34659551180603324671e-08	 1.34673842008027911622e-08	 
 7.39999999999999991118e-01	 5.21647698467743044872e-09	 5.20742507161581237259e-09	 5.21777531474621939934e-09	 4.79665423454256649181e-07	 4.79631394529243220520e-07	 4.78604163883922738638e-07	 4.81537770934905594286e-07	 1.72462699001977762909e-07	 1.61176705433408604004e-07	 4.75512538714639470172e-07	 7.48338587062259832365e-09	 1.31597996346756981714e-08	 1.31584689623107545537e-08	 1.31598557333781211363e-08	 
 7.60000000000000008882e-01	 5.09245818901899606634e-09	 5.08367305451495301882e-09	 5.09366776972257483275e-09	 4.63606672945838498317e-07	 4.63576342247210474501e-07	 4.62569461624093077259e-07	 4.65571148010147495685e-07	 1.66703390386421134700e-07	 1.55762931835967127902e-07	 4.59565225990869962903e-07	 7.31737092126054290983e-09	 1.28447811017035998899e-08	 1.28434892026782702298e-08	 1.28448335215117087126e-08	 
 7.80000000000000137668e-01	 4.96577828791426514245e-09	 4.95725670162404183434e-09	 4.96690071401263116980e-09	 4.47521272630225211147e-07	 4.47495977083541557582e-07	 4.46511373574352021481e-07	 4.49578407174012408641e-07	 1.60940466208022801834e-07	 1.50347430619306433060e-07	 4.43593636923730481624e-07	 7.14767006102419543851e-09	 1.25231376493294302302e-08	 1.25218846177069036456e-08	 1.25231864228523108945e-08	 
 7.99999999999999933387e-01	 4.83680427726600070144e-09	 4.82854448772154537505e-09	 4.83784454663548103024e-09	 4.31455240242534932383e-07	 4.31436382364623869754e-07	 4.30475785134631688639e-07	 4.33605354672874196187e-07	 1.55190214044587004407e-07	 1.44945523317981803006e-07	 4.27643310341050801146e-07	 6.97477803988353228279e-09	 1.21958043026484843952e-08	 1.21945901975939957082e-08	 1.21958494819401992589e-08	 
 8.20000000000000062172e-01	 4.70586504254119834678e-09	 4.69786666555537771046e-09	 4.70683127073731740738e-09	 4.15447430990730841820e-07	 4.15436475441288645318e-07	 4.14501436455672313006e-07	 4.17690800320641112982e-07	 1.49466406765417312808e-07	 1.39570145274128073525e-07	 4.11752675528793861302e-07	 6.79914558898962663145e-09	 1.18636185336232561112e-08	 1.18624433850969231489e-08	 1.18636601874744014628e-08	 
 8.39999999999999857891e-01	 4.57331731717046465998e-09	 4.56558050015531186627e-09	 4.57421779815667605474e-09	 3.99538705422715766502e-07	 3.99536884946977238924e-07	 3.98628470108760061483e-07	 4.01875042539583820626e-07	 1.43783296205475740043e-07	 1.34234668743945964424e-07	 3.95962159497227136890e-07	 6.62125405389459060377e-09	 1.15274858414114016791e-08	 1.15263495831128917831e-08	 1.15275240498152843296e-08	 
 8.60000000000000097700e-01	 4.43953833780014108158e-09	 4.43206304179998388336e-09	 4.44037903049370434623e-09	 3.83771400454250214721e-07	 3.83779466233017262906e-07	 3.82897994890574566680e-07	 3.86199426422787058753e-07	 1.38155469022534612683e-07	 1.28952770095150641613e-07	 3.80313662287518125724e-07	 6.44160713152338119182e-09	 1.11883615848973149880e-08	 1.11872639971645548603e-08	 1.11883964342395131966e-08	 
 8.80000000000000115463e-01	 4.30485542456270119844e-09	 4.29764146547256360061e-09	 4.30564016866313443882e-09	 3.68179455989418008138e-07	 3.68197746030612939725e-07	 3.67342890337516325704e-07	 3.70697214323103374050e-07	 1.32594629598845816560e-07	 1.23735398031997917339e-07	 3.64840747949759819125e-07	 6.26065148445075515836e-09	 1.08470740208936573689e-08	 1.08460147496019827380e-08	 1.08471056018201629922e-08	 
 8.99999999999999911182e-01	 4.16962072052707764835e-09	 4.16266544607409643908e-09	 4.17035050178407175937e-09	 3.52797352707070082244e-07	 3.52825627625915879026e-07	 3.51997388934630159752e-07	 3.55402867769883906081e-07	 1.27112797454855276117e-07	 1.18593796182581575691e-07	 3.49578024907557914482e-07	 6.07885753907274339353e-09	 1.05045096505200588348e-08	 1.05034881631475104915e-08	 1.05045379811891489514e-08	 
 9.20000000000000039968e-01	 4.03420350787416661779e-09	 4.02749984970321995518e-09	 4.03487585051660691346e-09	 3.37659807704282493332e-07	 3.37697115461753105815e-07	 3.36896644626550226199e-07	 3.40351648403031930971e-07	 1.21722191130792409788e-07	 1.13539395398108607282e-07	 3.34560761920916409025e-07	 5.89671150264278876788e-09	 1.01615946102943968070e-08	 1.01606101594363967862e-08	 1.01616195719868169585e-08	 
 9.39999999999999835687e-01	 3.89891159579142811212e-09	 3.89244859857519142808e-09	 3.89952092045632261818e-09	 3.22792460870718818004e-07	 3.22837249308213608343e-07	 3.22066681073902568054e-07	 3.25569892419268128571e-07	 1.16431889143365766817e-07	 1.08580659386332883782e-07	 3.19815078178259142996e-07	 5.71463083963126621195e-09	 9.81909959850491448344e-09	 9.81815125091032884915e-09	 9.81912094900660550354e-09	 
 9.60000000000000075495e-01	 3.76407089301559305475e-09	 3.75783630301416879111e-09	 3.76461055966026193260e-09	 3.08222400376364704335e-07	 3.08272662799494191032e-07	 3.07534421175480660753e-07	 3.11084238266773845261e-07	 1.11251241011958194891e-07	 1.03726299091584429461e-07	 3.05367272977983914683e-07	 5.53305512770392894823e-09	 9.47784405337996551753e-09	 9.47693086104815650904e-09	 9.47786157640615810300e-09	 
 9.80000000000000093259e-01	 3.63001838314087143919e-09	 3.62400078520634514487e-09	 3.63048237828838124273e-09	 2.93977744803298635919e-07	 2.94031141100242487589e-07	 2.93327366942939173456e-07	 2.96921422492273484268e-07	 1.06189775518143531279e-07	 9.89851895685709650869e-08	 2.91243635902520603232e-07	 5.35243802515914703442e-09	 9.13867799509494460220e-09	 9.13779913626667779708e-09	 9.13869162347310534987e-09	 
 9.99999999999999888978e-01	 3.49702012084499115921e-09	 3.49120882308380552698e-09	 3.49740289952226518065e-09	 2.80076862478577588523e-07	 2.80130781590999168578e-07	 2.79463389634711910697e-07	 2.83098947992579285988e-07	 1.01253737584396551657e-07	 9.43631099852976765542e-08	 2.77461033153371289012e-07	 5.17315425486008953351e-09	 8.80227133307740798198e-09	 8.80142610022244279637e-09	 8.80228112549153457720e-09	 
 1.02000000000000001776e+00	 3.36535639531446740998e-09	 3.35974313545906934545e-09	 3.36565617192939778276e-09	 2.66539328936449557480e-07	 2.66591267667235378294e-07	 2.65961467451550360806e-07	 2.69634855287834602383e-07	 9.64496021263737081657e-08	 8.98660502824914583785e-08	 2.64038038463681456313e-07	 4.99559044569948453321e-09	 8.46933740914525718961e-09	 8.46852513126857073733e-09	 8.46934363393643453319e-09	 
 1.04000000000000003553e+00	 3.23531536754892839767e-09	 3.22989567222771456798e-09	 3.23553675563332535142e-09	 2.53385614588418693391e-07	 2.53433480258310199251e-07	 2.52841396925314846697e-07	 2.56547557825603314591e-07	 9.17840190659280808282e-08	 8.55001629771027542196e-08	 2.50994532910193045833e-07	 4.82013920519812706419e-09	 8.14061558817997761651e-09	 8.13983556716410701715e-09	 8.14061879006603976870e-09	 
 1.06000000000000005329e+00	 3.10710728734621409575e-09	 3.10187989411508682539e-09	 3.10726023601682437518e-09	 2.40626182634722364180e-07	 2.40668217179988401171e-07	 2.40113117616370127904e-07	 2.43846193148426123199e-07	 8.72603492823098184952e-08	 8.12685075089131406004e-08	 2.38340536500375066232e-07	 4.64710880681141722667e-09	 7.81664549253244100989e-09	 7.81589701414862218987e-09	 7.81664644754648841276e-09	 
 1.08000000000000007105e+00	 2.98096385027891992509e-09	 2.97592743331437375619e-09	 2.98106018641117047553e-09	 2.28272200735877850958e-07	 2.28307415958632294998e-07	 2.27787755291018430931e-07	 2.31541164772360674502e-07	 8.28822834416867678218e-08	 7.71744803657418063833e-08	 2.26087630740801926827e-07	 4.47680933768935525684e-09	 7.49800511086777385368e-09	 7.49728737120312296887e-09	 7.49800455558630570372e-09	 
 1.09999999999999986677e+00	 2.85713063152050246511e-09	 2.85228119893039960020e-09	 2.85718130404844262252e-09	 2.16335429513418306354e-07	 2.16363942393902711950e-07	 2.15877409968195156624e-07	 2.19643924630206058884e-07	 7.86538048805923540448e-08	 7.32217775300532904792e-08	 2.14248663692170757297e-07	 4.30954976226861524765e-09	 7.18529512919840616351e-09	 7.18460717659132468281e-09	 7.18529354645944323034e-09	 
 1.11999999999999988454e+00	 2.73576826202737962280e-09	 2.73109964886301222820e-09	 2.73578343671950535462e-09	 2.04817945097546948362e-07	 2.04840735329447978229e-07	 2.04384454424144592990e-07	 2.08156705826943566740e-07	 7.45757033169051351175e-08	 6.94110886003178197472e-08	 2.02826610320379156275e-07	 4.14555539200874798316e-09	 6.87890392854615255389e-09	 6.87824469763515501365e-09	 6.87890159004580693203e-09	 
 1.14000000000000012434e+00	 2.61705238879041820689e-09	 2.61255772590381188728e-09	 2.61703908023492583703e-09	 1.93723883327117924239e-07	 1.93741626255312070681e-07	 1.93313549492597554173e-07	 1.97083936906539816825e-07	 7.06492776887181071617e-08	 6.57436018339684349670e-08	 1.91825634081269935089e-07	 3.98505553379499508076e-09	 6.57926441039949792425e-09	 6.57863283425557340205e-09	 6.57926136654246774434e-09	 
 1.15999999999999992006e+00	 2.50116804173019539978e-09	 2.49684090758643374925e-09	 2.50112831315220596596e-09	 1.83059141155366998700e-07	 1.83071303435873783631e-07	 1.82671287208264904714e-07	 1.86431907521281960925e-07	 6.68763006088231146872e-08	 6.22209696798220046587e-08	 1.81250980386249611160e-07	 3.82828165930019268056e-09	 6.28683854375368222187e-09	 6.28623364080851631256e-09	 6.28683461823538490171e-09	 
 1.18000000000000015987e+00	 2.38820763662173626823e-09	 2.38404202075916390062e-09	 2.38813952091110916805e-09	 1.72819686506903751312e-07	 1.72824782446301862460e-07	 1.72454193391146767659e-07	 1.76197315280651771342e-07	 6.32553601582714829835e-08	 5.88418496450712552070e-08	 1.71098153446037372748e-07	 3.67537681545334518262e-09	 6.00185430486963091479e-09	 6.00127517355351328872e-09	 6.00184913717654947206e-09	 
 1.19999999999999973355e+00	 2.27827940275696147650e-09	 2.27427077648580010151e-09	 2.27817993275186899462e-09	 1.63003771318633715573e-07	 1.63000380444387278564e-07	 1.62660513825112247545e-07	 1.66378625991534174040e-07	 5.97855496656522718783e-08	 5.56053490370150446858e-08	 1.61365512465148189748e-07	 3.52648561669273154617e-09	 5.72458249247490642527e-09	 5.72402834111448833628e-09	 5.72457576262424230967e-09	 
 1.21999999999999997335e+00	 2.17150191712245296070e-09	 2.16764803888709508553e-09	 2.17136944591625972170e-09	 1.53611639294463857352e-07	 1.53599177921121864996e-07	 1.53290057317215016466e-07	 1.56975895432044591763e-07	 5.64664625418616332234e-08	 5.25110310563713722114e-08	 1.52053839355151985720e-07	 3.38175393845731271271e-09	 5.45532239942504668757e-09	 5.45479256800055516536e-09	 5.45531399827998367820e-09	 
 1.24000000000000021316e+00	 2.06790060957993027607e-09	 2.06420111024585973805e-09	 2.06773447990561326832e-09	 1.44633959756553688660e-07	 1.44612459395300584138e-07	 1.44333185124186685556e-07	 1.47980085486216442685e-07	 5.32947619793373313905e-08	 4.95557269402257579286e-08	 1.43154256392146781951e-07	 3.24124568220378155504e-09	 5.19413705798240944570e-09	 5.19363100410973426502e-09	 5.19412703923227648806e-09	 
 1.25999999999999978684e+00	 1.96752662452079637035e-09	 1.96398227682998736092e-09	 1.96732925495170770578e-09	 1.36064048481075865065e-07	 1.36034324210460843486e-07	 1.35783065721541962019e-07	 1.39384610959714628776e-07	 5.02678730665719057348e-08	 4.67369532412659514893e-08	 1.34660092145545279895e-07	 3.10502600718045953799e-09	 4.94115369238064621396e-09	 4.94067096494197092032e-09	 4.94114228688917991758e-09	 
 1.28000000000000002665e+00	 1.87044959406712167314e-09	 1.86706177359486385737e-09	 1.87022799440297321608e-09	 1.27897555570795993540e-07	 1.27861320344751891017e-07	 1.27635321545114079208e-07	 1.31185062994783398697e-07	 4.73839452376815229920e-08	 4.40528912453401872547e-08	 1.26566681781128812860e-07	 2.97316300560835633505e-09	 4.69654583939874635663e-09	 4.69608605874002472716e-09	 4.69653346392945017670e-09	 
 1.30000000000000026645e+00	 1.77664547978060625324e-09	 1.77341614654144420042e-09	 1.77641009958878049783e-09	 1.20121161162508348951e-07	 1.20080749957731833135e-07	 1.19876635396118856917e-07	 1.23368505456622546752e-07	 4.46384650811905217875e-08	 4.14992686724547312733e-08	 1.18860526910198400221e-07	 2.84565423953432653361e-09	 4.46025009759136773266e-09	 4.45981295673064274514e-09	 4.46023730772351634634e-09	 
 1.32000000000000006217e+00	 1.68612132005634428807e-09	 1.68305208696384131473e-09	 1.68588216815585306342e-09	 1.12725396264364891297e-07	 1.12682891571818647170e-07	 1.12497408328496293586e-07	 1.15925590681915385473e-07	 4.20278379869098987482e-08	 3.90726282511303158332e-08	 1.11532140644180561126e-07	 2.72249946222233996509e-09	 4.23228053130810825202e-09	 4.23186567588203432370e-09	 4.23226781450603440709e-09	 
 1.34000000000000007994e+00	 1.59890704829541785183e-09	 1.59599852968341165097e-09	 1.59867091485294637832e-09	 1.05704032838610503308e-07	 1.05660641083394261904e-07	 1.05491184982577601840e-07	 1.08849999530257535696e-07	 3.95493279359330195681e-08	 3.67702933850277218069e-08	 1.04575391180347764269e-07	 2.60370390626744494809e-09	 4.01270848737069556629e-09	 4.01231543051973470862e-09	 4.01269611550363943231e-09	 
 1.35999999999999987566e+00	 1.51493841222950041400e-09	 1.51219065464903517454e-09	 1.51470969639917561342e-09	 9.90420788389746722930e-08	 9.89983583898374104339e-08	 9.88428316149476827237e-08	 1.02127068891814461224e-07	 3.71977855276779954190e-08	 3.45874035927050414618e-08	 9.79754137443167472866e-08	 2.48921473100986521673e-09	 3.80136779263712081482e-09	 3.80099597238962185026e-09	 3.80135587813793542104e-09	 
 1.37999999999999989342e+00	 1.43419352476998120718e-09	 1.43160391241168927240e-09	 1.43397439041680046530e-09	 9.27283999444181380912e-08	 9.26845567515383368413e-08	 9.25411640385218480644e-08	 9.57458079405198848549e-08	 3.49690371194766265266e-08	 3.25199729727826119414e-08	 9.17209696762227427493e-08	 2.37898562901707125026e-09	 3.59819267379254086927e-09	 3.59784139656917792381e-09	 3.59818121727900729696e-09	 
 1.40000000000000013323e+00	 1.35668159499684191204e-09	 1.35424342460615255632e-09	 1.35647212577891113501e-09	 8.67551014149750271946e-08	 8.67112036840598607828e-08	 8.65782981237172535536e-08	 8.96983037153262069713e-08	 3.28598185066039464497e-08	 3.05648511934257156733e-08	 8.58038970090816776532e-08	 2.27298046093668952832e-09	 3.40319152476282227683e-09	 3.40285992775297531383e-09	 3.40318045080179026944e-09	 
 1.41999999999999992895e+00	 1.28231408364190880355e-09	 1.28001795066602500395e-09	 1.28211289728354540839e-09	 8.11059346994205789991e-08	 8.10619459044012187556e-08	 8.09380053037422014045e-08	 8.39686220172069127993e-08	 3.08647100469807409550e-08	 2.87169751049884470134e-08	 8.02078315438482191050e-08	 2.17111603290766159450e-09	 3.21612951288128454782e-09	 3.21581663860627686156e-09	 3.21611869349996331053e-09	 
 1.44000000000000016875e+00	 1.21104621411975809153e-09	 1.20888248516134537600e-09	 1.21085139622343519958e-09	 7.57687149046537298660e-08	 7.57246661201032012682e-08	 7.56083287663981600259e-08	 7.85454680032700995893e-08	 2.89792959779836509799e-08	 2.69721518814672850899e-08	 7.49207762911757227511e-08	 2.07331356541621351077e-09	 3.03688717284356886027e-09	 3.03659207070303618163e-09	 3.03687652419403542266e-09	 
 1.45999999999999996447e+00	 1.14286523980503321590e-09	 1.14082572095064542471e-09	 1.14267498878039626407e-09	 7.07346142739603333806e-08	 7.06907185488631656058e-08	 7.05808017712302561529e-08	 7.34212410040880260460e-08	 2.72000913725831992407e-08	 2.53270266260642502888e-08	 6.99342927291209282844e-08	 1.97950426934886269031e-09	 2.86542935834355856230e-09	 2.86515115223211103567e-09	 2.86541890593581113901e-09	 
 1.47999999999999998224e+00	 1.07765928389764059107e-09	 1.07573696554843591827e-09	 1.07747190165444269026e-09	 6.59868847447319970655e-08	 6.59434588583951703199e-08	 6.58389116479416575934e-08	 6.85802091019281197753e-08	 2.55217108310617989496e-08	 2.37766132369904160586e-08	 6.52319629791156842103e-08	 1.88958400952324688475e-09	 2.70147088644583301647e-09	 2.70120877710200329390e-09	 2.70146073277985133289e-09	 
 1.50000000000000000000e+00	 1.01536435769089293708e-09	 1.01355301328403736237e-09	 1.01517991420498548154e-09	 6.15134293433265781623e-08	 6.14707068871616763421e-08	 6.13709547023502893360e-08	 6.40104628241581446957e-08	 2.39397052858914767685e-08	 2.23166762503537263721e-08	 6.08021099886258226381e-08	 1.80344073052168924036e-09	 2.54484825333275144345e-09	 2.54460148485706523686e-09	 2.54483857253671738183e-09	 
 1.52000000000000001776e+00	 9.55951075165750992709e-10	 9.54244968614650542485e-10	 9.55772472031818359492e-10	 5.73058372616665709065e-08	 5.72638461101507449274e-08	 5.71690044813907626179e-08	 5.97031914198557097160e-08	 2.24505066842874762069e-08	 2.09437388073065871890e-08	 5.66367928138031559196e-08	 1.72096533090091051234e-09	 2.39548591203618463778e-09	 2.39525374726911938515e-09	 2.39547694510414288886e-09	 
 1.54000000000000003553e+00	 8.99289808454714827468e-10	 8.97683699880779168300e-10	 8.99121816873708133398e-10	 5.33479323749260188082e-08	 5.33065496847338119105e-08	 5.32171599930452547256e-08	 5.56420332941236578863e-08	 2.10489290278992958816e-08	 1.96530242769431346790e-08	 5.27201997300304652932e-08	 1.64202957293153875370e-09	 2.25305513495780015418e-09	 2.25283687248338910058e-09	 2.25304716718241003922e-09	 
 1.56000000000000027534e+00	 8.45307432559544739405e-10	 8.43796348693860095797e-10	 8.45153383087747957720e-10	 4.96286413487596835965e-08	 4.95875467848211313981e-08	 4.95037236904198562437e-08	 5.18166516341480884280e-08	 1.97307327737090210983e-08	 1.84404167039288569450e-08	 4.90408129408777608506e-08	 1.56650886557795689595e-09	 2.11737996203892184504e-09	 2.11717485406443210949e-09	 2.11737310259208775936e-09	 
 1.58000000000000007105e+00	 7.93970374935421094445e-10	 7.92549448118423787911e-10	 7.93830093030100645955e-10	 4.61407617429608108069e-08	 4.60994139739536187660e-08	 4.60203104139714618756e-08	 4.82211121926053277630e-08	 1.84925517007860928231e-08	 1.73024954528554357060e-08	 4.55904846543609720378e-08	 1.49428943467263736055e-09	 1.98839060506433118326e-09	 1.98819780433744679943e-09	 1.98838465014115624863e-09	 
 1.60000000000000008882e+00	 7.45140955284248920995e-10	 7.43805548726512709581e-10	 7.45012070599755484998e-10	 4.28692719182320770507e-08	 4.28269914559730331860e-08	 4.27511595523049128349e-08	 4.48411007990604187956e-08	 1.73296293697633536955e-08	 1.62348635784275256655e-08	 4.23537145918299651723e-08	 1.42524393262924244646e-09	 1.86574836674386149506e-09	 1.86556698564226015861e-09	 1.86574291527161475221e-09	 
 1.61999999999999988454e+00	 6.98743771128503743719e-10	 6.97489224844531712634e-10	 6.98623467890469989623e-10	 3.98032727026699223372e-08	 3.97599243752915550022e-08	 3.96860211944883588807e-08	 4.16670679238840050198e-08	 1.62379427014313098052e-08	 1.52336774882573579791e-08	 3.93200137978085654319e-08	 1.35924272151277403386e-09	 1.74925199186019489082e-09	 1.74908121758518680023e-09	 1.74924667358754558178e-09	 
 1.64000000000000012434e+00	 6.54745525250128724542e-10	 6.53566984765642732574e-10	 6.54631600872064607150e-10	 3.69350317922105060871e-08	 3.68914376912209648970e-08	 3.68186434323422085614e-08	 3.86929691943761557442e-08	 1.52141906563527820172e-08	 1.42957089335629866437e-08	 3.64825937055164222112e-08	 1.29616281501601962124e-09	 1.63879480985446336845e-09	 1.63863397160484563560e-09	 1.63878942244174947162e-09	 
 1.66000000000000014211e+00	 6.13004241399087311591e-10	 6.11896877678723045841e-10	 6.12894871712312280277e-10	 3.42497453590633481839e-08	 3.42072915958184995944e-08	 3.41350593098060292712e-08	 3.59047548681894915732e-08	 1.42539841374714501761e-08	 1.34170474638123260980e-08	 3.38273125445458707737e-08	 1.23587297403857201756e-09	 1.53400450715104594501e-09	 1.53385304207757094865e-09	 1.53399894953558435966e-09	 
 1.67999999999999993783e+00	 5.73441314844720106780e-10	 5.72400140255174167302e-10	 5.73335086792781351603e-10	 3.17379018074276661678e-08	 3.16979388141038635778e-08	 3.16260371863360417360e-08	 3.32931178920572416252e-08	 1.33536717825126520298e-08	 1.25941517481169098142e-08	 3.13447879893287272300e-08	 1.17823547334120721878e-09	 1.43468718137642459578e-09	 1.43454462611517358980e-09	 1.43468147360657156245e-09	 
 1.70000000000000017764e+00	 5.36019671004507925878e-10	 5.35039428376714802136e-10	 5.35915627274103031872e-10	 2.93937069537737171560e-08	 2.93572202692823751614e-08	 2.92857495618376497890e-08	 3.08521273047613903734e-08	 1.25102970369199075372e-08	 1.18239644459162903285e-08	 2.90290537440413228984e-08	 1.12311547511280649754e-09	 1.34076435577020740305e-09	 1.34063034060591974185e-09	 1.34075865174131611991e-09	 
 1.71999999999999997335e+00	 5.00591606887260585336e-10	 4.99667047045888619777e-10	 5.00489164787097253399e-10	 2.72040542591081732717e-08	 2.71718790661137450605e-08	 2.71010658541876954159e-08	 2.85682502538714891353e-08	 1.17199945984796436814e-08	 1.11030319116648865776e-08	 2.68670511546450134357e-08	 1.07037223857005716277e-09	 1.25187148644956230474e-09	 1.25174572171849347368e-09	 1.25186602468127005765e-09	 
 1.73999999999999999112e+00	 4.67086819409684403200e-10	 4.66214561653052348066e-10	 4.66987964030911476521e-10	 2.51605708958949540601e-08	 2.51333510758746374087e-08	 2.50633131479083486466e-08	 2.64331666706979020888e-08	 1.09794667510496782699e-08	 1.04280362790021499806e-08	 2.48502936148352776179e-08	 1.01988367294561064363e-09	 1.16782741377588731147e-09	 1.16770961509907528327e-09	 1.16782246884834419255e-09	 
 1.76000000000000023093e+00	 4.35482758013235284657e-10	 4.34662295593640708308e-10	 4.35393279981939714989e-10	 2.32581322087892916408e-08	 2.32363084296082511963e-08	 2.31669255565137232500e-08	 2.44420408520581630517e-08	 1.02859754907599482521e-08	 9.79598060053237933870e-09	 2.29734589205317269376e-08	 9.71541813683389499073e-10	 1.08856491835941630478e-09	 1.08845476569213441181e-09	 1.08856077763672097372e-09	 
 1.78000000000000002665e+00	 4.05637121178822224724e-10	 4.04869681184355846726e-10	 4.05565121937030711075e-10	 2.14846293917221995968e-08	 2.14686199277172223681e-08	 2.13995870041748405247e-08	 2.25824341814082019504e-08	 9.63606070664738277085e-09	 9.20374524255691296255e-09	 2.12245090377765035777e-08	 9.25213608012661257986e-10	 1.01371873169371787778e-09	 1.01361591535328528415e-09	 1.01371570656554693195e-09	 
 1.80000000000000004441e+00	 3.77486450897174787051e-10	 3.76771762484027065909e-10	 3.77436762706207951403e-10	 1.98329054766979558361e-08	 1.98226954834161723157e-08	 1.97538702188874659563e-08	 2.08475222071365791809e-08	 9.02686395646146759668e-09	 8.64853510034638114455e-09	 1.95960891740352348976e-08	 8.80791091213624310491e-10	 9.43126720592014092867e-10	 9.43030880499785825317e-10	 9.43124958955492896816e-10	 
 1.81999999999999984013e+00	 3.51013849363442950386e-10	 3.50348454058458078413e-10	 3.50985154191267294660e-10	 1.82990085649314265062e-08	 1.82939344275710784374e-08	 1.82255128386263608168e-08	 1.92340021233954778731e-08	 8.45605506965346882981e-09	 8.12792632181294438278e-09	 1.80839028603766214290e-08	 8.38179368657482847081e-10	 8.76746307071555224066e-10	 8.76656998393919162030e-10	 8.76745695317951424991e-10	 
 1.84000000000000007994e+00	 3.26078110617895730856e-10	 3.25457068812472895736e-10	 3.26066188961342420365e-10	 1.68721173208266738619e-08	 1.68712759121395004385e-08	 1.68035456267530759216e-08	 1.77307471786826694406e-08	 7.92060524823062525155e-09	 7.63930245778947817727e-09	 1.66771289439348321179e-08	 7.97236064302816586426e-10	 8.14220352277011003147e-10	 8.14137110813084929641e-10	 8.14220654871050533720e-10	 
 1.86000000000000009770e+00	 3.02618617779657852773e-10	 3.02036914156957663770e-10	 3.02618602005348180010e-10	 1.55462728367393162248e-08	 1.55488228428533908650e-08	 1.54819308623592144583e-08	 1.63319017378410947095e-08	 7.41819563810179120440e-09	 7.18024944700341883277e-09	 1.53697344584907378790e-08	 7.57873979154276621220e-10	 7.55401981614920971812e-10	 7.55324334513887057318e-10	 7.55402925443288777476e-10	 
 1.87999999999999989342e+00	 2.80619915866657282637e-10	 2.80073098132672700687e-10	 2.80627284902528391595e-10	 1.43185094865114187219e-08	 1.43238022004388221895e-08	 1.42576361209801598899e-08	 1.50347761948527496173e-08	 6.94702968188821342392e-09	 6.74859811067646468456e-09	 1.41586238508713103327e-08	 7.20027812691520818384e-10	 7.00261753498811821115e-10	 7.00189219827889127645e-10	 7.00263062275026274343e-10	 
 1.89999999999999991118e+00	 2.59940328617838070881e-10	 2.59424254594688428935e-10	 2.59950654319549118978e-10	 1.31792151738094939756e-08	 1.31867272509854392585e-08	 1.31209621722928177851e-08	 1.38291054349250657700e-08	 6.50447133821354108204e-09	 6.34191999644274198972e-09	 1.30342560332373544678e-08	 6.83543662360068986936e-10	 6.48446309085504240691e-10	 6.48378418925945143106e-10	 6.48447697100378809174e-10	 
 1.92000000000000015099e+00	 2.40528531871170187956e-10	 2.40040838894351670137e-10	 2.40538642932534324432e-10	 1.21232167143884957560e-08	 1.21323470581268572778e-08	 1.20667580535700118554e-08	 1.27096531318085583751e-08	 6.08860259171788125566e-09	 5.95840654248767889391e-09	 1.19915923353485955283e-08	 6.48363530388005435103e-10	 5.99826010717953269278e-10	 5.99762389890411288570e-10	 5.99827258682616316948e-10	 
 1.93999999999999994671e+00	 2.22380339128970440940e-10	 2.21921169604702131791e-10	 2.22388827506057823914e-10	 1.11479575105576482651e-08	 1.11579128629651289014e-08	 1.10925142758998226881e-08	 1.16740346288127391964e-08	 5.69795989360785139546e-09	 5.59661301797703301398e-09	 1.10282202699184738621e-08	 6.14462808314728350787e-10	 5.54388500657052435220e-10	 5.54328909094742938142e-10	 5.54389487456464788977e-10	 
 1.95999999999999996447e+00	 2.05358719862967618315e-10	 2.04929547674346936079e-10	 2.05364841209684209237e-10	 1.02447701534689163385e-08	 1.02546479157945076650e-08	 1.01894554638888487479e-08	 1.07127046804673225061e-08	 5.33007581562624389638e-09	 5.25436858401568291231e-09	 1.01356212701596817030e-08	 5.81670683928823926116e-10	 5.11787715532390506235e-10	 5.11731990589137908844e-10	 5.11788349161362872945e-10	 
 1.97999999999999998224e+00	 1.89422435710888343942e-10	 1.89024010710475391499e-10	 1.89426227613162374733e-10	 9.40917876495393157041e-09	 9.41822137519438847303e-09	 9.35344186229647044002e-09	 9.82173178119662865860e-09	 4.98352333034001416124e-09	 4.93040590578510068794e-09	 9.30948937359544326960e-09	 5.49985239786074314928e-10	 4.71918754465426046472e-10	 4.71866744437207840207e-10	 4.71919018173691022254e-10	 
 2.00000000000000000000e+00	 1.74577063598127241443e-10	 1.74208568216295541365e-10	 1.74579453196496257486e-10	 8.63901719496046927524e-09	 8.64670494127448598897e-09	 8.58282760611679991906e-09	 9.00009517524311301864e-09	 4.65739156617093249904e-09	 4.62386047781410602048e-09	 8.54782970717425506614e-09	 5.19462861514945004361e-10	 4.34794803582367739726e-10	 4.34746340223516924244e-10	 4.34794778657648043438e-10	 
 2.02000000000000001776e+00	 1.60690536392469479332e-10	 1.60350857933932061860e-10	 1.60692869153300722045e-10	 7.92649458268141527411e-09	 7.93233122215124748480e-09	 7.86987997370093902075e-09	 8.23941207856057787950e-09	 4.34935454051634479010e-09	 4.33260456344955920975e-09	 7.84299370521766915108e-09	 4.89929871710462085256e-10	 4.00083428504028926712e-10	 4.00038360107604958743e-10	 4.00083230479627126515e-10	 
 2.04000000000000003553e+00	 1.47730002668610377847e-10	 1.47417475048298988289e-10	 1.47733364320660280282e-10	 7.26805218392445970622e-09	 7.27195942831222101484e-09	 7.21118192159165905520e-09	 7.53628009445035467904e-09	 4.05853481522356343686e-09	 4.05595259076784859906e-09	 7.19162283241184444727e-09	 4.61414158024878228162e-10	 3.67699694000715949253e-10	 3.67657822147750170351e-10	 3.67699392654708173829e-10	 
 2.06000000000000005329e+00	 1.35708092319961887353e-10	 1.35420308825151621936e-10	 1.35713058186197952151e-10	 6.66225981523671697517e-09	 6.66476038383232249064e-09	 6.60548804642359394716e-09	 6.88973603546608447989e-09	 3.78466256847863546952e-09	 3.79376146839070488878e-09	 6.59252208278153052915e-09	 4.34008580731646386245e-10	 3.37672282551118021622e-10	 3.37633330901437027688e-10	 3.37671869979141699705e-10	 
 2.08000000000000007105e+00	 1.24498403399576236998e-10	 1.24232793247468008676e-10	 1.24505456323535080884e-10	 6.10225240823719857908e-09	 6.10408259568117285108e-09	 6.04587743594501338148e-09	 6.29201985534013318073e-09	 3.52550427180349286510e-09	 3.54391132059771916393e-09	 6.03902726774466354118e-09	 4.07513562534425106755e-10	 3.09682368301755572026e-10	 3.09646040949052854500e-10	 3.09681802733136280767e-10	 
 2.10000000000000053291e+00	 1.14073676116097993783e-10	 1.13827443032018235753e-10	 1.14082369290964321165e-10	 5.58543939686966516275e-09	 5.58707711897278736285e-09	 5.52966332155872220334e-09	 5.74054508748654867674e-09	 3.28062184940091233189e-09	 3.30629862300645917962e-09	 5.52851353841482418247e-09	 3.81989273214734566156e-10	 2.83658891322635845060e-10	 2.83624948296802522506e-10	 2.83658175181160637773e-10	 
 2.12000000000000010658e+00	 1.04449233001437253919e-10	 1.04219196678605847243e-10	 1.04457762458929362599e-10	 5.11120662482030280010e-09	 5.11270041864923654275e-09	 5.05610890107403269787e-09	 5.23503280438697132986e-09	 3.05025181805035031883e-09	 3.08152693531203558728e-09	 5.06025616545999165994e-09	 3.57578156690941499910e-10	 2.59637024600516925800e-10	 2.59605308004960500220e-10	 2.59636237743860170193e-10	 
 2.14000000000000012434e+00	 9.55048131090698765102e-11	 9.52874184441276144312e-11	 9.55107053047073475134e-11	 4.67361064522558397458e-09	 4.67487573880469169035e-09	 4.61907838417911865677e-09	 4.76856012009349254278e-09	 2.83216995475669811803e-09	 2.86750239991383322956e-09	 4.62842630532579034923e-09	 3.34063430575218823138e-10	 2.37312853680824695080e-10	 2.37283239430659329294e-10	 2.37312109317831977003e-10	 
 2.15999999999999969802e+00	 8.72170566776830233774e-11	 8.70102012594553950327e-11	 8.72192993883187749161e-11	 4.27056598498747387007e-09	 4.27159348320825384137e-09	 4.21651173026119138174e-09	 4.33927428224710405418e-09	 2.62630050042407696389e-09	 2.66438860580792842684e-09	 4.23079858290922212378e-09	 3.11522668990815435679e-10	 2.16631783377262867663e-10	 2.16604151463293656108e-10	 2.16631167140409528324e-10	 
 2.18000000000000015987e+00	 7.96012799372976067455e-11	 7.94050200458444510744e-11	 7.96011606013351789693e-11	 3.90164866539815781765e-09	 3.90258108345452568207e-09	 3.84805980252781430533e-09	 3.94742619287791610716e-09	 2.43332267640417099207e-09	 2.47310372151078510524e-09	 3.86670553790016206644e-09	 2.90125533034102004376e-10	 1.97638796820961149826e-10	 1.97613021748771576431e-10	 1.97638349999837710513e-10	 
 2.20000000000000017764e+00	 7.25441460523160634739e-11	 7.23591711323532430401e-11	 7.25437166904120646094e-11	 3.56159148997584769250e-09	 3.56263418669219694286e-09	 3.50825740380554412433e-09	 3.58694074661556969294e-09	 2.25104505074641642527e-09	 2.29148634727763113274e-09	 3.53091483604741775174e-09	 2.69639637127758177497e-10	 1.80051647809231997263e-10	 1.80027614452928693017e-10	 1.80051418089848376582e-10	 
 2.21999999999999975131e+00	 6.60279354748935474274e-11	 6.58547292018993750932e-11	 6.60286561433337693011e-11	 3.24892067848497912236e-09	 3.25013137049104866381e-09	 3.19568547817023996568e-09	 3.25629367193243054380e-09	 2.07952618983152764824e-09	 2.11983780092435873595e-09	 3.22200057514907450710e-09	 2.50126603743441632930e-10	 1.63821284127430069253e-10	 1.63798920452806049884e-10	 1.63821282658462120653e-10	 
 2.24000000000000021316e+00	 6.00702582156366534625e-11	 5.99089126424599584675e-11	 6.00726259746375660166e-11	 2.96366866986862100539e-09	 2.96487154435361674543e-09	 2.91047609738281384018e-09	 2.95572188169155902459e-09	 1.91957588066650031624e-09	 1.95925951344349892011e-09	 2.94003611158063829153e-09	 2.31735939469286814052e-10	 1.48984835178086497597e-10	 1.48964132031553970160e-10	 1.48985018744583526953e-10	 
 2.25999999999999978684e+00	 5.45671114393972022881e-11	 5.44178726575074808947e-11	 5.45716297182578721887e-11	 2.70133481503777926347e-09	 2.70225601212429653421e-09	 2.64784258132750715905e-09	 2.67986236988505405001e-09	 1.76900860499075725428e-09	 1.80759399320115707261e-09	 2.68060553971774642809e-09	 2.14210288920337836219e-10	 1.35279147181840072780e-10	 1.35260152560956167990e-10	 1.35279465225983693242e-10	 
 2.27999999999999980460e+00	 4.95042152109350180364e-11	 4.93667114738179029919e-11	 4.95105896296130238672e-11	 2.46065073937688625609e-09	 2.46115331795479410417e-09	 2.40675281408903676012e-09	 2.42747310758444700507e-09	 1.62790695444726219557e-09	 1.66507590676117615419e-09	 2.44252626463638551653e-09	 1.97632915568767660019e-10	 1.22672964426703684385e-10	 1.22655630308009041224e-10	 1.22673359798660958294e-10	 
 2.30000000000000026645e+00	 4.48979088805431281646e-11	 4.47708132972837830587e-11	 4.49046018920166458626e-11	 2.24152613218315601488e-09	 2.24168783788405734616e-09	 2.18750249286901088853e-09	 2.19875955224081596939e-09	 1.49706953701801771676e-09	 1.53269144174868815841e-09	 2.22580938041819017306e-09	 1.82193945093028546809e-10	 1.11214714217473166553e-10	 1.11198837067880581984e-10	 1.11215115303822013161e-10	 
 2.32000000000000028422e+00	 4.06535429128868177337e-11	 4.05352822020971292149e-11	 4.06583816962206098050e-11	 2.03996713309399315969e-09	 2.03990477154992833666e-09	 1.98588592585330132016e-09	 1.98898823449865727694e-09	 1.37434250159901994986e-09	 1.40830157071678255542e-09	 2.02660145013253466071e-09	 1.67662051644218284801e-10	 1.00670997018107087169e-10	 1.00656340597549262925e-10	 1.00671310433796021484e-10	 
 2.33999999999999985789e+00	 3.67618430442518445162e-11	 3.66514438647411168146e-11	 3.67638621540502309516e-11	 1.85513585433938038086e-09	 1.85499232177913357989e-09	 1.80118629904912499145e-09	 1.79738772648895243343e-09	 1.25984621222101904859e-09	 1.29208393158527394267e-09	 1.84400409546833765211e-09	 1.54056566653736067307e-10	 9.10130310123790189407e-11	 9.09994271154051448159e-11	 9.10132083151608747599e-11	 
 2.36000000000000031974e+00	 3.32406610565344086184e-11	 3.31380600075768123091e-11	 3.32407473352223276685e-11	 1.68722648326326392161e-09	 1.68719941031932830187e-09	 1.63382408572344363222e-09	 1.62446791314045868451e-09	 1.15439280578948657766e-09	 1.18492106765965736405e-09	 1.67809931427897661882e-09	 1.41471470686088867027e-10	 8.22771120513936742819e-11	 8.22644894391549002879e-11	 8.22771710013677959096e-11	 
 2.38000000000000033751e+00	 3.00067936348067638385e-11	 2.99123022319196277052e-11	 3.00062022841463695024e-11	 1.53276302628831904047e-09	 1.53315312932249369672e-09	 1.48014708814769669235e-09	 1.46619856646967131664e-09	 1.05596779976267065954e-09	 1.08479603663526269454e-09	 1.52551151012020169248e-09	 1.29664811490867392853e-10	 7.42547626517654975225e-11	 7.42430724002823755417e-11	 7.42547222205100540901e-11	 
 2.39999999999999991118e+00	 2.70525455204757111202e-11	 2.69661538161910761261e-11	 2.70520557990619583470e-11	 1.39128754635202628062e-09	 1.39221068779743812713e-09	 1.33960955308307786746e-09	 1.32202679997460787873e-09	 9.64624038925676979899e-10	 9.91771650196776018349e-10	 1.38573002310121345794e-09	 1.18660061293506645428e-10	 6.69272484508723151807e-11	 6.69164411561590663016e-11	 6.69271303784362863914e-11	 
 2.41999999999999948486e+00	 2.43923803633984600335e-11	 2.43135807994045757071e-11	 2.43920786827109110736e-11	 1.26328111488880656534e-09	 1.26456501853081272168e-09	 1.21257458361105883901e-09	 1.19245037014606742642e-09	 8.81016608568996170949e-10	 9.06510190667034231525e-10	 1.25912949501559535112e-09	 1.08556360879147371927e-10	 6.03314289495676811382e-11	 6.03214504273427672006e-11	 6.03312616374770377460e-11	 
 2.44000000000000039080e+00	 2.19532391283644510852e-11	 2.18817149385274888710e-11	 2.19531959085399053942e-11	 1.14584527865890468010e-09	 1.14726942704170502036e-09	 1.09578266588044307821e-09	 1.07406344304831041285e-09	 8.03289284292928849379e-10	 8.27121134454929049495e-10	 1.14285923349422080836e-09	 9.91324266647589325019e-11	 5.42857518617752157628e-11	 5.42765603241345135086e-11	 5.42855664661837293711e-11	 
 2.45999999999999996447e+00	 1.97310619404926898235e-11	 1.96663196919373897721e-11	 1.97313346059670748771e-11	 1.03855863514367072443e-09	 1.03998742254473443319e-09	 9.89033941042717224869e-10	 9.66474227301161845150e-10	 7.31475457933197920205e-10	 7.53671743308299906043e-10	 1.03654613539775367661e-09	 9.03998261134474290745e-11	 4.87794841800860190089e-11	 4.87710307157318383231e-11	 4.87792972175691933902e-11	 
 2.47999999999999953815e+00	 1.77408109908276086403e-11	 1.76820194294747521568e-11	 1.77414582777624383466e-11	 9.41709822209607940520e-10	 9.43130400435129006323e-10	 8.92973134953421640860e-10	 8.70137872724760833656e-10	 6.66137997397399267075e-10	 6.86774402413805830741e-10	 9.40536132567499621793e-10	 8.24344518022233041963e-11	 4.38488651567220589814e-11	 4.38410854289922672001e-11	 4.38486710359359159606e-11	 
 2.50000000000000044409e+00	 1.59203758464776101845e-11	 1.58666961638255872642e-11	 1.59215778502604969353e-11	 8.52789390458130240119e-10	 8.54207289416517357611e-10	 8.04811357317516236832e-10	 7.82204827020293763548e-10	 6.05632925022565495492e-10	 6.24751996442760083884e-10	 8.52406506806793136418e-10	 7.50360587707126426667e-11	 3.93390853532287188650e-11	 3.93319173895330536304e-11	 3.93388690700573735386e-11	 
 2.52000000000000001776e+00	 1.42671037137099804397e-11	 1.42178614792696908502e-11	 1.42688404106214197674e-11	 7.71598965525709410475e-10	 7.73000546024667467499e-10	 7.24428066494007934127e-10	 7.02444667489204739819e-10	 5.49955263083000897945e-10	 5.67623587991524013078e-10	 7.71929583609955605634e-10	 6.82106372726326703648e-11	 3.52438234596845219032e-11	 3.52372153150296626012e-11	 3.52435827474452344352e-11	 
 2.54000000000000003553e+00	 1.27937923607092798936e-11	 1.27484972231611553505e-11	 1.27956835709391869060e-11	 6.98576853578678540090e-10	 6.99909329390709647427e-10	 6.52394433915945133354e-10	 6.31331084327769863498e-10	 4.99533762723885522110e-10	 5.15860355014957642933e-10	 6.99485481208922560008e-10	 6.20184481127732990538e-11	 3.15952729581252330087e-11	 3.15891848468508689576e-11	 3.15950278682643192717e-11	 
 2.56000000000000049738e+00	 1.14481714526692416673e-11	 1.14062799743082893253e-11	 1.14496392714765378044e-11	 6.31651933971245317676e-10	 6.32824786398106572991e-10	 5.86301567946338216277e-10	 5.66551465291558919431e-10	 4.52910069280503974332e-10	 4.67985164081017459704e-10	 6.33061275576490165650e-10	 5.62808356673060670313e-11	 2.82631697120892854957e-11	 2.82575693367716746858e-11	 2.82629501492553336155e-11	 
 2.58000000000000007105e+00	 1.02290495652283583851e-11	 1.01901759044856120039e-11	 1.02298775391963024921e-11	 5.70664343058081317057e-10	 5.71645394480001227409e-10	 5.26147730357636405743e-10	 5.07926961554951202352e-10	 4.10112634998608781152e-10	 4.24020883190554830897e-10	 5.72495342608744081302e-10	 5.10042467259582110086e-11	 2.52448521194911970711e-11	 2.52397091361817378526e-11	 2.52446787735950389047e-11	 
 2.60000000000000008882e+00	 9.14783764779204752528e-12	 9.11182356287279055104e-12	 9.14842634319188182852e-12	 5.15951439347705599499e-10	 5.16807650384976135878e-10	 4.72542937809562531248e-10	 4.55819690335003648321e-10	 3.71554443142102790389e-10	 3.84376312364956750795e-10	 5.18112933583986450724e-10	 4.62423792459555087537e-11	 2.25691989135543969669e-11	 2.25644851240312076475e-11	 2.25690828596532314998e-11	 
 2.62000000000000055067e+00	 8.16089299767441653360e-12	 8.12760765377745657800e-12	 8.16191582174579314910e-12	 4.65768162993172286922e-10	 4.66604808891005926475e-10	 4.23488248432657723615e-10	 4.08339879229770194882e-10	 3.35987758401552456084e-10	 3.47773508631101494330e-10	 4.68228244473597131045e-10	 4.18394199123668273596e-11	 2.01278320747681364472e-11	 2.01235344247852219391e-11	 2.01278099759267937015e-11	 
 2.64000000000000012434e+00	 7.26843807016965798733e-12	 7.23775839171889287323e-12	 7.27022844005588804548e-12	 4.20051739740262194590e-10	 4.20930834186270595959e-10	 3.78981197926458214794e-10	 3.65405168301804017036e-10	 3.03434921679274046517e-10	 3.14243452186267058149e-10	 4.22767740866054526162e-10	 3.78020654993712342121e-11	 1.79211033312660845319e-11	 1.79171996292004774913e-11	 1.79211872707646469864e-11	 
 2.66000000000000014211e+00	 6.48129729254264519103e-12	 6.45312252552315671543e-12	 6.48365306962014684836e-12	 3.79166484241967500087e-10	 3.80088115069906694597e-10	 3.39509582209579627385e-10	 3.27381640839059366865e-10	 2.74238131431792533422e-10	 2.84146145408644580492e-10	 3.82074310025104284048e-10	 3.41780624200241213388e-11	 1.59756245862822245011e-11	 1.59720747797280486124e-11	 1.59757856122593946654e-11	 
 2.67999999999999971578e+00	 5.76377186095251516610e-12	 5.73813371484353760615e-12	 5.76659859754531172975e-12	 3.41659162310307818017e-10	 3.42660552961190790921e-10	 3.03420966378728339366e-10	 2.92750756414037339863e-10	 2.47333700753564798858e-10	 2.56386828381877323249e-10	 3.44760202290752234645e-10	 3.08347682986344876971e-11	 1.42029150420019948971e-11	 1.41996850809731326318e-11	 1.42031322856405957186e-11	 
 2.70000000000000017764e+00	 5.11651362981138857388e-12	 5.09331906153821090366e-12	 5.11971096659216987888e-12	 3.07524756707890641537e-10	 3.08613518447995445495e-10	 2.70744331623711746037e-10	 2.61470754271131127271e-10	 2.22756566361194964029e-10	 2.31008172804565226718e-10	 3.10787432417851098442e-10	 2.77775251146226010764e-11	 1.26043638474673030430e-11	 1.26014226133862324736e-11	 1.26046186926203769490e-11	 
 2.72000000000000019540e+00	 4.54886068904613148722e-12	 4.52777006059625456175e-12	 4.55230529200167251747e-12	 2.77136983678104528464e-10	 2.78265985672681744898e-10	 2.41923531637699932280e-10	 2.33857766702148615335e-10	 2.00817996035849430254e-10	 2.08338568853684799469e-10	 2.80459550033977676776e-10	 2.50458265485979221442e-11	 1.12027023060844304239e-11	 1.12000193414098834245e-11	 1.12029759284037937558e-11	 
 2.73999999999999976907e+00	 4.03205250640452929668e-12	 4.01265129972464964356e-12	 4.03571243686140300641e-12	 2.49352409341410589011e-10	 2.50466888286914861284e-10	 2.15635358843388454306e-10	 2.08683168213982050619e-10	 1.80627004074864243019e-10	 1.87456413266333838363e-10	 2.52623856141120326498e-10	 2.25259996310228980589e-11	 9.92632333985031008157e-12	 9.92386693001707017851e-12	 9.92659336901447458195e-12	 
 2.76000000000000023093e+00	 3.56691345231076879196e-12	 3.54891567728589354433e-12	 3.57068954617724310938e-12	 2.24134808437958131794e-10	 2.25205165122075092741e-10	 1.91907100028619330438e-10	 1.85951612151071757851e-10	 1.62219240861206929950e-10	 1.68405932958677793083e-10	 2.27287101796876435312e-10	 2.02252567139137525538e-11	 8.77752699621960036861e-12	 8.77527195686236825614e-12	 8.77777792078315137520e-12	 
 2.77999999999999980460e+00	 3.16135678950685723023e-12	 3.14466448108151043164e-12	 3.16495641422370002887e-12	 2.01723429028739160419e-10	 2.02766303396919055945e-10	 1.71113651453362040509e-10	 1.65974017144488143792e-10	 1.45864716720642705575e-10	 1.51478864798442413027e-10	 2.04758959194169506894e-10	 1.81817583254475322863e-11	 7.77632379745144068079e-12	 7.77425312530680454545e-12	 7.77654780303330721352e-12	 
 2.79999999999999982236e+00	 2.79252645198995299115e-12	 2.77695267661195380544e-12	 2.79532696747527997322e-12	 1.81163973477367389235e-10	 1.82234406975073601963e-10	 1.52274775692836611332e-10	 1.47781013255916901329e-10	 1.30822567322424025559e-10	 1.35920429391729308543e-10	 1.84117193615722908751e-10	 1.63020561666307254238e-11	 6.86576211743078124928e-12	 6.86385546626784646729e-12	 6.86593389963337141589e-12	 
 2.82000000000000028422e+00	 2.46125719261709350510e-12	 2.44668998625583871201e-12	 2.46297921580085335161e-12	 1.62478333855662668666e-10	 1.63600092127750507902e-10	 1.35361598023238337108e-10	 1.31378547784273343079e-10	 1.17130275413515366396e-10	 1.21762240883128862289e-10	 1.65363375423258575502e-10	 1.45910815368071095566e-11	 6.04807821564186581432e-12	 6.04631947063938182174e-12	 6.04818777657837393018e-12	 
 2.83999999999999985789e+00	 2.17412007463986267871e-12	 2.16058828576272967698e-12	 2.17511871542614272213e-12	 1.45950026314166194740e-10	 1.47089285352157179328e-10	 1.20585811481656245202e-10	 1.17012928677570292439e-10	 1.05026875976513761715e-10	 1.09238558076887908354e-10	 1.48743549636642603911e-10	 1.30791365233820847631e-11	 5.33988487638054914391e-12	 5.33826316870891837228e-12	 5.33995067941670832989e-12	 
 2.85999999999999987566e+00	 1.91302639119339446665e-12	 1.90061063305405595259e-12	 1.91368543859802883673e-12	 1.30829658896673398556e-10	 1.31956201510195644410e-10	 1.07227901203778978893e-10	 1.03902401531907449750e-10	 9.39037005874482617912e-11	 9.77267497856459728589e-11	 1.33523662572044483707e-10	 1.16894467734501739194e-11	 4.69640137662101959375e-12	 4.69489990379888276223e-12	 4.69644044359299742720e-12	 
 2.87999999999999989342e+00	 1.67890230823579969671e-12	 1.66761259342277825757e-12	 1.67945619558742564366e-12	 1.17121700228040955215e-10	 1.18215092328899616804e-10	 9.52577951760313265273e-11	 9.20734127540410219799e-11	 8.37955020281687040546e-11	 8.72616544679137929230e-11	 1.19708645691079732324e-10	 1.04267004659129127293e-11	 4.11976010040677966150e-12	 4.11836753920428866549e-12	 4.11978407682774358317e-12	 
 2.90000000000000035527e+00	 1.47752627973808583965e-12	 1.46722445363810252532e-12	 1.47792948469247130262e-12	 1.05032701002132975614e-10	 1.06089036939420612337e-10	 8.48264516093426427425e-11	 8.17557807834676238349e-11	 7.49094700763303729261e-11	 7.80547014734354123563e-11	 1.07504551630921000934e-10	 9.31764063790053336610e-12	 3.62392803609753381670e-12	 3.62264334822281327426e-12	 3.62393936513368252706e-12	 
 2.91999999999999992895e+00	 1.29520858150937916223e-12	 1.28569682870132774305e-12	 1.29528333946156675244e-12	 9.39643605331446598120e-11	 9.49902880048127803518e-11	 7.54201699539149029540e-11	 7.22960093858713951551e-11	 6.67534210000137836761e-11	 6.96009011311582431998e-11	 9.63265539486141893453e-11	 8.30140281283637953585e-12	 3.17469924947341206036e-12	 3.17352597881974781475e-12	 3.17469679809550869130e-12	 
 2.93999999999999994671e+00	 1.13239615686962785397e-12	 1.12354900790848180593e-12	 1.13207872027288497258e-12	 8.39308797603626022322e-11	 8.49278403294467201413e-11	 6.70066073857777112936e-11	 6.37436385930645085915e-11	 5.93558289626420082320e-11	 6.19294488181255351350e-11	 8.61845761720601573983e-11	 7.38085756590533286633e-12	 2.77342684890802508686e-12	 2.77236396089771437687e-12	 2.77341133956196695041e-12	 
 2.96000000000000040856e+00	 9.93098561167895151675e-13	 9.84931688577573686472e-13	 9.92578350360025367525e-13	 7.51223482168196319360e-11	 7.60795684165940898621e-11	 5.96845597511493978999e-11	 5.63362401053131752789e-11	 5.28899649253396442331e-11	 5.52183503038481203942e-11	 7.72578298036411917787e-11	 6.57649052423141822810e-12	 2.43052384781388344461e-12	 2.42956075707132636273e-12	 2.43050048023011282924e-12	 
 2.97999999999999998224e+00	 8.66687202049305752383e-13	 8.59260866621073294709e-13	 8.66265738481790348988e-13	 6.70823841224226489198e-11	 6.79852586241499376891e-11	 5.30984323636968484669e-11	 4.95252414230512508597e-11	 4.69624613446708494995e-11	 4.90626509480214907123e-11	 6.90861090773272607590e-11	 5.84000441518775040976e-12	 2.11967630210246127616e-12	 2.11880559669909721399e-12	 2.11965094238371906426e-12	 
 3.00000000000000000000e+00	 7.53760417302247984648e-13	 7.47088086223200081486e-13	 7.53604774752672461397e-13	 5.98120505335149827693e-11	 6.06524866348486533529e-11	 4.72149108592142109071e-11	 4.33652342948678288253e-11	 4.15959117848694021118e-11	 4.34860280790791946851e-11	 6.16781026357762955549e-11	 5.17384326106665670895e-12	 1.84226662540268030220e-12	 1.84148094704793950130e-12	 1.84224295137194782994e-12	 
 3.02000000000000046185e+00	 6.58003374141031552178e-13	 6.51996445340648441694e-13	 6.58005067924325034963e-13	 5.34430132739509737922e-11	 5.42256807863249185291e-11	 4.20882187305417339108e-11	 3.80806355366084946237e-11	 3.69329351683883720065e-11	 3.86361560445630623689e-11	 5.51814568684083193060e-11	 4.59524563479508520648e-12	 1.60720407272286405134e-12	 1.60649496982830302808e-12	 1.60718140944407253925e-12	 
 3.04000000000000003553e+00	 5.71503080001129233953e-13	 5.66086939814974312741e-13	 5.71535369984992123677e-13	 4.76043399909327695370e-11	 4.83371143642514829548e-11	 3.74548632630406752889e-11	 3.32091099191573163764e-11	 3.26587592605074875556e-11	 3.41879409298975360302e-11	 4.92350056544679193074e-11	 4.06679697890413120421e-12	 1.39483753185803139834e-12	 1.39419827679229043217e-12	 1.39481366200298065786e-12	 
 3.06000000000000005329e+00	 4.94580714405817978203e-13	 4.89690985509248361858e-13	 4.94564893875510988808e-13	 4.23106719946555673162e-11	 4.29993369269183201589e-11	 3.32982999750344984192e-11	 2.88048585606733910200e-11	 2.87934324143381570861e-11	 3.01623585933878351704e-11	 4.38470842014373097250e-11	 3.59000526117175721439e-12	 1.20601415594587622724e-12	 1.20543856812546949219e-12	 1.20598800899263612110e-12	 
 3.08000000000000007105e+00	 4.29843261862014262927e-13	 4.25424869445497540619e-13	 4.29798934976966187928e-13	 3.76959694217523906130e-11	 3.83436545978567846534e-11	 2.96702492021071208978e-11	 2.50770056376289459667e-11	 2.54590062994514953108e-11	 2.66853628232210880302e-11	 3.91407920603953565170e-11	 3.17796535658183229092e-12	 1.04727315697925285262e-12	 1.04675530365491549764e-12	 1.04724618818092052593e-12	 
 3.10000000000000008882e+00	 3.71456933738022775622e-13	 3.67437346281235862919e-13	 3.71388851375149739785e-13	 3.34603709347421520344e-11	 3.40832743377172775975e-11	 2.63369038200826551890e-11	 2.16415847984418109454e-11	 2.24084053420034886871e-11	 2.34963186211522916360e-11	 3.48331375949342095862e-11	 2.80089149196906403320e-12	 9.04080001337158483883e-13	 9.03616833774789317218e-13	 9.04052848177858737683e-13	 
 3.12000000000000010658e+00	 3.19654308169452434733e-13	 3.15980745010217698538e-13	 3.19567561439171739212e-13	 2.96197955680990059635e-11	 3.02269334038855022734e-11	 2.33103311367051431901e-11	 1.85451415659847951665e-11	 1.96563651458554505249e-11	 2.06135791841154296051e-11	 3.09317858138084428347e-11	 2.46051943875955957037e-12	 7.77060371858801452391e-13	 7.76648228049803420389e-13	 7.77033662860665151882e-13	 
 3.13999999999999968026e+00	 2.76432402225855116769e-13	 2.73091334068609972079e-13	 2.76331339451952839199e-13	 2.62943120689825737137e-11	 2.68792433182640521677e-11	 2.06774145309401029535e-11	 1.59716744048252333551e-11	 1.73010771894685004494e-11	 1.81449009218013823260e-11	 2.75388572453158640819e-11	 2.16880260251900214780e-12	 6.71258791993975046163e-13	 6.70891854152436718491e-13	 6.71233441913753478512e-13	 
 3.16000000000000014211e+00	 2.37546154643702275136e-13	 2.34536641070667645153e-13	 2.37412938171909334649e-13	 2.32543984580485140730e-11	 2.38171639075731512201e-11	 1.81985955317035995831e-11	 1.36206361579026842583e-11	 1.51539747844213854611e-11	 1.58860332567025820724e-11	 2.44311469269435404164e-11	 1.90352077601538681444e-12	 5.76162244265599309326e-13	 5.75838185339623416422e-13	 5.76140526606422419896e-13	 
 3.18000000000000015987e+00	 2.03146781128002984203e-13	 2.00459686124363964180e-13	 2.02975904368303040939e-13	 2.05080323319383711245e-11	 2.10478616191606800958e-11	 1.59124286931967944251e-11	 1.15215257396753477308e-11	 1.32239729467731780547e-11	 1.38501855620383373325e-11	 2.16167796554274156404e-11	 1.66535133639926770138e-12	 4.92133193045055790527e-13	 4.91848986702102500593e-13	 4.92116404656351906037e-13	 
 3.19999999999999973355e+00	 1.74708230237708300044e-13	 1.72313038801813719241e-13	 1.74532648268130961437e-13	 1.81433571725987026925e-11	 1.86571972896739402647e-11	 1.39547089215172798299e-11	 9.81133084689484036132e-12	 1.15847535229896703058e-11	 1.21232217929431424037e-11	 1.91844972989631938765e-11	 1.46236900577467042499e-12	 4.22786427986974046776e-13	 4.22536598465885048310e-13	 4.22773932095490639542e-13	 
 3.22000000000000019540e+00	 1.49166153964614131021e-13	 1.47070613440632667958e-13	 1.49081784432014122476e-13	 1.59850684464561411382e-11	 1.64748884796014742979e-11	 1.20842996179252210559e-11	 8.27392222812105021513e-12	 1.00926844010853622218e-11	 1.05496284192763896391e-11	 1.69696480427338154596e-11	 1.27754368766265744897e-12	 3.60615731468334526436e-13	 3.60398229235178715524e-13	 3.60611028298627606722e-13	 
 3.24000000000000021316e+00	 1.26628233948893136605e-13	 1.24825270685026024663e-13	 1.26687437302993738186e-13	 1.40385441001336708728e-11	 1.45052093547339439167e-11	 1.03485511482285157985e-11	 6.92142301786997972401e-12	 8.75433467228357056530e-12	 9.13748932445131842504e-12	 1.49733312327241098441e-11	 1.11157626327153217670e-12	 3.05851866659372211496e-13	 3.05664077667198206268e-13	 3.05856462748441252316e-13	 
 3.25999999999999978684e+00	 1.08200561484116404482e-13	 1.06639689901870366644e-13	 1.08346747272511569604e-13	 1.23728775224203107073e-11	 1.28144380188348509790e-11	 8.90844474557900585812e-12	 5.83688909442921571557e-12	 7.62804995911231449048e-12	 7.95106795759326437015e-12	 1.32547234885808288871e-11	 9.71319550877648816039e-13	 2.61125805291949227763e-13	 2.60962829043352332034e-13	 2.61135912886697746913e-13	 
 3.28000000000000024869e+00	 9.17263751680636669867e-14	 9.03796844567308710373e-14	 9.19349834844234000621e-14	 1.08541948454626184776e-11	 1.12740360047713074298e-11	 7.55819402987545062351e-12	 4.87072418492546260809e-12	 6.60779511805689290960e-12	 6.87375890919076557383e-12	 1.16892903484315019453e-11	 8.44054937541794578707e-13	 2.21159427535234497754e-13	 2.21018461386816235355e-13	 2.21172311518602081452e-13	 
 3.29999999999999982236e+00	 7.72606241986826006944e-14	 7.61012525730219483761e-14	 7.75088034016639633894e-14	 9.48657993278545473310e-12	 9.88651757161975023381e-12	 6.32800174666199008204e-12	 4.02857960337108528189e-12	 5.69688137750489014308e-12	 5.91068589739406904647e-12	 1.02783663322507730850e-11	 7.30178727284430913444e-13	 1.86087437860615282658e-13	 1.85965786569087642788e-13	 1.86101005626290101443e-13	 
 3.31999999999999984013e+00	 6.55659013987701260625e-14	 6.45616179575757078282e-14	 6.58280350494456271775e-14	 8.32575130080293558147e-12	 8.70332952129988860363e-12	 5.34150887250726909366e-12	 3.36427192284945769802e-12	 4.93697781300147196754e-12	 5.11037051302013187261e-12	 9.06973171476334280677e-12	 6.34748466660748286123e-13	 1.57770496718367769447e-13	 1.57664916304938466889e-13	 1.57783845176154804368e-13	 
 3.34000000000000030198e+00	 5.51524639037503379655e-14	 5.42749313223588462846e-14	 5.53935711607056379788e-14	 7.27828337012795939710e-12	 7.63346447371794055856e-12	 4.44792838075716361572e-12	 2.77787257716437666679e-12	 4.25047559691130169973e-12	 4.38911311312090027101e-12	 7.96716794893858782490e-12	 5.48394637948520511880e-13	 1.32548394019004529611e-13	 1.32456100440125838675e-13	 1.32559168014711173900e-13	 
 3.36000000000000031974e+00	 4.60489027923164178490e-14	 4.52755365059951436151e-14	 4.62466883845035674568e-14	 6.34290034816063846125e-12	 6.67560903977278729662e-12	 3.65808703783409586895e-12	 2.27149481677402566406e-12	 3.63945818947586072980e-12	 3.74883095395958316832e-12	 6.97276766265374961963e-12	 4.71370246509387260777e-13	 1.10500949699174711380e-13	 1.10419702141864707410e-13	 1.10507793090267081893e-13	 
 3.37999999999999989342e+00	 3.87798490401421671425e-14	 3.80991018465603761699e-14	 3.89452599307294317810e-14	 5.55154240015128657110e-12	 5.86123607798482543210e-12	 3.04019688667912515651e-12	 1.87818728372073834883e-12	 3.13539923930460771143e-12	 3.22225384528625688295e-12	 6.12722453602817670682e-12	 4.07586061602867021167e-13	 9.29340586454360621268e-14	 9.28626567573910819171e-14	 9.29383878815024324193e-14	 
 3.39999999999999991118e+00	 3.23257955118070413389e-14	 3.17316690559505435984e-14	 3.24652793578688612799e-14	 4.83398222333642512087e-12	 5.11953081378353971230e-12	 2.49071002724711611636e-12	 1.53132982997328004847e-12	 2.68705662316496537698e-12	 2.75336359536412315706e-12	 5.36047665016576760063e-12	 3.51493381128488897489e-13	 7.73549610054945389107e-14	 7.72932282481792544232e-14	 7.73578219572903500330e-14	 
 3.42000000000000037303e+00	 2.67046573053148746556e-14	 2.61903984516245478339e-14	 2.68235474613868125940e-14	 4.19093392791054650068e-12	 4.45195780721525241590e-12	 2.01364782914609859304e-12	 1.23268159461045914815e-12	 2.29310885078988988560e-12	 2.34132010781660922109e-12	 4.67247305544985556039e-12	 3.02585665756028355608e-13	 6.38047958130554378620e-14	 6.37522658497363126094e-14	 6.38069733107167137932e-14	 
 3.43999999999999994671e+00	 2.22833989144545138877e-14	 2.18368757871578705588e-14	 2.23843696974043389409e-14	 3.65119654531706080975e-12	 3.88941052235937572412e-12	 1.64902632919632661858e-12	 1.00596912014963210666e-12	 1.96843066461378321718e-12	 2.00365982419751309826e-12	 4.09058050373663696594e-12	 2.61656362659993349076e-13	 5.31684359973853991579e-14	 5.31234621375764773281e-14	 5.31700661982147853786e-14	 
 3.45999999999999996447e+00	 1.83780616270484800734e-14	 1.79901554101621800186e-14	 1.84552748614122816365e-14	 3.16353801462683941167e-12	 3.38025376818394897267e-12	 1.32732316348267587678e-12	 8.09139824282384188653e-13	 1.66967691892448002636e-12	 1.69576246000601455060e-12	 3.56195618021666877043e-12	 2.22733345859697482714e-13	 4.37753008651456775891e-14	 4.37370772631438608028e-14	 4.37761988903979884737e-14	 
 3.48000000000000042633e+00	 1.49968335102535585623e-14	 1.46596432622426293113e-14	 1.50478124645396316362e-14	 2.72799805479771881358e-12	 2.92452656446954318527e-12	 1.05073009623183139187e-12	 6.42322134074458034234e-13	 1.40030601491608515178e-12	 1.42029970105236573649e-12	 3.08714200826522387409e-12	 1.86709060463280275240e-13	 3.56476409707906139408e-14	 3.56153687651760427539e-14	 3.56477396294204678479e-14	 
 3.50000000000000000000e+00	 1.23824316606090329883e-14	 1.20891349043341753447e-14	 1.24157789730312660254e-14	 2.36503146452315383145e-12	 2.54304488390130230851e-12	 8.45472209331779403317e-13	 5.18037087669588703329e-13	 1.18447249141725628828e-12	 1.19989355850930094719e-12	 2.68872768153643437904e-12	 1.57924891863068186493e-13	 2.93802963300313008591e-14	 2.93528844833242730624e-14	 2.93799440022987919261e-14	 
 3.52000000000000001776e+00	 1.00853114417275402274e-14	 9.82874004936259765985e-15	 1.00992168802579336734e-14	 2.03604936310662876383e-12	 2.19676566835704706508e-12	 6.67189627205375991380e-13	 4.10709290634457867499e-13	 9.92414106318918883861e-13	 1.00379652124694063864e-12	 2.32608566368837758697e-12	 1.32567728362030347083e-13	 2.38727365935761980590e-14	 2.38496641541417654235e-14	 2.38720978026267690845e-14	 
 3.54000000000000047962e+00	 8.10907544443843797701e-15	 7.88354501373543249208e-15	 8.10395805508229673329e-15	 1.74167516586140244583e-12	 1.88629127479971158559e-12	 5.16501199677015007389e-13	 3.20368560226526504418e-13	 8.24268514189708080708e-13	 8.32197468929243718844e-13	 2.00009936630269262421e-12	 1.10552110826201912350e-13	 1.91366036326521648838e-14	 1.91173515360985608343e-14	 1.91358198027718105441e-14	 
 3.56000000000000005329e+00	 6.61117325514302354670e-15	 6.41442814541287867763e-15	 6.59696667275895759019e-15	 1.49903223394934661209e-12	 1.62907846069331140767e-12	 4.07996406111329434483e-13	 2.54656972063052389735e-13	 6.91097149349363503814e-13	 6.96665943618961626054e-13	 1.72952783792521442161e-12	 9.30172570507671617829e-14	 1.55625454676366228692e-14	 1.55463690504404711331e-14	 1.55617392925889811869e-14	 
 3.58000000000000007105e+00	 5.29476374730954352791e-15	 5.12896709668496974579e-15	 5.28721256910430337805e-15	 1.27825207544033667152e-12	 1.39485110587614091054e-12	 3.14700235497007287025e-13	 1.98285842837789981533e-13	 5.72085228230998278828e-13	 5.76069284770177438417e-13	 1.48267275625434770451e-12	 7.73859321482018333929e-14	 1.24376442629589998173e-14	 1.24242383071456784126e-14	 1.24370892723501196300e-14	 
 3.60000000000000053291e+00	 4.16483452486376396545e-15	 4.03031038026917249443e-15	 4.17399948923159472707e-15	 1.08031443764867562282e-12	 1.18452830870940913612e-12	 2.36850429102719901148e-13	 1.51250987150721473036e-13	 4.67669716834531020163e-13	 4.70683809225509164691e-13	 1.26061079397032960421e-12	 6.36860201437418305477e-14	 9.76895527100230078008e-15	 9.75800062782019537316e-15	 9.76881813967252686399e-15	 
 3.62000000000000010658e+00	 3.33422325589569256848e-15	 3.22360122833438166715e-15	 3.35077511298984325919e-15	 9.19850027912939930500e-13	 1.01290337638361384804e-12	 1.82885138590683440908e-13	 1.18070369915357665700e-13	 3.86778167850360452825e-13	 3.89093006374166484068e-13	 1.07912884977135727185e-12	 5.29794810019794640253e-14	 7.81059903402387034498e-15	 7.80156083950179050825e-15	 7.81067359906872811735e-15	 
 3.63999999999999968026e+00	 2.61521253981827295885e-15	 2.52478360579006600773e-15	 2.62886675627371399785e-15	 7.73619949970380593700e-13	 8.56154789387599479564e-13	 1.37005731905096019207e-13	 8.99871620308957530311e-14	 3.14758194172449157306e-13	 3.16581034562466714374e-13	 9.13367025501966026303e-13	 4.34874873016081282970e-14	 6.11489959082462401404e-15	 6.10760734988149607625e-15	 6.11504368027826771882e-15	 
 3.65999999999999969802e+00	 2.00834222208831302305e-15	 1.93473009621845815249e-15	 2.01222179290952358996e-15	 6.42607121206727002953e-13	 7.15312472147594302877e-13	 9.93034530484323932353e-14	 6.69259184157114221343e-14	 2.51929443364705086655e-13	 2.53424932987118932630e-13	 7.64376170639792488606e-13	 3.52230900779283307503e-14	 4.68381997941351865363e-15	 4.67807917977402747149e-15	 4.68392872642917673854e-15	 
 3.68000000000000015987e+00	 1.57651226174439612938e-15	 1.51594853277076465208e-15	 1.57561704933549225934e-15	 5.38902969109583503447e-13	 6.02930897977821133056e-13	 7.44564080114856337874e-14	 5.11983073125498405984e-14	 2.04638284462300566744e-13	 2.05882802903490084030e-13	 6.45207536140955305969e-13	 2.89060652947043499354e-14	 3.66871898234933148172e-15	 3.66411422469956816451e-15	 3.66880182803632211792e-15	 
 3.70000000000000017764e+00	 1.20857851108142286980e-15	 1.15741917365510686834e-15	 1.20466247764424566495e-15	 4.44764676355126253329e-13	 5.00424272220020188415e-13	 5.37337230423107002433e-14	 3.80310862029988925636e-14	 1.62798153434326842804e-13	 1.63929138042125859394e-13	 5.36193433100931854311e-13	 2.33758136248377084718e-14	 2.80013477870964042879e-15	 2.79639919174218273247e-15	 2.80013860098237246367e-15	 
 3.71999999999999975131e+00	 9.03624203372399018220e-16	 8.59117889895174220857e-16	 8.98217530062743512053e-16	 3.60920403813399175017e-13	 4.08655917332067142609e-13	 3.71227402398108904876e-14	 2.73731832732593971592e-14	 1.26617456883455095273e-13	 1.27727944475563136781e-13	 4.38337060728952033767e-13	 1.86237301063652123260e-14	 2.07788229730656631007e-15	 2.07479840615536726093e-15	 2.07777797680910573932e-15	 
 3.74000000000000021316e+00	 6.94225246629302082496e-16	 6.56265109733752152827e-16	 6.88473243358963947733e-16	 2.96622602365024621920e-13	 3.37689148113628206253e-13	 2.68535897349303990285e-14	 2.04178526543395993414e-14	 1.00423407887428003995e-13	 1.01450981178005661248e-13	 3.62554158106454546296e-13	 1.50706395927787932618e-14	 1.58690234332192066801e-15	 1.58436550119820178361e-15	 1.58675832748770883444e-15	 
 3.76000000000000023093e+00	 5.16911540120333504020e-16	 4.85367265237390369672e-16	 5.10502598190217535141e-16	 2.38478566564470875084e-13	 2.73401958145071383806e-13	 1.85872943820130159902e-14	 1.47296612479761996161e-14	 7.75108457400176500269e-14	 7.84146606489639439539e-14	 2.93804997630205425086e-13	 1.19735566428158108659e-14	 1.17330470173723332766e-15	 1.17130788637158523975e-15	 1.17311618366497471426e-15	 
 3.77999999999999980460e+00	 3.71422742572356568332e-16	 3.46031818793150683712e-16	 3.64287587377536039473e-16	 1.87052209267432046520e-13	 2.16384270332857331104e-13	 1.22478128429432566081e-14	 1.02544537278320794098e-14	 5.79858226675336393146e-14	 5.87385705502576586944e-14	 2.32744165500463684872e-13	 9.32863827387658749972e-15	 8.36143538420862843169e-16	 8.34658718550426643754e-16	 8.35914216226168846312e-16	 
 3.80000000000000026645e+00	 2.76704013657003166781e-16	 2.56276528460804064457e-16	 2.69994827317070397517e-16	 1.49421021141044891845e-13	 1.74164170137027366758e-13	 8.56343642176456985127e-15	 7.45858534894913435121e-15	 4.45846748896426588951e-14	 4.52114663061650632313e-14	 1.87473318000871789779e-13	 7.41006144279474810477e-15	 6.19070523571460093121e-16	 6.17935962740240958400e-16	 6.18848592240732526120e-16	 
 3.82000000000000028422e+00	 1.98313625892978070893e-16	 1.83279619298994372685e-16	 1.93049020025433521627e-16	 1.16288594560439543564e-13	 1.37062767720418814582e-13	 5.71537070344274941772e-15	 5.21558898767261361048e-15	 3.33499011712329848743e-14	 3.38648167399295587788e-14	 1.47620517998693041701e-13	 5.75315925295345413553e-15	 4.42554003176231222330e-16	 4.41722831269177248125e-16	 4.42360176793985879551e-16	 
 3.83999999999999985789e+00	 1.35724227599487629530e-16	 1.26032421743266324385e-16	 1.32547058137550152227e-16	 8.76826332217458952003e-14	 1.05002380463242304742e-13	 3.64180770124196163200e-15	 3.49153628410293243546e-15	 2.41685167368215609965e-14	 2.45825660127454644613e-14	 1.13127209361968886943e-13	 4.35443507340576172120e-15	 3.04160025110271258508e-16	 3.03579987810617035227e-16	 3.04006264001271048044e-16	 
 3.86000000000000031974e+00	 9.65168962651962272026e-17	 8.90996634112534338296e-17	 9.42925606331197031509e-17	 6.65025896591935425772e-14	 8.05348939651502341029e-14	 2.46683438481811065664e-15	 2.43026189129665286560e-15	 1.77425644582337413264e-14	 1.80499209761121063947e-14	 8.68389845740929484229e-14	 3.37741977836652821004e-15	 2.14985932919223844449e-16	 2.14526850537790817751e-16	 2.14830063091762672638e-16	 
 3.87999999999999989342e+00	 6.65980418399716126589e-17	 6.04835121908834809941e-17	 6.41745455599263812328e-17	 4.90854777259005808039e-14	 6.01873445103273523357e-14	 1.59497092167164200541e-15	 1.61252695173821689424e-15	 1.25916055181139956142e-14	 1.28173572925992211232e-14	 6.49141536406638434644e-14	 2.54080724269029146019e-15	 1.45907069128000253531e-16	 1.45563634545895995559e-16	 1.45765477249192325644e-16	 
 3.89999999999999991118e+00	 4.48014604956011775720e-17	 3.93196890052177505862e-17	 4.15082979689832440302e-17	 3.50674321189955820282e-14	 4.35741901845375568421e-14	 9.94284556103691767150e-16	 1.01597887050259373557e-15	 8.59096534271793120403e-15	 8.75599183424711921736e-15	 4.69575972016923209715e-14	 1.84470995164190783470e-15	 9.48364601114117995871e-17	 9.45983525050469838654e-17	 9.47208260311175754507e-17	 
 3.91999999999999948486e+00	 3.01489021101223419652e-17	 2.66246864227361597630e-17	 2.80584944155031695939e-17	 2.53348145801914332162e-14	 3.18481018870218203403e-14	 6.64277374435221047823e-16	 6.82352219283180465014e-16	 6.01941084717870165879e-15	 6.15180506535943517229e-15	 3.42458149407903361954e-14	 1.40433541164124492940e-15	 6.42095943295025938858e-17	 6.40518380966463938892e-17	 6.41332949739248483353e-17	 
 3.93999999999999994671e+00	 1.93048222730791852742e-17	 1.71145207316809530276e-17	 1.80048760392551405322e-17	 1.76334450839456340589e-14	 2.24379875747433934280e-14	 4.20975015148503015537e-16	 4.34891073411011585605e-16	 4.03323678992274983449e-15	 4.14127159421105473592e-15	 2.40846991825106346499e-14	 1.03686567702007952120e-15	 4.12721953886338741413e-17	 4.11720488292480666102e-17	 4.12231113767293228021e-17	 
 3.95999999999999996447e+00	 1.17488036808195420766e-17	 1.04296917371823505824e-17	 1.09657793247114358747e-17	 1.17474499599204075055e-14	 1.51105635559958470602e-14	 2.55324095688057672953e-16	 2.64637672390250290511e-16	 2.57146854428860781762e-15	 2.66142869107356255952e-15	 1.62084369913171106662e-14	 7.38700918030425127865e-16	 2.51550940342790563752e-17	 2.50936105043890608388e-17	 2.51239443064184209722e-17	 
 3.97999999999999953815e+00	 7.59818703925236465065e-18	 6.72552699725413241106e-18	 7.08009195591523307496e-18	 8.10033085140969154896e-15	 1.04313466883820920280e-14	 1.69224586388742444235e-16	 1.75240175921081173339e-16	 1.73428541476535042682e-15	 1.79957274221054255021e-15	 1.12015641700877479280e-14	 5.32037501608868129305e-16	 1.62234175970822390987e-17	 1.61825786421379171925e-17	 1.62021984335152095872e-17	 
 4.00000000000000000000e+00	 4.56671051592409569518e-18	 4.01478587543770703088e-18	 4.23897574016616109616e-18	 5.35510207258600537011e-15	 6.91555291839508339003e-15	 1.06835676719196239834e-16	 1.10434097839549686499e-16	 1.11354015514290621315e-15	 1.16043194684428249495e-15	 7.43133684167173860077e-15	 3.64419009618255115046e-16	 9.68628300065149091548e-18	 9.66048503168349965326e-18	 9.67251920662416437878e-18	 
 4.01999999999999957367e+00	 2.52304289554194764253e-18	 2.18042573674498679329e-18	 2.31956833210108049060e-18	 3.40668949452630858659e-15	 4.42039990539653732284e-15	 6.55112043863601848621e-17	 6.74364138163156507879e-17	 6.83425022608891946347e-16	 7.17507417676762300664e-16	 4.74861279328428507370e-15	 2.32743361300979936386e-16	 5.26170263203508770940e-18	 5.24604816755553549658e-18	 5.25320540047189817541e-18	 
 4.04000000000000003553e+00	 1.42313831700198030335e-18	 1.18874986560025604154e-18	 1.28391557372463939320e-18	 2.33609831943219265523e-15	 3.03761479336012422803e-15	 4.38562150411954286057e-17	 4.48239182554114563105e-17	 4.36253641380895960233e-16	 4.70320464320377036004e-16	 3.26225021302811917286e-15	 1.53812950360104614905e-16	 2.86938410383250396667e-18	 2.86002859655572213976e-18	 2.86423247392155276081e-18	 
 4.06000000000000049738e+00	 5.75723390467047757612e-19	 4.61697087446479671525e-19	 5.07984666894612050179e-19	 1.13953014342178551991e-15	 1.48433656399157997825e-15	 2.09676508673081759708e-17	 2.13045391059185853416e-17	 2.00477627967722152465e-16	 2.21116957747791280438e-16	 1.59375259223705928884e-15	 7.28901213683231478375e-17	 1.11480356572430170799e-18	 1.11076116745796379097e-18	 1.11254445007885515819e-18	 
 4.08000000000000007105e+00	 0.00000000000000000000e+00	 0.00000000000000000000e+00	 0.00000000000000000000e+00	 0.00000000000000000000e+00	 0.00000000000000000000e+00	 0.00000000000000000000e+00	 0.00000000000000000000e+00	 0.00000000000000000000e+00	 0.00000000000000000000e+00	 0.00000000000000000000e+00	 0.00000000000000000000e+00	 0.00000000000000000000e+00	 0.00000000000000000000e+00	 0.00000000000000000000e+00	 
 4.09999999999999964473e+00	 3.09021859284561374344e-22	 2.47968647090742866062e-22	 2.72752508987941889022e-22	 6.10119694922035721257e-19	 7.94716639811540622082e-19	 1.12291311396388357962e-20	 1.14103860582920139798e-20	 1.07418681638511397539e-19	 1.18443059907894258760e-19	 8.53300483798994650206e-19	 3.90402736862476068307e-20	 5.98736601969547378082e-22	 5.96568853288589432525e-22	 5.97525388085554851279e-22	 
 4.12000000000000010658e+00	 0.00000000000000000000e+00	 0.00000000000000000000e+00	 0.00000000000000000000e+00	 0.00000000000000000000e+00	 0.00000000000000000000e+00	 0.00000000000000000000e+00	 0.00000000000000000000e+00	 0.00000000000000000000e+00	 0.00000000000000000000e+00	 0.00000000000000000000e+00	 0.00000000000000000000e+00	 0.00000000000000000000e+00	 0.00000000000000000000e+00	 0.00000000000000000000e+00	 
 4.14000000000000056843e+00	 9.79074732572819272190e-26	 7.85747663711490900028e-26	 8.64226646084178105144e-26	 1.93195038644924744533e-22	 2.51646632636810503439e-22	 3.55591482363712028531e-24	 3.61337255557384431360e-24	 3.40199978250917870835e-23	 3.75089989892869914533e-23	 2.70197342488640515026e-22	 1.23631429068658605359e-23	 1.89723724763185392507e-25	 1.89037061299285733791e-25	 1.89340073995891600748e-25	 
 4.16000000000000014211e+00	 0.00000000000000000000e+00	 0.00000000000000000000e+00	 0.00000000000000000000e+00	 0.00000000000000000000e+00	 0.00000000000000000000e+00	 0.00000000000000000000e+00	 0.00000000000000000000e+00	 0.00000000000000000000e+00	 0.00000000000000000000e+00	 0.00000000000000000000e+00	 0.00000000000000000000e+00	 0.00000000000000000000e+00	 0.00000000000000000000e+00	 0.00000000000000000000e+00	 
 4.17999999999999971578e+00	 2.46533575269428220961e-29	 1.97860832840534220308e-29	 2.17618996498233551963e-29	 4.86394021940348495616e-26	 6.33552777745248417539e-26	 8.95262357765058442565e-28	 9.09732501830965177145e-28	 8.56538501907938119175e-27	 9.44365616653700854043e-27	 6.80256691375639009593e-26	 3.11265412754805727045e-27	 4.77747299469324160792e-29	 4.76018363811328000734e-29	 4.76781325348002897500e-29	 
 4.20000000000000017764e+00	 0.00000000000000000000e+00	 0.00000000000000000000e+00	 0.00000000000000000000e+00	 0.00000000000000000000e+00	 0.00000000000000000000e+00	 0.00000000000000000000e+00	 0.00000000000000000000e+00	 0.00000000000000000000e+00	 0.00000000000000000000e+00	 0.00000000000000000000e+00	 0.00000000000000000000e+00	 0.00000000000000000000e+00	 0.00000000000000000000e+00	 0.00000000000000000000e+00	 
 4.21999999999999975131e+00	 5.34350209781495206249e-33	 4.28858596698346591627e-33	 4.71681756735000448195e-33	 1.05419295278973207717e-29	 1.37313907139752397265e-29	 1.94036747378109066089e-31	 1.97173207554915204127e-31	 1.85645389471938941436e-30	 2.04679970127228625873e-30	 1.47436348804013321000e-29	 6.74629493031424547114e-31	 1.03550569597644736910e-32	 1.03175836527487402742e-32	 1.03341203079561144775e-32	 
 4.24000000000000021316e+00	 0.00000000000000000000e+00	 0.00000000000000000000e+00	 0.00000000000000000000e+00	 0.00000000000000000000e+00	 0.00000000000000000000e+00	 0.00000000000000000000e+00	 0.00000000000000000000e+00	 0.00000000000000000000e+00	 0.00000000000000000000e+00	 0.00000000000000000000e+00	 0.00000000000000000000e+00	 0.00000000000000000000e+00	 0.00000000000000000000e+00	 0.00000000000000000000e+00	 
 4.25999999999999978684e+00	 1.02042339310745713563e-36	 8.18972681291428108150e-37	 9.00749382658344807570e-37	 2.01312589278171384448e-33	 2.62219702328085203020e-33	 3.70540059775388450204e-35	 3.76529656642372809536e-35	 3.54516188020920342858e-34	 3.90865041063351537175e-34	 2.81549892837435233636e-33	 1.28829898314848392432e-34	 1.97746033031766584595e-36	 1.97030425169461998753e-36	 1.97346217166679420494e-36	 
 4.28000000000000024869e+00	 0.00000000000000000000e+00	 0.00000000000000000000e+00	 0.00000000000000000000e+00	 0.00000000000000000000e+00	 0.00000000000000000000e+00	 0.00000000000000000000e+00	 0.00000000000000000000e+00	 0.00000000000000000000e+00	 0.00000000000000000000e+00	 0.00000000000000000000e+00	 0.00000000000000000000e+00	 0.00000000000000000000e+00	 0.00000000000000000000e+00	 0.00000000000000000000e+00	 
 4.29999999999999982236e+00	 1.72763692141454556106e-40	 1.38656881977084102647e-40	 1.52502166527503755005e-40	 3.40834254407602423797e-37	 4.43953641770788422629e-37	 6.27346450643963699925e-39	 6.37487185947255773640e-39	 6.00217015327081717857e-38	 6.61757828561042539359e-38	 4.76680810343872330832e-37	 2.18116706908487638187e-38	 3.34795641160991688427e-40	 3.33584074650219098801e-40	 3.34118729183291458409e-40	 
 4.32000000000000028422e+00	 0.00000000000000000000e+00	 0.00000000000000000000e+00	 0.00000000000000000000e+00	 0.00000000000000000000e+00	 0.00000000000000000000e+00	 0.00000000000000000000e+00	 0.00000000000000000000e+00	 0.00000000000000000000e+00	 0.00000000000000000000e+00	 0.00000000000000000000e+00	 0.00000000000000000000e+00	 0.00000000000000000000e+00	 0.00000000000000000000e+00	 0.00000000000000000000e+00	 
 4.33999999999999985789e+00	 2.59608443981605912841e-44	 2.08356731783254434310e-44	 2.29161800746907527992e-44	 5.12165738598306022355e-41	 6.67121470847002991912e-41	 9.42702456092868008010e-43	 9.57940698857745971972e-43	 9.01935136370515274521e-42	 9.94411644563196130151e-42	 7.16300020208523155480e-41	 3.27760100266043413756e-42	 5.03090253567812721849e-44	 5.01269656025327255035e-44	 5.02073070863306511545e-44	 
 4.36000000000000031974e+00	 0.00000000000000000000e+00	 0.00000000000000000000e+00	 0.00000000000000000000e+00	 0.00000000000000000000e+00	 0.00000000000000000000e+00	 0.00000000000000000000e+00	 0.00000000000000000000e+00	 0.00000000000000000000e+00	 0.00000000000000000000e+00	 0.00000000000000000000e+00	 0.00000000000000000000e+00	 0.00000000000000000000e+00	 0.00000000000000000000e+00	 0.00000000000000000000e+00	 
 4.37999999999999989342e+00	 0.00000000000000000000e+00	 0.00000000000000000000e+00	 0.00000000000000000000e+00	 6.82833689754500898817e-45	 8.89425021658868615700e-45	 1.25683704085870538763e-46	 1.27715301477224032683e-46	 1.20248444653485079967e-45	 1.32577694499873086813e-45	 9.54991238448297485210e-45	 4.36978811551583448721e-46	 0.00000000000000000000e+00	 0.00000000000000000000e+00	 0.00000000000000000000e+00	 
 4.40000000000000035527e+00	 0.00000000000000000000e+00	 0.00000000000000000000e+00	 0.00000000000000000000e+00	 0.00000000000000000000e+00	 0.00000000000000000000e+00	 0.00000000000000000000e+00	 0.00000000000000000000e+00	 0.00000000000000000000e+00	 0.00000000000000000000e+00	 0.00000000000000000000e+00	 0.00000000000000000000e+00	 0.00000000000000000000e+00	 0.00000000000000000000e+00	 0.00000000000000000000e+00	 
 4.41999999999999992895e+00	 0.00000000000000000000e+00	 0.00000000000000000000e+00	 0.00000000000000000000e+00	 0.00000000000000000000e+00	 0.00000000000000000000e+00	 0.00000000000000000000e+00	 0.00000000000000000000e+00	 0.00000000000000000000e+00	 0.00000000000000000000e+00	 0.00000000000000000000e+00	 0.00000000000000000000e+00	 0.00000000000000000000e+00	 0.00000000000000000000e+00	 0.00000000000000000000e+00	 
 4.43999999999999950262e+00	 0.00000000000000000000e+00	 0.00000000000000000000e+00	 0.00000000000000000000e+00	 0.00000000000000000000e+00	 0.00000000000000000000e+00	 0.00000000000000000000e+00	 0.00000000000000000000e+00	 0.00000000000000000000e+00	 0.00000000000000000000e+00	 0.00000000000000000000e+00	 0.00000000000000000000e+00	 0.00000000000000000000e+00	 0.00000000000000000000e+00	 0.00000000000000000000e+00	 
 4.45999999999999996447e+00	 0.00000000000000000000e+00	 0.00000000000000000000e+00	 0.00000000000000000000e+00	 0.00000000000000000000e+00	 0.00000000000000000000e+00	 0.00000000000000000000e+00	 0.00000000000000000000e+00	 0.00000000000000000000e+00	 0.00000000000000000000e+00	 0.00000000000000000000e+00	 0.00000000000000000000e+00	 0.00000000000000000000e+00	 0.00000000000000000000e+00	 0.00000000000000000000e+00	 
 4.47999999999999953815e+00	 0.00000000000000000000e+00	 0.00000000000000000000e+00	 0.00000000000000000000e+00	 0.00000000000000000000e+00	 0.00000000000000000000e+00	 0.00000000000000000000e+00	 0.00000000000000000000e+00	 0.00000000000000000000e+00	 0.00000000000000000000e+00	 0.00000000000000000000e+00	 0.00000000000000000000e+00	 0.00000000000000000000e+00	 0.00000000000000000000e+00	 0.00000000000000000000e+00	 
 4.50000000000000000000e+00	 0.00000000000000000000e+00	 0.00000000000000000000e+00	 0.00000000000000000000e+00	 0.00000000000000000000e+00	 0.00000000000000000000e+00	 0.00000000000000000000e+00	 0.00000000000000000000e+00	 0.00000000000000000000e+00	 0.00000000000000000000e+00	 0.00000000000000000000e+00	 0.00000000000000000000e+00	 0.00000000000000000000e+00	 0.00000000000000000000e+00	 0.00000000000000000000e+00	 
 4.52000000000000046185e+00	 0.00000000000000000000e+00	 0.00000000000000000000e+00	 0.00000000000000000000e+00	 0.00000000000000000000e+00	 0.00000000000000000000e+00	 0.00000000000000000000e+00	 0.00000000000000000000e+00	 0.00000000000000000000e+00	 0.00000000000000000000e+00	 0.00000000000000000000e+00	 0.00000000000000000000e+00	 0.00000000000000000000e+00	 0.00000000000000000000e+00	 0.00000000000000000000e+00	 
 4.54000000000000003553e+00	 0.00000000000000000000e+00	 0.00000000000000000000e+00	 0.00000000000000000000e+00	 0.00000000000000000000e+00	 0.00000000000000000000e+00	 0.00000000000000000000e+00	 0.00000000000000000000e+00	 0.00000000000000000000e+00	 0.00000000000000000000e+00	 0.00000000000000000000e+00	 0.00000000000000000000e+00	 0.00000000000000000000e+00	 0.00000000000000000000e+00	 0.00000000000000000000e+00	 
 4.55999999999999960920e+00	 0.00000000000000000000e+00	 0.00000000000000000000e+00	 0.00000000000000000000e+00	 0.00000000000000000000e+00	 0.00000000000000000000e+00	 0.00000000000000000000e+00	 0.00000000000000000000e+00	 0.00000000000000000000e+00	 0.00000000000000000000e+00	 0.00000000000000000000e+00	 0.00000000000000000000e+00	 0.00000000000000000000e+00	 0.00000000000000000000e+00	 0.00000000000000000000e+00	 
 4.58000000000000007105e+00	 0.00000000000000000000e+00	 0.00000000000000000000e+00	 0.00000000000000000000e+00	 0.00000000000000000000e+00	 0.00000000000000000000e+00	 0.00000000000000000000e+00	 0.00000000000000000000e+00	 0.00000000000000000000e+00	 0.00000000000000000000e+00	 0.00000000000000000000e+00	 0.00000000000000000000e+00	 0.00000000000000000000e+00	 0.00000000000000000000e+00	 0.00000000000000000000e+00	 
 4.60000000000000053291e+00	 0.00000000000000000000e+00	 0.00000000000000000000e+00	 0.00000000000000000000e+00	 0.00000000000000000000e+00	 0.00000000000000000000e+00	 0.00000000000000000000e+00	 0.00000000000000000000e+00	 0.00000000000000000000e+00	 0.00000000000000000000e+00	 0.00000000000000000000e+00	 0.00000000000000000000e+00	 0.00000000000000000000e+00	 0.00000000000000000000e+00	 0.00000000000000000000e+00	 
 4.62000000000000010658e+00	 0.00000000000000000000e+00	 0.00000000000000000000e+00	 0.00000000000000000000e+00	 0.00000000000000000000e+00	 0.00000000000000000000e+00	 0.00000000000000000000e+00	 0.00000000000000000000e+00	 0.00000000000000000000e+00	 0.00000000000000000000e+00	 0.00000000000000000000e+00	 0.00000000000000000000e+00	 0.00000000000000000000e+00	 0.00000000000000000000e+00	 0.00000000000000000000e+00	 
 4.63999999999999968026e+00	 0.00000000000000000000e+00	 0.00000000000000000000e+00	 0.00000000000000000000e+00	 0.00000000000000000000e+00	 0.00000000000000000000e+00	 0.00000000000000000000e+00	 0.00000000000000000000e+00	 0.00000000000000000000e+00	 0.00000000000000000000e+00	 0.00000000000000000000e+00	 0.00000000000000000000e+00	 0.00000000000000000000e+00	 0.00000000000000000000e+00	 0.00000000000000000000e+00	 
 4.66000000000000014211e+00	 0.00000000000000000000e+00	 0.00000000000000000000e+00	 0.00000000000000000000e+00	 0.00000000000000000000e+00	 0.00000000000000000000e+00	 0.00000000000000000000e+00	 0.00000000000000000000e+00	 0.00000000000000000000e+00	 0.00000000000000000000e+00	 0.00000000000000000000e+00	 0.00000000000000000000e+00	 0.00000000000000000000e+00	 0.00000000000000000000e+00	 0.00000000000000000000e+00	 
 4.67999999999999971578e+00	 0.00000000000000000000e+00	 0.00000000000000000000e+00	 0.00000000000000000000e+00	 0.00000000000000000000e+00	 0.00000000000000000000e+00	 0.00000000000000000000e+00	 0.00000000000000000000e+00	 0.00000000000000000000e+00	 0.00000000000000000000e+00	 0.00000000000000000000e+00	 0.00000000000000000000e+00	 0.00000000000000000000e+00	 0.00000000000000000000e+00	 0.00000000000000000000e+00	 
 4.69999999999999928946e+00	 0.00000000000000000000e+00	 0.00000000000000000000e+00	 0.00000000000000000000e+00	 0.00000000000000000000e+00	 0.00000000000000000000e+00	 0.00000000000000000000e+00	 0.00000000000000000000e+00	 0.00000000000000000000e+00	 0.00000000000000000000e+00	 0.00000000000000000000e+00	 0.00000000000000000000e+00	 0.00000000000000000000e+00	 0.00000000000000000000e+00	 0.00000000000000000000e+00	 
 4.72000000000000063949e+00	 0.00000000000000000000e+00	 0.00000000000000000000e+00	 0.00000000000000000000e+00	 0.00000000000000000000e+00	 0.00000000000000000000e+00	 0.00000000000000000000e+00	 0.00000000000000000000e+00	 0.00000000000000000000e+00	 0.00000000000000000000e+00	 0.00000000000000000000e+00	 0.00000000000000000000e+00	 0.00000000000000000000e+00	 0.00000000000000000000e+00	 0.00000000000000000000e+00	 
 4.74000000000000021316e+00	 0.00000000000000000000e+00	 0.00000000000000000000e+00	 0.00000000000000000000e+00	 0.00000000000000000000e+00	 0.00000000000000000000e+00	 0.00000000000000000000e+00	 0.00000000000000000000e+00	 0.00000000000000000000e+00	 0.00000000000000000000e+00	 0.00000000000000000000e+00	 0.00000000000000000000e+00	 0.00000000000000000000e+00	 0.00000000000000000000e+00	 0.00000000000000000000e+00	 
 4.75999999999999978684e+00	 0.00000000000000000000e+00	 0.00000000000000000000e+00	 0.00000000000000000000e+00	 0.00000000000000000000e+00	 0.00000000000000000000e+00	 0.00000000000000000000e+00	 0.00000000000000000000e+00	 0.00000000000000000000e+00	 0.00000000000000000000e+00	 0.00000000000000000000e+00	 0.00000000000000000000e+00	 0.00000000000000000000e+00	 0.00000000000000000000e+00	 0.00000000000000000000e+00	 
 4.78000000000000024869e+00	 0.00000000000000000000e+00	 0.00000000000000000000e+00	 0.00000000000000000000e+00	 0.00000000000000000000e+00	 0.00000000000000000000e+00	 0.00000000000000000000e+00	 0.00000000000000000000e+00	 0.00000000000000000000e+00	 0.00000000000000000000e+00	 0.00000000000000000000e+00	 0.00000000000000000000e+00	 0.00000000000000000000e+00	 0.00000000000000000000e+00	 0.00000000000000000000e+00	 
 4.79999999999999982236e+00	 0.00000000000000000000e+00	 0.00000000000000000000e+00	 0.00000000000000000000e+00	 0.00000000000000000000e+00	 0.00000000000000000000e+00	 0.00000000000000000000e+00	 0.00000000000000000000e+00	 0.00000000000000000000e+00	 0.00000000000000000000e+00	 0.00000000000000000000e+00	 0.00000000000000000000e+00	 0.00000000000000000000e+00	 0.00000000000000000000e+00	 0.00000000000000000000e+00	 
 4.81999999999999939604e+00	 0.00000000000000000000e+00	 0.00000000000000000000e+00	 0.00000000000000000000e+00	 0.00000000000000000000e+00	 0.00000000000000000000e+00	 0.00000000000000000000e+00	 0.00000000000000000000e+00	 0.00000000000000000000e+00	 0.00000000000000000000e+00	 0.00000000000000000000e+00	 0.00000000000000000000e+00	 0.00000000000000000000e+00	 0.00000000000000000000e+00	 0.00000000000000000000e+00	 
 4.84000000000000074607e+00	 0.00000000000000000000e+00	 0.00000000000000000000e+00	 0.00000000000000000000e+00	 0.00000000000000000000e+00	 0.00000000000000000000e+00	 0.00000000000000000000e+00	 0.00000000000000000000e+00	 0.00000000000000000000e+00	 0.00000000000000000000e+00	 0.00000000000000000000e+00	 0.00000000000000000000e+00	 0.00000000000000000000e+00	 0.00000000000000000000e+00	 0.00000000000000000000e+00	 
 4.86000000000000031974e+00	 0.00000000000000000000e+00	 0.00000000000000000000e+00	 0.00000000000000000000e+00	 0.00000000000000000000e+00	 0.00000000000000000000e+00	 0.00000000000000000000e+00	 0.00000000000000000000e+00	 0.00000000000000000000e+00	 0.00000000000000000000e+00	 0.00000000000000000000e+00	 0.00000000000000000000e+00	 0.00000000000000000000e+00	 0.00000000000000000000e+00	 0.00000000000000000000e+00	 
 4.87999999999999989342e+00	 0.00000000000000000000e+00	 0.00000000000000000000e+00	 0.00000000000000000000e+00	 0.00000000000000000000e+00	 0.00000000000000000000e+00	 0.00000000000000000000e+00	 0.00000000000000000000e+00	 0.00000000000000000000e+00	 0.00000000000000000000e+00	 0.00000000000000000000e+00	 0.00000000000000000000e+00	 0.00000000000000000000e+00	 0.00000000000000000000e+00	 0.00000000000000000000e+00	 
 4.89999999999999946709e+00	 0.00000000000000000000e+00	 0.00000000000000000000e+00	 0.00000000000000000000e+00	 0.00000000000000000000e+00	 0.00000000000000000000e+00	 0.00000000000000000000e+00	 0.00000000000000000000e+00	 0.00000000000000000000e+00	 0.00000000000000000000e+00	 0.00000000000000000000e+00	 0.00000000000000000000e+00	 0.00000000000000000000e+00	 0.00000000000000000000e+00	 0.00000000000000000000e+00	 
 4.91999999999999992895e+00	 0.00000000000000000000e+00	 0.00000000000000000000e+00	 0.00000000000000000000e+00	 0.00000000000000000000e+00	 0.00000000000000000000e+00	 0.00000000000000000000e+00	 0.00000000000000000000e+00	 0.00000000000000000000e+00	 0.00000000000000000000e+00	 0.00000000000000000000e+00	 0.00000000000000000000e+00	 0.00000000000000000000e+00	 0.00000000000000000000e+00	 0.00000000000000000000e+00	 
 4.93999999999999950262e+00	 0.00000000000000000000e+00	 0.00000000000000000000e+00	 0.00000000000000000000e+00	 0.00000000000000000000e+00	 0.00000000000000000000e+00	 0.00000000000000000000e+00	 0.00000000000000000000e+00	 0.00000000000000000000e+00	 0.00000000000000000000e+00	 0.00000000000000000000e+00	 0.00000000000000000000e+00	 0.00000000000000000000e+00	 0.00000000000000000000e+00	 0.00000000000000000000e+00	 
 4.95999999999999996447e+00	 0.00000000000000000000e+00	 0.00000000000000000000e+00	 0.00000000000000000000e+00	 0.00000000000000000000e+00	 0.00000000000000000000e+00	 0.00000000000000000000e+00	 0.00000000000000000000e+00	 0.00000000000000000000e+00	 0.00000000000000000000e+00	 0.00000000000000000000e+00	 0.00000000000000000000e+00	 0.00000000000000000000e+00	 0.00000000000000000000e+00	 0.00000000000000000000e+00	 
 4.98000000000000042633e+00	 0.00000000000000000000e+00	 0.00000000000000000000e+00	 0.00000000000000000000e+00	 0.00000000000000000000e+00	 0.00000000000000000000e+00	 0.00000000000000000000e+00	 0.00000000000000000000e+00	 0.00000000000000000000e+00	 0.00000000000000000000e+00	 0.00000000000000000000e+00	 0.00000000000000000000e+00	 0.00000000000000000000e+00	 0.00000000000000000000e+00	 0.00000000000000000000e+00	 
 5.00000000000000000000e+00	 0.00000000000000000000e+00	 0.00000000000000000000e+00	 0.00000000000000000000e+00	 0.00000000000000000000e+00	 0.00000000000000000000e+00	 0.00000000000000000000e+00	 0.00000000000000000000e+00	 0.00000000000000000000e+00	 0.00000000000000000000e+00	 0.00000000000000000000e+00	 0.00000000000000000000e+00	 0.00000000000000000000e+00	 0.00000000000000000000e+00	 0.00000000000000000000e+00	 
